asset,time,CapMrktEstUSD
btc,2019-06-22T00:00:00.000000000Z,1.89903E+11
btc,2019-06-23T00:00:00.000000000Z,1.91862E+11
btc,2019-06-24T00:00:00.000000000Z,1.95616E+11
btc,2019-06-25T00:00:00.000000000Z,2.08477E+11
btc,2019-06-26T00:00:00.000000000Z,2.28718E+11
btc,2019-06-27T00:00:00.000000000Z,1.97561E+11
btc,2019-06-28T00:00:00.000000000Z,2.19782E+11
btc,2019-06-29T00:00:00.000000000Z,2.12446E+11
btc,2019-06-30T00:00:00.000000000Z,1.92874E+11
btc,2019-07-01T00:00:00.000000000Z,1.88037E+11
btc,2019-07-02T00:00:00.000000000Z,1.91553E+11
btc,2019-07-03T00:00:00.000000000Z,2.12676E+11
btc,2019-07-04T00:00:00.000000000Z,1.9891E+11
btc,2019-07-05T00:00:00.000000000Z,1.95754E+11
btc,2019-07-06T00:00:00.000000000Z,1.99514E+11
btc,2019-07-07T00:00:00.000000000Z,2.03955E+11
btc,2019-07-08T00:00:00.000000000Z,2.1935E+11
btc,2019-07-09T00:00:00.000000000Z,2.23998E+11
btc,2019-07-10T00:00:00.000000000Z,2.15611E+11
btc,2019-07-11T00:00:00.000000000Z,2.01166E+11
btc,2019-07-12T00:00:00.000000000Z,2.10423E+11
btc,2019-07-13T00:00:00.000000000Z,2.02136E+11
btc,2019-07-14T00:00:00.000000000Z,1.83205E+11
btc,2019-07-15T00:00:00.000000000Z,1.94686E+11
btc,2019-07-16T00:00:00.000000000Z,1.68773E+11
btc,2019-07-17T00:00:00.000000000Z,1.72424E+11
btc,2019-07-18T00:00:00.000000000Z,1.90352E+11
btc,2019-07-19T00:00:00.000000000Z,1.87736E+11
btc,2019-07-20T00:00:00.000000000Z,1.93642E+11
btc,2019-07-21T00:00:00.000000000Z,1.888E+11
btc,2019-07-22T00:00:00.000000000Z,1.83985E+11
btc,2019-07-23T00:00:00.000000000Z,1.75947E+11
btc,2019-07-24T00:00:00.000000000Z,1.74647E+11
btc,2019-07-25T00:00:00.000000000Z,1.76526E+11
btc,2019-07-26T00:00:00.000000000Z,1.75466E+11
btc,2019-07-27T00:00:00.000000000Z,1.68528E+11
btc,2019-07-28T00:00:00.000000000Z,1.70029E+11
btc,2019-07-29T00:00:00.000000000Z,1.69593E+11
btc,2019-07-30T00:00:00.000000000Z,1.71129E+11
btc,2019-07-31T00:00:00.000000000Z,1.79532E+11
btc,2019-08-01T00:00:00.000000000Z,1.85646E+11
btc,2019-08-02T00:00:00.000000000Z,1.87974E+11
btc,2019-08-03T00:00:00.000000000Z,1.93009E+11
btc,2019-08-04T00:00:00.000000000Z,1.96176E+11
btc,2019-08-05T00:00:00.000000000Z,2.10548E+11
btc,2019-08-06T00:00:00.000000000Z,2.04023E+11
btc,2019-08-07T00:00:00.000000000Z,2.13759E+11
btc,2019-08-08T00:00:00.000000000Z,2.13264E+11
btc,2019-08-09T00:00:00.000000000Z,2.11857E+11
btc,2019-08-10T00:00:00.000000000Z,2.0197E+11
btc,2019-08-11T00:00:00.000000000Z,2.06038E+11
btc,2019-08-12T00:00:00.000000000Z,2.03459E+11
btc,2019-08-13T00:00:00.000000000Z,1.94227E+11
btc,2019-08-14T00:00:00.000000000Z,1.79185E+11
btc,2019-08-15T00:00:00.000000000Z,1.84312E+11
btc,2019-08-16T00:00:00.000000000Z,1.85462E+11
btc,2019-08-17T00:00:00.000000000Z,1.82511E+11
btc,2019-08-18T00:00:00.000000000Z,1.84747E+11
btc,2019-08-19T00:00:00.000000000Z,1.94659E+11
btc,2019-08-20T00:00:00.000000000Z,1.92656E+11
btc,2019-08-21T00:00:00.000000000Z,1.8061E+11
btc,2019-08-22T00:00:00.000000000Z,1.81037E+11
btc,2019-08-23T00:00:00.000000000Z,1.86322E+11
btc,2019-08-24T00:00:00.000000000Z,1.81563E+11
btc,2019-08-25T00:00:00.000000000Z,1.80747E+11
btc,2019-08-26T00:00:00.000000000Z,1.85461E+11
btc,2019-08-27T00:00:00.000000000Z,1.81999E+11
btc,2019-08-28T00:00:00.000000000Z,1.74079E+11
btc,2019-08-29T00:00:00.000000000Z,1.69756E+11
btc,2019-08-30T00:00:00.000000000Z,1.71483E+11
btc,2019-08-31T00:00:00.000000000Z,1.71992E+11
btc,2019-09-01T00:00:00.000000000Z,1.74839E+11
btc,2019-09-02T00:00:00.000000000Z,1.85861E+11
btc,2019-09-03T00:00:00.000000000Z,1.90205E+11
btc,2019-09-04T00:00:00.000000000Z,1.89483E+11
btc,2019-09-05T00:00:00.000000000Z,1.89554E+11
btc,2019-09-06T00:00:00.000000000Z,1.85108E+11
btc,2019-09-07T00:00:00.000000000Z,1.88061E+11
btc,2019-09-08T00:00:00.000000000Z,1.86517E+11
btc,2019-09-09T00:00:00.000000000Z,1.852E+11
btc,2019-09-10T00:00:00.000000000Z,1.808E+11
btc,2019-09-11T00:00:00.000000000Z,1.8183E+11
btc,2019-09-12T00:00:00.000000000Z,1.86537E+11
btc,2019-09-13T00:00:00.000000000Z,1.85517E+11
btc,2019-09-14T00:00:00.000000000Z,1.85861E+11
btc,2019-09-15T00:00:00.000000000Z,1.84854E+11
btc,2019-09-16T00:00:00.000000000Z,1.84006E+11
btc,2019-09-17T00:00:00.000000000Z,1.8291E+11
btc,2019-09-18T00:00:00.000000000Z,1.82314E+11
btc,2019-09-19T00:00:00.000000000Z,1.84257E+11
btc,2019-09-20T00:00:00.000000000Z,1.82513E+11
btc,2019-09-21T00:00:00.000000000Z,1.79235E+11
btc,2019-09-22T00:00:00.000000000Z,1.80343E+11
btc,2019-09-23T00:00:00.000000000Z,1.74004E+11
btc,2019-09-24T00:00:00.000000000Z,1.54645E+11
btc,2019-09-25T00:00:00.000000000Z,1.51257E+11
btc,2019-09-26T00:00:00.000000000Z,1.45306E+11
btc,2019-09-27T00:00:00.000000000Z,1.47031E+11
btc,2019-09-28T00:00:00.000000000Z,1.47317E+11
btc,2019-09-29T00:00:00.000000000Z,1.44864E+11
btc,2019-09-30T00:00:00.000000000Z,1.48791E+11
btc,2019-10-01T00:00:00.000000000Z,1.49383E+11
btc,2019-10-02T00:00:00.000000000Z,1.50275E+11
btc,2019-10-03T00:00:00.000000000Z,1.48331E+11
btc,2019-10-04T00:00:00.000000000Z,1.46767E+11
btc,2019-10-05T00:00:00.000000000Z,1.46336E+11
btc,2019-10-06T00:00:00.000000000Z,1.41192E+11
btc,2019-10-07T00:00:00.000000000Z,1.47884E+11
btc,2019-10-08T00:00:00.000000000Z,1.47255E+11
btc,2019-10-09T00:00:00.000000000Z,1.54611E+11
btc,2019-10-10T00:00:00.000000000Z,1.54262E+11
btc,2019-10-11T00:00:00.000000000Z,1.49096E+11
btc,2019-10-12T00:00:00.000000000Z,1.49721E+11
btc,2019-10-13T00:00:00.000000000Z,1.49151E+11
btc,2019-10-14T00:00:00.000000000Z,1.50157E+11
btc,2019-10-15T00:00:00.000000000Z,1.4683E+11
btc,2019-10-16T00:00:00.000000000Z,1.44024E+11
btc,2019-10-17T00:00:00.000000000Z,1.45273E+11
btc,2019-10-18T00:00:00.000000000Z,1.43252E+11
btc,2019-10-19T00:00:00.000000000Z,1.43072E+11
btc,2019-10-20T00:00:00.000000000Z,1.47861E+11
btc,2019-10-21T00:00:00.000000000Z,1.47839E+11
btc,2019-10-22T00:00:00.000000000Z,1.4457E+11
btc,2019-10-23T00:00:00.000000000Z,1.34302E+11
btc,2019-10-24T00:00:00.000000000Z,1.34251E+11
btc,2019-10-25T00:00:00.000000000Z,1.55919E+11
btc,2019-10-26T00:00:00.000000000Z,1.66615E+11
btc,2019-10-27T00:00:00.000000000Z,1.72189E+11
btc,2019-10-28T00:00:00.000000000Z,1.67897E+11
btc,2019-10-29T00:00:00.000000000Z,1.69932E+11
btc,2019-10-30T00:00:00.000000000Z,1.65472E+11
btc,2019-10-31T00:00:00.000000000Z,1.6499E+11
btc,2019-11-01T00:00:00.000000000Z,1.66738E+11
btc,2019-11-02T00:00:00.000000000Z,1.67633E+11
btc,2019-11-03T00:00:00.000000000Z,1.66016E+11
btc,2019-11-04T00:00:00.000000000Z,1.69795E+11
btc,2019-11-05T00:00:00.000000000Z,1.68231E+11
btc,2019-11-06T00:00:00.000000000Z,1.68683E+11
btc,2019-11-07T00:00:00.000000000Z,1.66099E+11
btc,2019-11-08T00:00:00.000000000Z,1.5855E+11
btc,2019-11-09T00:00:00.000000000Z,1.58915E+11
btc,2019-11-10T00:00:00.000000000Z,1.63118E+11
btc,2019-11-11T00:00:00.000000000Z,1.57189E+11
btc,2019-11-12T00:00:00.000000000Z,1.58572E+11
btc,2019-11-13T00:00:00.000000000Z,1.58186E+11
btc,2019-11-14T00:00:00.000000000Z,1.56012E+11
btc,2019-11-15T00:00:00.000000000Z,1.5279E+11
btc,2019-11-16T00:00:00.000000000Z,1.53019E+11
btc,2019-11-17T00:00:00.000000000Z,1.53531E+11
btc,2019-11-18T00:00:00.000000000Z,1.47741E+11
btc,2019-11-19T00:00:00.000000000Z,1.46551E+11
btc,2019-11-20T00:00:00.000000000Z,1.45838E+11
btc,2019-11-21T00:00:00.000000000Z,1.37468E+11
btc,2019-11-22T00:00:00.000000000Z,1.31436E+11
btc,2019-11-23T00:00:00.000000000Z,1.32302E+11
btc,2019-11-24T00:00:00.000000000Z,1.25427E+11
btc,2019-11-25T00:00:00.000000000Z,1.28974E+11
btc,2019-11-26T00:00:00.000000000Z,1.29462E+11
btc,2019-11-27T00:00:00.000000000Z,1.36003E+11
btc,2019-11-28T00:00:00.000000000Z,1.3438E+11
btc,2019-11-29T00:00:00.000000000Z,1.40023E+11
btc,2019-11-30T00:00:00.000000000Z,1.36574E+11
btc,2019-12-01T00:00:00.000000000Z,1.34084E+11
btc,2019-12-02T00:00:00.000000000Z,1.32299E+11
btc,2019-12-03T00:00:00.000000000Z,1.32098E+11
btc,2019-12-04T00:00:00.000000000Z,1.30459E+11
btc,2019-12-05T00:00:00.000000000Z,1.33893E+11
btc,2019-12-06T00:00:00.000000000Z,1.3626E+11
btc,2019-12-07T00:00:00.000000000Z,1.35873E+11
btc,2019-12-08T00:00:00.000000000Z,1.36193E+11
btc,2019-12-09T00:00:00.000000000Z,1.32793E+11
btc,2019-12-10T00:00:00.000000000Z,1.3085E+11
btc,2019-12-11T00:00:00.000000000Z,1.30291E+11
btc,2019-12-12T00:00:00.000000000Z,1.30165E+11
btc,2019-12-13T00:00:00.000000000Z,1.31119E+11
btc,2019-12-14T00:00:00.000000000Z,1.27987E+11
btc,2019-12-15T00:00:00.000000000Z,1.28728E+11
btc,2019-12-16T00:00:00.000000000Z,1.24595E+11
btc,2019-12-17T00:00:00.000000000Z,1.19658E+11
btc,2019-12-18T00:00:00.000000000Z,1.31897E+11
btc,2019-12-19T00:00:00.000000000Z,1.2939E+11
btc,2019-12-20T00:00:00.000000000Z,1.30108E+11
btc,2019-12-21T00:00:00.000000000Z,1.29331E+11
btc,2019-12-22T00:00:00.000000000Z,1.35489E+11
btc,2019-12-23T00:00:00.000000000Z,1.32648E+11
btc,2019-12-24T00:00:00.000000000Z,1.31101E+11
btc,2019-12-25T00:00:00.000000000Z,1.30307E+11
btc,2019-12-26T00:00:00.000000000Z,1.30382E+11
btc,2019-12-27T00:00:00.000000000Z,1.31167E+11
btc,2019-12-28T00:00:00.000000000Z,1.32439E+11
btc,2019-12-29T00:00:00.000000000Z,1.33993E+11
btc,2019-12-30T00:00:00.000000000Z,1.31067E+11
btc,2019-12-31T00:00:00.000000000Z,1.29958E+11
btc,2020-01-01T00:00:00.000000000Z,1.30029E+11
btc,2020-01-02T00:00:00.000000000Z,1.25986E+11
btc,2020-01-03T00:00:00.000000000Z,1.32682E+11
btc,2020-01-04T00:00:00.000000000Z,1.33202E+11
btc,2020-01-05T00:00:00.000000000Z,1.33261E+11
btc,2020-01-06T00:00:00.000000000Z,1.40901E+11
btc,2020-01-07T00:00:00.000000000Z,1.47633E+11
btc,2020-01-08T00:00:00.000000000Z,1.46265E+11
btc,2020-01-09T00:00:00.000000000Z,1.41877E+11
btc,2020-01-10T00:00:00.000000000Z,1.47568E+11
btc,2020-01-11T00:00:00.000000000Z,1.45807E+11
btc,2020-01-12T00:00:00.000000000Z,1.4823E+11
btc,2020-01-13T00:00:00.000000000Z,1.47471E+11
btc,2020-01-14T00:00:00.000000000Z,1.60347E+11
btc,2020-01-15T00:00:00.000000000Z,1.60023E+11
btc,2020-01-16T00:00:00.000000000Z,1.58355E+11
btc,2020-01-17T00:00:00.000000000Z,1.61894E+11
btc,2020-01-18T00:00:00.000000000Z,1.62195E+11
btc,2020-01-19T00:00:00.000000000Z,1.57835E+11
btc,2020-01-20T00:00:00.000000000Z,1.56923E+11
btc,2020-01-21T00:00:00.000000000Z,1.58658E+11
btc,2020-01-22T00:00:00.000000000Z,1.57167E+11
btc,2020-01-23T00:00:00.000000000Z,1.52067E+11
btc,2020-01-24T00:00:00.000000000Z,1.5312E+11
btc,2020-01-25T00:00:00.000000000Z,1.51707E+11
btc,2020-01-26T00:00:00.000000000Z,1.55889E+11
btc,2020-01-27T00:00:00.000000000Z,1.61871E+11
btc,2020-01-28T00:00:00.000000000Z,1.69076E+11
btc,2020-01-29T00:00:00.000000000Z,1.69357E+11
btc,2020-01-30T00:00:00.000000000Z,1.72959E+11
btc,2020-01-31T00:00:00.000000000Z,1.70219E+11
btc,2020-02-01T00:00:00.000000000Z,1.70683E+11
btc,2020-02-02T00:00:00.000000000Z,1.69927E+11
btc,2020-02-03T00:00:00.000000000Z,1.6886E+11
btc,2020-02-04T00:00:00.000000000Z,1.66727E+11
btc,2020-02-05T00:00:00.000000000Z,1.75232E+11
btc,2020-02-06T00:00:00.000000000Z,1.77274E+11
btc,2020-02-07T00:00:00.000000000Z,1.78401E+11
btc,2020-02-08T00:00:00.000000000Z,1.80439E+11
btc,2020-02-09T00:00:00.000000000Z,1.84822E+11
btc,2020-02-10T00:00:00.000000000Z,1.79766E+11
btc,2020-02-11T00:00:00.000000000Z,1.87063E+11
btc,2020-02-12T00:00:00.000000000Z,1.88683E+11
btc,2020-02-13T00:00:00.000000000Z,1.86432E+11
btc,2020-02-14T00:00:00.000000000Z,1.88747E+11
btc,2020-02-15T00:00:00.000000000Z,1.80568E+11
btc,2020-02-16T00:00:00.000000000Z,1.81321E+11
btc,2020-02-17T00:00:00.000000000Z,1.76438E+11
btc,2020-02-18T00:00:00.000000000Z,1.85791E+11
btc,2020-02-19T00:00:00.000000000Z,1.75617E+11
btc,2020-02-20T00:00:00.000000000Z,1.75233E+11
btc,2020-02-21T00:00:00.000000000Z,1.76848E+11
btc,2020-02-22T00:00:00.000000000Z,1.76383E+11
btc,2020-02-23T00:00:00.000000000Z,1.81826E+11
btc,2020-02-24T00:00:00.000000000Z,1.75921E+11
btc,2020-02-25T00:00:00.000000000Z,1.70399E+11
btc,2020-02-26T00:00:00.000000000Z,1.6047E+11
btc,2020-02-27T00:00:00.000000000Z,1.60122E+11
btc,2020-02-28T00:00:00.000000000Z,1.5962E+11
btc,2020-02-29T00:00:00.000000000Z,1.56563E+11
btc,2020-03-01T00:00:00.000000000Z,1.55843E+11
btc,2020-03-02T00:00:00.000000000Z,1.62512E+11
btc,2020-03-03T00:00:00.000000000Z,1.60021E+11
btc,2020-03-04T00:00:00.000000000Z,1.5981E+11
btc,2020-03-05T00:00:00.000000000Z,1.65418E+11
btc,2020-03-06T00:00:00.000000000Z,1.66979E+11
btc,2020-03-07T00:00:00.000000000Z,1.62454E+11
btc,2020-03-08T00:00:00.000000000Z,1.48072E+11
btc,2020-03-09T00:00:00.000000000Z,1.44194E+11
btc,2020-03-10T00:00:00.000000000Z,1.44456E+11
btc,2020-03-11T00:00:00.000000000Z,1.45006E+11
btc,2020-03-12T00:00:00.000000000Z,90585702982
btc,2020-03-13T00:00:00.000000000Z,1.02805E+11
btc,2020-03-14T00:00:00.000000000Z,93998247297
btc,2020-03-15T00:00:00.000000000Z,97906237673
btc,2020-03-16T00:00:00.000000000Z,91597647940
btc,2020-03-17T00:00:00.000000000Z,98984556813
btc,2020-03-18T00:00:00.000000000Z,98549332948
btc,2020-03-19T00:00:00.000000000Z,1.1338E+11
btc,2020-03-20T00:00:00.000000000Z,1.12851E+11
btc,2020-03-21T00:00:00.000000000Z,1.1289E+11
btc,2020-03-22T00:00:00.000000000Z,1.06588E+11
btc,2020-03-23T00:00:00.000000000Z,1.18587E+11
btc,2020-03-24T00:00:00.000000000Z,1.23874E+11
btc,2020-03-25T00:00:00.000000000Z,1.22329E+11
btc,2020-03-26T00:00:00.000000000Z,1.23516E+11
btc,2020-03-27T00:00:00.000000000Z,1.18708E+11
btc,2020-03-28T00:00:00.000000000Z,1.13983E+11
btc,2020-03-29T00:00:00.000000000Z,1.08013E+11
btc,2020-03-30T00:00:00.000000000Z,1.17757E+11
btc,2020-03-31T00:00:00.000000000Z,1.17687E+11
btc,2020-04-01T00:00:00.000000000Z,1.21555E+11
btc,2020-04-02T00:00:00.000000000Z,1.24305E+11
btc,2020-04-03T00:00:00.000000000Z,1.23572E+11
btc,2020-04-04T00:00:00.000000000Z,1.25561E+11
btc,2020-04-05T00:00:00.000000000Z,1.24308E+11
btc,2020-04-06T00:00:00.000000000Z,1.33611E+11
btc,2020-04-07T00:00:00.000000000Z,1.31599E+11
btc,2020-04-08T00:00:00.000000000Z,1.34994E+11
btc,2020-04-09T00:00:00.000000000Z,1.33678E+11
btc,2020-04-10T00:00:00.000000000Z,1.25638E+11
btc,2020-04-11T00:00:00.000000000Z,1.2608E+11
btc,2020-04-12T00:00:00.000000000Z,1.27842E+11
btc,2020-04-13T00:00:00.000000000Z,1.25747E+11
btc,2020-04-14T00:00:00.000000000Z,1.25981E+11
btc,2020-04-15T00:00:00.000000000Z,1.21413E+11
btc,2020-04-16T00:00:00.000000000Z,1.30633E+11
btc,2020-04-17T00:00:00.000000000Z,1.29796E+11
btc,2020-04-18T00:00:00.000000000Z,1.33133E+11
btc,2020-04-19T00:00:00.000000000Z,1.31084E+11
btc,2020-04-20T00:00:00.000000000Z,1.25653E+11
btc,2020-04-21T00:00:00.000000000Z,1.25981E+11
btc,2020-04-22T00:00:00.000000000Z,1.30638E+11
btc,2020-04-23T00:00:00.000000000Z,1.37342E+11
btc,2020-04-24T00:00:00.000000000Z,1.37683E+11
btc,2020-04-25T00:00:00.000000000Z,1.3827E+11
btc,2020-04-26T00:00:00.000000000Z,1.40968E+11
btc,2020-04-27T00:00:00.000000000Z,1.42695E+11
btc,2020-04-28T00:00:00.000000000Z,1.42569E+11
btc,2020-04-29T00:00:00.000000000Z,1.60787E+11
btc,2020-04-30T00:00:00.000000000Z,1.58795E+11
btc,2020-05-01T00:00:00.000000000Z,1.62538E+11
btc,2020-05-02T00:00:00.000000000Z,1.64788E+11
btc,2020-05-03T00:00:00.000000000Z,1.63327E+11
btc,2020-05-04T00:00:00.000000000Z,1.63073E+11
btc,2020-05-05T00:00:00.000000000Z,1.64999E+11
btc,2020-05-06T00:00:00.000000000Z,1.70176E+11
btc,2020-05-07T00:00:00.000000000Z,1.83545E+11
btc,2020-05-08T00:00:00.000000000Z,1.81094E+11
btc,2020-05-09T00:00:00.000000000Z,1.75931E+11
btc,2020-05-10T00:00:00.000000000Z,1.60105E+11
btc,2020-05-11T00:00:00.000000000Z,1.57857E+11
btc,2020-05-12T00:00:00.000000000Z,1.62018E+11
btc,2020-05-13T00:00:00.000000000Z,1.7132E+11
btc,2020-05-14T00:00:00.000000000Z,1.80116E+11
btc,2020-05-15T00:00:00.000000000Z,1.71405E+11
btc,2020-05-16T00:00:00.000000000Z,1.72673E+11
btc,2020-05-17T00:00:00.000000000Z,1.77956E+11
btc,2020-05-18T00:00:00.000000000Z,1.78777E+11
btc,2020-05-19T00:00:00.000000000Z,1.79287E+11
btc,2020-05-20T00:00:00.000000000Z,1.7491E+11
btc,2020-05-21T00:00:00.000000000Z,1.66702E+11
btc,2020-05-22T00:00:00.000000000Z,1.6842E+11
btc,2020-05-23T00:00:00.000000000Z,1.68831E+11
btc,2020-05-24T00:00:00.000000000Z,1.61896E+11
btc,2020-05-25T00:00:00.000000000Z,1.63795E+11
btc,2020-05-26T00:00:00.000000000Z,1.6244E+11
btc,2020-05-27T00:00:00.000000000Z,1.68587E+11
btc,2020-05-28T00:00:00.000000000Z,1.75935E+11
btc,2020-05-29T00:00:00.000000000Z,1.73445E+11
btc,2020-05-30T00:00:00.000000000Z,1.7822E+11
btc,2020-05-31T00:00:00.000000000Z,1.7349E+11
btc,2020-06-01T00:00:00.000000000Z,1.87571E+11
btc,2020-06-02T00:00:00.000000000Z,1.74948E+11
btc,2020-06-03T00:00:00.000000000Z,1.77346E+11
btc,2020-06-04T00:00:00.000000000Z,1.80501E+11
btc,2020-06-05T00:00:00.000000000Z,1.7736E+11
btc,2020-06-06T00:00:00.000000000Z,1.7786E+11
btc,2020-06-07T00:00:00.000000000Z,1.79323E+11
btc,2020-06-08T00:00:00.000000000Z,1.79733E+11
btc,2020-06-09T00:00:00.000000000Z,1.79929E+11
btc,2020-06-10T00:00:00.000000000Z,1.81944E+11
btc,2020-06-11T00:00:00.000000000Z,1.70712E+11
btc,2020-06-12T00:00:00.000000000Z,1.74011E+11
btc,2020-06-13T00:00:00.000000000Z,1.74116E+11
btc,2020-06-14T00:00:00.000000000Z,1.71947E+11
btc,2020-06-15T00:00:00.000000000Z,1.73768E+11
btc,2020-06-16T00:00:00.000000000Z,1.75225E+11
btc,2020-06-17T00:00:00.000000000Z,1.7392E+11
btc,2020-06-18T00:00:00.000000000Z,1.72847E+11
btc,2020-06-19T00:00:00.000000000Z,1.7094E+11
btc,2020-06-20T00:00:00.000000000Z,1.72261E+11
btc,2020-06-21T00:00:00.000000000Z,1.70934E+11
btc,2020-06-22T00:00:00.000000000Z,1.78304E+11
btc,2020-06-23T00:00:00.000000000Z,1.7697E+11
btc,2020-06-24T00:00:00.000000000Z,1.7111E+11
btc,2020-06-25T00:00:00.000000000Z,1.70274E+11
btc,2020-06-26T00:00:00.000000000Z,1.68668E+11
btc,2020-06-27T00:00:00.000000000Z,1.65781E+11
btc,2020-06-28T00:00:00.000000000Z,1.67739E+11
btc,2020-06-29T00:00:00.000000000Z,1.69151E+11
btc,2020-06-30T00:00:00.000000000Z,1.68417E+11
btc,2020-07-01T00:00:00.000000000Z,1.70219E+11
btc,2020-07-02T00:00:00.000000000Z,1.67522E+11
btc,2020-07-03T00:00:00.000000000Z,1.6702E+11
btc,2020-07-04T00:00:00.000000000Z,1.68126E+11
btc,2020-07-05T00:00:00.000000000Z,1.67277E+11
btc,2020-07-06T00:00:00.000000000Z,1.72064E+11
btc,2020-07-07T00:00:00.000000000Z,1.70474E+11
btc,2020-07-08T00:00:00.000000000Z,1.73844E+11
btc,2020-07-09T00:00:00.000000000Z,1.70111E+11
btc,2020-07-10T00:00:00.000000000Z,1.71111E+11
btc,2020-07-11T00:00:00.000000000Z,1.70235E+11
btc,2020-07-12T00:00:00.000000000Z,1.71201E+11
btc,2020-07-13T00:00:00.000000000Z,1.70242E+11
btc,2020-07-14T00:00:00.000000000Z,1.70688E+11
btc,2020-07-15T00:00:00.000000000Z,1.69524E+11
btc,2020-07-16T00:00:00.000000000Z,1.68349E+11
btc,2020-07-17T00:00:00.000000000Z,1.68797E+11
btc,2020-07-18T00:00:00.000000000Z,1.69162E+11
btc,2020-07-19T00:00:00.000000000Z,1.69962E+11
btc,2020-07-20T00:00:00.000000000Z,1.69017E+11
btc,2020-07-21T00:00:00.000000000Z,1.73107E+11
btc,2020-07-22T00:00:00.000000000Z,1.75745E+11
btc,2020-07-23T00:00:00.000000000Z,1.7719E+11
btc,2020-07-24T00:00:00.000000000Z,1.76072E+11
btc,2020-07-25T00:00:00.000000000Z,1.78928E+11
btc,2020-07-26T00:00:00.000000000Z,1.83205E+11
btc,2020-07-27T00:00:00.000000000Z,2.03735E+11
btc,2020-07-28T00:00:00.000000000Z,2.01866E+11
btc,2020-07-29T00:00:00.000000000Z,2.05033E+11
btc,2020-07-30T00:00:00.000000000Z,2.05406E+11
btc,2020-07-31T00:00:00.000000000Z,2.09156E+11
btc,2020-08-01T00:00:00.000000000Z,2.17642E+11
btc,2020-08-02T00:00:00.000000000Z,2.04672E+11
btc,2020-08-03T00:00:00.000000000Z,2.07303E+11
btc,2020-08-04T00:00:00.000000000Z,2.06697E+11
btc,2020-08-05T00:00:00.000000000Z,2.1628E+11
btc,2020-08-06T00:00:00.000000000Z,2.17173E+11
btc,2020-08-07T00:00:00.000000000Z,2.14041E+11
btc,2020-08-08T00:00:00.000000000Z,2.1671E+11
btc,2020-08-09T00:00:00.000000000Z,2.15567E+11
btc,2020-08-10T00:00:00.000000000Z,2.19083E+11
btc,2020-08-11T00:00:00.000000000Z,2.10275E+11
btc,2020-08-12T00:00:00.000000000Z,2.13661E+11
btc,2020-08-13T00:00:00.000000000Z,2.17326E+11
btc,2020-08-14T00:00:00.000000000Z,2.17355E+11
btc,2020-08-15T00:00:00.000000000Z,2.19075E+11
btc,2020-08-16T00:00:00.000000000Z,2.19691E+11
btc,2020-08-17T00:00:00.000000000Z,2.27385E+11
btc,2020-08-18T00:00:00.000000000Z,2.2143E+11
btc,2020-08-19T00:00:00.000000000Z,2.16716E+11
btc,2020-08-20T00:00:00.000000000Z,2.19139E+11
btc,2020-08-21T00:00:00.000000000Z,2.12819E+11
btc,2020-08-22T00:00:00.000000000Z,2.15741E+11
btc,2020-08-23T00:00:00.000000000Z,2.15443E+11
btc,2020-08-24T00:00:00.000000000Z,2.17408E+11
btc,2020-08-25T00:00:00.000000000Z,2.09792E+11
btc,2020-08-26T00:00:00.000000000Z,2.11899E+11
btc,2020-08-27T00:00:00.000000000Z,2.09002E+11
btc,2020-08-28T00:00:00.000000000Z,2.1295E+11
btc,2020-08-29T00:00:00.000000000Z,2.12276E+11
btc,2020-08-30T00:00:00.000000000Z,2.16133E+11
btc,2020-08-31T00:00:00.000000000Z,2.15761E+11
btc,2020-09-01T00:00:00.000000000Z,2.21167E+11
btc,2020-09-02T00:00:00.000000000Z,2.10908E+11
btc,2020-09-03T00:00:00.000000000Z,1.89613E+11
btc,2020-09-04T00:00:00.000000000Z,1.93511E+11
btc,2020-09-05T00:00:00.000000000Z,1.87175E+11
btc,2020-09-06T00:00:00.000000000Z,1.89488E+11
btc,2020-09-07T00:00:00.000000000Z,1.91615E+11
btc,2020-09-08T00:00:00.000000000Z,1.86834E+11
btc,2020-09-09T00:00:00.000000000Z,1.8896E+11
btc,2020-09-10T00:00:00.000000000Z,1.91031E+11
btc,2020-09-11T00:00:00.000000000Z,1.9201E+11
btc,2020-09-12T00:00:00.000000000Z,1.92942E+11
btc,2020-09-13T00:00:00.000000000Z,1.90838E+11
btc,2020-09-14T00:00:00.000000000Z,1.97138E+11
btc,2020-09-15T00:00:00.000000000Z,1.99306E+11
btc,2020-09-16T00:00:00.000000000Z,2.0281E+11
btc,2020-09-17T00:00:00.000000000Z,2.02229E+11
btc,2020-09-18T00:00:00.000000000Z,2.01942E+11
btc,2020-09-19T00:00:00.000000000Z,2.04795E+11
btc,2020-09-20T00:00:00.000000000Z,2.01984E+11
btc,2020-09-21T00:00:00.000000000Z,1.93378E+11
btc,2020-09-22T00:00:00.000000000Z,1.94579E+11
btc,2020-09-23T00:00:00.000000000Z,1.89288E+11
btc,2020-09-24T00:00:00.000000000Z,1.98652E+11
btc,2020-09-25T00:00:00.000000000Z,1.97636E+11
btc,2020-09-26T00:00:00.000000000Z,1.98728E+11
btc,2020-09-27T00:00:00.000000000Z,1.99048E+11
btc,2020-09-28T00:00:00.000000000Z,1.98477E+11
btc,2020-09-29T00:00:00.000000000Z,2.00591E+11
btc,2020-09-30T00:00:00.000000000Z,1.99327E+11
btc,2020-10-01T00:00:00.000000000Z,1.96271E+11
btc,2020-10-02T00:00:00.000000000Z,1.95603E+11
btc,2020-10-03T00:00:00.000000000Z,1.95346E+11
btc,2020-10-04T00:00:00.000000000Z,1.9739E+11
btc,2020-10-05T00:00:00.000000000Z,1.99381E+11
btc,2020-10-06T00:00:00.000000000Z,1.96128E+11
btc,2020-10-07T00:00:00.000000000Z,1.97448E+11
btc,2020-10-08T00:00:00.000000000Z,2.01814E+11
btc,2020-10-09T00:00:00.000000000Z,2.05001E+11
btc,2020-10-10T00:00:00.000000000Z,2.09246E+11
btc,2020-10-11T00:00:00.000000000Z,2.10652E+11
btc,2020-10-12T00:00:00.000000000Z,2.13812E+11
btc,2020-10-13T00:00:00.000000000Z,2.11723E+11
btc,2020-10-14T00:00:00.000000000Z,2.11404E+11
btc,2020-10-15T00:00:00.000000000Z,2.12997E+11
btc,2020-10-16T00:00:00.000000000Z,2.09978E+11
btc,2020-10-17T00:00:00.000000000Z,2.1043E+11
btc,2020-10-18T00:00:00.000000000Z,2.1279E+11
btc,2020-10-19T00:00:00.000000000Z,2.17544E+11
btc,2020-10-20T00:00:00.000000000Z,2.20954E+11
btc,2020-10-21T00:00:00.000000000Z,2.37988E+11
btc,2020-10-22T00:00:00.000000000Z,2.40759E+11
btc,2020-10-23T00:00:00.000000000Z,2.39953E+11
btc,2020-10-24T00:00:00.000000000Z,2.42936E+11
btc,2020-10-25T00:00:00.000000000Z,2.41611E+11
btc,2020-10-26T00:00:00.000000000Z,2.42343E+11
btc,2020-10-27T00:00:00.000000000Z,2.53373E+11
btc,2020-10-28T00:00:00.000000000Z,2.46245E+11
btc,2020-10-29T00:00:00.000000000Z,2.49679E+11
btc,2020-10-30T00:00:00.000000000Z,2.52061E+11
btc,2020-10-31T00:00:00.000000000Z,2.5585E+11
btc,2020-11-01T00:00:00.000000000Z,2.54556E+11
btc,2020-11-02T00:00:00.000000000Z,2.51948E+11
btc,2020-11-03T00:00:00.000000000Z,2.59394E+11
btc,2020-11-04T00:00:00.000000000Z,2.61856E+11
btc,2020-11-05T00:00:00.000000000Z,2.89251E+11
btc,2020-11-06T00:00:00.000000000Z,2.89497E+11
btc,2020-11-07T00:00:00.000000000Z,2.75562E+11
btc,2020-11-08T00:00:00.000000000Z,2.87321E+11
btc,2020-11-09T00:00:00.000000000Z,2.83995E+11
btc,2020-11-10T00:00:00.000000000Z,2.83994E+11
btc,2020-11-11T00:00:00.000000000Z,2.91632E+11
btc,2020-11-12T00:00:00.000000000Z,3.01987E+11
btc,2020-11-13T00:00:00.000000000Z,3.02733E+11
btc,2020-11-14T00:00:00.000000000Z,2.98505E+11
btc,2020-11-15T00:00:00.000000000Z,2.96368E+11
btc,2020-11-16T00:00:00.000000000Z,3.10389E+11
btc,2020-11-17T00:00:00.000000000Z,3.27799E+11
btc,2020-11-18T00:00:00.000000000Z,3.30212E+11
btc,2020-11-19T00:00:00.000000000Z,3.3049E+11
btc,2020-11-20T00:00:00.000000000Z,3.46181E+11
btc,2020-11-21T00:00:00.000000000Z,3.46995E+11
btc,2020-11-22T00:00:00.000000000Z,3.42861E+11
btc,2020-11-23T00:00:00.000000000Z,3.40851E+11
btc,2020-11-24T00:00:00.000000000Z,3.55283E+11
btc,2020-11-25T00:00:00.000000000Z,3.47844E+11
btc,2020-11-26T00:00:00.000000000Z,3.17532E+11
btc,2020-11-27T00:00:00.000000000Z,3.17323E+11
btc,2020-11-28T00:00:00.000000000Z,3.29286E+11
btc,2020-11-29T00:00:00.000000000Z,3.37569E+11
btc,2020-11-30T00:00:00.000000000Z,3.64932E+11
btc,2020-12-01T00:00:00.000000000Z,3.49286E+11
btc,2020-12-02T00:00:00.000000000Z,3.56622E+11
btc,2020-12-03T00:00:00.000000000Z,3.61379E+11
btc,2020-12-04T00:00:00.000000000Z,3.47712E+11
btc,2020-12-05T00:00:00.000000000Z,3.54813E+11
btc,2020-12-06T00:00:00.000000000Z,3.59317E+11
btc,2020-12-07T00:00:00.000000000Z,3.561E+11
btc,2020-12-08T00:00:00.000000000Z,3.40501E+11
btc,2020-12-09T00:00:00.000000000Z,3.44857E+11
btc,2020-12-10T00:00:00.000000000Z,3.39677E+11
btc,2020-12-11T00:00:00.000000000Z,3.35364E+11
btc,2020-12-12T00:00:00.000000000Z,3.49335E+11
btc,2020-12-13T00:00:00.000000000Z,3.55716E+11
btc,2020-12-14T00:00:00.000000000Z,3.58161E+11
btc,2020-12-15T00:00:00.000000000Z,3.60887E+11
btc,2020-12-16T00:00:00.000000000Z,3.96899E+11
btc,2020-12-17T00:00:00.000000000Z,4.23264E+11
btc,2020-12-18T00:00:00.000000000Z,4.28103E+11
btc,2020-12-19T00:00:00.000000000Z,4.43134E+11
btc,2020-12-20T00:00:00.000000000Z,4.37061E+11
btc,2020-12-21T00:00:00.000000000Z,4.26102E+11
btc,2020-12-22T00:00:00.000000000Z,4.41345E+11
btc,2020-12-23T00:00:00.000000000Z,4.33013E+11
btc,2020-12-24T00:00:00.000000000Z,4.40474E+11
btc,2020-12-25T00:00:00.000000000Z,4.58358E+11
btc,2020-12-26T00:00:00.000000000Z,4.91992E+11
btc,2020-12-27T00:00:00.000000000Z,4.91137E+11
btc,2020-12-28T00:00:00.000000000Z,5.02469E+11
btc,2020-12-29T00:00:00.000000000Z,5.06062E+11
btc,2020-12-30T00:00:00.000000000Z,5.36072E+11
btc,2020-12-31T00:00:00.000000000Z,5.39413E+11
btc,2021-01-01T00:00:00.000000000Z,5.46097E+11
btc,2021-01-02T00:00:00.000000000Z,5.95233E+11
btc,2021-01-03T00:00:00.000000000Z,6.18596E+11
btc,2021-01-04T00:00:00.000000000Z,5.91196E+11
btc,2021-01-05T00:00:00.000000000Z,6.32335E+11
btc,2021-01-06T00:00:00.000000000Z,6.81267E+11
btc,2021-01-07T00:00:00.000000000Z,7.29136E+11
btc,2021-01-08T00:00:00.000000000Z,7.58179E+11
btc,2021-01-09T00:00:00.000000000Z,7.50691E+11
btc,2021-01-10T00:00:00.000000000Z,7.12766E+11
btc,2021-01-11T00:00:00.000000000Z,6.55901E+11
btc,2021-01-12T00:00:00.000000000Z,6.26977E+11
btc,2021-01-13T00:00:00.000000000Z,6.93667E+11
btc,2021-01-14T00:00:00.000000000Z,7.26233E+11
btc,2021-01-15T00:00:00.000000000Z,6.82833E+11
btc,2021-01-16T00:00:00.000000000Z,6.72953E+11
btc,2021-01-17T00:00:00.000000000Z,6.7099E+11
btc,2021-01-18T00:00:00.000000000Z,6.80774E+11
btc,2021-01-19T00:00:00.000000000Z,6.74404E+11
btc,2021-01-20T00:00:00.000000000Z,6.60769E+11
btc,2021-01-21T00:00:00.000000000Z,5.77214E+11
btc,2021-01-22T00:00:00.000000000Z,6.13773E+11
btc,2021-01-23T00:00:00.000000000Z,5.96122E+11
btc,2021-01-24T00:00:00.000000000Z,5.99499E+11
btc,2021-01-25T00:00:00.000000000Z,6.03316E+11
btc,2021-01-26T00:00:00.000000000Z,6.07456E+11
btc,2021-01-27T00:00:00.000000000Z,5.65023E+11
btc,2021-01-28T00:00:00.000000000Z,6.23722E+11
btc,2021-01-29T00:00:00.000000000Z,6.35942E+11
btc,2021-01-30T00:00:00.000000000Z,6.39395E+11
btc,2021-01-31T00:00:00.000000000Z,6.17234E+11
btc,2021-02-01T00:00:00.000000000Z,6.24941E+11
btc,2021-02-02T00:00:00.000000000Z,6.62682E+11
btc,2021-02-03T00:00:00.000000000Z,6.99619E+11
btc,2021-02-04T00:00:00.000000000Z,6.91292E+11
btc,2021-02-05T00:00:00.000000000Z,7.08388E+11
btc,2021-02-06T00:00:00.000000000Z,7.32567E+11
btc,2021-02-07T00:00:00.000000000Z,7.26297E+11
btc,2021-02-08T00:00:00.000000000Z,8.58908E+11
btc,2021-02-09T00:00:00.000000000Z,8.66894E+11
btc,2021-02-10T00:00:00.000000000Z,8.39556E+11
btc,2021-02-11T00:00:00.000000000Z,8.92023E+11
btc,2021-02-12T00:00:00.000000000Z,8.85213E+11
btc,2021-02-13T00:00:00.000000000Z,8.79358E+11
btc,2021-02-14T00:00:00.000000000Z,9.09605E+11
btc,2021-02-15T00:00:00.000000000Z,8.96245E+11
btc,2021-02-16T00:00:00.000000000Z,9.15482E+11
btc,2021-02-17T00:00:00.000000000Z,9.72986E+11
btc,2021-02-18T00:00:00.000000000Z,9.6232E+11
btc,2021-02-19T00:00:00.000000000Z,1.04007E+12
btc,2021-02-20T00:00:00.000000000Z,1.04089E+12
btc,2021-02-21T00:00:00.000000000Z,1.07148E+12
btc,2021-02-22T00:00:00.000000000Z,1.00541E+12
btc,2021-02-23T00:00:00.000000000Z,9.04973E+11
btc,2021-02-24T00:00:00.000000000Z,9.23775E+11
btc,2021-02-25T00:00:00.000000000Z,8.86564E+11
btc,2021-02-26T00:00:00.000000000Z,8.61702E+11
btc,2021-02-27T00:00:00.000000000Z,8.54338E+11
btc,2021-02-28T00:00:00.000000000Z,8.45528E+11
btc,2021-03-01T00:00:00.000000000Z,9.25256E+11
btc,2021-03-02T00:00:00.000000000Z,9.00507E+11
btc,2021-03-03T00:00:00.000000000Z,9.45028E+11
btc,2021-03-04T00:00:00.000000000Z,9.0373E+11
btc,2021-03-05T00:00:00.000000000Z,9.09885E+11
btc,2021-03-06T00:00:00.000000000Z,9.13094E+11
btc,2021-03-07T00:00:00.000000000Z,9.52597E+11
btc,2021-03-08T00:00:00.000000000Z,9.71328E+11
btc,2021-03-09T00:00:00.000000000Z,1.02081E+12
btc,2021-03-10T00:00:00.000000000Z,1.04654E+12
btc,2021-03-11T00:00:00.000000000Z,1.07888E+12
btc,2021-03-12T00:00:00.000000000Z,1.06936E+12
btc,2021-03-13T00:00:00.000000000Z,1.14317E+12
btc,2021-03-14T00:00:00.000000000Z,1.11742E+12
btc,2021-03-15T00:00:00.000000000Z,1.04689E+12
btc,2021-03-16T00:00:00.000000000Z,1.05401E+12
btc,2021-03-17T00:00:00.000000000Z,1.09479E+12
btc,2021-03-18T00:00:00.000000000Z,1.07708E+12
btc,2021-03-19T00:00:00.000000000Z,1.08529E+12
btc,2021-03-20T00:00:00.000000000Z,1.08683E+12
btc,2021-03-21T00:00:00.000000000Z,1.07196E+12
btc,2021-03-22T00:00:00.000000000Z,1.01613E+12
btc,2021-03-23T00:00:00.000000000Z,1.01824E+12
btc,2021-03-24T00:00:00.000000000Z,9.81564E+11
btc,2021-03-25T00:00:00.000000000Z,9.62049E+11
btc,2021-03-26T00:00:00.000000000Z,1.02315E+12
btc,2021-03-27T00:00:00.000000000Z,1.04563E+12
btc,2021-03-28T00:00:00.000000000Z,1.03996E+12
btc,2021-03-29T00:00:00.000000000Z,1.0747E+12
btc,2021-03-30T00:00:00.000000000Z,1.09554E+12
btc,2021-03-31T00:00:00.000000000Z,1.0976E+12
btc,2021-04-01T00:00:00.000000000Z,1.09816E+12
btc,2021-04-02T00:00:00.000000000Z,1.10218E+12
btc,2021-04-03T00:00:00.000000000Z,1.06957E+12
btc,2021-04-04T00:00:00.000000000Z,1.08679E+12
btc,2021-04-05T00:00:00.000000000Z,1.09719E+12
btc,2021-04-06T00:00:00.000000000Z,1.0847E+12
btc,2021-04-07T00:00:00.000000000Z,1.05081E+12
btc,2021-04-08T00:00:00.000000000Z,1.08255E+12
btc,2021-04-09T00:00:00.000000000Z,1.08425E+12
btc,2021-04-10T00:00:00.000000000Z,1.11419E+12
btc,2021-04-11T00:00:00.000000000Z,1.1195E+12
btc,2021-04-12T00:00:00.000000000Z,1.11905E+12
btc,2021-04-13T00:00:00.000000000Z,1.18523E+12
btc,2021-04-14T00:00:00.000000000Z,1.17453E+12
btc,2021-04-15T00:00:00.000000000Z,1.18134E+12
btc,2021-04-16T00:00:00.000000000Z,1.15039E+12
btc,2021-04-17T00:00:00.000000000Z,1.12632E+12
btc,2021-04-18T00:00:00.000000000Z,1.05364E+12
btc,2021-04-19T00:00:00.000000000Z,1.04264E+12
btc,2021-04-20T00:00:00.000000000Z,1.05531E+12
btc,2021-04-21T00:00:00.000000000Z,1.0096E+12
btc,2021-04-22T00:00:00.000000000Z,9.69567E+11
btc,2021-04-23T00:00:00.000000000Z,9.52287E+11
btc,2021-04-24T00:00:00.000000000Z,9.39715E+11
btc,2021-04-25T00:00:00.000000000Z,9.14845E+11
btc,2021-04-26T00:00:00.000000000Z,1.00828E+12
btc,2021-04-27T00:00:00.000000000Z,1.02857E+12
btc,2021-04-28T00:00:00.000000000Z,1.02414E+12
btc,2021-04-29T00:00:00.000000000Z,1.00138E+12
btc,2021-04-30T00:00:00.000000000Z,1.07946E+12
btc,2021-05-01T00:00:00.000000000Z,1.08179E+12
btc,2021-05-02T00:00:00.000000000Z,1.05771E+12
btc,2021-05-03T00:00:00.000000000Z,1.07031E+12
btc,2021-05-04T00:00:00.000000000Z,1.00457E+12
btc,2021-05-05T00:00:00.000000000Z,1.07229E+12
btc,2021-05-06T00:00:00.000000000Z,1.05711E+12
btc,2021-05-07T00:00:00.000000000Z,1.07239E+12
btc,2021-05-08T00:00:00.000000000Z,1.09854E+12
btc,2021-05-09T00:00:00.000000000Z,1.09023E+12
btc,2021-05-10T00:00:00.000000000Z,1.04568E+12
btc,2021-05-11T00:00:00.000000000Z,1.059E+12
btc,2021-05-12T00:00:00.000000000Z,9.5356E+11
btc,2021-05-13T00:00:00.000000000Z,9.23611E+11
btc,2021-05-14T00:00:00.000000000Z,9.35425E+11
btc,2021-05-15T00:00:00.000000000Z,8.80283E+11
btc,2021-05-16T00:00:00.000000000Z,8.61131E+11
btc,2021-05-17T00:00:00.000000000Z,8.13826E+11
btc,2021-05-18T00:00:00.000000000Z,8.00712E+11
btc,2021-05-19T00:00:00.000000000Z,7.04416E+11
btc,2021-05-20T00:00:00.000000000Z,7.63508E+11
btc,2021-05-21T00:00:00.000000000Z,6.95669E+11
btc,2021-05-22T00:00:00.000000000Z,7.04448E+11
btc,2021-05-23T00:00:00.000000000Z,6.50754E+11
btc,2021-05-24T00:00:00.000000000Z,7.22918E+11
btc,2021-05-25T00:00:00.000000000Z,7.16169E+11
btc,2021-05-26T00:00:00.000000000Z,7.33669E+11
btc,2021-05-27T00:00:00.000000000Z,7.20895E+11
btc,2021-05-28T00:00:00.000000000Z,6.6637E+11
btc,2021-05-29T00:00:00.000000000Z,6.49269E+11
btc,2021-05-30T00:00:00.000000000Z,6.6746E+11
btc,2021-05-31T00:00:00.000000000Z,6.98587E+11
btc,2021-06-01T00:00:00.000000000Z,6.8642E+11
btc,2021-06-02T00:00:00.000000000Z,7.04765E+11
btc,2021-06-03T00:00:00.000000000Z,7.3328E+11
btc,2021-06-04T00:00:00.000000000Z,6.907E+11
btc,2021-06-05T00:00:00.000000000Z,6.63111E+11
btc,2021-06-06T00:00:00.000000000Z,6.68965E+11
btc,2021-06-07T00:00:00.000000000Z,6.31622E+11
btc,2021-06-08T00:00:00.000000000Z,6.2697E+11
btc,2021-06-09T00:00:00.000000000Z,7.00011E+11
btc,2021-06-10T00:00:00.000000000Z,6.89795E+11
btc,2021-06-11T00:00:00.000000000Z,6.96554E+11
btc,2021-06-12T00:00:00.000000000Z,6.68176E+11
btc,2021-06-13T00:00:00.000000000Z,7.29206E+11
btc,2021-06-14T00:00:00.000000000Z,7.57905E+11
btc,2021-06-15T00:00:00.000000000Z,7.54175E+11
btc,2021-06-16T00:00:00.000000000Z,7.1694E+11
btc,2021-06-17T00:00:00.000000000Z,7.12343E+11
btc,2021-06-18T00:00:00.000000000Z,6.69196E+11
btc,2021-06-19T00:00:00.000000000Z,6.66258E+11
btc,2021-06-20T00:00:00.000000000Z,6.67104E+11
btc,2021-06-21T00:00:00.000000000Z,5.94328E+11
btc,2021-06-22T00:00:00.000000000Z,6.07081E+11
btc,2021-06-23T00:00:00.000000000Z,6.29888E+11
btc,2021-06-24T00:00:00.000000000Z,6.49558E+11
btc,2021-06-25T00:00:00.000000000Z,5.93814E+11
btc,2021-06-26T00:00:00.000000000Z,5.9772E+11
btc,2021-06-27T00:00:00.000000000Z,6.46766E+11
btc,2021-06-28T00:00:00.000000000Z,6.44337E+11
btc,2021-06-29T00:00:00.000000000Z,6.73551E+11
btc,2021-06-30T00:00:00.000000000Z,6.57295E+11
btc,2021-07-01T00:00:00.000000000Z,6.28065E+11
btc,2021-07-02T00:00:00.000000000Z,6.33293E+11
btc,2021-07-03T00:00:00.000000000Z,6.48408E+11
btc,2021-07-04T00:00:00.000000000Z,6.62822E+11
btc,2021-07-05T00:00:00.000000000Z,6.35778E+11
btc,2021-07-06T00:00:00.000000000Z,6.39785E+11
btc,2021-07-07T00:00:00.000000000Z,6.36208E+11
btc,2021-07-08T00:00:00.000000000Z,6.15385E+11
btc,2021-07-09T00:00:00.000000000Z,6.3595E+11
btc,2021-07-10T00:00:00.000000000Z,6.30279E+11
btc,2021-07-11T00:00:00.000000000Z,6.42455E+11
btc,2021-07-12T00:00:00.000000000Z,6.21417E+11
btc,2021-07-13T00:00:00.000000000Z,6.12192E+11
btc,2021-07-14T00:00:00.000000000Z,6.15152E+11
btc,2021-07-15T00:00:00.000000000Z,5.94731E+11
btc,2021-07-16T00:00:00.000000000Z,5.9003E+11
btc,2021-07-17T00:00:00.000000000Z,5.91789E+11
btc,2021-07-18T00:00:00.000000000Z,5.94815E+11
btc,2021-07-19T00:00:00.000000000Z,5.7938E+11
btc,2021-07-20T00:00:00.000000000Z,5.5846E+11
btc,2021-07-21T00:00:00.000000000Z,6.0263E+11
btc,2021-07-22T00:00:00.000000000Z,6.06173E+11
btc,2021-07-23T00:00:00.000000000Z,6.27456E+11
btc,2021-07-24T00:00:00.000000000Z,6.41133E+11
btc,2021-07-25T00:00:00.000000000Z,6.5905E+11
btc,2021-07-26T00:00:00.000000000Z,7.02713E+11
btc,2021-07-27T00:00:00.000000000Z,7.34311E+11
btc,2021-07-28T00:00:00.000000000Z,7.49605E+11
btc,2021-07-29T00:00:00.000000000Z,7.52403E+11
btc,2021-07-30T00:00:00.000000000Z,7.84419E+11
btc,2021-07-31T00:00:00.000000000Z,7.8453E+11
btc,2021-08-01T00:00:00.000000000Z,7.50324E+11
btc,2021-08-02T00:00:00.000000000Z,7.37883E+11
btc,2021-08-03T00:00:00.000000000Z,7.18855E+11
btc,2021-08-04T00:00:00.000000000Z,7.46778E+11
btc,2021-08-05T00:00:00.000000000Z,7.68738E+11
btc,2021-08-06T00:00:00.000000000Z,8.03493E+11
btc,2021-08-07T00:00:00.000000000Z,8.35356E+11
btc,2021-08-08T00:00:00.000000000Z,8.25776E+11
btc,2021-08-09T00:00:00.000000000Z,8.68889E+11
btc,2021-08-10T00:00:00.000000000Z,8.5434E+11
btc,2021-08-11T00:00:00.000000000Z,8.57913E+11
btc,2021-08-12T00:00:00.000000000Z,8.34088E+11
btc,2021-08-13T00:00:00.000000000Z,8.96339E+11
btc,2021-08-14T00:00:00.000000000Z,8.85236E+11
btc,2021-08-15T00:00:00.000000000Z,8.84349E+11
btc,2021-08-16T00:00:00.000000000Z,8.6393E+11
btc,2021-08-17T00:00:00.000000000Z,8.40103E+11
btc,2021-08-18T00:00:00.000000000Z,8.44667E+11
btc,2021-08-19T00:00:00.000000000Z,8.76507E+11
btc,2021-08-20T00:00:00.000000000Z,9.25285E+11
btc,2021-08-21T00:00:00.000000000Z,9.22139E+11
btc,2021-08-22T00:00:00.000000000Z,9.277E+11
btc,2021-08-23T00:00:00.000000000Z,9.32026E+11
btc,2021-08-24T00:00:00.000000000Z,9.00793E+11
btc,2021-08-25T00:00:00.000000000Z,9.21072E+11
btc,2021-08-26T00:00:00.000000000Z,8.87061E+11
btc,2021-08-27T00:00:00.000000000Z,9.22034E+11
btc,2021-08-28T00:00:00.000000000Z,9.18393E+11
btc,2021-08-29T00:00:00.000000000Z,9.2024E+11
btc,2021-08-30T00:00:00.000000000Z,8.86021E+11
btc,2021-08-31T00:00:00.000000000Z,8.87818E+11
btc,2021-09-01T00:00:00.000000000Z,9.15488E+11
btc,2021-09-02T00:00:00.000000000Z,9.28335E+11
btc,2021-09-03T00:00:00.000000000Z,9.37614E+11
btc,2021-09-04T00:00:00.000000000Z,9.3877E+11
btc,2021-09-05T00:00:00.000000000Z,9.73198E+11
btc,2021-09-06T00:00:00.000000000Z,9.90045E+11
btc,2021-09-07T00:00:00.000000000Z,8.8127E+11
btc,2021-09-08T00:00:00.000000000Z,8.6878E+11
btc,2021-09-09T00:00:00.000000000Z,8.73728E+11
btc,2021-09-10T00:00:00.000000000Z,8.42098E+11
btc,2021-09-11T00:00:00.000000000Z,8.48407E+11
btc,2021-09-12T00:00:00.000000000Z,8.68805E+11
btc,2021-09-13T00:00:00.000000000Z,8.46476E+11
btc,2021-09-14T00:00:00.000000000Z,8.84734E+11
btc,2021-09-15T00:00:00.000000000Z,9.06321E+11
btc,2021-09-16T00:00:00.000000000Z,8.99404E+11
btc,2021-09-17T00:00:00.000000000Z,8.88464E+11
btc,2021-09-18T00:00:00.000000000Z,9.07142E+11
btc,2021-09-19T00:00:00.000000000Z,8.88642E+11
btc,2021-09-20T00:00:00.000000000Z,8.06574E+11
btc,2021-09-21T00:00:00.000000000Z,7.62781E+11
btc,2021-09-22T00:00:00.000000000Z,8.20242E+11
btc,2021-09-23T00:00:00.000000000Z,8.44443E+11
btc,2021-09-24T00:00:00.000000000Z,8.05749E+11
btc,2021-09-25T00:00:00.000000000Z,8.04506E+11
btc,2021-09-26T00:00:00.000000000Z,8.12002E+11
btc,2021-09-27T00:00:00.000000000Z,8.00091E+11
btc,2021-09-28T00:00:00.000000000Z,7.76166E+11
btc,2021-09-29T00:00:00.000000000Z,7.80538E+11
btc,2021-09-30T00:00:00.000000000Z,8.24401E+11
btc,2021-10-01T00:00:00.000000000Z,9.05355E+11
btc,2021-10-02T00:00:00.000000000Z,9.00018E+11
btc,2021-10-03T00:00:00.000000000Z,9.078E+11
btc,2021-10-04T00:00:00.000000000Z,9.28297E+11
btc,2021-10-05T00:00:00.000000000Z,9.71091E+11
btc,2021-10-06T00:00:00.000000000Z,1.04388E+12
btc,2021-10-07T00:00:00.000000000Z,1.01351E+12
btc,2021-10-08T00:00:00.000000000Z,1.01598E+12
btc,2021-10-09T00:00:00.000000000Z,1.03632E+12
btc,2021-10-10T00:00:00.000000000Z,1.03053E+12
btc,2021-10-11T00:00:00.000000000Z,1.07935E+12
btc,2021-10-12T00:00:00.000000000Z,1.0588E+12
btc,2021-10-13T00:00:00.000000000Z,1.08057E+12
btc,2021-10-14T00:00:00.000000000Z,1.08129E+12
btc,2021-10-15T00:00:00.000000000Z,1.15789E+12
btc,2021-10-16T00:00:00.000000000Z,1.14826E+12
btc,2021-10-17T00:00:00.000000000Z,1.1583E+12
btc,2021-10-18T00:00:00.000000000Z,1.16806E+12
btc,2021-10-19T00:00:00.000000000Z,1.21173E+12
btc,2021-10-20T00:00:00.000000000Z,1.24517E+12
btc,2021-10-21T00:00:00.000000000Z,1.17572E+12
btc,2021-10-22T00:00:00.000000000Z,1.14518E+12
btc,2021-10-23T00:00:00.000000000Z,1.15465E+12
btc,2021-10-24T00:00:00.000000000Z,1.14746E+12
btc,2021-10-25T00:00:00.000000000Z,1.18835E+12
btc,2021-10-26T00:00:00.000000000Z,1.13869E+12
btc,2021-10-27T00:00:00.000000000Z,1.10423E+12
btc,2021-10-28T00:00:00.000000000Z,1.14203E+12
btc,2021-10-29T00:00:00.000000000Z,1.1735E+12
btc,2021-10-30T00:00:00.000000000Z,1.16437E+12
btc,2021-10-31T00:00:00.000000000Z,1.15859E+12
btc,2021-11-01T00:00:00.000000000Z,1.15221E+12
btc,2021-11-02T00:00:00.000000000Z,1.18872E+12
btc,2021-11-03T00:00:00.000000000Z,1.18748E+12
btc,2021-11-04T00:00:00.000000000Z,1.15808E+12
btc,2021-11-05T00:00:00.000000000Z,1.15081E+12
btc,2021-11-06T00:00:00.000000000Z,1.15935E+12
btc,2021-11-07T00:00:00.000000000Z,1.18938E+12
btc,2021-11-08T00:00:00.000000000Z,1.2743E+12
btc,2021-11-09T00:00:00.000000000Z,1.26594E+12
btc,2021-11-10T00:00:00.000000000Z,1.22186E+12
btc,2021-11-11T00:00:00.000000000Z,1.22583E+12
btc,2021-11-12T00:00:00.000000000Z,1.20921E+12
btc,2021-11-13T00:00:00.000000000Z,1.21528E+12
btc,2021-11-14T00:00:00.000000000Z,1.22732E+12
btc,2021-11-15T00:00:00.000000000Z,1.20325E+12
btc,2021-11-16T00:00:00.000000000Z,1.13855E+12
btc,2021-11-17T00:00:00.000000000Z,1.13543E+12
btc,2021-11-18T00:00:00.000000000Z,1.07206E+12
btc,2021-11-19T00:00:00.000000000Z,1.09514E+12
btc,2021-11-20T00:00:00.000000000Z,1.12795E+12
btc,2021-11-21T00:00:00.000000000Z,1.11447E+12
btc,2021-11-22T00:00:00.000000000Z,1.06451E+12
btc,2021-11-23T00:00:00.000000000Z,1.08832E+12
btc,2021-11-24T00:00:00.000000000Z,1.07892E+12
btc,2021-11-25T00:00:00.000000000Z,1.11423E+12
btc,2021-11-26T00:00:00.000000000Z,1.01593E+12
btc,2021-11-27T00:00:00.000000000Z,1.03175E+12
btc,2021-11-28T00:00:00.000000000Z,1.08114E+12
btc,2021-11-29T00:00:00.000000000Z,1.09388E+12
btc,2021-11-30T00:00:00.000000000Z,1.07838E+12
btc,2021-12-01T00:00:00.000000000Z,1.08E+12
btc,2021-12-02T00:00:00.000000000Z,1.06876E+12
btc,2021-12-03T00:00:00.000000000Z,1.01382E+12
btc,2021-12-04T00:00:00.000000000Z,9.28649E+11
btc,2021-12-05T00:00:00.000000000Z,9.31857E+11
btc,2021-12-06T00:00:00.000000000Z,9.54738E+11
btc,2021-12-07T00:00:00.000000000Z,9.5553E+11
btc,2021-12-08T00:00:00.000000000Z,9.54184E+11
btc,2021-12-09T00:00:00.000000000Z,9.05811E+11
btc,2021-12-10T00:00:00.000000000Z,8.964E+11
btc,2021-12-11T00:00:00.000000000Z,9.32059E+11
btc,2021-12-12T00:00:00.000000000Z,9.47504E+11
btc,2021-12-13T00:00:00.000000000Z,8.84212E+11
btc,2021-12-14T00:00:00.000000000Z,9.12742E+11
btc,2021-12-15T00:00:00.000000000Z,9.22955E+11
btc,2021-12-16T00:00:00.000000000Z,9.00937E+11
btc,2021-12-17T00:00:00.000000000Z,8.75849E+11
btc,2021-12-18T00:00:00.000000000Z,8.86675E+11
btc,2021-12-19T00:00:00.000000000Z,8.86174E+11
btc,2021-12-20T00:00:00.000000000Z,8.87698E+11
btc,2021-12-21T00:00:00.000000000Z,9.27961E+11
btc,2021-12-22T00:00:00.000000000Z,9.20637E+11
btc,2021-12-23T00:00:00.000000000Z,9.58893E+11
btc,2021-12-24T00:00:00.000000000Z,9.60282E+11
btc,2021-12-25T00:00:00.000000000Z,9.56672E+11
btc,2021-12-26T00:00:00.000000000Z,9.60649E+11
btc,2021-12-27T00:00:00.000000000Z,9.60656E+11
btc,2021-12-28T00:00:00.000000000Z,9.01632E+11
btc,2021-12-29T00:00:00.000000000Z,8.78923E+11
btc,2021-12-30T00:00:00.000000000Z,8.90922E+11
btc,2021-12-31T00:00:00.000000000Z,8.76821E+11
btc,2022-01-01T00:00:00.000000000Z,8.99656E+11
btc,2022-01-02T00:00:00.000000000Z,8.95783E+11
btc,2022-01-03T00:00:00.000000000Z,8.78819E+11
btc,2022-01-04T00:00:00.000000000Z,8.68502E+11
btc,2022-01-05T00:00:00.000000000Z,8.23605E+11
btc,2022-01-06T00:00:00.000000000Z,8.16347E+11
btc,2022-01-07T00:00:00.000000000Z,7.85502E+11
btc,2022-01-08T00:00:00.000000000Z,7.90969E+11
btc,2022-01-09T00:00:00.000000000Z,7.92648E+11
btc,2022-01-10T00:00:00.000000000Z,7.91368E+11
btc,2022-01-11T00:00:00.000000000Z,8.09409E+11
btc,2022-01-12T00:00:00.000000000Z,8.32027E+11
btc,2022-01-13T00:00:00.000000000Z,8.06813E+11
btc,2022-01-14T00:00:00.000000000Z,8.15866E+11
btc,2022-01-15T00:00:00.000000000Z,8.17879E+11
btc,2022-01-16T00:00:00.000000000Z,8.17207E+11
btc,2022-01-17T00:00:00.000000000Z,7.99126E+11
btc,2022-01-18T00:00:00.000000000Z,8.03334E+11
btc,2022-01-19T00:00:00.000000000Z,7.91185E+11
btc,2022-01-20T00:00:00.000000000Z,7.71698E+11
btc,2022-01-21T00:00:00.000000000Z,6.91002E+11
btc,2022-01-22T00:00:00.000000000Z,6.62706E+11
btc,2022-01-23T00:00:00.000000000Z,6.86874E+11
btc,2022-01-24T00:00:00.000000000Z,6.94267E+11
btc,2022-01-25T00:00:00.000000000Z,6.99848E+11
btc,2022-01-26T00:00:00.000000000Z,6.97482E+11
btc,2022-01-27T00:00:00.000000000Z,7.01226E+11
btc,2022-01-28T00:00:00.000000000Z,7.15404E+11
btc,2022-01-29T00:00:00.000000000Z,7.21492E+11
btc,2022-01-30T00:00:00.000000000Z,7.19542E+11
btc,2022-01-31T00:00:00.000000000Z,7.28654E+11
btc,2022-02-01T00:00:00.000000000Z,7.34851E+11
btc,2022-02-02T00:00:00.000000000Z,6.99921E+11
btc,2022-02-03T00:00:00.000000000Z,7.02141E+11
btc,2022-02-04T00:00:00.000000000Z,7.7839E+11
btc,2022-02-05T00:00:00.000000000Z,7.86546E+11
btc,2022-02-06T00:00:00.000000000Z,8.02678E+11
btc,2022-02-07T00:00:00.000000000Z,8.31728E+11
btc,2022-02-08T00:00:00.000000000Z,8.37042E+11
btc,2022-02-09T00:00:00.000000000Z,8.41588E+11
btc,2022-02-10T00:00:00.000000000Z,8.2664E+11
btc,2022-02-11T00:00:00.000000000Z,8.02855E+11
btc,2022-02-12T00:00:00.000000000Z,7.99407E+11
btc,2022-02-13T00:00:00.000000000Z,7.99876E+11
btc,2022-02-14T00:00:00.000000000Z,8.08459E+11
btc,2022-02-15T00:00:00.000000000Z,8.43872E+11
btc,2022-02-16T00:00:00.000000000Z,8.35461E+11
btc,2022-02-17T00:00:00.000000000Z,7.69983E+11
btc,2022-02-18T00:00:00.000000000Z,7.59293E+11
btc,2022-02-19T00:00:00.000000000Z,7.60306E+11
btc,2022-02-20T00:00:00.000000000Z,7.3106E+11
btc,2022-02-21T00:00:00.000000000Z,7.03529E+11
btc,2022-02-22T00:00:00.000000000Z,7.24506E+11
btc,2022-02-23T00:00:00.000000000Z,7.0758E+11
btc,2022-02-24T00:00:00.000000000Z,7.26117E+11
btc,2022-02-25T00:00:00.000000000Z,7.45875E+11
btc,2022-02-26T00:00:00.000000000Z,7.40839E+11
btc,2022-02-27T00:00:00.000000000Z,7.14469E+11
btc,2022-02-28T00:00:00.000000000Z,8.1911E+11
btc,2022-03-01T00:00:00.000000000Z,8.41067E+11
btc,2022-03-02T00:00:00.000000000Z,8.34474E+11
btc,2022-03-03T00:00:00.000000000Z,8.06208E+11
btc,2022-03-04T00:00:00.000000000Z,7.41995E+11
btc,2022-03-05T00:00:00.000000000Z,7.47294E+11
btc,2022-03-06T00:00:00.000000000Z,7.28642E+11
btc,2022-03-07T00:00:00.000000000Z,7.2388E+11
btc,2022-03-08T00:00:00.000000000Z,7.34898E+11
btc,2022-03-09T00:00:00.000000000Z,7.96877E+11
btc,2022-03-10T00:00:00.000000000Z,7.49331E+11
btc,2022-03-11T00:00:00.000000000Z,7.36898E+11
btc,2022-03-12T00:00:00.000000000Z,7.39318E+11
btc,2022-03-13T00:00:00.000000000Z,7.17664E+11
btc,2022-03-14T00:00:00.000000000Z,7.52641E+11
btc,2022-03-15T00:00:00.000000000Z,7.47132E+11
btc,2022-03-16T00:00:00.000000000Z,7.80293E+11
btc,2022-03-17T00:00:00.000000000Z,7.77762E+11
btc,2022-03-18T00:00:00.000000000Z,7.94127E+11
btc,2022-03-19T00:00:00.000000000Z,8.01134E+11
btc,2022-03-20T00:00:00.000000000Z,7.84115E+11
btc,2022-03-21T00:00:00.000000000Z,7.79781E+11
btc,2022-03-22T00:00:00.000000000Z,8.04863E+11
btc,2022-03-23T00:00:00.000000000Z,8.11569E+11
btc,2022-03-24T00:00:00.000000000Z,8.35165E+11
btc,2022-03-25T00:00:00.000000000Z,8.42279E+11
btc,2022-03-26T00:00:00.000000000Z,8.45606E+11
btc,2022-03-27T00:00:00.000000000Z,8.88527E+11
btc,2022-03-28T00:00:00.000000000Z,8.97046E+11
btc,2022-03-29T00:00:00.000000000Z,9.01654E+11
btc,2022-03-30T00:00:00.000000000Z,8.95232E+11
btc,2022-03-31T00:00:00.000000000Z,8.65613E+11
btc,2022-04-01T00:00:00.000000000Z,8.78726E+11
btc,2022-04-02T00:00:00.000000000Z,8.72868E+11
btc,2022-04-03T00:00:00.000000000Z,8.82421E+11
btc,2022-04-04T00:00:00.000000000Z,8.86687E+11
btc,2022-04-05T00:00:00.000000000Z,8.68302E+11
btc,2022-04-06T00:00:00.000000000Z,8.22959E+11
btc,2022-04-07T00:00:00.000000000Z,8.2802E+11
btc,2022-04-08T00:00:00.000000000Z,8.02457E+11
btc,2022-04-09T00:00:00.000000000Z,8.11215E+11
btc,2022-04-10T00:00:00.000000000Z,8.03339E+11
btc,2022-04-11T00:00:00.000000000Z,7.51665E+11
btc,2022-04-12T00:00:00.000000000Z,7.62198E+11
btc,2022-04-13T00:00:00.000000000Z,7.82319E+11
btc,2022-04-14T00:00:00.000000000Z,7.58852E+11
btc,2022-04-15T00:00:00.000000000Z,7.705E+11
btc,2022-04-16T00:00:00.000000000Z,7.68872E+11
btc,2022-04-17T00:00:00.000000000Z,7.54933E+11
btc,2022-04-18T00:00:00.000000000Z,7.76158E+11
btc,2022-04-19T00:00:00.000000000Z,7.88949E+11
btc,2022-04-20T00:00:00.000000000Z,7.87193E+11
btc,2022-04-21T00:00:00.000000000Z,7.69393E+11
btc,2022-04-22T00:00:00.000000000Z,7.55752E+11
btc,2022-04-23T00:00:00.000000000Z,7.52828E+11
btc,2022-04-24T00:00:00.000000000Z,7.51521E+11
btc,2022-04-25T00:00:00.000000000Z,7.69863E+11
btc,2022-04-26T00:00:00.000000000Z,7.24232E+11
btc,2022-04-27T00:00:00.000000000Z,7.46062E+11
btc,2022-04-28T00:00:00.000000000Z,7.56176E+11
btc,2022-04-29T00:00:00.000000000Z,7.34549E+11
btc,2022-04-30T00:00:00.000000000Z,7.17549E+11
btc,2022-05-01T00:00:00.000000000Z,7.31762E+11
btc,2022-05-02T00:00:00.000000000Z,7.33836E+11
btc,2022-05-03T00:00:00.000000000Z,7.17477E+11
btc,2022-05-04T00:00:00.000000000Z,7.54382E+11
btc,2022-05-05T00:00:00.000000000Z,6.94665E+11
btc,2022-05-06T00:00:00.000000000Z,6.85963E+11
btc,2022-05-07T00:00:00.000000000Z,6.75827E+11
btc,2022-05-08T00:00:00.000000000Z,6.48264E+11
btc,2022-05-09T00:00:00.000000000Z,5.79754E+11
btc,2022-05-10T00:00:00.000000000Z,5.89925E+11
btc,2022-05-11T00:00:00.000000000Z,5.48186E+11
btc,2022-05-12T00:00:00.000000000Z,5.52665E+11
btc,2022-05-13T00:00:00.000000000Z,5.57553E+11
btc,2022-05-14T00:00:00.000000000Z,5.72165E+11
btc,2022-05-15T00:00:00.000000000Z,5.93719E+11
btc,2022-05-16T00:00:00.000000000Z,5.69124E+11
btc,2022-05-17T00:00:00.000000000Z,5.79601E+11
btc,2022-05-18T00:00:00.000000000Z,5.47884E+11
btc,2022-05-19T00:00:00.000000000Z,5.7622E+11
btc,2022-05-20T00:00:00.000000000Z,5.56558E+11
btc,2022-05-21T00:00:00.000000000Z,5.60311E+11
btc,2022-05-22T00:00:00.000000000Z,5.77702E+11
btc,2022-05-23T00:00:00.000000000Z,5.54038E+11
btc,2022-05-24T00:00:00.000000000Z,5.64647E+11
btc,2022-05-25T00:00:00.000000000Z,5.63404E+11
btc,2022-05-26T00:00:00.000000000Z,5.58768E+11
btc,2022-05-27T00:00:00.000000000Z,5.45069E+11
btc,2022-05-28T00:00:00.000000000Z,5.53352E+11
btc,2022-05-29T00:00:00.000000000Z,5.60705E+11
btc,2022-05-30T00:00:00.000000000Z,6.04667E+11
btc,2022-05-31T00:00:00.000000000Z,6.06515E+11
btc,2022-06-01T00:00:00.000000000Z,5.6833E+11
btc,2022-06-02T00:00:00.000000000Z,5.81283E+11
btc,2022-06-03T00:00:00.000000000Z,5.65268E+11
btc,2022-06-04T00:00:00.000000000Z,5.67767E+11
btc,2022-06-05T00:00:00.000000000Z,5.70138E+11
btc,2022-06-06T00:00:00.000000000Z,5.97196E+11
btc,2022-06-07T00:00:00.000000000Z,5.94201E+11
btc,2022-06-08T00:00:00.000000000Z,5.7619E+11
btc,2022-06-09T00:00:00.000000000Z,5.73098E+11
btc,2022-06-10T00:00:00.000000000Z,5.54175E+11
btc,2022-06-11T00:00:00.000000000Z,5.40674E+11
btc,2022-06-12T00:00:00.000000000Z,5.11521E+11
btc,2022-06-13T00:00:00.000000000Z,4.25479E+11
btc,2022-06-14T00:00:00.000000000Z,4.20857E+11
btc,2022-06-15T00:00:00.000000000Z,4.29418E+11
btc,2022-06-16T00:00:00.000000000Z,3.87288E+11
btc,2022-06-17T00:00:00.000000000Z,3.90254E+11
btc,2022-06-18T00:00:00.000000000Z,3.62596E+11
btc,2022-06-19T00:00:00.000000000Z,3.90809E+11
btc,2022-06-20T00:00:00.000000000Z,3.9234E+11
btc,2022-06-21T00:00:00.000000000Z,3.94585E+11
btc,2022-06-22T00:00:00.000000000Z,3.81533E+11
btc,2022-06-23T00:00:00.000000000Z,4.02415E+11
btc,2022-06-24T00:00:00.000000000Z,4.06288E+11
btc,2022-06-25T00:00:00.000000000Z,4.09534E+11
btc,2022-06-26T00:00:00.000000000Z,4.01891E+11
btc,2022-06-27T00:00:00.000000000Z,3.95889E+11
btc,2022-06-28T00:00:00.000000000Z,3.86599E+11
btc,2022-06-29T00:00:00.000000000Z,3.8314E+11
btc,2022-06-30T00:00:00.000000000Z,3.68886E+11
btc,2022-07-01T00:00:00.000000000Z,3.69077E+11
btc,2022-07-02T00:00:00.000000000Z,3.66994E+11
btc,2022-07-03T00:00:00.000000000Z,3.67863E+11
btc,2022-07-04T00:00:00.000000000Z,3.86008E+11
btc,2022-07-05T00:00:00.000000000Z,3.85397E+11
btc,2022-07-06T00:00:00.000000000Z,3.92426E+11
btc,2022-07-07T00:00:00.000000000Z,4.13258E+11
btc,2022-07-08T00:00:00.000000000Z,4.16379E+11
btc,2022-07-09T00:00:00.000000000Z,4.12034E+11
btc,2022-07-10T00:00:00.000000000Z,3.97661E+11
btc,2022-07-11T00:00:00.000000000Z,3.81264E+11
btc,2022-07-12T00:00:00.000000000Z,3.69211E+11
btc,2022-07-13T00:00:00.000000000Z,3.84815E+11
btc,2022-07-14T00:00:00.000000000Z,3.92416E+11
btc,2022-07-15T00:00:00.000000000Z,3.97755E+11
btc,2022-07-16T00:00:00.000000000Z,4.0474E+11
btc,2022-07-17T00:00:00.000000000Z,3.9772E+11
btc,2022-07-18T00:00:00.000000000Z,4.25957E+11
btc,2022-07-19T00:00:00.000000000Z,4.46324E+11
btc,2022-07-20T00:00:00.000000000Z,4.4462E+11
btc,2022-07-21T00:00:00.000000000Z,4.42183E+11
btc,2022-07-22T00:00:00.000000000Z,4.33679E+11
btc,2022-07-23T00:00:00.000000000Z,4.29465E+11
btc,2022-07-24T00:00:00.000000000Z,4.32712E+11
btc,2022-07-25T00:00:00.000000000Z,4.10896E+11
btc,2022-07-26T00:00:00.000000000Z,4.04641E+11
btc,2022-07-27T00:00:00.000000000Z,4.37459E+11
btc,2022-07-28T00:00:00.000000000Z,4.55445E+11
btc,2022-07-29T00:00:00.000000000Z,4.57609E+11
btc,2022-07-30T00:00:00.000000000Z,4.51376E+11
btc,2022-07-31T00:00:00.000000000Z,4.46289E+11
btc,2022-08-01T00:00:00.000000000Z,4.45839E+11
btc,2022-08-02T00:00:00.000000000Z,4.40125E+11
btc,2022-08-03T00:00:00.000000000Z,4.35911E+11
btc,2022-08-04T00:00:00.000000000Z,4.32464E+11
btc,2022-08-05T00:00:00.000000000Z,4.44345E+11
btc,2022-08-06T00:00:00.000000000Z,4.39537E+11
btc,2022-08-07T00:00:00.000000000Z,4.42568E+11
btc,2022-08-08T00:00:00.000000000Z,4.55017E+11
btc,2022-08-09T00:00:00.000000000Z,4.43236E+11
btc,2022-08-10T00:00:00.000000000Z,4.57342E+11
btc,2022-08-11T00:00:00.000000000Z,4.57582E+11
btc,2022-08-12T00:00:00.000000000Z,4.66433E+11
btc,2022-08-13T00:00:00.000000000Z,4.67028E+11
btc,2022-08-14T00:00:00.000000000Z,4.64908E+11
btc,2022-08-15T00:00:00.000000000Z,4.60525E+11
btc,2022-08-16T00:00:00.000000000Z,4.56433E+11
btc,2022-08-17T00:00:00.000000000Z,4.46273E+11
btc,2022-08-18T00:00:00.000000000Z,4.44089E+11
btc,2022-08-19T00:00:00.000000000Z,3.99846E+11
btc,2022-08-20T00:00:00.000000000Z,4.04457E+11
btc,2022-08-21T00:00:00.000000000Z,4.12269E+11
btc,2022-08-22T00:00:00.000000000Z,4.07451E+11
btc,2022-08-23T00:00:00.000000000Z,4.11935E+11
btc,2022-08-24T00:00:00.000000000Z,4.09863E+11
btc,2022-08-25T00:00:00.000000000Z,4.12998E+11
btc,2022-08-26T00:00:00.000000000Z,3.8735E+11
btc,2022-08-27T00:00:00.000000000Z,3.83504E+11
btc,2022-08-28T00:00:00.000000000Z,3.76435E+11
btc,2022-08-29T00:00:00.000000000Z,3.87886E+11
btc,2022-08-30T00:00:00.000000000Z,3.79381E+11
btc,2022-08-31T00:00:00.000000000Z,3.83213E+11
btc,2022-09-01T00:00:00.000000000Z,3.84777E+11
btc,2022-09-02T00:00:00.000000000Z,3.81798E+11
btc,2022-09-03T00:00:00.000000000Z,3.79038E+11
btc,2022-09-04T00:00:00.000000000Z,3.82081E+11
btc,2022-09-05T00:00:00.000000000Z,3.78962E+11
btc,2022-09-06T00:00:00.000000000Z,3.60763E+11
btc,2022-09-07T00:00:00.000000000Z,3.69333E+11
btc,2022-09-08T00:00:00.000000000Z,3.69852E+11
btc,2022-09-09T00:00:00.000000000Z,4.09001E+11
btc,2022-09-10T00:00:00.000000000Z,4.15768E+11
btc,2022-09-11T00:00:00.000000000Z,4.1612E+11
btc,2022-09-12T00:00:00.000000000Z,4.28244E+11
btc,2022-09-13T00:00:00.000000000Z,3.86144E+11
btc,2022-09-14T00:00:00.000000000Z,3.87718E+11
btc,2022-09-15T00:00:00.000000000Z,3.77211E+11
btc,2022-09-16T00:00:00.000000000Z,3.78085E+11
btc,2022-09-17T00:00:00.000000000Z,3.85362E+11
btc,2022-09-18T00:00:00.000000000Z,3.72098E+11
btc,2022-09-19T00:00:00.000000000Z,3.74624E+11
btc,2022-09-20T00:00:00.000000000Z,3.61518E+11
btc,2022-09-21T00:00:00.000000000Z,3.54521E+11
btc,2022-09-22T00:00:00.000000000Z,3.71928E+11
btc,2022-09-23T00:00:00.000000000Z,3.70264E+11
btc,2022-09-24T00:00:00.000000000Z,3.62576E+11
btc,2022-09-25T00:00:00.000000000Z,3.60072E+11
btc,2022-09-26T00:00:00.000000000Z,3.67906E+11
btc,2022-09-27T00:00:00.000000000Z,3.66116E+11
btc,2022-09-28T00:00:00.000000000Z,3.72804E+11
btc,2022-09-29T00:00:00.000000000Z,3.74468E+11
btc,2022-09-30T00:00:00.000000000Z,3.72461E+11
btc,2022-10-01T00:00:00.000000000Z,3.70117E+11
btc,2022-10-02T00:00:00.000000000Z,3.64455E+11
btc,2022-10-03T00:00:00.000000000Z,3.76322E+11
btc,2022-10-04T00:00:00.000000000Z,3.89884E+11
btc,2022-10-05T00:00:00.000000000Z,3.86361E+11
btc,2022-10-06T00:00:00.000000000Z,3.82462E+11
btc,2022-10-07T00:00:00.000000000Z,3.74594E+11
btc,2022-10-08T00:00:00.000000000Z,3.72253E+11
btc,2022-10-09T00:00:00.000000000Z,3.72512E+11
btc,2022-10-10T00:00:00.000000000Z,3.67279E+11
btc,2022-10-11T00:00:00.000000000Z,3.6509E+11
btc,2022-10-12T00:00:00.000000000Z,3.67365E+11
btc,2022-10-13T00:00:00.000000000Z,3.7181E+11
btc,2022-10-14T00:00:00.000000000Z,3.67797E+11
btc,2022-10-15T00:00:00.000000000Z,3.65748E+11
btc,2022-10-16T00:00:00.000000000Z,3.69447E+11
btc,2022-10-17T00:00:00.000000000Z,3.75127E+11
btc,2022-10-18T00:00:00.000000000Z,3.7101E+11
btc,2022-10-19T00:00:00.000000000Z,3.67013E+11
btc,2022-10-20T00:00:00.000000000Z,3.65136E+11
btc,2022-10-21T00:00:00.000000000Z,3.67868E+11
btc,2022-10-22T00:00:00.000000000Z,3.68515E+11
btc,2022-10-23T00:00:00.000000000Z,3.75396E+11
btc,2022-10-24T00:00:00.000000000Z,3.71118E+11
btc,2022-10-25T00:00:00.000000000Z,3.85593E+11
btc,2022-10-26T00:00:00.000000000Z,3.99081E+11
btc,2022-10-27T00:00:00.000000000Z,3.89182E+11
btc,2022-10-28T00:00:00.000000000Z,3.95426E+11
btc,2022-10-29T00:00:00.000000000Z,3.99271E+11
btc,2022-10-30T00:00:00.000000000Z,3.95696E+11
btc,2022-10-31T00:00:00.000000000Z,3.93298E+11
btc,2022-11-01T00:00:00.000000000Z,3.93188E+11
btc,2022-11-02T00:00:00.000000000Z,3.86763E+11
btc,2022-11-03T00:00:00.000000000Z,3.87735E+11
btc,2022-11-04T00:00:00.000000000Z,4.06169E+11
btc,2022-11-05T00:00:00.000000000Z,4.08609E+11
btc,2022-11-06T00:00:00.000000000Z,4.02166E+11
btc,2022-11-07T00:00:00.000000000Z,3.94921E+11
btc,2022-11-08T00:00:00.000000000Z,3.55623E+11
btc,2022-11-09T00:00:00.000000000Z,3.02592E+11
btc,2022-11-10T00:00:00.000000000Z,3.36852E+11
btc,2022-11-11T00:00:00.000000000Z,3.24871E+11
btc,2022-11-12T00:00:00.000000000Z,3.22089E+11
btc,2022-11-13T00:00:00.000000000Z,3.13449E+11
btc,2022-11-14T00:00:00.000000000Z,3.19397E+11
btc,2022-11-15T00:00:00.000000000Z,3.23753E+11
btc,2022-11-16T00:00:00.000000000Z,3.20005E+11
btc,2022-11-17T00:00:00.000000000Z,3.20319E+11
btc,2022-11-18T00:00:00.000000000Z,3.20072E+11
btc,2022-11-19T00:00:00.000000000Z,3.20748E+11
btc,2022-11-20T00:00:00.000000000Z,3.12135E+11
btc,2022-11-21T00:00:00.000000000Z,3.03142E+11
btc,2022-11-22T00:00:00.000000000Z,3.10741E+11
btc,2022-11-23T00:00:00.000000000Z,3.18463E+11
btc,2022-11-24T00:00:00.000000000Z,3.18659E+11
btc,2022-11-25T00:00:00.000000000Z,3.17498E+11
btc,2022-11-26T00:00:00.000000000Z,3.16093E+11
btc,2022-11-27T00:00:00.000000000Z,3.15863E+11
btc,2022-11-28T00:00:00.000000000Z,3.11582E+11
btc,2022-11-29T00:00:00.000000000Z,3.16025E+11
btc,2022-11-30T00:00:00.000000000Z,3.30143E+11
btc,2022-12-01T00:00:00.000000000Z,3.26014E+11
btc,2022-12-02T00:00:00.000000000Z,3.28218E+11
btc,2022-12-03T00:00:00.000000000Z,3.24856E+11
btc,2022-12-04T00:00:00.000000000Z,3.29141E+11
btc,2022-12-05T00:00:00.000000000Z,3.26073E+11
btc,2022-12-06T00:00:00.000000000Z,3.28187E+11
btc,2022-12-07T00:00:00.000000000Z,3.23929E+11
btc,2022-12-08T00:00:00.000000000Z,3.31315E+11
btc,2022-12-09T00:00:00.000000000Z,3.295E+11
btc,2022-12-10T00:00:00.000000000Z,3.29287E+11
btc,2022-12-11T00:00:00.000000000Z,3.28729E+11
btc,2022-12-12T00:00:00.000000000Z,3.3069E+11
btc,2022-12-13T00:00:00.000000000Z,3.41849E+11
btc,2022-12-14T00:00:00.000000000Z,3.42537E+11
btc,2022-12-15T00:00:00.000000000Z,3.33597E+11
btc,2022-12-16T00:00:00.000000000Z,3.19417E+11
btc,2022-12-17T00:00:00.000000000Z,3.22668E+11
btc,2022-12-18T00:00:00.000000000Z,3.22715E+11
btc,2022-12-19T00:00:00.000000000Z,3.15959E+11
btc,2022-12-20T00:00:00.000000000Z,3.25163E+11
btc,2022-12-21T00:00:00.000000000Z,3.23229E+11
btc,2022-12-22T00:00:00.000000000Z,3.23508E+11
btc,2022-12-23T00:00:00.000000000Z,3.22873E+11
btc,2022-12-24T00:00:00.000000000Z,3.23986E+11
btc,2022-12-25T00:00:00.000000000Z,3.2375E+11
btc,2022-12-26T00:00:00.000000000Z,3.24824E+11
btc,2022-12-27T00:00:00.000000000Z,3.21354E+11
btc,2022-12-28T00:00:00.000000000Z,3.18237E+11
btc,2022-12-29T00:00:00.000000000Z,3.20069E+11
btc,2022-12-30T00:00:00.000000000Z,3.19374E+11
btc,2022-12-31T00:00:00.000000000Z,3.18052E+11
btc,2023-01-01T00:00:00.000000000Z,3.19658E+11
btc,2023-01-02T00:00:00.000000000Z,3.21251E+11
btc,2023-01-03T00:00:00.000000000Z,3.20909E+11
btc,2023-01-04T00:00:00.000000000Z,3.24357E+11
btc,2023-01-05T00:00:00.000000000Z,3.23919E+11
btc,2023-01-06T00:00:00.000000000Z,3.26497E+11
btc,2023-01-07T00:00:00.000000000Z,3.26222E+11
btc,2023-01-08T00:00:00.000000000Z,3.28485E+11
btc,2023-01-09T00:00:00.000000000Z,3.30871E+11
btc,2023-01-10T00:00:00.000000000Z,3.35732E+11
btc,2023-01-11T00:00:00.000000000Z,3.4345E+11
btc,2023-01-12T00:00:00.000000000Z,3.63419E+11
btc,2023-01-13T00:00:00.000000000Z,3.82678E+11
btc,2023-01-14T00:00:00.000000000Z,4.04698E+11
btc,2023-01-15T00:00:00.000000000Z,4.02122E+11
btc,2023-01-16T00:00:00.000000000Z,4.08007E+11
btc,2023-01-17T00:00:00.000000000Z,4.07986E+11
btc,2023-01-18T00:00:00.000000000Z,3.98978E+11
btc,2023-01-19T00:00:00.000000000Z,4.05974E+11
btc,2023-01-20T00:00:00.000000000Z,4.36606E+11
btc,2023-01-21T00:00:00.000000000Z,4.3937E+11
btc,2023-01-22T00:00:00.000000000Z,4.37715E+11
btc,2023-01-23T00:00:00.000000000Z,4.41836E+11
btc,2023-01-24T00:00:00.000000000Z,4.35732E+11
btc,2023-01-25T00:00:00.000000000Z,4.45347E+11
btc,2023-01-26T00:00:00.000000000Z,4.43437E+11
btc,2023-01-27T00:00:00.000000000Z,4.44652E+11
btc,2023-01-28T00:00:00.000000000Z,4.43485E+11
btc,2023-01-29T00:00:00.000000000Z,4.58277E+11
btc,2023-01-30T00:00:00.000000000Z,4.39495E+11
btc,2023-01-31T00:00:00.000000000Z,4.45889E+11
btc,2023-02-01T00:00:00.000000000Z,4.57417E+11
btc,2023-02-02T00:00:00.000000000Z,4.53166E+11
btc,2023-02-03T00:00:00.000000000Z,4.52034E+11
btc,2023-02-04T00:00:00.000000000Z,4.50312E+11
btc,2023-02-05T00:00:00.000000000Z,4.42653E+11
btc,2023-02-06T00:00:00.000000000Z,4.38585E+11
btc,2023-02-07T00:00:00.000000000Z,4.48656E+11
btc,2023-02-08T00:00:00.000000000Z,4.42337E+11
btc,2023-02-09T00:00:00.000000000Z,4.2077E+11
btc,2023-02-10T00:00:00.000000000Z,4.1698E+11
btc,2023-02-11T00:00:00.000000000Z,4.21711E+11
btc,2023-02-12T00:00:00.000000000Z,4.19944E+11
btc,2023-02-13T00:00:00.000000000Z,4.20478E+11
btc,2023-02-14T00:00:00.000000000Z,4.28672E+11
btc,2023-02-15T00:00:00.000000000Z,4.68862E+11
btc,2023-02-16T00:00:00.000000000Z,4.58041E+11
btc,2023-02-17T00:00:00.000000000Z,4.74754E+11
btc,2023-02-18T00:00:00.000000000Z,4.75343E+11
btc,2023-02-19T00:00:00.000000000Z,4.70168E+11
btc,2023-02-20T00:00:00.000000000Z,4.78506E+11
btc,2023-02-21T00:00:00.000000000Z,4.70859E+11
btc,2023-02-22T00:00:00.000000000Z,4.66318E+11
btc,2023-02-23T00:00:00.000000000Z,4.61443E+11
btc,2023-02-24T00:00:00.000000000Z,4.47297E+11
btc,2023-02-25T00:00:00.000000000Z,4.47008E+11
btc,2023-02-26T00:00:00.000000000Z,4.54403E+11
btc,2023-02-27T00:00:00.000000000Z,4.53696E+11
btc,2023-02-28T00:00:00.000000000Z,4.46801E+11
btc,2023-03-01T00:00:00.000000000Z,4.55791E+11
btc,2023-03-02T00:00:00.000000000Z,4.53102E+11
btc,2023-03-03T00:00:00.000000000Z,4.31501E+11
btc,2023-03-04T00:00:00.000000000Z,4.31218E+11
btc,2023-03-05T00:00:00.000000000Z,4.32892E+11
btc,2023-03-06T00:00:00.000000000Z,4.32815E+11
btc,2023-03-07T00:00:00.000000000Z,4.28198E+11
btc,2023-03-08T00:00:00.000000000Z,4.19082E+11
btc,2023-03-09T00:00:00.000000000Z,3.92998E+11
btc,2023-03-10T00:00:00.000000000Z,3.90902E+11
btc,2023-03-11T00:00:00.000000000Z,3.97579E+11
btc,2023-03-12T00:00:00.000000000Z,4.262E+11
btc,2023-03-13T00:00:00.000000000Z,4.66564E+11
btc,2023-03-14T00:00:00.000000000Z,4.78459E+11
btc,2023-03-15T00:00:00.000000000Z,4.71542E+11
btc,2023-03-16T00:00:00.000000000Z,4.83801E+11
btc,2023-03-17T00:00:00.000000000Z,5.30332E+11
btc,2023-03-18T00:00:00.000000000Z,5.21376E+11
btc,2023-03-19T00:00:00.000000000Z,5.44578E+11
btc,2023-03-20T00:00:00.000000000Z,5.37824E+11
btc,2023-03-21T00:00:00.000000000Z,5.44391E+11
btc,2023-03-22T00:00:00.000000000Z,5.28354E+11
btc,2023-03-23T00:00:00.000000000Z,5.48602E+11
btc,2023-03-24T00:00:00.000000000Z,5.30781E+11
btc,2023-03-25T00:00:00.000000000Z,5.31288E+11
btc,2023-03-26T00:00:00.000000000Z,5.42146E+11
btc,2023-03-27T00:00:00.000000000Z,5.24884E+11
btc,2023-03-28T00:00:00.000000000Z,5.27402E+11
btc,2023-03-29T00:00:00.000000000Z,5.48792E+11
btc,2023-03-30T00:00:00.000000000Z,5.41708E+11
btc,2023-03-31T00:00:00.000000000Z,5.51269E+11
btc,2023-04-01T00:00:00.000000000Z,5.50906E+11
btc,2023-04-02T00:00:00.000000000Z,5.445E+11
btc,2023-04-03T00:00:00.000000000Z,5.38513E+11
btc,2023-04-04T00:00:00.000000000Z,5.43621E+11
btc,2023-04-05T00:00:00.000000000Z,5.45126E+11
btc,2023-04-06T00:00:00.000000000Z,5.42419E+11
btc,2023-04-07T00:00:00.000000000Z,5.40275E+11
btc,2023-04-08T00:00:00.000000000Z,5.40827E+11
btc,2023-04-09T00:00:00.000000000Z,5.48468E+11
btc,2023-04-10T00:00:00.000000000Z,5.74215E+11
btc,2023-04-11T00:00:00.000000000Z,5.85061E+11
btc,2023-04-12T00:00:00.000000000Z,5.78627E+11
btc,2023-04-13T00:00:00.000000000Z,5.87514E+11
btc,2023-04-14T00:00:00.000000000Z,5.89245E+11
btc,2023-04-15T00:00:00.000000000Z,5.8701E+11
btc,2023-04-16T00:00:00.000000000Z,5.86476E+11
btc,2023-04-17T00:00:00.000000000Z,5.70182E+11
btc,2023-04-18T00:00:00.000000000Z,5.87573E+11
btc,2023-04-19T00:00:00.000000000Z,5.57223E+11
btc,2023-04-20T00:00:00.000000000Z,5.46692E+11
btc,2023-04-21T00:00:00.000000000Z,5.28152E+11
btc,2023-04-22T00:00:00.000000000Z,5.38541E+11
btc,2023-04-23T00:00:00.000000000Z,5.34254E+11
btc,2023-04-24T00:00:00.000000000Z,5.32643E+11
btc,2023-04-25T00:00:00.000000000Z,5.47813E+11
btc,2023-04-26T00:00:00.000000000Z,5.49414E+11
btc,2023-04-27T00:00:00.000000000Z,5.70368E+11
btc,2023-04-28T00:00:00.000000000Z,5.68171E+11
btc,2023-04-29T00:00:00.000000000Z,5.65695E+11
btc,2023-04-30T00:00:00.000000000Z,5.68442E+11
btc,2023-05-01T00:00:00.000000000Z,5.44323E+11
btc,2023-05-02T00:00:00.000000000Z,5.555E+11
btc,2023-05-03T00:00:00.000000000Z,5.62387E+11
btc,2023-05-04T00:00:00.000000000Z,5.58749E+11
btc,2023-05-05T00:00:00.000000000Z,5.72275E+11
btc,2023-05-06T00:00:00.000000000Z,5.59642E+11
btc,2023-05-07T00:00:00.000000000Z,5.57002E+11
btc,2023-05-08T00:00:00.000000000Z,5.36991E+11
btc,2023-05-09T00:00:00.000000000Z,5.35372E+11
btc,2023-05-10T00:00:00.000000000Z,5.35468E+11
btc,2023-05-11T00:00:00.000000000Z,5.22718E+11
btc,2023-05-12T00:00:00.000000000Z,5.18619E+11
btc,2023-05-13T00:00:00.000000000Z,5.19961E+11
btc,2023-05-14T00:00:00.000000000Z,5.21474E+11
btc,2023-05-15T00:00:00.000000000Z,5.27574E+11
btc,2023-05-16T00:00:00.000000000Z,5.2361E+11
btc,2023-05-17T00:00:00.000000000Z,5.30907E+11
btc,2023-05-18T00:00:00.000000000Z,5.20127E+11
btc,2023-05-19T00:00:00.000000000Z,5.21047E+11
btc,2023-05-20T00:00:00.000000000Z,5.25168E+11
btc,2023-05-21T00:00:00.000000000Z,5.18917E+11
btc,2023-05-22T00:00:00.000000000Z,5.20524E+11
btc,2023-05-23T00:00:00.000000000Z,5.27682E+11
btc,2023-05-24T00:00:00.000000000Z,5.10548E+11
btc,2023-05-25T00:00:00.000000000Z,5.1335E+11
btc,2023-05-26T00:00:00.000000000Z,5.17941E+11
btc,2023-05-27T00:00:00.000000000Z,5.20567E+11
btc,2023-05-28T00:00:00.000000000Z,5.44687E+11
btc,2023-05-29T00:00:00.000000000Z,5.3827E+11
btc,2023-05-30T00:00:00.000000000Z,5.37279E+11
btc,2023-05-31T00:00:00.000000000Z,5.27712E+11
btc,2023-06-01T00:00:00.000000000Z,5.20129E+11
btc,2023-06-02T00:00:00.000000000Z,5.28487E+11
btc,2023-06-03T00:00:00.000000000Z,5.25105E+11
btc,2023-06-04T00:00:00.000000000Z,5.26657E+11
btc,2023-06-05T00:00:00.000000000Z,5.00066E+11
btc,2023-06-06T00:00:00.000000000Z,5.27781E+11
btc,2023-06-07T00:00:00.000000000Z,5.10852E+11
btc,2023-06-08T00:00:00.000000000Z,5.14406E+11
btc,2023-06-09T00:00:00.000000000Z,5.13443E+11
btc,2023-06-10T00:00:00.000000000Z,5.01687E+11
btc,2023-06-11T00:00:00.000000000Z,5.02557E+11
btc,2023-06-12T00:00:00.000000000Z,5.02583E+11
btc,2023-06-13T00:00:00.000000000Z,5.02105E+11
btc,2023-06-14T00:00:00.000000000Z,4.86933E+11
btc,2023-06-15T00:00:00.000000000Z,4.95907E+11
btc,2023-06-16T00:00:00.000000000Z,5.10924E+11
btc,2023-06-17T00:00:00.000000000Z,5.14486E+11
btc,2023-06-18T00:00:00.000000000Z,5.11402E+11
btc,2023-06-19T00:00:00.000000000Z,5.19657E+11
btc,2023-06-20T00:00:00.000000000Z,5.49322E+11
btc,2023-06-21T00:00:00.000000000Z,5.84165E+11
btc,2023-06-22T00:00:00.000000000Z,5.81335E+11
btc,2023-06-23T00:00:00.000000000Z,5.94672E+11
btc,2023-06-24T00:00:00.000000000Z,5.92962E+11
btc,2023-06-25T00:00:00.000000000Z,5.91407E+11
btc,2023-06-26T00:00:00.000000000Z,5.87329E+11
btc,2023-06-27T00:00:00.000000000Z,5.95339E+11
btc,2023-06-28T00:00:00.000000000Z,5.84435E+11
btc,2023-06-29T00:00:00.000000000Z,5.91381E+11
btc,2023-06-30T00:00:00.000000000Z,5.9187E+11
btc,2023-07-01T00:00:00.000000000Z,5.93787E+11
btc,2023-07-02T00:00:00.000000000Z,5.94055E+11
btc,2023-07-03T00:00:00.000000000Z,6.04595E+11
btc,2023-07-04T00:00:00.000000000Z,5.98109E+11
btc,2023-07-05T00:00:00.000000000Z,5.9227E+11
btc,2023-07-06T00:00:00.000000000Z,5.82238E+11
btc,2023-07-07T00:00:00.000000000Z,5.89064E+11
btc,2023-07-08T00:00:00.000000000Z,5.8781E+11
btc,2023-07-09T00:00:00.000000000Z,5.85894E+11
btc,2023-07-10T00:00:00.000000000Z,5.90421E+11
btc,2023-07-11T00:00:00.000000000Z,5.94755E+11
btc,2023-07-12T00:00:00.000000000Z,5.90301E+11
btc,2023-07-13T00:00:00.000000000Z,6.10709E+11
btc,2023-07-14T00:00:00.000000000Z,5.88894E+11
btc,2023-07-15T00:00:00.000000000Z,5.88536E+11
btc,2023-07-16T00:00:00.000000000Z,5.87763E+11
btc,2023-07-17T00:00:00.000000000Z,5.85732E+11
btc,2023-07-18T00:00:00.000000000Z,5.79773E+11
btc,2023-07-19T00:00:00.000000000Z,5.81304E+11
btc,2023-07-20T00:00:00.000000000Z,5.79245E+11
btc,2023-07-21T00:00:00.000000000Z,5.81487E+11
btc,2023-07-22T00:00:00.000000000Z,5.77742E+11
btc,2023-07-23T00:00:00.000000000Z,5.84387E+11
btc,2023-07-24T00:00:00.000000000Z,5.6715E+11
btc,2023-07-25T00:00:00.000000000Z,5.68012E+11
btc,2023-07-26T00:00:00.000000000Z,5.70764E+11
btc,2023-07-27T00:00:00.000000000Z,5.67682E+11
btc,2023-07-28T00:00:00.000000000Z,5.69936E+11
btc,2023-07-29T00:00:00.000000000Z,5.70819E+11
btc,2023-07-30T00:00:00.000000000Z,5.68947E+11
btc,2023-07-31T00:00:00.000000000Z,5.6814E+11
btc,2023-08-01T00:00:00.000000000Z,5.73607E+11
btc,2023-08-02T00:00:00.000000000Z,5.667E+11
btc,2023-08-03T00:00:00.000000000Z,5.67685E+11
btc,2023-08-04T00:00:00.000000000Z,5.65086E+11
btc,2023-08-05T00:00:00.000000000Z,5.65027E+11
btc,2023-08-06T00:00:00.000000000Z,5.64957E+11
btc,2023-08-07T00:00:00.000000000Z,5.67248E+11
btc,2023-08-08T00:00:00.000000000Z,5.79241E+11
btc,2023-08-09T00:00:00.000000000Z,5.7544E+11
btc,2023-08-10T00:00:00.000000000Z,5.72498E+11
btc,2023-08-11T00:00:00.000000000Z,5.71931E+11
btc,2023-08-12T00:00:00.000000000Z,5.72269E+11
btc,2023-08-13T00:00:00.000000000Z,5.69777E+11
btc,2023-08-14T00:00:00.000000000Z,5.72192E+11
btc,2023-08-15T00:00:00.000000000Z,5.67527E+11
btc,2023-08-16T00:00:00.000000000Z,5.59516E+11
btc,2023-08-17T00:00:00.000000000Z,5.18803E+11
btc,2023-08-18T00:00:00.000000000Z,5.06701E+11
btc,2023-08-19T00:00:00.000000000Z,5.07825E+11
btc,2023-08-20T00:00:00.000000000Z,5.09453E+11
btc,2023-08-21T00:00:00.000000000Z,5.08554E+11
btc,2023-08-22T00:00:00.000000000Z,5.05648E+11
btc,2023-08-23T00:00:00.000000000Z,5.14897E+11
btc,2023-08-24T00:00:00.000000000Z,5.08586E+11
btc,2023-08-25T00:00:00.000000000Z,5.06937E+11
btc,2023-08-26T00:00:00.000000000Z,5.06283E+11
btc,2023-08-27T00:00:00.000000000Z,5.07867E+11
btc,2023-08-28T00:00:00.000000000Z,5.08215E+11
btc,2023-08-29T00:00:00.000000000Z,5.38782E+11
btc,2023-08-30T00:00:00.000000000Z,5.31542E+11
btc,2023-08-31T00:00:00.000000000Z,5.05391E+11
btc,2023-09-01T00:00:00.000000000Z,5.02452E+11
btc,2023-09-02T00:00:00.000000000Z,5.03753E+11
btc,2023-09-03T00:00:00.000000000Z,5.05613E+11
btc,2023-09-04T00:00:00.000000000Z,5.02463E+11
btc,2023-09-05T00:00:00.000000000Z,5.02153E+11
btc,2023-09-06T00:00:00.000000000Z,5.01636E+11
btc,2023-09-07T00:00:00.000000000Z,5.10536E+11
btc,2023-09-08T00:00:00.000000000Z,5.04601E+11
btc,2023-09-09T00:00:00.000000000Z,5.04427E+11
btc,2023-09-10T00:00:00.000000000Z,5.03221E+11
btc,2023-09-11T00:00:00.000000000Z,4.89677E+11
btc,2023-09-12T00:00:00.000000000Z,5.0382E+11
btc,2023-09-13T00:00:00.000000000Z,5.10997E+11
btc,2023-09-14T00:00:00.000000000Z,5.17435E+11
btc,2023-09-15T00:00:00.000000000Z,5.19733E+11
btc,2023-09-16T00:00:00.000000000Z,5.17484E+11
btc,2023-09-17T00:00:00.000000000Z,5.16473E+11
btc,2023-09-18T00:00:00.000000000Z,5.21609E+11
btc,2023-09-19T00:00:00.000000000Z,5.30413E+11
btc,2023-09-20T00:00:00.000000000Z,5.28845E+11
btc,2023-09-21T00:00:00.000000000Z,5.1792E+11
btc,2023-09-22T00:00:00.000000000Z,5.18129E+11
btc,2023-09-23T00:00:00.000000000Z,5.18045E+11
btc,2023-09-24T00:00:00.000000000Z,5.12435E+11
btc,2023-09-25T00:00:00.000000000Z,5.12502E+11
btc,2023-09-26T00:00:00.000000000Z,5.10687E+11
btc,2023-09-27T00:00:00.000000000Z,5.13469E+11
btc,2023-09-28T00:00:00.000000000Z,5.27092E+11
btc,2023-09-29T00:00:00.000000000Z,5.24734E+11
btc,2023-09-30T00:00:00.000000000Z,5.26054E+11
btc,2023-10-01T00:00:00.000000000Z,5.45041E+11
btc,2023-10-02T00:00:00.000000000Z,5.37572E+11
btc,2023-10-03T00:00:00.000000000Z,5.35127E+11
btc,2023-10-04T00:00:00.000000000Z,5.42139E+11
btc,2023-10-05T00:00:00.000000000Z,5.34928E+11
btc,2023-10-06T00:00:00.000000000Z,5.45009E+11
btc,2023-10-07T00:00:00.000000000Z,5.45638E+11
btc,2023-10-08T00:00:00.000000000Z,5.44958E+11
btc,2023-10-09T00:00:00.000000000Z,5.38253E+11
btc,2023-10-10T00:00:00.000000000Z,5.34933E+11
btc,2023-10-11T00:00:00.000000000Z,5.23418E+11
btc,2023-10-12T00:00:00.000000000Z,5.21751E+11
btc,2023-10-13T00:00:00.000000000Z,5.23751E+11
btc,2023-10-14T00:00:00.000000000Z,5.24156E+11
btc,2023-10-15T00:00:00.000000000Z,5.29416E+11
btc,2023-10-16T00:00:00.000000000Z,5.56307E+11
btc,2023-10-17T00:00:00.000000000Z,5.54894E+11
btc,2023-10-18T00:00:00.000000000Z,5.52873E+11
btc,2023-10-19T00:00:00.000000000Z,5.5997E+11
btc,2023-10-20T00:00:00.000000000Z,5.79799E+11
btc,2023-10-21T00:00:00.000000000Z,5.8407E+11
btc,2023-10-22T00:00:00.000000000Z,5.85301E+11
btc,2023-10-23T00:00:00.000000000Z,6.43306E+11
btc,2023-10-24T00:00:00.000000000Z,6.61433E+11
btc,2023-10-25T00:00:00.000000000Z,6.73325E+11
btc,2023-10-26T00:00:00.000000000Z,6.67358E+11
btc,2023-10-27T00:00:00.000000000Z,6.61834E+11
btc,2023-10-28T00:00:00.000000000Z,6.65668E+11
btc,2023-10-29T00:00:00.000000000Z,6.75129E+11
btc,2023-10-30T00:00:00.000000000Z,6.73611E+11
btc,2023-10-31T00:00:00.000000000Z,6.76403E+11
btc,2023-11-01T00:00:00.000000000Z,6.91974E+11
btc,2023-11-02T00:00:00.000000000Z,6.81284E+11
btc,2023-11-03T00:00:00.000000000Z,6.77903E+11
btc,2023-11-04T00:00:00.000000000Z,6.85411E+11
btc,2023-11-05T00:00:00.000000000Z,6.8572E+11
btc,2023-11-06T00:00:00.000000000Z,6.84051E+11
btc,2023-11-07T00:00:00.000000000Z,6.91907E+11
btc,2023-11-08T00:00:00.000000000Z,6.99349E+11
btc,2023-11-09T00:00:00.000000000Z,7.16525E+11
btc,2023-11-10T00:00:00.000000000Z,7.3008E+11
btc,2023-11-11T00:00:00.000000000Z,7.22544E+11
btc,2023-11-12T00:00:00.000000000Z,7.24016E+11
btc,2023-11-13T00:00:00.000000000Z,7.14085E+11
btc,2023-11-14T00:00:00.000000000Z,6.95498E+11
btc,2023-11-15T00:00:00.000000000Z,7.39497E+11
btc,2023-11-16T00:00:00.000000000Z,7.06697E+11
btc,2023-11-17T00:00:00.000000000Z,7.14729E+11
btc,2023-11-18T00:00:00.000000000Z,7.14914E+11
btc,2023-11-19T00:00:00.000000000Z,7.31861E+11
btc,2023-11-20T00:00:00.000000000Z,7.33335E+11
btc,2023-11-21T00:00:00.000000000Z,7.04422E+11
btc,2023-11-22T00:00:00.000000000Z,7.31199E+11
btc,2023-11-23T00:00:00.000000000Z,7.29448E+11
btc,2023-11-24T00:00:00.000000000Z,7.37441E+11
btc,2023-11-25T00:00:00.000000000Z,7.3907E+11
btc,2023-11-26T00:00:00.000000000Z,7.32902E+11
btc,2023-11-27T00:00:00.000000000Z,7.27979E+11
btc,2023-11-28T00:00:00.000000000Z,7.39729E+11
btc,2023-11-29T00:00:00.000000000Z,7.40123E+11
btc,2023-11-30T00:00:00.000000000Z,7.3753E+11
btc,2023-12-01T00:00:00.000000000Z,7.56941E+11
btc,2023-12-02T00:00:00.000000000Z,7.71821E+11
btc,2023-12-03T00:00:00.000000000Z,7.81944E+11
btc,2023-12-04T00:00:00.000000000Z,8.19776E+11
btc,2023-12-05T00:00:00.000000000Z,8.62005E+11
btc,2023-12-06T00:00:00.000000000Z,8.55761E+11
btc,2023-12-07T00:00:00.000000000Z,8.46736E+11
btc,2023-12-08T00:00:00.000000000Z,8.64814E+11
btc,2023-12-09T00:00:00.000000000Z,8.55753E+11
btc,2023-12-10T00:00:00.000000000Z,8.55652E+11
btc,2023-12-11T00:00:00.000000000Z,8.06329E+11
btc,2023-12-12T00:00:00.000000000Z,8.11405E+11
btc,2023-12-13T00:00:00.000000000Z,8.40243E+11
btc,2023-12-14T00:00:00.000000000Z,8.42123E+11
btc,2023-12-15T00:00:00.000000000Z,8.21517E+11
btc,2023-12-16T00:00:00.000000000Z,8.25965E+11
btc,2023-12-17T00:00:00.000000000Z,8.10844E+11
btc,2023-12-18T00:00:00.000000000Z,8.34509E+11
btc,2023-12-19T00:00:00.000000000Z,8.27432E+11
btc,2023-12-20T00:00:00.000000000Z,8.53574E+11
btc,2023-12-21T00:00:00.000000000Z,8.58802E+11
btc,2023-12-22T00:00:00.000000000Z,8.6157E+11
btc,2023-12-23T00:00:00.000000000Z,8.56902E+11
btc,2023-12-24T00:00:00.000000000Z,8.43809E+11
btc,2023-12-25T00:00:00.000000000Z,8.54154E+11
btc,2023-12-26T00:00:00.000000000Z,8.32014E+11
btc,2023-12-27T00:00:00.000000000Z,8.5057E+11
btc,2023-12-28T00:00:00.000000000Z,8.35601E+11
btc,2023-12-29T00:00:00.000000000Z,8.22472E+11
btc,2023-12-30T00:00:00.000000000Z,8.26544E+11
btc,2023-12-31T00:00:00.000000000Z,8.2683E+11
btc,2024-01-01T00:00:00.000000000Z,8.6276E+11
btc,2024-01-02T00:00:00.000000000Z,8.80267E+11
btc,2024-01-03T00:00:00.000000000Z,8.37847E+11
btc,2024-01-04T00:00:00.000000000Z,8.66822E+11
btc,2024-01-05T00:00:00.000000000Z,8.64826E+11
btc,2024-01-06T00:00:00.000000000Z,8.60391E+11
btc,2024-01-07T00:00:00.000000000Z,8.58983E+11
btc,2024-01-08T00:00:00.000000000Z,9.2048E+11
btc,2024-01-09T00:00:00.000000000Z,9.02935E+11
btc,2024-01-10T00:00:00.000000000Z,9.17362E+11
btc,2024-01-11T00:00:00.000000000Z,9.08833E+11
btc,2024-01-12T00:00:00.000000000Z,8.39054E+11
btc,2024-01-13T00:00:00.000000000Z,8.39677E+11
btc,2024-01-14T00:00:00.000000000Z,8.20929E+11
btc,2024-01-15T00:00:00.000000000Z,8.33521E+11
btc,2024-01-16T00:00:00.000000000Z,8.46143E+11
btc,2024-01-17T00:00:00.000000000Z,8.36729E+11
btc,2024-01-18T00:00:00.000000000Z,8.08782E+11
btc,2024-01-19T00:00:00.000000000Z,8.1558E+11
btc,2024-01-20T00:00:00.000000000Z,8.16828E+11
btc,2024-01-21T00:00:00.000000000Z,8.14284E+11
btc,2024-01-22T00:00:00.000000000Z,7.75895E+11
btc,2024-01-23T00:00:00.000000000Z,7.79075E+11
btc,2024-01-24T00:00:00.000000000Z,7.86261E+11
btc,2024-01-25T00:00:00.000000000Z,7.82688E+11
btc,2024-01-26T00:00:00.000000000Z,8.20833E+11
btc,2024-01-27T00:00:00.000000000Z,8.26062E+11
btc,2024-01-28T00:00:00.000000000Z,8.23317E+11
btc,2024-01-29T00:00:00.000000000Z,8.47586E+11
btc,2024-01-30T00:00:00.000000000Z,8.42366E+11
btc,2024-01-31T00:00:00.000000000Z,8.35331E+11
btc,2024-02-01T00:00:00.000000000Z,8.43819E+11
btc,2024-02-02T00:00:00.000000000Z,8.46509E+11
btc,2024-02-03T00:00:00.000000000Z,8.43165E+11
btc,2024-02-04T00:00:00.000000000Z,8.3524E+11
btc,2024-02-05T00:00:00.000000000Z,8.36123E+11
btc,2024-02-06T00:00:00.000000000Z,8.45649E+11
btc,2024-02-07T00:00:00.000000000Z,8.68265E+11
btc,2024-02-08T00:00:00.000000000Z,8.89483E+11
btc,2024-02-09T00:00:00.000000000Z,9.25723E+11
btc,2024-02-10T00:00:00.000000000Z,9.37859E+11
btc,2024-02-11T00:00:00.000000000Z,9.45909E+11
btc,2024-02-12T00:00:00.000000000Z,9.8106E+11
btc,2024-02-13T00:00:00.000000000Z,9.74015E+11
btc,2024-02-14T00:00:00.000000000Z,1.01756E+12
btc,2024-02-15T00:00:00.000000000Z,1.01946E+12
btc,2024-02-16T00:00:00.000000000Z,1.0238E+12
btc,2024-02-17T00:00:00.000000000Z,1.01437E+12
btc,2024-02-18T00:00:00.000000000Z,1.02371E+12
btc,2024-02-19T00:00:00.000000000Z,1.01701E+12
btc,2024-02-20T00:00:00.000000000Z,1.02693E+12
btc,2024-02-21T00:00:00.000000000Z,1.01591E+12
btc,2024-02-22T00:00:00.000000000Z,1.00708E+12
btc,2024-02-23T00:00:00.000000000Z,9.97244E+11
btc,2024-02-24T00:00:00.000000000Z,1.01279E+12
btc,2024-02-25T00:00:00.000000000Z,1.01614E+12
btc,2024-02-26T00:00:00.000000000Z,1.07128E+12
btc,2024-02-27T00:00:00.000000000Z,1.12038E+12
btc,2024-02-28T00:00:00.000000000Z,1.2267E+12
btc,2024-02-29T00:00:00.000000000Z,1.20582E+12
btc,2024-03-01T00:00:00.000000000Z,1.22806E+12
btc,2024-03-02T00:00:00.000000000Z,1.21879E+12
btc,2024-03-03T00:00:00.000000000Z,1.23734E+12
btc,2024-03-04T00:00:00.000000000Z,1.33759E+12
btc,2024-03-05T00:00:00.000000000Z,1.25629E+12
btc,2024-03-06T00:00:00.000000000Z,1.29866E+12
btc,2024-03-07T00:00:00.000000000Z,1.31771E+12
btc,2024-03-08T00:00:00.000000000Z,1.3428E+12
btc,2024-03-09T00:00:00.000000000Z,1.34599E+12
btc,2024-03-10T00:00:00.000000000Z,1.35352E+12
btc,2024-03-11T00:00:00.000000000Z,1.41874E+12
btc,2024-03-12T00:00:00.000000000Z,1.40378E+12
btc,2024-03-13T00:00:00.000000000Z,1.43625E+12
btc,2024-03-14T00:00:00.000000000Z,1.40534E+12
btc,2024-03-15T00:00:00.000000000Z,1.36451E+12
btc,2024-03-16T00:00:00.000000000Z,1.28612E+12
btc,2024-03-17T00:00:00.000000000Z,1.34223E+12
btc,2024-03-18T00:00:00.000000000Z,1.33218E+12
btc,2024-03-19T00:00:00.000000000Z,1.21819E+12
btc,2024-03-20T00:00:00.000000000Z,1.33383E+12
btc,2024-03-21T00:00:00.000000000Z,1.28683E+12
btc,2024-03-22T00:00:00.000000000Z,1.24819E+12
btc,2024-03-23T00:00:00.000000000Z,1.26544E+12
btc,2024-03-24T00:00:00.000000000Z,1.32308E+12
btc,2024-03-25T00:00:00.000000000Z,1.37728E+12
btc,2024-03-26T00:00:00.000000000Z,1.3779E+12
btc,2024-03-27T00:00:00.000000000Z,1.36217E+12
btc,2024-03-28T00:00:00.000000000Z,1.39289E+12
btc,2024-03-29T00:00:00.000000000Z,1.37506E+12
btc,2024-03-30T00:00:00.000000000Z,1.37013E+12
btc,2024-03-31T00:00:00.000000000Z,1.40097E+12
btc,2024-04-01T00:00:00.000000000Z,1.37278E+12
btc,2024-04-02T00:00:00.000000000Z,1.28909E+12
btc,2024-04-03T00:00:00.000000000Z,1.30089E+12
btc,2024-04-04T00:00:00.000000000Z,1.34635E+12
btc,2024-04-05T00:00:00.000000000Z,1.33592E+12
btc,2024-04-06T00:00:00.000000000Z,1.3602E+12
btc,2024-04-07T00:00:00.000000000Z,1.36532E+12
btc,2024-04-08T00:00:00.000000000Z,1.41105E+12
btc,2024-04-09T00:00:00.000000000Z,1.3592E+12
btc,2024-04-10T00:00:00.000000000Z,1.38888E+12
btc,2024-04-11T00:00:00.000000000Z,1.37846E+12
btc,2024-04-12T00:00:00.000000000Z,1.32049E+12
btc,2024-04-13T00:00:00.000000000Z,1.27043E+12
btc,2024-04-14T00:00:00.000000000Z,1.29209E+12
btc,2024-04-15T00:00:00.000000000Z,1.24776E+12
btc,2024-04-16T00:00:00.000000000Z,1.25552E+12
btc,2024-04-17T00:00:00.000000000Z,1.20715E+12
btc,2024-04-18T00:00:00.000000000Z,1.25024E+12
btc,2024-04-19T00:00:00.000000000Z,1.25526E+12
btc,2024-04-20T00:00:00.000000000Z,1.27787E+12
btc,2024-04-21T00:00:00.000000000Z,1.27909E+12
btc,2024-04-22T00:00:00.000000000Z,1.31803E+12
btc,2024-04-23T00:00:00.000000000Z,1.30705E+12
btc,2024-04-24T00:00:00.000000000Z,1.26386E+12
btc,2024-04-25T00:00:00.000000000Z,1.2703E+12
btc,2024-04-26T00:00:00.000000000Z,1.2558E+12
btc,2024-04-27T00:00:00.000000000Z,1.24897E+12
btc,2024-04-28T00:00:00.000000000Z,1.24012E+12
btc,2024-04-29T00:00:00.000000000Z,1.25846E+12
btc,2024-04-30T00:00:00.000000000Z,1.19405E+12
btc,2024-05-01T00:00:00.000000000Z,1.14495E+12
btc,2024-05-02T00:00:00.000000000Z,1.16523E+12
btc,2024-05-03T00:00:00.000000000Z,1.24035E+12
btc,2024-05-04T00:00:00.000000000Z,1.25805E+12
btc,2024-05-05T00:00:00.000000000Z,1.26175E+12
btc,2024-05-06T00:00:00.000000000Z,1.24525E+12
btc,2024-05-07T00:00:00.000000000Z,1.2289E+12
btc,2024-05-08T00:00:00.000000000Z,1.20297E+12
btc,2024-05-09T00:00:00.000000000Z,1.2408E+12
btc,2024-05-10T00:00:00.000000000Z,1.19943E+12
btc,2024-05-11T00:00:00.000000000Z,1.19841E+12
btc,2024-05-12T00:00:00.000000000Z,1.21002E+12
btc,2024-05-13T00:00:00.000000000Z,1.23872E+12
btc,2024-05-14T00:00:00.000000000Z,1.21252E+12
btc,2024-05-15T00:00:00.000000000Z,1.30564E+12
btc,2024-05-16T00:00:00.000000000Z,1.28573E+12
btc,2024-05-17T00:00:00.000000000Z,1.31899E+12
btc,2024-05-18T00:00:00.000000000Z,1.31944E+12
btc,2024-05-19T00:00:00.000000000Z,1.30532E+12
btc,2024-05-20T00:00:00.000000000Z,1.40273E+12
btc,2024-05-21T00:00:00.000000000Z,1.38336E+12
btc,2024-05-22T00:00:00.000000000Z,1.36088E+12
btc,2024-05-23T00:00:00.000000000Z,1.33499E+12
btc,2024-05-24T00:00:00.000000000Z,1.35177E+12
btc,2024-05-25T00:00:00.000000000Z,1.36508E+12
btc,2024-05-26T00:00:00.000000000Z,1.34861E+12
btc,2024-05-27T00:00:00.000000000Z,1.36644E+12
btc,2024-05-28T00:00:00.000000000Z,1.34666E+12
btc,2024-05-29T00:00:00.000000000Z,1.33173E+12
btc,2024-05-30T00:00:00.000000000Z,1.34735E+12
btc,2024-05-31T00:00:00.000000000Z,1.32773E+12
btc,2024-06-01T00:00:00.000000000Z,1.33439E+12
btc,2024-06-02T00:00:00.000000000Z,1.33622E+12
btc,2024-06-03T00:00:00.000000000Z,1.3565E+12
btc,2024-06-04T00:00:00.000000000Z,1.39043E+12
btc,2024-06-05T00:00:00.000000000Z,1.40098E+12
btc,2024-06-06T00:00:00.000000000Z,1.3951E+12
btc,2024-06-07T00:00:00.000000000Z,1.36655E+12
btc,2024-06-08T00:00:00.000000000Z,1.36605E+12
btc,2024-06-09T00:00:00.000000000Z,1.37267E+12
btc,2024-06-10T00:00:00.000000000Z,1.36919E+12
btc,2024-06-11T00:00:00.000000000Z,1.32787E+12
btc,2024-06-12T00:00:00.000000000Z,1.34457E+12
btc,2024-06-13T00:00:00.000000000Z,1.3164E+12
btc,2024-06-14T00:00:00.000000000Z,1.30063E+12
btc,2024-06-15T00:00:00.000000000Z,1.30504E+12
btc,2024-06-16T00:00:00.000000000Z,1.3133E+12
btc,2024-06-17T00:00:00.000000000Z,1.31061E+12
btc,2024-06-18T00:00:00.000000000Z,1.2836E+12
btc,2024-06-19T00:00:00.000000000Z,1.27903E+12
btc,2024-06-20T00:00:00.000000000Z,1.27943E+12
btc,2024-06-21T00:00:00.000000000Z,1.26344E+12
btc,2024-06-22T00:00:00.000000000Z,1.26685E+12
btc,2024-06-23T00:00:00.000000000Z,1.24887E+12
btc,2024-06-24T00:00:00.000000000Z,1.18805E+12
btc,2024-06-25T00:00:00.000000000Z,1.21728E+12
btc,2024-06-26T00:00:00.000000000Z,1.19867E+12
btc,2024-06-27T00:00:00.000000000Z,1.214E+12
btc,2024-06-28T00:00:00.000000000Z,1.18906E+12
btc,2024-06-29T00:00:00.000000000Z,1.20063E+12
btc,2024-06-30T00:00:00.000000000Z,1.2376E+12
btc,2024-07-01T00:00:00.000000000Z,1.23904E+12
btc,2024-07-02T00:00:00.000000000Z,1.22315E+12
btc,2024-07-03T00:00:00.000000000Z,1.18743E+12
btc,2024-07-04T00:00:00.000000000Z,1.13225E+12
btc,2024-07-05T00:00:00.000000000Z,1.11851E+12
btc,2024-07-06T00:00:00.000000000Z,1.14884E+12
btc,2024-07-07T00:00:00.000000000Z,1.10652E+12
btc,2024-07-08T00:00:00.000000000Z,1.11794E+12
btc,2024-07-09T00:00:00.000000000Z,1.14338E+12
btc,2024-07-10T00:00:00.000000000Z,1.13826E+12
btc,2024-07-11T00:00:00.000000000Z,1.1301E+12
btc,2024-07-12T00:00:00.000000000Z,1.14098E+12
btc,2024-07-13T00:00:00.000000000Z,1.16998E+12
btc,2024-07-14T00:00:00.000000000Z,1.20323E+12
btc,2024-07-15T00:00:00.000000000Z,1.27659E+12
btc,2024-07-16T00:00:00.000000000Z,1.28454E+12
btc,2024-07-17T00:00:00.000000000Z,1.26647E+12
btc,2024-07-18T00:00:00.000000000Z,1.26222E+12
btc,2024-07-19T00:00:00.000000000Z,1.31693E+12
btc,2024-07-20T00:00:00.000000000Z,1.32543E+12
btc,2024-07-21T00:00:00.000000000Z,1.34265E+12
btc,2024-07-22T00:00:00.000000000Z,1.3324E+12
btc,2024-07-23T00:00:00.000000000Z,1.3005E+12
btc,2024-07-24T00:00:00.000000000Z,1.28943E+12
btc,2024-07-25T00:00:00.000000000Z,1.29673E+12
btc,2024-07-26T00:00:00.000000000Z,1.33998E+12
btc,2024-07-27T00:00:00.000000000Z,1.34327E+12
btc,2024-07-28T00:00:00.000000000Z,1.34515E+12
btc,2024-07-29T00:00:00.000000000Z,1.31946E+12
btc,2024-07-30T00:00:00.000000000Z,1.30607E+12
btc,2024-07-31T00:00:00.000000000Z,1.27657E+12
btc,2024-08-01T00:00:00.000000000Z,1.28622E+12
btc,2024-08-02T00:00:00.000000000Z,1.2138E+12
btc,2024-08-03T00:00:00.000000000Z,1.19767E+12
btc,2024-08-04T00:00:00.000000000Z,1.15069E+12
btc,2024-08-05T00:00:00.000000000Z,1.07251E+12
btc,2024-08-06T00:00:00.000000000Z,1.10616E+12
btc,2024-08-07T00:00:00.000000000Z,1.08807E+12
btc,2024-08-08T00:00:00.000000000Z,1.22189E+12
btc,2024-08-09T00:00:00.000000000Z,1.19847E+12
btc,2024-08-10T00:00:00.000000000Z,1.20147E+12
btc,2024-08-11T00:00:00.000000000Z,1.16132E+12
btc,2024-08-12T00:00:00.000000000Z,1.17236E+12
btc,2024-08-13T00:00:00.000000000Z,1.19493E+12
btc,2024-08-14T00:00:00.000000000Z,1.16149E+12
btc,2024-08-15T00:00:00.000000000Z,1.13789E+12
btc,2024-08-16T00:00:00.000000000Z,1.16325E+12
btc,2024-08-17T00:00:00.000000000Z,1.1729E+12
btc,2024-08-18T00:00:00.000000000Z,1.16066E+12
btc,2024-08-19T00:00:00.000000000Z,1.17289E+12
btc,2024-08-20T00:00:00.000000000Z,1.16723E+12
btc,2024-08-21T00:00:00.000000000Z,1.20693E+12
btc,2024-08-22T00:00:00.000000000Z,1.19238E+12
btc,2024-08-23T00:00:00.000000000Z,1.26571E+12
btc,2024-08-24T00:00:00.000000000Z,1.26409E+12
btc,2024-08-25T00:00:00.000000000Z,1.27349E+12
btc,2024-08-26T00:00:00.000000000Z,1.24362E+12
btc,2024-08-27T00:00:00.000000000Z,1.17581E+12
btc,2024-08-28T00:00:00.000000000Z,1.167E+12
btc,2024-08-29T00:00:00.000000000Z,1.17175E+12
btc,2024-08-30T00:00:00.000000000Z,1.16789E+12
btc,2024-08-31T00:00:00.000000000Z,1.1643E+12
btc,2024-09-01T00:00:00.000000000Z,1.13252E+12
btc,2024-09-02T00:00:00.000000000Z,1.16829E+12
btc,2024-09-03T00:00:00.000000000Z,1.13827E+12
btc,2024-09-04T00:00:00.000000000Z,1.14611E+12
btc,2024-09-05T00:00:00.000000000Z,1.10821E+12
btc,2024-09-06T00:00:00.000000000Z,1.06333E+12
btc,2024-09-07T00:00:00.000000000Z,1.06785E+12
btc,2024-09-08T00:00:00.000000000Z,1.08353E+12
btc,2024-09-09T00:00:00.000000000Z,1.12853E+12
btc,2024-09-10T00:00:00.000000000Z,1.139E+12
btc,2024-09-11T00:00:00.000000000Z,1.13398E+12
btc,2024-09-12T00:00:00.000000000Z,1.14813E+12
btc,2024-09-13T00:00:00.000000000Z,1.19581E+12
btc,2024-09-14T00:00:00.000000000Z,1.18537E+12
btc,2024-09-15T00:00:00.000000000Z,1.16806E+12
btc,2024-09-16T00:00:00.000000000Z,1.15026E+12
btc,2024-09-17T00:00:00.000000000Z,1.19001E+12
btc,2024-09-18T00:00:00.000000000Z,1.21114E+12
btc,2024-09-19T00:00:00.000000000Z,1.24452E+12
btc,2024-09-20T00:00:00.000000000Z,1.24769E+12
btc,2024-09-21T00:00:00.000000000Z,1.25194E+12
btc,2024-09-22T00:00:00.000000000Z,1.256E+12
btc,2024-09-23T00:00:00.000000000Z,1.25137E+12
btc,2024-09-24T00:00:00.000000000Z,1.27129E+12
btc,2024-09-25T00:00:00.000000000Z,1.24597E+12
btc,2024-09-26T00:00:00.000000000Z,1.28547E+12
btc,2024-09-27T00:00:00.000000000Z,1.29953E+12
btc,2024-09-28T00:00:00.000000000Z,1.29961E+12
btc,2024-09-29T00:00:00.000000000Z,1.29662E+12
btc,2024-09-30T00:00:00.000000000Z,1.25006E+12
btc,2024-10-01T00:00:00.000000000Z,1.20263E+12
btc,2024-10-02T00:00:00.000000000Z,1.19926E+12
btc,2024-10-03T00:00:00.000000000Z,1.20085E+12
btc,2024-10-04T00:00:00.000000000Z,1.22632E+12
btc,2024-10-05T00:00:00.000000000Z,1.22592E+12
btc,2024-10-06T00:00:00.000000000Z,1.24095E+12
btc,2024-10-07T00:00:00.000000000Z,1.2336E+12
btc,2024-10-08T00:00:00.000000000Z,1.2279E+12
btc,2024-10-09T00:00:00.000000000Z,1.19806E+12
btc,2024-10-10T00:00:00.000000000Z,1.1903E+12
btc,2024-10-11T00:00:00.000000000Z,1.23463E+12
btc,2024-10-12T00:00:00.000000000Z,1.24929E+12
btc,2024-10-13T00:00:00.000000000Z,1.24056E+12
btc,2024-10-14T00:00:00.000000000Z,1.30641E+12
btc,2024-10-15T00:00:00.000000000Z,1.32313E+12
btc,2024-10-16T00:00:00.000000000Z,1.33757E+12
btc,2024-10-17T00:00:00.000000000Z,1.33118E+12
btc,2024-10-18T00:00:00.000000000Z,1.35202E+12
btc,2024-10-19T00:00:00.000000000Z,1.35141E+12
btc,2024-10-20T00:00:00.000000000Z,1.36438E+12
btc,2024-10-21T00:00:00.000000000Z,1.33334E+12
btc,2024-10-22T00:00:00.000000000Z,1.33309E+12
btc,2024-10-23T00:00:00.000000000Z,1.31772E+12
btc,2024-10-24T00:00:00.000000000Z,1.34709E+12
btc,2024-10-25T00:00:00.000000000Z,1.31016E+12
btc,2024-10-26T00:00:00.000000000Z,1.32525E+12
btc,2024-10-27T00:00:00.000000000Z,1.3446E+12
btc,2024-10-28T00:00:00.000000000Z,1.38146E+12
btc,2024-10-29T00:00:00.000000000Z,1.43719E+12
btc,2024-10-30T00:00:00.000000000Z,1.4327E+12
btc,2024-10-31T00:00:00.000000000Z,1.39155E+12
btc,2024-11-01T00:00:00.000000000Z,1.37411E+12
btc,2024-11-02T00:00:00.000000000Z,1.36936E+12
btc,2024-11-03T00:00:00.000000000Z,1.35952E+12
btc,2024-11-04T00:00:00.000000000Z,1.34049E+12
btc,2024-11-05T00:00:00.000000000Z,1.37531E+12
btc,2024-11-06T00:00:00.000000000Z,1.49713E+12
btc,2024-11-07T00:00:00.000000000Z,1.50263E+12
btc,2024-11-08T00:00:00.000000000Z,1.51326E+12
btc,2024-11-09T00:00:00.000000000Z,1.51906E+12
btc,2024-11-10T00:00:00.000000000Z,1.5905E+12
btc,2024-11-11T00:00:00.000000000Z,1.7577E+12
btc,2024-11-12T00:00:00.000000000Z,1.74169E+12
btc,2024-11-13T00:00:00.000000000Z,1.78763E+12
btc,2024-11-14T00:00:00.000000000Z,1.72506E+12
btc,2024-11-15T00:00:00.000000000Z,1.80294E+12
btc,2024-11-16T00:00:00.000000000Z,1.79168E+12
btc,2024-11-17T00:00:00.000000000Z,1.77521E+12
btc,2024-11-18T00:00:00.000000000Z,1.79216E+12
btc,2024-11-19T00:00:00.000000000Z,1.82517E+12
btc,2024-11-20T00:00:00.000000000Z,1.86293E+12
btc,2024-11-21T00:00:00.000000000Z,1.94974E+12
btc,2024-11-22T00:00:00.000000000Z,1.95756E+12
btc,2024-11-23T00:00:00.000000000Z,1.93324E+12
btc,2024-11-24T00:00:00.000000000Z,1.93869E+12
btc,2024-11-25T00:00:00.000000000Z,1.84697E+12
btc,2024-11-26T00:00:00.000000000Z,1.81798E+12
btc,2024-11-27T00:00:00.000000000Z,1.89942E+12
btc,2024-11-28T00:00:00.000000000Z,1.89448E+12
btc,2024-11-29T00:00:00.000000000Z,1.9274E+12
btc,2024-11-30T00:00:00.000000000Z,1.90893E+12
btc,2024-12-01T00:00:00.000000000Z,1.92889E+12
btc,2024-12-02T00:00:00.000000000Z,1.89444E+12
btc,2024-12-03T00:00:00.000000000Z,1.9001E+12
btc,2024-12-04T00:00:00.000000000Z,1.95769E+12
btc,2024-12-05T00:00:00.000000000Z,1.91869E+12
btc,2024-12-06T00:00:00.000000000Z,1.97813E+12
btc,2024-12-07T00:00:00.000000000Z,1.97862E+12
btc,2024-12-08T00:00:00.000000000Z,1.99487E+12
btc,2024-12-09T00:00:00.000000000Z,1.92741E+12
btc,2024-12-10T00:00:00.000000000Z,1.91653E+12
btc,2024-12-11T00:00:00.000000000Z,2.00536E+12
btc,2024-12-12T00:00:00.000000000Z,1.98124E+12
btc,2024-12-13T00:00:00.000000000Z,2.00505E+12
btc,2024-12-14T00:00:00.000000000Z,2.00662E+12
btc,2024-12-15T00:00:00.000000000Z,2.06972E+12
btc,2024-12-16T00:00:00.000000000Z,2.09559E+12
btc,2024-12-17T00:00:00.000000000Z,2.10079E+12
btc,2024-12-18T00:00:00.000000000Z,1.98905E+12
btc,2024-12-19T00:00:00.000000000Z,1.9342E+12
btc,2024-12-20T00:00:00.000000000Z,1.93267E+12
btc,2024-12-21T00:00:00.000000000Z,1.92234E+12
btc,2024-12-22T00:00:00.000000000Z,1.88389E+12
btc,2024-12-23T00:00:00.000000000Z,1.87704E+12
btc,2024-12-24T00:00:00.000000000Z,1.95306E+12
btc,2024-12-25T00:00:00.000000000Z,1.96493E+12
btc,2024-12-26T00:00:00.000000000Z,1.89355E+12
btc,2024-12-27T00:00:00.000000000Z,1.8657E+12
btc,2024-12-28T00:00:00.000000000Z,1.88364E+12
btc,2024-12-29T00:00:00.000000000Z,1.8507E+12
btc,2024-12-30T00:00:00.000000000Z,1.83224E+12
btc,2024-12-31T00:00:00.000000000Z,1.84944E+12
btc,2025-01-01T00:00:00.000000000Z,1.8706E+12
btc,2025-01-02T00:00:00.000000000Z,1.91808E+12
btc,2025-01-03T00:00:00.000000000Z,1.94327E+12
btc,2025-01-04T00:00:00.000000000Z,1.94548E+12
btc,2025-01-05T00:00:00.000000000Z,1.94918E+12
btc,2025-01-06T00:00:00.000000000Z,2.0238E+12
btc,2025-01-07T00:00:00.000000000Z,1.92075E+12
btc,2025-01-08T00:00:00.000000000Z,1.88245E+12
btc,2025-01-09T00:00:00.000000000Z,1.82915E+12
btc,2025-01-10T00:00:00.000000000Z,1.87699E+12
btc,2025-01-11T00:00:00.000000000Z,1.874E+12
btc,2025-01-12T00:00:00.000000000Z,1.86904E+12
btc,2025-01-13T00:00:00.000000000Z,1.86952E+12
btc,2025-01-14T00:00:00.000000000Z,1.91299E+12
btc,2025-01-15T00:00:00.000000000Z,1.98444E+12
btc,2025-01-16T00:00:00.000000000Z,1.98063E+12
btc,2025-01-17T00:00:00.000000000Z,2.06623E+12
btc,2025-01-18T00:00:00.000000000Z,2.06829E+12
btc,2025-01-19T00:00:00.000000000Z,2.00011E+12
btc,2025-01-20T00:00:00.000000000Z,2.03254E+12
btc,2025-01-21T00:00:00.000000000Z,2.09993E+12
btc,2025-01-22T00:00:00.000000000Z,2.05645E+12
btc,2025-01-23T00:00:00.000000000Z,2.06429E+12
btc,2025-01-24T00:00:00.000000000Z,2.07487E+12
btc,2025-01-25T00:00:00.000000000Z,2.07789E+12
btc,2025-01-26T00:00:00.000000000Z,2.03765E+12
btc,2025-01-27T00:00:00.000000000Z,2.01935E+12
btc,2025-01-28T00:00:00.000000000Z,2.00415E+12
btc,2025-01-29T00:00:00.000000000Z,2.05929E+12
btc,2025-01-30T00:00:00.000000000Z,2.08053E+12
btc,2025-01-31T00:00:00.000000000Z,2.02659E+12
btc,2025-02-01T00:00:00.000000000Z,1.99387E+12
btc,2025-02-02T00:00:00.000000000Z,1.9308E+12
btc,2025-02-03T00:00:00.000000000Z,2.01325E+12
btc,2025-02-04T00:00:00.000000000Z,1.93929E+12
btc,2025-02-05T00:00:00.000000000Z,1.91378E+12
btc,2025-02-06T00:00:00.000000000Z,1.91346E+12
btc,2025-02-07T00:00:00.000000000Z,1.91039E+12
btc,2025-02-08T00:00:00.000000000Z,1.91479E+12
btc,2025-02-09T00:00:00.000000000Z,1.90902E+12
btc,2025-02-10T00:00:00.000000000Z,1.93018E+12
btc,2025-02-11T00:00:00.000000000Z,1.89913E+12
btc,2025-02-12T00:00:00.000000000Z,1.93783E+12
btc,2025-02-13T00:00:00.000000000Z,1.91365E+12
btc,2025-02-14T00:00:00.000000000Z,1.93113E+12
btc,2025-02-15T00:00:00.000000000Z,1.93453E+12
btc,2025-02-16T00:00:00.000000000Z,1.9068E+12
btc,2025-02-17T00:00:00.000000000Z,1.89908E+12
btc,2025-02-18T00:00:00.000000000Z,1.89225E+12
btc,2025-02-19T00:00:00.000000000Z,1.91616E+12
btc,2025-02-20T00:00:00.000000000Z,1.95078E+12
btc,2025-02-21T00:00:00.000000000Z,1.90436E+12
btc,2025-02-22T00:00:00.000000000Z,1.91544E+12
btc,2025-02-23T00:00:00.000000000Z,1.90529E+12
btc,2025-02-24T00:00:00.000000000Z,1.82161E+12
btc,2025-02-25T00:00:00.000000000Z,1.76018E+12
btc,2025-02-26T00:00:00.000000000Z,1.6654E+12
btc,2025-02-27T00:00:00.000000000Z,1.67808E+12
btc,2025-02-28T00:00:00.000000000Z,1.67056E+12
btc,2025-03-01T00:00:00.000000000Z,1.70234E+12
btc,2025-03-02T00:00:00.000000000Z,1.87062E+12
btc,2025-03-03T00:00:00.000000000Z,1.71177E+12
btc,2025-03-04T00:00:00.000000000Z,1.73179E+12
btc,2025-03-05T00:00:00.000000000Z,1.79719E+12
btc,2025-03-06T00:00:00.000000000Z,1.78935E+12
btc,2025-03-07T00:00:00.000000000Z,1.71664E+12
btc,2025-03-08T00:00:00.000000000Z,1.7091E+12
btc,2025-03-09T00:00:00.000000000Z,1.59958E+12
btc,2025-03-10T00:00:00.000000000Z,1.56706E+12
btc,2025-03-11T00:00:00.000000000Z,1.6413E+12
btc,2025-03-12T00:00:00.000000000Z,1.65885E+12
btc,2025-03-13T00:00:00.000000000Z,1.60891E+12
btc,2025-03-14T00:00:00.000000000Z,1.66837E+12
btc,2025-03-15T00:00:00.000000000Z,1.6733E+12
btc,2025-03-16T00:00:00.000000000Z,1.63643E+12
btc,2025-03-17T00:00:00.000000000Z,1.66665E+12
btc,2025-03-18T00:00:00.000000000Z,1.64024E+12
btc,2025-03-19T00:00:00.000000000Z,1.72149E+12
btc,2025-03-20T00:00:00.000000000Z,1.66897E+12
btc,2025-03-21T00:00:00.000000000Z,1.66791E+12
btc,2025-03-22T00:00:00.000000000Z,1.66302E+12
btc,2025-03-23T00:00:00.000000000Z,1.70154E+12
btc,2025-03-24T00:00:00.000000000Z,1.73257E+12
btc,2025-03-25T00:00:00.000000000Z,1.7346E+12
btc,2025-03-26T00:00:00.000000000Z,1.72301E+12
btc,2025-03-27T00:00:00.000000000Z,1.73049E+12
btc,2025-03-28T00:00:00.000000000Z,1.67294E+12
btc,2025-03-29T00:00:00.000000000Z,1.63703E+12
btc,2025-03-30T00:00:00.000000000Z,1.63149E+12
btc,2025-03-31T00:00:00.000000000Z,1.63639E+12
btc,2025-04-01T00:00:00.000000000Z,1.6913E+12
btc,2025-04-02T00:00:00.000000000Z,1.63833E+12
btc,2025-04-03T00:00:00.000000000Z,1.64584E+12
btc,2025-04-04T00:00:00.000000000Z,1.6626E+12
btc,2025-04-05T00:00:00.000000000Z,1.65328E+12
btc,2025-04-06T00:00:00.000000000Z,1.54708E+12
btc,2025-04-07T00:00:00.000000000Z,1.57634E+12
btc,2025-04-08T00:00:00.000000000Z,1.51543E+12
btc,2025-04-09T00:00:00.000000000Z,1.64189E+12
btc,2025-04-10T00:00:00.000000000Z,1.57917E+12
btc,2025-04-11T00:00:00.000000000Z,1.65465E+12
btc,2025-04-12T00:00:00.000000000Z,1.69259E+12
btc,2025-04-13T00:00:00.000000000Z,1.65888E+12
btc,2025-04-14T00:00:00.000000000Z,1.67917E+12
btc,2025-04-15T00:00:00.000000000Z,1.66099E+12
btc,2025-04-16T00:00:00.000000000Z,1.67056E+12
btc,2025-04-17T00:00:00.000000000Z,1.68627E+12
btc,2025-04-18T00:00:00.000000000Z,1.67627E+12
btc,2025-04-19T00:00:00.000000000Z,1.69E+12
btc,2025-04-20T00:00:00.000000000Z,1.68958E+12
btc,2025-04-21T00:00:00.000000000Z,1.73446E+12
btc,2025-04-22T00:00:00.000000000Z,1.8563E+12
btc,2025-04-23T00:00:00.000000000Z,1.86032E+12
btc,2025-04-24T00:00:00.000000000Z,1.86341E+12
btc,2025-04-25T00:00:00.000000000Z,1.88175E+12
btc,2025-04-26T00:00:00.000000000Z,1.88027E+12
btc,2025-04-27T00:00:00.000000000Z,1.8628E+12
btc,2025-04-28T00:00:00.000000000Z,1.88772E+12
btc,2025-04-29T00:00:00.000000000Z,1.86864E+12
btc,2025-04-30T00:00:00.000000000Z,1.87135E+12
btc,2025-05-01T00:00:00.000000000Z,1.91458E+12
btc,2025-05-02T00:00:00.000000000Z,1.92316E+12
btc,2025-05-03T00:00:00.000000000Z,1.90537E+12
btc,2025-05-04T00:00:00.000000000Z,1.87432E+12
btc,2025-05-05T00:00:00.000000000Z,1.88381E+12
btc,2025-05-06T00:00:00.000000000Z,1.92009E+12
btc,2025-05-07T00:00:00.000000000Z,1.92926E+12
btc,2025-05-08T00:00:00.000000000Z,2.04713E+12
btc,2025-05-09T00:00:00.000000000Z,2.04462E+12
btc,2025-05-10T00:00:00.000000000Z,2.07728E+12
btc,2025-05-11T00:00:00.000000000Z,2.06528E+12
btc,2025-05-12T00:00:00.000000000Z,2.04435E+12
btc,2025-05-13T00:00:00.000000000Z,2.06875E+12
btc,2025-05-14T00:00:00.000000000Z,2.0574E+12
btc,2025-05-15T00:00:00.000000000Z,2.0603E+12
btc,2025-05-16T00:00:00.000000000Z,2.05736E+12
btc,2025-05-17T00:00:00.000000000Z,2.0499E+12
btc,2025-05-18T00:00:00.000000000Z,2.10603E+12
btc,2025-05-19T00:00:00.000000000Z,2.09809E+12
btc,2025-05-20T00:00:00.000000000Z,2.12359E+12
btc,2025-05-21T00:00:00.000000000Z,2.17957E+12
btc,2025-05-22T00:00:00.000000000Z,2.21482E+12
btc,2025-05-23T00:00:00.000000000Z,2.13172E+12
btc,2025-05-24T00:00:00.000000000Z,2.1442E+12
btc,2025-05-25T00:00:00.000000000Z,2.16407E+12
btc,2025-05-26T00:00:00.000000000Z,2.17321E+12
btc,2025-05-27T00:00:00.000000000Z,2.16718E+12
btc,2025-05-28T00:00:00.000000000Z,2.14396E+12
btc,2025-05-29T00:00:00.000000000Z,2.10105E+12
btc,2025-05-30T00:00:00.000000000Z,2.06629E+12
btc,2025-05-31T00:00:00.000000000Z,2.0808E+12
btc,2025-06-01T00:00:00.000000000Z,2.10155E+12
btc,2025-06-02T00:00:00.000000000Z,2.10456E+12
btc,2025-06-03T00:00:00.000000000Z,2.09635E+12
btc,2025-06-04T00:00:00.000000000Z,2.08246E+12
btc,2025-06-05T00:00:00.000000000Z,2.02062E+12
btc,2025-06-06T00:00:00.000000000Z,2.07535E+12
btc,2025-06-07T00:00:00.000000000Z,2.10053E+12
btc,2025-06-08T00:00:00.000000000Z,2.10142E+12
btc,2025-06-09T00:00:00.000000000Z,2.19032E+12
btc,2025-06-10T00:00:00.000000000Z,2.18791E+12
btc,2025-06-11T00:00:00.000000000Z,2.15957E+12
btc,2025-06-12T00:00:00.000000000Z,2.10701E+12
btc,2025-06-13T00:00:00.000000000Z,2.10756E+12
btc,2025-06-14T00:00:00.000000000Z,2.09648E+12
btc,2025-06-15T00:00:00.000000000Z,2.09738E+12
btc,2025-06-16T00:00:00.000000000Z,2.13179E+12
btc,2025-06-17T00:00:00.000000000Z,2.0798E+12
btc,2025-06-18T00:00:00.000000000Z,2.08348E+12
btc,2025-06-19T00:00:00.000000000Z,2.08142E+12
btc,2025-06-20T00:00:00.000000000Z,2.05322E+12
btc,2025-06-21T00:00:00.000000000Z,2.01894E+12
btc,2025-06-22T00:00:00.000000000Z,2.00608E+12
btc,2025-06-23T00:00:00.000000000Z,2.09753E+12
btc,2025-06-24T00:00:00.000000000Z,2.10685E+12
btc,2025-06-25T00:00:00.000000000Z,2.13355E+12
btc,2025-06-26T00:00:00.000000000Z,2.12779E+12
btc,2025-06-27T00:00:00.000000000Z,2.12939E+12
btc,2025-06-28T00:00:00.000000000Z,2.13473E+12
btc,2025-06-29T00:00:00.000000000Z,2.15473E+12
btc,2025-06-30T00:00:00.000000000Z,2.13077E+12
btc,2025-07-01T00:00:00.000000000Z,2.09927E+12
btc,2025-07-02T00:00:00.000000000Z,2.16615E+12
btc,2025-07-03T00:00:00.000000000Z,2.18022E+12
btc,2025-07-04T00:00:00.000000000Z,2.14943E+12
btc,2025-07-05T00:00:00.000000000Z,2.15273E+12
btc,2025-07-06T00:00:00.000000000Z,2.17138E+12
btc,2025-07-07T00:00:00.000000000Z,2.15293E+12
btc,2025-07-08T00:00:00.000000000Z,2.16705E+12
btc,2025-07-09T00:00:00.000000000Z,2.21603E+12
btc,2025-07-10T00:00:00.000000000Z,2.30474E+12
btc,2025-07-11T00:00:00.000000000Z,2.3395E+12
btc,2025-07-12T00:00:00.000000000Z,2.33486E+12
btc,2025-07-13T00:00:00.000000000Z,2.3651E+12
btc,2025-07-14T00:00:00.000000000Z,2.38447E+12
btc,2025-07-15T00:00:00.000000000Z,2.34155E+12
btc,2025-07-16T00:00:00.000000000Z,2.36189E+12
btc,2025-07-17T00:00:00.000000000Z,2.37729E+12
btc,2025-07-18T00:00:00.000000000Z,2.34664E+12
btc,2025-07-19T00:00:00.000000000Z,2.3457E+12
btc,2025-07-20T00:00:00.000000000Z,2.33375E+12
btc,2025-07-21T00:00:00.000000000Z,2.33633E+12
btc,2025-07-22T00:00:00.000000000Z,2.38882E+12
btc,2025-07-23T00:00:00.000000000Z,2.36068E+12
btc,2025-07-24T00:00:00.000000000Z,2.35529E+12
btc,2025-07-25T00:00:00.000000000Z,2.33829E+12
btc,2025-07-26T00:00:00.000000000Z,2.34757E+12
btc,2025-07-27T00:00:00.000000000Z,2.37657E+12
btc,2025-07-28T00:00:00.000000000Z,2.34845E+12
btc,2025-07-29T00:00:00.000000000Z,2.3455E+12
btc,2025-07-30T00:00:00.000000000Z,2.34278E+12
btc,2025-07-31T00:00:00.000000000Z,2.30533E+12
btc,2025-08-01T00:00:00.000000000Z,2.25432E+12
btc,2025-08-02T00:00:00.000000000Z,2.23972E+12
btc,2025-08-03T00:00:00.000000000Z,2.27396E+12
btc,2025-08-04T00:00:00.000000000Z,2.29265E+12
btc,2025-08-05T00:00:00.000000000Z,2.27104E+12
btc,2025-08-06T00:00:00.000000000Z,2.28947E+12
btc,2025-08-07T00:00:00.000000000Z,2.33749E+12
btc,2025-08-08T00:00:00.000000000Z,2.32353E+12
btc,2025-08-09T00:00:00.000000000Z,2.31903E+12
btc,2025-08-10T00:00:00.000000000Z,2.37236E+12
btc,2025-08-11T00:00:00.000000000Z,2.36351E+12
btc,2025-08-12T00:00:00.000000000Z,2.39168E+12
btc,2025-08-13T00:00:00.000000000Z,2.45716E+12
btc,2025-08-14T00:00:00.000000000Z,2.35906E+12
btc,2025-08-15T00:00:00.000000000Z,2.33525E+12
btc,2025-08-16T00:00:00.000000000Z,2.33831E+12
btc,2025-08-17T00:00:00.000000000Z,2.34114E+12
btc,2025-08-18T00:00:00.000000000Z,2.31554E+12
btc,2025-08-19T00:00:00.000000000Z,2.24737E+12
btc,2025-08-20T00:00:00.000000000Z,2.27512E+12
btc,2025-08-21T00:00:00.000000000Z,2.23674E+12
btc,2025-08-22T00:00:00.000000000Z,2.32546E+12
btc,2025-08-23T00:00:00.000000000Z,2.29525E+12
btc,2025-08-24T00:00:00.000000000Z,2.26017E+12
btc,2025-08-25T00:00:00.000000000Z,2.192E+12
btc,2025-08-26T00:00:00.000000000Z,2.22801E+12
btc,2025-08-27T00:00:00.000000000Z,2.21526E+12
btc,2025-08-28T00:00:00.000000000Z,2.23978E+12
btc,2025-08-29T00:00:00.000000000Z,2.16003E+12
btc,2025-08-30T00:00:00.000000000Z,2.16551E+12
btc,2025-08-31T00:00:00.000000000Z,2.15701E+12
btc,2025-09-01T00:00:00.000000000Z,2.17052E+12
btc,2025-09-02T00:00:00.000000000Z,2.21336E+12
btc,2025-09-03T00:00:00.000000000Z,2.22615E+12
btc,2025-09-04T00:00:00.000000000Z,2.20863E+12
btc,2025-09-05T00:00:00.000000000Z,2.20496E+12
btc,2025-09-06T00:00:00.000000000Z,2.19569E+12
btc,2025-09-07T00:00:00.000000000Z,2.21693E+12
btc,2025-09-08T00:00:00.000000000Z,2.23301E+12
btc,2025-09-09T00:00:00.000000000Z,2.2206E+12
btc,2025-09-10T00:00:00.000000000Z,2.26935E+12
btc,2025-09-11T00:00:00.000000000Z,2.29958E+12
btc,2025-09-12T00:00:00.000000000Z,2.31365E+12
btc,2025-09-13T00:00:00.000000000Z,2.31003E+12
btc,2025-09-14T00:00:00.000000000Z,2.29874E+12
btc,2025-09-15T00:00:00.000000000Z,2.2993E+12
btc,2025-09-16T00:00:00.000000000Z,2.3268E+12
btc,2025-09-17T00:00:00.000000000Z,2.32242E+12
btc,2025-09-18T00:00:00.000000000Z,2.3312E+12
btc,2025-09-19T00:00:00.000000000Z,2.30333E+12
btc,2025-09-20T00:00:00.000000000Z,2.30618E+12
btc,2025-09-21T00:00:00.000000000Z,2.29757E+12
btc,2025-09-22T00:00:00.000000000Z,2.24591E+12
btc,2025-09-23T00:00:00.000000000Z,2.23262E+12
btc,2025-09-24T00:00:00.000000000Z,2.25803E+12
btc,2025-09-25T00:00:00.000000000Z,2.17522E+12
btc,2025-09-26T00:00:00.000000000Z,2.18529E+12
btc,2025-09-27T00:00:00.000000000Z,2.18485E+12
btc,2025-09-28T00:00:00.000000000Z,2.23522E+12
btc,2025-09-29T00:00:00.000000000Z,2.27852E+12
btc,2025-09-30T00:00:00.000000000Z,2.27123E+12
btc,2025-10-01T00:00:00.000000000Z,2.35937E+12
btc,2025-10-02T00:00:00.000000000Z,2.40252E+12
btc,2025-10-03T00:00:00.000000000Z,2.43818E+12
btc,2025-10-04T00:00:00.000000000Z,2.43881E+12
btc,2025-10-05T00:00:00.000000000Z,2.46161E+12
btc,2025-10-06T00:00:00.000000000Z,2.48753E+12
btc,2025-10-07T00:00:00.000000000Z,2.42302E+12
btc,2025-10-08T00:00:00.000000000Z,2.45936E+12
btc,2025-10-09T00:00:00.000000000Z,2.42378E+12
btc,2025-10-10T00:00:00.000000000Z,2.26734E+12
btc,2025-10-11T00:00:00.000000000Z,2.21134E+12
btc,2025-10-12T00:00:00.000000000Z,2.29532E+12
btc,2025-10-13T00:00:00.000000000Z,2.29889E+12
btc,2025-10-14T00:00:00.000000000Z,2.25908E+12
btc,2025-10-15T00:00:00.000000000Z,2.20999E+12
btc,2025-10-16T00:00:00.000000000Z,2.15561E+12
btc,2025-10-17T00:00:00.000000000Z,2.12552E+12
btc,2025-10-18T00:00:00.000000000Z,2.13603E+12
btc,2025-10-19T00:00:00.000000000Z,2.16724E+12
btc,2025-10-20T00:00:00.000000000Z,2.2058E+12
btc,2025-10-21T00:00:00.000000000Z,2.16722E+12
btc,2025-10-22T00:00:00.000000000Z,2.14668E+12
btc,2025-10-23T00:00:00.000000000Z,2.19445E+12
btc,2025-10-24T00:00:00.000000000Z,2.21372E+12
btc,2025-10-25T00:00:00.000000000Z,2.22553E+12
btc,2025-10-26T00:00:00.000000000Z,2.28426E+12
btc,2025-10-27T00:00:00.000000000Z,2.27496E+12
btc,2025-10-28T00:00:00.000000000Z,2.25294E+12
btc,2025-10-29T00:00:00.000000000Z,2.19766E+12
btc,2025-10-30T00:00:00.000000000Z,2.15411E+12
btc,2025-10-31T00:00:00.000000000Z,2.18473E+12
btc,2025-11-01T00:00:00.000000000Z,2.1938E+12
btc,2025-11-02T00:00:00.000000000Z,2.20151E+12
btc,2025-11-03T00:00:00.000000000Z,2.12392E+12
btc,2025-11-04T00:00:00.000000000Z,2.02133E+12
btc,2025-11-05T00:00:00.000000000Z,2.07251E+12
btc,2025-11-06T00:00:00.000000000Z,2.01917E+12
btc,2025-11-07T00:00:00.000000000Z,2.06292E+12
btc,2025-11-08T00:00:00.000000000Z,2.04116E+12
btc,2025-11-09T00:00:00.000000000Z,2.08808E+12
btc,2025-11-10T00:00:00.000000000Z,2.11597E+12
btc,2025-11-11T00:00:00.000000000Z,2.05402E+12
btc,2025-11-12T00:00:00.000000000Z,2.02831E+12
btc,2025-11-13T00:00:00.000000000Z,1.9955E+12
btc,2025-11-14T00:00:00.000000000Z,1.88518E+12
btc,2025-11-15T00:00:00.000000000Z,1.90594E+12
btc,2025-11-16T00:00:00.000000000Z,1.87883E+12
btc,2025-11-17T00:00:00.000000000Z,1.83352E+12
btc,2025-11-18T00:00:00.000000000Z,1.85211E+12
btc,2025-11-19T00:00:00.000000000Z,1.82188E+12
btc,2025-11-20T00:00:00.000000000Z,1.73393E+12
btc,2025-11-21T00:00:00.000000000Z,1.69476E+12
btc,2025-11-22T00:00:00.000000000Z,1.69131E+12
btc,2025-11-23T00:00:00.000000000Z,1.73331E+12
btc,2025-11-24T00:00:00.000000000Z,1.76337E+12
btc,2025-11-25T00:00:00.000000000Z,1.74461E+12
btc,2025-11-26T00:00:00.000000000Z,1.80477E+12
btc,2025-11-27T00:00:00.000000000Z,1.82254E+12
btc,2025-11-28T00:00:00.000000000Z,1.81567E+12
btc,2025-11-29T00:00:00.000000000Z,1.81276E+12
btc,2025-11-30T00:00:00.000000000Z,1.80812E+12
btc,2025-12-01T00:00:00.000000000Z,1.72629E+12
btc,2025-12-02T00:00:00.000000000Z,1.82657E+12
btc,2025-12-03T00:00:00.000000000Z,1.86814E+12
btc,2025-12-04T00:00:00.000000000Z,1.84017E+12
btc,2025-12-05T00:00:00.000000000Z,1.78182E+12
btc,2025-12-06T00:00:00.000000000Z,1.77963E+12
btc,2025-12-07T00:00:00.000000000Z,1.79762E+12
btc,2025-12-08T00:00:00.000000000Z,1.80975E+12
btc,2025-12-09T00:00:00.000000000Z,1.85242E+12
btc,2025-12-10T00:00:00.000000000Z,1.83837E+12
btc,2025-12-11T00:00:00.000000000Z,1.84881E+12
btc,2025-12-12T00:00:00.000000000Z,1.8031E+12
btc,2025-12-13T00:00:00.000000000Z,1.80142E+12
btc,2025-12-14T00:00:00.000000000Z,1.75856E+12
btc,2025-12-15T00:00:00.000000000Z,1.72379E+12
btc,2025-12-16T00:00:00.000000000Z,1.75177E+12
btc,2025-12-17T00:00:00.000000000Z,1.71801E+12
btc,2025-12-18T00:00:00.000000000Z,1.70557E+12
btc,2025-12-19T00:00:00.000000000Z,1.76018E+12
btc,2025-12-20T00:00:00.000000000Z,1.76271E+12
btc,2025-12-21T00:00:00.000000000Z,1.76756E+12
btc,2025-12-22T00:00:00.000000000Z,1.76642E+12
btc,2025-12-23T00:00:00.000000000Z,1.74432E+12
btc,2025-12-24T00:00:00.000000000Z,1.74955E+12
btc,2025-12-25T00:00:00.000000000Z,1.74172E+12
btc,2025-12-26T00:00:00.000000000Z,1.74382E+12
btc,2025-12-27T00:00:00.000000000Z,1.75107E+12
btc,2025-12-28T00:00:00.000000000Z,1.75215E+12
btc,2025-12-29T00:00:00.000000000Z,1.73993E+12
btc,2025-12-30T00:00:00.000000000Z,1.76583E+12
btc,2025-12-31T00:00:00.000000000Z,1.74766E+12
btc,2026-01-01T00:00:00.000000000Z,1.771E+12
btc,2026-01-02T00:00:00.000000000Z,1.79613E+12
btc,2026-01-03T00:00:00.000000000Z,1.80931E+12
btc,2026-01-04T00:00:00.000000000Z,1.82456E+12
btc,2026-01-05T00:00:00.000000000Z,1.87631E+12
btc,2026-01-06T00:00:00.000000000Z,1.86887E+12
btc,2026-01-07T00:00:00.000000000Z,1.82167E+12
btc,2026-01-08T00:00:00.000000000Z,1.81947E+12
btc,2026-01-09T00:00:00.000000000Z,1.80838E+12
btc,2026-01-10T00:00:00.000000000Z,1.80575E+12
btc,2026-01-11T00:00:00.000000000Z,1.81201E+12
btc,2026-01-12T00:00:00.000000000Z,1.82051E+12
btc,2026-01-13T00:00:00.000000000Z,1.90372E+12
btc,2026-01-14T00:00:00.000000000Z,1.93851E+12
btc,2026-01-15T00:00:00.000000000Z,1.90862E+12
btc,2026-01-16T00:00:00.000000000Z,1.90753E+12
btc,2026-01-17T00:00:00.000000000Z,1.89993E+12
btc,2026-01-18T00:00:00.000000000Z,1.88308E+12
btc,2026-01-19T00:00:00.000000000Z,1.84846E+12
btc,2026-01-20T00:00:00.000000000Z,1.7628E+12
btc,2026-01-21T00:00:00.000000000Z,1.79007E+12
btc,2026-01-22T00:00:00.000000000Z,1.78603E+12
btc,2026-01-23T00:00:00.000000000Z,1.78696E+12
btc,2026-01-24T00:00:00.000000000Z,1.78191E+12
btc,2026-01-25T00:00:00.000000000Z,1.7272E+12
btc,2026-01-26T00:00:00.000000000Z,1.76503E+12
btc,2026-01-27T00:00:00.000000000Z,1.78351E+12
btc,2026-01-28T00:00:00.000000000Z,1.78189E+12
btc,2026-01-29T00:00:00.000000000Z,1.68886E+12
btc,2026-01-30T00:00:00.000000000Z,1.67884E+12
btc,2026-01-31T00:00:00.000000000Z,1.57267E+12
btc,2026-02-01T00:00:00.000000000Z,1.53689E+12
btc,2026-02-02T00:00:00.000000000Z,1.57297E+12
btc,2026-02-03T00:00:00.000000000Z,1.51238E+12
btc,2026-02-04T00:00:00.000000000Z,1.46064E+12
btc,2026-02-05T00:00:00.000000000Z,1.26891E+12
btc,2026-02-06T00:00:00.000000000Z,1.41189E+12
btc,2026-02-07T00:00:00.000000000Z,1.38231E+12
btc,2026-02-08T00:00:00.000000000Z,1.40945E+12
btc,2026-02-09T00:00:00.000000000Z,1.40393E+12
btc,2026-02-10T00:00:00.000000000Z,1.37288E+12
btc,2026-02-11T00:00:00.000000000Z,1.33895E+12
btc,2026-02-12T00:00:00.000000000Z,1.32363E+12
btc,2026-02-13T00:00:00.000000000Z,1.37642E+12
btc,2026-02-14T00:00:00.000000000Z,1.39518E+12
btc,2026-02-15T00:00:00.000000000Z,1.37187E+12
btc,2026-02-16T00:00:00.000000000Z,1.37426E+12
btc,2026-02-17T00:00:00.000000000Z,1.34878E+12
btc,2026-02-18T00:00:00.000000000Z,1.32702E+12
btc,2026-02-19T00:00:00.000000000Z,1.33808E+12
btc,2026-02-20T00:00:00.000000000Z,1.35901E+12
btc,2026-02-21T00:00:00.000000000Z,1.3599E+12
btc,2026-02-22T00:00:00.000000000Z,1.35052E+12
btc,2026-02-23T00:00:00.000000000Z,1.29337E+12
btc,2026-02-24T00:00:00.000000000Z,1.28208E+12
btc,2026-02-25T00:00:00.000000000Z,1.36038E+12
btc,2026-02-26T00:00:00.000000000Z,1.35004E+12
btc,2026-02-27T00:00:00.000000000Z,1.31697E+12
btc,2026-02-28T00:00:00.000000000Z,1.33903E+12
btc,2026-03-01T00:00:00.000000000Z,1.31442E+12
btc,2026-03-02T00:00:00.000000000Z,1.37822E+12
btc,2026-03-03T00:00:00.000000000Z,1.36842E+12
btc,2026-03-04T00:00:00.000000000Z,1.45316E+12
btc,2026-03-05T00:00:00.000000000Z,1.4196E+12
btc,2026-03-06T00:00:00.000000000Z,1.36442E+12
btc,2026-03-07T00:00:00.000000000Z,1.34623E+12
btc,2026-03-08T00:00:00.000000000Z,1.32401E+12
btc,2026-03-09T00:00:00.000000000Z,1.37055E+12
btc,2026-03-10T00:00:00.000000000Z,1.39784E+12
btc,2026-03-11T00:00:00.000000000Z,1.40601E+12
btc,2026-03-12T00:00:00.000000000Z,1.41083E+12
btc,2026-03-13T00:00:00.000000000Z,1.4187E+12
btc,2026-03-14T00:00:00.000000000Z,1.42285E+12
btc,2026-03-15T00:00:00.000000000Z,1.4544E+12
btc,2026-03-16T00:00:00.000000000Z,1.49467E+12
btc,2026-03-17T00:00:00.000000000Z,1.48194E+12
btc,2026-03-18T00:00:00.000000000Z,1.4253E+12
btc,2026-03-19T00:00:00.000000000Z,1.39919E+12
btc,2026-03-20T00:00:00.000000000Z,1.41042E+12
btc,2026-03-21T00:00:00.000000000Z,1.39436E+12
btc,2026-03-22T00:00:00.000000000Z,1.36057E+12
btc,2026-03-23T00:00:00.000000000Z,1.41474E+12
btc,2026-03-24T00:00:00.000000000Z,1.41242E+12
btc,2026-03-25T00:00:00.000000000Z,1.42584E+12
btc,2026-03-26T00:00:00.000000000Z,1.37467E+12
btc,2026-03-27T00:00:00.000000000Z,1.32448E+12
btc,2026-03-28T00:00:00.000000000Z,1.32731E+12
btc,2026-03-29T00:00:00.000000000Z,1.31989E+12
btc,2026-03-30T00:00:00.000000000Z,1.33362E+12
btc,2026-03-31T00:00:00.000000000Z,1.36493E+12
btc,2026-04-01T00:00:00.000000000Z,1.363E+12
btc,2026-04-02T00:00:00.000000000Z,1.33885E+12
btc,2026-04-03T00:00:00.000000000Z,1.33855E+12
btc,2026-04-04T00:00:00.000000000Z,1.34665E+12
btc,2026-04-05T00:00:00.000000000Z,1.37923E+12
btc,2026-04-06T00:00:00.000000000Z,1.37568E+12
btc,2026-04-07T00:00:00.000000000Z,1.44203E+12
btc,2026-04-08T00:00:00.000000000Z,1.42261E+12
btc,2026-04-09T00:00:00.000000000Z,1.43673E+12
btc,2026-04-10T00:00:00.000000000Z,1.4599E+12
btc,2026-04-11T00:00:00.000000000Z,1.46341E+12
btc,2026-04-12T00:00:00.000000000Z,1.41473E+12
btc,2026-04-13T00:00:00.000000000Z,1.49377E+12
btc,2026-04-14T00:00:00.000000000Z,1.48462E+12
btc,2026-04-15T00:00:00.000000000Z,1.49643E+12
btc,2026-04-16T00:00:00.000000000Z,1.50314E+12
btc,2026-04-17T00:00:00.000000000Z,1.54359E+12
btc,2026-04-18T00:00:00.000000000Z,1.51715E+12
btc,2026-04-19T00:00:00.000000000Z,1.47942E+12
btc,2026-04-20T00:00:00.000000000Z,1.51767E+12
btc,2026-04-21T00:00:00.000000000Z,1.52357E+12
btc,2026-04-22T00:00:00.000000000Z,1.56785E+12
btc,2026-04-23T00:00:00.000000000Z,1.5662E+12
btc,2026-04-24T00:00:00.000000000Z,1.55042E+12
btc,2026-04-25T00:00:00.000000000Z,1.55407E+12
btc,2026-04-26T00:00:00.000000000Z,1.57241E+12
btc,2026-04-27T00:00:00.000000000Z,1.54677E+12
btc,2026-04-28T00:00:00.000000000Z,1.52756E+12
btc,2026-04-29T00:00:00.000000000Z,1.51757E+12
btc,2026-04-30T00:00:00.000000000Z,1.5277E+12
btc,2026-05-01T00:00:00.000000000Z,1.56444E+12
btc,2026-05-02T00:00:00.000000000Z,1.57609E+12
btc,2026-05-03T00:00:00.000000000Z,1.57483E+12
btc,2026-05-04T00:00:00.000000000Z,1.5984E+12
btc,2026-05-05T00:00:00.000000000Z,1.62064E+12
btc,2026-05-06T00:00:00.000000000Z,1.62935E+12
btc,2026-05-07T00:00:00.000000000Z,1.60183E+12
btc,2026-05-08T00:00:00.000000000Z,1.60569E+12
btc,2026-05-09T00:00:00.000000000Z,1.61542E+12
btc,2026-05-10T00:00:00.000000000Z,1.64737E+12
btc,2026-05-11T00:00:00.000000000Z,1.63655E+12
btc,2026-05-12T00:00:00.000000000Z,1.61278E+12
btc,2026-05-13T00:00:00.000000000Z,1.5881E+12
btc,2026-05-14T00:00:00.000000000Z,1.62587E+12
btc,2026-05-15T00:00:00.000000000Z,1.5836E+12
btc,2026-05-16T00:00:00.000000000Z,1.56563E+12
btc,2026-05-17T00:00:00.000000000Z,1.55231E+12
btc,2026-05-18T00:00:00.000000000Z,1.54187E+12
btc,2026-05-19T00:00:00.000000000Z,1.53855E+12
btc,2026-05-20T00:00:00.000000000Z,1.55062E+12
btc,2026-05-21T00:00:00.000000000Z,1.5544E+12
btc,2026-05-22T00:00:00.000000000Z,1.51381E+12
btc,2026-05-23T00:00:00.000000000Z,1.53493E+12
btc,2026-05-24T00:00:00.000000000Z,1.5416E+12
btc,2026-05-25T00:00:00.000000000Z,1.54751E+12
btc,2026-05-26T00:00:00.000000000Z,1.51893E+12
btc,2026-05-27T00:00:00.000000000Z,1.48797E+12
btc,2026-05-28T00:00:00.000000000Z,1.47261E+12
btc,2026-05-29T00:00:00.000000000Z,1.46909E+12
btc,2026-05-30T00:00:00.000000000Z,1.47731E+12
btc,2026-05-31T00:00:00.000000000Z,1.47469E+12
btc,2026-06-01T00:00:00.000000000Z,1.42919E+12
btc,2026-06-02T00:00:00.000000000Z,1.33332E+12
btc,2026-06-03T00:00:00.000000000Z,1.28709E+12
btc,2026-06-04T00:00:00.000000000Z,1.27522E+12
btc,2026-06-05T00:00:00.000000000Z,1.22051E+12
btc,2026-06-06T00:00:00.000000000Z,1.21781E+12
btc,2026-06-07T00:00:00.000000000Z,1.26563E+12
btc,2026-06-08T00:00:00.000000000Z,1.26466E+12
btc,2026-06-09T00:00:00.000000000Z,1.23522E+12
btc,2026-06-10T00:00:00.000000000Z,1.2311E+12
btc,2026-06-11T00:00:00.000000000Z,1.27199E+12
btc,2026-06-12T00:00:00.000000000Z,1.27215E+12
btc,2026-06-13T00:00:00.000000000Z,1.29117E+12
btc,2026-06-14T00:00:00.000000000Z,1.31509E+12
btc,2026-06-15T00:00:00.000000000Z,1.32729E+12
btc,2026-06-16T00:00:00.000000000Z,1.3156E+12
btc,2026-06-17T00:00:00.000000000Z,1.29083E+12
btc,2026-06-18T00:00:00.000000000Z,1.25948E+12
btc,2026-06-19T00:00:00.000000000Z,1.26898E+12
btc,2026-06-20T00:00:00.000000000Z,1.28731E+12
btc,2026-06-21T00:00:00.000000000Z,1.2702E+12
eth,2019-06-22T00:00:00.000000000Z,32829967498
eth,2019-06-23T00:00:00.000000000Z,32678967559
eth,2019-06-24T00:00:00.000000000Z,33029142294
eth,2019-06-25T00:00:00.000000000Z,33712941351
eth,2019-06-26T00:00:00.000000000Z,35622224378
eth,2019-06-27T00:00:00.000000000Z,31273107004
eth,2019-06-28T00:00:00.000000000Z,33008442824
eth,2019-06-29T00:00:00.000000000Z,33981728796
eth,2019-06-30T00:00:00.000000000Z,31119231429
eth,2019-07-01T00:00:00.000000000Z,31358150646
eth,2019-07-02T00:00:00.000000000Z,31010994764
eth,2019-07-03T00:00:00.000000000Z,32240876011
eth,2019-07-04T00:00:00.000000000Z,30262788950
eth,2019-07-05T00:00:00.000000000Z,30733145888
eth,2019-07-06T00:00:00.000000000Z,30674484353
eth,2019-07-07T00:00:00.000000000Z,32699604438
eth,2019-07-08T00:00:00.000000000Z,33465046668
eth,2019-07-09T00:00:00.000000000Z,32937024307
eth,2019-07-10T00:00:00.000000000Z,30846041551
eth,2019-07-11T00:00:00.000000000Z,28585400222
eth,2019-07-12T00:00:00.000000000Z,29479848134
eth,2019-07-13T00:00:00.000000000Z,28715802123
eth,2019-07-14T00:00:00.000000000Z,24620036079
eth,2019-07-15T00:00:00.000000000Z,24649142144
eth,2019-07-16T00:00:00.000000000Z,21276224385
eth,2019-07-17T00:00:00.000000000Z,22554541099
eth,2019-07-18T00:00:00.000000000Z,24301691736
eth,2019-07-19T00:00:00.000000000Z,23640569441
eth,2019-07-20T00:00:00.000000000Z,24674808191
eth,2019-07-21T00:00:00.000000000Z,24143062345
eth,2019-07-22T00:00:00.000000000Z,23219687068
eth,2019-07-23T00:00:00.000000000Z,22724829164
eth,2019-07-24T00:00:00.000000000Z,23207950404
eth,2019-07-25T00:00:00.000000000Z,23509546170
eth,2019-07-26T00:00:00.000000000Z,23483274720
eth,2019-07-27T00:00:00.000000000Z,22124446641
eth,2019-07-28T00:00:00.000000000Z,22585779156
eth,2019-07-29T00:00:00.000000000Z,22579327589
eth,2019-07-30T00:00:00.000000000Z,22495310916
eth,2019-07-31T00:00:00.000000000Z,23361413630
eth,2019-08-01T00:00:00.000000000Z,23285619424
eth,2019-08-02T00:00:00.000000000Z,23322218921
eth,2019-08-03T00:00:00.000000000Z,23771856556
eth,2019-08-04T00:00:00.000000000Z,23877047361
eth,2019-08-05T00:00:00.000000000Z,24899592671
eth,2019-08-06T00:00:00.000000000Z,24198369710
eth,2019-08-07T00:00:00.000000000Z,24235088741
eth,2019-08-08T00:00:00.000000000Z,23649176097
eth,2019-08-09T00:00:00.000000000Z,22501234308
eth,2019-08-10T00:00:00.000000000Z,22129365882
eth,2019-08-11T00:00:00.000000000Z,23147539269
eth,2019-08-12T00:00:00.000000000Z,22633641566
eth,2019-08-13T00:00:00.000000000Z,22381718196
eth,2019-08-14T00:00:00.000000000Z,20000577353
eth,2019-08-15T00:00:00.000000000Z,20178602497
eth,2019-08-16T00:00:00.000000000Z,19919380356
eth,2019-08-17T00:00:00.000000000Z,19918647878
eth,2019-08-18T00:00:00.000000000Z,20904498669
eth,2019-08-19T00:00:00.000000000Z,21772683346
eth,2019-08-20T00:00:00.000000000Z,21125796104
eth,2019-08-21T00:00:00.000000000Z,20030715888
eth,2019-08-22T00:00:00.000000000Z,20580981261
eth,2019-08-23T00:00:00.000000000Z,20908891036
eth,2019-08-24T00:00:00.000000000Z,20534428091
eth,2019-08-25T00:00:00.000000000Z,20022256819
eth,2019-08-26T00:00:00.000000000Z,20266135563
eth,2019-08-27T00:00:00.000000000Z,20087406894
eth,2019-08-28T00:00:00.000000000Z,18616380728
eth,2019-08-29T00:00:00.000000000Z,18141390570
eth,2019-08-30T00:00:00.000000000Z,18104623788
eth,2019-08-31T00:00:00.000000000Z,18516138666
eth,2019-09-01T00:00:00.000000000Z,18414566771
eth,2019-09-02T00:00:00.000000000Z,19209517444
eth,2019-09-03T00:00:00.000000000Z,19282244289
eth,2019-09-04T00:00:00.000000000Z,18800078619
eth,2019-09-05T00:00:00.000000000Z,18782179700
eth,2019-09-06T00:00:00.000000000Z,18212987608
eth,2019-09-07T00:00:00.000000000Z,19190121635
eth,2019-09-08T00:00:00.000000000Z,19549632537
eth,2019-09-09T00:00:00.000000000Z,19528792899
eth,2019-09-10T00:00:00.000000000Z,19338232335
eth,2019-09-11T00:00:00.000000000Z,19175143062
eth,2019-09-12T00:00:00.000000000Z,19477782329
eth,2019-09-13T00:00:00.000000000Z,19552152885
eth,2019-09-14T00:00:00.000000000Z,20317552193
eth,2019-09-15T00:00:00.000000000Z,20411445866
eth,2019-09-16T00:00:00.000000000Z,21274654940
eth,2019-09-17T00:00:00.000000000Z,22555219204
eth,2019-09-18T00:00:00.000000000Z,22712561547
eth,2019-09-19T00:00:00.000000000Z,23884102356
eth,2019-09-20T00:00:00.000000000Z,23416295174
eth,2019-09-21T00:00:00.000000000Z,23236426290
eth,2019-09-22T00:00:00.000000000Z,22759678485
eth,2019-09-23T00:00:00.000000000Z,21702858131
eth,2019-09-24T00:00:00.000000000Z,18168842882
eth,2019-09-25T00:00:00.000000000Z,18322746777
eth,2019-09-26T00:00:00.000000000Z,17946395183
eth,2019-09-27T00:00:00.000000000Z,18784808982
eth,2019-09-28T00:00:00.000000000Z,18756413719
eth,2019-09-29T00:00:00.000000000Z,18332909635
eth,2019-09-30T00:00:00.000000000Z,19377477324
eth,2019-10-01T00:00:00.000000000Z,19069664710
eth,2019-10-02T00:00:00.000000000Z,19516768986
eth,2019-10-03T00:00:00.000000000Z,18948288167
eth,2019-10-04T00:00:00.000000000Z,19032534194
eth,2019-10-05T00:00:00.000000000Z,19030548230
eth,2019-10-06T00:00:00.000000000Z,18349133895
eth,2019-10-07T00:00:00.000000000Z,19555738141
eth,2019-10-08T00:00:00.000000000Z,19522197332
eth,2019-10-09T00:00:00.000000000Z,20990074314
eth,2019-10-10T00:00:00.000000000Z,20705717244
eth,2019-10-11T00:00:00.000000000Z,19554700914
eth,2019-10-12T00:00:00.000000000Z,19494162671
eth,2019-10-13T00:00:00.000000000Z,19621422030
eth,2019-10-14T00:00:00.000000000Z,20169516275
eth,2019-10-15T00:00:00.000000000Z,19497412496
eth,2019-10-16T00:00:00.000000000Z,18927980712
eth,2019-10-17T00:00:00.000000000Z,19154729974
eth,2019-10-18T00:00:00.000000000Z,18730861329
eth,2019-10-19T00:00:00.000000000Z,18568974274
eth,2019-10-20T00:00:00.000000000Z,18958103063
eth,2019-10-21T00:00:00.000000000Z,18853355080
eth,2019-10-22T00:00:00.000000000Z,18537783832
eth,2019-10-23T00:00:00.000000000Z,17464225552
eth,2019-10-24T00:00:00.000000000Z,17434007116
eth,2019-10-25T00:00:00.000000000Z,19616667018
eth,2019-10-26T00:00:00.000000000Z,19462917787
eth,2019-10-27T00:00:00.000000000Z,19990792916
eth,2019-10-28T00:00:00.000000000Z,19802719295
eth,2019-10-29T00:00:00.000000000Z,20673565381
eth,2019-10-30T00:00:00.000000000Z,19857659659
eth,2019-10-31T00:00:00.000000000Z,19768355319
eth,2019-11-01T00:00:00.000000000Z,19871724344
eth,2019-11-02T00:00:00.000000000Z,19834747308
eth,2019-11-03T00:00:00.000000000Z,19718787481
eth,2019-11-04T00:00:00.000000000Z,20168648362
eth,2019-11-05T00:00:00.000000000Z,20516176156
eth,2019-11-06T00:00:00.000000000Z,20772345044
eth,2019-11-07T00:00:00.000000000Z,20255795747
eth,2019-11-08T00:00:00.000000000Z,19961856525
eth,2019-11-09T00:00:00.000000000Z,20064530525
eth,2019-11-10T00:00:00.000000000Z,20509833609
eth,2019-11-11T00:00:00.000000000Z,20010251812
eth,2019-11-12T00:00:00.000000000Z,20246864946
eth,2019-11-13T00:00:00.000000000Z,20407190284
eth,2019-11-14T00:00:00.000000000Z,20054975323
eth,2019-11-15T00:00:00.000000000Z,19538785388
eth,2019-11-16T00:00:00.000000000Z,19790470061
eth,2019-11-17T00:00:00.000000000Z,19960271732
eth,2019-11-18T00:00:00.000000000Z,19336305595
eth,2019-11-19T00:00:00.000000000Z,19053218116
eth,2019-11-20T00:00:00.000000000Z,18944016603
eth,2019-11-21T00:00:00.000000000Z,17460004107
eth,2019-11-22T00:00:00.000000000Z,16272181580
eth,2019-11-23T00:00:00.000000000Z,16551224893
eth,2019-11-24T00:00:00.000000000Z,15384925842
eth,2019-11-25T00:00:00.000000000Z,15928557854
eth,2019-11-26T00:00:00.000000000Z,16080446912
eth,2019-11-27T00:00:00.000000000Z,16658918897
eth,2019-11-28T00:00:00.000000000Z,16417439365
eth,2019-11-29T00:00:00.000000000Z,16772143453
eth,2019-11-30T00:00:00.000000000Z,16530372699
eth,2019-12-01T00:00:00.000000000Z,16463023772
eth,2019-12-02T00:00:00.000000000Z,16211635736
eth,2019-12-03T00:00:00.000000000Z,16040743768
eth,2019-12-04T00:00:00.000000000Z,15850140690
eth,2019-12-05T00:00:00.000000000Z,16104831825
eth,2019-12-06T00:00:00.000000000Z,16180321475
eth,2019-12-07T00:00:00.000000000Z,16053119230
eth,2019-12-08T00:00:00.000000000Z,16416556592
eth,2019-12-09T00:00:00.000000000Z,16041386977
eth,2019-12-10T00:00:00.000000000Z,15860338259
eth,2019-12-11T00:00:00.000000000Z,15582716247
eth,2019-12-12T00:00:00.000000000Z,15759013990
eth,2019-12-13T00:00:00.000000000Z,15746101129
eth,2019-12-14T00:00:00.000000000Z,15447473408
eth,2019-12-15T00:00:00.000000000Z,15499305925
eth,2019-12-16T00:00:00.000000000Z,14419764993
eth,2019-12-17T00:00:00.000000000Z,13236580486
eth,2019-12-18T00:00:00.000000000Z,14477443934
eth,2019-12-19T00:00:00.000000000Z,13929807828
eth,2019-12-20T00:00:00.000000000Z,13971749477
eth,2019-12-21T00:00:00.000000000Z,13850973417
eth,2019-12-22T00:00:00.000000000Z,14393262382
eth,2019-12-23T00:00:00.000000000Z,13931799755
eth,2019-12-24T00:00:00.000000000Z,13915906117
eth,2019-12-25T00:00:00.000000000Z,13614669722
eth,2019-12-26T00:00:00.000000000Z,13662560949
eth,2019-12-27T00:00:00.000000000Z,13759076459
eth,2019-12-28T00:00:00.000000000Z,13962785724
eth,2019-12-29T00:00:00.000000000Z,14684126312
eth,2019-12-30T00:00:00.000000000Z,14319936659
eth,2019-12-31T00:00:00.000000000Z,14018445704
eth,2020-01-01T00:00:00.000000000Z,14178270422
eth,2020-01-02T00:00:00.000000000Z,13826867613
eth,2020-01-03T00:00:00.000000000Z,14599804720
eth,2020-01-04T00:00:00.000000000Z,14628869158
eth,2020-01-05T00:00:00.000000000Z,14732412456
eth,2020-01-06T00:00:00.000000000Z,15717379575
eth,2020-01-07T00:00:00.000000000Z,15638597613
eth,2020-01-08T00:00:00.000000000Z,15381069899
eth,2020-01-09T00:00:00.000000000Z,15011842481
eth,2020-01-10T00:00:00.000000000Z,15703468328
eth,2020-01-11T00:00:00.000000000Z,15602393300
eth,2020-01-12T00:00:00.000000000Z,15888481562
eth,2020-01-13T00:00:00.000000000Z,15722557461
eth,2020-01-14T00:00:00.000000000Z,18143435606
eth,2020-01-15T00:00:00.000000000Z,18124467268
eth,2020-01-16T00:00:00.000000000Z,17929895452
eth,2020-01-17T00:00:00.000000000Z,18695250628
eth,2020-01-18T00:00:00.000000000Z,19139317799
eth,2020-01-19T00:00:00.000000000Z,18236076931
eth,2020-01-20T00:00:00.000000000Z,18253204511
eth,2020-01-21T00:00:00.000000000Z,18500897552
eth,2020-01-22T00:00:00.000000000Z,18325323199
eth,2020-01-23T00:00:00.000000000Z,17738141324
eth,2020-01-24T00:00:00.000000000Z,17750311613
eth,2020-01-25T00:00:00.000000000Z,17563648536
eth,2020-01-26T00:00:00.000000000Z,18292195656
eth,2020-01-27T00:00:00.000000000Z,18598192538
eth,2020-01-28T00:00:00.000000000Z,19185219796
eth,2020-01-29T00:00:00.000000000Z,19121982128
eth,2020-01-30T00:00:00.000000000Z,20173230026
eth,2020-01-31T00:00:00.000000000Z,19727532200
eth,2020-02-01T00:00:00.000000000Z,20102199224
eth,2020-02-02T00:00:00.000000000Z,20634323243
eth,2020-02-03T00:00:00.000000000Z,20740233583
eth,2020-02-04T00:00:00.000000000Z,20626148420
eth,2020-02-05T00:00:00.000000000Z,22474755227
eth,2020-02-06T00:00:00.000000000Z,23323999289
eth,2020-02-07T00:00:00.000000000Z,24424319298
eth,2020-02-08T00:00:00.000000000Z,24549066764
eth,2020-02-09T00:00:00.000000000Z,25044743522
eth,2020-02-10T00:00:00.000000000Z,24573391618
eth,2020-02-11T00:00:00.000000000Z,26057807918
eth,2020-02-12T00:00:00.000000000Z,29241231904
eth,2020-02-13T00:00:00.000000000Z,29386384295
eth,2020-02-14T00:00:00.000000000Z,31242756918
eth,2020-02-15T00:00:00.000000000Z,29074886159
eth,2020-02-16T00:00:00.000000000Z,28650052597
eth,2020-02-17T00:00:00.000000000Z,29254896720
eth,2020-02-18T00:00:00.000000000Z,31119410431
eth,2020-02-19T00:00:00.000000000Z,28655082917
eth,2020-02-20T00:00:00.000000000Z,28390259667
eth,2020-02-21T00:00:00.000000000Z,29192724332
eth,2020-02-22T00:00:00.000000000Z,28741137656
eth,2020-02-23T00:00:00.000000000Z,30195991897
eth,2020-02-24T00:00:00.000000000Z,29034229389
eth,2020-02-25T00:00:00.000000000Z,27299039944
eth,2020-02-26T00:00:00.000000000Z,24794413841
eth,2020-02-27T00:00:00.000000000Z,24873570825
eth,2020-02-28T00:00:00.000000000Z,25126637380
eth,2020-02-29T00:00:00.000000000Z,24187791275
eth,2020-03-01T00:00:00.000000000Z,24028268465
eth,2020-03-02T00:00:00.000000000Z,25413064966
eth,2020-03-03T00:00:00.000000000Z,24656438698
eth,2020-03-04T00:00:00.000000000Z,24645488218
eth,2020-03-05T00:00:00.000000000Z,25050745567
eth,2020-03-06T00:00:00.000000000Z,26870233372
eth,2020-03-07T00:00:00.000000000Z,26183899468
eth,2020-03-08T00:00:00.000000000Z,22304759582
eth,2020-03-09T00:00:00.000000000Z,22019869505
eth,2020-03-10T00:00:00.000000000Z,22099583051
eth,2020-03-11T00:00:00.000000000Z,21374382373
eth,2020-03-12T00:00:00.000000000Z,12142407754
eth,2020-03-13T00:00:00.000000000Z,14833124347
eth,2020-03-14T00:00:00.000000000Z,13438863731
eth,2020-03-15T00:00:00.000000000Z,13625115182
eth,2020-03-16T00:00:00.000000000Z,12150685925
eth,2020-03-17T00:00:00.000000000Z,12970898279
eth,2020-03-18T00:00:00.000000000Z,12961485400
eth,2020-03-19T00:00:00.000000000Z,15130251786
eth,2020-03-20T00:00:00.000000000Z,14490392136
eth,2020-03-21T00:00:00.000000000Z,14600089053
eth,2020-03-22T00:00:00.000000000Z,13492311429
eth,2020-03-23T00:00:00.000000000Z,14942935323
eth,2020-03-24T00:00:00.000000000Z,15366419446
eth,2020-03-25T00:00:00.000000000Z,15002403559
eth,2020-03-26T00:00:00.000000000Z,15281280819
eth,2020-03-27T00:00:00.000000000Z,14739954362
eth,2020-03-28T00:00:00.000000000Z,14449137201
eth,2020-03-29T00:00:00.000000000Z,13805846663
eth,2020-03-30T00:00:00.000000000Z,14659486151
eth,2020-03-31T00:00:00.000000000Z,14728117878
eth,2020-04-01T00:00:00.000000000Z,14988853750
eth,2020-04-02T00:00:00.000000000Z,15575195267
eth,2020-04-03T00:00:00.000000000Z,15640617341
eth,2020-04-04T00:00:00.000000000Z,15930519903
eth,2020-04-05T00:00:00.000000000Z,15781947109
eth,2020-04-06T00:00:00.000000000Z,18724591242
eth,2020-04-07T00:00:00.000000000Z,18131477642
eth,2020-04-08T00:00:00.000000000Z,19136147492
eth,2020-04-09T00:00:00.000000000Z,18805940059
eth,2020-04-10T00:00:00.000000000Z,17401879641
eth,2020-04-11T00:00:00.000000000Z,17501345212
eth,2020-04-12T00:00:00.000000000Z,17748494749
eth,2020-04-13T00:00:00.000000000Z,17369419396
eth,2020-04-14T00:00:00.000000000Z,17571338460
eth,2020-04-15T00:00:00.000000000Z,16904276680
eth,2020-04-16T00:00:00.000000000Z,19119196834
eth,2020-04-17T00:00:00.000000000Z,19039962026
eth,2020-04-18T00:00:00.000000000Z,20797696180
eth,2020-04-19T00:00:00.000000000Z,20039638790
eth,2020-04-20T00:00:00.000000000Z,18912213343
eth,2020-04-21T00:00:00.000000000Z,18967133745
eth,2020-04-22T00:00:00.000000000Z,20196480810
eth,2020-04-23T00:00:00.000000000Z,20538041918
eth,2020-04-24T00:00:00.000000000Z,20759125509
eth,2020-04-25T00:00:00.000000000Z,21443708771
eth,2020-04-26T00:00:00.000000000Z,21809034230
eth,2020-04-27T00:00:00.000000000Z,21756737685
eth,2020-04-28T00:00:00.000000000Z,21859122511
eth,2020-04-29T00:00:00.000000000Z,23845483196
eth,2020-04-30T00:00:00.000000000Z,22907371395
eth,2020-05-01T00:00:00.000000000Z,23555666503
eth,2020-05-02T00:00:00.000000000Z,23715902069
eth,2020-05-03T00:00:00.000000000Z,23270958475
eth,2020-05-04T00:00:00.000000000Z,22927215245
eth,2020-05-05T00:00:00.000000000Z,22699992400
eth,2020-05-06T00:00:00.000000000Z,22464649298
eth,2020-05-07T00:00:00.000000000Z,23603815690
eth,2020-05-08T00:00:00.000000000Z,23542669490
eth,2020-05-09T00:00:00.000000000Z,23363989711
eth,2020-05-10T00:00:00.000000000Z,20791272245
eth,2020-05-11T00:00:00.000000000Z,20591261825
eth,2020-05-12T00:00:00.000000000Z,21048773157
eth,2020-05-13T00:00:00.000000000Z,22173654763
eth,2020-05-14T00:00:00.000000000Z,22575103268
eth,2020-05-15T00:00:00.000000000Z,21644859092
eth,2020-05-16T00:00:00.000000000Z,22279643089
eth,2020-05-17T00:00:00.000000000Z,22976158265
eth,2020-05-18T00:00:00.000000000Z,23830757524
eth,2020-05-19T00:00:00.000000000Z,23730700381
eth,2020-05-20T00:00:00.000000000Z,23287865900
eth,2020-05-21T00:00:00.000000000Z,22082138727
eth,2020-05-22T00:00:00.000000000Z,22989273349
eth,2020-05-23T00:00:00.000000000Z,22976044258
eth,2020-05-24T00:00:00.000000000Z,22474387553
eth,2020-05-25T00:00:00.000000000Z,22689925624
eth,2020-05-26T00:00:00.000000000Z,22311475365
eth,2020-05-27T00:00:00.000000000Z,23051598055
eth,2020-05-28T00:00:00.000000000Z,24374441210
eth,2020-05-29T00:00:00.000000000Z,24533647804
eth,2020-05-30T00:00:00.000000000Z,27069137962
eth,2020-05-31T00:00:00.000000000Z,25724431778
eth,2020-06-01T00:00:00.000000000Z,27687448290
eth,2020-06-02T00:00:00.000000000Z,26368414415
eth,2020-06-03T00:00:00.000000000Z,27122665149
eth,2020-06-04T00:00:00.000000000Z,27094110010
eth,2020-06-05T00:00:00.000000000Z,26727650423
eth,2020-06-06T00:00:00.000000000Z,26919700848
eth,2020-06-07T00:00:00.000000000Z,27186063925
eth,2020-06-08T00:00:00.000000000Z,27365546539
eth,2020-06-09T00:00:00.000000000Z,27186162009
eth,2020-06-10T00:00:00.000000000Z,27565509590
eth,2020-06-11T00:00:00.000000000Z,25699009814
eth,2020-06-12T00:00:00.000000000Z,26398726362
eth,2020-06-13T00:00:00.000000000Z,26505280836
eth,2020-06-14T00:00:00.000000000Z,25845714346
eth,2020-06-15T00:00:00.000000000Z,25744308659
eth,2020-06-16T00:00:00.000000000Z,26186071399
eth,2020-06-17T00:00:00.000000000Z,26027920561
eth,2020-06-18T00:00:00.000000000Z,25768536507
eth,2020-06-19T00:00:00.000000000Z,25487279251
eth,2020-06-20T00:00:00.000000000Z,25506189588
eth,2020-06-21T00:00:00.000000000Z,25359909907
eth,2020-06-22T00:00:00.000000000Z,27106243519
eth,2020-06-23T00:00:00.000000000Z,27076159108
eth,2020-06-24T00:00:00.000000000Z,26176839521
eth,2020-06-25T00:00:00.000000000Z,25912183719
eth,2020-06-26T00:00:00.000000000Z,25611280453
eth,2020-06-27T00:00:00.000000000Z,24611334416
eth,2020-06-28T00:00:00.000000000Z,25031892287
eth,2020-06-29T00:00:00.000000000Z,25433948895
eth,2020-06-30T00:00:00.000000000Z,25180700310
eth,2020-07-01T00:00:00.000000000Z,25788891586
eth,2020-07-02T00:00:00.000000000Z,25296094249
eth,2020-07-03T00:00:00.000000000Z,25120321315
eth,2020-07-04T00:00:00.000000000Z,25543899870
eth,2020-07-05T00:00:00.000000000Z,25413143560
eth,2020-07-06T00:00:00.000000000Z,26924663763
eth,2020-07-07T00:00:00.000000000Z,26686150449
eth,2020-07-08T00:00:00.000000000Z,27563834143
eth,2020-07-09T00:00:00.000000000Z,26987331365
eth,2020-07-10T00:00:00.000000000Z,26921581001
eth,2020-07-11T00:00:00.000000000Z,26731974636
eth,2020-07-12T00:00:00.000000000Z,26958992964
eth,2020-07-13T00:00:00.000000000Z,26740675923
eth,2020-07-14T00:00:00.000000000Z,26890604806
eth,2020-07-15T00:00:00.000000000Z,26641584708
eth,2020-07-16T00:00:00.000000000Z,26104773435
eth,2020-07-17T00:00:00.000000000Z,26029210802
eth,2020-07-18T00:00:00.000000000Z,26374974502
eth,2020-07-19T00:00:00.000000000Z,26763799001
eth,2020-07-20T00:00:00.000000000Z,26431904007
eth,2020-07-21T00:00:00.000000000Z,27429317187
eth,2020-07-22T00:00:00.000000000Z,29552124968
eth,2020-07-23T00:00:00.000000000Z,30789027288
eth,2020-07-24T00:00:00.000000000Z,31316836278
eth,2020-07-25T00:00:00.000000000Z,34173444579
eth,2020-07-26T00:00:00.000000000Z,34808491154
eth,2020-07-27T00:00:00.000000000Z,36177533659
eth,2020-07-28T00:00:00.000000000Z,35597800751
eth,2020-07-29T00:00:00.000000000Z,35603316651
eth,2020-07-30T00:00:00.000000000Z,37616080626
eth,2020-07-31T00:00:00.000000000Z,38764530172
eth,2020-08-01T00:00:00.000000000Z,43361593330
eth,2020-08-02T00:00:00.000000000Z,41686217250
eth,2020-08-03T00:00:00.000000000Z,43181956076
eth,2020-08-04T00:00:00.000000000Z,43767048313
eth,2020-08-05T00:00:00.000000000Z,44885865772
eth,2020-08-06T00:00:00.000000000Z,44151144254
eth,2020-08-07T00:00:00.000000000Z,42624978508
eth,2020-08-08T00:00:00.000000000Z,43978548352
eth,2020-08-09T00:00:00.000000000Z,43627708045
eth,2020-08-10T00:00:00.000000000Z,44330962246
eth,2020-08-11T00:00:00.000000000Z,42509009794
eth,2020-08-12T00:00:00.000000000Z,43422196401
eth,2020-08-13T00:00:00.000000000Z,47643532258
eth,2020-08-14T00:00:00.000000000Z,49138658884
eth,2020-08-15T00:00:00.000000000Z,48531291852
eth,2020-08-16T00:00:00.000000000Z,48574110269
eth,2020-08-17T00:00:00.000000000Z,48569085318
eth,2020-08-18T00:00:00.000000000Z,47509323488
eth,2020-08-19T00:00:00.000000000Z,45666945539
eth,2020-08-20T00:00:00.000000000Z,46725405731
eth,2020-08-21T00:00:00.000000000Z,43473343206
eth,2020-08-22T00:00:00.000000000Z,44452200843
eth,2020-08-23T00:00:00.000000000Z,44012367139
eth,2020-08-24T00:00:00.000000000Z,45909467109
eth,2020-08-25T00:00:00.000000000Z,43086001083
eth,2020-08-26T00:00:00.000000000Z,43398854775
eth,2020-08-27T00:00:00.000000000Z,42955379763
eth,2020-08-28T00:00:00.000000000Z,44386475533
eth,2020-08-29T00:00:00.000000000Z,44990635103
eth,2020-08-30T00:00:00.000000000Z,48123612336
eth,2020-08-31T00:00:00.000000000Z,49016753889
eth,2020-09-01T00:00:00.000000000Z,54043001554
eth,2020-09-02T00:00:00.000000000Z,49604706439
eth,2020-09-03T00:00:00.000000000Z,43126064879
eth,2020-09-04T00:00:00.000000000Z,43482808588
eth,2020-09-05T00:00:00.000000000Z,37274408054
eth,2020-09-06T00:00:00.000000000Z,39731784326
eth,2020-09-07T00:00:00.000000000Z,39689378765
eth,2020-09-08T00:00:00.000000000Z,37883840550
eth,2020-09-09T00:00:00.000000000Z,39614236623
eth,2020-09-10T00:00:00.000000000Z,41343847912
eth,2020-09-11T00:00:00.000000000Z,42090063701
eth,2020-09-12T00:00:00.000000000Z,43474037973
eth,2020-09-13T00:00:00.000000000Z,41163062919
eth,2020-09-14T00:00:00.000000000Z,42311901608
eth,2020-09-15T00:00:00.000000000Z,40981011851
eth,2020-09-16T00:00:00.000000000Z,41142006316
eth,2020-09-17T00:00:00.000000000Z,43864015102
eth,2020-09-18T00:00:00.000000000Z,43060084460
eth,2020-09-19T00:00:00.000000000Z,43401541038
eth,2020-09-20T00:00:00.000000000Z,41824882603
eth,2020-09-21T00:00:00.000000000Z,38590167825
eth,2020-09-22T00:00:00.000000000Z,38712898127
eth,2020-09-23T00:00:00.000000000Z,36134668149
eth,2020-09-24T00:00:00.000000000Z,39358014556
eth,2020-09-25T00:00:00.000000000Z,39652509377
eth,2020-09-26T00:00:00.000000000Z,39982772725
eth,2020-09-27T00:00:00.000000000Z,40159044442
eth,2020-09-28T00:00:00.000000000Z,40089110282
eth,2020-09-29T00:00:00.000000000Z,40572242930
eth,2020-09-30T00:00:00.000000000Z,40608069001
eth,2020-10-01T00:00:00.000000000Z,39753638204
eth,2020-10-02T00:00:00.000000000Z,39018189333
eth,2020-10-03T00:00:00.000000000Z,39118896491
eth,2020-10-04T00:00:00.000000000Z,39765280839
eth,2020-10-05T00:00:00.000000000Z,39866190585
eth,2020-10-06T00:00:00.000000000Z,38393439819
eth,2020-10-07T00:00:00.000000000Z,38517272032
eth,2020-10-08T00:00:00.000000000Z,39579494149
eth,2020-10-09T00:00:00.000000000Z,41359367217
eth,2020-10-10T00:00:00.000000000Z,41932940978
eth,2020-10-11T00:00:00.000000000Z,42261276052
eth,2020-10-12T00:00:00.000000000Z,43794329459
eth,2020-10-13T00:00:00.000000000Z,43107369627
eth,2020-10-14T00:00:00.000000000Z,42805800702
eth,2020-10-15T00:00:00.000000000Z,42661073712
eth,2020-10-16T00:00:00.000000000Z,41400056824
eth,2020-10-17T00:00:00.000000000Z,41633142798
eth,2020-10-18T00:00:00.000000000Z,42723797157
eth,2020-10-19T00:00:00.000000000Z,42903166321
eth,2020-10-20T00:00:00.000000000Z,41707584654
eth,2020-10-21T00:00:00.000000000Z,44384831965
eth,2020-10-22T00:00:00.000000000Z,46874253480
eth,2020-10-23T00:00:00.000000000Z,46303400783
eth,2020-10-24T00:00:00.000000000Z,46640269107
eth,2020-10-25T00:00:00.000000000Z,46020668226
eth,2020-10-26T00:00:00.000000000Z,44585414597
eth,2020-10-27T00:00:00.000000000Z,45726338651
eth,2020-10-28T00:00:00.000000000Z,44018002203
eth,2020-10-29T00:00:00.000000000Z,43783900657
eth,2020-10-30T00:00:00.000000000Z,43427791352
eth,2020-10-31T00:00:00.000000000Z,43771395808
eth,2020-11-01T00:00:00.000000000Z,44794947444
eth,2020-11-02T00:00:00.000000000Z,43471889989
eth,2020-11-03T00:00:00.000000000Z,44009375960
eth,2020-11-04T00:00:00.000000000Z,45515313895
eth,2020-11-05T00:00:00.000000000Z,47243042417
eth,2020-11-06T00:00:00.000000000Z,51718674197
eth,2020-11-07T00:00:00.000000000Z,49495234269
eth,2020-11-08T00:00:00.000000000Z,51609557493
eth,2020-11-09T00:00:00.000000000Z,50388432681
eth,2020-11-10T00:00:00.000000000Z,51182713292
eth,2020-11-11T00:00:00.000000000Z,52630307644
eth,2020-11-12T00:00:00.000000000Z,52483547935
eth,2020-11-13T00:00:00.000000000Z,54043954188
eth,2020-11-14T00:00:00.000000000Z,52460351697
eth,2020-11-15T00:00:00.000000000Z,50968726410
eth,2020-11-16T00:00:00.000000000Z,52439303240
eth,2020-11-17T00:00:00.000000000Z,54764598181
eth,2020-11-18T00:00:00.000000000Z,54407650004
eth,2020-11-19T00:00:00.000000000Z,53467455292
eth,2020-11-20T00:00:00.000000000Z,57833655430
eth,2020-11-21T00:00:00.000000000Z,62130116927
eth,2020-11-22T00:00:00.000000000Z,64155768064
eth,2020-11-23T00:00:00.000000000Z,68941420584
eth,2020-11-24T00:00:00.000000000Z,68649757668
eth,2020-11-25T00:00:00.000000000Z,64532707820
eth,2020-11-26T00:00:00.000000000Z,58878474305
eth,2020-11-27T00:00:00.000000000Z,58731546980
eth,2020-11-28T00:00:00.000000000Z,61440808506
eth,2020-11-29T00:00:00.000000000Z,65316285191
eth,2020-11-30T00:00:00.000000000Z,69709797644
eth,2020-12-01T00:00:00.000000000Z,66852274402
eth,2020-12-02T00:00:00.000000000Z,68073554769
eth,2020-12-03T00:00:00.000000000Z,70199089676
eth,2020-12-04T00:00:00.000000000Z,65048717200
eth,2020-12-05T00:00:00.000000000Z,67641822106
eth,2020-12-06T00:00:00.000000000Z,68483549098
eth,2020-12-07T00:00:00.000000000Z,67305861944
eth,2020-12-08T00:00:00.000000000Z,63048370941
eth,2020-12-09T00:00:00.000000000Z,65319035866
eth,2020-12-10T00:00:00.000000000Z,63761025401
eth,2020-12-11T00:00:00.000000000Z,62065585553
eth,2020-12-12T00:00:00.000000000Z,64697278561
eth,2020-12-13T00:00:00.000000000Z,67206113453
eth,2020-12-14T00:00:00.000000000Z,66752768793
eth,2020-12-15T00:00:00.000000000Z,67048839807
eth,2020-12-16T00:00:00.000000000Z,72430880318
eth,2020-12-17T00:00:00.000000000Z,73189108081
eth,2020-12-18T00:00:00.000000000Z,74247988547
eth,2020-12-19T00:00:00.000000000Z,75134163429
eth,2020-12-20T00:00:00.000000000Z,72733788309
eth,2020-12-21T00:00:00.000000000Z,69778889327
eth,2020-12-22T00:00:00.000000000Z,72251497112
eth,2020-12-23T00:00:00.000000000Z,67056518587
eth,2020-12-24T00:00:00.000000000Z,69729451066
eth,2020-12-25T00:00:00.000000000Z,71327143893
eth,2020-12-26T00:00:00.000000000Z,72471574959
eth,2020-12-27T00:00:00.000000000Z,78484945439
eth,2020-12-28T00:00:00.000000000Z,83287062649
eth,2020-12-29T00:00:00.000000000Z,83458671525
eth,2020-12-30T00:00:00.000000000Z,85666191925
eth,2020-12-31T00:00:00.000000000Z,84286915998
eth,2021-01-01T00:00:00.000000000Z,83371600687
eth,2021-01-02T00:00:00.000000000Z,88444643859
eth,2021-01-03T00:00:00.000000000Z,1.12993E+11
eth,2021-01-04T00:00:00.000000000Z,1.17565E+11
eth,2021-01-05T00:00:00.000000000Z,1.25709E+11
eth,2021-01-06T00:00:00.000000000Z,1.36885E+11
eth,2021-01-07T00:00:00.000000000Z,1.39283E+11
eth,2021-01-08T00:00:00.000000000Z,1.39261E+11
eth,2021-01-09T00:00:00.000000000Z,1.46937E+11
eth,2021-01-10T00:00:00.000000000Z,1.44496E+11
eth,2021-01-11T00:00:00.000000000Z,1.23668E+11
eth,2021-01-12T00:00:00.000000000Z,1.1865E+11
eth,2021-01-13T00:00:00.000000000Z,1.2884E+11
eth,2021-01-14T00:00:00.000000000Z,1.38531E+11
eth,2021-01-15T00:00:00.000000000Z,1.33409E+11
eth,2021-01-16T00:00:00.000000000Z,1.40722E+11
eth,2021-01-17T00:00:00.000000000Z,1.41943E+11
eth,2021-01-18T00:00:00.000000000Z,1.43115E+11
eth,2021-01-19T00:00:00.000000000Z,1.58441E+11
eth,2021-01-20T00:00:00.000000000Z,1.56372E+11
eth,2021-01-21T00:00:00.000000000Z,1.29507E+11
eth,2021-01-22T00:00:00.000000000Z,1.41264E+11
eth,2021-01-23T00:00:00.000000000Z,1.40982E+11
eth,2021-01-24T00:00:00.000000000Z,1.58666E+11
eth,2021-01-25T00:00:00.000000000Z,1.51636E+11
eth,2021-01-26T00:00:00.000000000Z,1.558E+11
eth,2021-01-27T00:00:00.000000000Z,1.42556E+11
eth,2021-01-28T00:00:00.000000000Z,1.53539E+11
eth,2021-01-29T00:00:00.000000000Z,1.58322E+11
eth,2021-01-30T00:00:00.000000000Z,1.57936E+11
eth,2021-01-31T00:00:00.000000000Z,1.50797E+11
eth,2021-02-01T00:00:00.000000000Z,1.56838E+11
eth,2021-02-02T00:00:00.000000000Z,1.74514E+11
eth,2021-02-03T00:00:00.000000000Z,1.90034E+11
eth,2021-02-04T00:00:00.000000000Z,1.84202E+11
eth,2021-02-05T00:00:00.000000000Z,1.97061E+11
eth,2021-02-06T00:00:00.000000000Z,1.92872E+11
eth,2021-02-07T00:00:00.000000000Z,1.85142E+11
eth,2021-02-08T00:00:00.000000000Z,1.99774E+11
eth,2021-02-09T00:00:00.000000000Z,2.02924E+11
eth,2021-02-10T00:00:00.000000000Z,2.00356E+11
eth,2021-02-11T00:00:00.000000000Z,2.04663E+11
eth,2021-02-12T00:00:00.000000000Z,2.11665E+11
eth,2021-02-13T00:00:00.000000000Z,2.0859E+11
eth,2021-02-14T00:00:00.000000000Z,2.07714E+11
eth,2021-02-15T00:00:00.000000000Z,2.04983E+11
eth,2021-02-16T00:00:00.000000000Z,2.04214E+11
eth,2021-02-17T00:00:00.000000000Z,2.1165E+11
eth,2021-02-18T00:00:00.000000000Z,2.21675E+11
eth,2021-02-19T00:00:00.000000000Z,2.24984E+11
eth,2021-02-20T00:00:00.000000000Z,2.19478E+11
eth,2021-02-21T00:00:00.000000000Z,2.21923E+11
eth,2021-02-22T00:00:00.000000000Z,2.03279E+11
eth,2021-02-23T00:00:00.000000000Z,1.79409E+11
eth,2021-02-24T00:00:00.000000000Z,1.85574E+11
eth,2021-02-25T00:00:00.000000000Z,1.71233E+11
eth,2021-02-26T00:00:00.000000000Z,1.65609E+11
eth,2021-02-27T00:00:00.000000000Z,1.66975E+11
eth,2021-02-28T00:00:00.000000000Z,1.63705E+11
eth,2021-03-01T00:00:00.000000000Z,1.79558E+11
eth,2021-03-02T00:00:00.000000000Z,1.71152E+11
eth,2021-03-03T00:00:00.000000000Z,1.81994E+11
eth,2021-03-04T00:00:00.000000000Z,1.76724E+11
eth,2021-03-05T00:00:00.000000000Z,1.7592E+11
eth,2021-03-06T00:00:00.000000000Z,1.90767E+11
eth,2021-03-07T00:00:00.000000000Z,1.97608E+11
eth,2021-03-08T00:00:00.000000000Z,2.09927E+11
eth,2021-03-09T00:00:00.000000000Z,2.1408E+11
eth,2021-03-10T00:00:00.000000000Z,2.07366E+11
eth,2021-03-11T00:00:00.000000000Z,2.10184E+11
eth,2021-03-12T00:00:00.000000000Z,2.03399E+11
eth,2021-03-13T00:00:00.000000000Z,2.21678E+11
eth,2021-03-14T00:00:00.000000000Z,2.156E+11
eth,2021-03-15T00:00:00.000000000Z,2.06738E+11
eth,2021-03-16T00:00:00.000000000Z,2.06768E+11
eth,2021-03-17T00:00:00.000000000Z,2.09315E+11
eth,2021-03-18T00:00:00.000000000Z,2.05055E+11
eth,2021-03-19T00:00:00.000000000Z,2.08386E+11
eth,2021-03-20T00:00:00.000000000Z,2.08684E+11
eth,2021-03-21T00:00:00.000000000Z,2.05482E+11
eth,2021-03-22T00:00:00.000000000Z,1.94497E+11
eth,2021-03-23T00:00:00.000000000Z,1.9252E+11
eth,2021-03-24T00:00:00.000000000Z,1.82768E+11
eth,2021-03-25T00:00:00.000000000Z,1.83026E+11
eth,2021-03-26T00:00:00.000000000Z,1.95343E+11
eth,2021-03-27T00:00:00.000000000Z,1.97953E+11
eth,2021-03-28T00:00:00.000000000Z,1.94178E+11
eth,2021-03-29T00:00:00.000000000Z,2.0872E+11
eth,2021-03-30T00:00:00.000000000Z,2.12171E+11
eth,2021-03-31T00:00:00.000000000Z,2.20957E+11
eth,2021-04-01T00:00:00.000000000Z,2.27249E+11
eth,2021-04-02T00:00:00.000000000Z,2.4605E+11
eth,2021-04-03T00:00:00.000000000Z,2.33519E+11
eth,2021-04-04T00:00:00.000000000Z,2.39571E+11
eth,2021-04-05T00:00:00.000000000Z,2.42152E+11
eth,2021-04-06T00:00:00.000000000Z,2.44185E+11
eth,2021-04-07T00:00:00.000000000Z,2.29043E+11
eth,2021-04-08T00:00:00.000000000Z,2.39817E+11
eth,2021-04-09T00:00:00.000000000Z,2.38403E+11
eth,2021-04-10T00:00:00.000000000Z,2.45832E+11
eth,2021-04-11T00:00:00.000000000Z,2.47498E+11
eth,2021-04-12T00:00:00.000000000Z,2.47349E+11
eth,2021-04-13T00:00:00.000000000Z,2.6528E+11
eth,2021-04-14T00:00:00.000000000Z,2.80598E+11
eth,2021-04-15T00:00:00.000000000Z,2.90941E+11
eth,2021-04-16T00:00:00.000000000Z,2.80439E+11
eth,2021-04-17T00:00:00.000000000Z,2.70516E+11
eth,2021-04-18T00:00:00.000000000Z,2.59149E+11
eth,2021-04-19T00:00:00.000000000Z,2.50532E+11
eth,2021-04-20T00:00:00.000000000Z,2.69033E+11
eth,2021-04-21T00:00:00.000000000Z,2.73166E+11
eth,2021-04-22T00:00:00.000000000Z,2.79636E+11
eth,2021-04-23T00:00:00.000000000Z,2.72435E+11
eth,2021-04-24T00:00:00.000000000Z,2.58534E+11
eth,2021-04-25T00:00:00.000000000Z,2.65959E+11
eth,2021-04-26T00:00:00.000000000Z,2.92063E+11
eth,2021-04-27T00:00:00.000000000Z,3.06007E+11
eth,2021-04-28T00:00:00.000000000Z,3.169E+11
eth,2021-04-29T00:00:00.000000000Z,3.19282E+11
eth,2021-04-30T00:00:00.000000000Z,3.20451E+11
eth,2021-05-01T00:00:00.000000000Z,3.41199E+11
eth,2021-05-02T00:00:00.000000000Z,3.41605E+11
eth,2021-05-03T00:00:00.000000000Z,3.96976E+11
eth,2021-05-04T00:00:00.000000000Z,3.78997E+11
eth,2021-05-05T00:00:00.000000000Z,4.08096E+11
eth,2021-05-06T00:00:00.000000000Z,4.05206E+11
eth,2021-05-07T00:00:00.000000000Z,4.03179E+11
eth,2021-05-08T00:00:00.000000000Z,4.50018E+11
eth,2021-05-09T00:00:00.000000000Z,4.53464E+11
eth,2021-05-10T00:00:00.000000000Z,4.57942E+11
eth,2021-05-11T00:00:00.000000000Z,4.81332E+11
eth,2021-05-12T00:00:00.000000000Z,4.60506E+11
eth,2021-05-13T00:00:00.000000000Z,4.27155E+11
eth,2021-05-14T00:00:00.000000000Z,4.73499E+11
eth,2021-05-15T00:00:00.000000000Z,4.25568E+11
eth,2021-05-16T00:00:00.000000000Z,4.13246E+11
eth,2021-05-17T00:00:00.000000000Z,3.80167E+11
eth,2021-05-18T00:00:00.000000000Z,3.90436E+11
eth,2021-05-19T00:00:00.000000000Z,2.93969E+11
eth,2021-05-20T00:00:00.000000000Z,3.22084E+11
eth,2021-05-21T00:00:00.000000000Z,2.7992E+11
eth,2021-05-22T00:00:00.000000000Z,2.6915E+11
eth,2021-05-23T00:00:00.000000000Z,2.44217E+11
eth,2021-05-24T00:00:00.000000000Z,3.0463E+11
eth,2021-05-25T00:00:00.000000000Z,3.12835E+11
eth,2021-05-26T00:00:00.000000000Z,3.32842E+11
eth,2021-05-27T00:00:00.000000000Z,3.18304E+11
eth,2021-05-28T00:00:00.000000000Z,2.80299E+11
eth,2021-05-29T00:00:00.000000000Z,2.65656E+11
eth,2021-05-30T00:00:00.000000000Z,2.77626E+11
eth,2021-05-31T00:00:00.000000000Z,3.13357E+11
eth,2021-06-01T00:00:00.000000000Z,3.04916E+11
eth,2021-06-02T00:00:00.000000000Z,3.15049E+11
eth,2021-06-03T00:00:00.000000000Z,3.31976E+11
eth,2021-06-04T00:00:00.000000000Z,3.12348E+11
eth,2021-06-05T00:00:00.000000000Z,3.02592E+11
eth,2021-06-06T00:00:00.000000000Z,3.14375E+11
eth,2021-06-07T00:00:00.000000000Z,3.02103E+11
eth,2021-06-08T00:00:00.000000000Z,2.92714E+11
eth,2021-06-09T00:00:00.000000000Z,3.02808E+11
eth,2021-06-10T00:00:00.000000000Z,2.88402E+11
eth,2021-06-11T00:00:00.000000000Z,2.72586E+11
eth,2021-06-12T00:00:00.000000000Z,2.76781E+11
eth,2021-06-13T00:00:00.000000000Z,2.91207E+11
eth,2021-06-14T00:00:00.000000000Z,2.99659E+11
eth,2021-06-15T00:00:00.000000000Z,2.96868E+11
eth,2021-06-16T00:00:00.000000000Z,2.74601E+11
eth,2021-06-17T00:00:00.000000000Z,2.75492E+11
eth,2021-06-18T00:00:00.000000000Z,2.58794E+11
eth,2021-06-19T00:00:00.000000000Z,2.53027E+11
eth,2021-06-20T00:00:00.000000000Z,2.60958E+11
eth,2021-06-21T00:00:00.000000000Z,2.21157E+11
eth,2021-06-22T00:00:00.000000000Z,2.17368E+11
eth,2021-06-23T00:00:00.000000000Z,2.28392E+11
eth,2021-06-24T00:00:00.000000000Z,2.31276E+11
eth,2021-06-25T00:00:00.000000000Z,2.11646E+11
eth,2021-06-26T00:00:00.000000000Z,2.09824E+11
eth,2021-06-27T00:00:00.000000000Z,2.28777E+11
eth,2021-06-28T00:00:00.000000000Z,2.42169E+11
eth,2021-06-29T00:00:00.000000000Z,2.52763E+11
eth,2021-06-30T00:00:00.000000000Z,2.64707E+11
eth,2021-07-01T00:00:00.000000000Z,2.46363E+11
eth,2021-07-02T00:00:00.000000000Z,2.50521E+11
eth,2021-07-03T00:00:00.000000000Z,2.5823E+11
eth,2021-07-04T00:00:00.000000000Z,2.71081E+11
eth,2021-07-05T00:00:00.000000000Z,2.58607E+11
eth,2021-07-06T00:00:00.000000000Z,2.70233E+11
eth,2021-07-07T00:00:00.000000000Z,2.70145E+11
eth,2021-07-08T00:00:00.000000000Z,2.4707E+11
eth,2021-07-09T00:00:00.000000000Z,2.51163E+11
eth,2021-07-10T00:00:00.000000000Z,2.4691E+11
eth,2021-07-11T00:00:00.000000000Z,2.49636E+11
eth,2021-07-12T00:00:00.000000000Z,2.37164E+11
eth,2021-07-13T00:00:00.000000000Z,2.26295E+11
eth,2021-07-14T00:00:00.000000000Z,2.32482E+11
eth,2021-07-15T00:00:00.000000000Z,2.23223E+11
eth,2021-07-16T00:00:00.000000000Z,2.19191E+11
eth,2021-07-17T00:00:00.000000000Z,2.21417E+11
eth,2021-07-18T00:00:00.000000000Z,2.20943E+11
eth,2021-07-19T00:00:00.000000000Z,2.1274E+11
eth,2021-07-20T00:00:00.000000000Z,2.08459E+11
eth,2021-07-21T00:00:00.000000000Z,2.31856E+11
eth,2021-07-22T00:00:00.000000000Z,2.3602E+11
eth,2021-07-23T00:00:00.000000000Z,2.46769E+11
eth,2021-07-24T00:00:00.000000000Z,2.54579E+11
eth,2021-07-25T00:00:00.000000000Z,2.55556E+11
eth,2021-07-26T00:00:00.000000000Z,2.61861E+11
eth,2021-07-27T00:00:00.000000000Z,2.67157E+11
eth,2021-07-28T00:00:00.000000000Z,2.68449E+11
eth,2021-07-29T00:00:00.000000000Z,2.78698E+11
eth,2021-07-30T00:00:00.000000000Z,2.86544E+11
eth,2021-07-31T00:00:00.000000000Z,2.97456E+11
eth,2021-08-01T00:00:00.000000000Z,2.99754E+11
eth,2021-08-02T00:00:00.000000000Z,3.06254E+11
eth,2021-08-03T00:00:00.000000000Z,2.93878E+11
eth,2021-08-04T00:00:00.000000000Z,3.1906E+11
eth,2021-08-05T00:00:00.000000000Z,3.30513E+11
eth,2021-08-06T00:00:00.000000000Z,3.37861E+11
eth,2021-08-07T00:00:00.000000000Z,3.67776E+11
eth,2021-08-08T00:00:00.000000000Z,3.54241E+11
eth,2021-08-09T00:00:00.000000000Z,3.69603E+11
eth,2021-08-10T00:00:00.000000000Z,3.67706E+11
eth,2021-08-11T00:00:00.000000000Z,3.70894E+11
eth,2021-08-12T00:00:00.000000000Z,3.55658E+11
eth,2021-08-13T00:00:00.000000000Z,3.88297E+11
eth,2021-08-14T00:00:00.000000000Z,3.82778E+11
eth,2021-08-15T00:00:00.000000000Z,3.87713E+11
eth,2021-08-16T00:00:00.000000000Z,3.69843E+11
eth,2021-08-17T00:00:00.000000000Z,3.53814E+11
eth,2021-08-18T00:00:00.000000000Z,3.56286E+11
eth,2021-08-19T00:00:00.000000000Z,3.71869E+11
eth,2021-08-20T00:00:00.000000000Z,3.84118E+11
eth,2021-08-21T00:00:00.000000000Z,3.79073E+11
eth,2021-08-22T00:00:00.000000000Z,3.80427E+11
eth,2021-08-23T00:00:00.000000000Z,3.89467E+11
eth,2021-08-24T00:00:00.000000000Z,3.73213E+11
eth,2021-08-25T00:00:00.000000000Z,3.78543E+11
eth,2021-08-26T00:00:00.000000000Z,3.65911E+11
eth,2021-08-27T00:00:00.000000000Z,3.83475E+11
eth,2021-08-28T00:00:00.000000000Z,3.80312E+11
eth,2021-08-29T00:00:00.000000000Z,3.78977E+11
eth,2021-08-30T00:00:00.000000000Z,3.79894E+11
eth,2021-08-31T00:00:00.000000000Z,4.0265E+11
eth,2021-09-01T00:00:00.000000000Z,4.45159E+11
eth,2021-09-02T00:00:00.000000000Z,4.44983E+11
eth,2021-09-03T00:00:00.000000000Z,4.59903E+11
eth,2021-09-04T00:00:00.000000000Z,4.56159E+11
eth,2021-09-05T00:00:00.000000000Z,4.64239E+11
eth,2021-09-06T00:00:00.000000000Z,4.61265E+11
eth,2021-09-07T00:00:00.000000000Z,4.03081E+11
eth,2021-09-08T00:00:00.000000000Z,4.11926E+11
eth,2021-09-09T00:00:00.000000000Z,4.03175E+11
eth,2021-09-10T00:00:00.000000000Z,3.7636E+11
eth,2021-09-11T00:00:00.000000000Z,3.82868E+11
eth,2021-09-12T00:00:00.000000000Z,4.01534E+11
eth,2021-09-13T00:00:00.000000000Z,3.86521E+11
eth,2021-09-14T00:00:00.000000000Z,4.01856E+11
eth,2021-09-15T00:00:00.000000000Z,4.22045E+11
eth,2021-09-16T00:00:00.000000000Z,4.1935E+11
eth,2021-09-17T00:00:00.000000000Z,3.99273E+11
eth,2021-09-18T00:00:00.000000000Z,4.0267E+11
eth,2021-09-19T00:00:00.000000000Z,3.90366E+11
eth,2021-09-20T00:00:00.000000000Z,3.4871E+11
eth,2021-09-21T00:00:00.000000000Z,3.22932E+11
eth,2021-09-22T00:00:00.000000000Z,3.60358E+11
eth,2021-09-23T00:00:00.000000000Z,3.70254E+11
eth,2021-09-24T00:00:00.000000000Z,3.4501E+11
eth,2021-09-25T00:00:00.000000000Z,3.4504E+11
eth,2021-09-26T00:00:00.000000000Z,3.58743E+11
eth,2021-09-27T00:00:00.000000000Z,3.47475E+11
eth,2021-09-28T00:00:00.000000000Z,3.31401E+11
eth,2021-09-29T00:00:00.000000000Z,3.34696E+11
eth,2021-09-30T00:00:00.000000000Z,3.53366E+11
eth,2021-10-01T00:00:00.000000000Z,3.88483E+11
eth,2021-10-02T00:00:00.000000000Z,3.99645E+11
eth,2021-10-03T00:00:00.000000000Z,4.02821E+11
eth,2021-10-04T00:00:00.000000000Z,3.99473E+11
eth,2021-10-05T00:00:00.000000000Z,4.14689E+11
eth,2021-10-06T00:00:00.000000000Z,4.2275E+11
eth,2021-10-07T00:00:00.000000000Z,4.22901E+11
eth,2021-10-08T00:00:00.000000000Z,4.19625E+11
eth,2021-10-09T00:00:00.000000000Z,4.21885E+11
eth,2021-10-10T00:00:00.000000000Z,4.04505E+11
eth,2021-10-11T00:00:00.000000000Z,4.14873E+11
eth,2021-10-12T00:00:00.000000000Z,4.11582E+11
eth,2021-10-13T00:00:00.000000000Z,4.24162E+11
eth,2021-10-14T00:00:00.000000000Z,4.46494E+11
eth,2021-10-15T00:00:00.000000000Z,4.55409E+11
eth,2021-10-16T00:00:00.000000000Z,4.52519E+11
eth,2021-10-17T00:00:00.000000000Z,4.52527E+11
eth,2021-10-18T00:00:00.000000000Z,4.41922E+11
eth,2021-10-19T00:00:00.000000000Z,4.57188E+11
eth,2021-10-20T00:00:00.000000000Z,4.90084E+11
eth,2021-10-21T00:00:00.000000000Z,4.7973E+11
eth,2021-10-22T00:00:00.000000000Z,4.69207E+11
eth,2021-10-23T00:00:00.000000000Z,4.90984E+11
eth,2021-10-24T00:00:00.000000000Z,4.81243E+11
eth,2021-10-25T00:00:00.000000000Z,4.97569E+11
eth,2021-10-26T00:00:00.000000000Z,4.87733E+11
eth,2021-10-27T00:00:00.000000000Z,4.66177E+11
eth,2021-10-28T00:00:00.000000000Z,5.05339E+11
eth,2021-10-29T00:00:00.000000000Z,5.21273E+11
eth,2021-10-30T00:00:00.000000000Z,5.09301E+11
eth,2021-10-31T00:00:00.000000000Z,5.07307E+11
eth,2021-11-01T00:00:00.000000000Z,5.11124E+11
eth,2021-11-02T00:00:00.000000000Z,5.41973E+11
eth,2021-11-03T00:00:00.000000000Z,5.43511E+11
eth,2021-11-04T00:00:00.000000000Z,5.36097E+11
eth,2021-11-05T00:00:00.000000000Z,5.29214E+11
eth,2021-11-06T00:00:00.000000000Z,5.33386E+11
eth,2021-11-07T00:00:00.000000000Z,5.4499E+11
eth,2021-11-08T00:00:00.000000000Z,5.68924E+11
eth,2021-11-09T00:00:00.000000000Z,5.60064E+11
eth,2021-11-10T00:00:00.000000000Z,5.46438E+11
eth,2021-11-11T00:00:00.000000000Z,5.59251E+11
eth,2021-11-12T00:00:00.000000000Z,5.51626E+11
eth,2021-11-13T00:00:00.000000000Z,5.4958E+11
eth,2021-11-14T00:00:00.000000000Z,5.45449E+11
eth,2021-11-15T00:00:00.000000000Z,5.40763E+11
eth,2021-11-16T00:00:00.000000000Z,5.01142E+11
eth,2021-11-17T00:00:00.000000000Z,5.04922E+11
eth,2021-11-18T00:00:00.000000000Z,4.71841E+11
eth,2021-11-19T00:00:00.000000000Z,5.08077E+11
eth,2021-11-20T00:00:00.000000000Z,5.22562E+11
eth,2021-11-21T00:00:00.000000000Z,5.10416E+11
eth,2021-11-22T00:00:00.000000000Z,4.85209E+11
eth,2021-11-23T00:00:00.000000000Z,5.1504E+11
eth,2021-11-24T00:00:00.000000000Z,5.04888E+11
eth,2021-11-25T00:00:00.000000000Z,5.36231E+11
eth,2021-11-26T00:00:00.000000000Z,4.80123E+11
eth,2021-11-27T00:00:00.000000000Z,4.84313E+11
eth,2021-11-28T00:00:00.000000000Z,5.08563E+11
eth,2021-11-29T00:00:00.000000000Z,5.27269E+11
eth,2021-11-30T00:00:00.000000000Z,5.50637E+11
eth,2021-12-01T00:00:00.000000000Z,5.43524E+11
eth,2021-12-02T00:00:00.000000000Z,5.36827E+11
eth,2021-12-03T00:00:00.000000000Z,5.0195E+11
eth,2021-12-04T00:00:00.000000000Z,4.85976E+11
eth,2021-12-05T00:00:00.000000000Z,4.97038E+11
eth,2021-12-06T00:00:00.000000000Z,5.15047E+11
eth,2021-12-07T00:00:00.000000000Z,5.10576E+11
eth,2021-12-08T00:00:00.000000000Z,5.25291E+11
eth,2021-12-09T00:00:00.000000000Z,4.93307E+11
eth,2021-12-10T00:00:00.000000000Z,4.6658E+11
eth,2021-12-11T00:00:00.000000000Z,4.84195E+11
eth,2021-12-12T00:00:00.000000000Z,4.9154E+11
eth,2021-12-13T00:00:00.000000000Z,4.49701E+11
eth,2021-12-14T00:00:00.000000000Z,4.57195E+11
eth,2021-12-15T00:00:00.000000000Z,4.76824E+11
eth,2021-12-16T00:00:00.000000000Z,4.71868E+11
eth,2021-12-17T00:00:00.000000000Z,4.61467E+11
eth,2021-12-18T00:00:00.000000000Z,4.71075E+11
eth,2021-12-19T00:00:00.000000000Z,4.67767E+11
eth,2021-12-20T00:00:00.000000000Z,4.68071E+11
eth,2021-12-21T00:00:00.000000000Z,4.78739E+11
eth,2021-12-22T00:00:00.000000000Z,4.7353E+11
eth,2021-12-23T00:00:00.000000000Z,4.87506E+11
eth,2021-12-24T00:00:00.000000000Z,4.80824E+11
eth,2021-12-25T00:00:00.000000000Z,4.87388E+11
eth,2021-12-26T00:00:00.000000000Z,4.83928E+11
eth,2021-12-27T00:00:00.000000000Z,4.80896E+11
eth,2021-12-28T00:00:00.000000000Z,4.52616E+11
eth,2021-12-29T00:00:00.000000000Z,4.32752E+11
eth,2021-12-30T00:00:00.000000000Z,4.41053E+11
eth,2021-12-31T00:00:00.000000000Z,4.38596E+11
eth,2022-01-01T00:00:00.000000000Z,4.47462E+11
eth,2022-01-02T00:00:00.000000000Z,4.55998E+11
eth,2022-01-03T00:00:00.000000000Z,4.48086E+11
eth,2022-01-04T00:00:00.000000000Z,4.51851E+11
eth,2022-01-05T00:00:00.000000000Z,4.22035E+11
eth,2022-01-06T00:00:00.000000000Z,4.06314E+11
eth,2022-01-07T00:00:00.000000000Z,3.79797E+11
eth,2022-01-08T00:00:00.000000000Z,3.68261E+11
eth,2022-01-09T00:00:00.000000000Z,3.75682E+11
eth,2022-01-10T00:00:00.000000000Z,3.66796E+11
eth,2022-01-11T00:00:00.000000000Z,3.86143E+11
eth,2022-01-12T00:00:00.000000000Z,4.0178E+11
eth,2022-01-13T00:00:00.000000000Z,3.87556E+11
eth,2022-01-14T00:00:00.000000000Z,3.94231E+11
eth,2022-01-15T00:00:00.000000000Z,3.97341E+11
eth,2022-01-16T00:00:00.000000000Z,3.99994E+11
eth,2022-01-17T00:00:00.000000000Z,3.82732E+11
eth,2022-01-18T00:00:00.000000000Z,3.77373E+11
eth,2022-01-19T00:00:00.000000000Z,3.70218E+11
eth,2022-01-20T00:00:00.000000000Z,3.59107E+11
eth,2022-01-21T00:00:00.000000000Z,3.05867E+11
eth,2022-01-22T00:00:00.000000000Z,2.86317E+11
eth,2022-01-23T00:00:00.000000000Z,3.02173E+11
eth,2022-01-24T00:00:00.000000000Z,2.9095E+11
eth,2022-01-25T00:00:00.000000000Z,2.93281E+11
eth,2022-01-26T00:00:00.000000000Z,2.94355E+11
eth,2022-01-27T00:00:00.000000000Z,2.87887E+11
eth,2022-01-28T00:00:00.000000000Z,3.03783E+11
eth,2022-01-29T00:00:00.000000000Z,3.09505E+11
eth,2022-01-30T00:00:00.000000000Z,3.11612E+11
eth,2022-01-31T00:00:00.000000000Z,3.20686E+11
eth,2022-02-01T00:00:00.000000000Z,3.33773E+11
eth,2022-02-02T00:00:00.000000000Z,3.20804E+11
eth,2022-02-03T00:00:00.000000000Z,3.1893E+11
eth,2022-02-04T00:00:00.000000000Z,3.5471E+11
eth,2022-02-05T00:00:00.000000000Z,3.60446E+11
eth,2022-02-06T00:00:00.000000000Z,3.64281E+11
eth,2022-02-07T00:00:00.000000000Z,3.75793E+11
eth,2022-02-08T00:00:00.000000000Z,3.73596E+11
eth,2022-02-09T00:00:00.000000000Z,3.87392E+11
eth,2022-02-10T00:00:00.000000000Z,3.68175E+11
eth,2022-02-11T00:00:00.000000000Z,3.49512E+11
eth,2022-02-12T00:00:00.000000000Z,3.47969E+11
eth,2022-02-13T00:00:00.000000000Z,3.44405E+11
eth,2022-02-14T00:00:00.000000000Z,3.51092E+11
eth,2022-02-15T00:00:00.000000000Z,3.79707E+11
eth,2022-02-16T00:00:00.000000000Z,3.75597E+11
eth,2022-02-17T00:00:00.000000000Z,3.45432E+11
eth,2022-02-18T00:00:00.000000000Z,3.33119E+11
eth,2022-02-19T00:00:00.000000000Z,3.29911E+11
eth,2022-02-20T00:00:00.000000000Z,3.15446E+11
eth,2022-02-21T00:00:00.000000000Z,3.086E+11
eth,2022-02-22T00:00:00.000000000Z,3.15499E+11
eth,2022-02-23T00:00:00.000000000Z,3.10216E+11
eth,2022-02-24T00:00:00.000000000Z,3.10521E+11
eth,2022-02-25T00:00:00.000000000Z,3.33847E+11
eth,2022-02-26T00:00:00.000000000Z,3.32578E+11
eth,2022-02-27T00:00:00.000000000Z,3.13073E+11
eth,2022-02-28T00:00:00.000000000Z,3.49035E+11
eth,2022-03-01T00:00:00.000000000Z,3.5567E+11
eth,2022-03-02T00:00:00.000000000Z,3.53928E+11
eth,2022-03-03T00:00:00.000000000Z,3.39867E+11
eth,2022-03-04T00:00:00.000000000Z,3.1365E+11
eth,2022-03-05T00:00:00.000000000Z,3.19086E+11
eth,2022-03-06T00:00:00.000000000Z,3.06541E+11
eth,2022-03-07T00:00:00.000000000Z,2.99755E+11
eth,2022-03-08T00:00:00.000000000Z,3.08991E+11
eth,2022-03-09T00:00:00.000000000Z,3.26913E+11
eth,2022-03-10T00:00:00.000000000Z,3.13095E+11
eth,2022-03-11T00:00:00.000000000Z,3.07279E+11
eth,2022-03-12T00:00:00.000000000Z,3.09181E+11
eth,2022-03-13T00:00:00.000000000Z,3.01817E+11
eth,2022-03-14T00:00:00.000000000Z,3.10594E+11
eth,2022-03-15T00:00:00.000000000Z,3.14451E+11
eth,2022-03-16T00:00:00.000000000Z,3.32204E+11
eth,2022-03-17T00:00:00.000000000Z,3.37895E+11
eth,2022-03-18T00:00:00.000000000Z,3.53518E+11
eth,2022-03-19T00:00:00.000000000Z,3.53909E+11
eth,2022-03-20T00:00:00.000000000Z,3.43504E+11
eth,2022-03-21T00:00:00.000000000Z,3.47924E+11
eth,2022-03-22T00:00:00.000000000Z,3.57366E+11
eth,2022-03-23T00:00:00.000000000Z,3.62749E+11
eth,2022-03-24T00:00:00.000000000Z,3.73471E+11
eth,2022-03-25T00:00:00.000000000Z,3.72838E+11
eth,2022-03-26T00:00:00.000000000Z,3.77828E+11
eth,2022-03-27T00:00:00.000000000Z,3.95059E+11
eth,2022-03-28T00:00:00.000000000Z,4.02041E+11
eth,2022-03-29T00:00:00.000000000Z,4.08357E+11
eth,2022-03-30T00:00:00.000000000Z,4.07247E+11
eth,2022-03-31T00:00:00.000000000Z,3.94402E+11
eth,2022-04-01T00:00:00.000000000Z,4.14246E+11
eth,2022-04-02T00:00:00.000000000Z,4.14947E+11
eth,2022-04-03T00:00:00.000000000Z,4.23357E+11
eth,2022-04-04T00:00:00.000000000Z,4.2387E+11
eth,2022-04-05T00:00:00.000000000Z,4.11886E+11
eth,2022-04-06T00:00:00.000000000Z,3.82871E+11
eth,2022-04-07T00:00:00.000000000Z,3.89467E+11
eth,2022-04-08T00:00:00.000000000Z,3.83206E+11
eth,2022-04-09T00:00:00.000000000Z,3.91933E+11
eth,2022-04-10T00:00:00.000000000Z,3.87185E+11
eth,2022-04-11T00:00:00.000000000Z,3.59212E+11
eth,2022-04-12T00:00:00.000000000Z,3.64386E+11
eth,2022-04-13T00:00:00.000000000Z,3.75329E+11
eth,2022-04-14T00:00:00.000000000Z,3.63484E+11
eth,2022-04-15T00:00:00.000000000Z,3.65877E+11
eth,2022-04-16T00:00:00.000000000Z,3.69088E+11
eth,2022-04-17T00:00:00.000000000Z,3.60805E+11
eth,2022-04-18T00:00:00.000000000Z,3.68279E+11
eth,2022-04-19T00:00:00.000000000Z,3.73876E+11
eth,2022-04-20T00:00:00.000000000Z,3.70804E+11
eth,2022-04-21T00:00:00.000000000Z,3.59494E+11
eth,2022-04-22T00:00:00.000000000Z,3.5708E+11
eth,2022-04-23T00:00:00.000000000Z,3.54406E+11
eth,2022-04-24T00:00:00.000000000Z,3.52368E+11
eth,2022-04-25T00:00:00.000000000Z,3.63017E+11
eth,2022-04-26T00:00:00.000000000Z,3.37646E+11
eth,2022-04-27T00:00:00.000000000Z,3.47985E+11
eth,2022-04-28T00:00:00.000000000Z,3.53721E+11
eth,2022-04-29T00:00:00.000000000Z,3.39476E+11
eth,2022-04-30T00:00:00.000000000Z,3.29156E+11
eth,2022-05-01T00:00:00.000000000Z,3.41175E+11
eth,2022-05-02T00:00:00.000000000Z,3.45126E+11
eth,2022-05-03T00:00:00.000000000Z,3.35441E+11
eth,2022-05-04T00:00:00.000000000Z,3.54278E+11
eth,2022-05-05T00:00:00.000000000Z,3.31377E+11
eth,2022-05-06T00:00:00.000000000Z,3.25483E+11
eth,2022-05-07T00:00:00.000000000Z,3.18163E+11
eth,2022-05-08T00:00:00.000000000Z,3.0409E+11
eth,2022-05-09T00:00:00.000000000Z,2.72538E+11
eth,2022-05-10T00:00:00.000000000Z,2.82826E+11
eth,2022-05-11T00:00:00.000000000Z,2.49698E+11
eth,2022-05-12T00:00:00.000000000Z,2.36466E+11
eth,2022-05-13T00:00:00.000000000Z,2.43447E+11
eth,2022-05-14T00:00:00.000000000Z,2.47947E+11
eth,2022-05-15T00:00:00.000000000Z,2.58346E+11
eth,2022-05-16T00:00:00.000000000Z,2.4432E+11
eth,2022-05-17T00:00:00.000000000Z,2.52835E+11
eth,2022-05-18T00:00:00.000000000Z,2.32097E+11
eth,2022-05-19T00:00:00.000000000Z,2.43645E+11
eth,2022-05-20T00:00:00.000000000Z,2.37104E+11
eth,2022-05-21T00:00:00.000000000Z,2.38549E+11
eth,2022-05-22T00:00:00.000000000Z,2.47131E+11
eth,2022-05-23T00:00:00.000000000Z,2.38218E+11
eth,2022-05-24T00:00:00.000000000Z,2.39112E+11
eth,2022-05-25T00:00:00.000000000Z,2.3509E+11
eth,2022-05-26T00:00:00.000000000Z,2.18591E+11
eth,2022-05-27T00:00:00.000000000Z,2.08165E+11
eth,2022-05-28T00:00:00.000000000Z,2.16942E+11
eth,2022-05-29T00:00:00.000000000Z,2.1907E+11
eth,2022-05-30T00:00:00.000000000Z,2.41527E+11
eth,2022-05-31T00:00:00.000000000Z,2.35602E+11
eth,2022-06-01T00:00:00.000000000Z,2.21146E+11
eth,2022-06-02T00:00:00.000000000Z,2.22107E+11
eth,2022-06-03T00:00:00.000000000Z,2.14621E+11
eth,2022-06-04T00:00:00.000000000Z,2.17756E+11
eth,2022-06-05T00:00:00.000000000Z,2.18582E+11
eth,2022-06-06T00:00:00.000000000Z,2.24823E+11
eth,2022-06-07T00:00:00.000000000Z,2.19458E+11
eth,2022-06-08T00:00:00.000000000Z,2.17294E+11
eth,2022-06-09T00:00:00.000000000Z,2.1643E+11
eth,2022-06-10T00:00:00.000000000Z,2.01351E+11
eth,2022-06-11T00:00:00.000000000Z,1.85261E+11
eth,2022-06-12T00:00:00.000000000Z,1.75574E+11
eth,2022-06-13T00:00:00.000000000Z,1.44431E+11
eth,2022-06-14T00:00:00.000000000Z,1.46067E+11
eth,2022-06-15T00:00:00.000000000Z,1.48866E+11
eth,2022-06-16T00:00:00.000000000Z,1.28707E+11
eth,2022-06-17T00:00:00.000000000Z,1.31744E+11
eth,2022-06-18T00:00:00.000000000Z,1.20337E+11
eth,2022-06-19T00:00:00.000000000Z,1.363E+11
eth,2022-06-20T00:00:00.000000000Z,1.36072E+11
eth,2022-06-21T00:00:00.000000000Z,1.36379E+11
eth,2022-06-22T00:00:00.000000000Z,1.27623E+11
eth,2022-06-23T00:00:00.000000000Z,1.38824E+11
eth,2022-06-24T00:00:00.000000000Z,1.49651E+11
eth,2022-06-25T00:00:00.000000000Z,1.50701E+11
eth,2022-06-26T00:00:00.000000000Z,1.46076E+11
eth,2022-06-27T00:00:00.000000000Z,1.44959E+11
eth,2022-06-28T00:00:00.000000000Z,1.38651E+11
eth,2022-06-29T00:00:00.000000000Z,1.32964E+11
eth,2022-06-30T00:00:00.000000000Z,1.26389E+11
eth,2022-07-01T00:00:00.000000000Z,1.29382E+11
eth,2022-07-02T00:00:00.000000000Z,1.27467E+11
eth,2022-07-03T00:00:00.000000000Z,1.28338E+11
eth,2022-07-04T00:00:00.000000000Z,1.37493E+11
eth,2022-07-05T00:00:00.000000000Z,1.35643E+11
eth,2022-07-06T00:00:00.000000000Z,1.4229E+11
eth,2022-07-07T00:00:00.000000000Z,1.48096E+11
eth,2022-07-08T00:00:00.000000000Z,1.47252E+11
eth,2022-07-09T00:00:00.000000000Z,1.4554E+11
eth,2022-07-10T00:00:00.000000000Z,1.39595E+11
eth,2022-07-11T00:00:00.000000000Z,1.31181E+11
eth,2022-07-12T00:00:00.000000000Z,1.24468E+11
eth,2022-07-13T00:00:00.000000000Z,1.32811E+11
eth,2022-07-14T00:00:00.000000000Z,1.42501E+11
eth,2022-07-15T00:00:00.000000000Z,1.47863E+11
eth,2022-07-16T00:00:00.000000000Z,1.61898E+11
eth,2022-07-17T00:00:00.000000000Z,1.61043E+11
eth,2022-07-18T00:00:00.000000000Z,1.87784E+11
eth,2022-07-19T00:00:00.000000000Z,1.85071E+11
eth,2022-07-20T00:00:00.000000000Z,1.82394E+11
eth,2022-07-21T00:00:00.000000000Z,1.8904E+11
eth,2022-07-22T00:00:00.000000000Z,1.8404E+11
eth,2022-07-23T00:00:00.000000000Z,1.85722E+11
eth,2022-07-24T00:00:00.000000000Z,1.92081E+11
eth,2022-07-25T00:00:00.000000000Z,1.75134E+11
eth,2022-07-26T00:00:00.000000000Z,1.71504E+11
eth,2022-07-27T00:00:00.000000000Z,1.95618E+11
eth,2022-07-28T00:00:00.000000000Z,2.067E+11
eth,2022-07-29T00:00:00.000000000Z,2.09294E+11
eth,2022-07-30T00:00:00.000000000Z,2.02943E+11
eth,2022-07-31T00:00:00.000000000Z,2.01743E+11
eth,2022-08-01T00:00:00.000000000Z,1.96148E+11
eth,2022-08-02T00:00:00.000000000Z,1.96738E+11
eth,2022-08-03T00:00:00.000000000Z,1.93842E+11
eth,2022-08-04T00:00:00.000000000Z,1.92751E+11
eth,2022-08-05T00:00:00.000000000Z,2.07012E+11
eth,2022-08-06T00:00:00.000000000Z,2.03426E+11
eth,2022-08-07T00:00:00.000000000Z,2.03684E+11
eth,2022-08-08T00:00:00.000000000Z,2.13138E+11
eth,2022-08-09T00:00:00.000000000Z,2.04513E+11
eth,2022-08-10T00:00:00.000000000Z,2.2216E+11
eth,2022-08-11T00:00:00.000000000Z,2.25461E+11
eth,2022-08-12T00:00:00.000000000Z,2.34687E+11
eth,2022-08-13T00:00:00.000000000Z,2.37885E+11
eth,2022-08-14T00:00:00.000000000Z,2.32527E+11
eth,2022-08-15T00:00:00.000000000Z,2.28395E+11
eth,2022-08-16T00:00:00.000000000Z,2.25407E+11
eth,2022-08-17T00:00:00.000000000Z,2.20218E+11
eth,2022-08-18T00:00:00.000000000Z,2.22162E+11
eth,2022-08-19T00:00:00.000000000Z,1.94148E+11
eth,2022-08-20T00:00:00.000000000Z,1.89365E+11
eth,2022-08-21T00:00:00.000000000Z,1.94867E+11
eth,2022-08-22T00:00:00.000000000Z,1.93266E+11
eth,2022-08-23T00:00:00.000000000Z,2.00015E+11
eth,2022-08-24T00:00:00.000000000Z,1.9942E+11
eth,2022-08-25T00:00:00.000000000Z,2.03813E+11
eth,2022-08-26T00:00:00.000000000Z,1.81435E+11
eth,2022-08-27T00:00:00.000000000Z,1.79538E+11
eth,2022-08-28T00:00:00.000000000Z,1.7331E+11
eth,2022-08-29T00:00:00.000000000Z,1.86486E+11
eth,2022-08-30T00:00:00.000000000Z,1.84018E+11
eth,2022-08-31T00:00:00.000000000Z,1.86702E+11
eth,2022-09-01T00:00:00.000000000Z,1.90888E+11
eth,2022-09-02T00:00:00.000000000Z,1.89735E+11
eth,2022-09-03T00:00:00.000000000Z,1.87163E+11
eth,2022-09-04T00:00:00.000000000Z,1.89708E+11
eth,2022-09-05T00:00:00.000000000Z,1.94189E+11
eth,2022-09-06T00:00:00.000000000Z,1.88508E+11
eth,2022-09-07T00:00:00.000000000Z,1.96739E+11
eth,2022-09-08T00:00:00.000000000Z,1.96843E+11
eth,2022-09-09T00:00:00.000000000Z,2.06855E+11
eth,2022-09-10T00:00:00.000000000Z,2.14374E+11
eth,2022-09-11T00:00:00.000000000Z,2.1183E+11
eth,2022-09-12T00:00:00.000000000Z,2.06108E+11
eth,2022-09-13T00:00:00.000000000Z,1.89658E+11
eth,2022-09-14T00:00:00.000000000Z,1.96874E+11
eth,2022-09-15T00:00:00.000000000Z,1.77466E+11
eth,2022-09-16T00:00:00.000000000Z,1.72366E+11
eth,2022-09-17T00:00:00.000000000Z,1.77125E+11
eth,2022-09-18T00:00:00.000000000Z,1.61288E+11
eth,2022-09-19T00:00:00.000000000Z,1.66326E+11
eth,2022-09-20T00:00:00.000000000Z,1.5959E+11
eth,2022-09-21T00:00:00.000000000Z,1.50651E+11
eth,2022-09-22T00:00:00.000000000Z,1.60262E+11
eth,2022-09-23T00:00:00.000000000Z,1.60559E+11
eth,2022-09-24T00:00:00.000000000Z,1.58896E+11
eth,2022-09-25T00:00:00.000000000Z,1.56206E+11
eth,2022-09-26T00:00:00.000000000Z,1.61034E+11
eth,2022-09-27T00:00:00.000000000Z,1.60588E+11
eth,2022-09-28T00:00:00.000000000Z,1.61646E+11
eth,2022-09-29T00:00:00.000000000Z,1.61003E+11
eth,2022-09-30T00:00:00.000000000Z,1.60228E+11
eth,2022-10-01T00:00:00.000000000Z,1.5833E+11
eth,2022-10-02T00:00:00.000000000Z,1.54164E+11
eth,2022-10-03T00:00:00.000000000Z,1.5996E+11
eth,2022-10-04T00:00:00.000000000Z,1.64629E+11
eth,2022-10-05T00:00:00.000000000Z,1.63404E+11
eth,2022-10-06T00:00:00.000000000Z,1.63272E+11
eth,2022-10-07T00:00:00.000000000Z,1.61027E+11
eth,2022-10-08T00:00:00.000000000Z,1.58978E+11
eth,2022-10-09T00:00:00.000000000Z,1.59664E+11
eth,2022-10-10T00:00:00.000000000Z,1.5619E+11
eth,2022-10-11T00:00:00.000000000Z,1.54574E+11
eth,2022-10-12T00:00:00.000000000Z,1.56534E+11
eth,2022-10-13T00:00:00.000000000Z,1.55775E+11
eth,2022-10-14T00:00:00.000000000Z,1.56896E+11
eth,2022-10-15T00:00:00.000000000Z,1.54211E+11
eth,2022-10-16T00:00:00.000000000Z,1.57934E+11
eth,2022-10-17T00:00:00.000000000Z,1.60587E+11
eth,2022-10-18T00:00:00.000000000Z,1.58048E+11
eth,2022-10-19T00:00:00.000000000Z,1.54837E+11
eth,2022-10-20T00:00:00.000000000Z,1.54504E+11
eth,2022-10-21T00:00:00.000000000Z,1.56668E+11
eth,2022-10-22T00:00:00.000000000Z,1.58405E+11
eth,2022-10-23T00:00:00.000000000Z,1.64376E+11
eth,2022-10-24T00:00:00.000000000Z,1.62049E+11
eth,2022-10-25T00:00:00.000000000Z,1.76118E+11
eth,2022-10-26T00:00:00.000000000Z,1.89372E+11
eth,2022-10-27T00:00:00.000000000Z,1.82564E+11
eth,2022-10-28T00:00:00.000000000Z,1.87528E+11
eth,2022-10-29T00:00:00.000000000Z,1.95112E+11
eth,2022-10-30T00:00:00.000000000Z,1.91571E+11
eth,2022-10-31T00:00:00.000000000Z,1.89365E+11
eth,2022-11-01T00:00:00.000000000Z,1.90457E+11
eth,2022-11-02T00:00:00.000000000Z,1.83144E+11
eth,2022-11-03T00:00:00.000000000Z,1.84376E+11
eth,2022-11-04T00:00:00.000000000Z,1.98232E+11
eth,2022-11-05T00:00:00.000000000Z,1.96133E+11
eth,2022-11-06T00:00:00.000000000Z,1.8982E+11
eth,2022-11-07T00:00:00.000000000Z,1.88916E+11
eth,2022-11-08T00:00:00.000000000Z,1.60521E+11
eth,2022-11-09T00:00:00.000000000Z,1.31732E+11
eth,2022-11-10T00:00:00.000000000Z,1.56383E+11
eth,2022-11-11T00:00:00.000000000Z,1.5437E+11
eth,2022-11-12T00:00:00.000000000Z,1.50885E+11
eth,2022-11-13T00:00:00.000000000Z,1.47045E+11
eth,2022-11-14T00:00:00.000000000Z,1.49526E+11
eth,2022-11-15T00:00:00.000000000Z,1.50589E+11
eth,2022-11-16T00:00:00.000000000Z,1.46401E+11
eth,2022-11-17T00:00:00.000000000Z,1.44584E+11
eth,2022-11-18T00:00:00.000000000Z,1.4576E+11
eth,2022-11-19T00:00:00.000000000Z,1.4686E+11
eth,2022-11-20T00:00:00.000000000Z,1.37344E+11
eth,2022-11-21T00:00:00.000000000Z,1.33488E+11
eth,2022-11-22T00:00:00.000000000Z,1.36758E+11
eth,2022-11-23T00:00:00.000000000Z,1.42591E+11
eth,2022-11-24T00:00:00.000000000Z,1.44944E+11
eth,2022-11-25T00:00:00.000000000Z,1.44507E+11
eth,2022-11-26T00:00:00.000000000Z,1.45202E+11
eth,2022-11-27T00:00:00.000000000Z,1.44244E+11
eth,2022-11-28T00:00:00.000000000Z,1.40876E+11
eth,2022-11-29T00:00:00.000000000Z,1.46682E+11
eth,2022-11-30T00:00:00.000000000Z,1.56439E+11
eth,2022-12-01T00:00:00.000000000Z,1.53749E+11
eth,2022-12-02T00:00:00.000000000Z,1.55818E+11
eth,2022-12-03T00:00:00.000000000Z,1.49558E+11
eth,2022-12-04T00:00:00.000000000Z,1.54272E+11
eth,2022-12-05T00:00:00.000000000Z,1.51681E+11
eth,2022-12-06T00:00:00.000000000Z,1.53086E+11
eth,2022-12-07T00:00:00.000000000Z,1.48551E+11
eth,2022-12-08T00:00:00.000000000Z,1.54466E+11
eth,2022-12-09T00:00:00.000000000Z,1.52246E+11
eth,2022-12-10T00:00:00.000000000Z,1.52675E+11
eth,2022-12-11T00:00:00.000000000Z,1.52227E+11
eth,2022-12-12T00:00:00.000000000Z,1.53639E+11
eth,2022-12-13T00:00:00.000000000Z,1.59137E+11
eth,2022-12-14T00:00:00.000000000Z,1.57661E+11
eth,2022-12-15T00:00:00.000000000Z,1.52355E+11
eth,2022-12-16T00:00:00.000000000Z,1.40354E+11
eth,2022-12-17T00:00:00.000000000Z,1.4307E+11
eth,2022-12-18T00:00:00.000000000Z,1.43108E+11
eth,2022-12-19T00:00:00.000000000Z,1.40665E+11
eth,2022-12-20T00:00:00.000000000Z,1.46771E+11
eth,2022-12-21T00:00:00.000000000Z,1.46119E+11
eth,2022-12-22T00:00:00.000000000Z,1.46658E+11
eth,2022-12-23T00:00:00.000000000Z,1.47022E+11
eth,2022-12-24T00:00:00.000000000Z,1.47108E+11
eth,2022-12-25T00:00:00.000000000Z,1.46771E+11
eth,2022-12-26T00:00:00.000000000Z,1.47567E+11
eth,2022-12-27T00:00:00.000000000Z,1.46025E+11
eth,2022-12-28T00:00:00.000000000Z,1.43197E+11
eth,2022-12-29T00:00:00.000000000Z,1.44741E+11
eth,2022-12-30T00:00:00.000000000Z,1.4446E+11
eth,2022-12-31T00:00:00.000000000Z,1.44068E+11
eth,2023-01-01T00:00:00.000000000Z,1.44631E+11
eth,2023-01-02T00:00:00.000000000Z,1.46419E+11
eth,2023-01-03T00:00:00.000000000Z,1.46345E+11
eth,2023-01-04T00:00:00.000000000Z,1.51371E+11
eth,2023-01-05T00:00:00.000000000Z,1.50675E+11
eth,2023-01-06T00:00:00.000000000Z,1.52977E+11
eth,2023-01-07T00:00:00.000000000Z,1.52284E+11
eth,2023-01-08T00:00:00.000000000Z,1.54831E+11
eth,2023-01-09T00:00:00.000000000Z,1.59167E+11
eth,2023-01-10T00:00:00.000000000Z,1.60979E+11
eth,2023-01-11T00:00:00.000000000Z,1.66385E+11
eth,2023-01-12T00:00:00.000000000Z,1.70799E+11
eth,2023-01-13T00:00:00.000000000Z,1.74744E+11
eth,2023-01-14T00:00:00.000000000Z,1.87E+11
eth,2023-01-15T00:00:00.000000000Z,1.87088E+11
eth,2023-01-16T00:00:00.000000000Z,1.90176E+11
eth,2023-01-17T00:00:00.000000000Z,1.8924E+11
eth,2023-01-18T00:00:00.000000000Z,1.83188E+11
eth,2023-01-19T00:00:00.000000000Z,1.86844E+11
eth,2023-01-20T00:00:00.000000000Z,1.99829E+11
eth,2023-01-21T00:00:00.000000000Z,1.96219E+11
eth,2023-01-22T00:00:00.000000000Z,1.96235E+11
eth,2023-01-23T00:00:00.000000000Z,1.96195E+11
eth,2023-01-24T00:00:00.000000000Z,1.87254E+11
eth,2023-01-25T00:00:00.000000000Z,1.9376E+11
eth,2023-01-26T00:00:00.000000000Z,1.93061E+11
eth,2023-01-27T00:00:00.000000000Z,1.92588E+11
eth,2023-01-28T00:00:00.000000000Z,1.89234E+11
eth,2023-01-29T00:00:00.000000000Z,1.98406E+11
eth,2023-01-30T00:00:00.000000000Z,1.88727E+11
eth,2023-01-31T00:00:00.000000000Z,1.90997E+11
eth,2023-02-01T00:00:00.000000000Z,1.97876E+11
eth,2023-02-02T00:00:00.000000000Z,1.98409E+11
eth,2023-02-03T00:00:00.000000000Z,2.00729E+11
eth,2023-02-04T00:00:00.000000000Z,2.01383E+11
eth,2023-02-05T00:00:00.000000000Z,1.9657E+11
eth,2023-02-06T00:00:00.000000000Z,1.94539E+11
eth,2023-02-07T00:00:00.000000000Z,2.01582E+11
eth,2023-02-08T00:00:00.000000000Z,1.9887E+11
eth,2023-02-09T00:00:00.000000000Z,1.86261E+11
eth,2023-02-10T00:00:00.000000000Z,1.82478E+11
eth,2023-02-11T00:00:00.000000000Z,1.856E+11
eth,2023-02-12T00:00:00.000000000Z,1.82416E+11
eth,2023-02-13T00:00:00.000000000Z,1.81506E+11
eth,2023-02-14T00:00:00.000000000Z,1.87677E+11
eth,2023-02-15T00:00:00.000000000Z,2.01583E+11
eth,2023-02-16T00:00:00.000000000Z,1.98089E+11
eth,2023-02-17T00:00:00.000000000Z,2.04369E+11
eth,2023-02-18T00:00:00.000000000Z,2.0375E+11
eth,2023-02-19T00:00:00.000000000Z,2.02815E+11
eth,2023-02-20T00:00:00.000000000Z,2.04944E+11
eth,2023-02-21T00:00:00.000000000Z,1.99425E+11
eth,2023-02-22T00:00:00.000000000Z,1.97838E+11
eth,2023-02-23T00:00:00.000000000Z,1.98733E+11
eth,2023-02-24T00:00:00.000000000Z,1.93778E+11
eth,2023-02-25T00:00:00.000000000Z,1.92041E+11
eth,2023-02-26T00:00:00.000000000Z,1.97662E+11
eth,2023-02-27T00:00:00.000000000Z,1.96824E+11
eth,2023-02-28T00:00:00.000000000Z,1.93574E+11
eth,2023-03-01T00:00:00.000000000Z,2.00205E+11
eth,2023-03-02T00:00:00.000000000Z,1.98535E+11
eth,2023-03-03T00:00:00.000000000Z,1.89053E+11
eth,2023-03-04T00:00:00.000000000Z,1.88655E+11
eth,2023-03-05T00:00:00.000000000Z,1.88382E+11
eth,2023-03-06T00:00:00.000000000Z,1.88851E+11
eth,2023-03-07T00:00:00.000000000Z,1.87945E+11
eth,2023-03-08T00:00:00.000000000Z,1.84834E+11
eth,2023-03-09T00:00:00.000000000Z,1.73079E+11
eth,2023-03-10T00:00:00.000000000Z,1.72773E+11
eth,2023-03-11T00:00:00.000000000Z,1.77962E+11
eth,2023-03-12T00:00:00.000000000Z,1.91121E+11
eth,2023-03-13T00:00:00.000000000Z,2.02118E+11
eth,2023-03-14T00:00:00.000000000Z,2.05611E+11
eth,2023-03-15T00:00:00.000000000Z,1.9941E+11
eth,2023-03-16T00:00:00.000000000Z,2.02037E+11
eth,2023-03-17T00:00:00.000000000Z,2.15738E+11
eth,2023-03-18T00:00:00.000000000Z,2.12526E+11
eth,2023-03-19T00:00:00.000000000Z,2.17028E+11
eth,2023-03-20T00:00:00.000000000Z,2.09274E+11
eth,2023-03-21T00:00:00.000000000Z,2.1743E+11
eth,2023-03-22T00:00:00.000000000Z,2.09381E+11
eth,2023-03-23T00:00:00.000000000Z,2.19134E+11
eth,2023-03-24T00:00:00.000000000Z,2.1093E+11
eth,2023-03-25T00:00:00.000000000Z,2.09885E+11
eth,2023-03-26T00:00:00.000000000Z,2.14232E+11
eth,2023-03-27T00:00:00.000000000Z,2.0656E+11
eth,2023-03-28T00:00:00.000000000Z,2.13793E+11
eth,2023-03-29T00:00:00.000000000Z,2.1618E+11
eth,2023-03-30T00:00:00.000000000Z,2.15822E+11
eth,2023-03-31T00:00:00.000000000Z,2.19699E+11
eth,2023-04-01T00:00:00.000000000Z,2.19505E+11
eth,2023-04-02T00:00:00.000000000Z,2.16172E+11
eth,2023-04-03T00:00:00.000000000Z,2.1815E+11
eth,2023-04-04T00:00:00.000000000Z,2.25015E+11
eth,2023-04-05T00:00:00.000000000Z,2.30184E+11
eth,2023-04-06T00:00:00.000000000Z,2.2548E+11
eth,2023-04-07T00:00:00.000000000Z,2.24785E+11
eth,2023-04-08T00:00:00.000000000Z,2.23025E+11
eth,2023-04-09T00:00:00.000000000Z,2.24158E+11
eth,2023-04-10T00:00:00.000000000Z,2.30293E+11
eth,2023-04-11T00:00:00.000000000Z,2.27837E+11
eth,2023-04-12T00:00:00.000000000Z,2.31455E+11
eth,2023-04-13T00:00:00.000000000Z,2.42182E+11
eth,2023-04-14T00:00:00.000000000Z,2.53148E+11
eth,2023-04-15T00:00:00.000000000Z,2.51788E+11
eth,2023-04-16T00:00:00.000000000Z,2.54557E+11
eth,2023-04-17T00:00:00.000000000Z,2.48602E+11
eth,2023-04-18T00:00:00.000000000Z,2.51009E+11
eth,2023-04-19T00:00:00.000000000Z,2.3113E+11
eth,2023-04-20T00:00:00.000000000Z,2.31886E+11
eth,2023-04-21T00:00:00.000000000Z,2.22744E+11
eth,2023-04-22T00:00:00.000000000Z,2.25848E+11
eth,2023-04-23T00:00:00.000000000Z,2.2431E+11
eth,2023-04-24T00:00:00.000000000Z,2.21904E+11
eth,2023-04-25T00:00:00.000000000Z,2.24931E+11
eth,2023-04-26T00:00:00.000000000Z,2.24787E+11
eth,2023-04-27T00:00:00.000000000Z,2.29897E+11
eth,2023-04-28T00:00:00.000000000Z,2.28034E+11
eth,2023-04-29T00:00:00.000000000Z,2.29465E+11
eth,2023-04-30T00:00:00.000000000Z,2.27017E+11
eth,2023-05-01T00:00:00.000000000Z,2.20539E+11
eth,2023-05-02T00:00:00.000000000Z,2.25415E+11
eth,2023-05-03T00:00:00.000000000Z,2.29353E+11
eth,2023-05-04T00:00:00.000000000Z,2.25962E+11
eth,2023-05-05T00:00:00.000000000Z,2.40221E+11
eth,2023-05-06T00:00:00.000000000Z,2.28742E+11
eth,2023-05-07T00:00:00.000000000Z,2.28713E+11
eth,2023-05-08T00:00:00.000000000Z,2.22667E+11
eth,2023-05-09T00:00:00.000000000Z,2.22405E+11
eth,2023-05-10T00:00:00.000000000Z,2.21695E+11
eth,2023-05-11T00:00:00.000000000Z,2.16042E+11
eth,2023-05-12T00:00:00.000000000Z,2.17504E+11
eth,2023-05-13T00:00:00.000000000Z,2.16494E+11
eth,2023-05-14T00:00:00.000000000Z,2.1644E+11
eth,2023-05-15T00:00:00.000000000Z,2.18773E+11
eth,2023-05-16T00:00:00.000000000Z,2.19372E+11
eth,2023-05-17T00:00:00.000000000Z,2.19186E+11
eth,2023-05-18T00:00:00.000000000Z,2.16967E+11
eth,2023-05-19T00:00:00.000000000Z,2.18086E+11
eth,2023-05-20T00:00:00.000000000Z,2.1882E+11
eth,2023-05-21T00:00:00.000000000Z,2.17271E+11
eth,2023-05-22T00:00:00.000000000Z,2.18678E+11
eth,2023-05-23T00:00:00.000000000Z,2.23047E+11
eth,2023-05-24T00:00:00.000000000Z,2.16617E+11
eth,2023-05-25T00:00:00.000000000Z,2.17307E+11
eth,2023-05-26T00:00:00.000000000Z,2.19984E+11
eth,2023-05-27T00:00:00.000000000Z,2.20165E+11
eth,2023-05-28T00:00:00.000000000Z,2.29845E+11
eth,2023-05-29T00:00:00.000000000Z,2.27868E+11
eth,2023-05-30T00:00:00.000000000Z,2.28583E+11
eth,2023-05-31T00:00:00.000000000Z,2.25224E+11
eth,2023-06-01T00:00:00.000000000Z,2.23888E+11
eth,2023-06-02T00:00:00.000000000Z,2.29303E+11
eth,2023-06-03T00:00:00.000000000Z,2.27486E+11
eth,2023-06-04T00:00:00.000000000Z,2.27525E+11
eth,2023-06-05T00:00:00.000000000Z,2.17957E+11
eth,2023-06-06T00:00:00.000000000Z,2.26422E+11
eth,2023-06-07T00:00:00.000000000Z,2.20256E+11
eth,2023-06-08T00:00:00.000000000Z,2.22096E+11
eth,2023-06-09T00:00:00.000000000Z,2.21035E+11
eth,2023-06-10T00:00:00.000000000Z,2.1075E+11
eth,2023-06-11T00:00:00.000000000Z,2.10619E+11
eth,2023-06-12T00:00:00.000000000Z,2.0949E+11
eth,2023-06-13T00:00:00.000000000Z,2.08825E+11
eth,2023-06-14T00:00:00.000000000Z,1.98393E+11
eth,2023-06-15T00:00:00.000000000Z,2.00034E+11
eth,2023-06-16T00:00:00.000000000Z,2.06368E+11
eth,2023-06-17T00:00:00.000000000Z,2.0768E+11
eth,2023-06-18T00:00:00.000000000Z,2.0678E+11
eth,2023-06-19T00:00:00.000000000Z,2.08564E+11
eth,2023-06-20T00:00:00.000000000Z,2.1515E+11
eth,2023-06-21T00:00:00.000000000Z,2.27708E+11
eth,2023-06-22T00:00:00.000000000Z,2.25299E+11
eth,2023-06-23T00:00:00.000000000Z,2.27364E+11
eth,2023-06-24T00:00:00.000000000Z,2.25501E+11
eth,2023-06-25T00:00:00.000000000Z,2.28344E+11
eth,2023-06-26T00:00:00.000000000Z,2.23264E+11
eth,2023-06-27T00:00:00.000000000Z,2.27029E+11
eth,2023-06-28T00:00:00.000000000Z,2.19902E+11
eth,2023-06-29T00:00:00.000000000Z,2.22792E+11
eth,2023-06-30T00:00:00.000000000Z,2.32583E+11
eth,2023-07-01T00:00:00.000000000Z,2.312E+11
eth,2023-07-02T00:00:00.000000000Z,2.32696E+11
eth,2023-07-03T00:00:00.000000000Z,2.34932E+11
eth,2023-07-04T00:00:00.000000000Z,2.33031E+11
eth,2023-07-05T00:00:00.000000000Z,2.29876E+11
eth,2023-07-06T00:00:00.000000000Z,2.22928E+11
eth,2023-07-07T00:00:00.000000000Z,2.2472E+11
eth,2023-07-08T00:00:00.000000000Z,2.24079E+11
eth,2023-07-09T00:00:00.000000000Z,2.23906E+11
eth,2023-07-10T00:00:00.000000000Z,2.26033E+11
eth,2023-07-11T00:00:00.000000000Z,2.25795E+11
eth,2023-07-12T00:00:00.000000000Z,2.2498E+11
eth,2023-07-13T00:00:00.000000000Z,2.40658E+11
eth,2023-07-14T00:00:00.000000000Z,2.32616E+11
eth,2023-07-15T00:00:00.000000000Z,2.32081E+11
eth,2023-07-16T00:00:00.000000000Z,2.31334E+11
eth,2023-07-17T00:00:00.000000000Z,2.29857E+11
eth,2023-07-18T00:00:00.000000000Z,2.28069E+11
eth,2023-07-19T00:00:00.000000000Z,2.27121E+11
eth,2023-07-20T00:00:00.000000000Z,2.27414E+11
eth,2023-07-21T00:00:00.000000000Z,2.27424E+11
eth,2023-07-22T00:00:00.000000000Z,2.23864E+11
eth,2023-07-23T00:00:00.000000000Z,2.26922E+11
eth,2023-07-24T00:00:00.000000000Z,2.2235E+11
eth,2023-07-25T00:00:00.000000000Z,2.23267E+11
eth,2023-07-26T00:00:00.000000000Z,2.25071E+11
eth,2023-07-27T00:00:00.000000000Z,2.23446E+11
eth,2023-07-28T00:00:00.000000000Z,2.25366E+11
eth,2023-07-29T00:00:00.000000000Z,2.26085E+11
eth,2023-07-30T00:00:00.000000000Z,2.23742E+11
eth,2023-07-31T00:00:00.000000000Z,2.23078E+11
eth,2023-08-01T00:00:00.000000000Z,2.24372E+11
eth,2023-08-02T00:00:00.000000000Z,2.20952E+11
eth,2023-08-03T00:00:00.000000000Z,2.20666E+11
eth,2023-08-04T00:00:00.000000000Z,2.19465E+11
eth,2023-08-05T00:00:00.000000000Z,2.20554E+11
eth,2023-08-06T00:00:00.000000000Z,2.19536E+11
eth,2023-08-07T00:00:00.000000000Z,2.19402E+11
eth,2023-08-08T00:00:00.000000000Z,2.23104E+11
eth,2023-08-09T00:00:00.000000000Z,2.22934E+11
eth,2023-08-10T00:00:00.000000000Z,2.22396E+11
eth,2023-08-11T00:00:00.000000000Z,2.21872E+11
eth,2023-08-12T00:00:00.000000000Z,2.22109E+11
eth,2023-08-13T00:00:00.000000000Z,2.20946E+11
eth,2023-08-14T00:00:00.000000000Z,2.2153E+11
eth,2023-08-15T00:00:00.000000000Z,2.19518E+11
eth,2023-08-16T00:00:00.000000000Z,2.1709E+11
eth,2023-08-17T00:00:00.000000000Z,2.02903E+11
eth,2023-08-18T00:00:00.000000000Z,1.99504E+11
eth,2023-08-19T00:00:00.000000000Z,2.00353E+11
eth,2023-08-20T00:00:00.000000000Z,2.02383E+11
eth,2023-08-21T00:00:00.000000000Z,2.00427E+11
eth,2023-08-22T00:00:00.000000000Z,1.96178E+11
eth,2023-08-23T00:00:00.000000000Z,2.01822E+11
eth,2023-08-24T00:00:00.000000000Z,1.99152E+11
eth,2023-08-25T00:00:00.000000000Z,1.9871E+11
eth,2023-08-26T00:00:00.000000000Z,1.97868E+11
eth,2023-08-27T00:00:00.000000000Z,1.99169E+11
eth,2023-08-28T00:00:00.000000000Z,1.98696E+11
eth,2023-08-29T00:00:00.000000000Z,2.07611E+11
eth,2023-08-30T00:00:00.000000000Z,2.04975E+11
eth,2023-08-31T00:00:00.000000000Z,1.97837E+11
eth,2023-09-01T00:00:00.000000000Z,1.95802E+11
eth,2023-09-02T00:00:00.000000000Z,1.96779E+11
eth,2023-09-03T00:00:00.000000000Z,1.96621E+11
eth,2023-09-04T00:00:00.000000000Z,1.95643E+11
eth,2023-09-05T00:00:00.000000000Z,1.96282E+11
eth,2023-09-06T00:00:00.000000000Z,1.96244E+11
eth,2023-09-07T00:00:00.000000000Z,1.97889E+11
eth,2023-09-08T00:00:00.000000000Z,1.96724E+11
eth,2023-09-09T00:00:00.000000000Z,1.96519E+11
eth,2023-09-10T00:00:00.000000000Z,1.94445E+11
eth,2023-09-11T00:00:00.000000000Z,1.86265E+11
eth,2023-09-12T00:00:00.000000000Z,1.91635E+11
eth,2023-09-13T00:00:00.000000000Z,1.93283E+11
eth,2023-09-14T00:00:00.000000000Z,1.95665E+11
eth,2023-09-15T00:00:00.000000000Z,1.97637E+11
eth,2023-09-16T00:00:00.000000000Z,1.96531E+11
eth,2023-09-17T00:00:00.000000000Z,1.94832E+11
eth,2023-09-18T00:00:00.000000000Z,1.96885E+11
eth,2023-09-19T00:00:00.000000000Z,1.97588E+11
eth,2023-09-20T00:00:00.000000000Z,1.95087E+11
eth,2023-09-21T00:00:00.000000000Z,1.90522E+11
eth,2023-09-22T00:00:00.000000000Z,1.91598E+11
eth,2023-09-23T00:00:00.000000000Z,1.91515E+11
eth,2023-09-24T00:00:00.000000000Z,1.90111E+11
eth,2023-09-25T00:00:00.000000000Z,1.90871E+11
eth,2023-09-26T00:00:00.000000000Z,1.91413E+11
eth,2023-09-27T00:00:00.000000000Z,1.91948E+11
eth,2023-09-28T00:00:00.000000000Z,1.98734E+11
eth,2023-09-29T00:00:00.000000000Z,2.00499E+11
eth,2023-09-30T00:00:00.000000000Z,2.00931E+11
eth,2023-10-01T00:00:00.000000000Z,2.08197E+11
eth,2023-10-02T00:00:00.000000000Z,1.9998E+11
eth,2023-10-03T00:00:00.000000000Z,1.99226E+11
eth,2023-10-04T00:00:00.000000000Z,1.98273E+11
eth,2023-10-05T00:00:00.000000000Z,1.93951E+11
eth,2023-10-06T00:00:00.000000000Z,1.97887E+11
eth,2023-10-07T00:00:00.000000000Z,1.96617E+11
eth,2023-10-08T00:00:00.000000000Z,1.9636E+11
eth,2023-10-09T00:00:00.000000000Z,1.89938E+11
eth,2023-10-10T00:00:00.000000000Z,1.8859E+11
eth,2023-10-11T00:00:00.000000000Z,1.8823E+11
eth,2023-10-12T00:00:00.000000000Z,1.8496E+11
eth,2023-10-13T00:00:00.000000000Z,1.86424E+11
eth,2023-10-14T00:00:00.000000000Z,1.87076E+11
eth,2023-10-15T00:00:00.000000000Z,1.87155E+11
eth,2023-10-16T00:00:00.000000000Z,1.92533E+11
eth,2023-10-17T00:00:00.000000000Z,1.88242E+11
eth,2023-10-18T00:00:00.000000000Z,1.88017E+11
eth,2023-10-19T00:00:00.000000000Z,1.88382E+11
eth,2023-10-20T00:00:00.000000000Z,1.93092E+11
eth,2023-10-21T00:00:00.000000000Z,1.95882E+11
eth,2023-10-22T00:00:00.000000000Z,2.00006E+11
eth,2023-10-23T00:00:00.000000000Z,2.12038E+11
eth,2023-10-24T00:00:00.000000000Z,2.14633E+11
eth,2023-10-25T00:00:00.000000000Z,2.14829E+11
eth,2023-10-26T00:00:00.000000000Z,2.17027E+11
eth,2023-10-27T00:00:00.000000000Z,2.14165E+11
eth,2023-10-28T00:00:00.000000000Z,2.13621E+11
eth,2023-10-29T00:00:00.000000000Z,2.16208E+11
eth,2023-10-30T00:00:00.000000000Z,2.17612E+11
eth,2023-10-31T00:00:00.000000000Z,2.18114E+11
eth,2023-11-01T00:00:00.000000000Z,2.22027E+11
eth,2023-11-02T00:00:00.000000000Z,2.16391E+11
eth,2023-11-03T00:00:00.000000000Z,2.20406E+11
eth,2023-11-04T00:00:00.000000000Z,2.23642E+11
eth,2023-11-05T00:00:00.000000000Z,2.28095E+11
eth,2023-11-06T00:00:00.000000000Z,2.28374E+11
eth,2023-11-07T00:00:00.000000000Z,2.26851E+11
eth,2023-11-08T00:00:00.000000000Z,2.27627E+11
eth,2023-11-09T00:00:00.000000000Z,2.54463E+11
eth,2023-11-10T00:00:00.000000000Z,2.50244E+11
eth,2023-11-11T00:00:00.000000000Z,2.46098E+11
eth,2023-11-12T00:00:00.000000000Z,2.45929E+11
eth,2023-11-13T00:00:00.000000000Z,2.48043E+11
eth,2023-11-14T00:00:00.000000000Z,2.38409E+11
eth,2023-11-15T00:00:00.000000000Z,2.47283E+11
eth,2023-11-16T00:00:00.000000000Z,2.35658E+11
eth,2023-11-17T00:00:00.000000000Z,2.35561E+11
eth,2023-11-18T00:00:00.000000000Z,2.35985E+11
eth,2023-11-19T00:00:00.000000000Z,2.41682E+11
eth,2023-11-20T00:00:00.000000000Z,2.43424E+11
eth,2023-11-21T00:00:00.000000000Z,2.33954E+11
eth,2023-11-22T00:00:00.000000000Z,2.48246E+11
eth,2023-11-23T00:00:00.000000000Z,2.48101E+11
eth,2023-11-24T00:00:00.000000000Z,2.5003E+11
eth,2023-11-25T00:00:00.000000000Z,2.50657E+11
eth,2023-11-26T00:00:00.000000000Z,2.48351E+11
eth,2023-11-27T00:00:00.000000000Z,2.43766E+11
eth,2023-11-28T00:00:00.000000000Z,2.46471E+11
eth,2023-11-29T00:00:00.000000000Z,2.43956E+11
eth,2023-11-30T00:00:00.000000000Z,2.46619E+11
eth,2023-12-01T00:00:00.000000000Z,2.50834E+11
eth,2023-12-02T00:00:00.000000000Z,2.60285E+11
eth,2023-12-03T00:00:00.000000000Z,2.63743E+11
eth,2023-12-04T00:00:00.000000000Z,2.69087E+11
eth,2023-12-05T00:00:00.000000000Z,2.75515E+11
eth,2023-12-06T00:00:00.000000000Z,2.68309E+11
eth,2023-12-07T00:00:00.000000000Z,2.83061E+11
eth,2023-12-08T00:00:00.000000000Z,2.83642E+11
eth,2023-12-09T00:00:00.000000000Z,2.81551E+11
eth,2023-12-10T00:00:00.000000000Z,2.82638E+11
eth,2023-12-11T00:00:00.000000000Z,2.67105E+11
eth,2023-12-12T00:00:00.000000000Z,2.64623E+11
eth,2023-12-13T00:00:00.000000000Z,2.71788E+11
eth,2023-12-14T00:00:00.000000000Z,2.78838E+11
eth,2023-12-15T00:00:00.000000000Z,2.6704E+11
eth,2023-12-16T00:00:00.000000000Z,2.67423E+11
eth,2023-12-17T00:00:00.000000000Z,2.64454E+11
eth,2023-12-18T00:00:00.000000000Z,2.6635E+11
eth,2023-12-19T00:00:00.000000000Z,2.6156E+11
eth,2023-12-20T00:00:00.000000000Z,2.63933E+11
eth,2023-12-21T00:00:00.000000000Z,2.68952E+11
eth,2023-12-22T00:00:00.000000000Z,2.79591E+11
eth,2023-12-23T00:00:00.000000000Z,2.7775E+11
eth,2023-12-24T00:00:00.000000000Z,2.72603E+11
eth,2023-12-25T00:00:00.000000000Z,2.73329E+11
eth,2023-12-26T00:00:00.000000000Z,2.67944E+11
eth,2023-12-27T00:00:00.000000000Z,2.85865E+11
eth,2023-12-28T00:00:00.000000000Z,2.82606E+11
eth,2023-12-29T00:00:00.000000000Z,2.75935E+11
eth,2023-12-30T00:00:00.000000000Z,2.7567E+11
eth,2023-12-31T00:00:00.000000000Z,2.73906E+11
eth,2024-01-01T00:00:00.000000000Z,2.82122E+11
eth,2024-01-02T00:00:00.000000000Z,2.83349E+11
eth,2024-01-03T00:00:00.000000000Z,2.6529E+11
eth,2024-01-04T00:00:00.000000000Z,2.73083E+11
eth,2024-01-05T00:00:00.000000000Z,2.72535E+11
eth,2024-01-06T00:00:00.000000000Z,2.69085E+11
eth,2024-01-07T00:00:00.000000000Z,2.66626E+11
eth,2024-01-08T00:00:00.000000000Z,2.80308E+11
eth,2024-01-09T00:00:00.000000000Z,2.8119E+11
eth,2024-01-10T00:00:00.000000000Z,3.11378E+11
eth,2024-01-11T00:00:00.000000000Z,3.14726E+11
eth,2024-01-12T00:00:00.000000000Z,3.02757E+11
eth,2024-01-13T00:00:00.000000000Z,3.1007E+11
eth,2024-01-14T00:00:00.000000000Z,2.97941E+11
eth,2024-01-15T00:00:00.000000000Z,3.01985E+11
eth,2024-01-16T00:00:00.000000000Z,3.11339E+11
eth,2024-01-17T00:00:00.000000000Z,3.03399E+11
eth,2024-01-18T00:00:00.000000000Z,2.96451E+11
eth,2024-01-19T00:00:00.000000000Z,2.99251E+11
eth,2024-01-20T00:00:00.000000000Z,2.96806E+11
eth,2024-01-21T00:00:00.000000000Z,2.9498E+11
eth,2024-01-22T00:00:00.000000000Z,2.77874E+11
eth,2024-01-23T00:00:00.000000000Z,2.69077E+11
eth,2024-01-24T00:00:00.000000000Z,2.68436E+11
eth,2024-01-25T00:00:00.000000000Z,2.66569E+11
eth,2024-01-26T00:00:00.000000000Z,2.72434E+11
eth,2024-01-27T00:00:00.000000000Z,2.72404E+11
eth,2024-01-28T00:00:00.000000000Z,2.71018E+11
eth,2024-01-29T00:00:00.000000000Z,2.78211E+11
eth,2024-01-30T00:00:00.000000000Z,2.82227E+11
eth,2024-01-31T00:00:00.000000000Z,2.74522E+11
eth,2024-02-01T00:00:00.000000000Z,2.76441E+11
eth,2024-02-02T00:00:00.000000000Z,2.77165E+11
eth,2024-02-03T00:00:00.000000000Z,2.75801E+11
eth,2024-02-04T00:00:00.000000000Z,2.74922E+11
eth,2024-02-05T00:00:00.000000000Z,2.76035E+11
eth,2024-02-06T00:00:00.000000000Z,2.85344E+11
eth,2024-02-07T00:00:00.000000000Z,2.91409E+11
eth,2024-02-08T00:00:00.000000000Z,2.91068E+11
eth,2024-02-09T00:00:00.000000000Z,2.99344E+11
eth,2024-02-10T00:00:00.000000000Z,3.00505E+11
eth,2024-02-11T00:00:00.000000000Z,3.00967E+11
eth,2024-02-12T00:00:00.000000000Z,3.19034E+11
eth,2024-02-13T00:00:00.000000000Z,3.17055E+11
eth,2024-02-14T00:00:00.000000000Z,3.33994E+11
eth,2024-02-15T00:00:00.000000000Z,3.39523E+11
eth,2024-02-16T00:00:00.000000000Z,3.36794E+11
eth,2024-02-17T00:00:00.000000000Z,3.34859E+11
eth,2024-02-18T00:00:00.000000000Z,3.45743E+11
eth,2024-02-19T00:00:00.000000000Z,3.5431E+11
eth,2024-02-20T00:00:00.000000000Z,3.62194E+11
eth,2024-02-21T00:00:00.000000000Z,3.5629E+11
eth,2024-02-22T00:00:00.000000000Z,3.57182E+11
eth,2024-02-23T00:00:00.000000000Z,3.51256E+11
eth,2024-02-24T00:00:00.000000000Z,3.5929E+11
eth,2024-02-25T00:00:00.000000000Z,3.73895E+11
eth,2024-02-26T00:00:00.000000000Z,3.816E+11
eth,2024-02-27T00:00:00.000000000Z,3.89826E+11
eth,2024-02-28T00:00:00.000000000Z,4.05711E+11
eth,2024-02-29T00:00:00.000000000Z,4.02534E+11
eth,2024-03-01T00:00:00.000000000Z,4.13088E+11
eth,2024-03-02T00:00:00.000000000Z,4.10927E+11
eth,2024-03-03T00:00:00.000000000Z,4.18382E+11
eth,2024-03-04T00:00:00.000000000Z,4.36182E+11
eth,2024-03-05T00:00:00.000000000Z,4.26827E+11
eth,2024-03-06T00:00:00.000000000Z,4.58977E+11
eth,2024-03-07T00:00:00.000000000Z,4.64706E+11
eth,2024-03-08T00:00:00.000000000Z,4.67894E+11
eth,2024-03-09T00:00:00.000000000Z,4.70131E+11
eth,2024-03-10T00:00:00.000000000Z,4.65084E+11
eth,2024-03-11T00:00:00.000000000Z,4.89163E+11
eth,2024-03-12T00:00:00.000000000Z,4.76921E+11
eth,2024-03-13T00:00:00.000000000Z,4.80926E+11
eth,2024-03-14T00:00:00.000000000Z,4.66295E+11
eth,2024-03-15T00:00:00.000000000Z,4.48751E+11
eth,2024-03-16T00:00:00.000000000Z,4.22629E+11
eth,2024-03-17T00:00:00.000000000Z,4.36907E+11
eth,2024-03-18T00:00:00.000000000Z,4.23874E+11
eth,2024-03-19T00:00:00.000000000Z,3.8015E+11
eth,2024-03-20T00:00:00.000000000Z,4.22561E+11
eth,2024-03-21T00:00:00.000000000Z,4.19009E+11
eth,2024-03-22T00:00:00.000000000Z,3.98269E+11
eth,2024-03-23T00:00:00.000000000Z,4.02813E+11
eth,2024-03-24T00:00:00.000000000Z,4.14891E+11
eth,2024-03-25T00:00:00.000000000Z,4.3178E+11
eth,2024-03-26T00:00:00.000000000Z,4.31459E+11
eth,2024-03-27T00:00:00.000000000Z,4.20059E+11
eth,2024-03-28T00:00:00.000000000Z,4.282E+11
eth,2024-03-29T00:00:00.000000000Z,4.22209E+11
eth,2024-03-30T00:00:00.000000000Z,4.2099E+11
eth,2024-03-31T00:00:00.000000000Z,4.37624E+11
eth,2024-04-01T00:00:00.000000000Z,4.21507E+11
eth,2024-04-02T00:00:00.000000000Z,3.94193E+11
eth,2024-04-03T00:00:00.000000000Z,3.98307E+11
eth,2024-04-04T00:00:00.000000000Z,3.99567E+11
eth,2024-04-05T00:00:00.000000000Z,3.9917E+11
eth,2024-04-06T00:00:00.000000000Z,4.04416E+11
eth,2024-04-07T00:00:00.000000000Z,4.13938E+11
eth,2024-04-08T00:00:00.000000000Z,4.4428E+11
eth,2024-04-09T00:00:00.000000000Z,4.20156E+11
eth,2024-04-10T00:00:00.000000000Z,4.25207E+11
eth,2024-04-11T00:00:00.000000000Z,4.20738E+11
eth,2024-04-12T00:00:00.000000000Z,3.8842E+11
eth,2024-04-13T00:00:00.000000000Z,3.63861E+11
eth,2024-04-14T00:00:00.000000000Z,3.79285E+11
eth,2024-04-15T00:00:00.000000000Z,3.72583E+11
eth,2024-04-16T00:00:00.000000000Z,3.70831E+11
eth,2024-04-17T00:00:00.000000000Z,3.58393E+11
eth,2024-04-18T00:00:00.000000000Z,3.68357E+11
eth,2024-04-19T00:00:00.000000000Z,3.66937E+11
eth,2024-04-20T00:00:00.000000000Z,3.78895E+11
eth,2024-04-21T00:00:00.000000000Z,3.77946E+11
eth,2024-04-22T00:00:00.000000000Z,3.84924E+11
eth,2024-04-23T00:00:00.000000000Z,3.86365E+11
eth,2024-04-24T00:00:00.000000000Z,3.82367E+11
eth,2024-04-25T00:00:00.000000000Z,3.85464E+11
eth,2024-04-26T00:00:00.000000000Z,3.81991E+11
eth,2024-04-27T00:00:00.000000000Z,3.97035E+11
eth,2024-04-28T00:00:00.000000000Z,3.98237E+11
eth,2024-04-29T00:00:00.000000000Z,3.93066E+11
eth,2024-04-30T00:00:00.000000000Z,3.67683E+11
eth,2024-05-01T00:00:00.000000000Z,3.62551E+11
eth,2024-05-02T00:00:00.000000000Z,3.64783E+11
eth,2024-05-03T00:00:00.000000000Z,3.73174E+11
eth,2024-05-04T00:00:00.000000000Z,3.74316E+11
eth,2024-05-05T00:00:00.000000000Z,3.76959E+11
eth,2024-05-06T00:00:00.000000000Z,3.68403E+11
eth,2024-05-07T00:00:00.000000000Z,3.62059E+11
eth,2024-05-08T00:00:00.000000000Z,3.5675E+11
eth,2024-05-09T00:00:00.000000000Z,3.64451E+11
eth,2024-05-10T00:00:00.000000000Z,3.49609E+11
eth,2024-05-11T00:00:00.000000000Z,3.4967E+11
eth,2024-05-12T00:00:00.000000000Z,3.51983E+11
eth,2024-05-13T00:00:00.000000000Z,3.54147E+11
eth,2024-05-14T00:00:00.000000000Z,3.46052E+11
eth,2024-05-15T00:00:00.000000000Z,3.63811E+11
eth,2024-05-16T00:00:00.000000000Z,3.53305E+11
eth,2024-05-17T00:00:00.000000000Z,3.71465E+11
eth,2024-05-18T00:00:00.000000000Z,3.75086E+11
eth,2024-05-19T00:00:00.000000000Z,3.68794E+11
eth,2024-05-20T00:00:00.000000000Z,4.39885E+11
eth,2024-05-21T00:00:00.000000000Z,4.56107E+11
eth,2024-05-22T00:00:00.000000000Z,4.49393E+11
eth,2024-05-23T00:00:00.000000000Z,4.52517E+11
eth,2024-05-24T00:00:00.000000000Z,4.47847E+11
eth,2024-05-25T00:00:00.000000000Z,4.5026E+11
eth,2024-05-26T00:00:00.000000000Z,4.59451E+11
eth,2024-05-27T00:00:00.000000000Z,4.6705E+11
eth,2024-05-28T00:00:00.000000000Z,4.61919E+11
eth,2024-05-29T00:00:00.000000000Z,4.52912E+11
eth,2024-05-30T00:00:00.000000000Z,4.50229E+11
eth,2024-05-31T00:00:00.000000000Z,4.51183E+11
eth,2024-06-01T00:00:00.000000000Z,4.5814E+11
eth,2024-06-02T00:00:00.000000000Z,4.54295E+11
eth,2024-06-03T00:00:00.000000000Z,4.52641E+11
eth,2024-06-04T00:00:00.000000000Z,4.58018E+11
eth,2024-06-05T00:00:00.000000000Z,4.64167E+11
eth,2024-06-06T00:00:00.000000000Z,4.57988E+11
eth,2024-06-07T00:00:00.000000000Z,4.42139E+11
eth,2024-06-08T00:00:00.000000000Z,4.42153E+11
eth,2024-06-09T00:00:00.000000000Z,4.45229E+11
eth,2024-06-10T00:00:00.000000000Z,4.40495E+11
eth,2024-06-11T00:00:00.000000000Z,4.20263E+11
eth,2024-06-12T00:00:00.000000000Z,4.2785E+11
eth,2024-06-13T00:00:00.000000000Z,4.16944E+11
eth,2024-06-14T00:00:00.000000000Z,4.18119E+11
eth,2024-06-15T00:00:00.000000000Z,4.28671E+11
eth,2024-06-16T00:00:00.000000000Z,4.34925E+11
eth,2024-06-17T00:00:00.000000000Z,4.21686E+11
eth,2024-06-18T00:00:00.000000000Z,4.17873E+11
eth,2024-06-19T00:00:00.000000000Z,4.35008E+11
eth,2024-06-20T00:00:00.000000000Z,4.29515E+11
eth,2024-06-21T00:00:00.000000000Z,4.302E+11
eth,2024-06-22T00:00:00.000000000Z,4.27504E+11
eth,2024-06-23T00:00:00.000000000Z,4.1818E+11
eth,2024-06-24T00:00:00.000000000Z,4.0934E+11
eth,2024-06-25T00:00:00.000000000Z,4.07649E+11
eth,2024-06-26T00:00:00.000000000Z,4.04871E+11
eth,2024-06-27T00:00:00.000000000Z,4.13873E+11
eth,2024-06-28T00:00:00.000000000Z,4.0534E+11
eth,2024-06-29T00:00:00.000000000Z,4.05438E+11
eth,2024-06-30T00:00:00.000000000Z,4.13182E+11
eth,2024-07-01T00:00:00.000000000Z,4.1316E+11
eth,2024-07-02T00:00:00.000000000Z,4.10827E+11
eth,2024-07-03T00:00:00.000000000Z,3.9599E+11
eth,2024-07-04T00:00:00.000000000Z,3.7028E+11
eth,2024-07-05T00:00:00.000000000Z,3.58931E+11
eth,2024-07-06T00:00:00.000000000Z,3.68755E+11
eth,2024-07-07T00:00:00.000000000Z,3.52526E+11
eth,2024-07-08T00:00:00.000000000Z,3.63062E+11
eth,2024-07-09T00:00:00.000000000Z,3.68323E+11
eth,2024-07-10T00:00:00.000000000Z,3.72774E+11
eth,2024-07-11T00:00:00.000000000Z,3.72262E+11
eth,2024-07-12T00:00:00.000000000Z,3.763E+11
eth,2024-07-13T00:00:00.000000000Z,3.82495E+11
eth,2024-07-14T00:00:00.000000000Z,3.91495E+11
eth,2024-07-15T00:00:00.000000000Z,4.19311E+11
eth,2024-07-16T00:00:00.000000000Z,4.14358E+11
eth,2024-07-17T00:00:00.000000000Z,4.08037E+11
eth,2024-07-18T00:00:00.000000000Z,4.12493E+11
eth,2024-07-19T00:00:00.000000000Z,4.2168E+11
eth,2024-07-20T00:00:00.000000000Z,4.23257E+11
eth,2024-07-21T00:00:00.000000000Z,4.24456E+11
eth,2024-07-22T00:00:00.000000000Z,4.13819E+11
eth,2024-07-23T00:00:00.000000000Z,4.18729E+11
eth,2024-07-24T00:00:00.000000000Z,4.0058E+11
eth,2024-07-25T00:00:00.000000000Z,3.8159E+11
eth,2024-07-26T00:00:00.000000000Z,3.94247E+11
eth,2024-07-27T00:00:00.000000000Z,3.91289E+11
eth,2024-07-28T00:00:00.000000000Z,3.9327E+11
eth,2024-07-29T00:00:00.000000000Z,3.99586E+11
eth,2024-07-30T00:00:00.000000000Z,3.93946E+11
eth,2024-07-31T00:00:00.000000000Z,3.88611E+11
eth,2024-08-01T00:00:00.000000000Z,3.85193E+11
eth,2024-08-02T00:00:00.000000000Z,3.5895E+11
eth,2024-08-03T00:00:00.000000000Z,3.49308E+11
eth,2024-08-04T00:00:00.000000000Z,3.24504E+11
eth,2024-08-05T00:00:00.000000000Z,2.92739E+11
eth,2024-08-06T00:00:00.000000000Z,2.95674E+11
eth,2024-08-07T00:00:00.000000000Z,2.8216E+11
eth,2024-08-08T00:00:00.000000000Z,3.23098E+11
eth,2024-08-09T00:00:00.000000000Z,3.11833E+11
eth,2024-08-10T00:00:00.000000000Z,3.13512E+11
eth,2024-08-11T00:00:00.000000000Z,3.0776E+11
eth,2024-08-12T00:00:00.000000000Z,3.28194E+11
eth,2024-08-13T00:00:00.000000000Z,3.25031E+11
eth,2024-08-14T00:00:00.000000000Z,3.2074E+11
eth,2024-08-15T00:00:00.000000000Z,3.09558E+11
eth,2024-08-16T00:00:00.000000000Z,3.12059E+11
eth,2024-08-17T00:00:00.000000000Z,3.14192E+11
eth,2024-08-18T00:00:00.000000000Z,3.15715E+11
eth,2024-08-19T00:00:00.000000000Z,3.16583E+11
eth,2024-08-20T00:00:00.000000000Z,3.10104E+11
eth,2024-08-21T00:00:00.000000000Z,3.1616E+11
eth,2024-08-22T00:00:00.000000000Z,3.15554E+11
eth,2024-08-23T00:00:00.000000000Z,3.3274E+11
eth,2024-08-24T00:00:00.000000000Z,3.32259E+11
eth,2024-08-25T00:00:00.000000000Z,3.31801E+11
eth,2024-08-26T00:00:00.000000000Z,3.23164E+11
eth,2024-08-27T00:00:00.000000000Z,2.96098E+11
eth,2024-08-28T00:00:00.000000000Z,3.04292E+11
eth,2024-08-29T00:00:00.000000000Z,3.04015E+11
eth,2024-08-30T00:00:00.000000000Z,3.03969E+11
eth,2024-08-31T00:00:00.000000000Z,3.02364E+11
eth,2024-09-01T00:00:00.000000000Z,2.91849E+11
eth,2024-09-02T00:00:00.000000000Z,3.05409E+11
eth,2024-09-03T00:00:00.000000000Z,2.93529E+11
eth,2024-09-04T00:00:00.000000000Z,2.95113E+11
eth,2024-09-05T00:00:00.000000000Z,2.84801E+11
eth,2024-09-06T00:00:00.000000000Z,2.6717E+11
eth,2024-09-07T00:00:00.000000000Z,2.73082E+11
eth,2024-09-08T00:00:00.000000000Z,2.76742E+11
eth,2024-09-09T00:00:00.000000000Z,2.84204E+11
eth,2024-09-10T00:00:00.000000000Z,2.87516E+11
eth,2024-09-11T00:00:00.000000000Z,2.81841E+11
eth,2024-09-12T00:00:00.000000000Z,2.84255E+11
eth,2024-09-13T00:00:00.000000000Z,2.9394E+11
eth,2024-09-14T00:00:00.000000000Z,2.90866E+11
eth,2024-09-15T00:00:00.000000000Z,2.79092E+11
eth,2024-09-16T00:00:00.000000000Z,2.76197E+11
eth,2024-09-17T00:00:00.000000000Z,2.81242E+11
eth,2024-09-18T00:00:00.000000000Z,2.83861E+11
eth,2024-09-19T00:00:00.000000000Z,2.97059E+11
eth,2024-09-20T00:00:00.000000000Z,3.0745E+11
eth,2024-09-21T00:00:00.000000000Z,3.1347E+11
eth,2024-09-22T00:00:00.000000000Z,3.10629E+11
eth,2024-09-23T00:00:00.000000000Z,3.18674E+11
eth,2024-09-24T00:00:00.000000000Z,3.19587E+11
eth,2024-09-25T00:00:00.000000000Z,3.09908E+11
eth,2024-09-26T00:00:00.000000000Z,3.16518E+11
eth,2024-09-27T00:00:00.000000000Z,3.24763E+11
eth,2024-09-28T00:00:00.000000000Z,3.21935E+11
eth,2024-09-29T00:00:00.000000000Z,3.19724E+11
eth,2024-09-30T00:00:00.000000000Z,3.12501E+11
eth,2024-10-01T00:00:00.000000000Z,2.94881E+11
eth,2024-10-02T00:00:00.000000000Z,2.85044E+11
eth,2024-10-03T00:00:00.000000000Z,2.8281E+11
eth,2024-10-04T00:00:00.000000000Z,2.90713E+11
eth,2024-10-05T00:00:00.000000000Z,2.90621E+11
eth,2024-10-06T00:00:00.000000000Z,2.93535E+11
eth,2024-10-07T00:00:00.000000000Z,2.92105E+11
eth,2024-10-08T00:00:00.000000000Z,2.93676E+11
eth,2024-10-09T00:00:00.000000000Z,2.84959E+11
eth,2024-10-10T00:00:00.000000000Z,2.8676E+11
eth,2024-10-11T00:00:00.000000000Z,2.9345E+11
eth,2024-10-12T00:00:00.000000000Z,2.98335E+11
eth,2024-10-13T00:00:00.000000000Z,2.96759E+11
eth,2024-10-14T00:00:00.000000000Z,3.1672E+11
eth,2024-10-15T00:00:00.000000000Z,3.13064E+11
eth,2024-10-16T00:00:00.000000000Z,3.14445E+11
eth,2024-10-17T00:00:00.000000000Z,3.13395E+11
eth,2024-10-18T00:00:00.000000000Z,3.17997E+11
eth,2024-10-19T00:00:00.000000000Z,3.18992E+11
eth,2024-10-20T00:00:00.000000000Z,3.306E+11
eth,2024-10-21T00:00:00.000000000Z,3.21118E+11
eth,2024-10-22T00:00:00.000000000Z,3.1582E+11
eth,2024-10-23T00:00:00.000000000Z,3.03593E+11
eth,2024-10-24T00:00:00.000000000Z,3.04856E+11
eth,2024-10-25T00:00:00.000000000Z,2.90781E+11
eth,2024-10-26T00:00:00.000000000Z,2.98655E+11
eth,2024-10-27T00:00:00.000000000Z,3.02021E+11
eth,2024-10-28T00:00:00.000000000Z,3.08972E+11
eth,2024-10-29T00:00:00.000000000Z,3.17289E+11
eth,2024-10-30T00:00:00.000000000Z,3.20381E+11
eth,2024-10-31T00:00:00.000000000Z,3.03157E+11
eth,2024-11-01T00:00:00.000000000Z,3.02524E+11
eth,2024-11-02T00:00:00.000000000Z,2.99683E+11
eth,2024-11-03T00:00:00.000000000Z,2.9556E+11
eth,2024-11-04T00:00:00.000000000Z,2.8859E+11
eth,2024-11-05T00:00:00.000000000Z,2.92485E+11
eth,2024-11-06T00:00:00.000000000Z,3.27894E+11
eth,2024-11-07T00:00:00.000000000Z,3.48237E+11
eth,2024-11-08T00:00:00.000000000Z,3.56473E+11
eth,2024-11-09T00:00:00.000000000Z,3.78118E+11
eth,2024-11-10T00:00:00.000000000Z,3.83847E+11
eth,2024-11-11T00:00:00.000000000Z,4.05855E+11
eth,2024-11-12T00:00:00.000000000Z,3.91995E+11
eth,2024-11-13T00:00:00.000000000Z,3.84261E+11
eth,2024-11-14T00:00:00.000000000Z,3.68063E+11
eth,2024-11-15T00:00:00.000000000Z,3.73E+11
eth,2024-11-16T00:00:00.000000000Z,3.77445E+11
eth,2024-11-17T00:00:00.000000000Z,3.69716E+11
eth,2024-11-18T00:00:00.000000000Z,3.84014E+11
eth,2024-11-19T00:00:00.000000000Z,3.74735E+11
eth,2024-11-20T00:00:00.000000000Z,3.70119E+11
eth,2024-11-21T00:00:00.000000000Z,4.05274E+11
eth,2024-11-22T00:00:00.000000000Z,4.00467E+11
eth,2024-11-23T00:00:00.000000000Z,4.0914E+11
eth,2024-11-24T00:00:00.000000000Z,4.05111E+11
eth,2024-11-25T00:00:00.000000000Z,4.13066E+11
eth,2024-11-26T00:00:00.000000000Z,4.00374E+11
eth,2024-11-27T00:00:00.000000000Z,4.41899E+11
eth,2024-11-28T00:00:00.000000000Z,4.31665E+11
eth,2024-11-29T00:00:00.000000000Z,4.33043E+11
eth,2024-11-30T00:00:00.000000000Z,4.4721E+11
eth,2024-12-01T00:00:00.000000000Z,4.47563E+11
eth,2024-12-02T00:00:00.000000000Z,4.38054E+11
eth,2024-12-03T00:00:00.000000000Z,4.36472E+11
eth,2024-12-04T00:00:00.000000000Z,4.63059E+11
eth,2024-12-05T00:00:00.000000000Z,4.5704E+11
eth,2024-12-06T00:00:00.000000000Z,4.8339E+11
eth,2024-12-07T00:00:00.000000000Z,4.82514E+11
eth,2024-12-08T00:00:00.000000000Z,4.81968E+11
eth,2024-12-09T00:00:00.000000000Z,4.47349E+11
eth,2024-12-10T00:00:00.000000000Z,4.37499E+11
eth,2024-12-11T00:00:00.000000000Z,4.62129E+11
eth,2024-12-12T00:00:00.000000000Z,4.66971E+11
eth,2024-12-13T00:00:00.000000000Z,4.70393E+11
eth,2024-12-14T00:00:00.000000000Z,4.65957E+11
eth,2024-12-15T00:00:00.000000000Z,4.75485E+11
eth,2024-12-16T00:00:00.000000000Z,4.81213E+11
eth,2024-12-17T00:00:00.000000000Z,4.67074E+11
eth,2024-12-18T00:00:00.000000000Z,4.38025E+11
eth,2024-12-19T00:00:00.000000000Z,4.13135E+11
eth,2024-12-20T00:00:00.000000000Z,4.18155E+11
eth,2024-12-21T00:00:00.000000000Z,4.00969E+11
eth,2024-12-22T00:00:00.000000000Z,3.94889E+11
eth,2024-12-23T00:00:00.000000000Z,4.1226E+11
eth,2024-12-24T00:00:00.000000000Z,4.20968E+11
eth,2024-12-25T00:00:00.000000000Z,4.20492E+11
eth,2024-12-26T00:00:00.000000000Z,4.0056E+11
eth,2024-12-27T00:00:00.000000000Z,4.00189E+11
eth,2024-12-28T00:00:00.000000000Z,4.09229E+11
eth,2024-12-29T00:00:00.000000000Z,4.03193E+11
eth,2024-12-30T00:00:00.000000000Z,4.04229E+11
eth,2024-12-31T00:00:00.000000000Z,4.01463E+11
eth,2025-01-01T00:00:00.000000000Z,4.03691E+11
eth,2025-01-02T00:00:00.000000000Z,4.15346E+11
eth,2025-01-03T00:00:00.000000000Z,4.34464E+11
eth,2025-01-04T00:00:00.000000000Z,4.40674E+11
eth,2025-01-05T00:00:00.000000000Z,4.38313E+11
eth,2025-01-06T00:00:00.000000000Z,4.43715E+11
eth,2025-01-07T00:00:00.000000000Z,4.07509E+11
eth,2025-01-08T00:00:00.000000000Z,4.00645E+11
eth,2025-01-09T00:00:00.000000000Z,3.87616E+11
eth,2025-01-10T00:00:00.000000000Z,3.93941E+11
eth,2025-01-11T00:00:00.000000000Z,3.95965E+11
eth,2025-01-12T00:00:00.000000000Z,3.92572E+11
eth,2025-01-13T00:00:00.000000000Z,3.77514E+11
eth,2025-01-14T00:00:00.000000000Z,3.8878E+11
eth,2025-01-15T00:00:00.000000000Z,4.14628E+11
eth,2025-01-16T00:00:00.000000000Z,3.98017E+11
eth,2025-01-17T00:00:00.000000000Z,4.19204E+11
eth,2025-01-18T00:00:00.000000000Z,3.98058E+11
eth,2025-01-19T00:00:00.000000000Z,3.86095E+11
eth,2025-01-20T00:00:00.000000000Z,3.95905E+11
eth,2025-01-21T00:00:00.000000000Z,4.00384E+11
eth,2025-01-22T00:00:00.000000000Z,3.90383E+11
eth,2025-01-23T00:00:00.000000000Z,4.01975E+11
eth,2025-01-24T00:00:00.000000000Z,3.98917E+11
eth,2025-01-25T00:00:00.000000000Z,4.00494E+11
eth,2025-01-26T00:00:00.000000000Z,3.90564E+11
eth,2025-01-27T00:00:00.000000000Z,3.82071E+11
eth,2025-01-28T00:00:00.000000000Z,3.70059E+11
eth,2025-01-29T00:00:00.000000000Z,3.76443E+11
eth,2025-01-30T00:00:00.000000000Z,3.92376E+11
eth,2025-01-31T00:00:00.000000000Z,3.96815E+11
eth,2025-02-01T00:00:00.000000000Z,3.76012E+11
eth,2025-02-02T00:00:00.000000000Z,3.42792E+11
eth,2025-02-03T00:00:00.000000000Z,3.46815E+11
eth,2025-02-04T00:00:00.000000000Z,3.28263E+11
eth,2025-02-05T00:00:00.000000000Z,3.3516E+11
eth,2025-02-06T00:00:00.000000000Z,3.23629E+11
eth,2025-02-07T00:00:00.000000000Z,3.14936E+11
eth,2025-02-08T00:00:00.000000000Z,3.17859E+11
eth,2025-02-09T00:00:00.000000000Z,3.16212E+11
eth,2025-02-10T00:00:00.000000000Z,3.20495E+11
eth,2025-02-11T00:00:00.000000000Z,3.13877E+11
eth,2025-02-12T00:00:00.000000000Z,3.30118E+11
eth,2025-02-13T00:00:00.000000000Z,3.22442E+11
eth,2025-02-14T00:00:00.000000000Z,3.28496E+11
eth,2025-02-15T00:00:00.000000000Z,3.24783E+11
eth,2025-02-16T00:00:00.000000000Z,3.20913E+11
eth,2025-02-17T00:00:00.000000000Z,3.30722E+11
eth,2025-02-18T00:00:00.000000000Z,3.21536E+11
eth,2025-02-19T00:00:00.000000000Z,3.27695E+11
eth,2025-02-20T00:00:00.000000000Z,3.30418E+11
eth,2025-02-21T00:00:00.000000000Z,3.2018E+11
eth,2025-02-22T00:00:00.000000000Z,3.33523E+11
eth,2025-02-23T00:00:00.000000000Z,3.40221E+11
eth,2025-02-24T00:00:00.000000000Z,3.03773E+11
eth,2025-02-25T00:00:00.000000000Z,3.01353E+11
eth,2025-02-26T00:00:00.000000000Z,2.80988E+11
eth,2025-02-27T00:00:00.000000000Z,2.77143E+11
eth,2025-02-28T00:00:00.000000000Z,2.68881E+11
eth,2025-03-01T00:00:00.000000000Z,2.66357E+11
eth,2025-03-02T00:00:00.000000000Z,3.03791E+11
eth,2025-03-03T00:00:00.000000000Z,2.59693E+11
eth,2025-03-04T00:00:00.000000000Z,2.61683E+11
eth,2025-03-05T00:00:00.000000000Z,2.70251E+11
eth,2025-03-06T00:00:00.000000000Z,2.66067E+11
eth,2025-03-07T00:00:00.000000000Z,2.57439E+11
eth,2025-03-08T00:00:00.000000000Z,2.65284E+11
eth,2025-03-09T00:00:00.000000000Z,2.43092E+11
eth,2025-03-10T00:00:00.000000000Z,2.26695E+11
eth,2025-03-11T00:00:00.000000000Z,2.31925E+11
eth,2025-03-12T00:00:00.000000000Z,2.29939E+11
eth,2025-03-13T00:00:00.000000000Z,2.24758E+11
eth,2025-03-14T00:00:00.000000000Z,2.30936E+11
eth,2025-03-15T00:00:00.000000000Z,2.33948E+11
eth,2025-03-16T00:00:00.000000000Z,2.27326E+11
eth,2025-03-17T00:00:00.000000000Z,2.32539E+11
eth,2025-03-18T00:00:00.000000000Z,2.32861E+11
eth,2025-03-19T00:00:00.000000000Z,2.4812E+11
eth,2025-03-20T00:00:00.000000000Z,2.38624E+11
eth,2025-03-21T00:00:00.000000000Z,2.3717E+11
eth,2025-03-22T00:00:00.000000000Z,2.38698E+11
eth,2025-03-23T00:00:00.000000000Z,2.41013E+11
eth,2025-03-24T00:00:00.000000000Z,2.5019E+11
eth,2025-03-25T00:00:00.000000000Z,2.49133E+11
eth,2025-03-26T00:00:00.000000000Z,2.41939E+11
eth,2025-03-27T00:00:00.000000000Z,2.41695E+11
eth,2025-03-28T00:00:00.000000000Z,2.2875E+11
eth,2025-03-29T00:00:00.000000000Z,2.20016E+11
eth,2025-03-30T00:00:00.000000000Z,2.17511E+11
eth,2025-03-31T00:00:00.000000000Z,2.20007E+11
eth,2025-04-01T00:00:00.000000000Z,2.30248E+11
eth,2025-04-02T00:00:00.000000000Z,2.16643E+11
eth,2025-04-03T00:00:00.000000000Z,2.18826E+11
eth,2025-04-04T00:00:00.000000000Z,2.18764E+11
eth,2025-04-05T00:00:00.000000000Z,2.1756E+11
eth,2025-04-06T00:00:00.000000000Z,1.89343E+11
eth,2025-04-07T00:00:00.000000000Z,1.88277E+11
eth,2025-04-08T00:00:00.000000000Z,1.77523E+11
eth,2025-04-09T00:00:00.000000000Z,2.00673E+11
eth,2025-04-10T00:00:00.000000000Z,1.83705E+11
eth,2025-04-11T00:00:00.000000000Z,1.88934E+11
eth,2025-04-12T00:00:00.000000000Z,1.98699E+11
eth,2025-04-13T00:00:00.000000000Z,1.9229E+11
eth,2025-04-14T00:00:00.000000000Z,1.95931E+11
eth,2025-04-15T00:00:00.000000000Z,1.91995E+11
eth,2025-04-16T00:00:00.000000000Z,1.90425E+11
eth,2025-04-17T00:00:00.000000000Z,1.9125E+11
eth,2025-04-18T00:00:00.000000000Z,1.9181E+11
eth,2025-04-19T00:00:00.000000000Z,1.94903E+11
eth,2025-04-20T00:00:00.000000000Z,1.91349E+11
eth,2025-04-21T00:00:00.000000000Z,1.90349E+11
eth,2025-04-22T00:00:00.000000000Z,2.12206E+11
eth,2025-04-23T00:00:00.000000000Z,2.17017E+11
eth,2025-04-24T00:00:00.000000000Z,2.13599E+11
eth,2025-04-25T00:00:00.000000000Z,2.16029E+11
eth,2025-04-26T00:00:00.000000000Z,2.19713E+11
eth,2025-04-27T00:00:00.000000000Z,2.165E+11
eth,2025-04-28T00:00:00.000000000Z,2.17288E+11
eth,2025-04-29T00:00:00.000000000Z,2.16454E+11
eth,2025-04-30T00:00:00.000000000Z,2.16741E+11
eth,2025-05-01T00:00:00.000000000Z,2.21927E+11
eth,2025-05-02T00:00:00.000000000Z,2.22307E+11
eth,2025-05-03T00:00:00.000000000Z,2.21598E+11
eth,2025-05-04T00:00:00.000000000Z,2.18438E+11
eth,2025-05-05T00:00:00.000000000Z,2.20027E+11
eth,2025-05-06T00:00:00.000000000Z,2.19036E+11
eth,2025-05-07T00:00:00.000000000Z,2.19075E+11
eth,2025-05-08T00:00:00.000000000Z,2.64775E+11
eth,2025-05-09T00:00:00.000000000Z,2.8278E+11
eth,2025-05-10T00:00:00.000000000Z,3.12043E+11
eth,2025-05-11T00:00:00.000000000Z,3.02749E+11
eth,2025-05-12T00:00:00.000000000Z,3.01051E+11
eth,2025-05-13T00:00:00.000000000Z,3.23133E+11
eth,2025-05-14T00:00:00.000000000Z,3.14265E+11
eth,2025-05-15T00:00:00.000000000Z,3.06733E+11
eth,2025-05-16T00:00:00.000000000Z,3.07459E+11
eth,2025-05-17T00:00:00.000000000Z,2.98755E+11
eth,2025-05-18T00:00:00.000000000Z,2.97707E+11
eth,2025-05-19T00:00:00.000000000Z,3.05013E+11
eth,2025-05-20T00:00:00.000000000Z,3.04876E+11
eth,2025-05-21T00:00:00.000000000Z,3.08819E+11
eth,2025-05-22T00:00:00.000000000Z,3.20823E+11
eth,2025-05-23T00:00:00.000000000Z,3.04454E+11
eth,2025-05-24T00:00:00.000000000Z,3.05395E+11
eth,2025-05-25T00:00:00.000000000Z,3.07489E+11
eth,2025-05-26T00:00:00.000000000Z,3.09291E+11
eth,2025-05-27T00:00:00.000000000Z,3.21303E+11
eth,2025-05-28T00:00:00.000000000Z,3.23197E+11
eth,2025-05-29T00:00:00.000000000Z,3.17914E+11
eth,2025-05-30T00:00:00.000000000Z,3.04864E+11
eth,2025-05-31T00:00:00.000000000Z,3.05742E+11
eth,2025-06-01T00:00:00.000000000Z,3.06547E+11
eth,2025-06-02T00:00:00.000000000Z,3.14895E+11
eth,2025-06-03T00:00:00.000000000Z,3.13288E+11
eth,2025-06-04T00:00:00.000000000Z,3.1508E+11
eth,2025-06-05T00:00:00.000000000Z,2.92301E+11
eth,2025-06-06T00:00:00.000000000Z,2.99384E+11
eth,2025-06-07T00:00:00.000000000Z,3.05076E+11
eth,2025-06-08T00:00:00.000000000Z,3.02963E+11
eth,2025-06-09T00:00:00.000000000Z,3.2314E+11
eth,2025-06-10T00:00:00.000000000Z,3.38775E+11
eth,2025-06-11T00:00:00.000000000Z,3.34953E+11
eth,2025-06-12T00:00:00.000000000Z,3.20269E+11
eth,2025-06-13T00:00:00.000000000Z,3.11223E+11
eth,2025-06-14T00:00:00.000000000Z,3.05798E+11
eth,2025-06-15T00:00:00.000000000Z,3.07427E+11
eth,2025-06-16T00:00:00.000000000Z,3.09652E+11
eth,2025-06-17T00:00:00.000000000Z,3.0342E+11
eth,2025-06-18T00:00:00.000000000Z,3.04518E+11
eth,2025-06-19T00:00:00.000000000Z,3.04584E+11
eth,2025-06-20T00:00:00.000000000Z,2.90112E+11
eth,2025-06-21T00:00:00.000000000Z,2.73557E+11
eth,2025-06-22T00:00:00.000000000Z,2.68886E+11
eth,2025-06-23T00:00:00.000000000Z,2.92318E+11
eth,2025-06-24T00:00:00.000000000Z,2.94939E+11
eth,2025-06-25T00:00:00.000000000Z,2.91898E+11
eth,2025-06-26T00:00:00.000000000Z,2.91567E+11
eth,2025-06-27T00:00:00.000000000Z,2.92384E+11
eth,2025-06-28T00:00:00.000000000Z,2.94337E+11
eth,2025-06-29T00:00:00.000000000Z,3.02184E+11
eth,2025-06-30T00:00:00.000000000Z,3.00462E+11
eth,2025-07-01T00:00:00.000000000Z,2.89808E+11
eth,2025-07-02T00:00:00.000000000Z,3.11446E+11
eth,2025-07-03T00:00:00.000000000Z,3.12697E+11
eth,2025-07-04T00:00:00.000000000Z,3.03011E+11
eth,2025-07-05T00:00:00.000000000Z,3.04021E+11
eth,2025-07-06T00:00:00.000000000Z,3.10213E+11
eth,2025-07-07T00:00:00.000000000Z,3.06957E+11
eth,2025-07-08T00:00:00.000000000Z,3.15727E+11
eth,2025-07-09T00:00:00.000000000Z,3.3509E+11
eth,2025-07-10T00:00:00.000000000Z,3.56166E+11
eth,2025-07-11T00:00:00.000000000Z,3.57156E+11
eth,2025-07-12T00:00:00.000000000Z,3.54952E+11
eth,2025-07-13T00:00:00.000000000Z,3.58481E+11
eth,2025-07-14T00:00:00.000000000Z,3.63568E+11
eth,2025-07-15T00:00:00.000000000Z,3.78184E+11
eth,2025-07-16T00:00:00.000000000Z,4.06362E+11
eth,2025-07-17T00:00:00.000000000Z,4.2122E+11
eth,2025-07-18T00:00:00.000000000Z,4.27608E+11
eth,2025-07-19T00:00:00.000000000Z,4.33613E+11
eth,2025-07-20T00:00:00.000000000Z,4.53282E+11
eth,2025-07-21T00:00:00.000000000Z,4.5459E+11
eth,2025-07-22T00:00:00.000000000Z,4.52174E+11
eth,2025-07-23T00:00:00.000000000Z,4.38129E+11
eth,2025-07-24T00:00:00.000000000Z,4.4778E+11
eth,2025-07-25T00:00:00.000000000Z,4.49354E+11
eth,2025-07-26T00:00:00.000000000Z,4.51865E+11
eth,2025-07-27T00:00:00.000000000Z,4.66367E+11
eth,2025-07-28T00:00:00.000000000Z,4.57604E+11
eth,2025-07-29T00:00:00.000000000Z,4.576E+11
eth,2025-07-30T00:00:00.000000000Z,4.58805E+11
eth,2025-07-31T00:00:00.000000000Z,4.46804E+11
eth,2025-08-01T00:00:00.000000000Z,4.20349E+11
eth,2025-08-02T00:00:00.000000000Z,4.09631E+11
eth,2025-08-03T00:00:00.000000000Z,4.22987E+11
eth,2025-08-04T00:00:00.000000000Z,4.48935E+11
eth,2025-08-05T00:00:00.000000000Z,4.36254E+11
eth,2025-08-06T00:00:00.000000000Z,4.44455E+11
eth,2025-08-07T00:00:00.000000000Z,4.71279E+11
eth,2025-08-08T00:00:00.000000000Z,4.848E+11
eth,2025-08-09T00:00:00.000000000Z,5.14453E+11
eth,2025-08-10T00:00:00.000000000Z,5.12858E+11
eth,2025-08-11T00:00:00.000000000Z,5.10314E+11
eth,2025-08-12T00:00:00.000000000Z,5.5519E+11
eth,2025-08-13T00:00:00.000000000Z,5.74674E+11
eth,2025-08-14T00:00:00.000000000Z,5.50524E+11
eth,2025-08-15T00:00:00.000000000Z,5.34736E+11
eth,2025-08-16T00:00:00.000000000Z,5.33852E+11
eth,2025-08-17T00:00:00.000000000Z,5.41702E+11
eth,2025-08-18T00:00:00.000000000Z,5.21642E+11
eth,2025-08-19T00:00:00.000000000Z,4.94119E+11
eth,2025-08-20T00:00:00.000000000Z,5.23589E+11
eth,2025-08-21T00:00:00.000000000Z,5.09698E+11
eth,2025-08-22T00:00:00.000000000Z,5.83151E+11
eth,2025-08-23T00:00:00.000000000Z,5.76785E+11
eth,2025-08-24T00:00:00.000000000Z,5.77856E+11
eth,2025-08-25T00:00:00.000000000Z,5.28396E+11
eth,2025-08-26T00:00:00.000000000Z,5.5549E+11
eth,2025-08-27T00:00:00.000000000Z,5.44031E+11
eth,2025-08-28T00:00:00.000000000Z,5.43669E+11
eth,2025-08-29T00:00:00.000000000Z,5.27102E+11
eth,2025-08-30T00:00:00.000000000Z,5.27743E+11
eth,2025-08-31T00:00:00.000000000Z,5.307E+11
eth,2025-09-01T00:00:00.000000000Z,5.19109E+11
eth,2025-09-02T00:00:00.000000000Z,5.21734E+11
eth,2025-09-03T00:00:00.000000000Z,5.37848E+11
eth,2025-09-04T00:00:00.000000000Z,5.21073E+11
eth,2025-09-05T00:00:00.000000000Z,5.20091E+11
eth,2025-09-06T00:00:00.000000000Z,5.16275E+11
eth,2025-09-07T00:00:00.000000000Z,5.20976E+11
eth,2025-09-08T00:00:00.000000000Z,5.1965E+11
eth,2025-09-09T00:00:00.000000000Z,5.20207E+11
eth,2025-09-10T00:00:00.000000000Z,5.24898E+11
eth,2025-09-11T00:00:00.000000000Z,5.38582E+11
eth,2025-09-12T00:00:00.000000000Z,5.6766E+11
eth,2025-09-13T00:00:00.000000000Z,5.63251E+11
eth,2025-09-14T00:00:00.000000000Z,5.56436E+11
eth,2025-09-15T00:00:00.000000000Z,5.46083E+11
eth,2025-09-16T00:00:00.000000000Z,5.43995E+11
eth,2025-09-17T00:00:00.000000000Z,5.54642E+11
eth,2025-09-18T00:00:00.000000000Z,5.53591E+11
eth,2025-09-19T00:00:00.000000000Z,5.38775E+11
eth,2025-09-20T00:00:00.000000000Z,5.4123E+11
eth,2025-09-21T00:00:00.000000000Z,5.37438E+11
eth,2025-09-22T00:00:00.000000000Z,5.07511E+11
eth,2025-09-23T00:00:00.000000000Z,5.03389E+11
eth,2025-09-24T00:00:00.000000000Z,5.01298E+11
eth,2025-09-25T00:00:00.000000000Z,4.67773E+11
eth,2025-09-26T00:00:00.000000000Z,4.86642E+11
eth,2025-09-27T00:00:00.000000000Z,4.85242E+11
eth,2025-09-28T00:00:00.000000000Z,4.99286E+11
eth,2025-09-29T00:00:00.000000000Z,5.09419E+11
eth,2025-09-30T00:00:00.000000000Z,4.99837E+11
eth,2025-10-01T00:00:00.000000000Z,5.23643E+11
eth,2025-10-02T00:00:00.000000000Z,5.40581E+11
eth,2025-10-03T00:00:00.000000000Z,5.45554E+11
eth,2025-10-04T00:00:00.000000000Z,5.41803E+11
eth,2025-10-05T00:00:00.000000000Z,5.45345E+11
eth,2025-10-06T00:00:00.000000000Z,5.66792E+11
eth,2025-10-07T00:00:00.000000000Z,5.38817E+11
eth,2025-10-08T00:00:00.000000000Z,5.46684E+11
eth,2025-10-09T00:00:00.000000000Z,5.27336E+11
eth,2025-10-10T00:00:00.000000000Z,4.66764E+11
eth,2025-10-11T00:00:00.000000000Z,4.52619E+11
eth,2025-10-12T00:00:00.000000000Z,5.00611E+11
eth,2025-10-13T00:00:00.000000000Z,5.12916E+11
eth,2025-10-14T00:00:00.000000000Z,4.99112E+11
eth,2025-10-15T00:00:00.000000000Z,4.80897E+11
eth,2025-10-16T00:00:00.000000000Z,4.69531E+11
eth,2025-10-17T00:00:00.000000000Z,4.63309E+11
eth,2025-10-18T00:00:00.000000000Z,4.69357E+11
eth,2025-10-19T00:00:00.000000000Z,4.81374E+11
eth,2025-10-20T00:00:00.000000000Z,4.80639E+11
eth,2025-10-21T00:00:00.000000000Z,4.68479E+11
eth,2025-10-22T00:00:00.000000000Z,4.5854E+11
eth,2025-10-23T00:00:00.000000000Z,4.65424E+11
eth,2025-10-24T00:00:00.000000000Z,4.74698E+11
eth,2025-10-25T00:00:00.000000000Z,4.77364E+11
eth,2025-10-26T00:00:00.000000000Z,5.02861E+11
eth,2025-10-27T00:00:00.000000000Z,4.97146E+11
eth,2025-10-28T00:00:00.000000000Z,4.80906E+11
eth,2025-10-29T00:00:00.000000000Z,4.71066E+11
eth,2025-10-30T00:00:00.000000000Z,4.57576E+11
eth,2025-10-31T00:00:00.000000000Z,4.64826E+11
eth,2025-11-01T00:00:00.000000000Z,4.67306E+11
eth,2025-11-02T00:00:00.000000000Z,4.69873E+11
eth,2025-11-03T00:00:00.000000000Z,4.33992E+11
eth,2025-11-04T00:00:00.000000000Z,3.96217E+11
eth,2025-11-05T00:00:00.000000000Z,4.13754E+11
eth,2025-11-06T00:00:00.000000000Z,3.98744E+11
eth,2025-11-07T00:00:00.000000000Z,4.14965E+11
eth,2025-11-08T00:00:00.000000000Z,4.11009E+11
eth,2025-11-09T00:00:00.000000000Z,4.3166E+11
eth,2025-11-10T00:00:00.000000000Z,4.30958E+11
eth,2025-11-11T00:00:00.000000000Z,4.12749E+11
eth,2025-11-12T00:00:00.000000000Z,4.11639E+11
eth,2025-11-13T00:00:00.000000000Z,3.91985E+11
eth,2025-11-14T00:00:00.000000000Z,3.75647E+11
eth,2025-11-15T00:00:00.000000000Z,3.82598E+11
eth,2025-11-16T00:00:00.000000000Z,3.73013E+11
eth,2025-11-17T00:00:00.000000000Z,3.64276E+11
eth,2025-11-18T00:00:00.000000000Z,3.76263E+11
eth,2025-11-19T00:00:00.000000000Z,3.63951E+11
eth,2025-11-20T00:00:00.000000000Z,3.43353E+11
eth,2025-11-21T00:00:00.000000000Z,3.32763E+11
eth,2025-11-22T00:00:00.000000000Z,3.34584E+11
eth,2025-11-23T00:00:00.000000000Z,3.38221E+11
eth,2025-11-24T00:00:00.000000000Z,3.57097E+11
eth,2025-11-25T00:00:00.000000000Z,3.57565E+11
eth,2025-11-26T00:00:00.000000000Z,3.65027E+11
eth,2025-11-27T00:00:00.000000000Z,3.63902E+11
eth,2025-11-28T00:00:00.000000000Z,3.66363E+11
eth,2025-11-29T00:00:00.000000000Z,3.6104E+11
eth,2025-11-30T00:00:00.000000000Z,3.62402E+11
eth,2025-12-01T00:00:00.000000000Z,3.38526E+11
eth,2025-12-02T00:00:00.000000000Z,3.62494E+11
eth,2025-12-03T00:00:00.000000000Z,3.84989E+11
eth,2025-12-04T00:00:00.000000000Z,3.78559E+11
eth,2025-12-05T00:00:00.000000000Z,3.64675E+11
eth,2025-12-06T00:00:00.000000000Z,3.66457E+11
eth,2025-12-07T00:00:00.000000000Z,3.67891E+11
eth,2025-12-08T00:00:00.000000000Z,3.77191E+11
eth,2025-12-09T00:00:00.000000000Z,4.01425E+11
eth,2025-12-10T00:00:00.000000000Z,4.01892E+11
eth,2025-12-11T00:00:00.000000000Z,3.90748E+11
eth,2025-12-12T00:00:00.000000000Z,3.72682E+11
eth,2025-12-13T00:00:00.000000000Z,3.75949E+11
eth,2025-12-14T00:00:00.000000000Z,3.69411E+11
eth,2025-12-15T00:00:00.000000000Z,3.57525E+11
eth,2025-12-16T00:00:00.000000000Z,3.57049E+11
eth,2025-12-17T00:00:00.000000000Z,3.41167E+11
eth,2025-12-18T00:00:00.000000000Z,3.41154E+11
eth,2025-12-19T00:00:00.000000000Z,3.59728E+11
eth,2025-12-20T00:00:00.000000000Z,3.59123E+11
eth,2025-12-21T00:00:00.000000000Z,3.62198E+11
eth,2025-12-22T00:00:00.000000000Z,3.6266E+11
eth,2025-12-23T00:00:00.000000000Z,3.5765E+11
eth,2025-12-24T00:00:00.000000000Z,3.55656E+11
eth,2025-12-25T00:00:00.000000000Z,3.50645E+11
eth,2025-12-26T00:00:00.000000000Z,3.53164E+11
eth,2025-12-27T00:00:00.000000000Z,3.55121E+11
eth,2025-12-28T00:00:00.000000000Z,3.55578E+11
eth,2025-12-29T00:00:00.000000000Z,3.54108E+11
eth,2025-12-30T00:00:00.000000000Z,3.58367E+11
eth,2025-12-31T00:00:00.000000000Z,3.58238E+11
eth,2026-01-01T00:00:00.000000000Z,3.62192E+11
eth,2026-01-02T00:00:00.000000000Z,3.77082E+11
eth,2026-01-03T00:00:00.000000000Z,3.77201E+11
eth,2026-01-04T00:00:00.000000000Z,3.78996E+11
eth,2026-01-05T00:00:00.000000000Z,3.89803E+11
eth,2026-01-06T00:00:00.000000000Z,3.97211E+11
eth,2026-01-07T00:00:00.000000000Z,3.81809E+11
eth,2026-01-08T00:00:00.000000000Z,3.75253E+11
eth,2026-01-09T00:00:00.000000000Z,3.72344E+11
eth,2026-01-10T00:00:00.000000000Z,3.71988E+11
eth,2026-01-11T00:00:00.000000000Z,3.75668E+11
eth,2026-01-12T00:00:00.000000000Z,3.73076E+11
eth,2026-01-13T00:00:00.000000000Z,4.00984E+11
eth,2026-01-14T00:00:00.000000000Z,4.05112E+11
eth,2026-01-15T00:00:00.000000000Z,4.00047E+11
eth,2026-01-16T00:00:00.000000000Z,3.97739E+11
eth,2026-01-17T00:00:00.000000000Z,3.99128E+11
eth,2026-01-18T00:00:00.000000000Z,3.98525E+11
eth,2026-01-19T00:00:00.000000000Z,3.84425E+11
eth,2026-01-20T00:00:00.000000000Z,3.54579E+11
eth,2026-01-21T00:00:00.000000000Z,3.61115E+11
eth,2026-01-22T00:00:00.000000000Z,3.55795E+11
eth,2026-01-23T00:00:00.000000000Z,3.56241E+11
eth,2026-01-24T00:00:00.000000000Z,3.56129E+11
eth,2026-01-25T00:00:00.000000000Z,3.38768E+11
eth,2026-01-26T00:00:00.000000000Z,3.53656E+11
eth,2026-01-27T00:00:00.000000000Z,3.64838E+11
eth,2026-01-28T00:00:00.000000000Z,3.63102E+11
eth,2026-01-29T00:00:00.000000000Z,3.40181E+11
eth,2026-01-30T00:00:00.000000000Z,3.25831E+11
eth,2026-01-31T00:00:00.000000000Z,2.95006E+11
eth,2026-02-01T00:00:00.000000000Z,2.74003E+11
eth,2026-02-02T00:00:00.000000000Z,2.83101E+11
eth,2026-02-03T00:00:00.000000000Z,2.6932E+11
eth,2026-02-04T00:00:00.000000000Z,2.59177E+11
eth,2026-02-05T00:00:00.000000000Z,2.23288E+11
eth,2026-02-06T00:00:00.000000000Z,2.49121E+11
eth,2026-02-07T00:00:00.000000000Z,2.51803E+11
eth,2026-02-08T00:00:00.000000000Z,2.52708E+11
eth,2026-02-09T00:00:00.000000000Z,2.54303E+11
eth,2026-02-10T00:00:00.000000000Z,2.43468E+11
eth,2026-02-11T00:00:00.000000000Z,2.34151E+11
eth,2026-02-12T00:00:00.000000000Z,2.3473E+11
eth,2026-02-13T00:00:00.000000000Z,2.4724E+11
eth,2026-02-14T00:00:00.000000000Z,2.51842E+11
eth,2026-02-15T00:00:00.000000000Z,2.36591E+11
eth,2026-02-16T00:00:00.000000000Z,2.40949E+11
eth,2026-02-17T00:00:00.000000000Z,2.40471E+11
eth,2026-02-18T00:00:00.000000000Z,2.35576E+11
eth,2026-02-19T00:00:00.000000000Z,2.35092E+11
eth,2026-02-20T00:00:00.000000000Z,2.37415E+11
eth,2026-02-21T00:00:00.000000000Z,2.38312E+11
eth,2026-02-22T00:00:00.000000000Z,2.35687E+11
eth,2026-02-23T00:00:00.000000000Z,2.24103E+11
eth,2026-02-24T00:00:00.000000000Z,2.23935E+11
eth,2026-02-25T00:00:00.000000000Z,2.48299E+11
eth,2026-02-26T00:00:00.000000000Z,2.4482E+11
eth,2026-02-27T00:00:00.000000000Z,2.32901E+11
eth,2026-02-28T00:00:00.000000000Z,2.36978E+11
eth,2026-03-01T00:00:00.000000000Z,2.33958E+11
eth,2026-03-02T00:00:00.000000000Z,2.4539E+11
eth,2026-03-03T00:00:00.000000000Z,2.3984E+11
eth,2026-03-04T00:00:00.000000000Z,2.56781E+11
eth,2026-03-05T00:00:00.000000000Z,2.50633E+11
eth,2026-03-06T00:00:00.000000000Z,2.3928E+11
eth,2026-03-07T00:00:00.000000000Z,2.3781E+11
eth,2026-03-08T00:00:00.000000000Z,2.34494E+11
eth,2026-03-09T00:00:00.000000000Z,2.41023E+11
eth,2026-03-10T00:00:00.000000000Z,2.45603E+11
eth,2026-03-11T00:00:00.000000000Z,2.48115E+11
eth,2026-03-12T00:00:00.000000000Z,2.50911E+11
eth,2026-03-13T00:00:00.000000000Z,2.52499E+11
eth,2026-03-14T00:00:00.000000000Z,2.5301E+11
eth,2026-03-15T00:00:00.000000000Z,2.62844E+11
eth,2026-03-16T00:00:00.000000000Z,2.8379E+11
eth,2026-03-17T00:00:00.000000000Z,2.80405E+11
eth,2026-03-18T00:00:00.000000000Z,2.6558E+11
eth,2026-03-19T00:00:00.000000000Z,2.58042E+11
eth,2026-03-20T00:00:00.000000000Z,2.59075E+11
eth,2026-03-21T00:00:00.000000000Z,2.56421E+11
eth,2026-03-22T00:00:00.000000000Z,2.48402E+11
eth,2026-03-23T00:00:00.000000000Z,2.59261E+11
eth,2026-03-24T00:00:00.000000000Z,2.60339E+11
eth,2026-03-25T00:00:00.000000000Z,2.61723E+11
eth,2026-03-26T00:00:00.000000000Z,2.48508E+11
eth,2026-03-27T00:00:00.000000000Z,2.40043E+11
eth,2026-03-28T00:00:00.000000000Z,2.40707E+11
eth,2026-03-29T00:00:00.000000000Z,2.39316E+11
eth,2026-03-30T00:00:00.000000000Z,2.44132E+11
eth,2026-03-31T00:00:00.000000000Z,2.53625E+11
eth,2026-04-01T00:00:00.000000000Z,2.58386E+11
eth,2026-04-02T00:00:00.000000000Z,2.48192E+11
eth,2026-04-03T00:00:00.000000000Z,2.47613E+11
eth,2026-04-04T00:00:00.000000000Z,2.49136E+11
eth,2026-04-05T00:00:00.000000000Z,2.54765E+11
eth,2026-04-06T00:00:00.000000000Z,2.53676E+11
eth,2026-04-07T00:00:00.000000000Z,2.71302E+11
eth,2026-04-08T00:00:00.000000000Z,2.64148E+11
eth,2026-04-09T00:00:00.000000000Z,2.64344E+11
eth,2026-04-10T00:00:00.000000000Z,2.70895E+11
eth,2026-04-11T00:00:00.000000000Z,2.76002E+11
eth,2026-04-12T00:00:00.000000000Z,2.6433E+11
eth,2026-04-13T00:00:00.000000000Z,2.86422E+11
eth,2026-04-14T00:00:00.000000000Z,2.80391E+11
eth,2026-04-15T00:00:00.000000000Z,2.84442E+11
eth,2026-04-16T00:00:00.000000000Z,2.83579E+11
eth,2026-04-17T00:00:00.000000000Z,2.92346E+11
eth,2026-04-18T00:00:00.000000000Z,2.84097E+11
eth,2026-04-19T00:00:00.000000000Z,2.73468E+11
eth,2026-04-20T00:00:00.000000000Z,2.7925E+11
eth,2026-04-21T00:00:00.000000000Z,2.80449E+11
eth,2026-04-22T00:00:00.000000000Z,2.87454E+11
eth,2026-04-23T00:00:00.000000000Z,2.81268E+11
eth,2026-04-24T00:00:00.000000000Z,2.7947E+11
eth,2026-04-25T00:00:00.000000000Z,2.79911E+11
eth,2026-04-26T00:00:00.000000000Z,2.85891E+11
eth,2026-04-27T00:00:00.000000000Z,2.77335E+11
eth,2026-04-28T00:00:00.000000000Z,2.76074E+11
eth,2026-04-29T00:00:00.000000000Z,2.72044E+11
eth,2026-04-30T00:00:00.000000000Z,2.72346E+11
eth,2026-05-01T00:00:00.000000000Z,2.76714E+11
eth,2026-05-02T00:00:00.000000000Z,2.79864E+11
eth,2026-05-03T00:00:00.000000000Z,2.80724E+11
eth,2026-05-04T00:00:00.000000000Z,2.83302E+11
eth,2026-05-05T00:00:00.000000000Z,2.849E+11
eth,2026-05-06T00:00:00.000000000Z,2.83443E+11
eth,2026-05-07T00:00:00.000000000Z,2.76407E+11
eth,2026-05-08T00:00:00.000000000Z,2.78348E+11
eth,2026-05-09T00:00:00.000000000Z,2.80765E+11
eth,2026-05-10T00:00:00.000000000Z,2.86605E+11
eth,2026-05-11T00:00:00.000000000Z,2.82296E+11
eth,2026-05-12T00:00:00.000000000Z,2.74866E+11
eth,2026-05-13T00:00:00.000000000Z,2.72414E+11
eth,2026-05-14T00:00:00.000000000Z,2.7623E+11
eth,2026-05-15T00:00:00.000000000Z,2.68292E+11
eth,2026-05-16T00:00:00.000000000Z,2.63156E+11
eth,2026-05-17T00:00:00.000000000Z,2.58647E+11
eth,2026-05-18T00:00:00.000000000Z,2.57085E+11
eth,2026-05-19T00:00:00.000000000Z,2.54889E+11
eth,2026-05-20T00:00:00.000000000Z,2.56477E+11
eth,2026-05-21T00:00:00.000000000Z,2.57318E+11
eth,2026-05-22T00:00:00.000000000Z,2.49429E+11
eth,2026-05-23T00:00:00.000000000Z,2.55391E+11
eth,2026-05-24T00:00:00.000000000Z,2.53081E+11
eth,2026-05-25T00:00:00.000000000Z,2.54552E+11
eth,2026-05-26T00:00:00.000000000Z,2.50016E+11
eth,2026-05-27T00:00:00.000000000Z,2.43799E+11
eth,2026-05-28T00:00:00.000000000Z,2.42076E+11
eth,2026-05-29T00:00:00.000000000Z,2.42427E+11
eth,2026-05-30T00:00:00.000000000Z,2.43648E+11
eth,2026-05-31T00:00:00.000000000Z,2.41821E+11
eth,2026-06-01T00:00:00.000000000Z,2.41586E+11
eth,2026-06-02T00:00:00.000000000Z,2.23744E+11
eth,2026-06-03T00:00:00.000000000Z,2.19137E+11
eth,2026-06-04T00:00:00.000000000Z,2.13076E+11
eth,2026-06-05T00:00:00.000000000Z,1.90283E+11
eth,2026-06-06T00:00:00.000000000Z,1.88814E+11
eth,2026-06-07T00:00:00.000000000Z,2.02997E+11
eth,2026-06-08T00:00:00.000000000Z,2.04496E+11
eth,2026-06-09T00:00:00.000000000Z,1.97522E+11
eth,2026-06-10T00:00:00.000000000Z,1.95422E+11
eth,2026-06-11T00:00:00.000000000Z,2.01811E+11
eth,2026-06-12T00:00:00.000000000Z,2.00674E+11
eth,2026-06-13T00:00:00.000000000Z,2.02731E+11
eth,2026-06-14T00:00:00.000000000Z,2.07855E+11
eth,2026-06-15T00:00:00.000000000Z,2.16051E+11
eth,2026-06-16T00:00:00.000000000Z,2.16273E+11
eth,2026-06-17T00:00:00.000000000Z,2.10863E+11
eth,2026-06-18T00:00:00.000000000Z,2.06093E+11
eth,2026-06-19T00:00:00.000000000Z,2.05947E+11
eth,2026-06-20T00:00:00.000000000Z,2.09904E+11
eth,2026-06-21T00:00:00.000000000Z,2.05997E+11
sol,2020-04-11T00:00:00.000000000Z,6244287.604
sol,2020-04-12T00:00:00.000000000Z,7247081.666
sol,2020-04-13T00:00:00.000000000Z,6272480.381
sol,2020-04-14T00:00:00.000000000Z,5365156.692
sol,2020-04-15T00:00:00.000000000Z,5126711.217
sol,2020-04-16T00:00:00.000000000Z,5527442.696
sol,2020-04-17T00:00:00.000000000Z,5305312.182
sol,2020-04-18T00:00:00.000000000Z,5434540.876
sol,2020-04-19T00:00:00.000000000Z,4849761.634
sol,2020-04-20T00:00:00.000000000Z,4280073.572
sol,2020-04-21T00:00:00.000000000Z,4658443.318
sol,2020-04-22T00:00:00.000000000Z,5499779.398
sol,2020-04-23T00:00:00.000000000Z,4978498.558
sol,2020-04-24T00:00:00.000000000Z,5004329.823
sol,2020-04-25T00:00:00.000000000Z,5193335.981
sol,2020-04-26T00:00:00.000000000Z,5098060.874
sol,2020-04-27T00:00:00.000000000Z,4580825.119
sol,2020-04-28T00:00:00.000000000Z,5276816.277
sol,2020-04-29T00:00:00.000000000Z,5925553.234
sol,2020-04-30T00:00:00.000000000Z,5609154.413
sol,2020-05-01T00:00:00.000000000Z,5765264.158
sol,2020-05-02T00:00:00.000000000Z,5693429.793
sol,2020-05-03T00:00:00.000000000Z,5471060.257
sol,2020-05-04T00:00:00.000000000Z,5344670.477
sol,2020-05-05T00:00:00.000000000Z,5179119.716
sol,2020-05-06T00:00:00.000000000Z,4999265.386
sol,2020-05-07T00:00:00.000000000Z,4848004.408
sol,2020-05-08T00:00:00.000000000Z,4873502.726
sol,2020-05-09T00:00:00.000000000Z,4862699.033
sol,2020-05-10T00:00:00.000000000Z,4300365.017
sol,2020-05-11T00:00:00.000000000Z,4131295.797
sol,2020-05-12T00:00:00.000000000Z,4291770.292
sol,2020-05-13T00:00:00.000000000Z,4423010.818
sol,2020-05-14T00:00:00.000000000Z,4583389.819
sol,2020-05-15T00:00:00.000000000Z,4459485.723
sol,2020-05-16T00:00:00.000000000Z,4778039.082
sol,2020-05-17T00:00:00.000000000Z,4926470.851
sol,2020-05-18T00:00:00.000000000Z,5214709.807
sol,2020-05-19T00:00:00.000000000Z,5018408.063
sol,2020-05-20T00:00:00.000000000Z,4655488.143
sol,2020-05-21T00:00:00.000000000Z,4845477.797
sol,2020-05-22T00:00:00.000000000Z,5086561.529
sol,2020-05-23T00:00:00.000000000Z,4859556.144
sol,2020-05-24T00:00:00.000000000Z,4418578.905
sol,2020-05-25T00:00:00.000000000Z,4817501.436
sol,2020-05-26T00:00:00.000000000Z,4597116.999
sol,2020-05-27T00:00:00.000000000Z,4720446.969
sol,2020-05-28T00:00:00.000000000Z,4605162.444
sol,2020-05-29T00:00:00.000000000Z,9469174.197
sol,2020-05-30T00:00:00.000000000Z,9579245.702
sol,2020-05-31T00:00:00.000000000Z,9361901.182
sol,2020-06-01T00:00:00.000000000Z,9445248.938
sol,2020-06-02T00:00:00.000000000Z,9276198.283
sol,2020-06-03T00:00:00.000000000Z,9596191.181
sol,2020-06-04T00:00:00.000000000Z,9587138.56
sol,2020-06-05T00:00:00.000000000Z,10786320.67
sol,2020-06-06T00:00:00.000000000Z,10159990.15
sol,2020-06-07T00:00:00.000000000Z,10026851.02
sol,2020-06-08T00:00:00.000000000Z,10915650.74
sol,2020-06-09T00:00:00.000000000Z,10746216.48
sol,2020-06-10T00:00:00.000000000Z,10584732.57
sol,2020-06-11T00:00:00.000000000Z,9340599.142
sol,2020-06-12T00:00:00.000000000Z,9709771.61
sol,2020-06-13T00:00:00.000000000Z,9970712.192
sol,2020-06-14T00:00:00.000000000Z,9561232.524
sol,2020-06-15T00:00:00.000000000Z,9343617.521
sol,2020-06-16T00:00:00.000000000Z,9536020.4
sol,2020-06-17T00:00:00.000000000Z,9535924.771
sol,2020-06-18T00:00:00.000000000Z,10140154.38
sol,2020-06-19T00:00:00.000000000Z,11228499.29
sol,2020-06-20T00:00:00.000000000Z,10659173.69
sol,2020-06-21T00:00:00.000000000Z,11084643.66
sol,2020-06-22T00:00:00.000000000Z,12025128.71
sol,2020-06-23T00:00:00.000000000Z,11658191.25
sol,2020-06-24T00:00:00.000000000Z,12162188.23
sol,2020-06-25T00:00:00.000000000Z,11759432.71
sol,2020-06-26T00:00:00.000000000Z,12175054.39
sol,2020-06-27T00:00:00.000000000Z,11753746.17
sol,2020-06-28T00:00:00.000000000Z,13124521.19
sol,2020-06-29T00:00:00.000000000Z,14088286.93
sol,2020-06-30T00:00:00.000000000Z,14331239.4
sol,2020-07-01T00:00:00.000000000Z,13744493.68
sol,2020-07-02T00:00:00.000000000Z,12807616.68
sol,2020-07-03T00:00:00.000000000Z,12698039.84
sol,2020-07-04T00:00:00.000000000Z,12889381.61
sol,2020-07-05T00:00:00.000000000Z,11428736.96
sol,2020-07-06T00:00:00.000000000Z,11720896.48
sol,2020-07-07T00:00:00.000000000Z,12414255.97
sol,2020-07-08T00:00:00.000000000Z,13123471.71
sol,2020-07-09T00:00:00.000000000Z,14021382.81
sol,2020-07-10T00:00:00.000000000Z,15095653.71
sol,2020-07-11T00:00:00.000000000Z,15263671.93
sol,2020-07-12T00:00:00.000000000Z,16786258.33
sol,2020-07-13T00:00:00.000000000Z,19472719.55
sol,2020-07-14T00:00:00.000000000Z,19836048.17
sol,2020-07-15T00:00:00.000000000Z,22487276.39
sol,2020-07-16T00:00:00.000000000Z,17607691.7
sol,2020-07-17T00:00:00.000000000Z,19721741.2
sol,2020-07-18T00:00:00.000000000Z,20625526.36
sol,2020-07-19T00:00:00.000000000Z,19673138.06
sol,2020-07-20T00:00:00.000000000Z,18602726.19
sol,2020-07-21T00:00:00.000000000Z,21060974.17
sol,2020-07-22T00:00:00.000000000Z,22212715.77
sol,2020-07-23T00:00:00.000000000Z,23622978.78
sol,2020-07-24T00:00:00.000000000Z,22252993.87
sol,2020-07-25T00:00:00.000000000Z,28581445.27
sol,2020-07-26T00:00:00.000000000Z,35764510.87
sol,2020-07-27T00:00:00.000000000Z,39490788.04
sol,2020-07-28T00:00:00.000000000Z,41684128.56
sol,2020-07-29T00:00:00.000000000Z,38376669.24
sol,2020-07-30T00:00:00.000000000Z,41086010.65
sol,2020-07-31T00:00:00.000000000Z,37541047.13
sol,2020-08-01T00:00:00.000000000Z,37552023.62
sol,2020-08-02T00:00:00.000000000Z,42258703.16
sol,2020-08-03T00:00:00.000000000Z,43976285.47
sol,2020-08-04T00:00:00.000000000Z,46569310.3
sol,2020-08-05T00:00:00.000000000Z,43259863.96
sol,2020-08-06T00:00:00.000000000Z,53978768.86
sol,2020-08-07T00:00:00.000000000Z,53510990.33
sol,2020-08-08T00:00:00.000000000Z,65447429.75
sol,2020-08-09T00:00:00.000000000Z,70853044.9
sol,2020-08-10T00:00:00.000000000Z,83048729.67
sol,2020-08-11T00:00:00.000000000Z,90715773.73
sol,2020-08-12T00:00:00.000000000Z,105560074.3
sol,2020-08-13T00:00:00.000000000Z,105960201.2
sol,2020-08-14T00:00:00.000000000Z,99445983.62
sol,2020-08-15T00:00:00.000000000Z,95481724.97
sol,2020-08-16T00:00:00.000000000Z,100748668.4
sol,2020-08-17T00:00:00.000000000Z,93266048.06
sol,2020-08-18T00:00:00.000000000Z,102199602.3
sol,2020-08-19T00:00:00.000000000Z,90066072.78
sol,2020-08-20T00:00:00.000000000Z,101014231
sol,2020-08-21T00:00:00.000000000Z,92852936.88
sol,2020-08-22T00:00:00.000000000Z,95295269.69
sol,2020-08-23T00:00:00.000000000Z,103983281.8
sol,2020-08-24T00:00:00.000000000Z,104260813
sol,2020-08-25T00:00:00.000000000Z,102707625.2
sol,2020-08-26T00:00:00.000000000Z,112646120.1
sol,2020-08-27T00:00:00.000000000Z,109318046.6
sol,2020-08-28T00:00:00.000000000Z,128951872.2
sol,2020-08-29T00:00:00.000000000Z,129713757.8
sol,2020-08-30T00:00:00.000000000Z,143972134
sol,2020-08-31T00:00:00.000000000Z,155636948.4
sol,2020-09-01T00:00:00.000000000Z,142640639.6
sol,2020-09-02T00:00:00.000000000Z,135153105.6
sol,2020-09-03T00:00:00.000000000Z,117258130.8
sol,2020-09-04T00:00:00.000000000Z,118139183.9
sol,2020-09-05T00:00:00.000000000Z,86735270.57
sol,2020-09-06T00:00:00.000000000Z,103555762.9
sol,2020-09-07T00:00:00.000000000Z,97685400.74
sol,2020-09-08T00:00:00.000000000Z,84542482.33
sol,2020-09-09T00:00:00.000000000Z,120203538.9
sol,2020-09-10T00:00:00.000000000Z,118237811.9
sol,2020-09-11T00:00:00.000000000Z,119911240.1
sol,2020-09-12T00:00:00.000000000Z,117125372.8
sol,2020-09-13T00:00:00.000000000Z,112971783.1
sol,2020-09-14T00:00:00.000000000Z,115051966
sol,2020-09-15T00:00:00.000000000Z,106770575.9
sol,2020-09-16T00:00:00.000000000Z,93079396.59
sol,2020-09-17T00:00:00.000000000Z,106826909.1
sol,2020-09-18T00:00:00.000000000Z,114702550.4
sol,2020-09-19T00:00:00.000000000Z,112846734.8
sol,2020-09-20T00:00:00.000000000Z,106912428
sol,2020-09-21T00:00:00.000000000Z,104281863.2
sol,2020-09-22T00:00:00.000000000Z,110131001.5
sol,2020-09-23T00:00:00.000000000Z,107503326.6
sol,2020-09-24T00:00:00.000000000Z,119016591.7
sol,2020-09-25T00:00:00.000000000Z,121215629.6
sol,2020-09-26T00:00:00.000000000Z,120196233.2
sol,2020-09-27T00:00:00.000000000Z,122360444.4
sol,2020-09-28T00:00:00.000000000Z,115223612
sol,2020-09-29T00:00:00.000000000Z,116636091.2
sol,2020-09-30T00:00:00.000000000Z,115928307.6
sol,2020-10-01T00:00:00.000000000Z,115570032.5
sol,2020-10-02T00:00:00.000000000Z,106597777
sol,2020-10-03T00:00:00.000000000Z,104840718.5
sol,2020-10-04T00:00:00.000000000Z,103070250.6
sol,2020-10-05T00:00:00.000000000Z,109921542
sol,2020-10-06T00:00:00.000000000Z,89865250.8
sol,2020-10-07T00:00:00.000000000Z,95522903.4
sol,2020-10-08T00:00:00.000000000Z,99696691.39
sol,2020-10-09T00:00:00.000000000Z,107942249.1
sol,2020-10-10T00:00:00.000000000Z,102359265.4
sol,2020-10-11T00:00:00.000000000Z,102638376.1
sol,2020-10-12T00:00:00.000000000Z,109519245.9
sol,2020-10-13T00:00:00.000000000Z,102142198.5
sol,2020-10-14T00:00:00.000000000Z,100373206
sol,2020-10-15T00:00:00.000000000Z,98677228.39
sol,2020-10-16T00:00:00.000000000Z,93655058.76
sol,2020-10-17T00:00:00.000000000Z,95623625.59
sol,2020-10-18T00:00:00.000000000Z,96222988.17
sol,2020-10-19T00:00:00.000000000Z,89522183.22
sol,2020-10-20T00:00:00.000000000Z,82272912.35
sol,2020-10-21T00:00:00.000000000Z,82608280.44
sol,2020-10-22T00:00:00.000000000Z,85760909.67
sol,2020-10-23T00:00:00.000000000Z,86775702.24
sol,2020-10-24T00:00:00.000000000Z,85285940.07
sol,2020-10-25T00:00:00.000000000Z,79837987.49
sol,2020-10-26T00:00:00.000000000Z,75546956.9
sol,2020-10-27T00:00:00.000000000Z,77431454.65
sol,2020-10-28T00:00:00.000000000Z,69617573.03
sol,2020-10-29T00:00:00.000000000Z,65615233.27
sol,2020-10-30T00:00:00.000000000Z,66137031.98
sol,2020-10-31T00:00:00.000000000Z,70667540.02
sol,2020-11-01T00:00:00.000000000Z,73496120.31
sol,2020-11-02T00:00:00.000000000Z,67684222.49
sol,2020-11-03T00:00:00.000000000Z,65030781.42
sol,2020-11-04T00:00:00.000000000Z,63998216.43
sol,2020-11-05T00:00:00.000000000Z,64342094.78
sol,2020-11-06T00:00:00.000000000Z,88232646.83
sol,2020-11-07T00:00:00.000000000Z,94241052.69
sol,2020-11-08T00:00:00.000000000Z,99048274.12
sol,2020-11-09T00:00:00.000000000Z,93107940.27
sol,2020-11-10T00:00:00.000000000Z,104682919.4
sol,2020-11-11T00:00:00.000000000Z,92145479.82
sol,2020-11-12T00:00:00.000000000Z,86803215.31
sol,2020-11-13T00:00:00.000000000Z,92602316.12
sol,2020-11-14T00:00:00.000000000Z,88389832.32
sol,2020-11-15T00:00:00.000000000Z,93735612.67
sol,2020-11-16T00:00:00.000000000Z,104266741.7
sol,2020-11-17T00:00:00.000000000Z,101148306.9
sol,2020-11-18T00:00:00.000000000Z,97435312.55
sol,2020-11-19T00:00:00.000000000Z,95106252.74
sol,2020-11-20T00:00:00.000000000Z,97045955.35
sol,2020-11-21T00:00:00.000000000Z,109058132
sol,2020-11-22T00:00:00.000000000Z,99412103.79
sol,2020-11-23T00:00:00.000000000Z,104915226.7
sol,2020-11-24T00:00:00.000000000Z,104090611.5
sol,2020-11-25T00:00:00.000000000Z,104012038.2
sol,2020-11-26T00:00:00.000000000Z,87397516.34
sol,2020-11-27T00:00:00.000000000Z,85306961.88
sol,2020-11-28T00:00:00.000000000Z,87021002.67
sol,2020-11-29T00:00:00.000000000Z,88081285.82
sol,2020-11-30T00:00:00.000000000Z,90640464.89
sol,2020-12-01T00:00:00.000000000Z,91723438.29
sol,2020-12-02T00:00:00.000000000Z,97979314.44
sol,2020-12-03T00:00:00.000000000Z,97106649.89
sol,2020-12-04T00:00:00.000000000Z,86236547.51
sol,2020-12-05T00:00:00.000000000Z,91336936.36
sol,2020-12-06T00:00:00.000000000Z,85620207.71
sol,2020-12-07T00:00:00.000000000Z,84654738.76
sol,2020-12-08T00:00:00.000000000Z,77221232.81
sol,2020-12-09T00:00:00.000000000Z,77126901.69
sol,2020-12-10T00:00:00.000000000Z,73043422.53
sol,2020-12-11T00:00:00.000000000Z,67098476.54
sol,2020-12-12T00:00:00.000000000Z,69170381.08
sol,2020-12-13T00:00:00.000000000Z,72341882.94
sol,2020-12-14T00:00:00.000000000Z,73634573.59
sol,2020-12-15T00:00:00.000000000Z,80964406.33
sol,2020-12-16T00:00:00.000000000Z,82545870.44
sol,2020-12-17T00:00:00.000000000Z,78020180.31
sol,2020-12-18T00:00:00.000000000Z,79059828.71
sol,2020-12-19T00:00:00.000000000Z,77849610.92
sol,2020-12-20T00:00:00.000000000Z,72801693.9
sol,2020-12-21T00:00:00.000000000Z,72025440.64
sol,2020-12-22T00:00:00.000000000Z,69516213.09
sol,2020-12-23T00:00:00.000000000Z,56299211.9
sol,2020-12-24T00:00:00.000000000Z,63326278.16
sol,2020-12-25T00:00:00.000000000Z,67275815.25
sol,2020-12-26T00:00:00.000000000Z,61736626.83
sol,2020-12-27T00:00:00.000000000Z,61365034.22
sol,2020-12-28T00:00:00.000000000Z,70344725.32
sol,2020-12-29T00:00:00.000000000Z,77415209.71
sol,2020-12-30T00:00:00.000000000Z,71492892.38
sol,2020-12-31T00:00:00.000000000Z,70328922.85
sol,2021-01-01T00:00:00.000000000Z,85827028.6
sol,2021-01-02T00:00:00.000000000Z,84096226.02
sol,2021-01-03T00:00:00.000000000Z,100016233.9
sol,2021-01-04T00:00:00.000000000Z,114388479.6
sol,2021-01-05T00:00:00.000000000Z,100504159.9
sol,2021-01-06T00:00:00.000000000Z,90642185.66
sol,2021-01-07T00:00:00.000000000Z,110198133.5
sol,2021-01-08T00:00:00.000000000Z,837941851.5
sol,2021-01-09T00:00:00.000000000Z,891921191.8
sol,2021-01-10T00:00:00.000000000Z,906496755.2
sol,2021-01-11T00:00:00.000000000Z,811539677.7
sol,2021-01-12T00:00:00.000000000Z,931796509
sol,2021-01-13T00:00:00.000000000Z,921541820.7
sol,2021-01-14T00:00:00.000000000Z,855896326.7
sol,2021-01-15T00:00:00.000000000Z,852691433.4
sol,2021-01-16T00:00:00.000000000Z,900992193.8
sol,2021-01-17T00:00:00.000000000Z,1016634432
sol,2021-01-18T00:00:00.000000000Z,993286574.5
sol,2021-01-19T00:00:00.000000000Z,954651455.7
sol,2021-01-20T00:00:00.000000000Z,975385115.5
sol,2021-01-21T00:00:00.000000000Z,786469643.1
sol,2021-01-22T00:00:00.000000000Z,872783366.7
sol,2021-01-23T00:00:00.000000000Z,913068465.5
sol,2021-01-24T00:00:00.000000000Z,946832713.8
sol,2021-01-25T00:00:00.000000000Z,968637485.3
sol,2021-01-26T00:00:00.000000000Z,1054021170
sol,2021-01-27T00:00:00.000000000Z,964278837.1
sol,2021-01-28T00:00:00.000000000Z,999839101.7
sol,2021-01-29T00:00:00.000000000Z,1004246201
sol,2021-01-30T00:00:00.000000000Z,1102432492
sol,2021-01-31T00:00:00.000000000Z,1113141762
sol,2021-02-01T00:00:00.000000000Z,1187632305
sol,2021-02-02T00:00:00.000000000Z,1377306509
sol,2021-02-03T00:00:00.000000000Z,1491340069
sol,2021-02-04T00:00:00.000000000Z,1683436244
sol,2021-02-05T00:00:00.000000000Z,1740075973
sol,2021-02-06T00:00:00.000000000Z,1598294182
sol,2021-02-07T00:00:00.000000000Z,1747099686
sol,2021-02-08T00:00:00.000000000Z,2075222825
sol,2021-02-09T00:00:00.000000000Z,2062242387
sol,2021-02-10T00:00:00.000000000Z,2361858483
sol,2021-02-11T00:00:00.000000000Z,2402846352
sol,2021-02-12T00:00:00.000000000Z,2438555270
sol,2021-02-13T00:00:00.000000000Z,2302393830
sol,2021-02-14T00:00:00.000000000Z,2309317882
sol,2021-02-15T00:00:00.000000000Z,2332143710
sol,2021-02-16T00:00:00.000000000Z,2183500971
sol,2021-02-17T00:00:00.000000000Z,2169693761
sol,2021-02-18T00:00:00.000000000Z,2370920202
sol,2021-02-19T00:00:00.000000000Z,2982442770
sol,2021-02-20T00:00:00.000000000Z,2632318065
sol,2021-02-21T00:00:00.000000000Z,2926197619
sol,2021-02-22T00:00:00.000000000Z,3679906252
sol,2021-02-23T00:00:00.000000000Z,3984212423
sol,2021-02-24T00:00:00.000000000Z,4601753975
sol,2021-02-25T00:00:00.000000000Z,3691903486
sol,2021-02-26T00:00:00.000000000Z,3605379712
sol,2021-02-27T00:00:00.000000000Z,3498659188
sol,2021-02-28T00:00:00.000000000Z,3515396859
sol,2021-03-01T00:00:00.000000000Z,3959146205
sol,2021-03-02T00:00:00.000000000Z,3679245433
sol,2021-03-03T00:00:00.000000000Z,3739392443
sol,2021-03-04T00:00:00.000000000Z,3456552110
sol,2021-03-05T00:00:00.000000000Z,3322604547
sol,2021-03-06T00:00:00.000000000Z,3441737621
sol,2021-03-07T00:00:00.000000000Z,3662991327
sol,2021-03-08T00:00:00.000000000Z,3598675975
sol,2021-03-09T00:00:00.000000000Z,3942704593
sol,2021-03-10T00:00:00.000000000Z,3789468107
sol,2021-03-11T00:00:00.000000000Z,4250307600
sol,2021-03-12T00:00:00.000000000Z,3892430026
sol,2021-03-13T00:00:00.000000000Z,4095967444
sol,2021-03-14T00:00:00.000000000Z,3934663313
sol,2021-03-15T00:00:00.000000000Z,3803310788
sol,2021-03-16T00:00:00.000000000Z,3645129569
sol,2021-03-17T00:00:00.000000000Z,3797786647
sol,2021-03-18T00:00:00.000000000Z,3808061788
sol,2021-03-19T00:00:00.000000000Z,3782492546
sol,2021-03-20T00:00:00.000000000Z,3813503846
sol,2021-03-21T00:00:00.000000000Z,3811604459
sol,2021-03-22T00:00:00.000000000Z,3982678040
sol,2021-03-23T00:00:00.000000000Z,3800307552
sol,2021-03-24T00:00:00.000000000Z,3663455674
sol,2021-03-25T00:00:00.000000000Z,3469628795
sol,2021-03-26T00:00:00.000000000Z,3936247036
sol,2021-03-27T00:00:00.000000000Z,4444961819
sol,2021-03-28T00:00:00.000000000Z,4851059565
sol,2021-03-29T00:00:00.000000000Z,5057523004
sol,2021-03-30T00:00:00.000000000Z,5150871239
sol,2021-03-31T00:00:00.000000000Z,5215549536
sol,2021-04-01T00:00:00.000000000Z,5122828962
sol,2021-04-02T00:00:00.000000000Z,5280584232
sol,2021-04-03T00:00:00.000000000Z,6112036883
sol,2021-04-04T00:00:00.000000000Z,6443774855
sol,2021-04-05T00:00:00.000000000Z,6149747906
sol,2021-04-06T00:00:00.000000000Z,6696184013
sol,2021-04-07T00:00:00.000000000Z,7224169088
sol,2021-04-08T00:00:00.000000000Z,7239337927
sol,2021-04-09T00:00:00.000000000Z,7451027759
sol,2021-04-10T00:00:00.000000000Z,7224482516
sol,2021-04-11T00:00:00.000000000Z,7508360479
sol,2021-04-12T00:00:00.000000000Z,7685177459
sol,2021-04-13T00:00:00.000000000Z,7455144039
sol,2021-04-14T00:00:00.000000000Z,7116357250
sol,2021-04-15T00:00:00.000000000Z,7516378935
sol,2021-04-16T00:00:00.000000000Z,6853982062
sol,2021-04-17T00:00:00.000000000Z,6752952165
sol,2021-04-18T00:00:00.000000000Z,8787624843
sol,2021-04-19T00:00:00.000000000Z,8596751966
sol,2021-04-20T00:00:00.000000000Z,8642297711
sol,2021-04-21T00:00:00.000000000Z,8782419477
sol,2021-04-22T00:00:00.000000000Z,10612541351
sol,2021-04-23T00:00:00.000000000Z,9948975122
sol,2021-04-24T00:00:00.000000000Z,11128773185
sol,2021-04-25T00:00:00.000000000Z,12911211368
sol,2021-04-26T00:00:00.000000000Z,11972386912
sol,2021-04-27T00:00:00.000000000Z,11730511223
sol,2021-04-28T00:00:00.000000000Z,12158556423
sol,2021-04-29T00:00:00.000000000Z,11490075123
sol,2021-04-30T00:00:00.000000000Z,11611800812
sol,2021-05-01T00:00:00.000000000Z,13373909176
sol,2021-05-02T00:00:00.000000000Z,12745378407
sol,2021-05-03T00:00:00.000000000Z,12579340019
sol,2021-05-04T00:00:00.000000000Z,11742115597
sol,2021-05-05T00:00:00.000000000Z,12209309499
sol,2021-05-06T00:00:00.000000000Z,11876016780
sol,2021-05-07T00:00:00.000000000Z,11714377260
sol,2021-05-08T00:00:00.000000000Z,12484696132
sol,2021-05-09T00:00:00.000000000Z,12078027859
sol,2021-05-10T00:00:00.000000000Z,11728913081
sol,2021-05-11T00:00:00.000000000Z,12212339493
sol,2021-05-12T00:00:00.000000000Z,12266374144
sol,2021-05-13T00:00:00.000000000Z,11087774346
sol,2021-05-14T00:00:00.000000000Z,11699978015
sol,2021-05-15T00:00:00.000000000Z,11881057107
sol,2021-05-16T00:00:00.000000000Z,12855830543
sol,2021-05-17T00:00:00.000000000Z,12823484658
sol,2021-05-18T00:00:00.000000000Z,15286667742
sol,2021-05-19T00:00:00.000000000Z,9888425609
sol,2021-05-20T00:00:00.000000000Z,12278465399
sol,2021-05-21T00:00:00.000000000Z,10453194866
sol,2021-05-22T00:00:00.000000000Z,8678779608
sol,2021-05-23T00:00:00.000000000Z,6737363783
sol,2021-05-24T00:00:00.000000000Z,8447695572
sol,2021-05-25T00:00:00.000000000Z,8218854305
sol,2021-05-26T00:00:00.000000000Z,9647049418
sol,2021-05-27T00:00:00.000000000Z,9190744442
sol,2021-05-28T00:00:00.000000000Z,7882083922
sol,2021-05-29T00:00:00.000000000Z,7483229273
sol,2021-05-30T00:00:00.000000000Z,7798562016
sol,2021-05-31T00:00:00.000000000Z,8903817525
sol,2021-06-01T00:00:00.000000000Z,8440514007
sol,2021-06-02T00:00:00.000000000Z,9338716390
sol,2021-06-03T00:00:00.000000000Z,10877398808
sol,2021-06-04T00:00:00.000000000Z,10232571007
sol,2021-06-05T00:00:00.000000000Z,10641351698
sol,2021-06-06T00:00:00.000000000Z,11501780252
sol,2021-06-07T00:00:00.000000000Z,10591724651
sol,2021-06-08T00:00:00.000000000Z,11335741065
sol,2021-06-09T00:00:00.000000000Z,11478258530
sol,2021-06-10T00:00:00.000000000Z,11228674980
sol,2021-06-11T00:00:00.000000000Z,9796955526
sol,2021-06-12T00:00:00.000000000Z,10027874023
sol,2021-06-13T00:00:00.000000000Z,10536436568
sol,2021-06-14T00:00:00.000000000Z,10779218121
sol,2021-06-15T00:00:00.000000000Z,10820479046
sol,2021-06-16T00:00:00.000000000Z,10756555403
sol,2021-06-17T00:00:00.000000000Z,10672259087
sol,2021-06-18T00:00:00.000000000Z,9983199049
sol,2021-06-19T00:00:00.000000000Z,9632639952
sol,2021-06-20T00:00:00.000000000Z,9594667732
sol,2021-06-21T00:00:00.000000000Z,7316362119
sol,2021-06-22T00:00:00.000000000Z,7204201287
sol,2021-06-23T00:00:00.000000000Z,8364897873
sol,2021-06-24T00:00:00.000000000Z,8598013261
sol,2021-06-25T00:00:00.000000000Z,7873278353
sol,2021-06-26T00:00:00.000000000Z,7929658381
sol,2021-06-27T00:00:00.000000000Z,8584369273
sol,2021-06-28T00:00:00.000000000Z,8984292967
sol,2021-06-29T00:00:00.000000000Z,9338085366
sol,2021-06-30T00:00:00.000000000Z,9734826784
sol,2021-07-01T00:00:00.000000000Z,9128598065
sol,2021-07-02T00:00:00.000000000Z,9218768913
sol,2021-07-03T00:00:00.000000000Z,9368089850
sol,2021-07-04T00:00:00.000000000Z,9378389773
sol,2021-07-05T00:00:00.000000000Z,9023638372
sol,2021-07-06T00:00:00.000000000Z,9316343014
sol,2021-07-07T00:00:00.000000000Z,9980311577
sol,2021-07-08T00:00:00.000000000Z,9076311165
sol,2021-07-09T00:00:00.000000000Z,9113803828
sol,2021-07-10T00:00:00.000000000Z,8684656085
sol,2021-07-11T00:00:00.000000000Z,8759806059
sol,2021-07-12T00:00:00.000000000Z,8405478303
sol,2021-07-13T00:00:00.000000000Z,7964610325
sol,2021-07-14T00:00:00.000000000Z,8479140687
sol,2021-07-15T00:00:00.000000000Z,7754404925
sol,2021-07-16T00:00:00.000000000Z,7188452356
sol,2021-07-17T00:00:00.000000000Z,7288754081
sol,2021-07-18T00:00:00.000000000Z,7280945018
sol,2021-07-19T00:00:00.000000000Z,6712818449
sol,2021-07-20T00:00:00.000000000Z,6430527364
sol,2021-07-21T00:00:00.000000000Z,7227437219
sol,2021-07-22T00:00:00.000000000Z,7542118021
sol,2021-07-23T00:00:00.000000000Z,7695743014
sol,2021-07-24T00:00:00.000000000Z,7788633715
sol,2021-07-25T00:00:00.000000000Z,7645603447
sol,2021-07-26T00:00:00.000000000Z,7721007431
sol,2021-07-27T00:00:00.000000000Z,7607202070
sol,2021-07-28T00:00:00.000000000Z,7578374975
sol,2021-07-29T00:00:00.000000000Z,8568755165
sol,2021-07-30T00:00:00.000000000Z,8771473519
sol,2021-07-31T00:00:00.000000000Z,9926121462
sol,2021-08-01T00:00:00.000000000Z,9317185571
sol,2021-08-02T00:00:00.000000000Z,9093215890
sol,2021-08-03T00:00:00.000000000Z,9331842393
sol,2021-08-04T00:00:00.000000000Z,9783131716
sol,2021-08-05T00:00:00.000000000Z,10223526578
sol,2021-08-06T00:00:00.000000000Z,10779537579
sol,2021-08-07T00:00:00.000000000Z,10723543863
sol,2021-08-08T00:00:00.000000000Z,10336903346
sol,2021-08-09T00:00:00.000000000Z,10570975242
sol,2021-08-10T00:00:00.000000000Z,11053957996
sol,2021-08-11T00:00:00.000000000Z,11416601890
sol,2021-08-12T00:00:00.000000000Z,11679184775
sol,2021-08-13T00:00:00.000000000Z,12661538019
sol,2021-08-14T00:00:00.000000000Z,12541500227
sol,2021-08-15T00:00:00.000000000Z,15309321260
sol,2021-08-16T00:00:00.000000000Z,17959469174
sol,2021-08-17T00:00:00.000000000Z,18575734270
sol,2021-08-18T00:00:00.000000000Z,21204484059
sol,2021-08-19T00:00:00.000000000Z,20909798065
sol,2021-08-20T00:00:00.000000000Z,22464863365
sol,2021-08-21T00:00:00.000000000Z,21295355046
sol,2021-08-22T00:00:00.000000000Z,20987104399
sol,2021-08-23T00:00:00.000000000Z,21698720386
sol,2021-08-24T00:00:00.000000000Z,20621256356
sol,2021-08-25T00:00:00.000000000Z,20827287427
sol,2021-08-26T00:00:00.000000000Z,22104718578
sol,2021-08-27T00:00:00.000000000Z,25619889707
sol,2021-08-28T00:00:00.000000000Z,28251625532
sol,2021-08-29T00:00:00.000000000Z,27379934120
sol,2021-08-30T00:00:00.000000000Z,32118863093
sol,2021-08-31T00:00:00.000000000Z,31597866710
sol,2021-09-01T00:00:00.000000000Z,32306499955
sol,2021-09-02T00:00:00.000000000Z,37257242353
sol,2021-09-03T00:00:00.000000000Z,42302327414
sol,2021-09-04T00:00:00.000000000Z,40648241743
sol,2021-09-05T00:00:00.000000000Z,41547790176
sol,2021-09-06T00:00:00.000000000Z,47758626209
sol,2021-09-07T00:00:00.000000000Z,50867704886
sol,2021-09-08T00:00:00.000000000Z,55763217461
sol,2021-09-09T00:00:00.000000000Z,55313277438
sol,2021-09-10T00:00:00.000000000Z,52289429628
sol,2021-09-11T00:00:00.000000000Z,52079973433
sol,2021-09-12T00:00:00.000000000Z,51464436191
sol,2021-09-13T00:00:00.000000000Z,49520025513
sol,2021-09-14T00:00:00.000000000Z,45906884037
sol,2021-09-15T00:00:00.000000000Z,46984876034
sol,2021-09-16T00:00:00.000000000Z,45042725955
sol,2021-09-17T00:00:00.000000000Z,43739813183
sol,2021-09-18T00:00:00.000000000Z,50219474535
sol,2021-09-19T00:00:00.000000000Z,45402934750
sol,2021-09-20T00:00:00.000000000Z,39630827376
sol,2021-09-21T00:00:00.000000000Z,36567530924
sol,2021-09-22T00:00:00.000000000Z,44074332652
sol,2021-09-23T00:00:00.000000000Z,44467963892
sol,2021-09-24T00:00:00.000000000Z,41490862136
sol,2021-09-25T00:00:00.000000000Z,40488938320
sol,2021-09-26T00:00:00.000000000Z,40201750356
sol,2021-09-27T00:00:00.000000000Z,40707700604
sol,2021-09-28T00:00:00.000000000Z,39260221610
sol,2021-09-29T00:00:00.000000000Z,40102162987
sol,2021-09-30T00:00:00.000000000Z,41915174455
sol,2021-10-01T00:00:00.000000000Z,47796912347
sol,2021-10-02T00:00:00.000000000Z,50426468984
sol,2021-10-03T00:00:00.000000000Z,51396792908
sol,2021-10-04T00:00:00.000000000Z,49878621934
sol,2021-10-05T00:00:00.000000000Z,48946860251
sol,2021-10-06T00:00:00.000000000Z,45993736371
sol,2021-10-07T00:00:00.000000000Z,45975270074
sol,2021-10-08T00:00:00.000000000Z,47419648932
sol,2021-10-09T00:00:00.000000000Z,47064242302
sol,2021-10-10T00:00:00.000000000Z,44379165190
sol,2021-10-11T00:00:00.000000000Z,43192303644
sol,2021-10-12T00:00:00.000000000Z,45582352656
sol,2021-10-13T00:00:00.000000000Z,44429566025
sol,2021-10-14T00:00:00.000000000Z,44956415837
sol,2021-10-15T00:00:00.000000000Z,48762237012
sol,2021-10-16T00:00:00.000000000Z,47424938068
sol,2021-10-17T00:00:00.000000000Z,47867931891
sol,2021-10-18T00:00:00.000000000Z,47230046842
sol,2021-10-19T00:00:00.000000000Z,46935071691
sol,2021-10-20T00:00:00.000000000Z,52320211102
sol,2021-10-21T00:00:00.000000000Z,56629717267
sol,2021-10-22T00:00:00.000000000Z,59241879885
sol,2021-10-23T00:00:00.000000000Z,59328716787
sol,2021-10-24T00:00:00.000000000Z,60865734673
sol,2021-10-25T00:00:00.000000000Z,63453676917
sol,2021-10-26T00:00:00.000000000Z,60183733453
sol,2021-10-27T00:00:00.000000000Z,55432555288
sol,2021-10-28T00:00:00.000000000Z,58666003462
sol,2021-10-29T00:00:00.000000000Z,60254162737
sol,2021-10-30T00:00:00.000000000Z,58220959833
sol,2021-10-31T00:00:00.000000000Z,61052846661
sol,2021-11-01T00:00:00.000000000Z,61363332233
sol,2021-11-02T00:00:00.000000000Z,65652665596
sol,2021-11-03T00:00:00.000000000Z,72966328767
sol,2021-11-04T00:00:00.000000000Z,74664172499
sol,2021-11-05T00:00:00.000000000Z,71336405575
sol,2021-11-06T00:00:00.000000000Z,77801469585
sol,2021-11-07T00:00:00.000000000Z,75236367737
sol,2021-11-08T00:00:00.000000000Z,75170801226
sol,2021-11-09T00:00:00.000000000Z,72510764530
sol,2021-11-10T00:00:00.000000000Z,70205762029
sol,2021-11-11T00:00:00.000000000Z,71126562919
sol,2021-11-12T00:00:00.000000000Z,69297499925
sol,2021-11-13T00:00:00.000000000Z,72820528390
sol,2021-11-14T00:00:00.000000000Z,72033129819
sol,2021-11-15T00:00:00.000000000Z,72152207020
sol,2021-11-16T00:00:00.000000000Z,66803864849
sol,2021-11-17T00:00:00.000000000Z,66088021574
sol,2021-11-18T00:00:00.000000000Z,59129742886
sol,2021-11-19T00:00:00.000000000Z,65135505033
sol,2021-11-20T00:00:00.000000000Z,66121760045
sol,2021-11-21T00:00:00.000000000Z,70602994244
sol,2021-11-22T00:00:00.000000000Z,65813094545
sol,2021-11-23T00:00:00.000000000Z,67437553588
sol,2021-11-24T00:00:00.000000000Z,62415251328
sol,2021-11-25T00:00:00.000000000Z,63954071768
sol,2021-11-26T00:00:00.000000000Z,58579480465
sol,2021-11-27T00:00:00.000000000Z,58556386011
sol,2021-11-28T00:00:00.000000000Z,61018162548
sol,2021-11-29T00:00:00.000000000Z,62274952041
sol,2021-11-30T00:00:00.000000000Z,63607768953
sol,2021-12-01T00:00:00.000000000Z,69751811458
sol,2021-12-02T00:00:00.000000000Z,71314463104
sol,2021-12-03T00:00:00.000000000Z,64939609186
sol,2021-12-04T00:00:00.000000000Z,61442318786
sol,2021-12-05T00:00:00.000000000Z,59843816167
sol,2021-12-06T00:00:00.000000000Z,59431803350
sol,2021-12-07T00:00:00.000000000Z,58083521828
sol,2021-12-08T00:00:00.000000000Z,59639627515
sol,2021-12-09T00:00:00.000000000Z,56194155944
sol,2021-12-10T00:00:00.000000000Z,52422292227
sol,2021-12-11T00:00:00.000000000Z,52792397189
sol,2021-12-12T00:00:00.000000000Z,53483735665
sol,2021-12-13T00:00:00.000000000Z,48122921278
sol,2021-12-14T00:00:00.000000000Z,49401817990
sol,2021-12-15T00:00:00.000000000Z,54755685093
sol,2021-12-16T00:00:00.000000000Z,54571767092
sol,2021-12-17T00:00:00.000000000Z,54112928397
sol,2021-12-18T00:00:00.000000000Z,56371523926
sol,2021-12-19T00:00:00.000000000Z,55755445841
sol,2021-12-20T00:00:00.000000000Z,53701640923
sol,2021-12-21T00:00:00.000000000Z,55493458530
sol,2021-12-22T00:00:00.000000000Z,55037941285
sol,2021-12-23T00:00:00.000000000Z,58606822319
sol,2021-12-24T00:00:00.000000000Z,58757035993
sol,2021-12-25T00:00:00.000000000Z,59706856376
sol,2021-12-26T00:00:00.000000000Z,61186703259
sol,2021-12-27T00:00:00.000000000Z,60684563845
sol,2021-12-28T00:00:00.000000000Z,55235955369
sol,2021-12-29T00:00:00.000000000Z,52938916707
sol,2021-12-30T00:00:00.000000000Z,53265712535
sol,2021-12-31T00:00:00.000000000Z,52777731349
sol,2022-01-01T00:00:00.000000000Z,55096952719
sol,2022-01-02T00:00:00.000000000Z,54528122271
sol,2022-01-03T00:00:00.000000000Z,52731246961
sol,2022-01-04T00:00:00.000000000Z,52006481198
sol,2022-01-05T00:00:00.000000000Z,47896581833
sol,2022-01-06T00:00:00.000000000Z,46653912942
sol,2022-01-07T00:00:00.000000000Z,42259706226
sol,2022-01-08T00:00:00.000000000Z,44456708542
sol,2022-01-09T00:00:00.000000000Z,43799691316
sol,2022-01-10T00:00:00.000000000Z,42305594590
sol,2022-01-11T00:00:00.000000000Z,43686690251
sol,2022-01-12T00:00:00.000000000Z,47342641971
sol,2022-01-13T00:00:00.000000000Z,45720397763
sol,2022-01-14T00:00:00.000000000Z,45557399040
sol,2022-01-15T00:00:00.000000000Z,46404620791
sol,2022-01-16T00:00:00.000000000Z,46467067263
sol,2022-01-17T00:00:00.000000000Z,43946557992
sol,2022-01-18T00:00:00.000000000Z,44398207662
sol,2022-01-19T00:00:00.000000000Z,42782076753
sol,2022-01-20T00:00:00.000000000Z,40460285502
sol,2022-01-21T00:00:00.000000000Z,35208284391
sol,2022-01-22T00:00:00.000000000Z,29657173244
sol,2022-01-23T00:00:00.000000000Z,31368470602
sol,2022-01-24T00:00:00.000000000Z,28897611819
sol,2022-01-25T00:00:00.000000000Z,29917541274
sol,2022-01-26T00:00:00.000000000Z,29077285673
sol,2022-01-27T00:00:00.000000000Z,28098895124
sol,2022-01-28T00:00:00.000000000Z,28681087259
sol,2022-01-29T00:00:00.000000000Z,30172068448
sol,2022-01-30T00:00:00.000000000Z,29453575045
sol,2022-01-31T00:00:00.000000000Z,31399134906
sol,2022-02-01T00:00:00.000000000Z,34721850140
sol,2022-02-02T00:00:00.000000000Z,32051558783
sol,2022-02-03T00:00:00.000000000Z,31769540056
sol,2022-02-04T00:00:00.000000000Z,35014298646
sol,2022-02-05T00:00:00.000000000Z,35984692980
sol,2022-02-06T00:00:00.000000000Z,36246775199
sol,2022-02-07T00:00:00.000000000Z,37197610194
sol,2022-02-08T00:00:00.000000000Z,36127904651
sol,2022-02-09T00:00:00.000000000Z,36249413116
sol,2022-02-10T00:00:00.000000000Z,33870575661
sol,2022-02-11T00:00:00.000000000Z,30596103793
sol,2022-02-12T00:00:00.000000000Z,30404872410
sol,2022-02-13T00:00:00.000000000Z,29596291513
sol,2022-02-14T00:00:00.000000000Z,30651951526
sol,2022-02-15T00:00:00.000000000Z,33304982237
sol,2022-02-16T00:00:00.000000000Z,32719587237
sol,2022-02-17T00:00:00.000000000Z,29911431792
sol,2022-02-18T00:00:00.000000000Z,28808591444
sol,2022-02-19T00:00:00.000000000Z,29160339786
sol,2022-02-20T00:00:00.000000000Z,29231683518
sol,2022-02-21T00:00:00.000000000Z,26721007530
sol,2022-02-22T00:00:00.000000000Z,27602805922
sol,2022-02-23T00:00:00.000000000Z,27199802283
sol,2022-02-24T00:00:00.000000000Z,28410356358
sol,2022-02-25T00:00:00.000000000Z,29906986418
sol,2022-02-26T00:00:00.000000000Z,28815736090
sol,2022-02-27T00:00:00.000000000Z,27257589080
sol,2022-02-28T00:00:00.000000000Z,31790678156
sol,2022-03-01T00:00:00.000000000Z,31506377048
sol,2022-03-02T00:00:00.000000000Z,32318279331
sol,2022-03-03T00:00:00.000000000Z,30691995646
sol,2022-03-04T00:00:00.000000000Z,28016987170
sol,2022-03-05T00:00:00.000000000Z,28712376829
sol,2022-03-06T00:00:00.000000000Z,26854797030
sol,2022-03-07T00:00:00.000000000Z,26102090492
sol,2022-03-08T00:00:00.000000000Z,26409950389
sol,2022-03-09T00:00:00.000000000Z,28367501512
sol,2022-03-10T00:00:00.000000000Z,26827830747
sol,2022-03-11T00:00:00.000000000Z,25832900013
sol,2022-03-12T00:00:00.000000000Z,26375917286
sol,2022-03-13T00:00:00.000000000Z,25449006309
sol,2022-03-14T00:00:00.000000000Z,26186055673
sol,2022-03-15T00:00:00.000000000Z,26836912140
sol,2022-03-16T00:00:00.000000000Z,27940404169
sol,2022-03-17T00:00:00.000000000Z,28422760165
sol,2022-03-18T00:00:00.000000000Z,29049157217
sol,2022-03-19T00:00:00.000000000Z,29632759884
sol,2022-03-20T00:00:00.000000000Z,28432456982
sol,2022-03-21T00:00:00.000000000Z,28402397992
sol,2022-03-22T00:00:00.000000000Z,29069338572
sol,2022-03-23T00:00:00.000000000Z,30353741888
sol,2022-03-24T00:00:00.000000000Z,33011272989
sol,2022-03-25T00:00:00.000000000Z,31773707338
sol,2022-03-26T00:00:00.000000000Z,33101674756
sol,2022-03-27T00:00:00.000000000Z,34741183073
sol,2022-03-28T00:00:00.000000000Z,34747224500
sol,2022-03-29T00:00:00.000000000Z,36222031753
sol,2022-03-30T00:00:00.000000000Z,39195339151
sol,2022-03-31T00:00:00.000000000Z,40158423820
sol,2022-04-01T00:00:00.000000000Z,43758744004
sol,2022-04-02T00:00:00.000000000Z,43353067898
sol,2022-04-03T00:00:00.000000000Z,44478030545
sol,2022-04-04T00:00:00.000000000Z,43149296839
sol,2022-04-05T00:00:00.000000000Z,41384554522
sol,2022-04-06T00:00:00.000000000Z,37162434514
sol,2022-04-07T00:00:00.000000000Z,38726717662
sol,2022-04-08T00:00:00.000000000Z,35633343201
sol,2022-04-09T00:00:00.000000000Z,36877000569
sol,2022-04-10T00:00:00.000000000Z,36696993156
sol,2022-04-11T00:00:00.000000000Z,32686267054
sol,2022-04-12T00:00:00.000000000Z,33832017716
sol,2022-04-13T00:00:00.000000000Z,34394109915
sol,2022-04-14T00:00:00.000000000Z,33032852397
sol,2022-04-15T00:00:00.000000000Z,33201484842
sol,2022-04-16T00:00:00.000000000Z,34078940200
sol,2022-04-17T00:00:00.000000000Z,33415713901
sol,2022-04-18T00:00:00.000000000Z,34035488877
sol,2022-04-19T00:00:00.000000000Z,36125101892
sol,2022-04-20T00:00:00.000000000Z,35242874567
sol,2022-04-21T00:00:00.000000000Z,33885940922
sol,2022-04-22T00:00:00.000000000Z,33569793449
sol,2022-04-23T00:00:00.000000000Z,33684640519
sol,2022-04-24T00:00:00.000000000Z,33146649107
sol,2022-04-25T00:00:00.000000000Z,33785829788
sol,2022-04-26T00:00:00.000000000Z,31883358161
sol,2022-04-27T00:00:00.000000000Z,32809147501
sol,2022-04-28T00:00:00.000000000Z,32738663262
sol,2022-04-29T00:00:00.000000000Z,31347708699
sol,2022-04-30T00:00:00.000000000Z,28273857174
sol,2022-05-01T00:00:00.000000000Z,29958667097
sol,2022-05-02T00:00:00.000000000Z,29321383422
sol,2022-05-03T00:00:00.000000000Z,28652611281
sol,2022-05-04T00:00:00.000000000Z,30902694564
sol,2022-05-05T00:00:00.000000000Z,28245935208
sol,2022-05-06T00:00:00.000000000Z,27347955311
sol,2022-05-07T00:00:00.000000000Z,26472251687
sol,2022-05-08T00:00:00.000000000Z,25190600722
sol,2022-05-09T00:00:00.000000000Z,21434934559
sol,2022-05-10T00:00:00.000000000Z,22415724560
sol,2022-05-11T00:00:00.000000000Z,16772334182
sol,2022-05-12T00:00:00.000000000Z,15030283178
sol,2022-05-13T00:00:00.000000000Z,16483109389
sol,2022-05-14T00:00:00.000000000Z,17617489468
sol,2022-05-15T00:00:00.000000000Z,19711959025
sol,2022-05-16T00:00:00.000000000Z,18157443633
sol,2022-05-17T00:00:00.000000000Z,19243205921
sol,2022-05-18T00:00:00.000000000Z,16868357194
sol,2022-05-19T00:00:00.000000000Z,17538782538
sol,2022-05-20T00:00:00.000000000Z,16851257990
sol,2022-05-21T00:00:00.000000000Z,17064856451
sol,2022-05-22T00:00:00.000000000Z,17888899923
sol,2022-05-23T00:00:00.000000000Z,16642094918
sol,2022-05-24T00:00:00.000000000Z,16851089685
sol,2022-05-25T00:00:00.000000000Z,16323477792
sol,2022-05-26T00:00:00.000000000Z,14826427096
sol,2022-05-27T00:00:00.000000000Z,13888421646
sol,2022-05-28T00:00:00.000000000Z,15069133999
sol,2022-05-29T00:00:00.000000000Z,15223996754
sol,2022-05-30T00:00:00.000000000Z,16038703889
sol,2022-05-31T00:00:00.000000000Z,15581445232
sol,2022-06-01T00:00:00.000000000Z,13690608377
sol,2022-06-02T00:00:00.000000000Z,13917709859
sol,2022-06-03T00:00:00.000000000Z,12961563115
sol,2022-06-04T00:00:00.000000000Z,13172140347
sol,2022-06-05T00:00:00.000000000Z,13102371023
sol,2022-06-06T00:00:00.000000000Z,14412765222
sol,2022-06-07T00:00:00.000000000Z,13419058708
sol,2022-06-08T00:00:00.000000000Z,13251217911
sol,2022-06-09T00:00:00.000000000Z,13642166189
sol,2022-06-10T00:00:00.000000000Z,12696351939
sol,2022-06-11T00:00:00.000000000Z,11576697531
sol,2022-06-12T00:00:00.000000000Z,10604543024
sol,2022-06-13T00:00:00.000000000Z,9442951384
sol,2022-06-14T00:00:00.000000000Z,10119390804
sol,2022-06-15T00:00:00.000000000Z,11745382284
sol,2022-06-16T00:00:00.000000000Z,10228355295
sol,2022-06-17T00:00:00.000000000Z,10563434223
sol,2022-06-18T00:00:00.000000000Z,10840029279
sol,2022-06-19T00:00:00.000000000Z,11665884229
sol,2022-06-20T00:00:00.000000000Z,12042683531
sol,2022-06-21T00:00:00.000000000Z,12377249254
sol,2022-06-22T00:00:00.000000000Z,11747945087
sol,2022-06-23T00:00:00.000000000Z,13068154592
sol,2022-06-24T00:00:00.000000000Z,14532446761
sol,2022-06-25T00:00:00.000000000Z,14485872722
sol,2022-06-26T00:00:00.000000000Z,13552810979
sol,2022-06-27T00:00:00.000000000Z,13211696204
sol,2022-06-28T00:00:00.000000000Z,12095767964
sol,2022-06-29T00:00:00.000000000Z,11574460103
sol,2022-06-30T00:00:00.000000000Z,11304742983
sol,2022-07-01T00:00:00.000000000Z,11337970814
sol,2022-07-02T00:00:00.000000000Z,11437257689
sol,2022-07-03T00:00:00.000000000Z,11458033641
sol,2022-07-04T00:00:00.000000000Z,12588583930
sol,2022-07-05T00:00:00.000000000Z,12150703566
sol,2022-07-06T00:00:00.000000000Z,12744046398
sol,2022-07-07T00:00:00.000000000Z,13212260421
sol,2022-07-08T00:00:00.000000000Z,13266162668
sol,2022-07-09T00:00:00.000000000Z,13141288142
sol,2022-07-10T00:00:00.000000000Z,12657506010
sol,2022-07-11T00:00:00.000000000Z,11559616579
sol,2022-07-12T00:00:00.000000000Z,11356872088
sol,2022-07-13T00:00:00.000000000Z,12036686678
sol,2022-07-14T00:00:00.000000000Z,12797893092
sol,2022-07-15T00:00:00.000000000Z,12945316362
sol,2022-07-16T00:00:00.000000000Z,13673548332
sol,2022-07-17T00:00:00.000000000Z,13400025844
sol,2022-07-18T00:00:00.000000000Z,14762621392
sol,2022-07-19T00:00:00.000000000Z,15550575062
sol,2022-07-20T00:00:00.000000000Z,14570642996
sol,2022-07-21T00:00:00.000000000Z,14945843495
sol,2022-07-22T00:00:00.000000000Z,14038592402
sol,2022-07-23T00:00:00.000000000Z,13857954587
sol,2022-07-24T00:00:00.000000000Z,14231136504
sol,2022-07-25T00:00:00.000000000Z,12878690289
sol,2022-07-26T00:00:00.000000000Z,12479386821
sol,2022-07-27T00:00:00.000000000Z,13878012638
sol,2022-07-28T00:00:00.000000000Z,14841136206
sol,2022-07-29T00:00:00.000000000Z,14696130018
sol,2022-07-30T00:00:00.000000000Z,15130487071
sol,2022-07-31T00:00:00.000000000Z,14706434809
sol,2022-08-01T00:00:00.000000000Z,14442770772
sol,2022-08-02T00:00:00.000000000Z,14056173030
sol,2022-08-03T00:00:00.000000000Z,13325623791
sol,2022-08-04T00:00:00.000000000Z,13446810793
sol,2022-08-05T00:00:00.000000000Z,14012547076
sol,2022-08-06T00:00:00.000000000Z,13899852079
sol,2022-08-07T00:00:00.000000000Z,14069149395
sol,2022-08-08T00:00:00.000000000Z,14628589452
sol,2022-08-09T00:00:00.000000000Z,14071986077
sol,2022-08-10T00:00:00.000000000Z,14703391152
sol,2022-08-11T00:00:00.000000000Z,14872600195
sol,2022-08-12T00:00:00.000000000Z,15773250463
sol,2022-08-13T00:00:00.000000000Z,16234958387
sol,2022-08-14T00:00:00.000000000Z,15679988436
sol,2022-08-15T00:00:00.000000000Z,15224512426
sol,2022-08-16T00:00:00.000000000Z,15045535061
sol,2022-08-17T00:00:00.000000000Z,14110964303
sol,2022-08-18T00:00:00.000000000Z,13844476504
sol,2022-08-19T00:00:00.000000000Z,12551779294
sol,2022-08-20T00:00:00.000000000Z,12267002824
sol,2022-08-21T00:00:00.000000000Z,12772310353
sol,2022-08-22T00:00:00.000000000Z,12299372967
sol,2022-08-23T00:00:00.000000000Z,12461563827
sol,2022-08-24T00:00:00.000000000Z,12252980777
sol,2022-08-25T00:00:00.000000000Z,12322138080
sol,2022-08-26T00:00:00.000000000Z,11081612272
sol,2022-08-27T00:00:00.000000000Z,11023542339
sol,2022-08-28T00:00:00.000000000Z,10706836691
sol,2022-08-29T00:00:00.000000000Z,11316555027
sol,2022-08-30T00:00:00.000000000Z,11013367188
sol,2022-08-31T00:00:00.000000000Z,10978611579
sol,2022-09-01T00:00:00.000000000Z,11025551725
sol,2022-09-02T00:00:00.000000000Z,10900246137
sol,2022-09-03T00:00:00.000000000Z,10870335168
sol,2022-09-04T00:00:00.000000000Z,11209860854
sol,2022-09-05T00:00:00.000000000Z,11257168511
sol,2022-09-06T00:00:00.000000000Z,10829789500
sol,2022-09-07T00:00:00.000000000Z,11476078134
sol,2022-09-08T00:00:00.000000000Z,11848892074
sol,2022-09-09T00:00:00.000000000Z,12236544007
sol,2022-09-10T00:00:00.000000000Z,12435811633
sol,2022-09-11T00:00:00.000000000Z,12317738146
sol,2022-09-12T00:00:00.000000000Z,13206721354
sol,2022-09-13T00:00:00.000000000Z,11685000031
sol,2022-09-14T00:00:00.000000000Z,12029056312
sol,2022-09-15T00:00:00.000000000Z,11704676784
sol,2022-09-16T00:00:00.000000000Z,11380727180
sol,2022-09-17T00:00:00.000000000Z,11949039974
sol,2022-09-18T00:00:00.000000000Z,11019967390
sol,2022-09-19T00:00:00.000000000Z,11594937867
sol,2022-09-20T00:00:00.000000000Z,11125431279
sol,2022-09-21T00:00:00.000000000Z,10885119790
sol,2022-09-22T00:00:00.000000000Z,11475871268
sol,2022-09-23T00:00:00.000000000Z,11964328782
sol,2022-09-24T00:00:00.000000000Z,11851781024
sol,2022-09-25T00:00:00.000000000Z,11477686361
sol,2022-09-26T00:00:00.000000000Z,11960481012
sol,2022-09-27T00:00:00.000000000Z,11641943099
sol,2022-09-28T00:00:00.000000000Z,11813734642
sol,2022-09-29T00:00:00.000000000Z,12043364625
sol,2022-09-30T00:00:00.000000000Z,11769197837
sol,2022-10-01T00:00:00.000000000Z,11522771197
sol,2022-10-02T00:00:00.000000000Z,11389326158
sol,2022-10-03T00:00:00.000000000Z,11732166757
sol,2022-10-04T00:00:00.000000000Z,12105843720
sol,2022-10-05T00:00:00.000000000Z,12081596409
sol,2022-10-06T00:00:00.000000000Z,11845823856
sol,2022-10-07T00:00:00.000000000Z,11723402375
sol,2022-10-08T00:00:00.000000000Z,11592073458
sol,2022-10-09T00:00:00.000000000Z,11732687405
sol,2022-10-10T00:00:00.000000000Z,11447003557
sol,2022-10-11T00:00:00.000000000Z,10988560359
sol,2022-10-12T00:00:00.000000000Z,11134466125
sol,2022-10-13T00:00:00.000000000Z,10927908432
sol,2022-10-14T00:00:00.000000000Z,10734254873
sol,2022-10-15T00:00:00.000000000Z,10593033152
sol,2022-10-16T00:00:00.000000000Z,10794625339
sol,2022-10-17T00:00:00.000000000Z,11168988212
sol,2022-10-18T00:00:00.000000000Z,10805665803
sol,2022-10-19T00:00:00.000000000Z,10371585239
sol,2022-10-20T00:00:00.000000000Z,10053006084
sol,2022-10-21T00:00:00.000000000Z,10069004536
sol,2022-10-22T00:00:00.000000000Z,10035465759
sol,2022-10-23T00:00:00.000000000Z,10483919904
sol,2022-10-24T00:00:00.000000000Z,10147073185
sol,2022-10-25T00:00:00.000000000Z,11079784300
sol,2022-10-26T00:00:00.000000000Z,11221377977
sol,2022-10-27T00:00:00.000000000Z,10992273062
sol,2022-10-28T00:00:00.000000000Z,11529015661
sol,2022-10-29T00:00:00.000000000Z,11775699507
sol,2022-10-30T00:00:00.000000000Z,11783692590
sol,2022-10-31T00:00:00.000000000Z,11711472223
sol,2022-11-01T00:00:00.000000000Z,11580382407
sol,2022-11-02T00:00:00.000000000Z,11060885779
sol,2022-11-03T00:00:00.000000000Z,11068153674
sol,2022-11-04T00:00:00.000000000Z,12130899553
sol,2022-11-05T00:00:00.000000000Z,13204127414
sol,2022-11-06T00:00:00.000000000Z,11752102929
sol,2022-11-07T00:00:00.000000000Z,10599615664
sol,2022-11-08T00:00:00.000000000Z,8676567998
sol,2022-11-09T00:00:00.000000000Z,5031554853
sol,2022-11-10T00:00:00.000000000Z,6354426200
sol,2022-11-11T00:00:00.000000000Z,5831336009
sol,2022-11-12T00:00:00.000000000Z,5292983739
sol,2022-11-13T00:00:00.000000000Z,4790433656
sol,2022-11-14T00:00:00.000000000Z,5062106663
sol,2022-11-15T00:00:00.000000000Z,5162158795
sol,2022-11-16T00:00:00.000000000Z,5173662432
sol,2022-11-17T00:00:00.000000000Z,4934316809
sol,2022-11-18T00:00:00.000000000Z,4789009401
sol,2022-11-19T00:00:00.000000000Z,4672499910
sol,2022-11-20T00:00:00.000000000Z,4432821385
sol,2022-11-21T00:00:00.000000000Z,4300244579
sol,2022-11-22T00:00:00.000000000Z,4500464273
sol,2022-11-23T00:00:00.000000000Z,5192940751
sol,2022-11-24T00:00:00.000000000Z,5282504087
sol,2022-11-25T00:00:00.000000000Z,5107100553
sol,2022-11-26T00:00:00.000000000Z,5138534969
sol,2022-11-27T00:00:00.000000000Z,5125953274
sol,2022-11-28T00:00:00.000000000Z,4842708398
sol,2022-11-29T00:00:00.000000000Z,4857355972
sol,2022-11-30T00:00:00.000000000Z,5135063822
sol,2022-12-01T00:00:00.000000000Z,4894349604
sol,2022-12-02T00:00:00.000000000Z,4989150223
sol,2022-12-03T00:00:00.000000000Z,4837401930
sol,2022-12-04T00:00:00.000000000Z,4984117532
sol,2022-12-05T00:00:00.000000000Z,5028509547
sol,2022-12-06T00:00:00.000000000Z,5192203011
sol,2022-12-07T00:00:00.000000000Z,4928568622
sol,2022-12-08T00:00:00.000000000Z,4992898408
sol,2022-12-09T00:00:00.000000000Z,4973346011
sol,2022-12-10T00:00:00.000000000Z,4969425390
sol,2022-12-11T00:00:00.000000000Z,4911481649
sol,2022-12-12T00:00:00.000000000Z,4880016688
sol,2022-12-13T00:00:00.000000000Z,5064633468
sol,2022-12-14T00:00:00.000000000Z,5183686344
sol,2022-12-15T00:00:00.000000000Z,5134623953
sol,2022-12-16T00:00:00.000000000Z,4485765301
sol,2022-12-17T00:00:00.000000000Z,4578311637
sol,2022-12-18T00:00:00.000000000Z,4569633815
sol,2022-12-19T00:00:00.000000000Z,4373729305
sol,2022-12-20T00:00:00.000000000Z,4502553571
sol,2022-12-21T00:00:00.000000000Z,4440409580
sol,2022-12-22T00:00:00.000000000Z,4309266534
sol,2022-12-23T00:00:00.000000000Z,4318585318
sol,2022-12-24T00:00:00.000000000Z,4199943747
sol,2022-12-25T00:00:00.000000000Z,4178850525
sol,2022-12-26T00:00:00.000000000Z,4142909189
sol,2022-12-27T00:00:00.000000000Z,4065303481
sol,2022-12-28T00:00:00.000000000Z,3589878791
sol,2022-12-29T00:00:00.000000000Z,3503371644
sol,2022-12-30T00:00:00.000000000Z,3629447498
sol,2022-12-31T00:00:00.000000000Z,3657793438
sol,2023-01-01T00:00:00.000000000Z,3664833086
sol,2023-01-02T00:00:00.000000000Z,4155039721
sol,2023-01-03T00:00:00.000000000Z,4901142333
sol,2023-01-04T00:00:00.000000000Z,4953432492
sol,2023-01-05T00:00:00.000000000Z,4937557727
sol,2023-01-06T00:00:00.000000000Z,4955727602
sol,2023-01-07T00:00:00.000000000Z,4815989745
sol,2023-01-08T00:00:00.000000000Z,5181793564
sol,2023-01-09T00:00:00.000000000Z,6013371835
sol,2023-01-10T00:00:00.000000000Z,6000787223
sol,2023-01-11T00:00:00.000000000Z,6055605450
sol,2023-01-12T00:00:00.000000000Z,6147464808
sol,2023-01-13T00:00:00.000000000Z,6751799839
sol,2023-01-14T00:00:00.000000000Z,9016149431
sol,2023-01-15T00:00:00.000000000Z,8474737256
sol,2023-01-16T00:00:00.000000000Z,8749928206
sol,2023-01-17T00:00:00.000000000Z,8533404706
sol,2023-01-18T00:00:00.000000000Z,7751686610
sol,2023-01-19T00:00:00.000000000Z,7933419963
sol,2023-01-20T00:00:00.000000000Z,9467515928
sol,2023-01-21T00:00:00.000000000Z,9167216344
sol,2023-01-22T00:00:00.000000000Z,8999819366
sol,2023-01-23T00:00:00.000000000Z,9048512778
sol,2023-01-24T00:00:00.000000000Z,8456377120
sol,2023-01-25T00:00:00.000000000Z,9121982933
sol,2023-01-26T00:00:00.000000000Z,9037702152
sol,2023-01-27T00:00:00.000000000Z,9046825106
sol,2023-01-28T00:00:00.000000000Z,8890067909
sol,2023-01-29T00:00:00.000000000Z,9718379005
sol,2023-01-30T00:00:00.000000000Z,8891453049
sol,2023-01-31T00:00:00.000000000Z,8895406151
sol,2023-02-01T00:00:00.000000000Z,9295032356
sol,2023-02-02T00:00:00.000000000Z,9058295260
sol,2023-02-03T00:00:00.000000000Z,9201134506
sol,2023-02-04T00:00:00.000000000Z,9096867630
sol,2023-02-05T00:00:00.000000000Z,8763499029
sol,2023-02-06T00:00:00.000000000Z,8450122561
sol,2023-02-07T00:00:00.000000000Z,8899695837
sol,2023-02-08T00:00:00.000000000Z,8661822965
sol,2023-02-09T00:00:00.000000000Z,7662247951
sol,2023-02-10T00:00:00.000000000Z,7558903807
sol,2023-02-11T00:00:00.000000000Z,7809818332
sol,2023-02-12T00:00:00.000000000Z,8058512710
sol,2023-02-13T00:00:00.000000000Z,7792922566
sol,2023-02-14T00:00:00.000000000Z,8192808015
sol,2023-02-15T00:00:00.000000000Z,8971794077
sol,2023-02-16T00:00:00.000000000Z,8397967349
sol,2023-02-17T00:00:00.000000000Z,8721346034
sol,2023-02-18T00:00:00.000000000Z,8876785328
sol,2023-02-19T00:00:00.000000000Z,9434772514
sol,2023-02-20T00:00:00.000000000Z,9867942659
sol,2023-02-21T00:00:00.000000000Z,9406519137
sol,2023-02-22T00:00:00.000000000Z,9145624905
sol,2023-02-23T00:00:00.000000000Z,9026126528
sol,2023-02-24T00:00:00.000000000Z,8712588679
sol,2023-02-25T00:00:00.000000000Z,8470941854
sol,2023-02-26T00:00:00.000000000Z,8798788349
sol,2023-02-27T00:00:00.000000000Z,8581513690
sol,2023-02-28T00:00:00.000000000Z,8298938561
sol,2023-03-01T00:00:00.000000000Z,8505964700
sol,2023-03-02T00:00:00.000000000Z,8330651051
sol,2023-03-03T00:00:00.000000000Z,8106739548
sol,2023-03-04T00:00:00.000000000Z,7923941397
sol,2023-03-05T00:00:00.000000000Z,7941624931
sol,2023-03-06T00:00:00.000000000Z,7897937567
sol,2023-03-07T00:00:00.000000000Z,7730424641
sol,2023-03-08T00:00:00.000000000Z,7060094667
sol,2023-03-09T00:00:00.000000000Z,6624342824
sol,2023-03-10T00:00:00.000000000Z,7001063341
sol,2023-03-11T00:00:00.000000000Z,6964990594
sol,2023-03-12T00:00:00.000000000Z,7759690094
sol,2023-03-13T00:00:00.000000000Z,7809204038
sol,2023-03-14T00:00:00.000000000Z,8028280381
sol,2023-03-15T00:00:00.000000000Z,7403428529
sol,2023-03-16T00:00:00.000000000Z,7561877766
sol,2023-03-17T00:00:00.000000000Z,8269443327
sol,2023-03-18T00:00:00.000000000Z,8150406560
sol,2023-03-19T00:00:00.000000000Z,8452299762
sol,2023-03-20T00:00:00.000000000Z,8538333037
sol,2023-03-21T00:00:00.000000000Z,8682506473
sol,2023-03-22T00:00:00.000000000Z,8249960490
sol,2023-03-23T00:00:00.000000000Z,8531108659
sol,2023-03-24T00:00:00.000000000Z,7935076749
sol,2023-03-25T00:00:00.000000000Z,7843474261
sol,2023-03-26T00:00:00.000000000Z,8069725433
sol,2023-03-27T00:00:00.000000000Z,7636076835
sol,2023-03-28T00:00:00.000000000Z,7864447029
sol,2023-03-29T00:00:00.000000000Z,8125178086
sol,2023-03-30T00:00:00.000000000Z,7903054981
sol,2023-03-31T00:00:00.000000000Z,8178408617
sol,2023-04-01T00:00:00.000000000Z,8141406480
sol,2023-04-02T00:00:00.000000000Z,7917129147
sol,2023-04-03T00:00:00.000000000Z,7896655834
sol,2023-04-04T00:00:00.000000000Z,8068357448
sol,2023-04-05T00:00:00.000000000Z,8121269983
sol,2023-04-06T00:00:00.000000000Z,7980771200
sol,2023-04-07T00:00:00.000000000Z,7928713313
sol,2023-04-08T00:00:00.000000000Z,7772642800
sol,2023-04-09T00:00:00.000000000Z,7882194459
sol,2023-04-10T00:00:00.000000000Z,8116021007
sol,2023-04-11T00:00:00.000000000Z,8946435513
sol,2023-04-12T00:00:00.000000000Z,9329397271
sol,2023-04-13T00:00:00.000000000Z,9563121802
sol,2023-04-14T00:00:00.000000000Z,9708298784
sol,2023-04-15T00:00:00.000000000Z,9444162021
sol,2023-04-16T00:00:00.000000000Z,9928043128
sol,2023-04-17T00:00:00.000000000Z,9657790058
sol,2023-04-18T00:00:00.000000000Z,9730716248
sol,2023-04-19T00:00:00.000000000Z,8880059310
sol,2023-04-20T00:00:00.000000000Z,8701322576
sol,2023-04-21T00:00:00.000000000Z,8349980380
sol,2023-04-22T00:00:00.000000000Z,8570724372
sol,2023-04-23T00:00:00.000000000Z,8431976099
sol,2023-04-24T00:00:00.000000000Z,8403401981
sol,2023-04-25T00:00:00.000000000Z,8600252591
sol,2023-04-26T00:00:00.000000000Z,8356161129
sol,2023-04-27T00:00:00.000000000Z,8767934899
sol,2023-04-28T00:00:00.000000000Z,9176987288
sol,2023-04-29T00:00:00.000000000Z,9099307457
sol,2023-04-30T00:00:00.000000000Z,9039207776
sol,2023-05-01T00:00:00.000000000Z,8648706062
sol,2023-05-02T00:00:00.000000000Z,8760684761
sol,2023-05-03T00:00:00.000000000Z,8748435056
sol,2023-05-04T00:00:00.000000000Z,8569135594
sol,2023-05-05T00:00:00.000000000Z,9004351945
sol,2023-05-06T00:00:00.000000000Z,8664951686
sol,2023-05-07T00:00:00.000000000Z,8684588029
sol,2023-05-08T00:00:00.000000000Z,8158139256
sol,2023-05-09T00:00:00.000000000Z,8167834306
sol,2023-05-10T00:00:00.000000000Z,8289991316
sol,2023-05-11T00:00:00.000000000Z,7991615407
sol,2023-05-12T00:00:00.000000000Z,8255224242
sol,2023-05-13T00:00:00.000000000Z,8267982360
sol,2023-05-14T00:00:00.000000000Z,8283331075
sol,2023-05-15T00:00:00.000000000Z,8320019596
sol,2023-05-16T00:00:00.000000000Z,8180790633
sol,2023-05-17T00:00:00.000000000Z,8338856694
sol,2023-05-18T00:00:00.000000000Z,8057383742
sol,2023-05-19T00:00:00.000000000Z,8055524409
sol,2023-05-20T00:00:00.000000000Z,8023578667
sol,2023-05-21T00:00:00.000000000Z,7780293545
sol,2023-05-22T00:00:00.000000000Z,7744573141
sol,2023-05-23T00:00:00.000000000Z,7942586184
sol,2023-05-24T00:00:00.000000000Z,7614979248
sol,2023-05-25T00:00:00.000000000Z,7632297814
sol,2023-05-26T00:00:00.000000000Z,7674296490
sol,2023-05-27T00:00:00.000000000Z,8086922998
sol,2023-05-28T00:00:00.000000000Z,8254452251
sol,2023-05-29T00:00:00.000000000Z,8164142965
sol,2023-05-30T00:00:00.000000000Z,8419637611
sol,2023-05-31T00:00:00.000000000Z,8247032359
sol,2023-06-01T00:00:00.000000000Z,8129775580
sol,2023-06-02T00:00:00.000000000Z,8433888378
sol,2023-06-03T00:00:00.000000000Z,8395468790
sol,2023-06-04T00:00:00.000000000Z,8699627015
sol,2023-06-05T00:00:00.000000000Z,7967383487
sol,2023-06-06T00:00:00.000000000Z,8113452028
sol,2023-06-07T00:00:00.000000000Z,7410504567
sol,2023-06-08T00:00:00.000000000Z,7529158877
sol,2023-06-09T00:00:00.000000000Z,6883249633
sol,2023-06-10T00:00:00.000000000Z,6253793899
sol,2023-06-11T00:00:00.000000000Z,6184371339
sol,2023-06-12T00:00:00.000000000Z,6066292208
sol,2023-06-13T00:00:00.000000000Z,5979953892
sol,2023-06-14T00:00:00.000000000Z,5771912120
sol,2023-06-15T00:00:00.000000000Z,5881594073
sol,2023-06-16T00:00:00.000000000Z,6111816968
sol,2023-06-17T00:00:00.000000000Z,6248601608
sol,2023-06-18T00:00:00.000000000Z,6160444358
sol,2023-06-19T00:00:00.000000000Z,6385318502
sol,2023-06-20T00:00:00.000000000Z,6627128468
sol,2023-06-21T00:00:00.000000000Z,6910500368
sol,2023-06-22T00:00:00.000000000Z,6661310832
sol,2023-06-23T00:00:00.000000000Z,6831580169
sol,2023-06-24T00:00:00.000000000Z,6645691546
sol,2023-06-25T00:00:00.000000000Z,6780663426
sol,2023-06-26T00:00:00.000000000Z,6494454276
sol,2023-06-27T00:00:00.000000000Z,6637033627
sol,2023-06-28T00:00:00.000000000Z,6405309493
sol,2023-06-29T00:00:00.000000000Z,7185754878
sol,2023-06-30T00:00:00.000000000Z,7581542759
sol,2023-07-01T00:00:00.000000000Z,7429898155
sol,2023-07-02T00:00:00.000000000Z,7799019934
sol,2023-07-03T00:00:00.000000000Z,7683314783
sol,2023-07-04T00:00:00.000000000Z,7731052731
sol,2023-07-05T00:00:00.000000000Z,7609886272
sol,2023-07-06T00:00:00.000000000Z,8001286915
sol,2023-07-07T00:00:00.000000000Z,8607897295
sol,2023-07-08T00:00:00.000000000Z,8776277541
sol,2023-07-09T00:00:00.000000000Z,8586163809
sol,2023-07-10T00:00:00.000000000Z,8581105199
sol,2023-07-11T00:00:00.000000000Z,8871458027
sol,2023-07-12T00:00:00.000000000Z,8851781062
sol,2023-07-13T00:00:00.000000000Z,10406848159
sol,2023-07-14T00:00:00.000000000Z,10757317868
sol,2023-07-15T00:00:00.000000000Z,11037533055
sol,2023-07-16T00:00:00.000000000Z,11017404314
sol,2023-07-17T00:00:00.000000000Z,10820243012
sol,2023-07-18T00:00:00.000000000Z,10269785948
sol,2023-07-19T00:00:00.000000000Z,10629639325
sol,2023-07-20T00:00:00.000000000Z,10234265974
sol,2023-07-21T00:00:00.000000000Z,10321913629
sol,2023-07-22T00:00:00.000000000Z,9895777186
sol,2023-07-23T00:00:00.000000000Z,10010867328
sol,2023-07-24T00:00:00.000000000Z,9459600019
sol,2023-07-25T00:00:00.000000000Z,9396247138
sol,2023-07-26T00:00:00.000000000Z,10184644068
sol,2023-07-27T00:00:00.000000000Z,10143197656
sol,2023-07-28T00:00:00.000000000Z,10053550445
sol,2023-07-29T00:00:00.000000000Z,10185849055
sol,2023-07-30T00:00:00.000000000Z,9808686706
sol,2023-07-31T00:00:00.000000000Z,9595563872
sol,2023-08-01T00:00:00.000000000Z,9666843101
sol,2023-08-02T00:00:00.000000000Z,9363083821
sol,2023-08-03T00:00:00.000000000Z,9172068642
sol,2023-08-04T00:00:00.000000000Z,9222633639
sol,2023-08-05T00:00:00.000000000Z,9155322177
sol,2023-08-06T00:00:00.000000000Z,9390128991
sol,2023-08-07T00:00:00.000000000Z,9329815835
sol,2023-08-08T00:00:00.000000000Z,9815108004
sol,2023-08-09T00:00:00.000000000Z,9897225595
sol,2023-08-10T00:00:00.000000000Z,9985516059
sol,2023-08-11T00:00:00.000000000Z,9966149970
sol,2023-08-12T00:00:00.000000000Z,10105729639
sol,2023-08-13T00:00:00.000000000Z,9847273796
sol,2023-08-14T00:00:00.000000000Z,10209290060
sol,2023-08-15T00:00:00.000000000Z,9683652049
sol,2023-08-16T00:00:00.000000000Z,9254726498
sol,2023-08-17T00:00:00.000000000Z,8877604907
sol,2023-08-18T00:00:00.000000000Z,8680082925
sol,2023-08-19T00:00:00.000000000Z,8910312653
sol,2023-08-20T00:00:00.000000000Z,8866899050
sol,2023-08-21T00:00:00.000000000Z,8651143270
sol,2023-08-22T00:00:00.000000000Z,8362479448
sol,2023-08-23T00:00:00.000000000Z,8830418596
sol,2023-08-24T00:00:00.000000000Z,8555308371
sol,2023-08-25T00:00:00.000000000Z,8310481246
sol,2023-08-26T00:00:00.000000000Z,8265763651
sol,2023-08-27T00:00:00.000000000Z,8475182944
sol,2023-08-28T00:00:00.000000000Z,8390607514
sol,2023-08-29T00:00:00.000000000Z,8873369051
sol,2023-08-30T00:00:00.000000000Z,8512148379
sol,2023-08-31T00:00:00.000000000Z,8053976164
sol,2023-09-01T00:00:00.000000000Z,7884424759
sol,2023-09-02T00:00:00.000000000Z,7959226823
sol,2023-09-03T00:00:00.000000000Z,8001227411
sol,2023-09-04T00:00:00.000000000Z,7945529391
sol,2023-09-05T00:00:00.000000000Z,8286076892
sol,2023-09-06T00:00:00.000000000Z,8019958163
sol,2023-09-07T00:00:00.000000000Z,8131669769
sol,2023-09-08T00:00:00.000000000Z,8027358512
sol,2023-09-09T00:00:00.000000000Z,7965549837
sol,2023-09-10T00:00:00.000000000Z,7508388034
sol,2023-09-11T00:00:00.000000000Z,7255589316
sol,2023-09-12T00:00:00.000000000Z,7373235575
sol,2023-09-13T00:00:00.000000000Z,7553037786
sol,2023-09-14T00:00:00.000000000Z,7753351137
sol,2023-09-15T00:00:00.000000000Z,7894549311
sol,2023-09-16T00:00:00.000000000Z,7861613579
sol,2023-09-17T00:00:00.000000000Z,7724977146
sol,2023-09-18T00:00:00.000000000Z,8087242644
sol,2023-09-19T00:00:00.000000000Z,8243468470
sol,2023-09-20T00:00:00.000000000Z,8347682604
sol,2023-09-21T00:00:00.000000000Z,8017758209
sol,2023-09-22T00:00:00.000000000Z,8022337312
sol,2023-09-23T00:00:00.000000000Z,8028702135
sol,2023-09-24T00:00:00.000000000Z,7984596080
sol,2023-09-25T00:00:00.000000000Z,7998384322
sol,2023-09-26T00:00:00.000000000Z,7841199287
sol,2023-09-27T00:00:00.000000000Z,7884077345
sol,2023-09-28T00:00:00.000000000Z,8233324460
sol,2023-09-29T00:00:00.000000000Z,8382577236
sol,2023-09-30T00:00:00.000000000Z,8831578971
sol,2023-10-01T00:00:00.000000000Z,9902619327
sol,2023-10-02T00:00:00.000000000Z,9654210450
sol,2023-10-03T00:00:00.000000000Z,9719444134
sol,2023-10-04T00:00:00.000000000Z,9577670152
sol,2023-10-05T00:00:00.000000000Z,9389580992
sol,2023-10-06T00:00:00.000000000Z,9681336639
sol,2023-10-07T00:00:00.000000000Z,9630822479
sol,2023-10-08T00:00:00.000000000Z,9623239933
sol,2023-10-09T00:00:00.000000000Z,9154877133
sol,2023-10-10T00:00:00.000000000Z,9170452670
sol,2023-10-11T00:00:00.000000000Z,9099974754
sol,2023-10-12T00:00:00.000000000Z,8850022831
sol,2023-10-13T00:00:00.000000000Z,9076833624
sol,2023-10-14T00:00:00.000000000Z,9156777271
sol,2023-10-15T00:00:00.000000000Z,9122595517
sol,2023-10-16T00:00:00.000000000Z,9988105057
sol,2023-10-17T00:00:00.000000000Z,9979327706
sol,2023-10-18T00:00:00.000000000Z,9770828532
sol,2023-10-19T00:00:00.000000000Z,10353687428
sol,2023-10-20T00:00:00.000000000Z,11299213890
sol,2023-10-21T00:00:00.000000000Z,12239039612
sol,2023-10-22T00:00:00.000000000Z,12073569713
sol,2023-10-23T00:00:00.000000000Z,13277498823
sol,2023-10-24T00:00:00.000000000Z,12571529178
sol,2023-10-25T00:00:00.000000000Z,13534345081
sol,2023-10-26T00:00:00.000000000Z,13722569035
sol,2023-10-27T00:00:00.000000000Z,13272558131
sol,2023-10-28T00:00:00.000000000Z,13249178494
sol,2023-10-29T00:00:00.000000000Z,13763115878
sol,2023-10-30T00:00:00.000000000Z,14645161810
sol,2023-10-31T00:00:00.000000000Z,16039262757
sol,2023-11-01T00:00:00.000000000Z,17328917842
sol,2023-11-02T00:00:00.000000000Z,16810768459
sol,2023-11-03T00:00:00.000000000Z,16589861338
sol,2023-11-04T00:00:00.000000000Z,17806418705
sol,2023-11-05T00:00:00.000000000Z,17345812150
sol,2023-11-06T00:00:00.000000000Z,17608310171
sol,2023-11-07T00:00:00.000000000Z,18072942402
sol,2023-11-08T00:00:00.000000000Z,18233136876
sol,2023-11-09T00:00:00.000000000Z,19037621461
sol,2023-11-10T00:00:00.000000000Z,23927518224
sol,2023-11-11T00:00:00.000000000Z,23777177393
sol,2023-11-12T00:00:00.000000000Z,23633184729
sol,2023-11-13T00:00:00.000000000Z,22047841509
sol,2023-11-14T00:00:00.000000000Z,24042779753
sol,2023-11-15T00:00:00.000000000Z,27585020202
sol,2023-11-16T00:00:00.000000000Z,24269161417
sol,2023-11-17T00:00:00.000000000Z,24688550402
sol,2023-11-18T00:00:00.000000000Z,24729499612
sol,2023-11-19T00:00:00.000000000Z,26053688123
sol,2023-11-20T00:00:00.000000000Z,23886289412
sol,2023-11-21T00:00:00.000000000Z,22079123907
sol,2023-11-22T00:00:00.000000000Z,24350389349
sol,2023-11-23T00:00:00.000000000Z,23965482650
sol,2023-11-24T00:00:00.000000000Z,24052730266
sol,2023-11-25T00:00:00.000000000Z,24880493308
sol,2023-11-26T00:00:00.000000000Z,24395064724
sol,2023-11-27T00:00:00.000000000Z,23309881973
sol,2023-11-28T00:00:00.000000000Z,24594530350
sol,2023-11-29T00:00:00.000000000Z,25077987693
sol,2023-11-30T00:00:00.000000000Z,25070003518
sol,2023-12-01T00:00:00.000000000Z,25374524512
sol,2023-12-02T00:00:00.000000000Z,26863172898
sol,2023-12-03T00:00:00.000000000Z,26786029921
sol,2023-12-04T00:00:00.000000000Z,26052148075
sol,2023-12-05T00:00:00.000000000Z,25810762197
sol,2023-12-06T00:00:00.000000000Z,26524761649
sol,2023-12-07T00:00:00.000000000Z,28726711342
sol,2023-12-08T00:00:00.000000000Z,31743252884
sol,2023-12-09T00:00:00.000000000Z,30900689591
sol,2023-12-10T00:00:00.000000000Z,31633385285
sol,2023-12-11T00:00:00.000000000Z,29877126457
sol,2023-12-12T00:00:00.000000000Z,29258179883
sol,2023-12-13T00:00:00.000000000Z,30192030349
sol,2023-12-14T00:00:00.000000000Z,32380228750
sol,2023-12-15T00:00:00.000000000Z,31218697036
sol,2023-12-16T00:00:00.000000000Z,31378677849
sol,2023-12-17T00:00:00.000000000Z,30425276172
sol,2023-12-18T00:00:00.000000000Z,31815601534
sol,2023-12-19T00:00:00.000000000Z,31087664791
sol,2023-12-20T00:00:00.000000000Z,35036663020
sol,2023-12-21T00:00:00.000000000Z,40194966591
sol,2023-12-22T00:00:00.000000000Z,41860745448
sol,2023-12-23T00:00:00.000000000Z,46118035286
sol,2023-12-24T00:00:00.000000000Z,48172931738
sol,2023-12-25T00:00:00.000000000Z,51721113887
sol,2023-12-26T00:00:00.000000000Z,47750956081
sol,2023-12-27T00:00:00.000000000Z,45875080047
sol,2023-12-28T00:00:00.000000000Z,43905833232
sol,2023-12-29T00:00:00.000000000Z,45384342620
sol,2023-12-30T00:00:00.000000000Z,43740578948
sol,2023-12-31T00:00:00.000000000Z,43418980191
sol,2024-01-01T00:00:00.000000000Z,46889271223
sol,2024-01-02T00:00:00.000000000Z,45965121374
sol,2024-01-03T00:00:00.000000000Z,42328208656
sol,2024-01-04T00:00:00.000000000Z,45142664730
sol,2024-01-05T00:00:00.000000000Z,42999440473
sol,2024-01-06T00:00:00.000000000Z,40251656678
sol,2024-01-07T00:00:00.000000000Z,38331460583
sol,2024-01-08T00:00:00.000000000Z,42213718221
sol,2024-01-09T00:00:00.000000000Z,42656026701
sol,2024-01-10T00:00:00.000000000Z,44405860402
sol,2024-01-11T00:00:00.000000000Z,43228498201
sol,2024-01-12T00:00:00.000000000Z,39505708633
sol,2024-01-13T00:00:00.000000000Z,41355098833
sol,2024-01-14T00:00:00.000000000Z,40857224995
sol,2024-01-15T00:00:00.000000000Z,40787307159
sol,2024-01-16T00:00:00.000000000Z,42256799362
sol,2024-01-17T00:00:00.000000000Z,43920742460
sol,2024-01-18T00:00:00.000000000Z,40835295633
sol,2024-01-19T00:00:00.000000000Z,40379284927
sol,2024-01-20T00:00:00.000000000Z,40087799025
sol,2024-01-21T00:00:00.000000000Z,39438898601
sol,2024-01-22T00:00:00.000000000Z,36183115131
sol,2024-01-23T00:00:00.000000000Z,36286611288
sol,2024-01-24T00:00:00.000000000Z,38396331023
sol,2024-01-25T00:00:00.000000000Z,37622046133
sol,2024-01-26T00:00:00.000000000Z,39931839514
sol,2024-01-27T00:00:00.000000000Z,40763004801
sol,2024-01-28T00:00:00.000000000Z,41492886805
sol,2024-01-29T00:00:00.000000000Z,43940840391
sol,2024-01-30T00:00:00.000000000Z,44402173371
sol,2024-01-31T00:00:00.000000000Z,42228093083
sol,2024-02-01T00:00:00.000000000Z,42517772061
sol,2024-02-02T00:00:00.000000000Z,43797841016
sol,2024-02-03T00:00:00.000000000Z,42630753435
sol,2024-02-04T00:00:00.000000000Z,41618575284
sol,2024-02-05T00:00:00.000000000Z,41644138706
sol,2024-02-06T00:00:00.000000000Z,42294412892
sol,2024-02-07T00:00:00.000000000Z,44040131367
sol,2024-02-08T00:00:00.000000000Z,44977233722
sol,2024-02-09T00:00:00.000000000Z,46852786050
sol,2024-02-10T00:00:00.000000000Z,47669565577
sol,2024-02-11T00:00:00.000000000Z,46958405475
sol,2024-02-12T00:00:00.000000000Z,48816471430
sol,2024-02-13T00:00:00.000000000Z,49128171946
sol,2024-02-14T00:00:00.000000000Z,51232220797
sol,2024-02-15T00:00:00.000000000Z,49611165583
sol,2024-02-16T00:00:00.000000000Z,48618099092
sol,2024-02-17T00:00:00.000000000Z,48052822851
sol,2024-02-18T00:00:00.000000000Z,49503755598
sol,2024-02-19T00:00:00.000000000Z,49137436418
sol,2024-02-20T00:00:00.000000000Z,47899926944
sol,2024-02-21T00:00:00.000000000Z,46328970253
sol,2024-02-22T00:00:00.000000000Z,44955167330
sol,2024-02-23T00:00:00.000000000Z,44058984686
sol,2024-02-24T00:00:00.000000000Z,45949011449
sol,2024-02-25T00:00:00.000000000Z,45605100078
sol,2024-02-26T00:00:00.000000000Z,48501018143
sol,2024-02-27T00:00:00.000000000Z,47767800193
sol,2024-02-28T00:00:00.000000000Z,51958602852
sol,2024-02-29T00:00:00.000000000Z,55682628423
sol,2024-03-01T00:00:00.000000000Z,57740964019
sol,2024-03-02T00:00:00.000000000Z,57443939919
sol,2024-03-03T00:00:00.000000000Z,57720106451
sol,2024-03-04T00:00:00.000000000Z,58799067809
sol,2024-03-05T00:00:00.000000000Z,55634062947
sol,2024-03-06T00:00:00.000000000Z,57970276608
sol,2024-03-07T00:00:00.000000000Z,63991494447
sol,2024-03-08T00:00:00.000000000Z,64362660402
sol,2024-03-09T00:00:00.000000000Z,64139423748
sol,2024-03-10T00:00:00.000000000Z,63803107788
sol,2024-03-11T00:00:00.000000000Z,65957796193
sol,2024-03-12T00:00:00.000000000Z,66695734830
sol,2024-03-13T00:00:00.000000000Z,72615944491
sol,2024-03-14T00:00:00.000000000Z,77995011036
sol,2024-03-15T00:00:00.000000000Z,81491103713
sol,2024-03-16T00:00:00.000000000Z,80340663604
sol,2024-03-17T00:00:00.000000000Z,89755210666
sol,2024-03-18T00:00:00.000000000Z,87377320638
sol,2024-03-19T00:00:00.000000000Z,75246449038
sol,2024-03-20T00:00:00.000000000Z,85038435902
sol,2024-03-21T00:00:00.000000000Z,79571168237
sol,2024-03-22T00:00:00.000000000Z,76826397077
sol,2024-03-23T00:00:00.000000000Z,77117048828
sol,2024-03-24T00:00:00.000000000Z,81891628972
sol,2024-03-25T00:00:00.000000000Z,84243567867
sol,2024-03-26T00:00:00.000000000Z,84935885339
sol,2024-03-27T00:00:00.000000000Z,82469515311
sol,2024-03-28T00:00:00.000000000Z,84376810105
sol,2024-03-29T00:00:00.000000000Z,85458592300
sol,2024-03-30T00:00:00.000000000Z,86405424748
sol,2024-03-31T00:00:00.000000000Z,89923397506
sol,2024-04-01T00:00:00.000000000Z,85732059588
sol,2024-04-02T00:00:00.000000000Z,80852266049
sol,2024-04-03T00:00:00.000000000Z,82604914820
sol,2024-04-04T00:00:00.000000000Z,81659709756
sol,2024-04-05T00:00:00.000000000Z,77831600203
sol,2024-04-06T00:00:00.000000000Z,79750236443
sol,2024-04-07T00:00:00.000000000Z,79861253579
sol,2024-04-08T00:00:00.000000000Z,80517816922
sol,2024-04-09T00:00:00.000000000Z,76885314248
sol,2024-04-10T00:00:00.000000000Z,77258825486
sol,2024-04-11T00:00:00.000000000Z,76882536260
sol,2024-04-12T00:00:00.000000000Z,68194256999
sol,2024-04-13T00:00:00.000000000Z,62392048543
sol,2024-04-14T00:00:00.000000000Z,67716799121
sol,2024-04-15T00:00:00.000000000Z,61846547892
sol,2024-04-16T00:00:00.000000000Z,61046499622
sol,2024-04-17T00:00:00.000000000Z,59209941184
sol,2024-04-18T00:00:00.000000000Z,63589108104
sol,2024-04-19T00:00:00.000000000Z,63655414613
sol,2024-04-20T00:00:00.000000000Z,67331071349
sol,2024-04-21T00:00:00.000000000Z,66440740031
sol,2024-04-22T00:00:00.000000000Z,70319516128
sol,2024-04-23T00:00:00.000000000Z,69240147033
sol,2024-04-24T00:00:00.000000000Z,65896955607
sol,2024-04-25T00:00:00.000000000Z,64846043096
sol,2024-04-26T00:00:00.000000000Z,62282181723
sol,2024-04-27T00:00:00.000000000Z,63252813738
sol,2024-04-28T00:00:00.000000000Z,61608208893
sol,2024-04-29T00:00:00.000000000Z,61664390926
sol,2024-04-30T00:00:00.000000000Z,56776553607
sol,2024-05-01T00:00:00.000000000Z,60060790617
sol,2024-05-02T00:00:00.000000000Z,61742956396
sol,2024-05-03T00:00:00.000000000Z,64388479914
sol,2024-05-04T00:00:00.000000000Z,65412585371
sol,2024-05-05T00:00:00.000000000Z,65190438575
sol,2024-05-06T00:00:00.000000000Z,68477829588
sol,2024-05-07T00:00:00.000000000Z,66473062051
sol,2024-05-08T00:00:00.000000000Z,63646123038
sol,2024-05-09T00:00:00.000000000Z,68226102661
sol,2024-05-10T00:00:00.000000000Z,65597926897
sol,2024-05-11T00:00:00.000000000Z,65235649447
sol,2024-05-12T00:00:00.000000000Z,64360391723
sol,2024-05-13T00:00:00.000000000Z,66064074678
sol,2024-05-14T00:00:00.000000000Z,63746266374
sol,2024-05-15T00:00:00.000000000Z,70827402384
sol,2024-05-16T00:00:00.000000000Z,71426498498
sol,2024-05-17T00:00:00.000000000Z,76023815418
sol,2024-05-18T00:00:00.000000000Z,77412920064
sol,2024-05-19T00:00:00.000000000Z,76375003896
sol,2024-05-20T00:00:00.000000000Z,83588137799
sol,2024-05-21T00:00:00.000000000Z,80012073476
sol,2024-05-22T00:00:00.000000000Z,79384826281
sol,2024-05-23T00:00:00.000000000Z,78963591325
sol,2024-05-24T00:00:00.000000000Z,75349221414
sol,2024-05-25T00:00:00.000000000Z,75628506062
sol,2024-05-26T00:00:00.000000000Z,73343898391
sol,2024-05-27T00:00:00.000000000Z,76308399750
sol,2024-05-28T00:00:00.000000000Z,75837031672
sol,2024-05-29T00:00:00.000000000Z,77350693839
sol,2024-05-30T00:00:00.000000000Z,76800790932
sol,2024-05-31T00:00:00.000000000Z,76097913708
sol,2024-06-01T00:00:00.000000000Z,76258962884
sol,2024-06-02T00:00:00.000000000Z,75063543170
sol,2024-06-03T00:00:00.000000000Z,75770636420
sol,2024-06-04T00:00:00.000000000Z,78884931834
sol,2024-06-05T00:00:00.000000000Z,79757823563
sol,2024-06-06T00:00:00.000000000Z,78374201514
sol,2024-06-07T00:00:00.000000000Z,74746574730
sol,2024-06-08T00:00:00.000000000Z,72798792430
sol,2024-06-09T00:00:00.000000000Z,74619998478
sol,2024-06-10T00:00:00.000000000Z,73184508073
sol,2024-06-11T00:00:00.000000000Z,68824683053
sol,2024-06-12T00:00:00.000000000Z,71404894521
sol,2024-06-13T00:00:00.000000000Z,68025603668
sol,2024-06-14T00:00:00.000000000Z,65999777035
sol,2024-06-15T00:00:00.000000000Z,67096545441
sol,2024-06-16T00:00:00.000000000Z,69556963706
sol,2024-06-17T00:00:00.000000000Z,66175409262
sol,2024-06-18T00:00:00.000000000Z,63293331262
sol,2024-06-19T00:00:00.000000000Z,62441141577
sol,2024-06-20T00:00:00.000000000Z,61701338095
sol,2024-06-21T00:00:00.000000000Z,62056761145
sol,2024-06-22T00:00:00.000000000Z,61726173744
sol,2024-06-23T00:00:00.000000000Z,59440787625
sol,2024-06-24T00:00:00.000000000Z,60978834087
sol,2024-06-25T00:00:00.000000000Z,63040293108
sol,2024-06-26T00:00:00.000000000Z,63185660733
sol,2024-06-27T00:00:00.000000000Z,68989499525
sol,2024-06-28T00:00:00.000000000Z,64583784607
sol,2024-06-29T00:00:00.000000000Z,64726637402
sol,2024-06-30T00:00:00.000000000Z,67747022171
sol,2024-07-01T00:00:00.000000000Z,67682168149
sol,2024-07-02T00:00:00.000000000Z,71225958512
sol,2024-07-03T00:00:00.000000000Z,65081732186
sol,2024-07-04T00:00:00.000000000Z,59763914923
sol,2024-07-05T00:00:00.000000000Z,62263571566
sol,2024-07-06T00:00:00.000000000Z,66324703793
sol,2024-07-07T00:00:00.000000000Z,61306907059
sol,2024-07-08T00:00:00.000000000Z,64702786068
sol,2024-07-09T00:00:00.000000000Z,65573039812
sol,2024-07-10T00:00:00.000000000Z,65774040363
sol,2024-07-11T00:00:00.000000000Z,63102535695
sol,2024-07-12T00:00:00.000000000Z,64567497174
sol,2024-07-13T00:00:00.000000000Z,65972688412
sol,2024-07-14T00:00:00.000000000Z,68712354602
sol,2024-07-15T00:00:00.000000000Z,73982653898
sol,2024-07-16T00:00:00.000000000Z,74708963809
sol,2024-07-17T00:00:00.000000000Z,72288438775
sol,2024-07-18T00:00:00.000000000Z,73945623250
sol,2024-07-19T00:00:00.000000000Z,78592740593
sol,2024-07-20T00:00:00.000000000Z,80769408871
sol,2024-07-21T00:00:00.000000000Z,85568346852
sol,2024-07-22T00:00:00.000000000Z,83018254336
sol,2024-07-23T00:00:00.000000000Z,80147214775
sol,2024-07-24T00:00:00.000000000Z,82415917287
sol,2024-07-25T00:00:00.000000000Z,79785239856
sol,2024-07-26T00:00:00.000000000Z,85063256371
sol,2024-07-27T00:00:00.000000000Z,85794930017
sol,2024-07-28T00:00:00.000000000Z,85777973713
sol,2024-07-29T00:00:00.000000000Z,84963667487
sol,2024-07-30T00:00:00.000000000Z,83258861816
sol,2024-07-31T00:00:00.000000000Z,80007021957
sol,2024-08-01T00:00:00.000000000Z,77878278257
sol,2024-08-02T00:00:00.000000000Z,71051245869
sol,2024-08-03T00:00:00.000000000Z,66546804053
sol,2024-08-04T00:00:00.000000000Z,64445110782
sol,2024-08-05T00:00:00.000000000Z,60848124740
sol,2024-08-06T00:00:00.000000000Z,67057766836
sol,2024-08-07T00:00:00.000000000Z,67625605062
sol,2024-08-08T00:00:00.000000000Z,75698063599
sol,2024-08-09T00:00:00.000000000Z,72660846720
sol,2024-08-10T00:00:00.000000000Z,71805659374
sol,2024-08-11T00:00:00.000000000Z,66053574055
sol,2024-08-12T00:00:00.000000000Z,68366562969
sol,2024-08-13T00:00:00.000000000Z,68477961635
sol,2024-08-14T00:00:00.000000000Z,67227534045
sol,2024-08-15T00:00:00.000000000Z,66831591687
sol,2024-08-16T00:00:00.000000000Z,64923991467
sol,2024-08-17T00:00:00.000000000Z,66055998431
sol,2024-08-18T00:00:00.000000000Z,66767333606
sol,2024-08-19T00:00:00.000000000Z,67199360822
sol,2024-08-20T00:00:00.000000000Z,66513281503
sol,2024-08-21T00:00:00.000000000Z,66517022097
sol,2024-08-22T00:00:00.000000000Z,66816825177
sol,2024-08-23T00:00:00.000000000Z,71385175855
sol,2024-08-24T00:00:00.000000000Z,74561215838
sol,2024-08-25T00:00:00.000000000Z,74372458774
sol,2024-08-26T00:00:00.000000000Z,73379377269
sol,2024-08-27T00:00:00.000000000Z,68650816516
sol,2024-08-28T00:00:00.000000000Z,67087447930
sol,2024-08-29T00:00:00.000000000Z,65212523045
sol,2024-08-30T00:00:00.000000000Z,64391759037
sol,2024-08-31T00:00:00.000000000Z,63042226474
sol,2024-09-01T00:00:00.000000000Z,60057127705
sol,2024-09-02T00:00:00.000000000Z,63014170935
sol,2024-09-03T00:00:00.000000000Z,59797451961
sol,2024-09-04T00:00:00.000000000Z,62418685124
sol,2024-09-05T00:00:00.000000000Z,60368322227
sol,2024-09-06T00:00:00.000000000Z,58314200040
sol,2024-09-07T00:00:00.000000000Z,59479665839
sol,2024-09-08T00:00:00.000000000Z,60790190313
sol,2024-09-09T00:00:00.000000000Z,63117947292
sol,2024-09-10T00:00:00.000000000Z,63440854311
sol,2024-09-11T00:00:00.000000000Z,61981116603
sol,2024-09-12T00:00:00.000000000Z,63733680677
sol,2024-09-13T00:00:00.000000000Z,64969531900
sol,2024-09-14T00:00:00.000000000Z,64205723831
sol,2024-09-15T00:00:00.000000000Z,61567484402
sol,2024-09-16T00:00:00.000000000Z,61568775098
sol,2024-09-17T00:00:00.000000000Z,61528727561
sol,2024-09-18T00:00:00.000000000Z,62344085691
sol,2024-09-19T00:00:00.000000000Z,66781613607
sol,2024-09-20T00:00:00.000000000Z,68712082295
sol,2024-09-21T00:00:00.000000000Z,69989248251
sol,2024-09-22T00:00:00.000000000Z,67819642075
sol,2024-09-23T00:00:00.000000000Z,67841649635
sol,2024-09-24T00:00:00.000000000Z,71725345478
sol,2024-09-25T00:00:00.000000000Z,69288564973
sol,2024-09-26T00:00:00.000000000Z,72792225186
sol,2024-09-27T00:00:00.000000000Z,73935776901
sol,2024-09-28T00:00:00.000000000Z,73404843190
sol,2024-09-29T00:00:00.000000000Z,74312581781
sol,2024-09-30T00:00:00.000000000Z,71636336698
sol,2024-10-01T00:00:00.000000000Z,67907610460
sol,2024-10-02T00:00:00.000000000Z,65895257668
sol,2024-10-03T00:00:00.000000000Z,64019751184
sol,2024-10-04T00:00:00.000000000Z,66964575627
sol,2024-10-05T00:00:00.000000000Z,66796852075
sol,2024-10-06T00:00:00.000000000Z,68554811503
sol,2024-10-07T00:00:00.000000000Z,67751641200
sol,2024-10-08T00:00:00.000000000Z,67213121384
sol,2024-10-09T00:00:00.000000000Z,65369323458
sol,2024-10-10T00:00:00.000000000Z,65137629159
sol,2024-10-11T00:00:00.000000000Z,68296679526
sol,2024-10-12T00:00:00.000000000Z,68826686938
sol,2024-10-13T00:00:00.000000000Z,69192945530
sol,2024-10-14T00:00:00.000000000Z,73918853274
sol,2024-10-15T00:00:00.000000000Z,72486658225
sol,2024-10-16T00:00:00.000000000Z,72499675639
sol,2024-10-17T00:00:00.000000000Z,70631777170
sol,2024-10-18T00:00:00.000000000Z,72758005822
sol,2024-10-19T00:00:00.000000000Z,74949074443
sol,2024-10-20T00:00:00.000000000Z,78518396743
sol,2024-10-21T00:00:00.000000000Z,78232225105
sol,2024-10-22T00:00:00.000000000Z,78747369583
sol,2024-10-23T00:00:00.000000000Z,80478044821
sol,2024-10-24T00:00:00.000000000Z,83312005186
sol,2024-10-25T00:00:00.000000000Z,76856628614
sol,2024-10-26T00:00:00.000000000Z,80246633645
sol,2024-10-27T00:00:00.000000000Z,83165541845
sol,2024-10-28T00:00:00.000000000Z,83822770454
sol,2024-10-29T00:00:00.000000000Z,84250174805
sol,2024-10-30T00:00:00.000000000Z,82458300653
sol,2024-10-31T00:00:00.000000000Z,79400714252
sol,2024-11-01T00:00:00.000000000Z,78119412848
sol,2024-11-02T00:00:00.000000000Z,78005112509
sol,2024-11-03T00:00:00.000000000Z,76469012639
sol,2024-11-04T00:00:00.000000000Z,74231396599
sol,2024-11-05T00:00:00.000000000Z,78578794357
sol,2024-11-06T00:00:00.000000000Z,88257656260
sol,2024-11-07T00:00:00.000000000Z,92229422767
sol,2024-11-08T00:00:00.000000000Z,94062833391
sol,2024-11-09T00:00:00.000000000Z,94839927660
sol,2024-11-10T00:00:00.000000000Z,99106345792
sol,2024-11-11T00:00:00.000000000Z,1.04975E+11
sol,2024-11-12T00:00:00.000000000Z,1.00395E+11
sol,2024-11-13T00:00:00.000000000Z,1.01465E+11
sol,2024-11-14T00:00:00.000000000Z,98633728954
sol,2024-11-15T00:00:00.000000000Z,1.03451E+11
sol,2024-11-16T00:00:00.000000000Z,1.0188E+11
sol,2024-11-17T00:00:00.000000000Z,1.11849E+11
sol,2024-11-18T00:00:00.000000000Z,1.13427E+11
sol,2024-11-19T00:00:00.000000000Z,1.1273E+11
sol,2024-11-20T00:00:00.000000000Z,1.12083E+11
sol,2024-11-21T00:00:00.000000000Z,1.21972E+11
sol,2024-11-22T00:00:00.000000000Z,1.21562E+11
sol,2024-11-23T00:00:00.000000000Z,1.20899E+11
sol,2024-11-24T00:00:00.000000000Z,1.20334E+11
sol,2024-11-25T00:00:00.000000000Z,1.11716E+11
sol,2024-11-26T00:00:00.000000000Z,1.09488E+11
sol,2024-11-27T00:00:00.000000000Z,1.15043E+11
sol,2024-11-28T00:00:00.000000000Z,1.12902E+11
sol,2024-11-29T00:00:00.000000000Z,1.15743E+11
sol,2024-11-30T00:00:00.000000000Z,1.13102E+11
sol,2024-12-01T00:00:00.000000000Z,1.13047E+11
sol,2024-12-02T00:00:00.000000000Z,1.07006E+11
sol,2024-12-03T00:00:00.000000000Z,1.11656E+11
sol,2024-12-04T00:00:00.000000000Z,1.08619E+11
sol,2024-12-05T00:00:00.000000000Z,1.12846E+11
sol,2024-12-06T00:00:00.000000000Z,1.12637E+11
sol,2024-12-07T00:00:00.000000000Z,1.1375E+11
sol,2024-12-08T00:00:00.000000000Z,1.12723E+11
sol,2024-12-09T00:00:00.000000000Z,1.03765E+11
sol,2024-12-10T00:00:00.000000000Z,1.01896E+11
sol,2024-12-11T00:00:00.000000000Z,1.08338E+11
sol,2024-12-12T00:00:00.000000000Z,1.0875E+11
sol,2024-12-13T00:00:00.000000000Z,1.07437E+11
sol,2024-12-14T00:00:00.000000000Z,1.05302E+11
sol,2024-12-15T00:00:00.000000000Z,1.07188E+11
sol,2024-12-16T00:00:00.000000000Z,1.03738E+11
sol,2024-12-17T00:00:00.000000000Z,1.06798E+11
sol,2024-12-18T00:00:00.000000000Z,98730548027
sol,2024-12-19T00:00:00.000000000Z,93288870095
sol,2024-12-20T00:00:00.000000000Z,92888953413
sol,2024-12-21T00:00:00.000000000Z,86600568525
sol,2024-12-22T00:00:00.000000000Z,86460558299
sol,2024-12-23T00:00:00.000000000Z,91208486211
sol,2024-12-24T00:00:00.000000000Z,94588006202
sol,2024-12-25T00:00:00.000000000Z,94566008016
sol,2024-12-26T00:00:00.000000000Z,90136894362
sol,2024-12-27T00:00:00.000000000Z,88105563489
sol,2024-12-28T00:00:00.000000000Z,93400877732
sol,2024-12-29T00:00:00.000000000Z,90836677779
sol,2024-12-30T00:00:00.000000000Z,91392902642
sol,2024-12-31T00:00:00.000000000Z,90841217927
sol,2025-01-01T00:00:00.000000000Z,93547012466
sol,2025-01-02T00:00:00.000000000Z,1.0029E+11
sol,2025-01-03T00:00:00.000000000Z,1.05101E+11
sol,2025-01-04T00:00:00.000000000Z,1.04643E+11
sol,2025-01-05T00:00:00.000000000Z,1.03163E+11
sol,2025-01-06T00:00:00.000000000Z,1.05441E+11
sol,2025-01-07T00:00:00.000000000Z,97952876178
sol,2025-01-08T00:00:00.000000000Z,95576177777
sol,2025-01-09T00:00:00.000000000Z,89527114869
sol,2025-01-10T00:00:00.000000000Z,90868569974
sol,2025-01-11T00:00:00.000000000Z,91050827590
sol,2025-01-12T00:00:00.000000000Z,90988320272
sol,2025-01-13T00:00:00.000000000Z,88638023982
sol,2025-01-14T00:00:00.000000000Z,90991355464
sol,2025-01-15T00:00:00.000000000Z,99496932374
sol,2025-01-16T00:00:00.000000000Z,1.02136E+11
sol,2025-01-17T00:00:00.000000000Z,1.0701E+11
sol,2025-01-18T00:00:00.000000000Z,1.27074E+11
sol,2025-01-19T00:00:00.000000000Z,1.20274E+11
sol,2025-01-20T00:00:00.000000000Z,1.1911E+11
sol,2025-01-21T00:00:00.000000000Z,1.21371E+11
sol,2025-01-22T00:00:00.000000000Z,1.24915E+11
sol,2025-01-23T00:00:00.000000000Z,1.23367E+11
sol,2025-01-24T00:00:00.000000000Z,1.23353E+11
sol,2025-01-25T00:00:00.000000000Z,1.25381E+11
sol,2025-01-26T00:00:00.000000000Z,1.17791E+11
sol,2025-01-27T00:00:00.000000000Z,1.1423E+11
sol,2025-01-28T00:00:00.000000000Z,1.10123E+11
sol,2025-01-29T00:00:00.000000000Z,1.11594E+11
sol,2025-01-30T00:00:00.000000000Z,1.16644E+11
sol,2025-01-31T00:00:00.000000000Z,1.12484E+11
sol,2025-02-01T00:00:00.000000000Z,1.04189E+11
sol,2025-02-02T00:00:00.000000000Z,98155225820
sol,2025-02-03T00:00:00.000000000Z,1.05367E+11
sol,2025-02-04T00:00:00.000000000Z,1.00352E+11
sol,2025-02-05T00:00:00.000000000Z,95514816089
sol,2025-02-06T00:00:00.000000000Z,92175141510
sol,2025-02-07T00:00:00.000000000Z,93429089195
sol,2025-02-08T00:00:00.000000000Z,97495518969
sol,2025-02-09T00:00:00.000000000Z,97340334326
sol,2025-02-10T00:00:00.000000000Z,97534644034
sol,2025-02-11T00:00:00.000000000Z,96621668686
sol,2025-02-12T00:00:00.000000000Z,95831088416
sol,2025-02-13T00:00:00.000000000Z,94847172536
sol,2025-02-14T00:00:00.000000000Z,97402815163
sol,2025-02-15T00:00:00.000000000Z,95009703450
sol,2025-02-16T00:00:00.000000000Z,92029782663
sol,2025-02-17T00:00:00.000000000Z,86925989009
sol,2025-02-18T00:00:00.000000000Z,82528071275
sol,2025-02-19T00:00:00.000000000Z,82631541929
sol,2025-02-20T00:00:00.000000000Z,85870971211
sol,2025-02-21T00:00:00.000000000Z,82491474032
sol,2025-02-22T00:00:00.000000000Z,84168502963
sol,2025-02-23T00:00:00.000000000Z,81961783846
sol,2025-02-24T00:00:00.000000000Z,69355407331
sol,2025-02-25T00:00:00.000000000Z,71644683174
sol,2025-02-26T00:00:00.000000000Z,67025410789
sol,2025-02-27T00:00:00.000000000Z,68418220562
sol,2025-02-28T00:00:00.000000000Z,73602945025
sol,2025-03-01T00:00:00.000000000Z,71229455845
sol,2025-03-02T00:00:00.000000000Z,90281385718
sol,2025-03-03T00:00:00.000000000Z,72594835850
sol,2025-03-04T00:00:00.000000000Z,73535842731
sol,2025-03-05T00:00:00.000000000Z,74231246194
sol,2025-03-06T00:00:00.000000000Z,73035290406
sol,2025-03-07T00:00:00.000000000Z,70532094187
sol,2025-03-08T00:00:00.000000000Z,69682049400
sol,2025-03-09T00:00:00.000000000Z,64378590811
sol,2025-03-10T00:00:00.000000000Z,60518016744
sol,2025-03-11T00:00:00.000000000Z,63810386155
sol,2025-03-12T00:00:00.000000000Z,64217554156
sol,2025-03-13T00:00:00.000000000Z,62825512949
sol,2025-03-14T00:00:00.000000000Z,68189286878
sol,2025-03-15T00:00:00.000000000Z,69194360907
sol,2025-03-16T00:00:00.000000000Z,64204111378
sol,2025-03-17T00:00:00.000000000Z,65378465701
sol,2025-03-18T00:00:00.000000000Z,63866359918
sol,2025-03-19T00:00:00.000000000Z,69034723981
sol,2025-03-20T00:00:00.000000000Z,65131562824
sol,2025-03-21T00:00:00.000000000Z,65459951647
sol,2025-03-22T00:00:00.000000000Z,65487373315
sol,2025-03-23T00:00:00.000000000Z,67394466727
sol,2025-03-24T00:00:00.000000000Z,71695187079
sol,2025-03-25T00:00:00.000000000Z,73523770729
sol,2025-03-26T00:00:00.000000000Z,69971622458
sol,2025-03-27T00:00:00.000000000Z,70815198704
sol,2025-03-28T00:00:00.000000000Z,66160295669
sol,2025-03-29T00:00:00.000000000Z,63557816105
sol,2025-03-30T00:00:00.000000000Z,63754093153
sol,2025-03-31T00:00:00.000000000Z,64033663727
sol,2025-04-01T00:00:00.000000000Z,65000337238
sol,2025-04-02T00:00:00.000000000Z,60704830217
sol,2025-04-03T00:00:00.000000000Z,59891123868
sol,2025-04-04T00:00:00.000000000Z,62814704878
sol,2025-04-05T00:00:00.000000000Z,61565751354
sol,2025-04-06T00:00:00.000000000Z,54256961242
sol,2025-04-07T00:00:00.000000000Z,55195315583
sol,2025-04-08T00:00:00.000000000Z,54287140755
sol,2025-04-09T00:00:00.000000000Z,61305284254
sol,2025-04-10T00:00:00.000000000Z,58129682008
sol,2025-04-11T00:00:00.000000000Z,62358303493
sol,2025-04-12T00:00:00.000000000Z,68193560925
sol,2025-04-13T00:00:00.000000000Z,66036913894
sol,2025-04-14T00:00:00.000000000Z,66920223990
sol,2025-04-15T00:00:00.000000000Z,65288256444
sol,2025-04-16T00:00:00.000000000Z,67830273403
sol,2025-04-17T00:00:00.000000000Z,69541211531
sol,2025-04-18T00:00:00.000000000Z,69112197460
sol,2025-04-19T00:00:00.000000000Z,72084209902
sol,2025-04-20T00:00:00.000000000Z,71062665056
sol,2025-04-21T00:00:00.000000000Z,70362006544
sol,2025-04-22T00:00:00.000000000Z,76956211613
sol,2025-04-23T00:00:00.000000000Z,78246011546
sol,2025-04-24T00:00:00.000000000Z,78747458645
sol,2025-04-25T00:00:00.000000000Z,78093311461
sol,2025-04-26T00:00:00.000000000Z,77150099802
sol,2025-04-27T00:00:00.000000000Z,76760309689
sol,2025-04-28T00:00:00.000000000Z,76568471750
sol,2025-04-29T00:00:00.000000000Z,75593146103
sol,2025-04-30T00:00:00.000000000Z,76490626180
sol,2025-05-01T00:00:00.000000000Z,78022647092
sol,2025-05-02T00:00:00.000000000Z,76645973966
sol,2025-05-03T00:00:00.000000000Z,76085121466
sol,2025-05-04T00:00:00.000000000Z,74637302766
sol,2025-05-05T00:00:00.000000000Z,76155155388
sol,2025-05-06T00:00:00.000000000Z,75958386177
sol,2025-05-07T00:00:00.000000000Z,76476079606
sol,2025-05-08T00:00:00.000000000Z,84753323680
sol,2025-05-09T00:00:00.000000000Z,89704620713
sol,2025-05-10T00:00:00.000000000Z,91983708947
sol,2025-05-11T00:00:00.000000000Z,89682934671
sol,2025-05-12T00:00:00.000000000Z,90524673526
sol,2025-05-13T00:00:00.000000000Z,95604251461
sol,2025-05-14T00:00:00.000000000Z,91587860476
sol,2025-05-15T00:00:00.000000000Z,87619202767
sol,2025-05-16T00:00:00.000000000Z,87243437862
sol,2025-05-17T00:00:00.000000000Z,86241653559
sol,2025-05-18T00:00:00.000000000Z,89249924424
sol,2025-05-19T00:00:00.000000000Z,86702506047
sol,2025-05-20T00:00:00.000000000Z,87648230063
sol,2025-05-21T00:00:00.000000000Z,90401721055
sol,2025-05-22T00:00:00.000000000Z,93387442618
sol,2025-05-23T00:00:00.000000000Z,90662522541
sol,2025-05-24T00:00:00.000000000Z,91567984024
sol,2025-05-25T00:00:00.000000000Z,91100012422
sol,2025-05-26T00:00:00.000000000Z,90877845344
sol,2025-05-27T00:00:00.000000000Z,91952220877
sol,2025-05-28T00:00:00.000000000Z,89591187035
sol,2025-05-29T00:00:00.000000000Z,86802858401
sol,2025-05-30T00:00:00.000000000Z,81457558146
sol,2025-05-31T00:00:00.000000000Z,81880089207
sol,2025-06-01T00:00:00.000000000Z,82331362863
sol,2025-06-02T00:00:00.000000000Z,81961908426
sol,2025-06-03T00:00:00.000000000Z,81228465091
sol,2025-06-04T00:00:00.000000000Z,80164801866
sol,2025-06-05T00:00:00.000000000Z,75784475678
sol,2025-06-06T00:00:00.000000000Z,77629538987
sol,2025-06-07T00:00:00.000000000Z,78747278876
sol,2025-06-08T00:00:00.000000000Z,80070077849
sol,2025-06-09T00:00:00.000000000Z,84310315619
sol,2025-06-10T00:00:00.000000000Z,86526455930
sol,2025-06-11T00:00:00.000000000Z,84457319103
sol,2025-06-12T00:00:00.000000000Z,80206243231
sol,2025-06-13T00:00:00.000000000Z,78069172638
sol,2025-06-14T00:00:00.000000000Z,76358694082
sol,2025-06-15T00:00:00.000000000Z,80517167318
sol,2025-06-16T00:00:00.000000000Z,80275759647
sol,2025-06-17T00:00:00.000000000Z,78024905796
sol,2025-06-18T00:00:00.000000000Z,77421926106
sol,2025-06-19T00:00:00.000000000Z,77603321380
sol,2025-06-20T00:00:00.000000000Z,73796709299
sol,2025-06-21T00:00:00.000000000Z,71110017892
sol,2025-06-22T00:00:00.000000000Z,70032835158
sol,2025-06-23T00:00:00.000000000Z,76906561557
sol,2025-06-24T00:00:00.000000000Z,77322794511
sol,2025-06-25T00:00:00.000000000Z,76097864168
sol,2025-06-26T00:00:00.000000000Z,74297843313
sol,2025-06-27T00:00:00.000000000Z,75993487667
sol,2025-06-28T00:00:00.000000000Z,80605131995
sol,2025-06-29T00:00:00.000000000Z,81878994003
sol,2025-06-30T00:00:00.000000000Z,82914786039
sol,2025-07-01T00:00:00.000000000Z,78454776843
sol,2025-07-02T00:00:00.000000000Z,81501147620
sol,2025-07-03T00:00:00.000000000Z,81471685753
sol,2025-07-04T00:00:00.000000000Z,79010540386
sol,2025-07-05T00:00:00.000000000Z,78979057555
sol,2025-07-06T00:00:00.000000000Z,81219382018
sol,2025-07-07T00:00:00.000000000Z,79548711770
sol,2025-07-08T00:00:00.000000000Z,81271651287
sol,2025-07-09T00:00:00.000000000Z,84310394941
sol,2025-07-10T00:00:00.000000000Z,87842495486
sol,2025-07-11T00:00:00.000000000Z,87166956708
sol,2025-07-12T00:00:00.000000000Z,86012168365
sol,2025-07-13T00:00:00.000000000Z,86310969301
sol,2025-07-14T00:00:00.000000000Z,86953175128
sol,2025-07-15T00:00:00.000000000Z,87898559998
sol,2025-07-16T00:00:00.000000000Z,93068236477
sol,2025-07-17T00:00:00.000000000Z,94735936082
sol,2025-07-18T00:00:00.000000000Z,95336494003
sol,2025-07-19T00:00:00.000000000Z,95101139153
sol,2025-07-20T00:00:00.000000000Z,97363183810
sol,2025-07-21T00:00:00.000000000Z,1.05656E+11
sol,2025-07-22T00:00:00.000000000Z,1.10231E+11
sol,2025-07-23T00:00:00.000000000Z,1.02007E+11
sol,2025-07-24T00:00:00.000000000Z,98436392697
sol,2025-07-25T00:00:00.000000000Z,1.0026E+11
sol,2025-07-26T00:00:00.000000000Z,99506265206
sol,2025-07-27T00:00:00.000000000Z,1.01382E+11
sol,2025-07-28T00:00:00.000000000Z,98542551473
sol,2025-07-29T00:00:00.000000000Z,97583379843
sol,2025-07-30T00:00:00.000000000Z,95562362634
sol,2025-07-31T00:00:00.000000000Z,92724264710
sol,2025-08-01T00:00:00.000000000Z,87420896340
sol,2025-08-02T00:00:00.000000000Z,85134974182
sol,2025-08-03T00:00:00.000000000Z,87270549753
sol,2025-08-04T00:00:00.000000000Z,91199058188
sol,2025-08-05T00:00:00.000000000Z,88391948870
sol,2025-08-06T00:00:00.000000000Z,90548819215
sol,2025-08-07T00:00:00.000000000Z,94312875484
sol,2025-08-08T00:00:00.000000000Z,95475303165
sol,2025-08-09T00:00:00.000000000Z,97173214112
sol,2025-08-10T00:00:00.000000000Z,98545698336
sol,2025-08-11T00:00:00.000000000Z,94357759848
sol,2025-08-12T00:00:00.000000000Z,1.03631E+11
sol,2025-08-13T00:00:00.000000000Z,1.0902E+11
sol,2025-08-14T00:00:00.000000000Z,1.04031E+11
sol,2025-08-15T00:00:00.000000000Z,1.00144E+11
sol,2025-08-16T00:00:00.000000000Z,1.02221E+11
sol,2025-08-17T00:00:00.000000000Z,1.03539E+11
sol,2025-08-18T00:00:00.000000000Z,99052482475
sol,2025-08-19T00:00:00.000000000Z,95669599978
sol,2025-08-20T00:00:00.000000000Z,1.01152E+11
sol,2025-08-21T00:00:00.000000000Z,97413475804
sol,2025-08-22T00:00:00.000000000Z,1.08041E+11
sol,2025-08-23T00:00:00.000000000Z,1.10316E+11
sol,2025-08-24T00:00:00.000000000Z,1.11454E+11
sol,2025-08-25T00:00:00.000000000Z,1.01038E+11
sol,2025-08-26T00:00:00.000000000Z,1.06077E+11
sol,2025-08-27T00:00:00.000000000Z,1.10006E+11
sol,2025-08-28T00:00:00.000000000Z,1.15945E+11
sol,2025-08-29T00:00:00.000000000Z,1.10722E+11
sol,2025-08-30T00:00:00.000000000Z,1.09611E+11
sol,2025-08-31T00:00:00.000000000Z,1.0893E+11
sol,2025-09-01T00:00:00.000000000Z,1.06276E+11
sol,2025-09-02T00:00:00.000000000Z,1.13066E+11
sol,2025-09-03T00:00:00.000000000Z,1.13857E+11
sol,2025-09-04T00:00:00.000000000Z,1.09945E+11
sol,2025-09-05T00:00:00.000000000Z,1.10239E+11
sol,2025-09-06T00:00:00.000000000Z,1.08446E+11
sol,2025-09-07T00:00:00.000000000Z,1.12019E+11
sol,2025-09-08T00:00:00.000000000Z,1.16015E+11
sol,2025-09-09T00:00:00.000000000Z,1.17728E+11
sol,2025-09-10T00:00:00.000000000Z,1.21493E+11
sol,2025-09-11T00:00:00.000000000Z,1.23985E+11
sol,2025-09-12T00:00:00.000000000Z,1.31266E+11
sol,2025-09-13T00:00:00.000000000Z,1.31583E+11
sol,2025-09-14T00:00:00.000000000Z,1.30562E+11
sol,2025-09-15T00:00:00.000000000Z,1.26932E+11
sol,2025-09-16T00:00:00.000000000Z,1.28812E+11
sol,2025-09-17T00:00:00.000000000Z,1.32915E+11
sol,2025-09-18T00:00:00.000000000Z,1.34212E+11
sol,2025-09-19T00:00:00.000000000Z,1.29243E+11
sol,2025-09-20T00:00:00.000000000Z,1.30056E+11
sol,2025-09-21T00:00:00.000000000Z,1.28523E+11
sol,2025-09-22T00:00:00.000000000Z,1.1967E+11
sol,2025-09-23T00:00:00.000000000Z,1.16476E+11
sol,2025-09-24T00:00:00.000000000Z,1.15039E+11
sol,2025-09-25T00:00:00.000000000Z,1.04941E+11
sol,2025-09-26T00:00:00.000000000Z,1.11152E+11
sol,2025-09-27T00:00:00.000000000Z,1.10682E+11
sol,2025-09-28T00:00:00.000000000Z,1.14414E+11
sol,2025-09-29T00:00:00.000000000Z,1.15834E+11
sol,2025-09-30T00:00:00.000000000Z,1.13393E+11
sol,2025-10-01T00:00:00.000000000Z,1.20112E+11
sol,2025-10-02T00:00:00.000000000Z,1.27405E+11
sol,2025-10-03T00:00:00.000000000Z,1.26731E+11
sol,2025-10-04T00:00:00.000000000Z,1.24227E+11
sol,2025-10-05T00:00:00.000000000Z,1.24735E+11
sol,2025-10-06T00:00:00.000000000Z,1.27014E+11
sol,2025-10-07T00:00:00.000000000Z,1.20542E+11
sol,2025-10-08T00:00:00.000000000Z,1.25024E+11
sol,2025-10-09T00:00:00.000000000Z,1.20524E+11
sol,2025-10-10T00:00:00.000000000Z,1.04475E+11
sol,2025-10-11T00:00:00.000000000Z,97281071780
sol,2025-10-12T00:00:00.000000000Z,1.07512E+11
sol,2025-10-13T00:00:00.000000000Z,1.13893E+11
sol,2025-10-14T00:00:00.000000000Z,1.10881E+11
sol,2025-10-15T00:00:00.000000000Z,1.06138E+11
sol,2025-10-16T00:00:00.000000000Z,1.00822E+11
sol,2025-10-17T00:00:00.000000000Z,99707438298
sol,2025-10-18T00:00:00.000000000Z,1.02525E+11
sol,2025-10-19T00:00:00.000000000Z,1.02777E+11
sol,2025-10-20T00:00:00.000000000Z,1.03857E+11
sol,2025-10-21T00:00:00.000000000Z,1.0188E+11
sol,2025-10-22T00:00:00.000000000Z,98378351971
sol,2025-10-23T00:00:00.000000000Z,1.0454E+11
sol,2025-10-24T00:00:00.000000000Z,1.06288E+11
sol,2025-10-25T00:00:00.000000000Z,1.06678E+11
sol,2025-10-26T00:00:00.000000000Z,1.10048E+11
sol,2025-10-27T00:00:00.000000000Z,1.09067E+11
sol,2025-10-28T00:00:00.000000000Z,1.06772E+11
sol,2025-10-29T00:00:00.000000000Z,1.06817E+11
sol,2025-10-30T00:00:00.000000000Z,1.01088E+11
sol,2025-10-31T00:00:00.000000000Z,1.03017E+11
sol,2025-11-01T00:00:00.000000000Z,1.02853E+11
sol,2025-11-02T00:00:00.000000000Z,1.03231E+11
sol,2025-11-03T00:00:00.000000000Z,91582491175
sol,2025-11-04T00:00:00.000000000Z,85674809652
sol,2025-11-05T00:00:00.000000000Z,89898040771
sol,2025-11-06T00:00:00.000000000Z,85453206329
sol,2025-11-07T00:00:00.000000000Z,89610418667
sol,2025-11-08T00:00:00.000000000Z,87537116061
sol,2025-11-09T00:00:00.000000000Z,91008851581
sol,2025-11-10T00:00:00.000000000Z,92791000148
sol,2025-11-11T00:00:00.000000000Z,85863045532
sol,2025-11-12T00:00:00.000000000Z,84909757799
sol,2025-11-13T00:00:00.000000000Z,80482224545
sol,2025-11-14T00:00:00.000000000Z,76905964743
sol,2025-11-15T00:00:00.000000000Z,77398043325
sol,2025-11-16T00:00:00.000000000Z,76092207639
sol,2025-11-17T00:00:00.000000000Z,72391164430
sol,2025-11-18T00:00:00.000000000Z,78037067337
sol,2025-11-19T00:00:00.000000000Z,75676067056
sol,2025-11-20T00:00:00.000000000Z,74311030648
sol,2025-11-21T00:00:00.000000000Z,71593880082
sol,2025-11-22T00:00:00.000000000Z,71340201302
sol,2025-11-23T00:00:00.000000000Z,73157290266
sol,2025-11-24T00:00:00.000000000Z,77475885493
sol,2025-11-25T00:00:00.000000000Z,77854769114
sol,2025-11-26T00:00:00.000000000Z,79921068105
sol,2025-11-27T00:00:00.000000000Z,78780484993
sol,2025-11-28T00:00:00.000000000Z,76963323967
sol,2025-11-29T00:00:00.000000000Z,76103050209
sol,2025-11-30T00:00:00.000000000Z,75573768368
sol,2025-12-01T00:00:00.000000000Z,71028553580
sol,2025-12-02T00:00:00.000000000Z,77735931273
sol,2025-12-03T00:00:00.000000000Z,81176895274
sol,2025-12-04T00:00:00.000000000Z,77833519295
sol,2025-12-05T00:00:00.000000000Z,74494325420
sol,2025-12-06T00:00:00.000000000Z,73891859479
sol,2025-12-07T00:00:00.000000000Z,73686618872
sol,2025-12-08T00:00:00.000000000Z,74672575641
sol,2025-12-09T00:00:00.000000000Z,77617719139
sol,2025-12-10T00:00:00.000000000Z,76764388987
sol,2025-12-11T00:00:00.000000000Z,76590803018
sol,2025-12-12T00:00:00.000000000Z,74471869593
sol,2025-12-13T00:00:00.000000000Z,74788813246
sol,2025-12-14T00:00:00.000000000Z,72748304236
sol,2025-12-15T00:00:00.000000000Z,71616017456
sol,2025-12-16T00:00:00.000000000Z,72333358885
sol,2025-12-17T00:00:00.000000000Z,69179028205
sol,2025-12-18T00:00:00.000000000Z,67168348131
sol,2025-12-19T00:00:00.000000000Z,70997484879
sol,2025-12-20T00:00:00.000000000Z,70687000408
sol,2025-12-21T00:00:00.000000000Z,70799667617
sol,2025-12-22T00:00:00.000000000Z,70669190669
sol,2025-12-23T00:00:00.000000000Z,69640089512
sol,2025-12-24T00:00:00.000000000Z,68975284097
sol,2025-12-25T00:00:00.000000000Z,67845951186
sol,2025-12-26T00:00:00.000000000Z,68743757402
sol,2025-12-27T00:00:00.000000000Z,70003265393
sol,2025-12-28T00:00:00.000000000Z,70153370706
sol,2025-12-29T00:00:00.000000000Z,69316600808
sol,2025-12-30T00:00:00.000000000Z,70186453685
sol,2025-12-31T00:00:00.000000000Z,70125503055
sol,2026-01-01T00:00:00.000000000Z,71329715374
sol,2026-01-02T00:00:00.000000000Z,74476080817
sol,2026-01-03T00:00:00.000000000Z,75113630005
sol,2026-01-04T00:00:00.000000000Z,75469147084
sol,2026-01-05T00:00:00.000000000Z,77902515217
sol,2026-01-06T00:00:00.000000000Z,79431242520
sol,2026-01-07T00:00:00.000000000Z,76847894315
sol,2026-01-08T00:00:00.000000000Z,78127969183
sol,2026-01-09T00:00:00.000000000Z,76659307072
sol,2026-01-10T00:00:00.000000000Z,76566107924
sol,2026-01-11T00:00:00.000000000Z,78511901175
sol,2026-01-12T00:00:00.000000000Z,78517005191
sol,2026-01-13T00:00:00.000000000Z,82258561815
sol,2026-01-14T00:00:00.000000000Z,82854907017
sol,2026-01-15T00:00:00.000000000Z,80402273273
sol,2026-01-16T00:00:00.000000000Z,81901809427
sol,2026-01-17T00:00:00.000000000Z,81249292909
sol,2026-01-18T00:00:00.000000000Z,78711050646
sol,2026-01-19T00:00:00.000000000Z,75459867040
sol,2026-01-20T00:00:00.000000000Z,71201207845
sol,2026-01-21T00:00:00.000000000Z,73391492132
sol,2026-01-22T00:00:00.000000000Z,72573837700
sol,2026-01-23T00:00:00.000000000Z,72013408354
sol,2026-01-24T00:00:00.000000000Z,71932128136
sol,2026-01-25T00:00:00.000000000Z,67259754195
sol,2026-01-26T00:00:00.000000000Z,70321098041
sol,2026-01-27T00:00:00.000000000Z,72010076672
sol,2026-01-28T00:00:00.000000000Z,70826606930
sol,2026-01-29T00:00:00.000000000Z,66544087858
sol,2026-01-30T00:00:00.000000000Z,66329025416
sol,2026-01-31T00:00:00.000000000Z,59638615051
sol,2026-02-01T00:00:00.000000000Z,57041300397
sol,2026-02-02T00:00:00.000000000Z,59210060011
sol,2026-02-03T00:00:00.000000000Z,55373199662
sol,2026-02-04T00:00:00.000000000Z,52099152370
sol,2026-02-05T00:00:00.000000000Z,44765777732
sol,2026-02-06T00:00:00.000000000Z,49723127684
sol,2026-02-07T00:00:00.000000000Z,49590318425
sol,2026-02-08T00:00:00.000000000Z,49350951146
sol,2026-02-09T00:00:00.000000000Z,49297391404
sol,2026-02-10T00:00:00.000000000Z,46969628597
sol,2026-02-11T00:00:00.000000000Z,44983205465
sol,2026-02-12T00:00:00.000000000Z,44413835729
sol,2026-02-13T00:00:00.000000000Z,47857321494
sol,2026-02-14T00:00:00.000000000Z,50120868692
sol,2026-02-15T00:00:00.000000000Z,48729539323
sol,2026-02-16T00:00:00.000000000Z,49029022632
sol,2026-02-17T00:00:00.000000000Z,48324737555
sol,2026-02-18T00:00:00.000000000Z,46280028010
sol,2026-02-19T00:00:00.000000000Z,46781248307
sol,2026-02-20T00:00:00.000000000Z,48014603037
sol,2026-02-21T00:00:00.000000000Z,48458997166
sol,2026-02-22T00:00:00.000000000Z,47015314262
sol,2026-02-23T00:00:00.000000000Z,44312070172
sol,2026-02-24T00:00:00.000000000Z,45055591940
sol,2026-02-25T00:00:00.000000000Z,50012670463
sol,2026-02-26T00:00:00.000000000Z,48862723999
sol,2026-02-27T00:00:00.000000000Z,46528236745
sol,2026-02-28T00:00:00.000000000Z,47955708968
sol,2026-03-01T00:00:00.000000000Z,47615858525
sol,2026-03-02T00:00:00.000000000Z,49463027489
sol,2026-03-03T00:00:00.000000000Z,49620741887
sol,2026-03-04T00:00:00.000000000Z,51814697758
sol,2026-03-05T00:00:00.000000000Z,50621951215
sol,2026-03-06T00:00:00.000000000Z,48328657716
sol,2026-03-07T00:00:00.000000000Z,47407592341
sol,2026-03-08T00:00:00.000000000Z,46702015696
sol,2026-03-09T00:00:00.000000000Z,48598988324
sol,2026-03-10T00:00:00.000000000Z,48929012713
sol,2026-03-11T00:00:00.000000000Z,49516429464
sol,2026-03-12T00:00:00.000000000Z,49640860976
sol,2026-03-13T00:00:00.000000000Z,50335475942
sol,2026-03-14T00:00:00.000000000Z,50279816030
sol,2026-03-15T00:00:00.000000000Z,52676725815
sol,2026-03-16T00:00:00.000000000Z,54888517823
sol,2026-03-17T00:00:00.000000000Z,54215388150
sol,2026-03-18T00:00:00.000000000Z,51432305568
sol,2026-03-19T00:00:00.000000000Z,50779973494
sol,2026-03-20T00:00:00.000000000Z,51372573646
sol,2026-03-21T00:00:00.000000000Z,50861339582
sol,2026-03-22T00:00:00.000000000Z,49418939671
sol,2026-03-23T00:00:00.000000000Z,52220295804
sol,2026-03-24T00:00:00.000000000Z,51980225662
sol,2026-03-25T00:00:00.000000000Z,52429130813
sol,2026-03-26T00:00:00.000000000Z,49450340838
sol,2026-03-27T00:00:00.000000000Z,47422206304
sol,2026-03-28T00:00:00.000000000Z,46958132755
sol,2026-03-29T00:00:00.000000000Z,46548446231
sol,2026-03-30T00:00:00.000000000Z,47176889227
sol,2026-03-31T00:00:00.000000000Z,47527447415
sol,2026-04-01T00:00:00.000000000Z,46527959712
sol,2026-04-02T00:00:00.000000000Z,45205500085
sol,2026-04-03T00:00:00.000000000Z,45988545144
sol,2026-04-04T00:00:00.000000000Z,46265921987
sol,2026-04-05T00:00:00.000000000Z,46824364331
sol,2026-04-06T00:00:00.000000000Z,45829266686
sol,2026-04-07T00:00:00.000000000Z,49212939903
sol,2026-04-08T00:00:00.000000000Z,47379446860
sol,2026-04-09T00:00:00.000000000Z,47845242398
sol,2026-04-10T00:00:00.000000000Z,48719897553
sol,2026-04-11T00:00:00.000000000Z,48791334141
sol,2026-04-12T00:00:00.000000000Z,46825440052
sol,2026-04-13T00:00:00.000000000Z,49687924599
sol,2026-04-14T00:00:00.000000000Z,48206611040
sol,2026-04-15T00:00:00.000000000Z,48818867201
sol,2026-04-16T00:00:00.000000000Z,51217878223
sol,2026-04-17T00:00:00.000000000Z,51101593447
sol,2026-04-18T00:00:00.000000000Z,49639256926
sol,2026-04-19T00:00:00.000000000Z,48085674431
sol,2026-04-20T00:00:00.000000000Z,49108477386
sol,2026-04-21T00:00:00.000000000Z,49402290970
sol,2026-04-22T00:00:00.000000000Z,50086693565
sol,2026-04-23T00:00:00.000000000Z,49554840072
sol,2026-04-24T00:00:00.000000000Z,49660004470
sol,2026-04-25T00:00:00.000000000Z,49600327680
sol,2026-04-26T00:00:00.000000000Z,50038772794
sol,2026-04-27T00:00:00.000000000Z,48773160979
sol,2026-04-28T00:00:00.000000000Z,48336065334
sol,2026-04-29T00:00:00.000000000Z,47796555655
sol,2026-04-30T00:00:00.000000000Z,47808787488
sol,2026-05-01T00:00:00.000000000Z,48216082429
sol,2026-05-02T00:00:00.000000000Z,48616202270
sol,2026-05-03T00:00:00.000000000Z,48423786186
sol,2026-05-04T00:00:00.000000000Z,48464692381
sol,2026-05-05T00:00:00.000000000Z,49765365956
sol,2026-05-06T00:00:00.000000000Z,51358571773
sol,2026-05-07T00:00:00.000000000Z,50921462986
sol,2026-05-08T00:00:00.000000000Z,53063664046
sol,2026-05-09T00:00:00.000000000Z,53783511743
sol,2026-05-10T00:00:00.000000000Z,55707072829
sol,2026-05-11T00:00:00.000000000Z,56202902638
sol,2026-05-12T00:00:00.000000000Z,54570908070
sol,2026-05-13T00:00:00.000000000Z,52662264976
sol,2026-05-14T00:00:00.000000000Z,53367783693
sol,2026-05-15T00:00:00.000000000Z,51566960702
sol,2026-05-16T00:00:00.000000000Z,50042047558
sol,2026-05-17T00:00:00.000000000Z,49289990783
sol,2026-05-18T00:00:00.000000000Z,49364880668
sol,2026-05-19T00:00:00.000000000Z,48747853075
sol,2026-05-20T00:00:00.000000000Z,49667895243
sol,2026-05-21T00:00:00.000000000Z,50362844092
sol,2026-05-22T00:00:00.000000000Z,48855797113
sol,2026-05-23T00:00:00.000000000Z,49507049209
sol,2026-05-24T00:00:00.000000000Z,49250885786
sol,2026-05-25T00:00:00.000000000Z,49132349797
sol,2026-05-26T00:00:00.000000000Z,48351832740
sol,2026-05-27T00:00:00.000000000Z,47582393478
sol,2026-05-28T00:00:00.000000000Z,47423868115
sol,2026-05-29T00:00:00.000000000Z,47342397242
sol,2026-05-30T00:00:00.000000000Z,47728667623
sol,2026-05-31T00:00:00.000000000Z,47556855497
sol,2026-06-01T00:00:00.000000000Z,46978714822
sol,2026-06-02T00:00:00.000000000Z,42635403232
sol,2026-06-03T00:00:00.000000000Z,41441041985
sol,2026-06-04T00:00:00.000000000Z,39653044477
sol,2026-06-05T00:00:00.000000000Z,36701922399
sol,2026-06-06T00:00:00.000000000Z,35909318373
sol,2026-06-07T00:00:00.000000000Z,38310110345
sol,2026-06-08T00:00:00.000000000Z,38712097874
sol,2026-06-09T00:00:00.000000000Z,37612778590
sol,2026-06-10T00:00:00.000000000Z,36522156575
sol,2026-06-11T00:00:00.000000000Z,38719813409
sol,2026-06-12T00:00:00.000000000Z,38634817989
sol,2026-06-13T00:00:00.000000000Z,39957024236
sol,2026-06-14T00:00:00.000000000Z,41080763463
sol,2026-06-15T00:00:00.000000000Z,42826169358
sol,2026-06-16T00:00:00.000000000Z,42658375669
sol,2026-06-17T00:00:00.000000000Z,41729328244
sol,2026-06-18T00:00:00.000000000Z,40334754059
sol,2026-06-19T00:00:00.000000000Z,40280212111
sol,2026-06-20T00:00:00.000000000Z,42497313903
sol,2026-06-21T00:00:00.000000000Z,42094561561
