asset,time,CapMrktEstUSD
eth,2019-06-22T00:00:00.000000000Z,32829967498.0630185741180987
eth,2019-06-23T00:00:00.000000000Z,32678967559.226772069029696
eth,2019-06-24T00:00:00.000000000Z,33029142293.6939651432237964
eth,2019-06-25T00:00:00.000000000Z,33712941350.7232629761076696
eth,2019-06-26T00:00:00.000000000Z,35622224378.2548852640710009
eth,2019-06-27T00:00:00.000000000Z,31273107004.0196153715674304
eth,2019-06-28T00:00:00.000000000Z,33008442823.7600144262066262
eth,2019-06-29T00:00:00.000000000Z,33981728796.2612922689893413
eth,2019-06-30T00:00:00.000000000Z,31119231428.5922231582555388
eth,2019-07-01T00:00:00.000000000Z,31358150645.9067149356370016
eth,2019-07-02T00:00:00.000000000Z,31010994764.3012937875735693
eth,2019-07-03T00:00:00.000000000Z,32240876010.8288835304954293
eth,2019-07-04T00:00:00.000000000Z,30262788950.3499370215677857
eth,2019-07-05T00:00:00.000000000Z,30733145888.1262383665557132
eth,2019-07-06T00:00:00.000000000Z,30674484352.6996891432136556
eth,2019-07-07T00:00:00.000000000Z,32699604437.9384561728277318
eth,2019-07-08T00:00:00.000000000Z,33465046667.6772680773368087
eth,2019-07-09T00:00:00.000000000Z,32937024307.0476418297282432
eth,2019-07-10T00:00:00.000000000Z,30846041550.5056508420865405
eth,2019-07-11T00:00:00.000000000Z,28585400222.1969552271921603
eth,2019-07-12T00:00:00.000000000Z,29479848133.5956388187595971
eth,2019-07-13T00:00:00.000000000Z,28715802122.731351188935432
eth,2019-07-14T00:00:00.000000000Z,24620036079.467265078988368
eth,2019-07-15T00:00:00.000000000Z,24649142143.7784985115131465
eth,2019-07-16T00:00:00.000000000Z,21276224384.661453769802328
eth,2019-07-17T00:00:00.000000000Z,22554541098.7576803098863335
eth,2019-07-18T00:00:00.000000000Z,24301691735.605152343372645
eth,2019-07-19T00:00:00.000000000Z,23640569440.67812768704027
eth,2019-07-20T00:00:00.000000000Z,24674808190.52871233847872
eth,2019-07-21T00:00:00.000000000Z,24143062344.989842772980511
eth,2019-07-22T00:00:00.000000000Z,23219687067.907725300536466
eth,2019-07-23T00:00:00.000000000Z,22724829164.165589796960062
eth,2019-07-24T00:00:00.000000000Z,23207950403.5783818128642205
eth,2019-07-25T00:00:00.000000000Z,23509546169.815243401351327
eth,2019-07-26T00:00:00.000000000Z,23483274720.006020000110867
eth,2019-07-27T00:00:00.000000000Z,22124446641.484187860128071
eth,2019-07-28T00:00:00.000000000Z,22585779155.8916765269983
eth,2019-07-29T00:00:00.000000000Z,22579327589.402389872996919
eth,2019-07-30T00:00:00.000000000Z,22495310915.823955687226262
eth,2019-07-31T00:00:00.000000000Z,23361413630.406024432152995
eth,2019-08-01T00:00:00.000000000Z,23285619423.541009625308121
eth,2019-08-02T00:00:00.000000000Z,23322218921.2876798000852005
eth,2019-08-03T00:00:00.000000000Z,23771856555.667269689137785
eth,2019-08-04T00:00:00.000000000Z,23877047361.406272654549992
eth,2019-08-05T00:00:00.000000000Z,24899592670.507588443106752
eth,2019-08-06T00:00:00.000000000Z,24198369709.733226209002077
eth,2019-08-07T00:00:00.000000000Z,24235088740.5775783203988705
eth,2019-08-08T00:00:00.000000000Z,23649176097.2305818784175725
eth,2019-08-09T00:00:00.000000000Z,22501234307.962177949750691
eth,2019-08-10T00:00:00.000000000Z,22129365881.6859333371062175
eth,2019-08-11T00:00:00.000000000Z,23147539268.8510511254122175
eth,2019-08-12T00:00:00.000000000Z,22633641566.054386603873189
eth,2019-08-13T00:00:00.000000000Z,22381718196.345667080635004
eth,2019-08-14T00:00:00.000000000Z,20000577353.160687724104224
eth,2019-08-15T00:00:00.000000000Z,20178602496.902061870049849
eth,2019-08-16T00:00:00.000000000Z,19919380356.037619502001482
eth,2019-08-17T00:00:00.000000000Z,19918647877.887323265586688
eth,2019-08-18T00:00:00.000000000Z,20904498669.456808815543659
eth,2019-08-19T00:00:00.000000000Z,21772683346.415522947541038
eth,2019-08-20T00:00:00.000000000Z,21125796104.068177910260477
eth,2019-08-21T00:00:00.000000000Z,20030715888.053520185132128
eth,2019-08-22T00:00:00.000000000Z,20580981260.9895799859082235
eth,2019-08-23T00:00:00.000000000Z,20908891035.839202714137106
eth,2019-08-24T00:00:00.000000000Z,20534428091.1129411773762375
eth,2019-08-25T00:00:00.000000000Z,20022256818.7744850031793045
eth,2019-08-26T00:00:00.000000000Z,20266135562.610100811632652
eth,2019-08-27T00:00:00.000000000Z,20087406894.270629081346052
eth,2019-08-28T00:00:00.000000000Z,18616380728.084165687735025
eth,2019-08-29T00:00:00.000000000Z,18141390570.3568709769631845
eth,2019-08-30T00:00:00.000000000Z,18104623787.740588007401037
eth,2019-08-31T00:00:00.000000000Z,18516138666.2798931298842975
eth,2019-09-01T00:00:00.000000000Z,18414566771.441409716554998
eth,2019-09-02T00:00:00.000000000Z,19209517444.3782832246535355
eth,2019-09-03T00:00:00.000000000Z,19282244288.953151151031323
eth,2019-09-04T00:00:00.000000000Z,18800078619.0117935364145725
eth,2019-09-05T00:00:00.000000000Z,18782179700.46843517266216
eth,2019-09-06T00:00:00.000000000Z,18212987608.11208427682642
eth,2019-09-07T00:00:00.000000000Z,19190121634.734824038183754
eth,2019-09-08T00:00:00.000000000Z,19549632536.926291824064026
eth,2019-09-09T00:00:00.000000000Z,19528792898.733323496230838
eth,2019-09-10T00:00:00.000000000Z,19338232334.9453606210417385
eth,2019-09-11T00:00:00.000000000Z,19175143062.0743703088107105
eth,2019-09-12T00:00:00.000000000Z,19477782328.505282738827025
eth,2019-09-13T00:00:00.000000000Z,19552152884.762525520587005
eth,2019-09-14T00:00:00.000000000Z,20317552193.333669509804464
eth,2019-09-15T00:00:00.000000000Z,20411445865.960472926901869
eth,2019-09-16T00:00:00.000000000Z,21274654940.357325980587709
eth,2019-09-17T00:00:00.000000000Z,22555219204.0080452089045125
eth,2019-09-18T00:00:00.000000000Z,22712561546.87231534796105
eth,2019-09-19T00:00:00.000000000Z,23884102356.114011795822984
eth,2019-09-20T00:00:00.000000000Z,23416295173.660474283169076
eth,2019-09-21T00:00:00.000000000Z,23236426290.19454463085412
eth,2019-09-22T00:00:00.000000000Z,22759678484.8803435441949365
eth,2019-09-23T00:00:00.000000000Z,21702858131.145741234220139
eth,2019-09-24T00:00:00.000000000Z,18168842882.31674138622684
eth,2019-09-25T00:00:00.000000000Z,18322746777.25766193697542
eth,2019-09-26T00:00:00.000000000Z,17946395183.495242764045847
eth,2019-09-27T00:00:00.000000000Z,18784808982.002389858047978
eth,2019-09-28T00:00:00.000000000Z,18756413719.2963506158369515
eth,2019-09-29T00:00:00.000000000Z,18332909635.272855197465124
eth,2019-09-30T00:00:00.000000000Z,19377477323.726630571381996
eth,2019-10-01T00:00:00.000000000Z,19069664710.3076255745163725
eth,2019-10-02T00:00:00.000000000Z,19516768985.601442717194256
eth,2019-10-03T00:00:00.000000000Z,18948288166.70630747212228
eth,2019-10-04T00:00:00.000000000Z,19032534194.1983408668076235
eth,2019-10-05T00:00:00.000000000Z,19030548229.83108705453853
eth,2019-10-06T00:00:00.000000000Z,18349133895.167772664813212
eth,2019-10-07T00:00:00.000000000Z,19555738141.314304234475599
eth,2019-10-08T00:00:00.000000000Z,19522197331.959583263518248
eth,2019-10-09T00:00:00.000000000Z,20990074314.284295734918829
eth,2019-10-10T00:00:00.000000000Z,20705717244.4188827991436645
eth,2019-10-11T00:00:00.000000000Z,19554700913.817115040041887
eth,2019-10-12T00:00:00.000000000Z,19494162670.542448076413172
eth,2019-10-13T00:00:00.000000000Z,19621422029.84836380973626
eth,2019-10-14T00:00:00.000000000Z,20169516275.236813529056778
eth,2019-10-15T00:00:00.000000000Z,19497412495.622786397815863
eth,2019-10-16T00:00:00.000000000Z,18927980712.435217502058368
eth,2019-10-17T00:00:00.000000000Z,19154729973.641538731138424
eth,2019-10-18T00:00:00.000000000Z,18730861328.9320886942617965
eth,2019-10-19T00:00:00.000000000Z,18568974273.583571401633227
eth,2019-10-20T00:00:00.000000000Z,18958103063.058915743089928
eth,2019-10-21T00:00:00.000000000Z,18853355079.8396460531600775
eth,2019-10-22T00:00:00.000000000Z,18537783832.048375183967974
eth,2019-10-23T00:00:00.000000000Z,17464225552.303924716641092
eth,2019-10-24T00:00:00.000000000Z,17434007116.006286776305939
eth,2019-10-25T00:00:00.000000000Z,19616667018.474531511546461
eth,2019-10-26T00:00:00.000000000Z,19462917786.903236672254311
eth,2019-10-27T00:00:00.000000000Z,19990792916.262953829136198
eth,2019-10-28T00:00:00.000000000Z,19802719295.022168566294415
eth,2019-10-29T00:00:00.000000000Z,20673565380.734509241953238
eth,2019-10-30T00:00:00.000000000Z,19857659659.467433400928302
eth,2019-10-31T00:00:00.000000000Z,19768355318.528620684883343
eth,2019-11-01T00:00:00.000000000Z,19871724343.5099175546880935
eth,2019-11-02T00:00:00.000000000Z,19834747308.111164956866873
eth,2019-11-03T00:00:00.000000000Z,19718787480.558218425564092
eth,2019-11-04T00:00:00.000000000Z,20168648362.2951052112628445
eth,2019-11-05T00:00:00.000000000Z,20516176155.586261260934784
eth,2019-11-06T00:00:00.000000000Z,20772345043.562210173171473
eth,2019-11-07T00:00:00.000000000Z,20255795747.492109142752984
eth,2019-11-08T00:00:00.000000000Z,19961856525.12010595908096
eth,2019-11-09T00:00:00.000000000Z,20064530525.071708320614842
eth,2019-11-10T00:00:00.000000000Z,20509833608.791109726306622
eth,2019-11-11T00:00:00.000000000Z,20010251811.8895040433565385
eth,2019-11-12T00:00:00.000000000Z,20246864946.4967570707077
eth,2019-11-13T00:00:00.000000000Z,20407190283.771380363153961
eth,2019-11-14T00:00:00.000000000Z,20054975322.906976268577369
eth,2019-11-15T00:00:00.000000000Z,19538785387.741635583803531
eth,2019-11-16T00:00:00.000000000Z,19790470061.036681817066316
eth,2019-11-17T00:00:00.000000000Z,19960271731.536536060117199
eth,2019-11-18T00:00:00.000000000Z,19336305595.120909429614824
eth,2019-11-19T00:00:00.000000000Z,19053218116.2640656190365785
eth,2019-11-20T00:00:00.000000000Z,18944016603.379750010954517
eth,2019-11-21T00:00:00.000000000Z,17460004106.596848569277354
eth,2019-11-22T00:00:00.000000000Z,16272181579.6677918020826045
eth,2019-11-23T00:00:00.000000000Z,16551224892.860390524100374
eth,2019-11-24T00:00:00.000000000Z,15384925842.048800095271502
eth,2019-11-25T00:00:00.000000000Z,15928557854.3841205952008145
eth,2019-11-26T00:00:00.000000000Z,16080446911.775074167633195
eth,2019-11-27T00:00:00.000000000Z,16658918897.40713429964232
eth,2019-11-28T00:00:00.000000000Z,16417439365.284271942651576
eth,2019-11-29T00:00:00.000000000Z,16772143453.185652301996601
eth,2019-11-30T00:00:00.000000000Z,16530372699.186823301980454
eth,2019-12-01T00:00:00.000000000Z,16463023771.8290697951196715
eth,2019-12-02T00:00:00.000000000Z,16211635736.3500503049969575
eth,2019-12-03T00:00:00.000000000Z,16040743767.6878728688077095
eth,2019-12-04T00:00:00.000000000Z,15850140690.031639110082125
eth,2019-12-05T00:00:00.000000000Z,16104831824.5848409716644535
eth,2019-12-06T00:00:00.000000000Z,16180321474.7591044103317825
eth,2019-12-07T00:00:00.000000000Z,16053119230.464281057611344
eth,2019-12-08T00:00:00.000000000Z,16416556592.389666865627079
eth,2019-12-09T00:00:00.000000000Z,16041386977.228627213990714
eth,2019-12-10T00:00:00.000000000Z,15860338259.4399382143437935
eth,2019-12-11T00:00:00.000000000Z,15582716246.515213931413176
eth,2019-12-12T00:00:00.000000000Z,15759013989.977410045940068
eth,2019-12-13T00:00:00.000000000Z,15746101129.489502134759349
eth,2019-12-14T00:00:00.000000000Z,15447473408.065760387082306
eth,2019-12-15T00:00:00.000000000Z,15499305925.048938078796008
eth,2019-12-16T00:00:00.000000000Z,14419764992.528623451184349
eth,2019-12-17T00:00:00.000000000Z,13236580486.015428818731356
eth,2019-12-18T00:00:00.000000000Z,14477443934.213895244701297
eth,2019-12-19T00:00:00.000000000Z,13929807827.812025556650841
eth,2019-12-20T00:00:00.000000000Z,13971749476.510723846306245
eth,2019-12-21T00:00:00.000000000Z,13850973416.6614938508484085
eth,2019-12-22T00:00:00.000000000Z,14393262381.728577760971264
eth,2019-12-23T00:00:00.000000000Z,13931799754.9706504489185785
eth,2019-12-24T00:00:00.000000000Z,13915906116.501745192493952
eth,2019-12-25T00:00:00.000000000Z,13614669721.513311245725335
eth,2019-12-26T00:00:00.000000000Z,13662560948.781170458715424
eth,2019-12-27T00:00:00.000000000Z,13759076458.527810496116667
eth,2019-12-28T00:00:00.000000000Z,13962785724.4766693129928975
eth,2019-12-29T00:00:00.000000000Z,14684126312.214479067157875
eth,2019-12-30T00:00:00.000000000Z,14319936658.825958386808781
eth,2019-12-31T00:00:00.000000000Z,14018445703.988406065097342
eth,2020-01-01T00:00:00.000000000Z,14178270421.921018261630314
eth,2020-01-02T00:00:00.000000000Z,13826867612.6534855135055315
eth,2020-01-03T00:00:00.000000000Z,14599804719.659490618711984
eth,2020-01-04T00:00:00.000000000Z,14628869157.814540740170262
eth,2020-01-05T00:00:00.000000000Z,14732412456.0394613767222665
eth,2020-01-06T00:00:00.000000000Z,15717379574.559843788246514
eth,2020-01-07T00:00:00.000000000Z,15638597613.345484057260078
eth,2020-01-08T00:00:00.000000000Z,15381069898.771857752165582
eth,2020-01-09T00:00:00.000000000Z,15011842480.5944632525862595
eth,2020-01-10T00:00:00.000000000Z,15703468328.260777883102624
eth,2020-01-11T00:00:00.000000000Z,15602393300.428145893714456
eth,2020-01-12T00:00:00.000000000Z,15888481562.367712663675068
eth,2020-01-13T00:00:00.000000000Z,15722557461.083926829461891
eth,2020-01-14T00:00:00.000000000Z,18143435606.123169302210915
eth,2020-01-15T00:00:00.000000000Z,18124467268.377277082415585
eth,2020-01-16T00:00:00.000000000Z,17929895452.403724036948844
eth,2020-01-17T00:00:00.000000000Z,18695250628.240557713669061
eth,2020-01-18T00:00:00.000000000Z,19139317798.6310879016239685
eth,2020-01-19T00:00:00.000000000Z,18236076930.535243148169984
eth,2020-01-20T00:00:00.000000000Z,18253204510.555269315085578
eth,2020-01-21T00:00:00.000000000Z,18500897551.820379848542764
eth,2020-01-22T00:00:00.000000000Z,18325323198.820895610424689
eth,2020-01-23T00:00:00.000000000Z,17738141323.8244268027974975
eth,2020-01-24T00:00:00.000000000Z,17750311613.296626036465936
eth,2020-01-25T00:00:00.000000000Z,17563648536.175957648180461
eth,2020-01-26T00:00:00.000000000Z,18292195655.851022047617132
eth,2020-01-27T00:00:00.000000000Z,18598192538.2538512881269745
eth,2020-01-28T00:00:00.000000000Z,19185219796.0156725981052975
eth,2020-01-29T00:00:00.000000000Z,19121982127.946497986630696
eth,2020-01-30T00:00:00.000000000Z,20173230026.184809022710794
eth,2020-01-31T00:00:00.000000000Z,19727532199.859157502040919
eth,2020-02-01T00:00:00.000000000Z,20102199224.117310770079159
eth,2020-02-02T00:00:00.000000000Z,20634323242.760966924412353
eth,2020-02-03T00:00:00.000000000Z,20740233582.5191809303325155
eth,2020-02-04T00:00:00.000000000Z,20626148419.763950923505946
eth,2020-02-05T00:00:00.000000000Z,22474755226.697063004409188
eth,2020-02-06T00:00:00.000000000Z,23323999289.4768295096071345
eth,2020-02-07T00:00:00.000000000Z,24424319297.757827879150538
eth,2020-02-08T00:00:00.000000000Z,24549066763.908553964403928
eth,2020-02-09T00:00:00.000000000Z,25044743521.801567538919549
eth,2020-02-10T00:00:00.000000000Z,24573391617.758495046003564
eth,2020-02-11T00:00:00.000000000Z,26057807917.567143483078027
eth,2020-02-12T00:00:00.000000000Z,29241231904.208780778250696
eth,2020-02-13T00:00:00.000000000Z,29386384295.1385392705114365
eth,2020-02-14T00:00:00.000000000Z,31242756917.938058687707028
eth,2020-02-15T00:00:00.000000000Z,29074886159.376543459779444
eth,2020-02-16T00:00:00.000000000Z,28650052597.314881533275147
eth,2020-02-17T00:00:00.000000000Z,29254896719.761896296080953
eth,2020-02-18T00:00:00.000000000Z,31119410430.843905986781446
eth,2020-02-19T00:00:00.000000000Z,28655082917.488983886499612
eth,2020-02-20T00:00:00.000000000Z,28390259666.6175734365317075
eth,2020-02-21T00:00:00.000000000Z,29192724331.86294374535038
eth,2020-02-22T00:00:00.000000000Z,28741137656.412901677369876
eth,2020-02-23T00:00:00.000000000Z,30195991897.405508173230107
eth,2020-02-24T00:00:00.000000000Z,29034229389.037162551929617
eth,2020-02-25T00:00:00.000000000Z,27299039944.245908179470985
eth,2020-02-26T00:00:00.000000000Z,24794413841.218716876281694
eth,2020-02-27T00:00:00.000000000Z,24873570824.521965017116352
eth,2020-02-28T00:00:00.000000000Z,25126637380.316791677326518
eth,2020-02-29T00:00:00.000000000Z,24187791274.59072216454359
eth,2020-03-01T00:00:00.000000000Z,24028268465.4142920570686
eth,2020-03-02T00:00:00.000000000Z,25413064966.133574559943064
eth,2020-03-03T00:00:00.000000000Z,24656438697.671162369148091
eth,2020-03-04T00:00:00.000000000Z,24645488218.3267620199115205
eth,2020-03-05T00:00:00.000000000Z,25050745567.4379784447832775
eth,2020-03-06T00:00:00.000000000Z,26870233371.789174963921912
eth,2020-03-07T00:00:00.000000000Z,26183899467.590215686284557
eth,2020-03-08T00:00:00.000000000Z,22304759581.863335524336422
eth,2020-03-09T00:00:00.000000000Z,22019869505.344464039872984
eth,2020-03-10T00:00:00.000000000Z,22099583051.436165409666772
eth,2020-03-11T00:00:00.000000000Z,21374382373.424469426954993
eth,2020-03-12T00:00:00.000000000Z,12142407753.81847576371478
eth,2020-03-13T00:00:00.000000000Z,14833124347.053229730318612
eth,2020-03-14T00:00:00.000000000Z,13438863731.0769968547528
eth,2020-03-15T00:00:00.000000000Z,13625115182.1177090068179215
eth,2020-03-16T00:00:00.000000000Z,12150685925.34599648828242
eth,2020-03-17T00:00:00.000000000Z,12970898278.550418024462994
eth,2020-03-18T00:00:00.000000000Z,12961485399.6530611744420085
eth,2020-03-19T00:00:00.000000000Z,15130251786.2444038040420995
eth,2020-03-20T00:00:00.000000000Z,14490392135.6546301725211865
eth,2020-03-21T00:00:00.000000000Z,14600089052.828814691117008
eth,2020-03-22T00:00:00.000000000Z,13492311428.732087693595789
eth,2020-03-23T00:00:00.000000000Z,14942935323.339881317773638
eth,2020-03-24T00:00:00.000000000Z,15366419445.988305059089232
eth,2020-03-25T00:00:00.000000000Z,15002403558.8257094922656405
eth,2020-03-26T00:00:00.000000000Z,15281280819.3570525808242935
eth,2020-03-27T00:00:00.000000000Z,14739954361.722433518318396
eth,2020-03-28T00:00:00.000000000Z,14449137200.997222429891188
eth,2020-03-29T00:00:00.000000000Z,13805846662.6851799386642025
eth,2020-03-30T00:00:00.000000000Z,14659486151.110657312555431
eth,2020-03-31T00:00:00.000000000Z,14728117877.9811594939306405
eth,2020-04-01T00:00:00.000000000Z,14988853750.11207061681162
eth,2020-04-02T00:00:00.000000000Z,15575195266.801166854930608
eth,2020-04-03T00:00:00.000000000Z,15640617341.3010836156049845
eth,2020-04-04T00:00:00.000000000Z,15930519903.265595343106075
eth,2020-04-05T00:00:00.000000000Z,15781947108.521962308012696
eth,2020-04-06T00:00:00.000000000Z,18724591241.935225250911608
eth,2020-04-07T00:00:00.000000000Z,18131477641.71798918632763
eth,2020-04-08T00:00:00.000000000Z,19136147491.9221431336699175
eth,2020-04-09T00:00:00.000000000Z,18805940059.12753072814559
eth,2020-04-10T00:00:00.000000000Z,17401879641.164466948641556
eth,2020-04-11T00:00:00.000000000Z,17501345211.614273805999872
eth,2020-04-12T00:00:00.000000000Z,17748494749.077955151879865
eth,2020-04-13T00:00:00.000000000Z,17369419396.385929999687722
eth,2020-04-14T00:00:00.000000000Z,17571338460.463604229225021
eth,2020-04-15T00:00:00.000000000Z,16904276680.161111500599714
eth,2020-04-16T00:00:00.000000000Z,19119196833.544605061234456
eth,2020-04-17T00:00:00.000000000Z,19039962026.433466048621915
eth,2020-04-18T00:00:00.000000000Z,20797696180.254482060792685
eth,2020-04-19T00:00:00.000000000Z,20039638790.1467010225781305
eth,2020-04-20T00:00:00.000000000Z,18912213343.399123123147932
eth,2020-04-21T00:00:00.000000000Z,18967133744.996609175387516
eth,2020-04-22T00:00:00.000000000Z,20196480809.972489198037657
eth,2020-04-23T00:00:00.000000000Z,20538041917.77198143233895
eth,2020-04-24T00:00:00.000000000Z,20759125508.8115174797788225
eth,2020-04-25T00:00:00.000000000Z,21443708770.9396096103603655
eth,2020-04-26T00:00:00.000000000Z,21809034229.8666316566419635
eth,2020-04-27T00:00:00.000000000Z,21756737684.6770644851318025
eth,2020-04-28T00:00:00.000000000Z,21859122510.6162697002518115
eth,2020-04-29T00:00:00.000000000Z,23845483196.444823330779565
eth,2020-04-30T00:00:00.000000000Z,22907371395.43512486207654
eth,2020-05-01T00:00:00.000000000Z,23555666502.5195155740089255
eth,2020-05-02T00:00:00.000000000Z,23715902068.6175435108103255
eth,2020-05-03T00:00:00.000000000Z,23270958475.099842199696662
eth,2020-05-04T00:00:00.000000000Z,22927215245.064074638488864
eth,2020-05-05T00:00:00.000000000Z,22699992399.743904710847652
eth,2020-05-06T00:00:00.000000000Z,22464649297.780946838435033
eth,2020-05-07T00:00:00.000000000Z,23603815690.4692778366442765
eth,2020-05-08T00:00:00.000000000Z,23542669489.9598482573408075
eth,2020-05-09T00:00:00.000000000Z,23363989710.7077579009735675
eth,2020-05-10T00:00:00.000000000Z,20791272244.7286872688155175
eth,2020-05-11T00:00:00.000000000Z,20591261825.070963661306098
eth,2020-05-12T00:00:00.000000000Z,21048773157.3880098244907625
eth,2020-05-13T00:00:00.000000000Z,22173654763.003581811815468
eth,2020-05-14T00:00:00.000000000Z,22575103268.250581851993024
eth,2020-05-15T00:00:00.000000000Z,21644859091.988144098245834
eth,2020-05-16T00:00:00.000000000Z,22279643089.313782319980164
eth,2020-05-17T00:00:00.000000000Z,22976158264.50387716059686
eth,2020-05-18T00:00:00.000000000Z,23830757524.1453386683923545
eth,2020-05-19T00:00:00.000000000Z,23730700380.862938975823281
eth,2020-05-20T00:00:00.000000000Z,23287865900.473845621302552
eth,2020-05-21T00:00:00.000000000Z,22082138726.66846284911453
eth,2020-05-22T00:00:00.000000000Z,22989273349.4979876282245625
eth,2020-05-23T00:00:00.000000000Z,22976044258.133072052718432
eth,2020-05-24T00:00:00.000000000Z,22474387553.356546802999456
eth,2020-05-25T00:00:00.000000000Z,22689925624.283509526922828
eth,2020-05-26T00:00:00.000000000Z,22311475364.552628583821765
eth,2020-05-27T00:00:00.000000000Z,23051598054.833065784545302
eth,2020-05-28T00:00:00.000000000Z,24374441209.9173703842342075
eth,2020-05-29T00:00:00.000000000Z,24533647804.2755287051697785
eth,2020-05-30T00:00:00.000000000Z,27069137962.451630723257827
eth,2020-05-31T00:00:00.000000000Z,25724431777.724078358768873
eth,2020-06-01T00:00:00.000000000Z,27687448289.737883279352885
eth,2020-06-02T00:00:00.000000000Z,26368414415.367801254406313
eth,2020-06-03T00:00:00.000000000Z,27122665148.657778922159886
eth,2020-06-04T00:00:00.000000000Z,27094110010.111038944769696
eth,2020-06-05T00:00:00.000000000Z,26727650423.3348225412579075
eth,2020-06-06T00:00:00.000000000Z,26919700848.018657890627273
eth,2020-06-07T00:00:00.000000000Z,27186063925.3144588308870945
eth,2020-06-08T00:00:00.000000000Z,27365546538.8309130427016455
eth,2020-06-09T00:00:00.000000000Z,27186162009.235608407950307
eth,2020-06-10T00:00:00.000000000Z,27565509589.522950550647624
eth,2020-06-11T00:00:00.000000000Z,25699009813.528461960929499
eth,2020-06-12T00:00:00.000000000Z,26398726362.155183907685071
eth,2020-06-13T00:00:00.000000000Z,26505280836.4399678248511895
eth,2020-06-14T00:00:00.000000000Z,25845714345.740880111769204
eth,2020-06-15T00:00:00.000000000Z,25744308659.47365375878966
eth,2020-06-16T00:00:00.000000000Z,26186071399.1586963828663995
eth,2020-06-17T00:00:00.000000000Z,26027920560.961191211741206
eth,2020-06-18T00:00:00.000000000Z,25768536507.196380113174712
eth,2020-06-19T00:00:00.000000000Z,25487279250.57649615871396
eth,2020-06-20T00:00:00.000000000Z,25506189587.9455247367148615
eth,2020-06-21T00:00:00.000000000Z,25359909906.779418889735047
eth,2020-06-22T00:00:00.000000000Z,27106243519.3284370295634355
eth,2020-06-23T00:00:00.000000000Z,27076159108.44638815315151
eth,2020-06-24T00:00:00.000000000Z,26176839521.065800723337392
eth,2020-06-25T00:00:00.000000000Z,25912183719.275293840011595
eth,2020-06-26T00:00:00.000000000Z,25611280453.3376474108515695
eth,2020-06-27T00:00:00.000000000Z,24611334416.419568329701541
eth,2020-06-28T00:00:00.000000000Z,25031892287.0595499724007855
eth,2020-06-29T00:00:00.000000000Z,25433948895.17864464398069
eth,2020-06-30T00:00:00.000000000Z,25180700310.107522190037383
eth,2020-07-01T00:00:00.000000000Z,25788891585.621431115152268
eth,2020-07-02T00:00:00.000000000Z,25296094249.3329102538937145
eth,2020-07-03T00:00:00.000000000Z,25120321315.106713833762704
eth,2020-07-04T00:00:00.000000000Z,25543899870.3987158385028165
eth,2020-07-05T00:00:00.000000000Z,25413143560.358500081164327
eth,2020-07-06T00:00:00.000000000Z,26924663763.201289785883583
eth,2020-07-07T00:00:00.000000000Z,26686150449.039950053492151
eth,2020-07-08T00:00:00.000000000Z,27563834142.5688712069032
eth,2020-07-09T00:00:00.000000000Z,26987331364.791913755720753
eth,2020-07-10T00:00:00.000000000Z,26921581001.0644339293602965
eth,2020-07-11T00:00:00.000000000Z,26731974636.121496558259604
eth,2020-07-12T00:00:00.000000000Z,26958992964.073573635313248
eth,2020-07-13T00:00:00.000000000Z,26740675922.918828410889018
eth,2020-07-14T00:00:00.000000000Z,26890604805.985478072480276
eth,2020-07-15T00:00:00.000000000Z,26641584708.017072851514675
eth,2020-07-16T00:00:00.000000000Z,26104773435.082241044379042
eth,2020-07-17T00:00:00.000000000Z,26029210801.8177405828122775
eth,2020-07-18T00:00:00.000000000Z,26374974502.3251162071339265
eth,2020-07-19T00:00:00.000000000Z,26763799000.761771774140843
eth,2020-07-20T00:00:00.000000000Z,26431904007.292998687348124
eth,2020-07-21T00:00:00.000000000Z,27429317187.065347299031988
eth,2020-07-22T00:00:00.000000000Z,29552124968.3490299171694125
eth,2020-07-23T00:00:00.000000000Z,30789027288.437179738980472
eth,2020-07-24T00:00:00.000000000Z,31316836278.006134572276062
eth,2020-07-25T00:00:00.000000000Z,34173444578.5786651487421895
eth,2020-07-26T00:00:00.000000000Z,34808491154.4676801470529325
eth,2020-07-27T00:00:00.000000000Z,36177533658.5409097083400715
eth,2020-07-28T00:00:00.000000000Z,35597800750.959699719433532
eth,2020-07-29T00:00:00.000000000Z,35603316650.776034500277952
eth,2020-07-30T00:00:00.000000000Z,37616080625.564604634858989
eth,2020-07-31T00:00:00.000000000Z,38764530172.3814411084014745
eth,2020-08-01T00:00:00.000000000Z,43361593330.484195542582393
eth,2020-08-02T00:00:00.000000000Z,41686217249.781868748272746
eth,2020-08-03T00:00:00.000000000Z,43181956075.501957851685835
eth,2020-08-04T00:00:00.000000000Z,43767048312.837872304317119
eth,2020-08-05T00:00:00.000000000Z,44885865772.356284091775839
eth,2020-08-06T00:00:00.000000000Z,44151144253.727188344331008
eth,2020-08-07T00:00:00.000000000Z,42624978508.150201242274884
eth,2020-08-08T00:00:00.000000000Z,43978548352.260439310708532
eth,2020-08-09T00:00:00.000000000Z,43627708044.5301177781246005
eth,2020-08-10T00:00:00.000000000Z,44330962245.769093314215393
eth,2020-08-11T00:00:00.000000000Z,42509009794.0372585195308865
eth,2020-08-12T00:00:00.000000000Z,43422196401.4386402335162055
eth,2020-08-13T00:00:00.000000000Z,47643532257.6129190185378645
eth,2020-08-14T00:00:00.000000000Z,49138658883.694196007743188
eth,2020-08-15T00:00:00.000000000Z,48531291852.076685532325524
eth,2020-08-16T00:00:00.000000000Z,48574110268.591187920062714
eth,2020-08-17T00:00:00.000000000Z,48569085317.764441482895377
eth,2020-08-18T00:00:00.000000000Z,47509323487.585287110861001
eth,2020-08-19T00:00:00.000000000Z,45666945539.448113983863762
eth,2020-08-20T00:00:00.000000000Z,46725405730.84062822914511
eth,2020-08-21T00:00:00.000000000Z,43473343206.07391779059245
eth,2020-08-22T00:00:00.000000000Z,44452200843.192695952395946
eth,2020-08-23T00:00:00.000000000Z,44012367138.7899659902180725
eth,2020-08-24T00:00:00.000000000Z,45909467108.639240753743508
eth,2020-08-25T00:00:00.000000000Z,43086001083.4421199643906305
eth,2020-08-26T00:00:00.000000000Z,43398854775.01150988955798
eth,2020-08-27T00:00:00.000000000Z,42955379762.6098508287554025
eth,2020-08-28T00:00:00.000000000Z,44386475532.713019730345995
eth,2020-08-29T00:00:00.000000000Z,44990635102.9834576954898755
eth,2020-08-30T00:00:00.000000000Z,48123612336.115010831085215
eth,2020-08-31T00:00:00.000000000Z,49016753889.10611377802942
eth,2020-09-01T00:00:00.000000000Z,54043001554.143677114280431
eth,2020-09-02T00:00:00.000000000Z,49604706439.4126026801988505
eth,2020-09-03T00:00:00.000000000Z,43126064878.735594279519456
eth,2020-09-04T00:00:00.000000000Z,43482808588.43877611672104
eth,2020-09-05T00:00:00.000000000Z,37274408054.482873363370289
eth,2020-09-06T00:00:00.000000000Z,39731784326.154603472433401
eth,2020-09-07T00:00:00.000000000Z,39689378765.207909280450162
eth,2020-09-08T00:00:00.000000000Z,37883840550.240904063557318
eth,2020-09-09T00:00:00.000000000Z,39614236623.1276485756707235
eth,2020-09-10T00:00:00.000000000Z,41343847912.497552672364101
eth,2020-09-11T00:00:00.000000000Z,42090063700.7573804748038175
eth,2020-09-12T00:00:00.000000000Z,43474037972.938663797712852
eth,2020-09-13T00:00:00.000000000Z,41163062919.2545357295806355
eth,2020-09-14T00:00:00.000000000Z,42311901608.108193360340568
eth,2020-09-15T00:00:00.000000000Z,40981011851.141445419962261
eth,2020-09-16T00:00:00.000000000Z,41142006315.9848860446819465
eth,2020-09-17T00:00:00.000000000Z,43864015102.339018756566078
eth,2020-09-18T00:00:00.000000000Z,43060084460.123669403647064
eth,2020-09-19T00:00:00.000000000Z,43401541038.2103749159183265
eth,2020-09-20T00:00:00.000000000Z,41824882603.326495114040794
eth,2020-09-21T00:00:00.000000000Z,38590167825.057701636347718
eth,2020-09-22T00:00:00.000000000Z,38712898126.931464291314472
eth,2020-09-23T00:00:00.000000000Z,36134668149.152972043961225
eth,2020-09-24T00:00:00.000000000Z,39358014556.0891949055237855
eth,2020-09-25T00:00:00.000000000Z,39652509376.762025974807308
eth,2020-09-26T00:00:00.000000000Z,39982772725.416567103117788
eth,2020-09-27T00:00:00.000000000Z,40159044442.382497895813724
eth,2020-09-28T00:00:00.000000000Z,40089110282.33383282716825
eth,2020-09-29T00:00:00.000000000Z,40572242930.239188150671964
eth,2020-09-30T00:00:00.000000000Z,40608069001.019953674717072
eth,2020-10-01T00:00:00.000000000Z,39753638204.437285131236156
eth,2020-10-02T00:00:00.000000000Z,39018189332.943257634202444
eth,2020-10-03T00:00:00.000000000Z,39118896491.025657159208928
eth,2020-10-04T00:00:00.000000000Z,39765280838.7549417039419065
eth,2020-10-05T00:00:00.000000000Z,39866190585.3246320017161
eth,2020-10-06T00:00:00.000000000Z,38393439819.02707032378483
eth,2020-10-07T00:00:00.000000000Z,38517272032.394444447170713
eth,2020-10-08T00:00:00.000000000Z,39579494149.286361951513612
eth,2020-10-09T00:00:00.000000000Z,41359367217.169032157391084
eth,2020-10-10T00:00:00.000000000Z,41932940977.902373755230934
eth,2020-10-11T00:00:00.000000000Z,42261276052.201140706449543
eth,2020-10-12T00:00:00.000000000Z,43794329458.798462415086764
eth,2020-10-13T00:00:00.000000000Z,43107369627.286566440773854
eth,2020-10-14T00:00:00.000000000Z,42805800702.3923803930400595
eth,2020-10-15T00:00:00.000000000Z,42661073711.842961579093493
eth,2020-10-16T00:00:00.000000000Z,41400056823.842993872846488
eth,2020-10-17T00:00:00.000000000Z,41633142797.5839856631813025
eth,2020-10-18T00:00:00.000000000Z,42723797157.248741884274518
eth,2020-10-19T00:00:00.000000000Z,42903166320.7983368915821755
eth,2020-10-20T00:00:00.000000000Z,41707584653.542163273545081
eth,2020-10-21T00:00:00.000000000Z,44384831965.463092209019806
eth,2020-10-22T00:00:00.000000000Z,46874253479.905853570960785
eth,2020-10-23T00:00:00.000000000Z,46303400782.524999401474688
eth,2020-10-24T00:00:00.000000000Z,46640269106.961329313844515
eth,2020-10-25T00:00:00.000000000Z,46020668226.0468008013680385
eth,2020-10-26T00:00:00.000000000Z,44585414597.015923421854023
eth,2020-10-27T00:00:00.000000000Z,45726338651.344655776510772
eth,2020-10-28T00:00:00.000000000Z,44018002202.648085239308635
eth,2020-10-29T00:00:00.000000000Z,43783900656.967539206747352
eth,2020-10-30T00:00:00.000000000Z,43427791352.175978347940912
eth,2020-10-31T00:00:00.000000000Z,43771395808.051257900568896
eth,2020-11-01T00:00:00.000000000Z,44794947443.51714310992327
eth,2020-11-02T00:00:00.000000000Z,43471889989.2782775142091445
eth,2020-11-03T00:00:00.000000000Z,44009375960.33692970273184684
eth,2020-11-04T00:00:00.000000000Z,45515313895.007007361116654375
eth,2020-11-05T00:00:00.000000000Z,47243042416.8911394557866131
eth,2020-11-06T00:00:00.000000000Z,51718674196.7551942469401057
eth,2020-11-07T00:00:00.000000000Z,49495234269.2822209453142534
eth,2020-11-08T00:00:00.000000000Z,51609557493.426101859793439875
eth,2020-11-09T00:00:00.000000000Z,50388432680.7987448596057144
eth,2020-11-10T00:00:00.000000000Z,51182713291.5418674039239292
eth,2020-11-11T00:00:00.000000000Z,52630307643.9843670220554028
eth,2020-11-12T00:00:00.000000000Z,52483547934.6329263359498798
eth,2020-11-13T00:00:00.000000000Z,54043954188.11712706600670964
eth,2020-11-14T00:00:00.000000000Z,52460351696.6284541280544992
eth,2020-11-15T00:00:00.000000000Z,50968726410.2256130542577912
eth,2020-11-16T00:00:00.000000000Z,52439303240.27991376196064495
eth,2020-11-17T00:00:00.000000000Z,54764598181.229192793883871525
eth,2020-11-18T00:00:00.000000000Z,54407650003.9200897860087297
eth,2020-11-19T00:00:00.000000000Z,53467455292.36299022263313975
eth,2020-11-20T00:00:00.000000000Z,57833655429.958622988002253475
eth,2020-11-21T00:00:00.000000000Z,62130116927.1700991487609309
eth,2020-11-22T00:00:00.000000000Z,64155768064.0761634543313916
eth,2020-11-23T00:00:00.000000000Z,68941420584.1998540628381322
eth,2020-11-24T00:00:00.000000000Z,68649757667.685063438463744
eth,2020-11-25T00:00:00.000000000Z,64532707820.21649483235144305
eth,2020-11-26T00:00:00.000000000Z,58878474304.6490924050690573
eth,2020-11-27T00:00:00.000000000Z,58731546980.197994977539316
eth,2020-11-28T00:00:00.000000000Z,61440808506.013312012098774
eth,2020-11-29T00:00:00.000000000Z,65316285190.6838113817294032
eth,2020-11-30T00:00:00.000000000Z,69709797643.854449896320896
eth,2020-12-01T00:00:00.000000000Z,66852274402.4688515624042282
eth,2020-12-02T00:00:00.000000000Z,68073554769.0077738255656932
eth,2020-12-03T00:00:00.000000000Z,70199089676.3009695565226663
eth,2020-12-04T00:00:00.000000000Z,65048717200.0795801356533762
eth,2020-12-05T00:00:00.000000000Z,67641822105.5134419286691297
eth,2020-12-06T00:00:00.000000000Z,68483549097.7922569913574507
eth,2020-12-07T00:00:00.000000000Z,67305861943.57244516493375495
eth,2020-12-08T00:00:00.000000000Z,63048370940.524604342980851
eth,2020-12-09T00:00:00.000000000Z,65319035865.6105669314883147
eth,2020-12-10T00:00:00.000000000Z,63761025401.4621858607558177
eth,2020-12-11T00:00:00.000000000Z,62065585552.524078901420272
eth,2020-12-12T00:00:00.000000000Z,64697278560.714654143783124
eth,2020-12-13T00:00:00.000000000Z,67206113453.2627933400643225
eth,2020-12-14T00:00:00.000000000Z,66752768792.5306450376160755
eth,2020-12-15T00:00:00.000000000Z,67048839806.666995618841238
eth,2020-12-16T00:00:00.000000000Z,72430880317.7362477887034455
eth,2020-12-17T00:00:00.000000000Z,73189108080.5924815379968785
eth,2020-12-18T00:00:00.000000000Z,74247988547.10995046415058
eth,2020-12-19T00:00:00.000000000Z,75134163428.520800508675953
eth,2020-12-20T00:00:00.000000000Z,72733788308.763628703790913
eth,2020-12-21T00:00:00.000000000Z,69778889327.4811140731581035
eth,2020-12-22T00:00:00.000000000Z,72251497111.774997062517445
eth,2020-12-23T00:00:00.000000000Z,67056518587.1022094616412315
eth,2020-12-24T00:00:00.000000000Z,69729451065.659018369264067
eth,2020-12-25T00:00:00.000000000Z,71327143892.5477978930388175
eth,2020-12-26T00:00:00.000000000Z,72471574959.356349078081353
eth,2020-12-27T00:00:00.000000000Z,78484945438.757179149615893
eth,2020-12-28T00:00:00.000000000Z,83287062649.370864303420104
eth,2020-12-29T00:00:00.000000000Z,83458671524.511834685058386
eth,2020-12-30T00:00:00.000000000Z,85666191925.302977186382065
eth,2020-12-31T00:00:00.000000000Z,84286915998.448497766016863
eth,2021-01-01T00:00:00.000000000Z,83371600687.193447308585665
eth,2021-01-02T00:00:00.000000000Z,88444643858.516706164523984
eth,2021-01-03T00:00:00.000000000Z,112992827132.180963629686584
eth,2021-01-04T00:00:00.000000000Z,117565039436.41921176658968
eth,2021-01-05T00:00:00.000000000Z,125708935410.54224279966872
eth,2021-01-06T00:00:00.000000000Z,136885230787.89242387196878
eth,2021-01-07T00:00:00.000000000Z,139282787723.47940991294696
eth,2021-01-08T00:00:00.000000000Z,139260996522.61805029828184
eth,2021-01-09T00:00:00.000000000Z,146937430255.07070006941814
eth,2021-01-10T00:00:00.000000000Z,144495863161.77533322197312
eth,2021-01-11T00:00:00.000000000Z,123668084991.430898113936
eth,2021-01-12T00:00:00.000000000Z,118649684439.89770438731825
eth,2021-01-13T00:00:00.000000000Z,128840028066.72971498986689
eth,2021-01-14T00:00:00.000000000Z,138530746462.894216552545235
eth,2021-01-15T00:00:00.000000000Z,133408639741.20980938788565
eth,2021-01-16T00:00:00.000000000Z,140722125057.0897484178885
eth,2021-01-17T00:00:00.000000000Z,141943180977.94620445467444
eth,2021-01-18T00:00:00.000000000Z,143115130072.29445409258086
eth,2021-01-19T00:00:00.000000000Z,158441290714.20103283032261
eth,2021-01-20T00:00:00.000000000Z,156372297179.02092549343216
eth,2021-01-21T00:00:00.000000000Z,129507384705.56018802340884
eth,2021-01-22T00:00:00.000000000Z,141263668177.863691608660435
eth,2021-01-23T00:00:00.000000000Z,140981872901.22742021960697
eth,2021-01-24T00:00:00.000000000Z,158666207761.33501309593581
eth,2021-01-25T00:00:00.000000000Z,151635834010.556102030953335
eth,2021-01-26T00:00:00.000000000Z,155799929301.46566279183898
eth,2021-01-27T00:00:00.000000000Z,142556249174.79960484027602
eth,2021-01-28T00:00:00.000000000Z,153539475089.3623266029024
eth,2021-01-29T00:00:00.000000000Z,158322469086.54904406049468
eth,2021-01-30T00:00:00.000000000Z,157935796413.09115422761712
eth,2021-01-31T00:00:00.000000000Z,150797241403.1983115873895
eth,2021-02-01T00:00:00.000000000Z,156838168765.93679654056524
eth,2021-02-02T00:00:00.000000000Z,174513861659.040202462741155
eth,2021-02-03T00:00:00.000000000Z,190033689373.90470820090207
eth,2021-02-04T00:00:00.000000000Z,184201540613.43992904950652
eth,2021-02-05T00:00:00.000000000Z,197060852682.25437533999736
eth,2021-02-06T00:00:00.000000000Z,192871957551.13045274461271
eth,2021-02-07T00:00:00.000000000Z,185142454684.44711140094107
eth,2021-02-08T00:00:00.000000000Z,199773626601.281527853435535
eth,2021-02-09T00:00:00.000000000Z,202924057060.05547168775224
eth,2021-02-10T00:00:00.000000000Z,200355536883.19624833330357
eth,2021-02-11T00:00:00.000000000Z,204662692140.064305791704235
eth,2021-02-12T00:00:00.000000000Z,211664734859.76815028209055
eth,2021-02-13T00:00:00.000000000Z,208589629984.546528988520885
eth,2021-02-14T00:00:00.000000000Z,207714210418.94653015387935
eth,2021-02-15T00:00:00.000000000Z,204982692181.99188671225799
eth,2021-02-16T00:00:00.000000000Z,204214365330.21364303340273
eth,2021-02-17T00:00:00.000000000Z,211650223122.312548871423475
eth,2021-02-18T00:00:00.000000000Z,221675453100.14613330944736
eth,2021-02-19T00:00:00.000000000Z,224983760125.45948486544132
eth,2021-02-20T00:00:00.000000000Z,219477815079.26134931967312
eth,2021-02-21T00:00:00.000000000Z,221922796312.870214810950495
eth,2021-02-22T00:00:00.000000000Z,203278778240.47547498983458
eth,2021-02-23T00:00:00.000000000Z,179409338129.01319384226112
eth,2021-02-24T00:00:00.000000000Z,185574336588.36378902070504
eth,2021-02-25T00:00:00.000000000Z,171233323989.80632457458794
eth,2021-02-26T00:00:00.000000000Z,165608952712.34650597930476
eth,2021-02-27T00:00:00.000000000Z,166975435622.902198042537305
eth,2021-02-28T00:00:00.000000000Z,163704942653.35437484590916
eth,2021-03-01T00:00:00.000000000Z,179558027072.31060915664014
eth,2021-03-02T00:00:00.000000000Z,171152187137.87948413837859
eth,2021-03-03T00:00:00.000000000Z,181993705149.19096910970992
eth,2021-03-04T00:00:00.000000000Z,176724272859.58729866953098
eth,2021-03-05T00:00:00.000000000Z,175919793871.56999354536985
eth,2021-03-06T00:00:00.000000000Z,190766560074.562493397530385
eth,2021-03-07T00:00:00.000000000Z,197607984308.554082362442525
eth,2021-03-08T00:00:00.000000000Z,209927379711.21435893343051
eth,2021-03-09T00:00:00.000000000Z,214079929593.27453513881848
eth,2021-03-10T00:00:00.000000000Z,207366478416.94224781360345
eth,2021-03-11T00:00:00.000000000Z,210184142306.85695769586116
eth,2021-03-12T00:00:00.000000000Z,203398966523.79742280866464
eth,2021-03-13T00:00:00.000000000Z,221677557285.128571934927345
eth,2021-03-14T00:00:00.000000000Z,215600090797.89657546793792
eth,2021-03-15T00:00:00.000000000Z,206738489265.959168888444005
eth,2021-03-16T00:00:00.000000000Z,206768115393.54156018067339
eth,2021-03-17T00:00:00.000000000Z,209314640015.81519743382503
eth,2021-03-18T00:00:00.000000000Z,205055043542.557584988056605
eth,2021-03-19T00:00:00.000000000Z,208386004775.563770487497225
eth,2021-03-20T00:00:00.000000000Z,208683638250.061835916178245
eth,2021-03-21T00:00:00.000000000Z,205482135437.12901898695479
eth,2021-03-22T00:00:00.000000000Z,194496539578.519490550492765
eth,2021-03-23T00:00:00.000000000Z,192520012038.808381188246855
eth,2021-03-24T00:00:00.000000000Z,182767878811.717684558519475
eth,2021-03-25T00:00:00.000000000Z,183025561445.640169334690535
eth,2021-03-26T00:00:00.000000000Z,195343197021.47680824745768
eth,2021-03-27T00:00:00.000000000Z,197952777813.3487493241408
eth,2021-03-28T00:00:00.000000000Z,194178474643.74842786435817
eth,2021-03-29T00:00:00.000000000Z,208719567360.9754394255232
eth,2021-03-30T00:00:00.000000000Z,212170627657.71611718142824
eth,2021-03-31T00:00:00.000000000Z,220956711035.966537726089905
eth,2021-04-01T00:00:00.000000000Z,227249378741.12273887568921
eth,2021-04-02T00:00:00.000000000Z,246049640305.227596153912145
eth,2021-04-03T00:00:00.000000000Z,233518575129.31280871550509
eth,2021-04-04T00:00:00.000000000Z,239571330038.207357492156855
eth,2021-04-05T00:00:00.000000000Z,242152177160.0472490074237
eth,2021-04-06T00:00:00.000000000Z,244184904434.94532857183198
eth,2021-04-07T00:00:00.000000000Z,229042657476.37945784227086
eth,2021-04-08T00:00:00.000000000Z,239817114712.564546570472985
eth,2021-04-09T00:00:00.000000000Z,238403131317.166249893650055
eth,2021-04-10T00:00:00.000000000Z,245832239279.243353515388805
eth,2021-04-11T00:00:00.000000000Z,247498491172.93914958994375
eth,2021-04-12T00:00:00.000000000Z,247349314547.27327424321811
eth,2021-04-13T00:00:00.000000000Z,265279596891.748922185573035
eth,2021-04-14T00:00:00.000000000Z,280598077838.173451844867705
eth,2021-04-15T00:00:00.000000000Z,290940687884.01610463606006
eth,2021-04-16T00:00:00.000000000Z,280438974612.349005795919955
eth,2021-04-17T00:00:00.000000000Z,270516207949.643482453189955
eth,2021-04-18T00:00:00.000000000Z,259149172175.355996725489225
eth,2021-04-19T00:00:00.000000000Z,250531868807.2336568984265
eth,2021-04-20T00:00:00.000000000Z,269033028487.48750868248414
eth,2021-04-21T00:00:00.000000000Z,273165786098.98405197726977
eth,2021-04-22T00:00:00.000000000Z,279636457122.688072740277655
eth,2021-04-23T00:00:00.000000000Z,272435428978.75749088534608
eth,2021-04-24T00:00:00.000000000Z,258533809757.100828544183535
eth,2021-04-25T00:00:00.000000000Z,265959371176.24203567164813
eth,2021-04-26T00:00:00.000000000Z,292063340284.41833510633688
eth,2021-04-27T00:00:00.000000000Z,306007131815.56388741212945
eth,2021-04-28T00:00:00.000000000Z,316899844153.247559822467985
eth,2021-04-29T00:00:00.000000000Z,319281940840.38536597170068
eth,2021-04-30T00:00:00.000000000Z,320451004871.53604047091968
eth,2021-05-01T00:00:00.000000000Z,341199273314.42687186467518
eth,2021-05-02T00:00:00.000000000Z,341604894651.49196974633608
eth,2021-05-03T00:00:00.000000000Z,396975587827.206240516138165
eth,2021-05-04T00:00:00.000000000Z,378996598293.347677034978985
eth,2021-05-05T00:00:00.000000000Z,408095752550.10674076250942
eth,2021-05-06T00:00:00.000000000Z,405205643546.71333663163727
eth,2021-05-07T00:00:00.000000000Z,403179396604.937290411949645
eth,2021-05-08T00:00:00.000000000Z,450017619945.65758583900672
eth,2021-05-09T00:00:00.000000000Z,453464297377.3850361316851
eth,2021-05-10T00:00:00.000000000Z,457941556222.289583616069425
eth,2021-05-11T00:00:00.000000000Z,481332226085.553297074270935
eth,2021-05-12T00:00:00.000000000Z,460506092741.75686411121856
eth,2021-05-13T00:00:00.000000000Z,427155480764.76943789578165
eth,2021-05-14T00:00:00.000000000Z,473498627376.732583776886645
eth,2021-05-15T00:00:00.000000000Z,425568398498.65401594472815
eth,2021-05-16T00:00:00.000000000Z,413245749100.68057867281484
eth,2021-05-17T00:00:00.000000000Z,380167139202.44309655881762
eth,2021-05-18T00:00:00.000000000Z,390436471359.54228623583549
eth,2021-05-19T00:00:00.000000000Z,293969345409.34690205890397
eth,2021-05-20T00:00:00.000000000Z,322083681187.99492630653854
eth,2021-05-21T00:00:00.000000000Z,279919817798.94269859148528
eth,2021-05-22T00:00:00.000000000Z,269150072428.07004556285603
eth,2021-05-23T00:00:00.000000000Z,244216529209.8595681218324
eth,2021-05-24T00:00:00.000000000Z,304629768524.78542218512264
eth,2021-05-25T00:00:00.000000000Z,312834574411.2242066252052
eth,2021-05-26T00:00:00.000000000Z,332842129963.80007481593228
eth,2021-05-27T00:00:00.000000000Z,318304372194.27582098852804
eth,2021-05-28T00:00:00.000000000Z,280299272048.668735868580315
eth,2021-05-29T00:00:00.000000000Z,265656136637.114221048888575
eth,2021-05-30T00:00:00.000000000Z,277626187692.312243218184625
eth,2021-05-31T00:00:00.000000000Z,313356864711.12673956525288
eth,2021-06-01T00:00:00.000000000Z,304916083736.04415694806508
eth,2021-06-02T00:00:00.000000000Z,315048918939.3084873102115
eth,2021-06-03T00:00:00.000000000Z,331975922462.83697353570836
eth,2021-06-04T00:00:00.000000000Z,312347942010.279396781903455
eth,2021-06-05T00:00:00.000000000Z,302591684255.859075233435565
eth,2021-06-06T00:00:00.000000000Z,314374548374.05447419679728
eth,2021-06-07T00:00:00.000000000Z,302102920285.23647972780992
eth,2021-06-08T00:00:00.000000000Z,292713796763.992264483167135
eth,2021-06-09T00:00:00.000000000Z,302808431968.24959339001032
eth,2021-06-10T00:00:00.000000000Z,288402172775.112132034878295
eth,2021-06-11T00:00:00.000000000Z,272586196607.90950167760236
eth,2021-06-12T00:00:00.000000000Z,276780659548.74668495446578
eth,2021-06-13T00:00:00.000000000Z,291207119551.73169905635168
eth,2021-06-14T00:00:00.000000000Z,299659402440.14835564327387
eth,2021-06-15T00:00:00.000000000Z,296867703454.49696027991354
eth,2021-06-16T00:00:00.000000000Z,274601356712.68210012193676
eth,2021-06-17T00:00:00.000000000Z,275492310822.35793866040435
eth,2021-06-18T00:00:00.000000000Z,258793920980.74945139062392
eth,2021-06-19T00:00:00.000000000Z,253027091156.45630507446185
eth,2021-06-20T00:00:00.000000000Z,260958401602.146002043625005
eth,2021-06-21T00:00:00.000000000Z,221156818907.24597393863484
eth,2021-06-22T00:00:00.000000000Z,217368048857.95896573317256
eth,2021-06-23T00:00:00.000000000Z,228391682192.21100633792223
eth,2021-06-24T00:00:00.000000000Z,231276342692.107317973808245
eth,2021-06-25T00:00:00.000000000Z,211645935156.244768791529235
eth,2021-06-26T00:00:00.000000000Z,209823786909.91962403480113
eth,2021-06-27T00:00:00.000000000Z,228777127664.665166633650275
eth,2021-06-28T00:00:00.000000000Z,242168915672.99269096310861
eth,2021-06-29T00:00:00.000000000Z,252763171389.716201747840615
eth,2021-06-30T00:00:00.000000000Z,264707059931.8276237536766
eth,2021-07-01T00:00:00.000000000Z,246362916660.93730497746564
eth,2021-07-02T00:00:00.000000000Z,250520854297.13215767042762
eth,2021-07-03T00:00:00.000000000Z,258229918660.14620988161972
eth,2021-07-04T00:00:00.000000000Z,271081287091.860841567789965
eth,2021-07-05T00:00:00.000000000Z,258607334797.168929489114315
eth,2021-07-06T00:00:00.000000000Z,270233436808.17935295375816
eth,2021-07-07T00:00:00.000000000Z,270144856301.1409039336893
eth,2021-07-08T00:00:00.000000000Z,247070410897.9537381857618
eth,2021-07-09T00:00:00.000000000Z,251162680519.65780093364143
eth,2021-07-10T00:00:00.000000000Z,246910154478.3986411542044
eth,2021-07-11T00:00:00.000000000Z,249636374130.61456147436274
eth,2021-07-12T00:00:00.000000000Z,237164062362.54862888311062
eth,2021-07-13T00:00:00.000000000Z,226295178547.5561317267727
eth,2021-07-14T00:00:00.000000000Z,232481722882.2172272406185
eth,2021-07-15T00:00:00.000000000Z,223223253704.5702794124892
eth,2021-07-16T00:00:00.000000000Z,219191266321.2891588689742
eth,2021-07-17T00:00:00.000000000Z,221417439640.8896919196678
eth,2021-07-18T00:00:00.000000000Z,220943143877.28122685877767
eth,2021-07-19T00:00:00.000000000Z,212740140345.97263647545138
eth,2021-07-20T00:00:00.000000000Z,208458695314.26157422835863
eth,2021-07-21T00:00:00.000000000Z,231855750187.412044898272705
eth,2021-07-22T00:00:00.000000000Z,236020266918.83422267081986
eth,2021-07-23T00:00:00.000000000Z,246768914672.90955034655167
eth,2021-07-24T00:00:00.000000000Z,254579269015.96651237541661
eth,2021-07-25T00:00:00.000000000Z,255555842038.18293999892973
eth,2021-07-26T00:00:00.000000000Z,261861090746.45728848906328
eth,2021-07-27T00:00:00.000000000Z,267157071638.996409321175925
eth,2021-07-28T00:00:00.000000000Z,268449455274.12939240810623
eth,2021-07-29T00:00:00.000000000Z,278697938206.30933612180986
eth,2021-07-30T00:00:00.000000000Z,286543547319.35854128399072
eth,2021-07-31T00:00:00.000000000Z,297456298847.726246740880115
eth,2021-08-01T00:00:00.000000000Z,299753588681.00716767481369
eth,2021-08-02T00:00:00.000000000Z,306254400700.59300309728445
eth,2021-08-03T00:00:00.000000000Z,293877809589.570847053510815
eth,2021-08-04T00:00:00.000000000Z,319059704008.62737314677966
eth,2021-08-05T00:00:00.000000000Z,330512670044.85052333462536
eth,2021-08-06T00:00:00.000000000Z,337861305874.0870901470563
eth,2021-08-07T00:00:00.000000000Z,367775945502.33242702790893
eth,2021-08-08T00:00:00.000000000Z,354241101282.60270926252025
eth,2021-08-09T00:00:00.000000000Z,369603194379.96551682931594
eth,2021-08-10T00:00:00.000000000Z,367706310743.65498268397468
eth,2021-08-11T00:00:00.000000000Z,370893941351.60903551658016
eth,2021-08-12T00:00:00.000000000Z,355658382638.04729595760736
eth,2021-08-13T00:00:00.000000000Z,388297302188.67016400532965
eth,2021-08-14T00:00:00.000000000Z,382778287525.776288502263045
eth,2021-08-15T00:00:00.000000000Z,387713411386.17557349348902
eth,2021-08-16T00:00:00.000000000Z,369843079099.894861177300115
eth,2021-08-17T00:00:00.000000000Z,353814228931.94813165988362
eth,2021-08-18T00:00:00.000000000Z,356286406901.26616646907574
eth,2021-08-19T00:00:00.000000000Z,371868795447.29043063861881
eth,2021-08-20T00:00:00.000000000Z,384117812649.550834631666445
eth,2021-08-21T00:00:00.000000000Z,379072829731.08520019014512
eth,2021-08-22T00:00:00.000000000Z,380427079349.732060456404425
eth,2021-08-23T00:00:00.000000000Z,389466640631.18615529098565
eth,2021-08-24T00:00:00.000000000Z,373213236497.132902555241415
eth,2021-08-25T00:00:00.000000000Z,378543390402.39246346822302
eth,2021-08-26T00:00:00.000000000Z,365910514350.06026597319056
eth,2021-08-27T00:00:00.000000000Z,383474900636.034496790817975
eth,2021-08-28T00:00:00.000000000Z,380312490004.07610429150084
eth,2021-08-29T00:00:00.000000000Z,378976854326.701241586172935
eth,2021-08-30T00:00:00.000000000Z,379893741664.906246109003295
eth,2021-08-31T00:00:00.000000000Z,402649951646.33525319024537
eth,2021-09-01T00:00:00.000000000Z,445158547438.58788841483931
eth,2021-09-02T00:00:00.000000000Z,444982792779.66748941189516
eth,2021-09-03T00:00:00.000000000Z,459902963984.13170664565299
eth,2021-09-04T00:00:00.000000000Z,456158761248.53365697629412
eth,2021-09-05T00:00:00.000000000Z,464238619675.545975029199035
eth,2021-09-06T00:00:00.000000000Z,461265353502.198899713772895
eth,2021-09-07T00:00:00.000000000Z,403080865360.87739295803713
eth,2021-09-08T00:00:00.000000000Z,411925739786.22590888133246
eth,2021-09-09T00:00:00.000000000Z,403174866150.85809060919884
eth,2021-09-10T00:00:00.000000000Z,376359800664.136914143753655
eth,2021-09-11T00:00:00.000000000Z,382868066061.18941521569624
eth,2021-09-12T00:00:00.000000000Z,401534382020.43934963820864
eth,2021-09-13T00:00:00.000000000Z,386520879010.25674846290366
eth,2021-09-14T00:00:00.000000000Z,401856286283.35667182894994
eth,2021-09-15T00:00:00.000000000Z,422044705384.18907848930493
eth,2021-09-16T00:00:00.000000000Z,419349764131.25921890696005
eth,2021-09-17T00:00:00.000000000Z,399272982824.372692830047725
eth,2021-09-18T00:00:00.000000000Z,402669757692.81165586180464
eth,2021-09-19T00:00:00.000000000Z,390366032356.619234685501745
eth,2021-09-20T00:00:00.000000000Z,348709579436.31159505269438
eth,2021-09-21T00:00:00.000000000Z,322932353247.233236130423625
eth,2021-09-22T00:00:00.000000000Z,360358100979.45223576353387
eth,2021-09-23T00:00:00.000000000Z,370254001240.3877204226744
eth,2021-09-24T00:00:00.000000000Z,345009620498.3309118288303
eth,2021-09-25T00:00:00.000000000Z,345040478865.0751067394552
eth,2021-09-26T00:00:00.000000000Z,358743186069.839049063133665
eth,2021-09-27T00:00:00.000000000Z,347474740010.99447891173178
eth,2021-09-28T00:00:00.000000000Z,331401047587.928037660410435
eth,2021-09-29T00:00:00.000000000Z,334696238351.14353095875442
eth,2021-09-30T00:00:00.000000000Z,353365924664.98949762148257
eth,2021-10-01T00:00:00.000000000Z,388482734133.74285649541024
eth,2021-10-02T00:00:00.000000000Z,399645460469.803876191584325
eth,2021-10-03T00:00:00.000000000Z,402821372682.495456635329125
eth,2021-10-04T00:00:00.000000000Z,399473012703.59897096998224
eth,2021-10-05T00:00:00.000000000Z,414689329313.42671377000183
eth,2021-10-06T00:00:00.000000000Z,422749954698.35456210308096
eth,2021-10-07T00:00:00.000000000Z,422901066088.412619862886005
eth,2021-10-08T00:00:00.000000000Z,419624556565.20632672138184
eth,2021-10-09T00:00:00.000000000Z,421885219382.80262395548415
eth,2021-10-10T00:00:00.000000000Z,404504581668.137503446028245
eth,2021-10-11T00:00:00.000000000Z,414872519609.34620093711206
eth,2021-10-12T00:00:00.000000000Z,411582431059.03022050205541
eth,2021-10-13T00:00:00.000000000Z,424162427468.649417819341785
eth,2021-10-14T00:00:00.000000000Z,446493846534.07140263837467
eth,2021-10-15T00:00:00.000000000Z,455409358275.70619275762671
eth,2021-10-16T00:00:00.000000000Z,452518766564.96237415463044
eth,2021-10-17T00:00:00.000000000Z,452526971608.11899448793349
eth,2021-10-18T00:00:00.000000000Z,441922247575.70966921983523
eth,2021-10-19T00:00:00.000000000Z,457187787658.938038137065135
eth,2021-10-20T00:00:00.000000000Z,490084350761.55661983100312
eth,2021-10-21T00:00:00.000000000Z,479729688304.43165198744981
eth,2021-10-22T00:00:00.000000000Z,469207119691.7056873341727
eth,2021-10-23T00:00:00.000000000Z,490983764618.09484534929884
eth,2021-10-24T00:00:00.000000000Z,481243020708.861832378086975
eth,2021-10-25T00:00:00.000000000Z,497568588683.75090874476154
eth,2021-10-26T00:00:00.000000000Z,487733424859.82929265116917
eth,2021-10-27T00:00:00.000000000Z,466176756878.80541311480556
eth,2021-10-28T00:00:00.000000000Z,505339339052.3664797447686
eth,2021-10-29T00:00:00.000000000Z,521273243322.29173220907126
eth,2021-10-30T00:00:00.000000000Z,509301466939.7769563171275
eth,2021-10-31T00:00:00.000000000Z,507306510443.04698500918656
eth,2021-11-01T00:00:00.000000000Z,511123806098.59075987346031
eth,2021-11-02T00:00:00.000000000Z,541972998266.006701661835425
eth,2021-11-03T00:00:00.000000000Z,543511344995.95703366872647
eth,2021-11-04T00:00:00.000000000Z,536097238048.805600378523465
eth,2021-11-05T00:00:00.000000000Z,529214179763.1383495187422
eth,2021-11-06T00:00:00.000000000Z,533385828883.4527763707557
eth,2021-11-07T00:00:00.000000000Z,544990280197.57231055583427
eth,2021-11-08T00:00:00.000000000Z,568924305550.7672276102628
eth,2021-11-09T00:00:00.000000000Z,560063743836.335681370419985
eth,2021-11-10T00:00:00.000000000Z,546437906944.66737592598022
eth,2021-11-11T00:00:00.000000000Z,559250915932.36720480871564
eth,2021-11-12T00:00:00.000000000Z,551625921749.525593540631265
eth,2021-11-13T00:00:00.000000000Z,549579548899.7510536800877
eth,2021-11-14T00:00:00.000000000Z,545448741751.72525562252007
eth,2021-11-15T00:00:00.000000000Z,540763337072.86294932707844
eth,2021-11-16T00:00:00.000000000Z,501141644885.525468196551585
eth,2021-11-17T00:00:00.000000000Z,504922072169.234456586038315
eth,2021-11-18T00:00:00.000000000Z,471840692520.21861392837767
eth,2021-11-19T00:00:00.000000000Z,508077138723.622104174010455
eth,2021-11-20T00:00:00.000000000Z,522562372643.034614858295055
eth,2021-11-21T00:00:00.000000000Z,510415795085.13929612915548
eth,2021-11-22T00:00:00.000000000Z,485209208325.729637274650775
eth,2021-11-23T00:00:00.000000000Z,515040413718.04012452688812
eth,2021-11-24T00:00:00.000000000Z,504887588436.09417562997879
eth,2021-11-25T00:00:00.000000000Z,536230882409.80713041671812
eth,2021-11-26T00:00:00.000000000Z,480122614037.92095150144019
eth,2021-11-27T00:00:00.000000000Z,484312897329.090328045661
eth,2021-11-28T00:00:00.000000000Z,508563374295.891355867646985
eth,2021-11-29T00:00:00.000000000Z,527268875430.16480730375751
eth,2021-11-30T00:00:00.000000000Z,550637454947.68879891082636
eth,2021-12-01T00:00:00.000000000Z,543524391893.60700089603187
eth,2021-12-02T00:00:00.000000000Z,536826738375.90839943809017
eth,2021-12-03T00:00:00.000000000Z,501950455625.86262045254599
eth,2021-12-04T00:00:00.000000000Z,485975743700.780250040582395
eth,2021-12-05T00:00:00.000000000Z,497037557439.926216696200955
eth,2021-12-06T00:00:00.000000000Z,515047286808.536318128437795
eth,2021-12-07T00:00:00.000000000Z,510575522725.02777559850556
eth,2021-12-08T00:00:00.000000000Z,525290545577.26132726049139
eth,2021-12-09T00:00:00.000000000Z,493307298076.081890543056065
eth,2021-12-10T00:00:00.000000000Z,466580388826.64722988594364
eth,2021-12-11T00:00:00.000000000Z,484195469547.67610750812579
eth,2021-12-12T00:00:00.000000000Z,491539871850.780120474896275
eth,2021-12-13T00:00:00.000000000Z,449700993532.19572168194726
eth,2021-12-14T00:00:00.000000000Z,457195170219.00735619871826
eth,2021-12-15T00:00:00.000000000Z,476824331007.314972043224935
eth,2021-12-16T00:00:00.000000000Z,471868274533.29494273603657
eth,2021-12-17T00:00:00.000000000Z,461467432859.418000819533415
eth,2021-12-18T00:00:00.000000000Z,471075149342.38570104216264
eth,2021-12-19T00:00:00.000000000Z,467767205843.480884079929435
eth,2021-12-20T00:00:00.000000000Z,468070500191.638646193237585
eth,2021-12-21T00:00:00.000000000Z,478738513441.06809592174188
eth,2021-12-22T00:00:00.000000000Z,473530386621.14557583821038
eth,2021-12-23T00:00:00.000000000Z,487505837297.303381616428705
eth,2021-12-24T00:00:00.000000000Z,480823952166.20168427681328
eth,2021-12-25T00:00:00.000000000Z,487387760827.43782500992988
eth,2021-12-26T00:00:00.000000000Z,483927864836.37016133753124
eth,2021-12-27T00:00:00.000000000Z,480896058220.51059858402271
eth,2021-12-28T00:00:00.000000000Z,452615924742.80884366711023
eth,2021-12-29T00:00:00.000000000Z,432752336074.802329446227235
eth,2021-12-30T00:00:00.000000000Z,441053499218.8172354837409
eth,2021-12-31T00:00:00.000000000Z,438595523502.4914694210364
eth,2022-01-01T00:00:00.000000000Z,447462013623.74729020483115
eth,2022-01-02T00:00:00.000000000Z,455997875531.03414707505274
eth,2022-01-03T00:00:00.000000000Z,448086088154.45582855857053
eth,2022-01-04T00:00:00.000000000Z,451850977336.10143331580558
eth,2022-01-05T00:00:00.000000000Z,422034943094.70825293056715
eth,2022-01-06T00:00:00.000000000Z,406313567619.82277954692496
eth,2022-01-07T00:00:00.000000000Z,379796902293.128284187416185
eth,2022-01-08T00:00:00.000000000Z,368260810753.297467192684945
eth,2022-01-09T00:00:00.000000000Z,375681581315.20199463399063
eth,2022-01-10T00:00:00.000000000Z,366795668669.43694923588918
eth,2022-01-11T00:00:00.000000000Z,386143362959.58945313193809
eth,2022-01-12T00:00:00.000000000Z,401779582309.2507138743599
eth,2022-01-13T00:00:00.000000000Z,387556155609.860946424743135
eth,2022-01-14T00:00:00.000000000Z,394230560105.4166793525555
eth,2022-01-15T00:00:00.000000000Z,397341078928.95545126764344
eth,2022-01-16T00:00:00.000000000Z,399994364841.275451555864105
eth,2022-01-17T00:00:00.000000000Z,382732247849.02150080058454
eth,2022-01-18T00:00:00.000000000Z,377373340871.748290808450225
eth,2022-01-19T00:00:00.000000000Z,370218178888.311540410907465
eth,2022-01-20T00:00:00.000000000Z,359106966050.10337328559978
eth,2022-01-21T00:00:00.000000000Z,305867336707.8996331771488
eth,2022-01-22T00:00:00.000000000Z,286316598671.52297633026041
eth,2022-01-23T00:00:00.000000000Z,302172842768.254746193911305
eth,2022-01-24T00:00:00.000000000Z,290950074067.843700032390565
eth,2022-01-25T00:00:00.000000000Z,293280982196.553780265496235
eth,2022-01-26T00:00:00.000000000Z,294355178400.08660259094188
eth,2022-01-27T00:00:00.000000000Z,287887135558.99346104782115
eth,2022-01-28T00:00:00.000000000Z,303783438037.63040639702632
eth,2022-01-29T00:00:00.000000000Z,309504705064.80108104060163
eth,2022-01-30T00:00:00.000000000Z,311611781045.82681727873452
eth,2022-01-31T00:00:00.000000000Z,320685972662.868600523388555
eth,2022-02-01T00:00:00.000000000Z,333772996179.2893765036029
eth,2022-02-02T00:00:00.000000000Z,320804277762.966741005942625
eth,2022-02-03T00:00:00.000000000Z,318930248114.31595976403216
eth,2022-02-04T00:00:00.000000000Z,354710230881.42133066153507
eth,2022-02-05T00:00:00.000000000Z,360446172476.03203395916186
eth,2022-02-06T00:00:00.000000000Z,364280977182.034740203596815
eth,2022-02-07T00:00:00.000000000Z,375792526382.54767718298324
eth,2022-02-08T00:00:00.000000000Z,373596019393.10147321014086
eth,2022-02-09T00:00:00.000000000Z,387391694808.86673891409936
eth,2022-02-10T00:00:00.000000000Z,368175105896.77259144086306
eth,2022-02-11T00:00:00.000000000Z,349512329110.40851586232272
eth,2022-02-12T00:00:00.000000000Z,347969047007.86427505368769
eth,2022-02-13T00:00:00.000000000Z,344404747012.32737306085154
eth,2022-02-14T00:00:00.000000000Z,351091999111.234005677341575
eth,2022-02-15T00:00:00.000000000Z,379707277017.2596660253961
eth,2022-02-16T00:00:00.000000000Z,375596788399.16913231588255
eth,2022-02-17T00:00:00.000000000Z,345432461079.7068975004653
eth,2022-02-18T00:00:00.000000000Z,333118647152.75620782277167
eth,2022-02-19T00:00:00.000000000Z,329911271374.23161611163826
eth,2022-02-20T00:00:00.000000000Z,315445971599.43095803750773
eth,2022-02-21T00:00:00.000000000Z,308599649104.640369780294375
eth,2022-02-22T00:00:00.000000000Z,315498757508.37079141449573
eth,2022-02-23T00:00:00.000000000Z,310215506609.23639900924626
eth,2022-02-24T00:00:00.000000000Z,310521172966.330187689428755
eth,2022-02-25T00:00:00.000000000Z,333846681917.429619726576465
eth,2022-02-26T00:00:00.000000000Z,332578204835.92351717275576
eth,2022-02-27T00:00:00.000000000Z,313073255237.77188242172648
eth,2022-02-28T00:00:00.000000000Z,349034662717.02705580002691
eth,2022-03-01T00:00:00.000000000Z,355669768058.27328883402608
eth,2022-03-02T00:00:00.000000000Z,353928244634.39259619690041
eth,2022-03-03T00:00:00.000000000Z,339867073415.80632205684634
eth,2022-03-04T00:00:00.000000000Z,313650455450.103736442166675
eth,2022-03-05T00:00:00.000000000Z,319086026336.090467207814275
eth,2022-03-06T00:00:00.000000000Z,306540745606.19603699167203
eth,2022-03-07T00:00:00.000000000Z,299755147815.503810968433235
eth,2022-03-08T00:00:00.000000000Z,308990995337.75199900915213
eth,2022-03-09T00:00:00.000000000Z,326912722910.6458389638332
eth,2022-03-10T00:00:00.000000000Z,313094963763.99141612739866
eth,2022-03-11T00:00:00.000000000Z,307278501308.7957741940065
eth,2022-03-12T00:00:00.000000000Z,309180622034.7527519585853
eth,2022-03-13T00:00:00.000000000Z,301817186381.12451065212644
eth,2022-03-14T00:00:00.000000000Z,310593577010.494991676818665
eth,2022-03-15T00:00:00.000000000Z,314450942253.10709357045151
eth,2022-03-16T00:00:00.000000000Z,332203928803.60542091433416
eth,2022-03-17T00:00:00.000000000Z,337894847790.866670725730225
eth,2022-03-18T00:00:00.000000000Z,353518405843.059267980637585
eth,2022-03-19T00:00:00.000000000Z,353909041695.01963589103679
eth,2022-03-20T00:00:00.000000000Z,343504432844.26978261867974
eth,2022-03-21T00:00:00.000000000Z,347924352426.293276419657365
eth,2022-03-22T00:00:00.000000000Z,357366404958.81970432182786
eth,2022-03-23T00:00:00.000000000Z,362748938526.522968380833165
eth,2022-03-24T00:00:00.000000000Z,373471258566.97033036388623
eth,2022-03-25T00:00:00.000000000Z,372838208760.38117087248044
eth,2022-03-26T00:00:00.000000000Z,377827574464.24292755214846
eth,2022-03-27T00:00:00.000000000Z,395059365980.06116928811316
eth,2022-03-28T00:00:00.000000000Z,402040765729.13703329553532
eth,2022-03-29T00:00:00.000000000Z,408357134451.734057252258365
eth,2022-03-30T00:00:00.000000000Z,407246804912.97663478980894
eth,2022-03-31T00:00:00.000000000Z,394402092425.977647094901985
eth,2022-04-01T00:00:00.000000000Z,414245979160.405537345691305
eth,2022-04-02T00:00:00.000000000Z,414947392107.53115583547349
eth,2022-04-03T00:00:00.000000000Z,423356636901.31978521618032
eth,2022-04-04T00:00:00.000000000Z,423869947210.81030152667257
eth,2022-04-05T00:00:00.000000000Z,411885919936.03803989886898
eth,2022-04-06T00:00:00.000000000Z,382871342185.53140975142634
eth,2022-04-07T00:00:00.000000000Z,389467375291.86854711175183
eth,2022-04-08T00:00:00.000000000Z,383205538887.89386289410608
eth,2022-04-09T00:00:00.000000000Z,391933374074.70488440643424
eth,2022-04-10T00:00:00.000000000Z,387184916682.3494917855332
eth,2022-04-11T00:00:00.000000000Z,359212086076.78731305590265
eth,2022-04-12T00:00:00.000000000Z,364385911108.14893952984816
eth,2022-04-13T00:00:00.000000000Z,375329424982.49223763857111
eth,2022-04-14T00:00:00.000000000Z,363484114851.33323827969146
eth,2022-04-15T00:00:00.000000000Z,365877349625.62910549083614
eth,2022-04-16T00:00:00.000000000Z,369087826548.19725674219841
eth,2022-04-17T00:00:00.000000000Z,360805362819.136937847011445
eth,2022-04-18T00:00:00.000000000Z,368278797314.41946010513879
eth,2022-04-19T00:00:00.000000000Z,373875780995.58377019518574
eth,2022-04-20T00:00:00.000000000Z,370804390311.73788950942739
eth,2022-04-21T00:00:00.000000000Z,359494116987.53033376875652
eth,2022-04-22T00:00:00.000000000Z,357080346808.24333406998512
eth,2022-04-23T00:00:00.000000000Z,354406095501.21539680922496
eth,2022-04-24T00:00:00.000000000Z,352367966927.30845885443687
eth,2022-04-25T00:00:00.000000000Z,363017277578.3089213731768
eth,2022-04-26T00:00:00.000000000Z,337646454897.64370333905623
eth,2022-04-27T00:00:00.000000000Z,347985304682.79045436275186
eth,2022-04-28T00:00:00.000000000Z,353720943190.65403705610748
eth,2022-04-29T00:00:00.000000000Z,339475946470.10082362076279
eth,2022-04-30T00:00:00.000000000Z,329156348874.12495523006863
eth,2022-05-01T00:00:00.000000000Z,341175452818.90550036285322
eth,2022-05-02T00:00:00.000000000Z,345125611068.835476109997475
eth,2022-05-03T00:00:00.000000000Z,335440828862.21655970284777
eth,2022-05-04T00:00:00.000000000Z,354277795660.130969728115925
eth,2022-05-05T00:00:00.000000000Z,331377458641.3542220388716
eth,2022-05-06T00:00:00.000000000Z,325482729730.415544130604665
eth,2022-05-07T00:00:00.000000000Z,318163134631.90216586035844
eth,2022-05-08T00:00:00.000000000Z,304090299467.98754712061293
eth,2022-05-09T00:00:00.000000000Z,272537857326.37255294649806
eth,2022-05-10T00:00:00.000000000Z,282825657376.89841914426864
eth,2022-05-11T00:00:00.000000000Z,249698380426.19404388371156
eth,2022-05-12T00:00:00.000000000Z,236465889627.9621845033837
eth,2022-05-13T00:00:00.000000000Z,243446671953.59783271387558
eth,2022-05-14T00:00:00.000000000Z,247946859793.88425036590929
eth,2022-05-15T00:00:00.000000000Z,258345620834.83361680234316
eth,2022-05-16T00:00:00.000000000Z,244320114332.49966676516944
eth,2022-05-17T00:00:00.000000000Z,252835014001.82611192996452
eth,2022-05-18T00:00:00.000000000Z,232096764910.03080594412224
eth,2022-05-19T00:00:00.000000000Z,243645372231.20921290481204
eth,2022-05-20T00:00:00.000000000Z,237104421494.09053967750976
eth,2022-05-21T00:00:00.000000000Z,238549242171.84886260800214
eth,2022-05-22T00:00:00.000000000Z,247130959871.59573562835279
eth,2022-05-23T00:00:00.000000000Z,238218263509.68156976445928
eth,2022-05-24T00:00:00.000000000Z,239112495204.015015808066665
eth,2022-05-25T00:00:00.000000000Z,235090092905.56959196921408
eth,2022-05-26T00:00:00.000000000Z,218591374583.38341416794249
eth,2022-05-27T00:00:00.000000000Z,208165229119.14520431021486
eth,2022-05-28T00:00:00.000000000Z,216942111247.9078661540602
eth,2022-05-29T00:00:00.000000000Z,219069721204.68773398552965
eth,2022-05-30T00:00:00.000000000Z,241526869241.34310012398506
eth,2022-05-31T00:00:00.000000000Z,235602013781.60262047350888
eth,2022-06-01T00:00:00.000000000Z,221145874083.4364303337636
eth,2022-06-02T00:00:00.000000000Z,222107306455.859124495694
eth,2022-06-03T00:00:00.000000000Z,214620701244.50777345006574
eth,2022-06-04T00:00:00.000000000Z,217755960034.336428235182435
eth,2022-06-05T00:00:00.000000000Z,218581911523.626607320389555
eth,2022-06-06T00:00:00.000000000Z,224823040845.4498661523824
eth,2022-06-07T00:00:00.000000000Z,219457975480.18599808069208
eth,2022-06-08T00:00:00.000000000Z,217293999357.56852616630686
eth,2022-06-09T00:00:00.000000000Z,216429811470.61696476205542
eth,2022-06-10T00:00:00.000000000Z,201351016647.22032615001501
eth,2022-06-11T00:00:00.000000000Z,185261478930.20599107942897
eth,2022-06-12T00:00:00.000000000Z,175574210345.81077211383531
eth,2022-06-13T00:00:00.000000000Z,144430654812.8811537942783
eth,2022-06-14T00:00:00.000000000Z,146066594196.06733923350424
eth,2022-06-15T00:00:00.000000000Z,148865676425.07238825652184
eth,2022-06-16T00:00:00.000000000Z,128706846154.83586196745728
eth,2022-06-17T00:00:00.000000000Z,131744481000.1967798677188
eth,2022-06-18T00:00:00.000000000Z,120337019924.037197354334486
eth,2022-06-19T00:00:00.000000000Z,136299547861.0235096922384
eth,2022-06-20T00:00:00.000000000Z,136072433439.15391304741282
eth,2022-06-21T00:00:00.000000000Z,136379167784.416767563161335
eth,2022-06-22T00:00:00.000000000Z,127623165236.84497898814824
eth,2022-06-23T00:00:00.000000000Z,138823650847.41078041213775
eth,2022-06-24T00:00:00.000000000Z,149651322307.27895698513654
eth,2022-06-25T00:00:00.000000000Z,150701258945.985709022020935
eth,2022-06-26T00:00:00.000000000Z,146076143695.36490022126287
eth,2022-06-27T00:00:00.000000000Z,144959050958.28966909833192
eth,2022-06-28T00:00:00.000000000Z,138651317703.27032034604639
eth,2022-06-29T00:00:00.000000000Z,132963968244.80231718976144
eth,2022-06-30T00:00:00.000000000Z,126388681433.44511826310461
eth,2022-07-01T00:00:00.000000000Z,129382045152.8521891760128
eth,2022-07-02T00:00:00.000000000Z,127466552086.36070725256709651
eth,2022-07-03T00:00:00.000000000Z,128338498454.1917913377952561
eth,2022-07-04T00:00:00.000000000Z,137493330350.961296104360734
eth,2022-07-05T00:00:00.000000000Z,135643268936.77174317921671556
eth,2022-07-06T00:00:00.000000000Z,142289769651.10771044193875219
eth,2022-07-07T00:00:00.000000000Z,148095582469.43347479830629869
eth,2022-07-08T00:00:00.000000000Z,147252454983.8382992657943321
eth,2022-07-09T00:00:00.000000000Z,145539556071.01943556229983342
eth,2022-07-10T00:00:00.000000000Z,139595105286.28984852233456412
eth,2022-07-11T00:00:00.000000000Z,131180970498.21152215993637212
eth,2022-07-12T00:00:00.000000000Z,124468148531.8646058088309971
eth,2022-07-13T00:00:00.000000000Z,132810600835.53917081427753727
eth,2022-07-14T00:00:00.000000000Z,142501378634.28724981682961613
eth,2022-07-15T00:00:00.000000000Z,147862861201.80947449089837552
eth,2022-07-16T00:00:00.000000000Z,161898074874.31604934315930436
eth,2022-07-17T00:00:00.000000000Z,161042677262.5476798208787889
eth,2022-07-18T00:00:00.000000000Z,187784269382.8643929838175488
eth,2022-07-19T00:00:00.000000000Z,185071227164.69780007482404068
eth,2022-07-20T00:00:00.000000000Z,182394258325.29908851318842405
eth,2022-07-21T00:00:00.000000000Z,189040447758.24675115383164625
eth,2022-07-22T00:00:00.000000000Z,184039520152.1305450217696654
eth,2022-07-23T00:00:00.000000000Z,185722279885.09376897242053208
eth,2022-07-24T00:00:00.000000000Z,192081070084.68050819324224164
eth,2022-07-25T00:00:00.000000000Z,175134039522.45140855204223564
eth,2022-07-26T00:00:00.000000000Z,171503988789.6036415224921033
eth,2022-07-27T00:00:00.000000000Z,195618477081.88185786395068936
eth,2022-07-28T00:00:00.000000000Z,206699861506.0605003218316296
eth,2022-07-29T00:00:00.000000000Z,209293599216.16647371553184292
eth,2022-07-30T00:00:00.000000000Z,202942892711.77377894265629087
eth,2022-07-31T00:00:00.000000000Z,201743475471.09505407225153729
eth,2022-08-01T00:00:00.000000000Z,196148217662.85832518523708792
eth,2022-08-02T00:00:00.000000000Z,196738193541.3911030749136454
eth,2022-08-03T00:00:00.000000000Z,193842480820.06669688282662141
eth,2022-08-04T00:00:00.000000000Z,192751365272.67257547291485748
eth,2022-08-05T00:00:00.000000000Z,207011729594.71265852661099043
eth,2022-08-06T00:00:00.000000000Z,203426121206.58020984572001388
eth,2022-08-07T00:00:00.000000000Z,203683726238.93055079815097224
eth,2022-08-08T00:00:00.000000000Z,213137617470.67884023466583024
eth,2022-08-09T00:00:00.000000000Z,204513458639.60959050353474118
eth,2022-08-10T00:00:00.000000000Z,222160021018.10425890547877373
eth,2022-08-11T00:00:00.000000000Z,225460791360.47523679671279055
eth,2022-08-12T00:00:00.000000000Z,234686968664.78397327750464499
eth,2022-08-13T00:00:00.000000000Z,237884895755.7295708113108324
eth,2022-08-14T00:00:00.000000000Z,232526921581.58099041924124291
eth,2022-08-15T00:00:00.000000000Z,228395240381.76942265433580952
eth,2022-08-16T00:00:00.000000000Z,225406968459.03720777310794
eth,2022-08-17T00:00:00.000000000Z,220217733005.6047364754532604
eth,2022-08-18T00:00:00.000000000Z,222162162233.02755889763740836
eth,2022-08-19T00:00:00.000000000Z,194148408800.61886475446132707
eth,2022-08-20T00:00:00.000000000Z,189365255440.74735236800122836
eth,2022-08-21T00:00:00.000000000Z,194866986616.33985703569938654
eth,2022-08-22T00:00:00.000000000Z,193266422629.18713570973242005
eth,2022-08-23T00:00:00.000000000Z,200014522872.45283448770808256
eth,2022-08-24T00:00:00.000000000Z,199420136290.53982917954875536
eth,2022-08-25T00:00:00.000000000Z,203812887616.62627584653284816
eth,2022-08-26T00:00:00.000000000Z,181434856347.40103042151299154
eth,2022-08-27T00:00:00.000000000Z,179537803748.47623645997182947
eth,2022-08-28T00:00:00.000000000Z,173310239277.93509087254462467
eth,2022-08-29T00:00:00.000000000Z,186485621714.2858742711579924
eth,2022-08-30T00:00:00.000000000Z,184017700743.37621610385551952
eth,2022-08-31T00:00:00.000000000Z,186702201725.38523337769948824
eth,2022-09-01T00:00:00.000000000Z,190888312535.43189355559904408
eth,2022-09-02T00:00:00.000000000Z,189734628357.31901721409977696
eth,2022-09-03T00:00:00.000000000Z,187163209616.60987431195323283
eth,2022-09-04T00:00:00.000000000Z,189707601426.45964292502582272
eth,2022-09-05T00:00:00.000000000Z,194188589550.14187773048811552
eth,2022-09-06T00:00:00.000000000Z,188508492333.94426256268286792
eth,2022-09-07T00:00:00.000000000Z,196738736001.7081280217794875
eth,2022-09-08T00:00:00.000000000Z,196843473153.6124411381210539
eth,2022-09-09T00:00:00.000000000Z,206855125688.02125603489984612
eth,2022-09-10T00:00:00.000000000Z,214374253925.60723884851979428
eth,2022-09-11T00:00:00.000000000Z,211829656693.77761873647830924
eth,2022-09-12T00:00:00.000000000Z,206107986215.76986017751520622
eth,2022-09-13T00:00:00.000000000Z,189657949313.8574011391554125
eth,2022-09-14T00:00:00.000000000Z,196873505402.5541695268768876
eth,2022-09-15T00:00:00.000000000Z,177466041441.1254350354015766
eth,2022-09-16T00:00:00.000000000Z,172365522358.09571441318188962
eth,2022-09-17T00:00:00.000000000Z,177125023349.09677707844959003
eth,2022-09-18T00:00:00.000000000Z,161287755613.91766445199289802
eth,2022-09-19T00:00:00.000000000Z,166325673840.35708204110510406
eth,2022-09-20T00:00:00.000000000Z,159589828424.99986758045961424
eth,2022-09-21T00:00:00.000000000Z,150650855803.4556722661571061
eth,2022-09-22T00:00:00.000000000Z,160261526581.7821570591336809
eth,2022-09-23T00:00:00.000000000Z,160558892176.9305016400722497
eth,2022-09-24T00:00:00.000000000Z,158896424274.629297712878125
eth,2022-09-25T00:00:00.000000000Z,156205742131.6712994883135381
eth,2022-09-26T00:00:00.000000000Z,161033757555.90479658241545354
eth,2022-09-27T00:00:00.000000000Z,160588015836.270053153549868
eth,2022-09-28T00:00:00.000000000Z,161646207323.04585844404812956
eth,2022-09-29T00:00:00.000000000Z,161002809571.09565305423039176
eth,2022-09-30T00:00:00.000000000Z,160228269149.5198130516169872
eth,2022-10-01T00:00:00.000000000Z,158330353388.51253257037325105
eth,2022-10-02T00:00:00.000000000Z,154164495265.53770119456178948
eth,2022-10-03T00:00:00.000000000Z,159959950062.33475418672283732
eth,2022-10-04T00:00:00.000000000Z,164628922077.36332236260809856
eth,2022-10-05T00:00:00.000000000Z,163403639632.44496183056935895
eth,2022-10-06T00:00:00.000000000Z,163272498858.0593670588073032
eth,2022-10-07T00:00:00.000000000Z,161026667580.51439313100288375
eth,2022-10-08T00:00:00.000000000Z,158977517082.57767845171570492
eth,2022-10-09T00:00:00.000000000Z,159663504538.31156582327963111
eth,2022-10-10T00:00:00.000000000Z,156189511047.05450254792995432
eth,2022-10-11T00:00:00.000000000Z,154574232467.10702767542414836
eth,2022-10-12T00:00:00.000000000Z,156534294830.83926113104173116
eth,2022-10-13T00:00:00.000000000Z,155774729517.829227797304791
eth,2022-10-14T00:00:00.000000000Z,156896055886.10976031575423273
eth,2022-10-15T00:00:00.000000000Z,154211401607.02725874973117856
eth,2022-10-16T00:00:00.000000000Z,157933802803.29561180514974948
eth,2022-10-17T00:00:00.000000000Z,160587042380.5526868712202929
eth,2022-10-18T00:00:00.000000000Z,158047844455.30818792351904507
eth,2022-10-19T00:00:00.000000000Z,154836953853.95812203091880792
eth,2022-10-20T00:00:00.000000000Z,154503753318.30595426572398253
eth,2022-10-21T00:00:00.000000000Z,156667973656.75318122061155165
eth,2022-10-22T00:00:00.000000000Z,158405231109.28344400198430385
eth,2022-10-23T00:00:00.000000000Z,164375713734.64368457446525136
eth,2022-10-24T00:00:00.000000000Z,162048516140.45449240966251086
eth,2022-10-25T00:00:00.000000000Z,176118404475.41998565771351507
eth,2022-10-26T00:00:00.000000000Z,189371711029.12396535886821264
eth,2022-10-27T00:00:00.000000000Z,182564360058.110226046205058
eth,2022-10-28T00:00:00.000000000Z,187527706055.39800183858201929
eth,2022-10-29T00:00:00.000000000Z,195111981132.13149147817477794
eth,2022-10-30T00:00:00.000000000Z,191570560532.91735108620811618
eth,2022-10-31T00:00:00.000000000Z,189364858671.58687549789174186
eth,2022-11-01T00:00:00.000000000Z,190457152433.17656214085201915
eth,2022-11-02T00:00:00.000000000Z,183143533797.17611496439094548
eth,2022-11-03T00:00:00.000000000Z,184375607454.03977186387625744
eth,2022-11-04T00:00:00.000000000Z,198232210525.4699930166070101
eth,2022-11-05T00:00:00.000000000Z,196132802828.8547855264864011
eth,2022-11-06T00:00:00.000000000Z,189820139323.8619995585272569
eth,2022-11-07T00:00:00.000000000Z,188915601440.3148475637166738
eth,2022-11-08T00:00:00.000000000Z,160521438673.04934833786050466
eth,2022-11-09T00:00:00.000000000Z,131732035338.88084412892943755
eth,2022-11-10T00:00:00.000000000Z,156382786466.86843294030573416
eth,2022-11-11T00:00:00.000000000Z,154370382545.7024755690438934
eth,2022-11-12T00:00:00.000000000Z,150885371563.90801815456928092
eth,2022-11-13T00:00:00.000000000Z,147045448080.5048285167278642
eth,2022-11-14T00:00:00.000000000Z,149525532377.38670847436139724
eth,2022-11-15T00:00:00.000000000Z,150589208252.06132872242438909
eth,2022-11-16T00:00:00.000000000Z,146400514652.84615827218857767
eth,2022-11-17T00:00:00.000000000Z,144583952333.06366235472499167
eth,2022-11-18T00:00:00.000000000Z,145759702830.5237897150846872
eth,2022-11-19T00:00:00.000000000Z,146859811395.07093805793777324
eth,2022-11-20T00:00:00.000000000Z,137343923399.72641397715682024
eth,2022-11-21T00:00:00.000000000Z,133487851040.0863307376121261
eth,2022-11-22T00:00:00.000000000Z,136758176559.1436866318656051
eth,2022-11-23T00:00:00.000000000Z,142590810636.49654174879094942
eth,2022-11-24T00:00:00.000000000Z,144943507657.5889053255
eth,2022-11-25T00:00:00.000000000Z,144507116149.05483915067807056
eth,2022-11-26T00:00:00.000000000Z,145201594968.94061707425935316
eth,2022-11-27T00:00:00.000000000Z,144243886399.53545588592333804
eth,2022-11-28T00:00:00.000000000Z,140876232463.89701307926337865
eth,2022-11-29T00:00:00.000000000Z,146681706075.29224361000220902
eth,2022-11-30T00:00:00.000000000Z,156439174233.16182603641358564
eth,2022-12-01T00:00:00.000000000Z,153748865390.18266945583380389
eth,2022-12-02T00:00:00.000000000Z,155817610593.4551430483332984
eth,2022-12-03T00:00:00.000000000Z,149558296738.57143012363325212
eth,2022-12-04T00:00:00.000000000Z,154271534374.34754601136382072
eth,2022-12-05T00:00:00.000000000Z,151680522150.51941844837997452
eth,2022-12-06T00:00:00.000000000Z,153086019858.32023771816129737
eth,2022-12-07T00:00:00.000000000Z,148550759710.7174271895561704
eth,2022-12-08T00:00:00.000000000Z,154466332035.27043692052259712
eth,2022-12-09T00:00:00.000000000Z,152245831996.12439368546392996
eth,2022-12-10T00:00:00.000000000Z,152675426912.5249363295302392
eth,2022-12-11T00:00:00.000000000Z,152227322423.1770607758577053
eth,2022-12-12T00:00:00.000000000Z,153638883560.38788941228405328
eth,2022-12-13T00:00:00.000000000Z,159137465163.92029115708662626
eth,2022-12-14T00:00:00.000000000Z,157660628983.85827075950675485
eth,2022-12-15T00:00:00.000000000Z,152355085028.35611027751026425
eth,2022-12-16T00:00:00.000000000Z,140353627841.14950659470486656
eth,2022-12-17T00:00:00.000000000Z,143069532308.98925068031044797
eth,2022-12-18T00:00:00.000000000Z,143107602573.73635027132213192
eth,2022-12-19T00:00:00.000000000Z,140665451665.75746688234397348
eth,2022-12-20T00:00:00.000000000Z,146770708644.07891232770571328
eth,2022-12-21T00:00:00.000000000Z,146118792245.06790133759222016
eth,2022-12-22T00:00:00.000000000Z,146657546492.43421477184757852
eth,2022-12-23T00:00:00.000000000Z,147021932446.74493141897020358
eth,2022-12-24T00:00:00.000000000Z,147108158613.72571810587871302
eth,2022-12-25T00:00:00.000000000Z,146771279791.5592437932031719
eth,2022-12-26T00:00:00.000000000Z,147566902232.77321575558433824
eth,2022-12-27T00:00:00.000000000Z,146024675445.80723407343900766
eth,2022-12-28T00:00:00.000000000Z,143196887559.98258609011321945
eth,2022-12-29T00:00:00.000000000Z,144741406008.86153260043874028
eth,2022-12-30T00:00:00.000000000Z,144459742813.56217336822683575
eth,2022-12-31T00:00:00.000000000Z,144067764438.89564495593941336
eth,2023-01-01T00:00:00.000000000Z,144631162344.85793549220596715
eth,2023-01-02T00:00:00.000000000Z,146418862658.7158409664091176
eth,2023-01-03T00:00:00.000000000Z,146345398724.44889901621383064
eth,2023-01-04T00:00:00.000000000Z,151370979954.06374927883387766
eth,2023-01-05T00:00:00.000000000Z,150674869902.11507359499935755
eth,2023-01-06T00:00:00.000000000Z,152977004449.9330470396748209
eth,2023-01-07T00:00:00.000000000Z,152283661093.09561238670217632
eth,2023-01-08T00:00:00.000000000Z,154830594143.626956166378848
eth,2023-01-09T00:00:00.000000000Z,159167427818.286704510763477
eth,2023-01-10T00:00:00.000000000Z,160979294463.49599406280128776
eth,2023-01-11T00:00:00.000000000Z,166384893813.83749029943473467
eth,2023-01-12T00:00:00.000000000Z,170799099477.89425600731320826
eth,2023-01-13T00:00:00.000000000Z,174744256542.25007604072883239
eth,2023-01-14T00:00:00.000000000Z,187000311906.47586697986493243
eth,2023-01-15T00:00:00.000000000Z,187088046790.69233942260097708
eth,2023-01-16T00:00:00.000000000Z,190176202259.30754264766181373
eth,2023-01-17T00:00:00.000000000Z,189240371250.63909063360079773
eth,2023-01-18T00:00:00.000000000Z,183187985711.83016973473432592
eth,2023-01-19T00:00:00.000000000Z,186844427095.91080050787813336
eth,2023-01-20T00:00:00.000000000Z,199828599545.74707895088516993
eth,2023-01-21T00:00:00.000000000Z,196218797159.63555863862354276
eth,2023-01-22T00:00:00.000000000Z,196235164298.23241828408431972
eth,2023-01-23T00:00:00.000000000Z,196195240438.40045007468325962
eth,2023-01-24T00:00:00.000000000Z,187253877217.22618419610092064
eth,2023-01-25T00:00:00.000000000Z,193760396528.01217102629984214
eth,2023-01-26T00:00:00.000000000Z,193060918033.1003303982551078
eth,2023-01-27T00:00:00.000000000Z,192588456905.46842890420374555
eth,2023-01-28T00:00:00.000000000Z,189233678846.93460078405512564
eth,2023-01-29T00:00:00.000000000Z,198405503605.80796902946802671
eth,2023-01-30T00:00:00.000000000Z,188727305412.66395129472581394
eth,2023-01-31T00:00:00.000000000Z,190996616460.86128228629469356
eth,2023-02-01T00:00:00.000000000Z,197875615571.1692283459962475
eth,2023-02-02T00:00:00.000000000Z,198408879327.12593103117124065
eth,2023-02-03T00:00:00.000000000Z,200729394421.10515985391451448
eth,2023-02-04T00:00:00.000000000Z,201383218298.40501513981113483
eth,2023-02-05T00:00:00.000000000Z,196569637354.61228884610264746
eth,2023-02-06T00:00:00.000000000Z,194538516380.55413601292241013
eth,2023-02-07T00:00:00.000000000Z,201581582828.09022711250159872
eth,2023-02-08T00:00:00.000000000Z,198870164389.72058423037353714
eth,2023-02-09T00:00:00.000000000Z,186261433092.9121541063069724
eth,2023-02-10T00:00:00.000000000Z,182477925643.1686134716776602
eth,2023-02-11T00:00:00.000000000Z,185599899834.3816170112665783
eth,2023-02-12T00:00:00.000000000Z,182416307097.96407984596173966
eth,2023-02-13T00:00:00.000000000Z,181506273122.5412246078844609
eth,2023-02-14T00:00:00.000000000Z,187676560427.00548855586940498
eth,2023-02-15T00:00:00.000000000Z,201583485592.25826976419249
eth,2023-02-16T00:00:00.000000000Z,198088994602.68472083920162796
eth,2023-02-17T00:00:00.000000000Z,204369338624.4949710687503116
eth,2023-02-18T00:00:00.000000000Z,203749745600.43227290895435304
eth,2023-02-19T00:00:00.000000000Z,202815214846.43786152988247864
eth,2023-02-20T00:00:00.000000000Z,204943522300.90779280242985784
eth,2023-02-21T00:00:00.000000000Z,199424887941.10793868034707872
eth,2023-02-22T00:00:00.000000000Z,197837642934.12226255133747575
eth,2023-02-23T00:00:00.000000000Z,198732905841.73487741819241751
eth,2023-02-24T00:00:00.000000000Z,193778467455.79065354316209192
eth,2023-02-25T00:00:00.000000000Z,192040606077.46540859459973717
eth,2023-02-26T00:00:00.000000000Z,197661843610.38929389779414823
eth,2023-02-27T00:00:00.000000000Z,196823869747.273040972348877
eth,2023-02-28T00:00:00.000000000Z,193574258356.17930817084562247
eth,2023-03-01T00:00:00.000000000Z,200205191681.70391002028052932
eth,2023-03-02T00:00:00.000000000Z,198534926171.75322214944158346
eth,2023-03-03T00:00:00.000000000Z,189052510299.89721300819382621
eth,2023-03-04T00:00:00.000000000Z,188654946497.9140602579973071
eth,2023-03-05T00:00:00.000000000Z,188381512114.9987597937431039
eth,2023-03-06T00:00:00.000000000Z,188851114156.38850273881865777
eth,2023-03-07T00:00:00.000000000Z,187945200100.04654487713337825
eth,2023-03-08T00:00:00.000000000Z,184834261161.64039652006217385
eth,2023-03-09T00:00:00.000000000Z,173078803559.21074550638985019
eth,2023-03-10T00:00:00.000000000Z,172772944066.8060159205268492
eth,2023-03-11T00:00:00.000000000Z,177961947384.25788001042487712
eth,2023-03-12T00:00:00.000000000Z,191121420701.53293645422797029
eth,2023-03-13T00:00:00.000000000Z,202117918720.25802605931670403
eth,2023-03-14T00:00:00.000000000Z,205610948586.1881808679358548
eth,2023-03-15T00:00:00.000000000Z,199409706301.57319378809118544
eth,2023-03-16T00:00:00.000000000Z,202036528031.25070216499499095
eth,2023-03-17T00:00:00.000000000Z,215738085053.50195289127970547
eth,2023-03-18T00:00:00.000000000Z,212526112153.8513528994823465
eth,2023-03-19T00:00:00.000000000Z,217028000388.15754290628532895
eth,2023-03-20T00:00:00.000000000Z,209273954046.37848683336517147
eth,2023-03-21T00:00:00.000000000Z,217430239713.3550009775707472
eth,2023-03-22T00:00:00.000000000Z,209380797426.53358008207649136
eth,2023-03-23T00:00:00.000000000Z,219133913883.98474259384207944
eth,2023-03-24T00:00:00.000000000Z,210929669893.77667812324354744
eth,2023-03-25T00:00:00.000000000Z,209885234403.70562364179110336
eth,2023-03-26T00:00:00.000000000Z,214232035299.28600480800708118
eth,2023-03-27T00:00:00.000000000Z,206560173685.3881217274053769
eth,2023-03-28T00:00:00.000000000Z,213793030001.4764547115682541
eth,2023-03-29T00:00:00.000000000Z,216179520194.96494637812913412
eth,2023-03-30T00:00:00.000000000Z,215822138808.91521638379174204
eth,2023-03-31T00:00:00.000000000Z,219698836791.41122057654945792
eth,2023-04-01T00:00:00.000000000Z,219504973507.43763983601281624
eth,2023-04-02T00:00:00.000000000Z,216171582156.84249843200216792
eth,2023-04-03T00:00:00.000000000Z,218149738096.07135080963001064
eth,2023-04-04T00:00:00.000000000Z,225015339219.66121484663980009
eth,2023-04-05T00:00:00.000000000Z,230184395803.50565277334770235
eth,2023-04-06T00:00:00.000000000Z,225480148405.92959675202445068
eth,2023-04-07T00:00:00.000000000Z,224784733520.31983227044380088
eth,2023-04-08T00:00:00.000000000Z,223024925618.274906556058685
eth,2023-04-09T00:00:00.000000000Z,224158446459.9399942791098425
eth,2023-04-10T00:00:00.000000000Z,230293379927.66172619140674424
eth,2023-04-11T00:00:00.000000000Z,227836674834.63919910125034868
eth,2023-04-12T00:00:00.000000000Z,231455256713.92358469846428564
eth,2023-04-13T00:00:00.000000000Z,242182344356.78180058426742928
eth,2023-04-14T00:00:00.000000000Z,253148289413.88929614071286283
eth,2023-04-15T00:00:00.000000000Z,251787744275.62864994635871448
eth,2023-04-16T00:00:00.000000000Z,254556551027.83790022488579543
eth,2023-04-17T00:00:00.000000000Z,248602437767.432331486598099
eth,2023-04-18T00:00:00.000000000Z,251009190518.60232856800078525
eth,2023-04-19T00:00:00.000000000Z,231129956947.47305084327406333
eth,2023-04-20T00:00:00.000000000Z,231885569778.41093851471127877
eth,2023-04-21T00:00:00.000000000Z,222744186732.566096847924029
eth,2023-04-22T00:00:00.000000000Z,225847901016.29906996459139915
eth,2023-04-23T00:00:00.000000000Z,224309626646.74415618549502594
eth,2023-04-24T00:00:00.000000000Z,221903645257.185560666712568
eth,2023-04-25T00:00:00.000000000Z,224930771243.80455699048002062
eth,2023-04-26T00:00:00.000000000Z,224787351438.22584024826018393
eth,2023-04-27T00:00:00.000000000Z,229896733350.81174661883790133
eth,2023-04-28T00:00:00.000000000Z,228034427110.43833636376542632
eth,2023-04-29T00:00:00.000000000Z,229465097244.52127890099255638
eth,2023-04-30T00:00:00.000000000Z,227017458283.97336637686040312
eth,2023-05-01T00:00:00.000000000Z,220539163468.20670252122140252
eth,2023-05-02T00:00:00.000000000Z,225414891358.4834006006091364
eth,2023-05-03T00:00:00.000000000Z,229352550798.65193532348081011
eth,2023-05-04T00:00:00.000000000Z,225962157131.414698091732033
eth,2023-05-05T00:00:00.000000000Z,240221485070.91420994502704704
eth,2023-05-06T00:00:00.000000000Z,228741670543.59368726056868316
eth,2023-05-07T00:00:00.000000000Z,228713293235.59651561007826495
eth,2023-05-08T00:00:00.000000000Z,222667341959.905026824713255
eth,2023-05-09T00:00:00.000000000Z,222405391895.72233311664850605
eth,2023-05-10T00:00:00.000000000Z,221695021098.34077749483112525
eth,2023-05-11T00:00:00.000000000Z,216041529963.3180071624056442
eth,2023-05-12T00:00:00.000000000Z,217503571684.53649545016106458
eth,2023-05-13T00:00:00.000000000Z,216494108423.1792939928
eth,2023-05-14T00:00:00.000000000Z,216440058465.88147963319
eth,2023-05-15T00:00:00.000000000Z,218773174730.95923523147
eth,2023-05-16T00:00:00.000000000Z,219371536039.35302578255
eth,2023-05-17T00:00:00.000000000Z,219185718413.5265574886586355
eth,2023-05-18T00:00:00.000000000Z,216967095119.5864683701885352
eth,2023-05-19T00:00:00.000000000Z,218085944881.8190259251993446
eth,2023-05-20T00:00:00.000000000Z,218820170137.21889397984875943
eth,2023-05-21T00:00:00.000000000Z,217270664396.93113090844630686
eth,2023-05-22T00:00:00.000000000Z,218677538663.13160230432556428
eth,2023-05-23T00:00:00.000000000Z,223047178206.5055192768824083
eth,2023-05-24T00:00:00.000000000Z,216616744816.57044432717933626
eth,2023-05-25T00:00:00.000000000Z,217307417207.5036217898438345
eth,2023-05-26T00:00:00.000000000Z,219984074540.56563481172899194
eth,2023-05-27T00:00:00.000000000Z,220165395462.96020494477975985
eth,2023-05-28T00:00:00.000000000Z,229845179931.37875458252836698
eth,2023-05-29T00:00:00.000000000Z,227868103612.92653527468791629
eth,2023-05-30T00:00:00.000000000Z,228583318051.16380024370619273
eth,2023-05-31T00:00:00.000000000Z,225224188141.23595899742730688
eth,2023-06-01T00:00:00.000000000Z,223888077608.11180309651071416
eth,2023-06-02T00:00:00.000000000Z,229302566318.54206168612580172
eth,2023-06-03T00:00:00.000000000Z,227486304235.628755164257891
eth,2023-06-04T00:00:00.000000000Z,227524808293.0404325193797564
eth,2023-06-05T00:00:00.000000000Z,217957179471.81601031943832566
eth,2023-06-06T00:00:00.000000000Z,226422244245.5745555503502094
eth,2023-06-07T00:00:00.000000000Z,220255547039.65018400511312486
eth,2023-06-08T00:00:00.000000000Z,222095901214.53034912910101328
eth,2023-06-09T00:00:00.000000000Z,221035198753.60748897427275492
eth,2023-06-10T00:00:00.000000000Z,210749678297.83728551626603725
eth,2023-06-11T00:00:00.000000000Z,210619176276.215153138024109
eth,2023-06-12T00:00:00.000000000Z,209490380053.53752624299841628
eth,2023-06-13T00:00:00.000000000Z,208825046808.96305428101114225
eth,2023-06-14T00:00:00.000000000Z,198393069441.916201256701
eth,2023-06-15T00:00:00.000000000Z,200034089144.76064587968326014
eth,2023-06-16T00:00:00.000000000Z,206367671480.59632539890026036
eth,2023-06-17T00:00:00.000000000Z,207680438091.31177823258285304
eth,2023-06-18T00:00:00.000000000Z,206780331722.93489486822155641
eth,2023-06-19T00:00:00.000000000Z,208563869293.98416411311675092
eth,2023-06-20T00:00:00.000000000Z,215149680038.7827762355506832
eth,2023-06-21T00:00:00.000000000Z,227708053477.5396093626550912
eth,2023-06-22T00:00:00.000000000Z,225299240007.41599791843124233
eth,2023-06-23T00:00:00.000000000Z,227364207214.49963450366858628
eth,2023-06-24T00:00:00.000000000Z,225501426950.60892969404953102
eth,2023-06-25T00:00:00.000000000Z,228343872529.6810577993312304
eth,2023-06-26T00:00:00.000000000Z,223264171389.7830643243722348
eth,2023-06-27T00:00:00.000000000Z,227028739500.00219770333620955
eth,2023-06-28T00:00:00.000000000Z,219901509250.89036686363336808
eth,2023-06-29T00:00:00.000000000Z,222791857816.12337424996828522
eth,2023-06-30T00:00:00.000000000Z,232582630060.47057977501049658
eth,2023-07-01T00:00:00.000000000Z,231199603154.9496157381074048
eth,2023-07-02T00:00:00.000000000Z,232695770564.88459782776003075
eth,2023-07-03T00:00:00.000000000Z,234931951481.85588404395497722
eth,2023-07-04T00:00:00.000000000Z,233030635317.89880491016770859
eth,2023-07-05T00:00:00.000000000Z,229876420441.6083404550803595
eth,2023-07-06T00:00:00.000000000Z,222928485487.98760581953634924
eth,2023-07-07T00:00:00.000000000Z,224719539795.792047370383737
eth,2023-07-08T00:00:00.000000000Z,224079060591.28147337941780156
eth,2023-07-09T00:00:00.000000000Z,223905510266.89335778754500876
eth,2023-07-10T00:00:00.000000000Z,226033060031.85598017019546255
eth,2023-07-11T00:00:00.000000000Z,225795456512.43032687227863245
eth,2023-07-12T00:00:00.000000000Z,224980493614.92598142192439086
eth,2023-07-13T00:00:00.000000000Z,240658434910.50340270044928056
eth,2023-07-14T00:00:00.000000000Z,232616209465.44560223986207961
eth,2023-07-15T00:00:00.000000000Z,232081375473.83002910694660945
eth,2023-07-16T00:00:00.000000000Z,231333578971.6935698228656337
eth,2023-07-17T00:00:00.000000000Z,229857184771.765625092548166
eth,2023-07-18T00:00:00.000000000Z,228069290991.4681757299410016
eth,2023-07-19T00:00:00.000000000Z,227121371237.95907317477032995
eth,2023-07-20T00:00:00.000000000Z,227414125729.37381543455294409
eth,2023-07-21T00:00:00.000000000Z,227424156410.28100996725984244
eth,2023-07-22T00:00:00.000000000Z,223864068558.8894858869105812
eth,2023-07-23T00:00:00.000000000Z,226922484793.94049482875557702
eth,2023-07-24T00:00:00.000000000Z,222349810359.36831366545112933
eth,2023-07-25T00:00:00.000000000Z,223266809447.0283833680663948
eth,2023-07-26T00:00:00.000000000Z,225071205042.60136282626564669
eth,2023-07-27T00:00:00.000000000Z,223445687898.24184439106
eth,2023-07-28T00:00:00.000000000Z,225365609704.56241656903
eth,2023-07-29T00:00:00.000000000Z,226085270830.54147998483
eth,2023-07-30T00:00:00.000000000Z,223741970741.51919379329
eth,2023-07-31T00:00:00.000000000Z,223078341415.041114486247332
eth,2023-08-01T00:00:00.000000000Z,224372031272.64408429594546828
eth,2023-08-02T00:00:00.000000000Z,220952063489.3882592897
eth,2023-08-03T00:00:00.000000000Z,220666142198.95553024262
eth,2023-08-04T00:00:00.000000000Z,219465064489.2024483611539036
eth,2023-08-05T00:00:00.000000000Z,220554236422.46315765562219428
eth,2023-08-06T00:00:00.000000000Z,219536049905.96181372888002341
eth,2023-08-07T00:00:00.000000000Z,219401681690.74420098982387764
eth,2023-08-08T00:00:00.000000000Z,223104292272.06316597771099262
eth,2023-08-09T00:00:00.000000000Z,222934470328.9773885799245291
eth,2023-08-10T00:00:00.000000000Z,222396101484.26726217244320347
eth,2023-08-11T00:00:00.000000000Z,221871792229.53243007007379656
eth,2023-08-12T00:00:00.000000000Z,222109483864.49079425266921343
eth,2023-08-13T00:00:00.000000000Z,220945647588.33587993272870962
eth,2023-08-14T00:00:00.000000000Z,221529819915.20766025837317208
eth,2023-08-15T00:00:00.000000000Z,219518458611.84696572637035112
eth,2023-08-16T00:00:00.000000000Z,217089997741.67472296026487425
eth,2023-08-17T00:00:00.000000000Z,202902804373.22725947078015318
eth,2023-08-18T00:00:00.000000000Z,199504133400.22015636495842732
eth,2023-08-19T00:00:00.000000000Z,200353373643.5500256730132852
eth,2023-08-20T00:00:00.000000000Z,202383126946.19491390411101658
eth,2023-08-21T00:00:00.000000000Z,200427243609.16039412923260476
eth,2023-08-22T00:00:00.000000000Z,196177590774.704024655921098
eth,2023-08-23T00:00:00.000000000Z,201821692548.34713527760359624
eth,2023-08-24T00:00:00.000000000Z,199151852081.58763552211696817
eth,2023-08-25T00:00:00.000000000Z,198710216025.24653376826026627
eth,2023-08-26T00:00:00.000000000Z,197867662489.18373264842125168
eth,2023-08-27T00:00:00.000000000Z,199168619640.7245453387601161
eth,2023-08-28T00:00:00.000000000Z,198696254495.16639100466593877
eth,2023-08-29T00:00:00.000000000Z,207610640231.34711398246105294
eth,2023-08-30T00:00:00.000000000Z,204975442293.43501175491516926
eth,2023-08-31T00:00:00.000000000Z,197836663134.69027402309287985
eth,2023-09-01T00:00:00.000000000Z,195801737433.74745501553492574
eth,2023-09-02T00:00:00.000000000Z,196778798794.66235943715120278
eth,2023-09-03T00:00:00.000000000Z,196620775196.84942783712980975
eth,2023-09-04T00:00:00.000000000Z,195642848013.539311300486956
eth,2023-09-05T00:00:00.000000000Z,196282142737.350899108813675
eth,2023-09-06T00:00:00.000000000Z,196243689196.948360629787128
eth,2023-09-07T00:00:00.000000000Z,197889484437.48110863618944807
eth,2023-09-08T00:00:00.000000000Z,196724082426.01923419244085434
eth,2023-09-09T00:00:00.000000000Z,196519048834.7210833860646203
eth,2023-09-10T00:00:00.000000000Z,194445077220.15823518613912878
eth,2023-09-11T00:00:00.000000000Z,186264903624.80594748974364286
eth,2023-09-12T00:00:00.000000000Z,191634667308.3861558397173036
eth,2023-09-13T00:00:00.000000000Z,193282784730.1215224102071728
eth,2023-09-14T00:00:00.000000000Z,195664589759.21251410276209642
eth,2023-09-15T00:00:00.000000000Z,197636648345.33795407975105025
eth,2023-09-16T00:00:00.000000000Z,196530712474.3130041479635172
eth,2023-09-17T00:00:00.000000000Z,194831590954.76220141164240304
eth,2023-09-18T00:00:00.000000000Z,196885212353.63654955583720251
eth,2023-09-19T00:00:00.000000000Z,197588243213.24801387068950579
eth,2023-09-20T00:00:00.000000000Z,195087312529.35979213647481284
eth,2023-09-21T00:00:00.000000000Z,190522492983.44608156818650918
eth,2023-09-22T00:00:00.000000000Z,191598085284.98541014691551008
eth,2023-09-23T00:00:00.000000000Z,191515391237.08985352030019332
eth,2023-09-24T00:00:00.000000000Z,190110835149.956926980617682
eth,2023-09-25T00:00:00.000000000Z,190871379228.8897890023787494
eth,2023-09-26T00:00:00.000000000Z,191412540768.78744010249780998
eth,2023-09-27T00:00:00.000000000Z,191947614328.6216160460343485
eth,2023-09-28T00:00:00.000000000Z,198733841734.5401594876415096
eth,2023-09-29T00:00:00.000000000Z,200498731861.98830722805023213
eth,2023-09-30T00:00:00.000000000Z,200930672588.47456658387186225
eth,2023-10-01T00:00:00.000000000Z,208196727272.647829643692172
eth,2023-10-02T00:00:00.000000000Z,199980015285.86397547050960162
eth,2023-10-03T00:00:00.000000000Z,199226162134.88717596892039925
eth,2023-10-04T00:00:00.000000000Z,198273403610.58437007863393271
eth,2023-10-05T00:00:00.000000000Z,193951448977.64968140696616937
eth,2023-10-06T00:00:00.000000000Z,197887215086.51009587032025245
eth,2023-10-07T00:00:00.000000000Z,196617200962.46275297890902535
eth,2023-10-08T00:00:00.000000000Z,196360271118.12456142863372708
eth,2023-10-09T00:00:00.000000000Z,189937520756.62369760769310996
eth,2023-10-10T00:00:00.000000000Z,188590185041.9278626419020125
eth,2023-10-11T00:00:00.000000000Z,188229678775.99467717602251642
eth,2023-10-12T00:00:00.000000000Z,184959840850.6537361378308434
eth,2023-10-13T00:00:00.000000000Z,186424400669.86621340650246033
eth,2023-10-14T00:00:00.000000000Z,187076062831.47834192808765921
eth,2023-10-15T00:00:00.000000000Z,187154505875.57021916481671387
eth,2023-10-16T00:00:00.000000000Z,192532539510.54055737646518621
eth,2023-10-17T00:00:00.000000000Z,188241928074.67722220286263822
eth,2023-10-18T00:00:00.000000000Z,188017036076.20525427997166134
eth,2023-10-19T00:00:00.000000000Z,188382228106.08544740080593664
eth,2023-10-20T00:00:00.000000000Z,193092067738.50688033046919315
eth,2023-10-21T00:00:00.000000000Z,195881958466.72445591157639272
eth,2023-10-22T00:00:00.000000000Z,200005686456.2696054299082885
eth,2023-10-23T00:00:00.000000000Z,212038377667.30329627677278674
eth,2023-10-24T00:00:00.000000000Z,214632632796.049161665487639
eth,2023-10-25T00:00:00.000000000Z,214828864107.11744047436315982
eth,2023-10-26T00:00:00.000000000Z,217027499336.54573280162890161
eth,2023-10-27T00:00:00.000000000Z,214164643632.71822160047921376
eth,2023-10-28T00:00:00.000000000Z,213620559747.57107671940256528
eth,2023-10-29T00:00:00.000000000Z,216207966966.62807206050773104
eth,2023-10-30T00:00:00.000000000Z,217612477072.85699773284269816
eth,2023-10-31T00:00:00.000000000Z,218114032484.21673769589740176
eth,2023-11-01T00:00:00.000000000Z,222027275405.76282692058713628
eth,2023-11-02T00:00:00.000000000Z,216391070925.5903652750267552
eth,2023-11-03T00:00:00.000000000Z,220406219446.3169825052038017
eth,2023-11-04T00:00:00.000000000Z,223642462356.14774982475667697
eth,2023-11-05T00:00:00.000000000Z,228094907098.5377094025273635
eth,2023-11-06T00:00:00.000000000Z,228374429493.44231459300815264
eth,2023-11-07T00:00:00.000000000Z,226850590273.92024179879514317
eth,2023-11-08T00:00:00.000000000Z,227626509906.7077916986598583
eth,2023-11-09T00:00:00.000000000Z,254463307871.49217336393761876
eth,2023-11-10T00:00:00.000000000Z,250243645420.1472741794863595
eth,2023-11-11T00:00:00.000000000Z,246098347073.84219910339545964
eth,2023-11-12T00:00:00.000000000Z,245928881822.5661726656473358
eth,2023-11-13T00:00:00.000000000Z,248042513646.97015086067085982
eth,2023-11-14T00:00:00.000000000Z,238409318387.72972603177513715
eth,2023-11-15T00:00:00.000000000Z,247283034167.92497712807538688
eth,2023-11-16T00:00:00.000000000Z,235658410044.7070022659335762
eth,2023-11-17T00:00:00.000000000Z,235561163786.061516548840915
eth,2023-11-18T00:00:00.000000000Z,235984545175.9058549781785197
eth,2023-11-19T00:00:00.000000000Z,241681699406.02961786461558299
eth,2023-11-20T00:00:00.000000000Z,243423940840.26043299630189384
eth,2023-11-21T00:00:00.000000000Z,233954030002.9050983432437488
eth,2023-11-22T00:00:00.000000000Z,248246148100.0503437165411739
eth,2023-11-23T00:00:00.000000000Z,248100701272.6528684396950063
eth,2023-11-24T00:00:00.000000000Z,250029953951.2288578472004748
eth,2023-11-25T00:00:00.000000000Z,250657103814.24094000314979428
eth,2023-11-26T00:00:00.000000000Z,248351451795.8584914765240994
eth,2023-11-27T00:00:00.000000000Z,243765969061.52153082664729368
eth,2023-11-28T00:00:00.000000000Z,246470595926.90520314458865664
eth,2023-11-29T00:00:00.000000000Z,243956120965.50554630224157356
eth,2023-11-30T00:00:00.000000000Z,246619094048.8569654906517673
eth,2023-12-01T00:00:00.000000000Z,250834195560.08867361096923864
eth,2023-12-02T00:00:00.000000000Z,260284806714.50803911451682016
eth,2023-12-03T00:00:00.000000000Z,263743103341.98032304766558152
eth,2023-12-04T00:00:00.000000000Z,269086702691.966807713800959
eth,2023-12-05T00:00:00.000000000Z,275515002256.52544126345562834
eth,2023-12-06T00:00:00.000000000Z,268308751200.5520255607706547
eth,2023-12-07T00:00:00.000000000Z,283061296004.48494778440957626
eth,2023-12-08T00:00:00.000000000Z,283641599334.85885270961232
eth,2023-12-09T00:00:00.000000000Z,281550561198.5146888192551992
eth,2023-12-10T00:00:00.000000000Z,282637883140.80608365991570414
eth,2023-12-11T00:00:00.000000000Z,267104871475.65566316854864088
eth,2023-12-12T00:00:00.000000000Z,264623465227.2357020295186285
eth,2023-12-13T00:00:00.000000000Z,271788076576.3001510551562592
eth,2023-12-14T00:00:00.000000000Z,278837850954.86647529673839421
eth,2023-12-15T00:00:00.000000000Z,267040010000.4412687748450328
eth,2023-12-16T00:00:00.000000000Z,267423490786.41854348606301364
eth,2023-12-17T00:00:00.000000000Z,264454392013.12983253420298465
eth,2023-12-18T00:00:00.000000000Z,266349880088.84728293175563825
eth,2023-12-19T00:00:00.000000000Z,261559820244.98191872148394921
eth,2023-12-20T00:00:00.000000000Z,263932804444.82752849347928002
eth,2023-12-21T00:00:00.000000000Z,268952393161.21135109731542216
eth,2023-12-22T00:00:00.000000000Z,279591058545.91086586577467184
eth,2023-12-23T00:00:00.000000000Z,277750377161.77523417837505528
eth,2023-12-24T00:00:00.000000000Z,272603116920.6968622051506779
eth,2023-12-25T00:00:00.000000000Z,273329024351.75685844612185232
eth,2023-12-26T00:00:00.000000000Z,267943547602.77158225678262192
eth,2023-12-27T00:00:00.000000000Z,285865435493.34456732235140756
eth,2023-12-28T00:00:00.000000000Z,282605908433.22959452690528728
eth,2023-12-29T00:00:00.000000000Z,275935092579.7490073931185828
eth,2023-12-30T00:00:00.000000000Z,275669970152.0582194567619583
eth,2023-12-31T00:00:00.000000000Z,273905566501.14819880331840208
eth,2024-01-01T00:00:00.000000000Z,282122400852.43885760807753505
eth,2024-01-02T00:00:00.000000000Z,283349342548.66915961832426074
eth,2024-01-03T00:00:00.000000000Z,265289716259.714633323661646
eth,2024-01-04T00:00:00.000000000Z,273083090124.15000137146458543
eth,2024-01-05T00:00:00.000000000Z,272534865557.85718142912150712
eth,2024-01-06T00:00:00.000000000Z,269084549870.25779951425787413
eth,2024-01-07T00:00:00.000000000Z,266625527225.4138329307068715
eth,2024-01-08T00:00:00.000000000Z,280307923268.40317980016466031
eth,2024-01-09T00:00:00.000000000Z,281190323472.17506780547353595
eth,2024-01-10T00:00:00.000000000Z,311378088518.29445485786458198
eth,2024-01-11T00:00:00.000000000Z,314726164915.47387280522871564
eth,2024-01-12T00:00:00.000000000Z,302756684709.21414391774654625
eth,2024-01-13T00:00:00.000000000Z,310070118098.51438958833531196
eth,2024-01-14T00:00:00.000000000Z,297941348780.266898693598159
eth,2024-01-15T00:00:00.000000000Z,301985209964.1662030073913918
eth,2024-01-16T00:00:00.000000000Z,311338731226.7594163508230329
eth,2024-01-17T00:00:00.000000000Z,303399147121.20527313485005757
eth,2024-01-18T00:00:00.000000000Z,296451087657.63155926525816878
eth,2024-01-19T00:00:00.000000000Z,299250948034.24878527543530464
eth,2024-01-20T00:00:00.000000000Z,296805630278.20241404892747871
eth,2024-01-21T00:00:00.000000000Z,294980412813.08968541320021503
eth,2024-01-22T00:00:00.000000000Z,277873799554.95121566585766905
eth,2024-01-23T00:00:00.000000000Z,269077240535.63112270414115212
eth,2024-01-24T00:00:00.000000000Z,268436335054.3265627321038239
eth,2024-01-25T00:00:00.000000000Z,266569075426.6277436747207058
eth,2024-01-26T00:00:00.000000000Z,272434339372.81804943163476508
eth,2024-01-27T00:00:00.000000000Z,272403932147.76004641339698448
eth,2024-01-28T00:00:00.000000000Z,271018101613.57389490486922988
eth,2024-01-29T00:00:00.000000000Z,278211111160.663948024522559
eth,2024-01-30T00:00:00.000000000Z,282226807740.1628477332119078
eth,2024-01-31T00:00:00.000000000Z,274522114329.87612255723362358
eth,2024-02-01T00:00:00.000000000Z,276441100504.09823651680852224
eth,2024-02-02T00:00:00.000000000Z,277165487698.49741707756142545
eth,2024-02-03T00:00:00.000000000Z,275800925353.44926357974414884
eth,2024-02-04T00:00:00.000000000Z,274921938854.18598216057346456
eth,2024-02-05T00:00:00.000000000Z,276034746258.077693933489562
eth,2024-02-06T00:00:00.000000000Z,285343553711.31398152372838156
eth,2024-02-07T00:00:00.000000000Z,291409081051.98787435584372746
eth,2024-02-08T00:00:00.000000000Z,291067917628.49439028517253664
eth,2024-02-09T00:00:00.000000000Z,299343923104.97476521390640011
eth,2024-02-10T00:00:00.000000000Z,300505173876.80446239013887456
eth,2024-02-11T00:00:00.000000000Z,300967240026.8601015997965268
eth,2024-02-12T00:00:00.000000000Z,319034101549.6513012785023504
eth,2024-02-13T00:00:00.000000000Z,317054903874.8470324231187215
eth,2024-02-14T00:00:00.000000000Z,333994452390.63577569634978976
eth,2024-02-15T00:00:00.000000000Z,339522913242.0298011861884484
eth,2024-02-16T00:00:00.000000000Z,336793505486.29447842350430039
eth,2024-02-17T00:00:00.000000000Z,334859242523.59814554918302556
eth,2024-02-18T00:00:00.000000000Z,345742965358.20725919100185696
eth,2024-02-19T00:00:00.000000000Z,354310304298.14043488577627576
eth,2024-02-20T00:00:00.000000000Z,362194013961.01885791916079478
eth,2024-02-21T00:00:00.000000000Z,356290454157.81483109306133903
eth,2024-02-22T00:00:00.000000000Z,357182494341.59163169027802562
eth,2024-02-23T00:00:00.000000000Z,351255707160.16851575084456107
eth,2024-02-24T00:00:00.000000000Z,359290266092.70631168554005853
eth,2024-02-25T00:00:00.000000000Z,373894929982.33720471200487513
eth,2024-02-26T00:00:00.000000000Z,381600198124.69616076741694144
eth,2024-02-27T00:00:00.000000000Z,389826153429.74220118535721618
eth,2024-02-28T00:00:00.000000000Z,405710940104.22274422715760865
eth,2024-02-29T00:00:00.000000000Z,402534241823.49737881539402673
eth,2024-03-01T00:00:00.000000000Z,413088241843.05457398732500288
eth,2024-03-02T00:00:00.000000000Z,410926715980.45593097244010624
eth,2024-03-03T00:00:00.000000000Z,418381639156.23080953742123574
eth,2024-03-04T00:00:00.000000000Z,436182165198.46155664226478064
eth,2024-03-05T00:00:00.000000000Z,426827056421.1037642116318177
eth,2024-03-06T00:00:00.000000000Z,458977455705.772627392969088
eth,2024-03-07T00:00:00.000000000Z,464706063596.3119716370694666
eth,2024-03-08T00:00:00.000000000Z,467894214146.4256227200002195
eth,2024-03-09T00:00:00.000000000Z,470131026095.90607093335197774
eth,2024-03-10T00:00:00.000000000Z,465083705768.34593928578988788
eth,2024-03-11T00:00:00.000000000Z,489163054444.07697129948525312
eth,2024-03-12T00:00:00.000000000Z,476921062806.70650528219816569
eth,2024-03-13T00:00:00.000000000Z,480926089496.0946205491996537
eth,2024-03-14T00:00:00.000000000Z,466295497032.44278520818420683
eth,2024-03-15T00:00:00.000000000Z,448751185432.04170493323877398
eth,2024-03-16T00:00:00.000000000Z,422628587594.05269444925313034
eth,2024-03-17T00:00:00.000000000Z,436907464083.24576970902851696
eth,2024-03-18T00:00:00.000000000Z,423874467732.58715894628004044
eth,2024-03-19T00:00:00.000000000Z,380149663752.9306347209376582
eth,2024-03-20T00:00:00.000000000Z,422561190131.216228384548716
eth,2024-03-21T00:00:00.000000000Z,419009182489.65999339499339208
eth,2024-03-22T00:00:00.000000000Z,398269280501.79433966491073686
eth,2024-03-23T00:00:00.000000000Z,402812763269.81774982665006448
eth,2024-03-24T00:00:00.000000000Z,414891248894.92695612374423142
eth,2024-03-25T00:00:00.000000000Z,431779777754.85305736371526458
eth,2024-03-26T00:00:00.000000000Z,431458699260.07289535285942245
eth,2024-03-27T00:00:00.000000000Z,420058822313.68424993857345243
eth,2024-03-28T00:00:00.000000000Z,428199861962.7667562544770224
eth,2024-03-29T00:00:00.000000000Z,422208991443.94299454234338828
eth,2024-03-30T00:00:00.000000000Z,420989815611.34408239065443317
eth,2024-03-31T00:00:00.000000000Z,437624238890.72287298959078412
eth,2024-04-01T00:00:00.000000000Z,421506592830.77761187334073448
eth,2024-04-02T00:00:00.000000000Z,394193207698.82897701671534072
eth,2024-04-03T00:00:00.000000000Z,398306604794.22302162946432176
eth,2024-04-04T00:00:00.000000000Z,399566794560.57095027030829441
eth,2024-04-05T00:00:00.000000000Z,399169892230.85302894887915516
eth,2024-04-06T00:00:00.000000000Z,404415872829.3983063086168218
eth,2024-04-07T00:00:00.000000000Z,413938075458.499960964887904
eth,2024-04-08T00:00:00.000000000Z,444279636458.42359021990984664
eth,2024-04-09T00:00:00.000000000Z,420156171049.35419359775345507
eth,2024-04-10T00:00:00.000000000Z,425207436099.62192483157017592
eth,2024-04-11T00:00:00.000000000Z,420738442885.36988115394536762
eth,2024-04-12T00:00:00.000000000Z,388420019365.2920325639033821
eth,2024-04-13T00:00:00.000000000Z,363860651783.2466941634471376
eth,2024-04-14T00:00:00.000000000Z,379284601606.26048832993096784
eth,2024-04-15T00:00:00.000000000Z,372582832615.2934054290640854
eth,2024-04-16T00:00:00.000000000Z,370830658627.97123912691466245
eth,2024-04-17T00:00:00.000000000Z,358393130555.78701124149793544
eth,2024-04-18T00:00:00.000000000Z,368356778643.29753306202208137
eth,2024-04-19T00:00:00.000000000Z,366936725848.6188675352830908
eth,2024-04-20T00:00:00.000000000Z,378894956613.27178762887635839
eth,2024-04-21T00:00:00.000000000Z,377946226735.56217471122763909
eth,2024-04-22T00:00:00.000000000Z,384924381556.55060738955717976
eth,2024-04-23T00:00:00.000000000Z,386365473967.24669076916809604
eth,2024-04-24T00:00:00.000000000Z,382366755335.8513284526200052
eth,2024-04-25T00:00:00.000000000Z,385463825139.90425807353866624
eth,2024-04-26T00:00:00.000000000Z,381991092357.9340662590914427
eth,2024-04-27T00:00:00.000000000Z,397034630683.44717230137813056
eth,2024-04-28T00:00:00.000000000Z,398237376272.60297706120141687
eth,2024-04-29T00:00:00.000000000Z,393065869842.59696118681230315
eth,2024-04-30T00:00:00.000000000Z,367682786339.8699069335733215
eth,2024-05-01T00:00:00.000000000Z,362550779873.88463682228884134
eth,2024-05-02T00:00:00.000000000Z,364782865518.06975849134741436
eth,2024-05-03T00:00:00.000000000Z,373173556399.989367394036652
eth,2024-05-04T00:00:00.000000000Z,374315718317.37914615920453316
eth,2024-05-05T00:00:00.000000000Z,376959283381.52047690003134854
eth,2024-05-06T00:00:00.000000000Z,368402929643.13258925303340385
eth,2024-05-07T00:00:00.000000000Z,362059235910.2639653083841938
eth,2024-05-08T00:00:00.000000000Z,356750325770.73161941717590428
eth,2024-05-09T00:00:00.000000000Z,364450873966.09192641361319096
eth,2024-05-10T00:00:00.000000000Z,349609099394.91575444811799032
eth,2024-05-11T00:00:00.000000000Z,349669754574.91484972722647135
eth,2024-05-12T00:00:00.000000000Z,351982626304.23643924724765445
eth,2024-05-13T00:00:00.000000000Z,354147364994.61344094815402482
eth,2024-05-14T00:00:00.000000000Z,346052245550.34917003857883988
eth,2024-05-15T00:00:00.000000000Z,363811225842.93918748657393036
eth,2024-05-16T00:00:00.000000000Z,353304747306.58124387397531627
eth,2024-05-17T00:00:00.000000000Z,371464833446.66187821044254763
eth,2024-05-18T00:00:00.000000000Z,375086393662.55341969409906688
eth,2024-05-19T00:00:00.000000000Z,368794080619.5131893659435008
eth,2024-05-20T00:00:00.000000000Z,439884690504.3802403163828906
eth,2024-05-21T00:00:00.000000000Z,456106825442.57233036815482787
eth,2024-05-22T00:00:00.000000000Z,449392904402.70935044142631339
eth,2024-05-23T00:00:00.000000000Z,452517063622.66234220682874662
eth,2024-05-24T00:00:00.000000000Z,447847012180.60261876020820348
eth,2024-05-25T00:00:00.000000000Z,450259632220.9267148993382874
eth,2024-05-26T00:00:00.000000000Z,459450986620.48979694231478854
eth,2024-05-27T00:00:00.000000000Z,467049922607.48718040156807632
eth,2024-05-28T00:00:00.000000000Z,461919108684.39411165535142015
eth,2024-05-29T00:00:00.000000000Z,452912393131.7498553705746892
eth,2024-05-30T00:00:00.000000000Z,450228945354.88873628273037806
eth,2024-05-31T00:00:00.000000000Z,451182700927.60540546884927455
eth,2024-06-01T00:00:00.000000000Z,458140349387.23886321309318283
eth,2024-06-02T00:00:00.000000000Z,454294618275.78163827092723084
eth,2024-06-03T00:00:00.000000000Z,452640610993.28424672512054106
eth,2024-06-04T00:00:00.000000000Z,458017579011.95304273349563798
eth,2024-06-05T00:00:00.000000000Z,464166845424.93535503377896072
eth,2024-06-06T00:00:00.000000000Z,457988435856.30680604920823432
eth,2024-06-07T00:00:00.000000000Z,442138888716.59364182801476704
eth,2024-06-08T00:00:00.000000000Z,442152755466.58795659865169239
eth,2024-06-09T00:00:00.000000000Z,445229407740.1564504999477601
eth,2024-06-10T00:00:00.000000000Z,440495172319.85442742577412454
eth,2024-06-11T00:00:00.000000000Z,420263287553.23512302477212776
eth,2024-06-12T00:00:00.000000000Z,427850136260.17618157425862856
eth,2024-06-13T00:00:00.000000000Z,416943839470.4315153504991027
eth,2024-06-14T00:00:00.000000000Z,418119475608.71449916902058001
eth,2024-06-15T00:00:00.000000000Z,428670615630.1792607707699777
eth,2024-06-16T00:00:00.000000000Z,434924567547.09407878455998796
eth,2024-06-17T00:00:00.000000000Z,421685985056.8104224546891484
eth,2024-06-18T00:00:00.000000000Z,417872969228.48832444056398284
eth,2024-06-19T00:00:00.000000000Z,435008383218.22842908661958137
eth,2024-06-20T00:00:00.000000000Z,429514901459.81395906067794602
eth,2024-06-21T00:00:00.000000000Z,430200492114.91899798235935792
eth,2024-06-22T00:00:00.000000000Z,427504036855.5581905620279168
eth,2024-06-23T00:00:00.000000000Z,418179788014.04026016271061768
eth,2024-06-24T00:00:00.000000000Z,409339871034.66906355279280022
eth,2024-06-25T00:00:00.000000000Z,407649019137.050992063666576
eth,2024-06-26T00:00:00.000000000Z,404870838737.60363743017140397
eth,2024-06-27T00:00:00.000000000Z,413872748801.05711867859012156
eth,2024-06-28T00:00:00.000000000Z,405339837106.91765540490324358
eth,2024-06-29T00:00:00.000000000Z,405438157991.867367371356212
eth,2024-06-30T00:00:00.000000000Z,413181690050.3055017086391757
eth,2024-07-01T00:00:00.000000000Z,413159536958.36709806787245718
eth,2024-07-02T00:00:00.000000000Z,410826535999.48154679750823344
eth,2024-07-03T00:00:00.000000000Z,395990075516.50059487739628682
eth,2024-07-04T00:00:00.000000000Z,370279528851.16149946245842229
eth,2024-07-05T00:00:00.000000000Z,358931080579.74948628687358171
eth,2024-07-06T00:00:00.000000000Z,368754788959.80359960386065888
eth,2024-07-07T00:00:00.000000000Z,352526444078.36695632483102535
eth,2024-07-08T00:00:00.000000000Z,363062180515.08588000922645016
eth,2024-07-09T00:00:00.000000000Z,368323316755.04591049787891928
eth,2024-07-10T00:00:00.000000000Z,372774032895.49756576007091065
eth,2024-07-11T00:00:00.000000000Z,372261780810.5999060839292877
eth,2024-07-12T00:00:00.000000000Z,376299758456.4467931484990417
eth,2024-07-13T00:00:00.000000000Z,382495082094.0210896067899052
eth,2024-07-14T00:00:00.000000000Z,391495458602.5574043169107459
eth,2024-07-15T00:00:00.000000000Z,419311053576.00172876910435624
eth,2024-07-16T00:00:00.000000000Z,414358339223.32371947318549836
eth,2024-07-17T00:00:00.000000000Z,408037244938.409012457442548
eth,2024-07-18T00:00:00.000000000Z,412493466641.01512133041175738
eth,2024-07-19T00:00:00.000000000Z,421680339759.11102219583608376
eth,2024-07-20T00:00:00.000000000Z,423257289707.9599440814707126
eth,2024-07-21T00:00:00.000000000Z,424455868877.75383738133613906
eth,2024-07-22T00:00:00.000000000Z,413818526229.71780856843702618
eth,2024-07-23T00:00:00.000000000Z,418729326823.45972643303327005
eth,2024-07-24T00:00:00.000000000Z,400580072851.43440363079121072
eth,2024-07-25T00:00:00.000000000Z,381589693562.84921019889976363
eth,2024-07-26T00:00:00.000000000Z,394246952088.6799597893495168
eth,2024-07-27T00:00:00.000000000Z,391289023889.63437801870860606
eth,2024-07-28T00:00:00.000000000Z,393270203995.63874643612851762
eth,2024-07-29T00:00:00.000000000Z,399585554123.371856241026145
eth,2024-07-30T00:00:00.000000000Z,393946172154.43658547805070738
eth,2024-07-31T00:00:00.000000000Z,388611449914.21841278933977384
eth,2024-08-01T00:00:00.000000000Z,385192821278.379354516644134
eth,2024-08-02T00:00:00.000000000Z,358950212683.07713182412761344
eth,2024-08-03T00:00:00.000000000Z,349308437824.1061592944853185
eth,2024-08-04T00:00:00.000000000Z,324503790934.6451386428081853
eth,2024-08-05T00:00:00.000000000Z,292739455516.45191439054043169
eth,2024-08-06T00:00:00.000000000Z,295674174238.33055962316673061
eth,2024-08-07T00:00:00.000000000Z,282159594931.82416628789302914
eth,2024-08-08T00:00:00.000000000Z,323098498142.92240402414548643
eth,2024-08-09T00:00:00.000000000Z,311832667013.4707866488532175
eth,2024-08-10T00:00:00.000000000Z,313512053026.21737608702989074
eth,2024-08-11T00:00:00.000000000Z,307759540957.21272321492727328
eth,2024-08-12T00:00:00.000000000Z,328193528602.75994669866457874
eth,2024-08-13T00:00:00.000000000Z,325030951707.21829040421337302
eth,2024-08-14T00:00:00.000000000Z,320739932258.3679603930968982
eth,2024-08-15T00:00:00.000000000Z,309557808310.66747011168896
eth,2024-08-16T00:00:00.000000000Z,312058538306.77747262874810186
eth,2024-08-17T00:00:00.000000000Z,314191571178.7533978245827977
eth,2024-08-18T00:00:00.000000000Z,315714764956.1023805713413505
eth,2024-08-19T00:00:00.000000000Z,316582668461.04694560029482152
eth,2024-08-20T00:00:00.000000000Z,310104449628.16274143188649242
eth,2024-08-21T00:00:00.000000000Z,316160382425.73350496321218955
eth,2024-08-22T00:00:00.000000000Z,315554208327.92551578993146736
eth,2024-08-23T00:00:00.000000000Z,332740410287.001778808821665
eth,2024-08-24T00:00:00.000000000Z,332258755415.04126945574918918
eth,2024-08-25T00:00:00.000000000Z,331800805191.60772422252196004
eth,2024-08-26T00:00:00.000000000Z,323163521910.02080216237731381
eth,2024-08-27T00:00:00.000000000Z,296097931294.3868055040630746
eth,2024-08-28T00:00:00.000000000Z,304291905057.28316138527791485
eth,2024-08-29T00:00:00.000000000Z,304015013008.26418543434535674
eth,2024-08-30T00:00:00.000000000Z,303969392481.49233160697045543
eth,2024-08-31T00:00:00.000000000Z,302363914557.35673489530438266
eth,2024-09-01T00:00:00.000000000Z,291849130755.44312699006984394
eth,2024-09-02T00:00:00.000000000Z,305409123652.8774131029012032
eth,2024-09-03T00:00:00.000000000Z,293528763440.9611135441019535
eth,2024-09-04T00:00:00.000000000Z,295112824351.12029033586888938
eth,2024-09-05T00:00:00.000000000Z,284800624151.67965989643986795
eth,2024-09-06T00:00:00.000000000Z,267169599560.03434562207816645
eth,2024-09-07T00:00:00.000000000Z,273082374885.0225917932300834
eth,2024-09-08T00:00:00.000000000Z,276742097682.83510469874602039
eth,2024-09-09T00:00:00.000000000Z,284204272008.22233177833530698
eth,2024-09-10T00:00:00.000000000Z,287515985689.56230337676689448
eth,2024-09-11T00:00:00.000000000Z,281840669833.994870480014547
eth,2024-09-12T00:00:00.000000000Z,284254914785.71959156366464092
eth,2024-09-13T00:00:00.000000000Z,293939691869.66841696871491008
eth,2024-09-14T00:00:00.000000000Z,290866262845.6840433548312872
eth,2024-09-15T00:00:00.000000000Z,279091525393.0484030941906845
eth,2024-09-16T00:00:00.000000000Z,276197325237.66139970946982028
eth,2024-09-17T00:00:00.000000000Z,281241830391.208984471286133
eth,2024-09-18T00:00:00.000000000Z,283860992928.33421523823392016
eth,2024-09-19T00:00:00.000000000Z,297059421090.1283884010261978
eth,2024-09-20T00:00:00.000000000Z,307449528245.6047087565280312
eth,2024-09-21T00:00:00.000000000Z,313470281364.73874286738744132
eth,2024-09-22T00:00:00.000000000Z,310628574513.00059681518303302
eth,2024-09-23T00:00:00.000000000Z,318674386638.4635436598832226
eth,2024-09-24T00:00:00.000000000Z,319587259282.85037734166724476
eth,2024-09-25T00:00:00.000000000Z,309907674684.26054979853007072
eth,2024-09-26T00:00:00.000000000Z,316518093029.7482808658693929
eth,2024-09-27T00:00:00.000000000Z,324762693488.61633606400052285
eth,2024-09-28T00:00:00.000000000Z,321935193379.69112786854415796
eth,2024-09-29T00:00:00.000000000Z,319723816990.84015778617759173
eth,2024-09-30T00:00:00.000000000Z,312501390326.30735872774327285
eth,2024-10-01T00:00:00.000000000Z,294880723026.1727927833331037
eth,2024-10-02T00:00:00.000000000Z,285044487160.37215262818378059
eth,2024-10-03T00:00:00.000000000Z,282810345144.23853590199574064
eth,2024-10-04T00:00:00.000000000Z,290712680716.81287549422164056
eth,2024-10-05T00:00:00.000000000Z,290621281106.65816257087912606
eth,2024-10-06T00:00:00.000000000Z,293535368586.37677069129457476
eth,2024-10-07T00:00:00.000000000Z,292105411807.51744835273151795
eth,2024-10-08T00:00:00.000000000Z,293675663146.592672815337046
eth,2024-10-09T00:00:00.000000000Z,284959290817.37452521547967792
eth,2024-10-10T00:00:00.000000000Z,286759996624.8332079991723536
eth,2024-10-11T00:00:00.000000000Z,293450266331.47246728687388344
eth,2024-10-12T00:00:00.000000000Z,298334795251.79331737074572542
eth,2024-10-13T00:00:00.000000000Z,296758798235.22381040665981
eth,2024-10-14T00:00:00.000000000Z,316720189253.7487318490413749
eth,2024-10-15T00:00:00.000000000Z,313063867728.61443235777632552
eth,2024-10-16T00:00:00.000000000Z,314445197021.2890569156167323
eth,2024-10-17T00:00:00.000000000Z,313394685702.64563853755806319
eth,2024-10-18T00:00:00.000000000Z,317996890899.2264215135707726
eth,2024-10-19T00:00:00.000000000Z,318992244883.154806489050005
eth,2024-10-20T00:00:00.000000000Z,330599894139.8642081208120505
eth,2024-10-21T00:00:00.000000000Z,321118073294.38351955418213807
eth,2024-10-22T00:00:00.000000000Z,315819972253.43472478337636514
eth,2024-10-23T00:00:00.000000000Z,303592857983.40709043034648496
eth,2024-10-24T00:00:00.000000000Z,304855657771.04151810117930288
eth,2024-10-25T00:00:00.000000000Z,290781092108.98917495764977715
eth,2024-10-26T00:00:00.000000000Z,298655345462.19689592438691396
eth,2024-10-27T00:00:00.000000000Z,302020887542.47390782462251888
eth,2024-10-28T00:00:00.000000000Z,308971841236.75530950831610813
eth,2024-10-29T00:00:00.000000000Z,317289082193.00263514444303996
eth,2024-10-30T00:00:00.000000000Z,320381211350.3736077103442192
eth,2024-10-31T00:00:00.000000000Z,303157280934.12604297253759092
eth,2024-11-01T00:00:00.000000000Z,302523515898.8169924579771044
eth,2024-11-02T00:00:00.000000000Z,299683216030.00762505850460407
eth,2024-11-03T00:00:00.000000000Z,295559999346.44960977344111286
eth,2024-11-04T00:00:00.000000000Z,288589862212.7694869231872768
eth,2024-11-05T00:00:00.000000000Z,292485053033.92068886152259456
eth,2024-11-06T00:00:00.000000000Z,327893613456.63625951742733291
eth,2024-11-07T00:00:00.000000000Z,348236785234.65995387093295464
eth,2024-11-08T00:00:00.000000000Z,356473204842.87728797910274864
eth,2024-11-09T00:00:00.000000000Z,378117605355.8423743971433018
eth,2024-11-10T00:00:00.000000000Z,383847446050.59405231696568576
eth,2024-11-11T00:00:00.000000000Z,405854576069.87636018754873166
eth,2024-11-12T00:00:00.000000000Z,391995447684.69273495619893776
eth,2024-11-13T00:00:00.000000000Z,384260552647.93988051332775847
eth,2024-11-14T00:00:00.000000000Z,368063065032.75213852745591864
eth,2024-11-15T00:00:00.000000000Z,372999990930.61171950874285097
eth,2024-11-16T00:00:00.000000000Z,377444693880.1429867694169447
eth,2024-11-17T00:00:00.000000000Z,369716399850.44842443667718482
eth,2024-11-18T00:00:00.000000000Z,384013892762.137549317037751
eth,2024-11-19T00:00:00.000000000Z,374734558905.42184549292287782
eth,2024-11-20T00:00:00.000000000Z,370118590042.6178696736791352
eth,2024-11-21T00:00:00.000000000Z,405274140554.11404456680790032
eth,2024-11-22T00:00:00.000000000Z,400466809725.34407685133959152
eth,2024-11-23T00:00:00.000000000Z,409139980536.3945048086345174
eth,2024-11-24T00:00:00.000000000Z,405110974033.59156655814808534
eth,2024-11-25T00:00:00.000000000Z,413066275309.50001373618371072
eth,2024-11-26T00:00:00.000000000Z,400373850710.2268845542972459
eth,2024-11-27T00:00:00.000000000Z,441899397095.35380001204398288
eth,2024-11-28T00:00:00.000000000Z,431665489704.01876439690893545
eth,2024-11-29T00:00:00.000000000Z,433043067177.25049023297755792
eth,2024-11-30T00:00:00.000000000Z,447210445391.722989434039794
eth,2024-12-01T00:00:00.000000000Z,447562959326.38333474615001626
eth,2024-12-02T00:00:00.000000000Z,438054446992.72841509660841854
eth,2024-12-03T00:00:00.000000000Z,436472202838.60202894770547076
eth,2024-12-04T00:00:00.000000000Z,463059081199.808612828390072016
eth,2024-12-05T00:00:00.000000000Z,457039635210.602668761561512308
eth,2024-12-06T00:00:00.000000000Z,483389590864.351079988636742602
eth,2024-12-07T00:00:00.000000000Z,482514162581.686783811196352695
eth,2024-12-08T00:00:00.000000000Z,481968002552.367596021633206798
eth,2024-12-09T00:00:00.000000000Z,447348984592.879955762613716295
eth,2024-12-10T00:00:00.000000000Z,437499404896.433255343538284688
eth,2024-12-11T00:00:00.000000000Z,462128853907.888058883543578368
eth,2024-12-12T00:00:00.000000000Z,466970709437.502609483730776366
eth,2024-12-13T00:00:00.000000000Z,470393468396.153090495590446618
eth,2024-12-14T00:00:00.000000000Z,465957016054.648134970013728578
eth,2024-12-15T00:00:00.000000000Z,475484751507.840422151105086252
eth,2024-12-16T00:00:00.000000000Z,481213190114.250618752236787248
eth,2024-12-17T00:00:00.000000000Z,467074462543.84671357709125024
eth,2024-12-18T00:00:00.000000000Z,438024990239.732866580785411799
eth,2024-12-19T00:00:00.000000000Z,413135038839.57380014923132741
eth,2024-12-20T00:00:00.000000000Z,418154712581.7065530943608829
eth,2024-12-21T00:00:00.000000000Z,400968833249.542690707482505668
eth,2024-12-22T00:00:00.000000000Z,394888544701.998003981871758622
eth,2024-12-23T00:00:00.000000000Z,412260258126.560634764420142832
eth,2024-12-24T00:00:00.000000000Z,420967753776.540169418655262838
eth,2024-12-25T00:00:00.000000000Z,420491576181.90224859094860206
eth,2024-12-26T00:00:00.000000000Z,400559541844.029061334029677081
eth,2024-12-27T00:00:00.000000000Z,400188524374.150635513704115193
eth,2024-12-28T00:00:00.000000000Z,409229362091.69305756063821544
eth,2024-12-29T00:00:00.000000000Z,403192824772.334185550413682955
eth,2024-12-30T00:00:00.000000000Z,404228820922.001449141365501428
eth,2024-12-31T00:00:00.000000000Z,401463358079.39761152996412785
eth,2025-01-01T00:00:00.000000000Z,403690743204.280945472840480044
eth,2025-01-02T00:00:00.000000000Z,415346383360.27489462386538549
eth,2025-01-03T00:00:00.000000000Z,434463759032.452098519104324768
eth,2025-01-04T00:00:00.000000000Z,440674480814.052627791249518528
eth,2025-01-05T00:00:00.000000000Z,438312575485.110724385258116208
eth,2025-01-06T00:00:00.000000000Z,443715190879.36339084179673658
eth,2025-01-07T00:00:00.000000000Z,407509137794.44236321979642512
eth,2025-01-08T00:00:00.000000000Z,400645272987.962973343144820232
eth,2025-01-09T00:00:00.000000000Z,387615632326.964786741991379555
eth,2025-01-10T00:00:00.000000000Z,393941127407.799338706200700039
eth,2025-01-11T00:00:00.000000000Z,395964761485.01789523941753093
eth,2025-01-12T00:00:00.000000000Z,392572494342.546197090869974222
eth,2025-01-13T00:00:00.000000000Z,377514137133.415566468793918512
eth,2025-01-14T00:00:00.000000000Z,388780405180.214203267010666775
eth,2025-01-15T00:00:00.000000000Z,414628137082.506700276339620486
eth,2025-01-16T00:00:00.000000000Z,398017301307.818326223792184426
eth,2025-01-17T00:00:00.000000000Z,419203510471.99315672927391904
eth,2025-01-18T00:00:00.000000000Z,398058419708.833245071743250955
eth,2025-01-19T00:00:00.000000000Z,386095430491.27010421857532248
eth,2025-01-20T00:00:00.000000000Z,395905296121.851423650036499336
eth,2025-01-21T00:00:00.000000000Z,400383972870.745242479714261539
eth,2025-01-22T00:00:00.000000000Z,390383064977.510823808620974103
eth,2025-01-23T00:00:00.000000000Z,401974762493.205185060076195782
eth,2025-01-24T00:00:00.000000000Z,398917343731.341386982965494176
eth,2025-01-25T00:00:00.000000000Z,400493574611.922760226509748916
eth,2025-01-26T00:00:00.000000000Z,390563850305.280891381413817846
eth,2025-01-27T00:00:00.000000000Z,382071101200.779260553670337427
eth,2025-01-28T00:00:00.000000000Z,370058815290.272492902428705914
eth,2025-01-29T00:00:00.000000000Z,376443382667.789543715415189989
eth,2025-01-30T00:00:00.000000000Z,392375634082.148219420135189934
eth,2025-01-31T00:00:00.000000000Z,396814870091.376878997818255238
eth,2025-02-01T00:00:00.000000000Z,376012172545.316859724802339745
eth,2025-02-02T00:00:00.000000000Z,342792048728.14178300877987141
eth,2025-02-03T00:00:00.000000000Z,346814810214.209372606202740082
eth,2025-02-04T00:00:00.000000000Z,328262958308.495492045322446068
eth,2025-02-05T00:00:00.000000000Z,335160135916.32305590690228
eth,2025-02-06T00:00:00.000000000Z,323628910992.24085587857435222
eth,2025-02-07T00:00:00.000000000Z,314935563930.85337925099786851
eth,2025-02-08T00:00:00.000000000Z,317859233670.827238675626584614
eth,2025-02-09T00:00:00.000000000Z,316212338726.632088632904056308
eth,2025-02-10T00:00:00.000000000Z,320494606410.00214108851035523
eth,2025-02-11T00:00:00.000000000Z,313877451445.11699246219889001
eth,2025-02-12T00:00:00.000000000Z,330118270561.106131341820001391
eth,2025-02-13T00:00:00.000000000Z,322442057791.015394857580856854
eth,2025-02-14T00:00:00.000000000Z,328496187938.478457089825406593
eth,2025-02-15T00:00:00.000000000Z,324782785341.258521586226822637
eth,2025-02-16T00:00:00.000000000Z,320913032171.107607581203136672
eth,2025-02-17T00:00:00.000000000Z,330722128876.687246259811346971
eth,2025-02-18T00:00:00.000000000Z,321535874843.233546098466791554
eth,2025-02-19T00:00:00.000000000Z,327695401270.375681468369195104
eth,2025-02-20T00:00:00.000000000Z,330418474545.262518395278704396
eth,2025-02-21T00:00:00.000000000Z,320180174278.482932589770508732
eth,2025-02-22T00:00:00.000000000Z,333523273939.714954662864013376
eth,2025-02-23T00:00:00.000000000Z,340221287058.240954460358560819
eth,2025-02-24T00:00:00.000000000Z,303772851237.912835603853774332
eth,2025-02-25T00:00:00.000000000Z,301352756755.5116158552826415
eth,2025-02-26T00:00:00.000000000Z,280988404361.101115435990579964
eth,2025-02-27T00:00:00.000000000Z,277143339345.463329214587972516
eth,2025-02-28T00:00:00.000000000Z,268881001422.536965242123619272
eth,2025-03-01T00:00:00.000000000Z,266357211195.496606079721898668
eth,2025-03-02T00:00:00.000000000Z,303790948199.941020580800417186
eth,2025-03-03T00:00:00.000000000Z,259693203158.91123286141190496
eth,2025-03-04T00:00:00.000000000Z,261683111086.1338407629525478
eth,2025-03-05T00:00:00.000000000Z,270250737597.072947992071642789
eth,2025-03-06T00:00:00.000000000Z,266067445976.296117717985399105
eth,2025-03-07T00:00:00.000000000Z,257438712586.544614369873061832
eth,2025-03-08T00:00:00.000000000Z,265283772518.643294607625633536
eth,2025-03-09T00:00:00.000000000Z,243091973888.357618042465899064
eth,2025-03-10T00:00:00.000000000Z,226695374405.604232783479957858
eth,2025-03-11T00:00:00.000000000Z,231924504004.17366761210054329
eth,2025-03-12T00:00:00.000000000Z,229939249197.54471043612728764
eth,2025-03-13T00:00:00.000000000Z,224758457600.470678410057437664
eth,2025-03-14T00:00:00.000000000Z,230935626599.2079849159559973
eth,2025-03-15T00:00:00.000000000Z,233948425616.652629923546024647
eth,2025-03-16T00:00:00.000000000Z,227325896685.120219023070109765
eth,2025-03-17T00:00:00.000000000Z,232538624398.857552494444284392
eth,2025-03-18T00:00:00.000000000Z,232861275335.372500470558310875
eth,2025-03-19T00:00:00.000000000Z,248119847477.531168129859345334
eth,2025-03-20T00:00:00.000000000Z,238624291280.9604428232629508
eth,2025-03-21T00:00:00.000000000Z,237169672840.92797220514361604
eth,2025-03-22T00:00:00.000000000Z,238697881903.12068933778308339
eth,2025-03-23T00:00:00.000000000Z,241013285910.340479946096551414
eth,2025-03-24T00:00:00.000000000Z,250189938280.610408862139025982
eth,2025-03-25T00:00:00.000000000Z,249133112997.202512417820522328
eth,2025-03-26T00:00:00.000000000Z,241938967310.37714703180900806
eth,2025-03-27T00:00:00.000000000Z,241695339185.524573139545850018
eth,2025-03-28T00:00:00.000000000Z,228749806660.61942834345109924
eth,2025-03-29T00:00:00.000000000Z,220015933962.031791171889124227
eth,2025-03-30T00:00:00.000000000Z,217511108954.475349404290805175
eth,2025-03-31T00:00:00.000000000Z,220006577336.174972435268142794
eth,2025-04-01T00:00:00.000000000Z,230247946676.444675653397424976
eth,2025-04-02T00:00:00.000000000Z,216642857719.44574294624258401
eth,2025-04-03T00:00:00.000000000Z,218825656822.331269046093866437
eth,2025-04-04T00:00:00.000000000Z,218764347965.930933766217951494
eth,2025-04-05T00:00:00.000000000Z,217559524568.405356858485746552
eth,2025-04-06T00:00:00.000000000Z,189342546990.546052210499824365
eth,2025-04-07T00:00:00.000000000Z,188277124160.521830609979763024
eth,2025-04-08T00:00:00.000000000Z,177522858597.852954461420463706
eth,2025-04-09T00:00:00.000000000Z,200673495123.96279495306855933
eth,2025-04-10T00:00:00.000000000Z,183705103465.42636462487030452
eth,2025-04-11T00:00:00.000000000Z,188934375324.182349645966239134
eth,2025-04-12T00:00:00.000000000Z,198698532907.381944760899735438
eth,2025-04-13T00:00:00.000000000Z,192289658794.86511552980073524
eth,2025-04-14T00:00:00.000000000Z,195931479773.29136057063386731
eth,2025-04-15T00:00:00.000000000Z,191995125325.282814521346276742
eth,2025-04-16T00:00:00.000000000Z,190424983414.230449254479217944
eth,2025-04-17T00:00:00.000000000Z,191250367664.191310612497400348
eth,2025-04-18T00:00:00.000000000Z,191810451312.474716478576052125
eth,2025-04-19T00:00:00.000000000Z,194902848420.019793743227846288
eth,2025-04-20T00:00:00.000000000Z,191348693522.958991136808244908
eth,2025-04-21T00:00:00.000000000Z,190349300720.0562113737648401
eth,2025-04-22T00:00:00.000000000Z,212205514777.262493985423807822
eth,2025-04-23T00:00:00.000000000Z,217016923677.424701758070428754
eth,2025-04-24T00:00:00.000000000Z,213599085875.21792408706148552
eth,2025-04-25T00:00:00.000000000Z,216028609726.540970371776941936
eth,2025-04-26T00:00:00.000000000Z,219712514615.153600929772327136
eth,2025-04-27T00:00:00.000000000Z,216499722213.143884208838537624
eth,2025-04-28T00:00:00.000000000Z,217288153706.4764119245032095
eth,2025-04-29T00:00:00.000000000Z,216454000756.59724000743025495
eth,2025-04-30T00:00:00.000000000Z,216740699821.124740271955961173
eth,2025-05-01T00:00:00.000000000Z,221927431846.901298897818481032
eth,2025-05-02T00:00:00.000000000Z,222306843138.498495023920729743
eth,2025-05-03T00:00:00.000000000Z,221597546191.995232815019038224
eth,2025-05-04T00:00:00.000000000Z,218437860134.935216918637112134
eth,2025-05-05T00:00:00.000000000Z,220026544805.692069419390136887
eth,2025-05-06T00:00:00.000000000Z,219036254028.60732652922098284
eth,2025-05-07T00:00:00.000000000Z,219075391164.86326665135398997
eth,2025-05-08T00:00:00.000000000Z,264774758450.84454304256310476
eth,2025-05-09T00:00:00.000000000Z,282779929856.496600034083259938
eth,2025-05-10T00:00:00.000000000Z,312043486572.766766923171608036
eth,2025-05-11T00:00:00.000000000Z,302749495347.47614931376588279
eth,2025-05-12T00:00:00.000000000Z,301051163667.613160110999312025
eth,2025-05-13T00:00:00.000000000Z,323133354498.64207266484313112
eth,2025-05-14T00:00:00.000000000Z,314264995942.746089426394043926
eth,2025-05-15T00:00:00.000000000Z,306733379344.251587985916294524
eth,2025-05-16T00:00:00.000000000Z,307459313578.113818681248035
eth,2025-05-17T00:00:00.000000000Z,298754559881.752526219374354018
eth,2025-05-18T00:00:00.000000000Z,297706523604.025536998608347399
eth,2025-05-19T00:00:00.000000000Z,305013045268.26289281188083094
eth,2025-05-20T00:00:00.000000000Z,304875860842.392738282523626302
eth,2025-05-21T00:00:00.000000000Z,308819477576.415960846135396043
eth,2025-05-22T00:00:00.000000000Z,320823107800.368603243131057806
eth,2025-05-23T00:00:00.000000000Z,304453743448.974410936943683688
eth,2025-05-24T00:00:00.000000000Z,305395241737.016007285583676527
eth,2025-05-25T00:00:00.000000000Z,307488664060.1243221203758286
eth,2025-05-26T00:00:00.000000000Z,309291233340.06052542424625385
eth,2025-05-27T00:00:00.000000000Z,321302832745.06267303230572025
eth,2025-05-28T00:00:00.000000000Z,323197087481.98748243873601514
eth,2025-05-29T00:00:00.000000000Z,317914392267.701541859607607111
eth,2025-05-30T00:00:00.000000000Z,304863953144.95800294570450462
eth,2025-05-31T00:00:00.000000000Z,305741718272.016002561871921096
eth,2025-06-01T00:00:00.000000000Z,306547295531.875016843079924914
eth,2025-06-02T00:00:00.000000000Z,314895185336.89731245645690484
eth,2025-06-03T00:00:00.000000000Z,313287534023.945826719474961101
eth,2025-06-04T00:00:00.000000000Z,315079936490.471603732533769472
eth,2025-06-05T00:00:00.000000000Z,292301260891.19868081742844266
eth,2025-06-06T00:00:00.000000000Z,299383991438.26260065845490362
eth,2025-06-07T00:00:00.000000000Z,305076491922.186362843928621361
eth,2025-06-08T00:00:00.000000000Z,302963091111.844020184879481657
eth,2025-06-09T00:00:00.000000000Z,323140399028.45436864593051808
eth,2025-06-10T00:00:00.000000000Z,338774503470.41316740845880418
eth,2025-06-11T00:00:00.000000000Z,334952789201.362532995477787391
eth,2025-06-12T00:00:00.000000000Z,320268534833.001287894260771836
eth,2025-06-13T00:00:00.000000000Z,311223499496.008497978320643665
eth,2025-06-14T00:00:00.000000000Z,305798355138.67555266123662936
eth,2025-06-15T00:00:00.000000000Z,307427282125.40807400851995149
eth,2025-06-16T00:00:00.000000000Z,309652305866.331235584637317632
eth,2025-06-17T00:00:00.000000000Z,303420275939.615845836662791608
eth,2025-06-18T00:00:00.000000000Z,304517536633.350586046397908448
eth,2025-06-19T00:00:00.000000000Z,304583606505.096754733119472991
eth,2025-06-20T00:00:00.000000000Z,290112235463.732535271782167818
eth,2025-06-21T00:00:00.000000000Z,273556899808.9978248488637
eth,2025-06-22T00:00:00.000000000Z,268886065933.883425498636480501
eth,2025-06-23T00:00:00.000000000Z,292317870454.632973118679310899
eth,2025-06-24T00:00:00.000000000Z,294938705801.34159680145909995
eth,2025-06-25T00:00:00.000000000Z,291897530517.416482062696382647
eth,2025-06-26T00:00:00.000000000Z,291566574913.93970077832427135
eth,2025-06-27T00:00:00.000000000Z,292384187996.496320599393288482
eth,2025-06-28T00:00:00.000000000Z,294336951743.247669466434499319
eth,2025-06-29T00:00:00.000000000Z,302184015707.954982029865629805
eth,2025-06-30T00:00:00.000000000Z,300462270286.07964240051549435
eth,2025-07-01T00:00:00.000000000Z,289807752732.875988128952436047
eth,2025-07-02T00:00:00.000000000Z,311446304631.252956677454462268
eth,2025-07-03T00:00:00.000000000Z,312696715871.339177368139603971
eth,2025-07-04T00:00:00.000000000Z,303010727230.077793652225251614
eth,2025-07-05T00:00:00.000000000Z,304020981114.405634278479535985
eth,2025-07-06T00:00:00.000000000Z,310212626369.504185315213358675
eth,2025-07-07T00:00:00.000000000Z,306956780751.809299463371525134
eth,2025-07-08T00:00:00.000000000Z,315726720945.60143338609605291
eth,2025-07-09T00:00:00.000000000Z,335089604637.580916940698155222
eth,2025-07-10T00:00:00.000000000Z,356166032465.470820425436216921
eth,2025-07-11T00:00:00.000000000Z,357156109295.960830570925078104
eth,2025-07-12T00:00:00.000000000Z,354951968365.607450769159419761
eth,2025-07-13T00:00:00.000000000Z,358480615260.257363975687097204
eth,2025-07-14T00:00:00.000000000Z,363567813079.532200982918827158
eth,2025-07-15T00:00:00.000000000Z,378183784602.38821313169040362
eth,2025-07-16T00:00:00.000000000Z,406362133767.97342122983454246
eth,2025-07-17T00:00:00.000000000Z,421219619169.632734837133177729
eth,2025-07-18T00:00:00.000000000Z,427608247678.75872871321151252
eth,2025-07-19T00:00:00.000000000Z,433613401133.12037994925155683
eth,2025-07-20T00:00:00.000000000Z,453281968778.90665371393289277
eth,2025-07-21T00:00:00.000000000Z,454589632727.62098003775874574
eth,2025-07-22T00:00:00.000000000Z,452174224418.482483156149203574
eth,2025-07-23T00:00:00.000000000Z,438128712752.189825765969039908
eth,2025-07-24T00:00:00.000000000Z,447779715965.132085947132266152
eth,2025-07-25T00:00:00.000000000Z,449354425890.394956037235940795
eth,2025-07-26T00:00:00.000000000Z,451864736253.882555081122044116
eth,2025-07-27T00:00:00.000000000Z,466367055469.34807523196227877
eth,2025-07-28T00:00:00.000000000Z,457603594903.36808496412589643
eth,2025-07-29T00:00:00.000000000Z,457599534577.591620374036580257
eth,2025-07-30T00:00:00.000000000Z,458804689313.588667597168533096
eth,2025-07-31T00:00:00.000000000Z,446803862987.451441750382580076
eth,2025-08-01T00:00:00.000000000Z,420349402377.477148600115510511
eth,2025-08-02T00:00:00.000000000Z,409631223107.257386896921993018
eth,2025-08-03T00:00:00.000000000Z,422987378896.304578622153277082
eth,2025-08-04T00:00:00.000000000Z,448935137833.28229599547423918
eth,2025-08-05T00:00:00.000000000Z,436254253165.523821776696827832
eth,2025-08-06T00:00:00.000000000Z,444454714800.606688141522901863
eth,2025-08-07T00:00:00.000000000Z,471278836603.87645014151811904
eth,2025-08-08T00:00:00.000000000Z,484799510006.380110967762172514
eth,2025-08-09T00:00:00.000000000Z,514453123615.25041205731573864
eth,2025-08-10T00:00:00.000000000Z,512858410761.888344797598103859
eth,2025-08-11T00:00:00.000000000Z,510314491619.284889011383181949
eth,2025-08-12T00:00:00.000000000Z,555190337506.134339043862018094
eth,2025-08-13T00:00:00.000000000Z,574673719171.63067316083493504
eth,2025-08-14T00:00:00.000000000Z,550523513680.37116544473659851
eth,2025-08-15T00:00:00.000000000Z,534736197937.778458922874633864
eth,2025-08-16T00:00:00.000000000Z,533851852572.16091686659214614
eth,2025-08-17T00:00:00.000000000Z,541702071636.795612805015957372
eth,2025-08-18T00:00:00.000000000Z,521642201937.5113503584563416
eth,2025-08-19T00:00:00.000000000Z,494119330778.556548112135815328
eth,2025-08-20T00:00:00.000000000Z,523588767400.082134162472165026
eth,2025-08-21T00:00:00.000000000Z,509698443622.68105367320212262
eth,2025-08-22T00:00:00.000000000Z,583151048579.422713390253739694
eth,2025-08-23T00:00:00.000000000Z,576784940908.620440689567880912
eth,2025-08-24T00:00:00.000000000Z,577856128576.377817096625358294
eth,2025-08-25T00:00:00.000000000Z,528396490053.813521996850075708
eth,2025-08-26T00:00:00.000000000Z,555490123261.304159015107306146
eth,2025-08-27T00:00:00.000000000Z,544030708746.29500875624322443
eth,2025-08-28T00:00:00.000000000Z,543669402945.377962359048238928
eth,2025-08-29T00:00:00.000000000Z,527101644708.6971021025760692
eth,2025-08-30T00:00:00.000000000Z,527742694199.070592483088932434
eth,2025-08-31T00:00:00.000000000Z,530700466106.1233143478656425
eth,2025-09-01T00:00:00.000000000Z,519108501638.28464502453027495
eth,2025-09-02T00:00:00.000000000Z,521734233018.400194530032482392
eth,2025-09-03T00:00:00.000000000Z,537848131324.92181871885735402
eth,2025-09-04T00:00:00.000000000Z,521073442631.8663568440450227
eth,2025-09-05T00:00:00.000000000Z,520091331708.845774360869851105
eth,2025-09-06T00:00:00.000000000Z,516275101796.112242868703470636
eth,2025-09-07T00:00:00.000000000Z,520975838288.42461904417018355
eth,2025-09-08T00:00:00.000000000Z,519649796085.472224423913687655
eth,2025-09-09T00:00:00.000000000Z,520206765581.678836764137814416
eth,2025-09-10T00:00:00.000000000Z,524898221352.13996563531369711
eth,2025-09-11T00:00:00.000000000Z,538582423006.318934362940349467
eth,2025-09-12T00:00:00.000000000Z,567660218930.57580787234339272
eth,2025-09-13T00:00:00.000000000Z,563251165081.328119534042409505
eth,2025-09-14T00:00:00.000000000Z,556435859782.9037657811355172
eth,2025-09-15T00:00:00.000000000Z,546082583809.820920851049093795
eth,2025-09-16T00:00:00.000000000Z,543995482355.445159817394690515
eth,2025-09-17T00:00:00.000000000Z,554642419299.300971071074899292
eth,2025-09-18T00:00:00.000000000Z,553590647575.69530693983552091
eth,2025-09-19T00:00:00.000000000Z,538775458336.005025585081855761
eth,2025-09-20T00:00:00.000000000Z,541230228251.61082511310401418
eth,2025-09-21T00:00:00.000000000Z,537437903197.297346050441698261
eth,2025-09-22T00:00:00.000000000Z,507510990335.04167089486408652
eth,2025-09-23T00:00:00.000000000Z,503388573227.79082975933253546
eth,2025-09-24T00:00:00.000000000Z,501298462230.849416853297916508
eth,2025-09-25T00:00:00.000000000Z,467772524596.315686134186127391
eth,2025-09-26T00:00:00.000000000Z,486642112344.766230073480328608
eth,2025-09-27T00:00:00.000000000Z,485241655145.526730310472596224
eth,2025-09-28T00:00:00.000000000Z,499286425699.73729878088674194
eth,2025-09-29T00:00:00.000000000Z,509418795565.504279516445693088
eth,2025-09-30T00:00:00.000000000Z,499837162674.906446894824507432
eth,2025-10-01T00:00:00.000000000Z,523643029396.22704947762991539
eth,2025-10-02T00:00:00.000000000Z,540580981424.423656232071667463
eth,2025-10-03T00:00:00.000000000Z,545554251285.278826141943056408
eth,2025-10-04T00:00:00.000000000Z,541803063897.932476696411363072
eth,2025-10-05T00:00:00.000000000Z,545344752236.618266857008610648
eth,2025-10-06T00:00:00.000000000Z,566792338320.261086901580025122
eth,2025-10-07T00:00:00.000000000Z,538816814849.543836130841890082
eth,2025-10-08T00:00:00.000000000Z,546683582865.029940500621021646
eth,2025-10-09T00:00:00.000000000Z,527336416239.58327452476047521
eth,2025-10-10T00:00:00.000000000Z,466764241141.897704104991035126
eth,2025-10-11T00:00:00.000000000Z,452619159775.34808476210425758
eth,2025-10-12T00:00:00.000000000Z,500610762521.27574432429512052
eth,2025-10-13T00:00:00.000000000Z,512916476072.169797312807665455
eth,2025-10-14T00:00:00.000000000Z,499112194565.739943349579169133
eth,2025-10-15T00:00:00.000000000Z,480896897615.406979395944703
eth,2025-10-16T00:00:00.000000000Z,469531442533.607594459625935464
eth,2025-10-17T00:00:00.000000000Z,463309195661.386949295852912924
eth,2025-10-18T00:00:00.000000000Z,469357162192.204506330082965848
eth,2025-10-19T00:00:00.000000000Z,481374494460.855558217067025386
eth,2025-10-20T00:00:00.000000000Z,480639038651.460203225201267865
eth,2025-10-21T00:00:00.000000000Z,468479169297.926113248699365952
eth,2025-10-22T00:00:00.000000000Z,458540202177.70707307361054483
eth,2025-10-23T00:00:00.000000000Z,465424423006.105335316201394688
eth,2025-10-24T00:00:00.000000000Z,474698217996.697526275400588247
eth,2025-10-25T00:00:00.000000000Z,477364265831.146266343985247468
eth,2025-10-26T00:00:00.000000000Z,502860618933.666661951108873248
eth,2025-10-27T00:00:00.000000000Z,497145804032.982057680784244221
eth,2025-10-28T00:00:00.000000000Z,480906130929.790184768740951008
eth,2025-10-29T00:00:00.000000000Z,471066010676.634198340152880154
eth,2025-10-30T00:00:00.000000000Z,457576430976.82917294574643532
eth,2025-10-31T00:00:00.000000000Z,464825667855.82010772506118939
eth,2025-11-01T00:00:00.000000000Z,467305947260.5887929766571362
eth,2025-11-02T00:00:00.000000000Z,469873059108.191380128919148976
eth,2025-11-03T00:00:00.000000000Z,433991547086.01647047018838036
eth,2025-11-04T00:00:00.000000000Z,396217496468.612262192796503
eth,2025-11-05T00:00:00.000000000Z,413753734150.260628078066380048
eth,2025-11-06T00:00:00.000000000Z,398743597063.222076456293514788
eth,2025-11-07T00:00:00.000000000Z,414964781250.00423886885396377
eth,2025-11-08T00:00:00.000000000Z,411009207994.54113698669476178
eth,2025-11-09T00:00:00.000000000Z,431660395753.39542503988263265
eth,2025-11-10T00:00:00.000000000Z,430957994482.850314658067434142
eth,2025-11-11T00:00:00.000000000Z,412748915502.438054529728737104
eth,2025-11-12T00:00:00.000000000Z,411639311681.45724856206343108
eth,2025-11-13T00:00:00.000000000Z,391984794502.436491100830682688
eth,2025-11-14T00:00:00.000000000Z,375646787922.71493518045501508
eth,2025-11-15T00:00:00.000000000Z,382598439848.926517342695532782
eth,2025-11-16T00:00:00.000000000Z,373012682591.09366839844009637
eth,2025-11-17T00:00:00.000000000Z,364275580224.141278522359646292
eth,2025-11-18T00:00:00.000000000Z,376263151979.226883682712037494
eth,2025-11-19T00:00:00.000000000Z,363951103948.404807460020414068
eth,2025-11-20T00:00:00.000000000Z,343353111720.894015780462971987
eth,2025-11-21T00:00:00.000000000Z,332763302257.515060758464317345
eth,2025-11-22T00:00:00.000000000Z,334584166314.327973176495697152
eth,2025-11-23T00:00:00.000000000Z,338221491595.56764771719721745
eth,2025-11-24T00:00:00.000000000Z,357097494412.60625134077299748
eth,2025-11-25T00:00:00.000000000Z,357565015751.360294135806029456
eth,2025-11-26T00:00:00.000000000Z,365026701669.589224819010164454
eth,2025-11-27T00:00:00.000000000Z,363901966722.683493068435346715
eth,2025-11-28T00:00:00.000000000Z,366363081129.233376288910139539
eth,2025-11-29T00:00:00.000000000Z,361039947317.065677210441829508
eth,2025-11-30T00:00:00.000000000Z,362401608766.569569947332568602
eth,2025-12-01T00:00:00.000000000Z,338525714594.11866424469937104
eth,2025-12-02T00:00:00.000000000Z,362494388893.096334762951332322
eth,2025-12-03T00:00:00.000000000Z,384988654995.903452511491871264
eth,2025-12-04T00:00:00.000000000Z,378558883485.532926944951451498
eth,2025-12-05T00:00:00.000000000Z,364675448000.052393103261431979
eth,2025-12-06T00:00:00.000000000Z,366457338776.351050697054945534
eth,2025-12-07T00:00:00.000000000Z,367891162050.97581014009853555
eth,2025-12-08T00:00:00.000000000Z,377190691770.99313446944490367
eth,2025-12-09T00:00:00.000000000Z,401424953577.25284125513181996
eth,2025-12-10T00:00:00.000000000Z,401892122056.19211305635311567
eth,2025-12-11T00:00:00.000000000Z,390748149000.858445726633336764
eth,2025-12-12T00:00:00.000000000Z,372682403328.8152680244482582
eth,2025-12-13T00:00:00.000000000Z,375949292119.745479962290683362
eth,2025-12-14T00:00:00.000000000Z,369411073607.528731993552950312
eth,2025-12-15T00:00:00.000000000Z,357524755128.260714274900382203
eth,2025-12-16T00:00:00.000000000Z,357049334389.20422398442984852
eth,2025-12-17T00:00:00.000000000Z,341167235246.470108898753049468
eth,2025-12-18T00:00:00.000000000Z,341153629289.649197147597476194
eth,2025-12-19T00:00:00.000000000Z,359728301906.76905679717435707
eth,2025-12-20T00:00:00.000000000Z,359123115841.290278095686565341
eth,2025-12-21T00:00:00.000000000Z,362198163077.23368784658404036
eth,2025-12-22T00:00:00.000000000Z,362660280477.05284179683206896
eth,2025-12-23T00:00:00.000000000Z,357650120651.109331490163979143
eth,2025-12-24T00:00:00.000000000Z,355655750204.671539200261353788
eth,2025-12-25T00:00:00.000000000Z,350644815120.73594659854142321
eth,2025-12-26T00:00:00.000000000Z,353163815182.250716459530003575
eth,2025-12-27T00:00:00.000000000Z,355121478422.095177367803383792
eth,2025-12-28T00:00:00.000000000Z,355577573188.315185196180013238
eth,2025-12-29T00:00:00.000000000Z,354107676974.604735507700660152
eth,2025-12-30T00:00:00.000000000Z,358367374381.820960610767275548
eth,2025-12-31T00:00:00.000000000Z,358238005980.39750786399907808
eth,2026-01-01T00:00:00.000000000Z,362192027246.564365721609188208
eth,2026-01-02T00:00:00.000000000Z,377082496182.410353478837403008
eth,2026-01-03T00:00:00.000000000Z,377201195483.15764918567330121
eth,2026-01-04T00:00:00.000000000Z,378996076766.964703721334435
eth,2026-01-05T00:00:00.000000000Z,389802644560.453687427414934207
eth,2026-01-06T00:00:00.000000000Z,397211327459.017331465840745787
eth,2026-01-07T00:00:00.000000000Z,381809454671.850457790569673028
eth,2026-01-08T00:00:00.000000000Z,375253093195.063848780802538567
eth,2026-01-09T00:00:00.000000000Z,372343750649.467744203169901508
eth,2026-01-10T00:00:00.000000000Z,371987887442.40872183978133161
eth,2026-01-11T00:00:00.000000000Z,375667997171.740597063776641871
eth,2026-01-12T00:00:00.000000000Z,373076196647.475551710523932005
eth,2026-01-13T00:00:00.000000000Z,400983889804.607033131258961555
eth,2026-01-14T00:00:00.000000000Z,405111613845.660170868697923135
eth,2026-01-15T00:00:00.000000000Z,400047456685.606457232411593328
eth,2026-01-16T00:00:00.000000000Z,397738800498.216633139810254267
eth,2026-01-17T00:00:00.000000000Z,399128071435.481617875174531623
eth,2026-01-18T00:00:00.000000000Z,398525238548.713625526917733588
eth,2026-01-19T00:00:00.000000000Z,384424659896.716248005826553841
eth,2026-01-20T00:00:00.000000000Z,354578659527.410321390510867841
eth,2026-01-21T00:00:00.000000000Z,361115192844.479599312280073946
eth,2026-01-22T00:00:00.000000000Z,355794582646.666057022862031455
eth,2026-01-23T00:00:00.000000000Z,356241209591.526588059304117332
eth,2026-01-24T00:00:00.000000000Z,356128590881.56421690946071976
eth,2026-01-25T00:00:00.000000000Z,338768274906.014542294436949296
eth,2026-01-26T00:00:00.000000000Z,353656355568.638269956955613901
eth,2026-01-27T00:00:00.000000000Z,364837992936.43627326499318372
eth,2026-01-28T00:00:00.000000000Z,363101825977.494366740924745624
eth,2026-01-29T00:00:00.000000000Z,340181306549.091326227550629878
eth,2026-01-30T00:00:00.000000000Z,325831353763.37676386286482837
eth,2026-01-31T00:00:00.000000000Z,295006118551.625596566522183142
eth,2026-02-01T00:00:00.000000000Z,274003148492.648532786827167193
eth,2026-02-02T00:00:00.000000000Z,283101157973.94895240006114656
eth,2026-02-03T00:00:00.000000000Z,269319527013.50229083966401173
eth,2026-02-04T00:00:00.000000000Z,259176762014.68719198955114515
eth,2026-02-05T00:00:00.000000000Z,223287604057.5195335019290188
eth,2026-02-06T00:00:00.000000000Z,249120675680.032888533722299837
eth,2026-02-07T00:00:00.000000000Z,251802715901.834887160356433322
eth,2026-02-08T00:00:00.000000000Z,252707805801.542309102164552995
eth,2026-02-09T00:00:00.000000000Z,254302706151.406778351801589946
eth,2026-02-10T00:00:00.000000000Z,243468014556.339093109871552348
eth,2026-02-11T00:00:00.000000000Z,234150664612.751857388613040848
eth,2026-02-12T00:00:00.000000000Z,234729727862.318746969898789816
eth,2026-02-13T00:00:00.000000000Z,247240161558.00764309427020679
eth,2026-02-14T00:00:00.000000000Z,251841701776.531518214341112581
eth,2026-02-15T00:00:00.000000000Z,236591282557.094670681707348064
eth,2026-02-16T00:00:00.000000000Z,240949454555.054877564857479258
eth,2026-02-17T00:00:00.000000000Z,240471341200.524318932085569223
eth,2026-02-18T00:00:00.000000000Z,235576434260.265866320770271184
eth,2026-02-19T00:00:00.000000000Z,235092122748.028533076803828207
eth,2026-02-20T00:00:00.000000000Z,237414652145.859368817016024653
eth,2026-02-21T00:00:00.000000000Z,238311929952.073302135769140021
eth,2026-02-22T00:00:00.000000000Z,235687116110.690502235967717403
eth,2026-02-23T00:00:00.000000000Z,224103328942.596304718097814156
eth,2026-02-24T00:00:00.000000000Z,223935072856.712213465300929297
eth,2026-02-25T00:00:00.000000000Z,248298719110.57971245231860622
eth,2026-02-26T00:00:00.000000000Z,244819829245.480983865927916574
eth,2026-02-27T00:00:00.000000000Z,232900652484.980307629273504818
eth,2026-02-28T00:00:00.000000000Z,236977892641.64585517240704032
eth,2026-03-01T00:00:00.000000000Z,233957889326.002006585077335384
eth,2026-03-02T00:00:00.000000000Z,245390041301.50847668372893825
eth,2026-03-03T00:00:00.000000000Z,239840232932.188173608731196144
eth,2026-03-04T00:00:00.000000000Z,256781404050.405776481504335566
eth,2026-03-05T00:00:00.000000000Z,250633337037.934720245670641932
eth,2026-03-06T00:00:00.000000000Z,239279806038.23826120317656848
eth,2026-03-07T00:00:00.000000000Z,237809902198.104249358843911824
eth,2026-03-08T00:00:00.000000000Z,234493964841.251428173664200994
eth,2026-03-09T00:00:00.000000000Z,241023029128.39939215210914098
eth,2026-03-10T00:00:00.000000000Z,245602776123.082593863362589706
eth,2026-03-11T00:00:00.000000000Z,248114805231.22132899005629284
eth,2026-03-12T00:00:00.000000000Z,250911124894.476354025139225594
eth,2026-03-13T00:00:00.000000000Z,252498879935.86505373109898982
eth,2026-03-14T00:00:00.000000000Z,253010466194.803907485161613329
eth,2026-03-15T00:00:00.000000000Z,262844318468.718946377383669676
eth,2026-03-16T00:00:00.000000000Z,283790399482.605072539796741084
eth,2026-03-17T00:00:00.000000000Z,280405332124.578190844999295312
eth,2026-03-18T00:00:00.000000000Z,265580356841.31911809173701325
eth,2026-03-19T00:00:00.000000000Z,258041714815.530006923556476396
eth,2026-03-20T00:00:00.000000000Z,259074652356.029905698872515603
eth,2026-03-21T00:00:00.000000000Z,256421328909.595026853840720348
eth,2026-03-22T00:00:00.000000000Z,248402035115.143294955408446101
eth,2026-03-23T00:00:00.000000000Z,259261126939.0043667395914811
eth,2026-03-24T00:00:00.000000000Z,260339047128.616249351318415385
eth,2026-03-25T00:00:00.000000000Z,261723498586.814931648949481972
eth,2026-03-26T00:00:00.000000000Z,248507753029.498307839327532063
eth,2026-03-27T00:00:00.000000000Z,240043230983.480674236917196
eth,2026-03-28T00:00:00.000000000Z,240706570570.621248740738145592
eth,2026-03-29T00:00:00.000000000Z,239315916200.743154006142272546
eth,2026-03-30T00:00:00.000000000Z,244132320461.152574316373823304
eth,2026-03-31T00:00:00.000000000Z,253624848886.627913140117401408
eth,2026-04-01T00:00:00.000000000Z,258385671863.20600620493056836
eth,2026-04-02T00:00:00.000000000Z,248191710732.534320796571662827
eth,2026-04-03T00:00:00.000000000Z,247612775096.759666148460426632
eth,2026-04-04T00:00:00.000000000Z,249135836325.850469574861613379
eth,2026-04-05T00:00:00.000000000Z,254765403183.965886313207183197
eth,2026-04-06T00:00:00.000000000Z,253675504790.336414302832079959
eth,2026-04-07T00:00:00.000000000Z,271302397585.3055680402537593
eth,2026-04-08T00:00:00.000000000Z,264148412050.430318714663196522
eth,2026-04-09T00:00:00.000000000Z,264343877527.305077839122860081
eth,2026-04-10T00:00:00.000000000Z,270895207393.28459545106342622
eth,2026-04-11T00:00:00.000000000Z,276002188233.609459334271370812
eth,2026-04-12T00:00:00.000000000Z,264330368419.462938222603073008
eth,2026-04-13T00:00:00.000000000Z,286422177728.1950883975662982
eth,2026-04-14T00:00:00.000000000Z,280390715026.97493525775867414
eth,2026-04-15T00:00:00.000000000Z,284441677905.471925078603164961
eth,2026-04-16T00:00:00.000000000Z,283579018389.123063570937619686
eth,2026-04-17T00:00:00.000000000Z,292345519519.958976211547998896
eth,2026-04-18T00:00:00.000000000Z,284097153499.090678118688966238
eth,2026-04-19T00:00:00.000000000Z,273467852129.696517169678633517
eth,2026-04-20T00:00:00.000000000Z,279249858497.882438938381213608
eth,2026-04-21T00:00:00.000000000Z,280448894111.898478162700927838
eth,2026-04-22T00:00:00.000000000Z,287453797947.18756664492326912
eth,2026-04-23T00:00:00.000000000Z,281268180123.653654750238052276
eth,2026-04-24T00:00:00.000000000Z,279470395534.329186102611056414
eth,2026-04-25T00:00:00.000000000Z,279911338312.464195542954669079
eth,2026-04-26T00:00:00.000000000Z,285890578556.56780007775503473
eth,2026-04-27T00:00:00.000000000Z,277335300263.797836218409795873
eth,2026-04-28T00:00:00.000000000Z,276074084854.312847166928770336
eth,2026-04-29T00:00:00.000000000Z,272043906643.29272259950492545
eth,2026-04-30T00:00:00.000000000Z,272346459660.912701217432238082
eth,2026-05-01T00:00:00.000000000Z,276714243701.318544091352781344
eth,2026-05-02T00:00:00.000000000Z,279863764746.2661992741664624
eth,2026-05-03T00:00:00.000000000Z,280723743485.029020804398835914
eth,2026-05-04T00:00:00.000000000Z,283302315397.197910588673006724
eth,2026-05-05T00:00:00.000000000Z,284899989715.606031273653272115
eth,2026-05-06T00:00:00.000000000Z,283443321170.616337459366587608
eth,2026-05-07T00:00:00.000000000Z,276407275317.469373923662839878
eth,2026-05-08T00:00:00.000000000Z,278348412779.050607783940698396
eth,2026-05-09T00:00:00.000000000Z,280764697877.395285399628413664
eth,2026-05-10T00:00:00.000000000Z,286605382020.521488036617059063
eth,2026-05-11T00:00:00.000000000Z,282295676342.833311824189522112
eth,2026-05-12T00:00:00.000000000Z,274865564079.335944059624866055
eth,2026-05-13T00:00:00.000000000Z,272414353761.05551725731830114
eth,2026-05-14T00:00:00.000000000Z,276230079161.939968716951590468
eth,2026-05-15T00:00:00.000000000Z,268291684796.125568170785476244
eth,2026-05-16T00:00:00.000000000Z,263155951056.233303316419967125
eth,2026-05-17T00:00:00.000000000Z,258647057667.461137125555917393
eth,2026-05-18T00:00:00.000000000Z,257084534539.955094689027604768
eth,2026-05-19T00:00:00.000000000Z,254889203783.145505456478787905
eth,2026-05-20T00:00:00.000000000Z,256477457616.720391952394116973
eth,2026-05-21T00:00:00.000000000Z,257318079903.64560092513426932
eth,2026-05-22T00:00:00.000000000Z,249429079004.995254389011693056
eth,2026-05-23T00:00:00.000000000Z,255391021545.795065096854038048
eth,2026-05-24T00:00:00.000000000Z,253081119536.970857176671030348
eth,2026-05-25T00:00:00.000000000Z,254552179276.071729571270247299
eth,2026-05-26T00:00:00.000000000Z,250016301769.307029495499939202
eth,2026-05-27T00:00:00.000000000Z,243799361585.061979017751801512
eth,2026-05-28T00:00:00.000000000Z,242075512494.147632548450423634
eth,2026-05-29T00:00:00.000000000Z,242427272176.979220746322590059
eth,2026-05-30T00:00:00.000000000Z,243647582159.566098494855234745
eth,2026-05-31T00:00:00.000000000Z,241821176181.810240705670495398
eth,2026-06-01T00:00:00.000000000Z,241585841883.199030592450089628
eth,2026-06-02T00:00:00.000000000Z,223744304983.946924453067382875
eth,2026-06-03T00:00:00.000000000Z,219137065663.515362335600644302
eth,2026-06-04T00:00:00.000000000Z,213076159940.863322476577600382
eth,2026-06-05T00:00:00.000000000Z,190282592047.712891661979911504
eth,2026-06-06T00:00:00.000000000Z,188813620397.207356059324474074
eth,2026-06-07T00:00:00.000000000Z,202997445538.132056701199993705
eth,2026-06-08T00:00:00.000000000Z,204495996109.14588021872155856
eth,2026-06-09T00:00:00.000000000Z,197522266390.73784988274322596
eth,2026-06-10T00:00:00.000000000Z,195421631715.862422857835807932
eth,2026-06-11T00:00:00.000000000Z,201810879555.674295859165038771
eth,2026-06-12T00:00:00.000000000Z,200673713944.318069249888184325
eth,2026-06-13T00:00:00.000000000Z,202731056793.593413046045942152
eth,2026-06-14T00:00:00.000000000Z,207854507556.899278344839494443
eth,2026-06-15T00:00:00.000000000Z,216050774490.395639618997210336
eth,2026-06-16T00:00:00.000000000Z,216272627905.895372354530202724
eth,2026-06-17T00:00:00.000000000Z,210862747836.9741475923005875
eth,2026-06-18T00:00:00.000000000Z,206093151323.49368491545180051
eth,2026-06-19T00:00:00.000000000Z,205947166499.331225590278552158
eth,2026-06-20T00:00:00.000000000Z,209904293466.996881829535656
eth,2026-06-21T00:00:00.000000000Z,205997487375.337124923561087362
