"timestamp","btc_dominance","eth_dominance","score","USD_total_market_cap","USD_total_volume24h","USD_total_volume24h_reported","USD_altcoin_volume24h","USD_altcoin_volume24h_reported","USD_altcoin_market_cap","USD_original_score","active_cryptocurrencies","active_market_pairs","active_exchanges","total_cryptocurrencies","total_exchanges","origin_id","USD_origin_id"
2013-04-29,94.1977,0,1367193600000,1583440000,0,0,0,0,91876704,"1367193720",NA,NA,NA,NA,NA,NA,NA
2013-04-30,94.3854,0,1.36728e+12,1686950016,0,0,0,0,94716304,"1367280120",NA,NA,NA,NA,NA,NA,NA
2013-05-01,94.3595,0,1367366400000,1637389952,0,0,0,0,92358096,"1367366520",NA,NA,NA,NA,NA,NA,NA
2013-05-02,94.0775,0,1367452800000,1333880064,0,0,0,0,78998704,"1367452920",NA,NA,NA,NA,NA,NA,NA
2013-05-03,94.1598,0,1367539200000,1275410048,0,0,0,0,74487104,"1367539320",NA,NA,NA,NA,NA,NA,NA
2013-05-04,93.8787,0,1367625600000,1169469952,0,0,0,0,71586800,"1367625720",NA,NA,NA,NA,NA,NA,NA
2013-05-05,93.9531,0,1.367712e+12,1335379968,0,0,0,0,80748800,"1367712120",NA,NA,NA,NA,NA,NA,NA
2013-05-06,94.0777,0,1367798400000,1370880000,0,0,0,0,81187200,"1367798520",NA,NA,NA,NA,NA,NA,NA
2013-05-07,94.3851,0,1367884800000,1313900032,0,0,0,0,73773904,"1367884920",NA,NA,NA,NA,NA,NA,NA
2013-05-08,94.3697,0,1367971200000,1320509952,0,0,0,0,74349200,"1367971320",NA,NA,NA,NA,NA,NA,NA
2013-05-09,94.1743,0,1368057600000,1333639936,0,0,0,0,77693800,"1368057720",NA,NA,NA,NA,NA,NA,NA
2013-05-10,94.17,0,1.368144e+12,1329740032,0,0,0,0,77524096,"1368144120",NA,NA,NA,NA,NA,NA,NA
2013-05-11,94.3601,0,1368230400000,1390119936,0,0,0,0,78401504,"1368230520",NA,NA,NA,NA,NA,NA,NA
2013-05-12,94.53,0,1368316800000,1363549952,0,0,0,0,74586200,"1368316920",NA,NA,NA,NA,NA,NA,NA
2013-05-13,94.6565,0,1368403200000,1355529984,0,0,0,0,72433504,"1368403320",NA,NA,NA,NA,NA,NA,NA
2013-05-14,94.7398,0,1368489600000,1388739968,0,0,0,0,73050304,"1368489720",NA,NA,NA,NA,NA,NA,NA
2013-05-15,95.0813,0,1.368576e+12,1294729984,0,0,0,0,63683700,"1368576120",NA,NA,NA,NA,NA,NA,NA
2013-05-16,95.0698,0,1368662400000,1340729984,0,0,0,0,66100900,"1368662520",NA,NA,NA,NA,NA,NA,NA
2013-05-17,95.3061,0,1368748800000,1384470016,0,0,0,0,64985300,"1368748920",NA,NA,NA,NA,NA,NA,NA
2013-05-18,95.1281,0,1368835200000,1445779968,0,0,0,0,70436800,"1368835320",NA,NA,NA,NA,NA,NA,NA
2013-05-19,94.9963,0,1368921600000,1448819968,0,0,0,0,72494096,"1368921720",NA,NA,NA,NA,NA,NA,NA
2013-05-20,94.9247,0,1.369008e+12,1445040000,0,0,0,0,73339504,"1369008120",NA,NA,NA,NA,NA,NA,NA
2013-05-21,95.0092,0,1369094400000,1440290048,0,0,0,0,71881904,"1369094520",NA,NA,NA,NA,NA,NA,NA
2013-05-22,95.1327,0,1369180800000,1445490048,0,0,0,0,70355696,"1369180920",NA,NA,NA,NA,NA,NA,NA
2013-05-23,95.129,0,1369267200000,1453590016,0,0,0,0,70803800,"1369267320",NA,NA,NA,NA,NA,NA,NA
2013-05-24,95.1727,0,1369353600000,1489100032,0,0,0,0,71884000,"1369353720",NA,NA,NA,NA,NA,NA,NA
2013-05-25,95.362,0,1.36944e+12,1562419968,0,0,0,0,72465200,"1369440120",NA,NA,NA,NA,NA,NA,NA
2013-05-26,95.4477,0,1369526400000,1548679936,0,0,0,0,70501400,"1369526520",NA,NA,NA,NA,NA,NA,NA
2013-05-27,95.3898,0,1369612800000,1573330048,0,0,0,0,72534096,"1369612920",NA,NA,NA,NA,NA,NA,NA
2013-05-28,95.4272,0,1369699200000,1526700032,0,0,0,0,69812400,"1369699320",NA,NA,NA,NA,NA,NA,NA
2013-05-29,95.4023,0,1369785600000,1515890048,0,0,0,0,69695400,"1369785720",NA,NA,NA,NA,NA,NA,NA
2013-05-30,95.5571,0,1.369872e+12,1547800064,0,0,0,0,68767696,"1369872120",NA,NA,NA,NA,NA,NA,NA
2013-05-31,95.6685,0,1369958400000,1505750016,0,0,0,0,65221100,"1369958520",NA,NA,NA,NA,NA,NA,NA
2013-06-01,95.6794,0,1370044800000,1522409984,0,0,0,0,65777500,"1370044920",NA,NA,NA,NA,NA,NA,NA
2013-06-02,95.8299,0,1370131200000,1511010048,0,0,0,0,63010600,"1370131320",NA,NA,NA,NA,NA,NA,NA
2013-06-03,95.7567,0,1370217600000,1437159936,0,0,0,0,60983200,"1370217720",NA,NA,NA,NA,NA,NA,NA
2013-06-04,95.7515,0,1.370304e+12,1436720000,0,0,0,0,61038300,"1370304120",NA,NA,NA,NA,NA,NA,NA
2013-06-05,95.5681,0,1370390400000,1423719936,0,0,0,0,63098300,"1370390520",NA,NA,NA,NA,NA,NA,NA
2013-06-06,95.5824,0,1370476800000,1435030016,0,0,0,0,63394000,"1370476920",NA,NA,NA,NA,NA,NA,NA
2013-06-07,95.624,0,1370563200000,1388729984,0,0,0,0,60771500,"1370563320",NA,NA,NA,NA,NA,NA,NA
2013-06-08,95.6198,0,1370649600000,1304230016,0,0,0,0,57127400,"1370649720",NA,NA,NA,NA,NA,NA,NA
2013-06-09,95.5603,0,1.370736e+12,1271680000,0,0,0,0,56458700,"1370736120",NA,NA,NA,NA,NA,NA,NA
2013-06-10,95.4778,0,1370822400000,1191800064,0,0,0,0,53895000,"1370822520",NA,NA,NA,NA,NA,NA,NA
2013-06-11,95.564,0,1370908800000,1250160000,0,0,0,0,55456900,"1370908920",NA,NA,NA,NA,NA,NA,NA
2013-06-12,95.7856,0,1370995200000,1273360000,0,0,0,0,53664200,"1370995320",NA,NA,NA,NA,NA,NA,NA
2013-06-13,95.7903,0,1371081600000,1275980032,0,0,0,0,53714700,"1371081720",NA,NA,NA,NA,NA,NA,NA
2013-06-14,95.821,0,1.371168e+12,1220999936,0,0,0,0,51025100,"1371168120",NA,NA,NA,NA,NA,NA,NA
2013-06-15,95.909,0,1371254400000,1185330048,0,0,0,0,48492200,"1371254520",NA,NA,NA,NA,NA,NA,NA
2013-06-16,95.9758,0,1371340800000,1180249984,0,0,0,0,47495700,"1371340920",NA,NA,NA,NA,NA,NA,NA
2013-06-17,95.9147,0,1371427200000,1176669952,0,0,0,0,48070300,"1371427320",NA,NA,NA,NA,NA,NA,NA
2013-06-18,95.7799,0,1371513600000,1202899968,0,0,0,0,50763900,"1371513720",NA,NA,NA,NA,NA,NA,NA
2013-06-19,95.9287,0,1.3716e+12,1265750016,0,0,0,0,51532200,"1371600120",NA,NA,NA,NA,NA,NA,NA
2013-06-20,95.8523,0,1371686400000,1277170048,0,0,0,0,52973400,"1371686520",NA,NA,NA,NA,NA,NA,NA
2013-06-21,95.9264,0,1371772800000,1310230016,0,0,0,0,53373700,"1371772920",NA,NA,NA,NA,NA,NA,NA
2013-06-22,95.1716,0,1371859200000,1302089984,0,0,0,0,62870500,"1371859320",NA,NA,NA,NA,NA,NA,NA
2013-06-23,95.0529,0,1371945600000,1288729984,0,0,0,0,63754200,"1371945720",NA,NA,NA,NA,NA,NA,NA
2013-06-24,94.6937,0,1.372032e+12,1291449984,0,0,0,0,68527904,"1372032120",NA,NA,NA,NA,NA,NA,NA
2013-06-25,94.8328,0,1372118400000,1230290048,0,0,0,0,63571700,"1372118520",NA,NA,NA,NA,NA,NA,NA
2013-06-26,94.9549,0,1372204800000,1233400064,0,0,0,0,62226000,"1372204920",NA,NA,NA,NA,NA,NA,NA
2013-06-27,94.8785,0,1372291200000,1242759936,0,0,0,0,63648300,"1372291320",NA,NA,NA,NA,NA,NA,NA
2013-06-28,94.5885,0,1372377600000,1210230016,0,0,0,0,65491600,"1372377720",NA,NA,NA,NA,NA,NA,NA
2013-06-29,94.6573,0,1.372464e+12,1134630016,0,0,0,0,60619900,"1372464120",NA,NA,NA,NA,NA,NA,NA
2013-06-30,94.6005,0,1372550400000,1139769984,0,0,0,0,61542200,"1372550520",NA,NA,NA,NA,NA,NA,NA
2013-07-01,94.3866,0,1372636800000,1172969984,0,0,0,0,65843600,"1372636920",NA,NA,NA,NA,NA,NA,NA
2013-07-02,93.9795,0,1372723200000,1057609984,0,0,0,0,63673000,"1372723320",NA,NA,NA,NA,NA,NA,NA
2013-07-03,94.2017,0,1372809600000,1088760064,0,0,0,0,63129900,"1372809720",NA,NA,NA,NA,NA,NA,NA
2013-07-04,93.7838,0,1.372896e+12,955878016,0,0,0,0,59419300,"1372896120",NA,NA,NA,NA,NA,NA,NA
2013-07-05,93.6998,0,1372982400000,966713024,0,0,0,0,60905000,"1372982520",NA,NA,NA,NA,NA,NA,NA
2013-07-06,93.4153,0,1373068800000,834792000,0,0,0,0,54968400,"1373068920",NA,NA,NA,NA,NA,NA,NA
2013-07-07,93.3813,0,1373155200000,844910016,0,0,0,0,55922400,"1373155320",NA,NA,NA,NA,NA,NA,NA
2013-07-08,93.4569,0,1373241600000,931886976,0,0,0,0,60974400,"1373241720",NA,NA,NA,NA,NA,NA,NA
2013-07-09,93.6571,0,1.373328e+12,932504000,0,0,0,0,59147700,"1373328120",NA,NA,NA,NA,NA,NA,NA
2013-07-10,93.6715,0,1373414400000,933443008,0,0,0,0,59072700,"1373414520",NA,NA,NA,NA,NA,NA,NA
2013-07-11,93.9584,0,1373500800000,1080230016,0,0,0,0,65263600,"1373500920",NA,NA,NA,NA,NA,NA,NA
2013-07-12,94.2228,0,1373587200000,1076860032,0,0,0,0,62212200,"1373587320",NA,NA,NA,NA,NA,NA,NA
2013-07-13,94.3057,0,1373673600000,1136999936,0,0,0,0,64744600,"1373673720",NA,NA,NA,NA,NA,NA,NA
2013-07-14,94.3478,0,1.37376e+12,1190220032,0,0,0,0,67273504,"1373760120",NA,NA,NA,NA,NA,NA,NA
2013-07-15,94.1144,0,1373846400000,1139960064,0,0,0,0,67093500,"1373846520",NA,NA,NA,NA,NA,NA,NA
2013-07-16,94.2201,0,1373932800000,1199859968,0,0,0,0,69350896,"1373932920",NA,NA,NA,NA,NA,NA,NA
2013-07-17,93.966,0,1374019200000,1170960000,0,0,0,0,70655800,"1374019320",NA,NA,NA,NA,NA,NA,NA
2013-07-18,93.9424,0,1374105600000,1198240000,0,0,0,0,72584200,"1374105720",NA,NA,NA,NA,NA,NA,NA
2013-07-19,93.8333,0,1.374192e+12,1099559936,0,0,0,0,67806304,"1374192120",NA,NA,NA,NA,NA,NA,NA
2013-07-20,93.8505,0,1374278400000,1121080064,0,0,0,0,68940304,"1374278520",NA,NA,NA,NA,NA,NA,NA
2013-07-21,93.8157,0,1374364800000,1090009984,0,0,0,0,67409904,"1374364920",NA,NA,NA,NA,NA,NA,NA
2013-07-22,93.84,0,1374451200000,1116540032,0,0,0,0,68779104,"1374451320",NA,NA,NA,NA,NA,NA,NA
2013-07-23,93.8697,0,1374537600000,1117319936,0,0,0,0,68495296,"1374537720",NA,NA,NA,NA,NA,NA,NA
2013-07-24,94.0915,0,1.374624e+12,1164940032,0,0,0,0,68829800,"1374624120",NA,NA,NA,NA,NA,NA,NA
2013-07-25,93.9125,0,1374710400000,1165080064,0,0,0,0,70924200,"1374710520",NA,NA,NA,NA,NA,NA,NA
2013-07-26,93.9459,0,1374796800000,1182160000,0,0,0,0,71569800,"1374796920",NA,NA,NA,NA,NA,NA,NA
2013-07-27,94.0444,0,1374883200000,1170620032,0,0,0,0,69717104,"1374883320",NA,NA,NA,NA,NA,NA,NA
2013-07-28,93.9641,0,1374969600000,1149859968,0,0,0,0,69404304,"1374969720",NA,NA,NA,NA,NA,NA,NA
2013-07-29,94.1109,0,1.375056e+12,1219320064,0,0,0,0,71806704,"1375056120",NA,NA,NA,NA,NA,NA,NA
2013-07-30,94.1784,0,1375142400000,1232210048,0,0,0,0,71734000,"1375142520",NA,NA,NA,NA,NA,NA,NA
2013-07-31,94.4024,0,1375228800000,1295500032,0,0,0,0,72516400,"1375228920",NA,NA,NA,NA,NA,NA,NA
2013-08-01,94.5277,0,1375315200000,1288370048,0,0,0,0,70504000,"1375315320",NA,NA,NA,NA,NA,NA,NA
2013-08-02,94.3726,0,1375401600000,1276920064,0,0,0,0,71857600,"1375401720",NA,NA,NA,NA,NA,NA,NA
2013-08-03,94.4049,0,1.375488e+12,1268060032,0,0,0,0,70948600,"1375488120",NA,NA,NA,NA,NA,NA,NA
2013-08-04,94.183,0,1375574400000,1281040000,0,0,0,0,74518000,"1375574520",NA,NA,NA,NA,NA,NA,NA
2013-08-05,90.9503,0,1375660800000,1337120000,0,0,0,0,121005000,"1375660920",NA,NA,NA,NA,NA,NA,NA
2013-08-06,91.428,0,1375747200000,1347129984,0,0,0,0,115476000,"1375747320",NA,NA,NA,NA,NA,NA,NA
2013-08-07,91.8892,0,1375833600000,1337590016,0,0,0,0,108489000,"1375833720",NA,NA,NA,NA,NA,NA,NA
2013-08-08,92.0604,0,1.37592e+12,1335100032,0,0,0,0,106002000,"1375920120",NA,NA,NA,NA,NA,NA,NA
2013-08-09,92.0383,0,1376006400000,1290710016,0,0,0,0,102762000,"1376006520",NA,NA,NA,NA,NA,NA,NA
2013-08-10,92.0289,0,1376092800000,1287970048,0,0,0,0,102666000,"1376092920",NA,NA,NA,NA,NA,NA,NA
2013-08-11,92.2312,0,1376179200000,1288230016,0,0,0,0,100080000,"1376179320",NA,NA,NA,NA,NA,NA,NA
2013-08-12,92.0704,0,1376265600000,1316160000,0,0,0,0,104366000,"1376265720",NA,NA,NA,NA,NA,NA,NA
2013-08-13,92.2073,0,1.376352e+12,1339740032,0,0,0,0,104402000,"1376352120",NA,NA,NA,NA,NA,NA,NA
2013-08-14,92.2729,0,1376438400000,1364760064,0,0,0,0,105456000,"1376438520",NA,NA,NA,NA,NA,NA,NA
2013-08-15,92.7341,0,1376524800000,1402560000,0,0,0,0,101909000,"1376524920",NA,NA,NA,NA,NA,NA,NA
2013-08-16,92.9881,0,1376611200000,1356220032,0,0,0,0,95096496,"1376611320",NA,NA,NA,NA,NA,NA,NA
2013-08-17,92.8355,0,1376697600000,1357629952,0,0,0,0,97267000,"1376697720",NA,NA,NA,NA,NA,NA,NA
2013-08-18,91.707,0,1.376784e+12,1422400000,0,0,0,0,117960000,"1376784120",NA,NA,NA,NA,NA,NA,NA
2013-08-19,91.7773,0,1376870400000,1432429952,0,0,0,0,117785000,"1376870520",NA,NA,NA,NA,NA,NA,NA
2013-08-20,92.1921,0,1376956800000,1494409984,0,0,0,0,116683000,"1376956920",NA,NA,NA,NA,NA,NA,NA
2013-08-21,92.0456,0,1377043200000,1541289984,0,0,0,0,122601000,"1377043320",NA,NA,NA,NA,NA,NA,NA
2013-08-22,92.2818,0,1377129600000,1538150016,0,0,0,0,118717000,"1377129720",NA,NA,NA,NA,NA,NA,NA
2013-08-23,92.5605,0,1.377216e+12,1527970048,0,0,0,0,113673000,"1377216120",NA,NA,NA,NA,NA,NA,NA
2013-08-24,92.4451,0,1377302400000,1486739968,0,0,0,0,112321000,"1377302520",NA,NA,NA,NA,NA,NA,NA
2013-08-25,92.3843,0,1377388800000,1502029952,0,0,0,0,114390000,"1377388920",NA,NA,NA,NA,NA,NA,NA
2013-08-26,92.3786,0,1377475200000,1542210048,0,0,0,0,117538000,"1377475320",NA,NA,NA,NA,NA,NA,NA
2013-08-27,92.1393,0,1377561600000,1523270016,0,0,0,0,119740000,"1377561720",NA,NA,NA,NA,NA,NA,NA
2013-08-28,92.4966,0,1.377648e+12,1591139968,0,0,0,0,119390000,"1377648120",NA,NA,NA,NA,NA,NA,NA
2013-08-29,92.619,0,1377734400000,1539219968,0,0,0,0,113609000,"1377734520",NA,NA,NA,NA,NA,NA,NA
2013-08-30,92.6731,0,1377820800000,1536940032,0,0,0,0,112610000,"1377820920",NA,NA,NA,NA,NA,NA,NA
2013-08-31,92.9685,0,1377907200000,1663939968,0,0,0,0,117001000,"1377907320",NA,NA,NA,NA,NA,NA,NA
2013-09-01,93.2512,0,1377993600000,1686150016,0,0,0,0,113795000,"1377993720",NA,NA,NA,NA,NA,NA,NA
2013-09-02,93.3906,0,1.37808e+12,1725049984,0,0,0,0,114015000,"1378080120",NA,NA,NA,NA,NA,NA,NA
2013-09-03,93.4091,0,1378166400000,1689730048,0,0,0,0,111369000,"1378166520",NA,NA,NA,NA,NA,NA,NA
2013-09-04,93.3259,0,1378252800000,1701299968,0,0,0,0,113546000,"1378252920",NA,NA,NA,NA,NA,NA,NA
2013-09-05,92.5751,0,1378339200000,1592210048,0,0,0,0,118219000,"1378339320",NA,NA,NA,NA,NA,NA,NA
2013-09-06,92.5758,0,1378425600000,1579960064,0,0,0,0,117300000,"1378425720",NA,NA,NA,NA,NA,NA,NA
2013-09-07,92.2188,0,1.378512e+12,1505129984,0,0,0,0,117118000,"1378512120",NA,NA,NA,NA,NA,NA,NA
2013-09-08,92.3267,0,1378598400000,1568790016,0,0,0,0,120378000,"1378598520",NA,NA,NA,NA,NA,NA,NA
2013-09-09,92.1561,0,1378684800000,1541709952,0,0,0,0,120930000,"1378684920",NA,NA,NA,NA,NA,NA,NA
2013-09-10,92.4437,0,1378771200000,1607289984,0,0,0,0,121451000,"1378771320",NA,NA,NA,NA,NA,NA,NA
2013-09-11,92.6824,0,1378857600000,1585789952,0,0,0,0,116042000,"1378857720",NA,NA,NA,NA,NA,NA,NA
2013-09-12,92.7939,0,1.378944e+12,1713639936,0,0,0,0,123486000,"1378944120",NA,NA,NA,NA,NA,NA,NA
2013-09-13,92.7278,0,1379030400000,1685250048,0,0,0,0,122556000,"1379030520",NA,NA,NA,NA,NA,NA,NA
2013-09-14,92.7733,0,1379116800000,1700290048,0,0,0,0,122875000,"1379116920",NA,NA,NA,NA,NA,NA,NA
2013-09-15,92.6915,0,1379203200000,1633159936,0,0,0,0,119359000,"1379203320",NA,NA,NA,NA,NA,NA,NA
2013-09-16,92.6237,0,1379289600000,1648640000,0,0,0,0,121608000,"1379289720",NA,NA,NA,NA,NA,NA,NA
2013-09-17,92.4297,0,1.379376e+12,1669360000,0,0,0,0,126376000,"1379376120",NA,NA,NA,NA,NA,NA,NA
2013-09-18,91.375,0,1379462400000,1689139968,0,0,0,0,145688992,"1379462520",NA,NA,NA,NA,NA,NA,NA
2013-09-19,90.9023,0,1379548800000,1694140032,0,0,0,0,154128000,"1379548920",NA,NA,NA,NA,NA,NA,NA
2013-09-20,90.6861,0,1379635200000,1677149952,0,0,0,0,156207008,"1379635320",NA,NA,NA,NA,NA,NA,NA
2013-09-21,91.0428,0,1379721600000,1634960000,0,0,0,0,146446000,"1379721720",NA,NA,NA,NA,NA,NA,NA
2013-09-22,91.2004,0,1.379808e+12,1644760064,0,0,0,0,144732992,"1379808120",NA,NA,NA,NA,NA,NA,NA
2013-09-23,90.9602,0,1379894400000,1671500032,0,0,0,0,151100992,"1379894520",NA,NA,NA,NA,NA,NA,NA
2013-09-24,91.0372,0,1379980800000,1623750016,0,0,0,0,145534000,"1379980920",NA,NA,NA,NA,NA,NA,NA
2013-09-25,90.9162,0,1380067200000,1645389952,0,0,0,0,149464000,"1380067320",NA,NA,NA,NA,NA,NA,NA
2013-09-26,91.1021,0,1380153600000,1654739968,0,0,0,0,147238000,"1380153720",NA,NA,NA,NA,NA,NA,NA
2013-09-27,90.1776,0,1.38024e+12,1680760064,0,0,0,0,165091008,"1380240120",NA,NA,NA,NA,NA,NA,NA
2013-09-28,89.6462,0,1380326400000,1753810048,0,0,0,0,181587008,"1380326520",NA,NA,NA,NA,NA,NA,NA
2013-09-29,90.1305,0,1380412800000,1774419968,0,0,0,0,175124992,"1380412920",NA,NA,NA,NA,NA,NA,NA
2013-09-30,90.68,0,1380499200000,1782739968,0,0,0,0,166151008,"1380499320",NA,NA,NA,NA,NA,NA,NA
2013-10-01,91.0618,0,1380585600000,1719629952,0,0,0,0,153704000,"1380585720",NA,NA,NA,NA,NA,NA,NA
2013-10-02,91.2034,0,1.380672e+12,1707559936,0,0,0,0,150207008,"1380672120",NA,NA,NA,NA,NA,NA,NA
2013-10-03,91.7967,0,1380758400000,1465260032,0,0,0,0,120199000,"1380758520",NA,NA,NA,NA,NA,NA,NA
2013-10-04,91.581,0,1380844800000,1595090048,0,0,0,0,134290000,"1380844920",NA,NA,NA,NA,NA,NA,NA
2013-10-05,91.334,0,1380931200000,1668969984,0,0,0,0,144632992,"1380931320",NA,NA,NA,NA,NA,NA,NA
2013-10-06,91.3585,0,1381017600000,1660649984,0,0,0,0,143504992,"1381017720",NA,NA,NA,NA,NA,NA,NA
2013-10-07,91.373,0,1.381104e+12,1664640000,0,0,0,0,143608992,"1381104120",NA,NA,NA,NA,NA,NA,NA
2013-10-08,91.5417,0,1381190400000,1634909952,0,0,0,0,138284992,"1381190520",NA,NA,NA,NA,NA,NA,NA
2013-10-09,91.5238,0,1381276800000,1624310016,0,0,0,0,137680000,"1381276920",NA,NA,NA,NA,NA,NA,NA
2013-10-10,91.7609,0,1381363200000,1680860032,0,0,0,0,138487008,"1381363320",NA,NA,NA,NA,NA,NA,NA
2013-10-11,91.5586,0,1381449600000,1688359936,0,0,0,0,142520992,"1381449720",NA,NA,NA,NA,NA,NA,NA
2013-10-12,91.9151,0,1.381536e+12,1679760000,0,0,0,0,135807008,"1381536120",NA,NA,NA,NA,NA,NA,NA
2013-10-13,91.82,0,1381622400000,1734179968,0,0,0,0,141856992,"1381622520",NA,NA,NA,NA,NA,NA,NA
2013-10-14,92.3525,0,1381708800000,1784710016,0,0,0,0,136484992,"1381708920",NA,NA,NA,NA,NA,NA,NA
2013-10-15,92.6188,0,1381795200000,1795750016,0,0,0,0,132547000,"1381795320",NA,NA,NA,NA,NA,NA,NA
2013-10-16,93.2494,0,1381881600000,1865520000,0,0,0,0,125933000,"1381881720",NA,NA,NA,NA,NA,NA,NA
2013-10-17,93.4479,0,1.381968e+12,1807200000,0,0,0,0,118409000,"1381968120",NA,NA,NA,NA,NA,NA,NA
2013-10-18,93.1923,0,1382054400000,1861529984,0,0,0,0,126727000,"1382054520",NA,NA,NA,NA,NA,NA,NA
2013-10-19,93.7603,0,1382140800000,1970070016,0,0,0,0,122926000,"1382140920",NA,NA,NA,NA,NA,NA,NA
2013-10-20,94.6147,0,1382227200000,2168709888,0,0,0,0,116792000,"1382227320",NA,NA,NA,NA,NA,NA,NA
2013-10-21,94.7832,0,1382313600000,2192689920,0,0,0,0,114388000,"1382313720",NA,NA,NA,NA,NA,NA,NA
2013-10-22,95.1629,0,1.3824e+12,2280790016,0,0,0,0,110324000,"1382400120",NA,NA,NA,NA,NA,NA,NA
2013-10-23,95.5106,0,1382486400000,2412029952,0,0,0,0,108287000,"1382486520",NA,NA,NA,NA,NA,NA,NA
2013-10-24,95.2888,0,1382572800000,2685189888,0,0,0,0,126505000,"1382572920",NA,NA,NA,NA,NA,NA,NA
2013-10-25,94.437,0,1382659200000,2476329984,0,0,0,0,137759008,"1382659320",NA,NA,NA,NA,NA,NA,NA
2013-10-26,94.9056,0,1382745600000,2345939968,0,0,0,0,119510000,"1382745720",NA,NA,NA,NA,NA,NA,NA
2013-10-27,94.8336,0,1.382832e+12,2223689984,0,0,0,0,114884000,"1382832120",NA,NA,NA,NA,NA,NA,NA
2013-10-28,95.1125,0,1382918400000,2459320064,0,0,0,0,120199000,"1382918520",NA,NA,NA,NA,NA,NA,NA
2013-10-29,95.3739,0,1383004800000,2480600064,0,0,0,0,114756000,"1383004920",NA,NA,NA,NA,NA,NA,NA
2013-10-30,95.4712,0,1383091200000,2551810048,0,0,0,0,115566000,"1383091320",NA,NA,NA,NA,NA,NA,NA
2013-10-31,95.3312,0,1383177600000,2501270016,0,0,0,0,116780000,"1383177720",NA,NA,NA,NA,NA,NA,NA
2013-11-01,95.2758,0,1.383264e+12,2547200000,0,0,0,0,120334000,"1383264120",NA,NA,NA,NA,NA,NA,NA
2013-11-02,95.1234,0,1383350400000,2606729984,0,0,0,0,127120000,"1383350520",NA,NA,NA,NA,NA,NA,NA
2013-11-03,94.7368,0,1383436800000,2600819968,0,0,0,0,136888000,"1383436920",NA,NA,NA,NA,NA,NA,NA
2013-11-04,94.6969,0,1383523200000,2707279872,0,0,0,0,143570000,"1383523320",NA,NA,NA,NA,NA,NA,NA
2013-11-05,94.9442,0,1383609600000,2894020096,0,0,0,0,146316000,"1383609720",NA,NA,NA,NA,NA,NA,NA
2013-11-06,95.1819,0,1.383696e+12,3083889920,0,0,0,0,148584992,"1383696120",NA,NA,NA,NA,NA,NA,NA
2013-11-07,95.0427,0,1383782400000,3290769920,0,0,0,0,163132000,"1383782520",NA,NA,NA,NA,NA,NA,NA
2013-11-08,94.7406,0,1383868800000,3749839872,0,0,0,0,197220000,"1383868920",NA,NA,NA,NA,NA,NA,NA
2013-11-09,94.8597,0,1383955200000,4266599936,0,0,0,0,219315008,"1383955320",NA,NA,NA,NA,NA,NA,NA
2013-11-10,95.511,0,1384041600000,4394720256,0,0,0,0,197276992,"1384041720",NA,NA,NA,NA,NA,NA,NA
2013-11-11,95.4563,0,1.384128e+12,4063399936,0,0,0,0,184628992,"1384128120",NA,NA,NA,NA,NA,NA,NA
2013-11-12,95.5865,0,1384214400000,4303070208,0,0,0,0,189918000,"1384214520",NA,NA,NA,NA,NA,NA,NA
2013-11-13,95.6604,0,1384300800000,4514740224,0,0,0,0,195923008,"1384300920",NA,NA,NA,NA,NA,NA,NA
2013-11-14,95.9165,0,1384387200000,5145359872,0,0,0,0,210111008,"1384387320",NA,NA,NA,NA,NA,NA,NA
2013-11-15,96.0988,0,1384473600000,5235899904,0,0,0,0,204264000,"1384473720",NA,NA,NA,NA,NA,NA,NA
2013-11-16,96.1074,0,1.38456e+12,5186939904,0,0,0,0,201904992,"1384560120",NA,NA,NA,NA,NA,NA,NA
2013-11-17,96.1777,0,1384646400000,5493060096,0,0,0,0,209962000,"1384646520",NA,NA,NA,NA,NA,NA,NA
2013-11-18,96.6265,0,1384732800000,6172020224,0,0,0,0,208214000,"1384732920",NA,NA,NA,NA,NA,NA,NA
2013-11-19,96.1309,0,1384819200000,8902689792,0,0,0,0,344457984,"1384819320",NA,NA,NA,NA,NA,NA,NA
2013-11-20,96.1127,0,1384905600000,7101029888,0,0,0,0,276040000,"1384905720",NA,NA,NA,NA,NA,NA,NA
2013-11-21,96.1783,0,1.384992e+12,7475680256,0,0,0,0,285700000,"1384992120",NA,NA,NA,NA,NA,NA,NA
2013-11-22,96.0024,0,1385078400000,9092079616,0,0,0,0,363468992,"1385078520",NA,NA,NA,NA,NA,NA,NA
2013-11-23,95.9638,0,1385164800000,9701480448,0,0,0,0,391572000,"1385164920",NA,NA,NA,NA,NA,NA,NA
2013-11-24,95.8472,0,1385251200000,10021600256,0,0,0,0,416174016,"1385251320",NA,NA,NA,NA,NA,NA,NA
2013-11-25,95.4811,0,1385337600000,9782479872,0,0,0,0,442059008,"1385337720",NA,NA,NA,NA,NA,NA,NA
2013-11-26,94.482,0,1.385424e+12,10266399744,0,0,0,0,566499968,"1385424120",NA,NA,NA,NA,NA,NA,NA
2013-11-27,92.5688,0,1385510400000,11985899520,0,0,0,0,890700032,"1385510520",NA,NA,NA,NA,NA,NA,NA
2013-11-28,90.116,0,1385596800000,1.328e+10,0,0,0,0,1312589952,"1385596920",NA,NA,NA,NA,NA,NA,NA
2013-11-29,88.8409,0,1385683200000,13823699968,0,0,0,0,1542610048,"1385683320",NA,NA,NA,NA,NA,NA,NA
2013-11-30,90.0648,0,1385769600000,15136199680,0,0,0,0,1503820032,"1385769720",NA,NA,NA,NA,NA,NA,NA
2013-12-01,88.5713,0,1.385856e+12,15387700224,0,0,0,0,1758620032,"1385856120",NA,NA,NA,NA,NA,NA,NA
2013-12-02,87.2858,0,1385942400000,13134100480,0,0,0,0,1669910016,"1385942520",NA,NA,NA,NA,NA,NA,NA
2013-12-03,88.4743,0,1386028800000,14266600448,0,0,0,0,1644320000,"1386028920",NA,NA,NA,NA,NA,NA,NA
2013-12-04,88.0936,0,1386115200000,14913999872,0,0,0,0,1775719936,"1386115320",NA,NA,NA,NA,NA,NA,NA
2013-12-05,87.4594,0,1386201600000,15936100352,0,0,0,0,1998470016,"1386201720",NA,NA,NA,NA,NA,NA,NA
2013-12-06,87.8406,0,1.386288e+12,14336799744,0,0,0,0,1743270016,"1386288120",NA,NA,NA,NA,NA,NA,NA
2013-12-07,88.2094,0,1386374400000,11355599872,0,0,0,0,1338889984,"1386374520",NA,NA,NA,NA,NA,NA,NA
2013-12-08,88.8415,0,1386460800000,9426419712,0,0,0,0,1051849984,"1386460920",NA,NA,NA,NA,NA,NA,NA
2013-12-09,88.6447,0,1386547200000,10827200512,0,0,0,0,1229459968,"1386547320",NA,NA,NA,NA,NA,NA,NA
2013-12-10,88.2251,0,1386633600000,12487600128,0,0,0,0,1470409984,"1386633720",NA,NA,NA,NA,NA,NA,NA
2013-12-11,87.8733,0,1.38672e+12,13619500032,0,0,0,0,1651600000,"1386720120",NA,NA,NA,NA,NA,NA,NA
2013-12-12,88.2432,0,1386806400000,12058300416,0,0,0,0,1417660032,"1386806520",NA,NA,NA,NA,NA,NA,NA
2013-12-13,88.2553,0,1386892800000,11970100224,0,0,0,0,1405859968,"1386892920",NA,NA,NA,NA,NA,NA,NA
2013-12-14,88.4539,0,1386979200000,12292100096,0,0,0,0,1419260032,"1386979320",NA,NA,NA,NA,NA,NA,NA
2013-12-15,88.7721,0,1387065600000,11968900096,0,0,0,0,1343859968,"1387065720",NA,NA,NA,NA,NA,NA,NA
2013-12-16,88.7604,0,1.387152e+12,12054800384,0,0,0,0,1354909952,"1387152120",NA,NA,NA,NA,NA,NA,NA
2013-12-17,89.2939,0,1387238400000,9693609984,0,0,0,0,1037809984,"1387238520",NA,NA,NA,NA,NA,NA,NA
2013-12-18,90.0601,0,1387324800000,9153699840,0,0,0,0,909872000,"1387324920",NA,NA,NA,NA,NA,NA,NA
2013-12-19,90.9764,0,1387411200000,6986350080,0,0,0,0,630417984,"1387411320",NA,NA,NA,NA,NA,NA,NA
2013-12-20,90.1701,0,1387497600000,9332540416,0,0,0,0,917382976,"1387497720",NA,NA,NA,NA,NA,NA,NA
2013-12-21,90.0687,0,1.387584e+12,8225730048,0,0,0,0,816924032,"1387584120",NA,NA,NA,NA,NA,NA,NA
2013-12-22,90.0173,0,1387670400000,8120240128,0,0,0,0,810620032,"1387670520",NA,NA,NA,NA,NA,NA,NA
2013-12-23,90.0097,0,1387756800000,8259129856,0,0,0,0,825110976,"1387756920",NA,NA,NA,NA,NA,NA,NA
2013-12-24,90.2471,0,1387843200000,9225870336,0,0,0,0,899788992,"1387843320",NA,NA,NA,NA,NA,NA,NA
2013-12-25,89.4917,0,1387929600000,9047919616,0,0,0,0,950782016,"1387929720",NA,NA,NA,NA,NA,NA,NA
2013-12-26,88.2038,0,1.388016e+12,9460100096,0,0,0,0,1115929984,"1388016120",NA,NA,NA,NA,NA,NA,NA
2013-12-27,87.6954,0,1388102400000,10631199744,0,0,0,0,1308130048,"1388102520",NA,NA,NA,NA,NA,NA,NA
2013-12-28,87.666,0,1388188800000,10232000512,82164096,0,35162000,0,1262019968,"1388188920",NA,NA,NA,NA,NA,NA,NA
2013-12-29,87.8459,0,1388275200000,10099699712,48907900,0,16611900,0,1227529984,"1388275320",NA,NA,NA,NA,NA,NA,NA
2013-12-30,87.6484,0,1388361600000,10327100416,34095000,0,15104400,0,1275559936,"1388361720",NA,NA,NA,NA,NA,NA,NA
2013-12-31,87.5899,0,1.388448e+12,10545800192,38049700,0,17336100,0,1308749952,"1388448120",NA,NA,NA,NA,NA,NA,NA
2014-01-01,87.6262,0,1388534400000,10553499648,32186200,0,11061100,0,1305869952,"1388534520",NA,NA,NA,NA,NA,NA,NA
2014-01-02,87.491,0,1388620800000,10760699904,40160800,0,17000500,0,1346060032,"1388620920",NA,NA,NA,NA,NA,NA,NA
2014-01-03,87.1947,0,1388707200000,11201599488,104306000,0,65756900,0,1434390016,"1388707320",NA,NA,NA,NA,NA,NA,NA
2014-01-04,87.8253,0,1388793600000,11402800128,81151400,0,43222900,0,1388259968,"1388793720",NA,NA,NA,NA,NA,NA,NA
2014-01-05,88.1162,0,1.38888e+12,11882099712,63420000,0,25432700,0,1412050048,"1388880120",NA,NA,NA,NA,NA,NA,NA
2014-01-06,88.791,0,1388966400000,12875700224,115640000,0,42507200,0,1443229952,"1388966520",NA,NA,NA,NA,NA,NA,NA
2014-01-07,88.6379,0,1389052800000,13110099968,156352000,0,70786000,0,1489590016,"1389052920",NA,NA,NA,NA,NA,NA,NA
2014-01-08,89.3615,0,1389139200000,10802599936,138380000,0,55320000,0,1149240064,"1389139320",NA,NA,NA,NA,NA,NA,NA
2014-01-09,89.1749,0,1389225600000,11650100224,128696000,0,58673100,0,1261139968,"1389225720",NA,NA,NA,NA,NA,NA,NA
2014-01-10,89.2643,0,1.389312e+12,11512299520,84935000,0,26189200,0,1235929984,"1389312120",NA,NA,NA,NA,NA,NA,NA
2014-01-11,89.2616,0,1389398400000,11897499648,46837100,0,15164400,0,1277600000,"1389398520",NA,NA,NA,NA,NA,NA,NA
2014-01-12,89.2643,0,1389484800000,12602900480,77831504,0,32209400,0,1353010048,"1389484920",NA,NA,NA,NA,NA,NA,NA
2014-01-13,89.3148,0,1389571200000,11765099520,63735400,0,24742300,0,1257120000,"1389571320",NA,NA,NA,NA,NA,NA,NA
2014-01-14,89.6112,0,1389657600000,11569999872,51027900,0,5738710,0,1201980032,"1389657720",NA,NA,NA,NA,NA,NA,NA
2014-01-15,89.4696,0,1.389744e+12,11409699840,31628200,0,10815200,0,1201490048,"1389744120",NA,NA,NA,NA,NA,NA,NA
2014-01-16,89.342,0,1389830400000,11815799808,44852900,0,16780100,0,1259320064,"1389830520",NA,NA,NA,NA,NA,NA,NA
2014-01-17,89.4629,0,1389916800000,11447400448,30490300,0,11006300,0,1206220032,"1389916920",NA,NA,NA,NA,NA,NA,NA
2014-01-18,89.4809,0,1390003200000,11198300160,53525100,0,14643500,0,1177959936,"1390003320",NA,NA,NA,NA,NA,NA,NA
2014-01-19,89.2595,0,1390089600000,11568400384,29290100,0,11375400,0,1242499968,"1390089720",NA,NA,NA,NA,NA,NA,NA
2014-01-20,89.1607,0,1.390176e+12,12003600384,40296200,0,14859700,0,1301110016,"1390176120",NA,NA,NA,NA,NA,NA,NA
2014-01-21,89.0147,0,1390262400000,12036200448,45672800,0,18904500,0,1322210048,"1390262520",NA,NA,NA,NA,NA,NA,NA
2014-01-22,88.7,0,1390348800000,11973300224,42872500,0,23875200,0,1352979968,"1390348920",NA,NA,NA,NA,NA,NA,NA
2014-01-23,89.1001,0,1390435200000,11679099904,42104100,0,23468900,0,1273010048,"1390435320",NA,NA,NA,NA,NA,NA,NA
2014-01-24,89.2276,0,1390521600000,11331600384,35572900,0,20165100,0,1220690048,"1390521720",NA,NA,NA,NA,NA,NA,NA
2014-01-25,89.4426,0,1.390608e+12,10954800128,71230400,0,36335400,0,1156540032,"1390608120",NA,NA,NA,NA,NA,NA,NA
2014-01-26,88.9975,0,1390694400000,11757400064,48678300,0,24384400,0,1293609984,"1390694520",NA,NA,NA,NA,NA,NA,NA
2014-01-27,89.1483,0,1390780800000,12214800384,56462000,0,24392000,0,1325510016,"1390780920",NA,NA,NA,NA,NA,NA,NA
2014-01-28,89.4392,0,1390867200000,10660100096,76038704,0,26311400,0,1125799936,"1390867320",NA,NA,NA,NA,NA,NA,NA
2014-01-29,89.4313,0,1390953600000,11194399744,68820000,0,24072800,0,1183110016,"1390953720",NA,NA,NA,NA,NA,NA,NA
2014-01-30,89.4473,0,1.39104e+12,11387299840,28626100,0,10924600,0,1201670016,"1391040120",NA,NA,NA,NA,NA,NA,NA
2014-01-31,89.4328,0,1391126400000,11288699904,44598400,0,14696800,0,1192889984,"1391126520",NA,NA,NA,NA,NA,NA,NA
2014-02-01,89.2172,0,1391212800000,11511300096,26735900,0,9449270,0,1241240064,"1391212920",NA,NA,NA,NA,NA,NA,NA
2014-02-02,89.1497,0,1391299200000,11524800512,32873400,0,13309200,0,1250480000,"1391299320",NA,NA,NA,NA,NA,NA,NA
2014-02-03,89.0466,0,1391385600000,11416999936,20631000,0,9360360,0,1250550016,"1391385720",NA,NA,NA,NA,NA,NA,NA
2014-02-04,89.2779,0,1.391472e+12,11406900224,22532000,0,8501920,0,1223049984,"1391472120",NA,NA,NA,NA,NA,NA,NA
2014-02-05,89.4494,0,1391558400000,11447199744,29317100,0,12732500,0,1207760000,"1391558520",NA,NA,NA,NA,NA,NA,NA
2014-02-06,89.5313,0,1391644800000,11261400064,37350400,0,14548800,0,1178919936,"1391644920",NA,NA,NA,NA,NA,NA,NA
2014-02-07,89.5901,0,1391731200000,10766699520,64001600,0,14222200,0,1120800000,"1391731320",NA,NA,NA,NA,NA,NA,NA
2014-02-08,89.3334,0,1391817600000,9620620288,138444992,0,25659000,0,1026200000,"1391817720",NA,NA,NA,NA,NA,NA,NA
2014-02-09,89.1973,0,1.391904e+12,9281949696,47547600,0,10929200,0,1002700032,"1391904120",NA,NA,NA,NA,NA,NA,NA
2014-02-10,89.0596,0,1391990400000,9434380288,51492500,0,12589200,0,1032160000,"1391990520",NA,NA,NA,NA,NA,NA,NA
2014-02-11,89.202,0,1392076800000,9481849856,155130000,0,42198300,0,1023849984,"1392076920",NA,NA,NA,NA,NA,NA,NA
2014-02-12,88.8216,0,1392163200000,9333329920,105055000,0,32859800,0,1043320000,"1392163320",NA,NA,NA,NA,NA,NA,NA
2014-02-13,88.8495,0,1392249600000,9087979520,42317600,0,17208200,0,1013350016,"1392249720",NA,NA,NA,NA,NA,NA,NA
2014-02-14,88.9188,0,1.392336e+12,8389510144,65737400,0,26835100,0,929656000,"1392336120",NA,NA,NA,NA,NA,NA,NA
2014-02-15,89.0445,0,1392422400000,9188410368,150948992,0,49154700,0,1006630016,"1392422520",NA,NA,NA,NA,NA,NA,NA
2014-02-16,88.8038,0,1392508800000,9092780032,44393200,0,17921600,0,1018049984,"1392508920",NA,NA,NA,NA,NA,NA,NA
2014-02-17,88.7791,0,1392595200000,8597449728,56690900,0,16644800,0,964712000,"1392595320",NA,NA,NA,NA,NA,NA,NA
2014-02-18,77.3645,0,1392681600000,10080300032,49656200,0,17643500,0,2281730048,"1392681720",NA,NA,NA,NA,NA,NA,NA
2014-02-19,88.7642,0,1.392768e+12,8756859904,31291200,0,11259900,0,983904000,"1392768120",NA,NA,NA,NA,NA,NA,NA
2014-02-20,88.6727,0,1392854400000,8742389760,28048500,0,14170600,0,990275008,"1392854520",NA,NA,NA,NA,NA,NA,NA
2014-02-21,88.645,0,1392940800000,7798000128,72914200,0,25639500,0,885465984,"1392940920",NA,NA,NA,NA,NA,NA,NA
2014-02-22,88.9594,0,1393027200000,8049269760,65161500,0,17949800,0,888686016,"1393027320",NA,NA,NA,NA,NA,NA,NA
2014-02-23,88.8557,0,1393113600000,8456600064,44184900,0,12782700,0,942425024,"1393113720",NA,NA,NA,NA,NA,NA,NA
2014-02-24,88.7644,0,1.3932e+12,8513099776,52479600,0,18391000,0,956497024,"1393200120",NA,NA,NA,NA,NA,NA,NA
2014-02-25,88.3771,0,1393286400000,7458590208,70473200,0,14597300,0,866902016,"1393286520",NA,NA,NA,NA,NA,NA,NA
2014-02-26,88.8644,0,1393372800000,7489840128,163786000,0,39491700,0,834041984,"1393372920",NA,NA,NA,NA,NA,NA,NA
2014-02-27,89.1169,0,1393459200000,8128019968,84957000,0,20691900,0,884579008,"1393459320",NA,NA,NA,NA,NA,NA,NA
2014-02-28,87.4377,0,1393545600000,8248039936,35596100,0,9993920,0,1036140032,"1393545720",NA,NA,NA,NA,NA,NA,NA
2014-03-01,87.1441,0,1.393632e+12,7778590208,41190400,0,12967000,0,1000009984,"1393632120",NA,NA,NA,NA,NA,NA,NA
2014-03-02,87.6995,0,1393718400000,8061109760,28168800,0,9957750,0,991556992,"1393718520",NA,NA,NA,NA,NA,NA,NA
2014-03-03,87.0663,0,1393804800000,8025630208,17991000,0,9995350,0,1038009984,"1393804920",NA,NA,NA,NA,NA,NA,NA
2014-03-04,84.5728,0,1393891200000,9845340160,128748000,0,32701000,0,1518860032,"1393891320",NA,NA,NA,NA,NA,NA,NA
2014-03-05,83.662,0,1393977600000,9947599872,117840000,0,62562000,0,1625240064,"1393977720",NA,NA,NA,NA,NA,NA,NA
2014-03-06,86.0193,0,1.394064e+12,9658000384,40563000,0,18230600,0,1350259968,"1394064120",NA,NA,NA,NA,NA,NA,NA
2014-03-07,87.0475,0,1394150400000,9540490240,29649200,0,13449600,0,1235740032,"1394150520",NA,NA,NA,NA,NA,NA,NA
2014-03-08,87.6916,0,1394236800000,8978209792,46192600,0,11992600,0,1105069952,"1394236920",NA,NA,NA,NA,NA,NA,NA
2014-03-09,86.9214,0,1394323200000,8837059584,29520700,0,10801500,0,1155760000,"1394323320",NA,NA,NA,NA,NA,NA,NA
2014-03-10,87.1671,0,1394409600000,9140330496,26725800,0,11216600,0,1172969984,"1394409720",NA,NA,NA,NA,NA,NA,NA
2014-03-11,86.7678,0,1.394496e+12,9058180096,30191200,0,9756960,0,1198599936,"1394496120",NA,NA,NA,NA,NA,NA,NA
2014-03-12,86.9586,0,1394582400000,9086489600,21746900,0,10022000,0,1184999936,"1394582520",NA,NA,NA,NA,NA,NA,NA
2014-03-13,86.8765,0,1394668800000,9104570368,39007500,0,20164000,0,1194840064,"1394668920",NA,NA,NA,NA,NA,NA,NA
2014-03-14,87.2815,0,1394755200000,9138209792,20095100,0,8675430,0,1162240000,"1394755320",NA,NA,NA,NA,NA,NA,NA
2014-03-15,87.5056,0,1394841600000,9006419968,19430100,0,7527570,0,1125299968,"1394841720",NA,NA,NA,NA,NA,NA,NA
2014-03-16,87.7172,0,1.394928e+12,9074110464,11605000,0,7271600,0,1114550016,"1394928120",NA,NA,NA,NA,NA,NA,NA
2014-03-17,87.9054,0,1395014400000,8994100224,14757400,0,9474010,0,1087800064,"1395014520",NA,NA,NA,NA,NA,NA,NA
2014-03-18,88.4878,0,1395100800000,8811119616,26553800,0,11899000,0,1014360000,"1395100920",NA,NA,NA,NA,NA,NA,NA
2014-03-19,86.9038,0,1395187200000,8862159872,57312300,0,33329300,0,1160610048,"1395187320",NA,NA,NA,NA,NA,NA,NA
2014-03-20,87.8902,0,1395273600000,8683039744,54879500,0,40642200,0,1051500032,"1395273720",NA,NA,NA,NA,NA,NA,NA
2014-03-21,88.0164,0,1.39536e+12,8373080064,41059200,0,20580600,0,1003390016,"1395360120",NA,NA,NA,NA,NA,NA,NA
2014-03-22,87.965,0,1395446400000,8136790016,64618900,0,26242700,0,979262976,"1395446520",NA,NA,NA,NA,NA,NA,NA
2014-03-23,86.8709,0,1395532800000,8161399808,27724900,0,10399400,0,1071520000,"1395532920",NA,NA,NA,NA,NA,NA,NA
2014-03-24,87.1972,0,1395619200000,8101510144,15999900,0,6686130,0,1037219968,"1395619320",NA,NA,NA,NA,NA,NA,NA
2014-03-25,87.6554,0,1395705600000,8377390080,37327200,0,14583300,0,1034150016,"1395705720",NA,NA,NA,NA,NA,NA,NA
2014-03-26,88.8761,0,1.395792e+12,8237080064,24229200,0,10292800,0,916284992,"1395792120",NA,NA,NA,NA,NA,NA,NA
2014-03-27,88.4651,0,1395878400000,8245380096,28701200,0,12350600,0,951092992,"1395878520",NA,NA,NA,NA,NA,NA,NA
2014-03-28,89.5168,0,1395964800000,6728269824,97310304,0,32766400,0,705342016,"1395964920",NA,NA,NA,NA,NA,NA,NA
2014-03-29,89.4905,0,1396051200000,7049789952,77960200,0,24436400,0,740897984,"1396051320",NA,NA,NA,NA,NA,NA,NA
2014-03-30,89.2323,0,1396137600000,6938250240,18285200,0,6998950,0,747091008,"1396137720",NA,NA,NA,NA,NA,NA,NA
2014-03-31,89.3455,0,1.396224e+12,6511099904,57272700,0,14244200,0,693726016,"1396224120",NA,NA,NA,NA,NA,NA,NA
2014-04-01,89.4186,0,1396310400000,6438260224,28962600,0,11463100,0,681260032,"1396310520",NA,NA,NA,NA,NA,NA,NA
2014-04-02,89.5438,0,1396396800000,6726139904,46153600,0,10648700,0,703297984,"1396396920",NA,NA,NA,NA,NA,NA,NA
2014-04-03,90.0814,0,1396483200000,6104529920,69008000,0,19354700,0,605486976,"1396483320",NA,NA,NA,NA,NA,NA,NA
2014-04-04,90.3162,0,1396569600000,6233750016,55351200,0,14491600,0,603665024,"1396569720",NA,NA,NA,NA,NA,NA,NA
2014-04-05,90.1962,0,1.396656e+12,6242019840,31953200,0,8933540,0,611953984,"1396656120",NA,NA,NA,NA,NA,NA,NA
2014-04-06,90.2518,0,1396742400000,6484029952,18466000,0,4977090,0,632073024,"1396742520",NA,NA,NA,NA,NA,NA,NA
2014-04-07,90.1373,0,1396828800000,6473359872,17368300,0,7271350,0,638449984,"1396828920",NA,NA,NA,NA,NA,NA,NA
2014-04-08,90.2158,0,1396915200000,6252420096,22470300,0,6944270,0,611748992,"1396915320",NA,NA,NA,NA,NA,NA,NA
2014-04-09,90.3014,0,1397001600000,6340639744,16510800,0,5805010,0,614956032,"1397001720",NA,NA,NA,NA,NA,NA,NA
2014-04-10,90.3713,0,1.397088e+12,6181799936,17768800,0,4640630,0,595225024,"1397088120",NA,NA,NA,NA,NA,NA,NA
2014-04-11,91.0107,0,1397174400000,5048180224,74263000,0,18375300,0,453796000,"1397174520",NA,NA,NA,NA,NA,NA,NA
2014-04-12,90.2711,0,1397260800000,5890789888,82780000,0,22039400,0,573112000,"1397260920",NA,NA,NA,NA,NA,NA,NA
2014-04-13,90.5242,0,1397347200000,5888110080,29932700,0,10751300,0,557945984,"1397347320",NA,NA,NA,NA,NA,NA,NA
2014-04-14,90.5954,0,1397433600000,5785269760,33532500,0,10804300,0,544081984,"1397433720",NA,NA,NA,NA,NA,NA,NA
2014-04-15,90.4496,0,1.39752e+12,6423029760,74779800,0,23997000,0,613424000,"1397520120",NA,NA,NA,NA,NA,NA,NA
2014-04-16,90.0314,0,1397606400000,7340890112,39255700,0,31669300,0,731785984,"1397606520",NA,NA,NA,NA,NA,NA,NA
2014-04-17,90.0745,0,1397692800000,7432039936,92858400,0,36542800,0,737667008,"1397692920",NA,NA,NA,NA,NA,NA,NA
2014-04-18,90.0912,0,1397779200000,6968730112,56428000,0,22438600,0,690518976,"1397779320",NA,NA,NA,NA,NA,NA,NA
2014-04-19,89.8946,0,1397865600000,6753509888,35511400,0,16474700,0,682470016,"1397865720",NA,NA,NA,NA,NA,NA,NA
2014-04-20,89.6351,0,1.397952e+12,7101760000,34599500,0,14984600,0,736086976,"1397952120",NA,NA,NA,NA,NA,NA,NA
2014-04-21,89.822,0,1398038400000,7026189824,25128400,0,13055100,0,715126976,"1398038520",NA,NA,NA,NA,NA,NA,NA
2014-04-22,89.8082,0,1398124800000,7015240192,24732600,0,9500030,0,714979008,"1398124920",NA,NA,NA,NA,NA,NA,NA
2014-04-23,89.9825,0,1398211200000,6885940224,21165600,0,9325640,0,689798976,"1398211320",NA,NA,NA,NA,NA,NA,NA
2014-04-24,89.9915,0,1398297600000,6934790144,16910800,0,7190050,0,694067968,"1398297720",NA,NA,NA,NA,NA,NA,NA
2014-04-25,89.9425,0,1.398384e+12,7057780224,23565500,0,10373600,0,709835008,"1398384120",NA,NA,NA,NA,NA,NA,NA
2014-04-26,90.8264,0,1398470400000,6454839808,70743000,0,24362200,0,592137984,"1398470520",NA,NA,NA,NA,NA,NA,NA
2014-04-27,90.7773,0,1398556800000,6389089792,21395900,0,7950720,0,589246976,"1398556920",NA,NA,NA,NA,NA,NA,NA
2014-04-28,91.093,0,1398643200000,6033619968,19197000,0,7690790,0,537416000,"1398643320",NA,NA,NA,NA,NA,NA,NA
2014-04-29,90.6797,0,1398729600000,6165170176,31688700,0,8017530,0,574611008,"1398729720",NA,NA,NA,NA,NA,NA,NA
2014-04-30,90.6407,0,1.398816e+12,6270689792,24215400,0,7861910,0,586892992,"1398816120",NA,NA,NA,NA,NA,NA,NA
2014-05-01,90.4171,0,1398902400000,6295510016,28880900,0,13444400,0,603294016,"1398902520",NA,NA,NA,NA,NA,NA,NA
2014-05-02,90.5419,0,1398988800000,6431560192,21087000,0,8191800,0,608305984,"1398988920",NA,NA,NA,NA,NA,NA,NA
2014-05-03,90.7048,0,1399075200000,6295470080,16765800,0,6436550,0,585177024,"1399075320",NA,NA,NA,NA,NA,NA,NA
2014-05-04,90.7293,0,1399161600000,6138180096,15728600,0,5876920,0,569051008,"1399161720",NA,NA,NA,NA,NA,NA,NA
2014-05-05,90.7069,0,1.399248e+12,6114189824,9648060,0,3601270,0,568198976,"1399248120",NA,NA,NA,NA,NA,NA,NA
2014-05-06,90.7654,0,1399334400000,6072399872,14042200,0,4342440,0,560760000,"1399334520",NA,NA,NA,NA,NA,NA,NA
2014-05-07,90.5106,0,1399420800000,6050209792,20075900,0,7530400,0,574129024,"1399420920",NA,NA,NA,NA,NA,NA,NA
2014-05-08,90.4738,0,1399507200000,6198419968,26609500,0,8153380,0,590470976,"1399507320",NA,NA,NA,NA,NA,NA,NA
2014-05-09,90.4655,0,1399593600000,6201200128,16818200,0,7371440,0,591251008,"1399593720",NA,NA,NA,NA,NA,NA,NA
2014-05-10,90.3228,0,1.39968e+12,6365949952,19218100,0,8874510,0,616046976,"1399680120",NA,NA,NA,NA,NA,NA,NA
2014-05-11,90.4491,0,1399766400000,6411890176,14078800,0,7309740,0,612390016,"1399766520",NA,NA,NA,NA,NA,NA,NA
2014-05-12,90.495,0,1399852800000,6195539968,18677200,0,6418870,0,588883008,"1399852920",NA,NA,NA,NA,NA,NA,NA
2014-05-13,90.4654,0,1399939200000,6220109824,14221300,0,6928700,0,593065024,"1399939320",NA,NA,NA,NA,NA,NA,NA
2014-05-14,90.4651,0,1400025600000,6220510208,13307900,0,5621860,0,593116992,"1400025720",NA,NA,NA,NA,NA,NA,NA
2014-05-15,90.3248,0,1.400112e+12,6274140160,16880600,0,7405580,0,607038976,"1400112120",NA,NA,NA,NA,NA,NA,NA
2014-05-16,90.2859,0,1400198400000,6326410240,17674300,0,10331300,0,614553024,"1400198520",NA,NA,NA,NA,NA,NA,NA
2014-05-17,90.3251,0,1400284800000,6338070016,14046200,0,7569010,0,613203008,"1400284920",NA,NA,NA,NA,NA,NA,NA
2014-05-18,90.3957,0,1400371200000,6344439808,8752610,0,5810340,0,609339008,"1400371320",NA,NA,NA,NA,NA,NA,NA
2014-05-19,90.3862,0,1400457600000,6309250048,8881520,0,5929880,0,606561024,"1400457720",NA,NA,NA,NA,NA,NA,NA
2014-05-20,90.4421,0,1.400544e+12,6312719872,11624400,0,5369470,0,603363008,"1400544120",NA,NA,NA,NA,NA,NA,NA
2014-05-21,90.7442,0,1400630400000,6848840192,52354600,0,11993400,0,633913984,"1400630520",NA,NA,NA,NA,NA,NA,NA
2014-05-22,90.8161,0,1400716800000,6924170240,21359500,0,6782480,0,635907008,"1400716920",NA,NA,NA,NA,NA,NA,NA
2014-05-23,91.3153,0,1400803200000,7353759744,50987300,0,17767600,0,638654976,"1400803320",NA,NA,NA,NA,NA,NA,NA
2014-05-24,90.9742,0,1400889600000,7329789952,60082300,0,25162800,0,661576000,"1400889720",NA,NA,NA,NA,NA,NA,NA
2014-05-25,90.976,0,1.400976e+12,7400249856,23857100,0,12431300,0,667800000,"1400976120",NA,NA,NA,NA,NA,NA,NA
2014-05-26,91.2112,0,1401062400000,8029660160,66033700,0,19038000,0,705710016,"1401062520",NA,NA,NA,NA,NA,NA,NA
2014-05-27,91.5257,0,1401148800000,8157879808,40674700,0,10457900,0,691324992,"1401148920",NA,NA,NA,NA,NA,NA,NA
2014-05-28,91.5544,0,1401235200000,8010769920,53544000,0,15858600,0,676555008,"1401235320",NA,NA,NA,NA,NA,NA,NA
2014-05-29,91.7827,0,1401321600000,8065399808,35381400,0,15998000,0,662753984,"1401321720",NA,NA,NA,NA,NA,NA,NA
2014-05-30,91.6862,0,1.401408e+12,7951309824,34990200,0,16282500,0,661057024,"1401408120",NA,NA,NA,NA,NA,NA,NA
2014-05-31,92.0246,0,1401494400000,8581910016,51721600,0,19681500,0,684438016,"1401494520",NA,NA,NA,NA,NA,NA,NA
2014-06-01,92.2021,0,1401580800000,8681929728,28599700,0,13564100,0,677006016,"1401580920",NA,NA,NA,NA,NA,NA,NA
2014-06-02,92.1582,0,1401667200000,8811700224,65782900,0,20378700,0,690992000,"1401667320",NA,NA,NA,NA,NA,NA,NA
2014-06-03,92.3147,0,1401753600000,9184159744,62372200,0,16990200,0,705827968,"1401753720",NA,NA,NA,NA,NA,NA,NA
2014-06-04,92.3183,0,1.40184e+12,9295660032,54127700,0,13605700,0,714062016,"1401840120",NA,NA,NA,NA,NA,NA,NA
2014-06-05,92.294,0,1401926400000,8916729856,50044900,0,12375100,0,687123968,"1401926520",NA,NA,NA,NA,NA,NA,NA
2014-06-06,92.3414,0,1402012800000,9171080192,43766400,0,14237000,0,702379008,"1402012920",NA,NA,NA,NA,NA,NA,NA
2014-06-07,92.3332,0,1402099200000,9075940352,28446500,0,9560840,0,695833024,"1402099320",NA,NA,NA,NA,NA,NA,NA
2014-06-08,92.4278,0,1402185600000,9114749952,24394100,0,8640060,0,690185024,"1402185720",NA,NA,NA,NA,NA,NA,NA
2014-06-09,92.4298,0,1.402272e+12,9132229632,19269500,0,10620200,0,691331968,"1402272120",NA,NA,NA,NA,NA,NA,NA
2014-06-10,92.324,0,1402358400000,9064930304,28418300,0,9305050,0,695820992,"1402358520",NA,NA,NA,NA,NA,NA,NA
2014-06-11,92.2312,0,1402444800000,9122169856,28640000,0,10777100,0,708683008,"1402444920",NA,NA,NA,NA,NA,NA,NA
2014-06-12,92.093,0,1402531200000,8860309504,34085500,0,8794670,0,700585984,"1402531320",NA,NA,NA,NA,NA,NA,NA
2014-06-13,92.0322,0,1402617600000,8211400192,60570600,0,9676220,0,654265024,"1402617720",NA,NA,NA,NA,NA,NA,NA
2014-06-14,91.9448,0,1.402704e+12,8430430208,41791700,0,6915510,0,679084992,"1402704120",NA,NA,NA,NA,NA,NA,NA
2014-06-15,91.9749,0,1402790400000,8070179840,45400900,0,6911130,0,647644032,"1402790520",NA,NA,NA,NA,NA,NA,NA
2014-06-16,91.9291,0,1402876800000,8295529984,29757900,0,6161200,0,669526976,"1402876920",NA,NA,NA,NA,NA,NA,NA
2014-06-17,92.1141,0,1402963200000,8292490240,35789700,0,7252050,0,653942016,"1402963320",NA,NA,NA,NA,NA,NA,NA
2014-06-18,92.2422,0,1403049600000,8538639872,26339100,0,7721880,0,662412032,"1403049720",NA,NA,NA,NA,NA,NA,NA
2014-06-19,92.1714,0,1.403136e+12,8526859776,27310600,0,9627710,0,667534016,"1403136120",NA,NA,NA,NA,NA,NA,NA
2014-06-20,91.9812,0,1403222400000,8381510144,25387700,0,12162700,0,672096000,"1403222520",NA,NA,NA,NA,NA,NA,NA
2014-06-21,92.1743,0,1403308800000,8334179840,32135100,0,14393500,0,652204032,"1403308920",NA,NA,NA,NA,NA,NA,NA
2014-06-22,92.1559,0,1403395200000,8345670144,17100700,0,7850760,0,654643008,"1403395320",NA,NA,NA,NA,NA,NA,NA
2014-06-23,92.2603,0,1403481600000,8450070016,17434200,0,6555910,0,654008000,"1403481720",NA,NA,NA,NA,NA,NA,NA
2014-06-24,92.2384,0,1.403568e+12,8326790144,20112300,0,6052340,0,646289024,"1403568120",NA,NA,NA,NA,NA,NA,NA
2014-06-25,92.2903,0,1403654400000,8165919744,20744500,0,6397900,0,629571968,"1403654520",NA,NA,NA,NA,NA,NA,NA
2014-06-26,92.4192,0,1403740800000,7923740160,29134600,0,8590110,0,600684032,"1403740920",NA,NA,NA,NA,NA,NA,NA
2014-06-27,92.4839,0,1403827200000,8142550016,21691100,0,6998060,0,612001984,"1403827320",NA,NA,NA,NA,NA,NA,NA
2014-06-28,92.6119,0,1403913600000,8354619904,27945400,0,7130820,0,617248000,"1403913720",NA,NA,NA,NA,NA,NA,NA
2014-06-29,92.7346,0,1.404e+12,8334219776,20899300,0,7904530,0,605516032,"1404000120",NA,NA,NA,NA,NA,NA,NA
2014-06-30,92.8652,0,1404086400000,8403489792,14966500,0,6151150,0,599571008,"1404086520",NA,NA,NA,NA,NA,NA,NA
2014-07-01,93.2169,0,1404172800000,8973920256,57495700,0,10454400,0,608707968,"1404172920",NA,NA,NA,NA,NA,NA,NA
2014-07-02,93.5765,0,1404259200000,8891920384,51461200,0,12738600,0,571169024,"1404259320",NA,NA,NA,NA,NA,NA,NA
2014-07-03,93.6805,0,1404345600000,9010929664,39509000,0,14048200,0,569446976,"1404345720",NA,NA,NA,NA,NA,NA,NA
2014-07-04,93.5589,0,1.404432e+12,8941500416,27128900,0,8318940,0,575932992,"1404432120",NA,NA,NA,NA,NA,NA,NA
2014-07-05,93.7421,0,1404518400000,8723390464,29852100,0,7614690,0,545897984,"1404518520",NA,NA,NA,NA,NA,NA,NA
2014-07-06,93.8658,0,1404604800000,8739640320,17742300,0,8677680,0,536108000,"1404604920",NA,NA,NA,NA,NA,NA,NA
2014-07-07,93.9657,0,1404691200000,8783750144,16171900,0,6069520,0,530036000,"1404691320",NA,NA,NA,NA,NA,NA,NA
2014-07-08,93.7702,0,1404777600000,8619599872,27611200,0,9566710,0,536987008,"1404777720",NA,NA,NA,NA,NA,NA,NA
2014-07-09,93.7417,0,1.404864e+12,8667830272,17316100,0,7309950,0,542462016,"1404864120",NA,NA,NA,NA,NA,NA,NA
2014-07-10,93.7209,0,1404950400000,8667039744,16818700,0,7008340,0,544211968,"1404950520",NA,NA,NA,NA,NA,NA,NA
2014-07-11,93.6989,0,1405036800000,8558260224,23773100,0,7883560,0,539260032,"1405036920",NA,NA,NA,NA,NA,NA,NA
2014-07-12,93.668,0,1405123200000,8774989824,22587000,0,6125420,0,555628032,"1405123320",NA,NA,NA,NA,NA,NA,NA
2014-07-13,93.4848,0,1405209600000,8827360256,22945500,0,9619680,0,575121024,"1405209720",NA,NA,NA,NA,NA,NA,NA
2014-07-14,93.3938,0,1.405296e+12,8732000256,20093900,0,8822530,0,576854976,"1405296120",NA,NA,NA,NA,NA,NA,NA
2014-07-15,93.4094,0,1405382400000,8641290240,19852200,0,7128260,0,569513024,"1405382520",NA,NA,NA,NA,NA,NA,NA
2014-07-16,93.458,0,1405468800000,8667540480,16116500,0,5250910,0,567032000,"1405468920",NA,NA,NA,NA,NA,NA,NA
2014-07-17,93.4941,0,1405555200000,8590310400,19798700,0,6596030,0,558876032,"1405555320",NA,NA,NA,NA,NA,NA,NA
2014-07-18,93.2169,0,1405641600000,8700210176,23480900,0,6928770,0,590147008,"1405641720",NA,NA,NA,NA,NA,NA,NA
2014-07-19,93.1723,0,1.405728e+12,8802329600,21413500,0,7230990,0,600995008,"1405728120",NA,NA,NA,NA,NA,NA,NA
2014-07-20,93.3021,0,1405814400000,8784589824,12332600,0,5139210,0,588385024,"1405814520",NA,NA,NA,NA,NA,NA,NA
2014-07-21,93.305,0,1405900800000,8722499584,10060900,0,4288610,0,583974016,"1405900920",NA,NA,NA,NA,NA,NA,NA
2014-07-22,93.0161,0,1405987200000,8728659968,15086300,0,4374190,0,609603008,"1405987320",NA,NA,NA,NA,NA,NA,NA
2014-07-23,93.1181,0,1406073600000,8705349632,14471100,0,4866860,0,599089984,"1406073720",NA,NA,NA,NA,NA,NA,NA
2014-07-24,93.162,0,1.40616e+12,8680880128,15211000,0,4141520,0,593596992,"1406160120",NA,NA,NA,NA,NA,NA,NA
2014-07-25,93.3517,0,1406246400000,8414060032,28235400,0,7290470,0,559393984,"1406246520",NA,NA,NA,NA,NA,NA,NA
2014-07-26,93.3784,0,1406332800000,8414689792,18542500,0,6278400,0,557185984,"1406332920",NA,NA,NA,NA,NA,NA,NA
2014-07-27,93.4018,0,1406419200000,8332630016,14420400,0,3684090,0,549801024,"1406419320",NA,NA,NA,NA,NA,NA,NA
2014-07-28,93.3788,0,1406505600000,8315639808,12228800,0,4431470,0,550596992,"1406505720",NA,NA,NA,NA,NA,NA,NA
2014-07-29,93.4229,0,1.406592e+12,8193970176,24583900,0,5284670,0,538926976,"1406592120",NA,NA,NA,NA,NA,NA,NA
2014-07-30,93.3711,0,1406678400000,8189499904,15329500,0,4059540,0,542873024,"1406678520",NA,NA,NA,NA,NA,NA,NA
2014-07-31,93.4196,0,1406764800000,7944659968,20851800,0,5892250,0,522788992,"1406764920",NA,NA,NA,NA,NA,NA,NA
2014-08-01,93.3096,0,1406851200000,8220480000,30458400,0,7991850,0,549982016,"1406851320",NA,NA,NA,NA,NA,NA,NA
2014-08-02,93.2956,0,1406937600000,8346180096,23311300,0,5092320,0,559561984,"1406937720",NA,NA,NA,NA,NA,NA,NA
2014-08-03,93.293,0,1.407024e+12,8264730112,12336600,0,3991600,0,554313984,"1407024120",NA,NA,NA,NA,NA,NA,NA
2014-08-04,93.3224,0,1407110400000,8227230208,13398700,0,3471100,0,549377984,"1407110520",NA,NA,NA,NA,NA,NA,NA
2014-08-05,93.5131,0,1407196800000,8251369984,13979800,0,4127880,0,535256992,"1407196920",NA,NA,NA,NA,NA,NA,NA
2014-08-06,93.5791,0,1407283200000,8204870144,14709200,0,3908900,0,526828992,"1407283320",NA,NA,NA,NA,NA,NA,NA
2014-08-07,93.5972,0,1407369600000,8187520000,18393200,0,3891300,0,524232000,"1407369720",NA,NA,NA,NA,NA,NA,NA
2014-08-08,93.6573,0,1.407456e+12,8243990016,17345200,0,6214260,0,522895008,"1407456120",NA,NA,NA,NA,NA,NA,NA
2014-08-09,93.7296,0,1407542400000,8290390016,16048300,0,4977520,0,519838016,"1407542520",NA,NA,NA,NA,NA,NA,NA
2014-08-10,93.8371,0,1407628800000,8237680128,13552100,0,5642790,0,507684000,"1407628920",NA,NA,NA,NA,NA,NA,NA
2014-08-11,93.9386,0,1407715200000,8261029888,11090900,0,3520930,0,500732000,"1407715320",NA,NA,NA,NA,NA,NA,NA
2014-08-12,94.2462,0,1407801600000,8031159808,24281800,0,9499280,0,462094016,"1407801720",NA,NA,NA,NA,NA,NA,NA
2014-08-13,94.4209,0,1.407888e+12,7933609984,23270800,0,9269810,0,442624992,"1407888120",NA,NA,NA,NA,NA,NA,NA
2014-08-14,94.5545,0,1407974400000,7588420096,36166700,0,10426900,0,413228992,"1407974520",NA,NA,NA,NA,NA,NA,NA
2014-08-15,94.2615,0,1408060800000,7126080000,44312800,0,7734120,0,408932000,"1408060920",NA,NA,NA,NA,NA,NA,NA
2014-08-16,94.2348,0,1408147200000,6944620032,29892800,0,4309050,0,400371008,"1408147320",NA,NA,NA,NA,NA,NA,NA
2014-08-17,94.4828,0,1408233600000,7225149952,26703300,0,3890350,0,398628992,"1408233720",NA,NA,NA,NA,NA,NA,NA
2014-08-18,94.5932,0,1.40832e+12,6834749952,29830800,0,5526700,0,369542016,"1408320120",NA,NA,NA,NA,NA,NA,NA
2014-08-19,94.8432,0,1408406400000,6402699776,61772600,0,10948200,0,330176000,"1408406520",NA,NA,NA,NA,NA,NA,NA
2014-08-20,94.249,0,1408492800000,6774859776,50040500,0,11579400,0,389624992,"1408492920",NA,NA,NA,NA,NA,NA,NA
2014-08-21,93.9164,0,1408579200000,7156800000,61006600,0,14591900,0,435388992,"1408579320",NA,NA,NA,NA,NA,NA,NA
2014-08-22,93.7306,0,1408665600000,7273460224,63732200,0,14369400,0,4.56e+08,"1408665720",NA,NA,NA,NA,NA,NA,NA
2014-08-23,93.7348,0,1.408752e+12,7216470016,48044200,0,11435200,0,452127008,"1408752120",NA,NA,NA,NA,NA,NA,NA
2014-08-24,93.9274,0,1408838400000,6991889920,31784700,0,6667440,0,424590016,"1408838520",NA,NA,NA,NA,NA,NA,NA
2014-08-25,93.5901,0,1408924800000,7158980096,29581600,0,10198100,0,458884000,"1408924920",NA,NA,NA,NA,NA,NA,NA
2014-08-26,93.1889,0,1409011200000,7111329792,29356600,0,11023600,0,484359008,"1409011320",NA,NA,NA,NA,NA,NA,NA
2014-08-27,92.019,0,1409097600000,7342329856,37187500,0,14131600,0,585995008,"1409097720",NA,NA,NA,NA,NA,NA,NA
2014-08-28,91.983,0,1.409184e+12,7328869888,33560000,0,10998200,0,587553984,"1409184120",NA,NA,NA,NA,NA,NA,NA
2014-08-29,92.2697,0,1409270400000,7273339904,27766800,0,7856530,0,562252992,"1409270520",NA,NA,NA,NA,NA,NA,NA
2014-08-30,92.3733,0,1409356800000,7269870080,24190600,0,6600780,0,554449024,"1409356920",NA,NA,NA,NA,NA,NA,NA
2014-08-31,92.2587,0,1409443200000,7200010240,17077000,0,5563180,0,557377024,"1409443320",NA,NA,NA,NA,NA,NA,NA
2014-09-01,92.2141,0,1409529600000,6846150144,54543100,0,9987300,0,533035008,"1409529720",NA,NA,NA,NA,NA,NA,NA
2014-09-02,92.2369,0,1.409616e+12,6798770176,25554400,0,5078280,0,527796000,"1409616120",NA,NA,NA,NA,NA,NA,NA
2014-09-03,92.4015,0,1409702400000,6822790144,29098500,0,5811920,0,518428992,"1409702520",NA,NA,NA,NA,NA,NA,NA
2014-09-04,92.1491,0,1409788800000,6855309824,18004700,0,4683310,0,538204032,"1409788920",NA,NA,NA,NA,NA,NA,NA
2014-09-05,92.103,0,1409875200000,7032929792,33808900,0,7681310,0,555393984,"1409875320",NA,NA,NA,NA,NA,NA,NA
2014-09-06,91.9511,0,1409961600000,6955469824,20282700,0,5031710,0,559841984,"1409961720",NA,NA,NA,NA,NA,NA,NA
2014-09-07,91.8764,0,1.410048e+12,6989239808,16567300,0,5997800,0,567779008,"1410048120",NA,NA,NA,NA,NA,NA,NA
2014-09-08,91.83,0,1410134400000,6946979840,14449500,0,5492690,0,567571008,"1410134520",NA,NA,NA,NA,NA,NA,NA
2014-09-09,91.6547,0,1410220800000,6862000128,37717600,0,7759170,0,572657024,"1410220920",NA,NA,NA,NA,NA,NA,NA
2014-09-10,91.6758,0,1410307200000,6871029760,27805100,0,6359040,0,571961024,"1410307320",NA,NA,NA,NA,NA,NA,NA
2014-09-11,91.4393,0,1410393600000,6950739968,31660000,0,8856450,0,595035008,"1410393720",NA,NA,NA,NA,NA,NA,NA
2014-09-12,91.3528,0,1.41048e+12,6959050240,24746900,0,7876120,0,601763008,"1410480120",NA,NA,NA,NA,NA,NA,NA
2014-09-13,91.3182,0,1410566400000,6937719808,21347800,0,5947780,0,602318016,"1410566520",NA,NA,NA,NA,NA,NA,NA
2014-09-14,91.2366,0,1410652800000,6965559808,23161000,0,7570170,0,610420992,"1410652920",NA,NA,NA,NA,NA,NA,NA
2014-09-15,91.0493,0,1410739200000,6962259968,26191400,0,13073400,0,623171008,"1410739320",NA,NA,NA,NA,NA,NA,NA
2014-09-16,91.234,0,1410825600000,6907990016,26367400,0,10989400,0,605553984,"1410825720",NA,NA,NA,NA,NA,NA,NA
2014-09-17,91.0123,0,1.410912e+12,6795789824,24826500,0,8539640,0,610787008,"1410912120",NA,NA,NA,NA,NA,NA,NA
2014-09-18,90.7366,0,1410998400000,6687059968,32336900,0,11280000,0,619449024,"1410998520",NA,NA,NA,NA,NA,NA,NA
2014-09-19,90.3314,0,1411084800000,6237519872,48948800,0,14449700,0,603078976,"1411084920",NA,NA,NA,NA,NA,NA,NA
2014-09-20,90.3796,0,1411171200000,5803460096,47188900,0,9296000,0,558316992,"1411171320",NA,NA,NA,NA,NA,NA,NA
2014-09-21,90.531,0,1411257600000,5992620032,48403300,0,11544500,0,567438976,"1411257720",NA,NA,NA,NA,NA,NA,NA
2014-09-22,90.5816,0,1.411344e+12,5859200000,33455900,0,6940930,0,551841984,"1411344120",NA,NA,NA,NA,NA,NA,NA
2014-09-23,90.4658,0,1411430400000,5912549888,29298300,0,5145120,0,563713984,"1411430520",NA,NA,NA,NA,NA,NA,NA
2014-09-24,90.7275,0,1411516800000,6390810112,56187700,0,11040400,0,592587008,"1411516920",NA,NA,NA,NA,NA,NA,NA
2014-09-25,90.5533,0,1411603200000,6219829760,37438700,0,6879120,0,587569984,"1411603320",NA,NA,NA,NA,NA,NA,NA
2014-09-26,90.4607,0,1411689600000,6055629824,34506800,0,7704210,0,577662016,"1411689720",NA,NA,NA,NA,NA,NA,NA
2014-09-27,90.1453,0,1.411776e+12,5962039808,31482300,0,10060100,0,587542976,"1411776120",NA,NA,NA,NA,NA,NA,NA
2014-09-28,90.1634,0,1411862400000,5901980160,21133400,0,6106230,0,580553024,"1411862520",NA,NA,NA,NA,NA,NA,NA
2014-09-29,89.6932,0,1411948800000,5599490048,29856600,0,6168680,0,577129984,"1411948920",NA,NA,NA,NA,NA,NA,NA
2014-09-30,89.9801,0,1412035200000,5570630144,36613300,0,4771690,0,558172992,"1412035320",NA,NA,NA,NA,NA,NA,NA
2014-10-01,90.0393,0,1412121600000,5736450048,39877400,0,5133680,0,571390016,"1412121720",NA,NA,NA,NA,NA,NA,NA
2014-10-02,89.9655,0,1.412208e+12,5686280192,30462700,0,4233300,0,570587008,"1412208120",NA,NA,NA,NA,NA,NA,NA
2014-10-03,89.9153,0,1412294400000,5565839872,26077800,0,4243040,0,561297984,"1412294520",NA,NA,NA,NA,NA,NA,NA
2014-10-04,89.6792,0,1412380800000,5354549760,35693700,0,4758550,0,552633024,"1412380920",NA,NA,NA,NA,NA,NA,NA
2014-10-05,89.2578,0,1412467200000,4918210048,56975700,0,9732430,0,528326016,"1412467320",NA,NA,NA,NA,NA,NA,NA
2014-10-06,89.3257,0,1412553600000,4788570112,96210304,0,12814100,0,511147008,"1412553720",NA,NA,NA,NA,NA,NA,NA
2014-10-07,89.3195,0,1.41264e+12,4942790144,94177504,0,15079900,0,527916000,"1412640120",NA,NA,NA,NA,NA,NA,NA
2014-10-08,89.3956,0,1412726400000,5022470144,61193500,0,11964200,0,532601984,"1412726520",NA,NA,NA,NA,NA,NA,NA
2014-10-09,89.7255,0,1412812800000,5253049856,64939400,0,10249000,0,539724992,"1412812920",NA,NA,NA,NA,NA,NA,NA
2014-10-10,89.936,0,1412899200000,5419619840,95785504,0,12342200,0,545430016,"1412899320",NA,NA,NA,NA,NA,NA,NA
2014-10-11,89.711,0,1412985600000,5385240064,52625900,0,8985630,0,554086016,"1412985720",NA,NA,NA,NA,NA,NA,NA
2014-10-12,90.1037,0,1.413072e+12,5381649920,19638600,0,6276570,0,532584992,"1413072120",NA,NA,NA,NA,NA,NA,NA
2014-10-13,90.3236,0,1413158400000,5596870144,22310300,0,4766340,0,541577984,"1413158520",NA,NA,NA,NA,NA,NA,NA
2014-10-14,90.5421,0,1413244800000,5788499968,42665900,0,7322260,0,547472000,"1413244920",NA,NA,NA,NA,NA,NA,NA
2014-10-15,90.5952,0,1413331200000,5923369984,49813400,0,11452800,0,557081984,"1413331320",NA,NA,NA,NA,NA,NA,NA
2014-10-16,90.5935,0,1413417600000,5830029824,33098500,0,7877250,0,548401024,"1413417720",NA,NA,NA,NA,NA,NA,NA
2014-10-17,90.5008,0,1.413504e+12,5663580160,34271600,0,7280440,0,537993984,"1413504120",NA,NA,NA,NA,NA,NA,NA
2014-10-18,90.4343,0,1413590400000,5687289856,20337000,0,6726080,0,544027008,"1413590520",NA,NA,NA,NA,NA,NA,NA
2014-10-19,90.4939,0,1413676800000,5793059840,16099000,0,4659470,0,550691968,"1413676920",NA,NA,NA,NA,NA,NA,NA
2014-10-20,90.5847,0,1413763200000,5758759936,9791450,0,3905010,0,542201984,"1413763320",NA,NA,NA,NA,NA,NA,NA
2014-10-21,90.5552,0,1413849600000,5661289984,22132700,0,5732840,0,534700000,"1413849720",NA,NA,NA,NA,NA,NA,NA
2014-10-22,90.4811,0,1.413936e+12,5722339840,18703600,0,4524410,0,544704000,"1413936120",NA,NA,NA,NA,NA,NA,NA
2014-10-23,90.5374,0,1414022400000,5673710080,17030200,0,5398840,0,536880000,"1414022520",NA,NA,NA,NA,NA,NA,NA
2014-10-24,90.3521,0,1414108800000,5325040128,32770200,0,6289860,0,513755008,"1414108920",NA,NA,NA,NA,NA,NA,NA
2014-10-25,90.3449,0,1414195200000,5327349760,21478400,0,5902770,0,514360992,"1414195320",NA,NA,NA,NA,NA,NA,NA
2014-10-26,90.4537,0,1414281600000,5157380096,22151500,0,4016120,0,492340000,"1414281720",NA,NA,NA,NA,NA,NA,NA
2014-10-27,90.6066,0,1.414368e+12,5257909760,15134600,0,3862550,0,493899008,"1414368120",NA,NA,NA,NA,NA,NA,NA
2014-10-28,90.3083,0,1414454400000,5253609984,17833000,0,4786930,0,509163008,"1414454520",NA,NA,NA,NA,NA,NA,NA
2014-10-29,90.4704,0,1414540800000,5303070208,12009300,0,4165230,0,505361984,"1414540920",NA,NA,NA,NA,NA,NA,NA
2014-10-30,90.354,0,1414627200000,4993430016,22954200,0,4750130,0,481668000,"1414627320",NA,NA,NA,NA,NA,NA,NA
2014-10-31,90.561,0,1414713600000,5121650176,35190100,0,5038810,0,483432000,"1414713720",NA,NA,NA,NA,NA,NA,NA
2014-11-01,90.5067,0,1.4148e+12,5032019968,17149500,0,4605680,0,477704000,"1414800120",NA,NA,NA,NA,NA,NA,NA
2014-11-02,90.631,0,1414886400000,4839949824,40233800,0,23523400,0,453455008,"1414886520",NA,NA,NA,NA,NA,NA,NA
2014-11-03,90.5462,0,1414972800000,4838349824,12128300,0,3544840,0,457407008,"1414972920",NA,NA,NA,NA,NA,NA,NA
2014-11-04,90.4461,0,1415059200000,4868919808,16610900,0,3678410,0,465172000,"1415059320",NA,NA,NA,NA,NA,NA,NA
2014-11-05,90.4794,0,1415145600000,4921010176,19624900,0,3964580,0,468508000,"1415145720",NA,NA,NA,NA,NA,NA,NA
2014-11-06,90.4438,0,1.415232e+12,5054879744,24976000,0,5140870,0,483052000,"1415232120",NA,NA,NA,NA,NA,NA,NA
2014-11-07,90.7049,0,1415318400000,5195639808,23465200,0,4672280,0,482940000,"1415318520",NA,NA,NA,NA,NA,NA,NA
2014-11-08,90.6443,0,1415404800000,5086640128,21309500,0,4496660,0,475889984,"1415404920",NA,NA,NA,NA,NA,NA,NA
2014-11-09,90.4684,0,1415491200000,5145970176,11835300,0,3325290,0,490491008,"1415491320",NA,NA,NA,NA,NA,NA,NA
2014-11-10,90.6906,0,1415577600000,5385880064,28088200,0,3889980,0,501392000,"1415577720",NA,NA,NA,NA,NA,NA,NA
2014-11-11,90.7813,0,1.415664e+12,5435330048,36548100,0,6179510,0,501064992,"1415664120",NA,NA,NA,NA,NA,NA,NA
2014-11-12,90.8566,0,1415750400000,5463730176,20359000,0,4894160,0,499572992,"1415750520",NA,NA,NA,NA,NA,NA,NA
2014-11-13,91.2649,0,1415836800000,6317340160,58848700,0,12496600,0,551827008,"1415836920",NA,NA,NA,NA,NA,NA,NA
2014-11-14,91.295,0,1415923200000,6186039808,76714496,0,18216000,0,538494976,"1415923320",NA,NA,NA,NA,NA,NA,NA
2014-11-15,91.1072,0,1416009600000,5922440192,38944200,0,10376000,0,526668992,"1416009720",NA,NA,NA,NA,NA,NA,NA
2014-11-16,90.9304,0,1.416096e+12,5565389824,20737600,0,5405310,0,504760000,"1416096120",NA,NA,NA,NA,NA,NA,NA
2014-11-17,90.9963,0,1416182400000,5765069824,16897000,0,4312140,0,519071008,"1416182520",NA,NA,NA,NA,NA,NA,NA
2014-11-18,91.0001,0,1416268800000,5758000128,48107000,0,6584090,0,518212000,"1416268920",NA,NA,NA,NA,NA,NA,NA
2014-11-19,90.8978,0,1416355200000,5559609856,38544600,0,6392900,0,506047008,"1416355320",NA,NA,NA,NA,NA,NA,NA
2014-11-20,90.7257,0,1416441600000,5667140096,23665200,0,4828450,0,525585984,"1416441720",NA,NA,NA,NA,NA,NA,NA
2014-11-21,90.3016,0,1.416528e+12,5359340032,31614400,0,6354460,0,519769984,"1416528120",NA,NA,NA,NA,NA,NA,NA
2014-11-22,89.8329,0,1416614400000,5294090240,35848400,0,5917710,0,538254976,"1416614520",NA,NA,NA,NA,NA,NA,NA
2014-11-23,89.3679,0,1416700800000,5346930176,20212700,0,4984230,0,568492032,"1416700920",NA,NA,NA,NA,NA,NA,NA
2014-11-24,88.7617,0,1416787200000,5594849792,20157500,0,5001470,0,628768000,"1416787320",NA,NA,NA,NA,NA,NA,NA
2014-11-25,89.0127,0,1416873600000,5731729920,37348800,0,6425190,0,629761024,"1416873720",NA,NA,NA,NA,NA,NA,NA
2014-11-26,88.4447,0,1.41696e+12,5756669952,33405800,0,7934970,0,665198016,"1416960120",NA,NA,NA,NA,NA,NA,NA
2014-11-27,87.7799,0,1417046400000,5716619776,25990300,0,7172810,0,698574016,"1417046520",NA,NA,NA,NA,NA,NA,NA
2014-11-28,86.1874,0,1417132800000,5806009856,18358300,0,9777350,0,801958976,"1417132920",NA,NA,NA,NA,NA,NA,NA
2014-11-29,85.9611,0,1417219200000,5929759744,29386700,0,6419610,0,832473024,"1417219320",NA,NA,NA,NA,NA,NA,NA
2014-11-30,86.3343,0,1417305600000,5895750144,21887500,0,6537830,0,805694016,"1417305720",NA,NA,NA,NA,NA,NA,NA
2014-12-01,87.7103,0,1.417392e+12,5847320064,14834300,0,5638700,0,718620992,"1417392120",NA,NA,NA,NA,NA,NA,NA
2014-12-02,87.0781,0,1417478400000,5906769920,18326800,0,6566400,0,763265024,"1417478520",NA,NA,NA,NA,NA,NA,NA
2014-12-03,86.8458,0,1417564800000,5962809856,18117000,0,5735810,0,784360000,"1417564920",NA,NA,NA,NA,NA,NA,NA
2014-12-04,86.4789,0,1417651200000,5895190016,17803400,0,4438500,0,797092992,"1417651320",NA,NA,NA,NA,NA,NA,NA
2014-12-05,86.4079,0,1417737600000,5803039744,20694200,0,6122160,0,788755968,"1417737720",NA,NA,NA,NA,NA,NA,NA
2014-12-06,86.3872,0,1.417824e+12,5921059840,20166300,0,5045500,0,806022016,"1417824120",NA,NA,NA,NA,NA,NA,NA
2014-12-07,86.019,0,1417910400000,5917570048,11511000,0,4504020,0,827334976,"1417910520",NA,NA,NA,NA,NA,NA,NA
2014-12-08,85.792,0,1417996800000,5936659968,10542800,0,4048990,0,843480000,"1417996920",NA,NA,NA,NA,NA,NA,NA
2014-12-09,86.223,0,1418083200000,5702790144,25268800,0,6294750,0,785676032,"1418083320",NA,NA,NA,NA,NA,NA,NA
2014-12-10,85.3695,0,1418169600000,5607040000,40250900,0,7366100,0,820337984,"1418169720",NA,NA,NA,NA,NA,NA,NA
2014-12-11,84.7499,0,1.418256e+12,5523359744,21030300,0,4465420,0,842318976,"1418256120",NA,NA,NA,NA,NA,NA,NA
2014-12-12,84.6452,0,1418342400000,5630660096,38125100,0,5693840,0,864574016,"1418342520",NA,NA,NA,NA,NA,NA,NA
2014-12-13,84.6426,0,1418428800000,5665059840,22329800,0,5340030,0,870006016,"1418428920",NA,NA,NA,NA,NA,NA,NA
2014-12-14,84.201,0,1418515200000,5602390016,16109700,0,4465870,0,885121984,"1418515320",NA,NA,NA,NA,NA,NA,NA
2014-12-15,84.2769,0,1418601600000,5673630208,15587600,0,3162130,0,892068992,"1418601720",NA,NA,NA,NA,NA,NA,NA
2014-12-16,83.7002,0,1.418688e+12,5621689856,23971100,0,6693640,0,916323008,"1418688120",NA,NA,NA,NA,NA,NA,NA
2014-12-17,79.8828,0,1418774400000,5571140096,44550300,0,13678900,0,1120760064,"1418774520",NA,NA,NA,NA,NA,NA,NA
2014-12-18,78.2963,0,1418860800000,5562390016,50791200,0,13259200,0,1207239936,"1418860920",NA,NA,NA,NA,NA,NA,NA
2014-12-19,76.9631,0,1418947200000,5507749888,51074500,0,11917300,0,1268819968,"1418947320",NA,NA,NA,NA,NA,NA,NA
2014-12-20,79.2342,0,1419033600000,5461980160,39027900,0,15253200,0,1134230016,"1419033720",NA,NA,NA,NA,NA,NA,NA
2014-12-21,78.4989,0,1.41912e+12,5721509888,30231100,0,9398430,0,1230189952,"1419120120",NA,NA,NA,NA,NA,NA,NA
2014-12-22,78.1357,0,1419206400000,5601650176,21688600,0,6538000,0,1224760064,"1419206520",NA,NA,NA,NA,NA,NA,NA
2014-12-23,77.4483,0,1419292800000,5845819904,31290500,0,8972840,0,1318329984,"1419292920",NA,NA,NA,NA,NA,NA,NA
2014-12-24,78.8307,0,1419379200000,5785869824,24383700,0,7820820,0,1224829952,"1419379320",NA,NA,NA,NA,NA,NA,NA
2014-12-25,78.6894,0,1419465600000,5588120064,21545400,0,6459260,0,1190860032,"1419465720",NA,NA,NA,NA,NA,NA,NA
2014-12-26,78.2968,0,1.419552e+12,5563140096,14804100,0,4939720,0,1207379968,"1419552120",NA,NA,NA,NA,NA,NA,NA
2014-12-27,78.0606,0,1419638400000,5728940032,23206100,0,6769440,0,1256899968,"1419638520",NA,NA,NA,NA,NA,NA,NA
2014-12-28,78.1661,0,1419724800000,5523270144,20751100,0,5647820,0,1205939968,"1419724920",NA,NA,NA,NA,NA,NA,NA
2014-12-29,77.9199,0,1419811200000,5569439744,16938000,0,5367170,0,1229740032,"1419811320",NA,NA,NA,NA,NA,NA,NA
2014-12-30,77.4855,0,1419897600000,5514500096,17615200,0,5515640,0,1241560064,"1419897720",NA,NA,NA,NA,NA,NA,NA
2014-12-31,77.4679,0,1.419984e+12,5485470208,18371600,0,5545760,0,1235990016,"1419984120",NA,NA,NA,NA,NA,NA,NA
2015-01-01,78.1602,0,1420070400000,5604919808,19576000,0,5862630,0,1224099968,"1420070520",NA,NA,NA,NA,NA,NA,NA
2015-01-02,78.2925,0,1420156800000,5486110208,11261100,0,3322900,0,1190899968,"1420156920",NA,NA,NA,NA,NA,NA,NA
2015-01-03,78.7009,0,1420243200000,5472629760,12185000,0,4342060,0,1165619968,"1420243320",NA,NA,NA,NA,NA,NA,NA
2015-01-04,79.0052,0,1420329600000,4869479936,44892800,0,11460600,0,1022339968,"1420329720",NA,NA,NA,NA,NA,NA,NA
2015-01-05,79.8485,0,1.420416e+12,4544220160,67376800,0,12136600,0,915724992,"1420416120",NA,NA,NA,NA,NA,NA,NA
2015-01-06,79.397,0,1420502400000,4735660032,60206700,0,16290200,0,975689984,"1420502520",NA,NA,NA,NA,NA,NA,NA
2015-01-07,79.7746,0,1420588800000,4911450112,29736900,0,6489810,0,993363008,"1420588920",NA,NA,NA,NA,NA,NA,NA
2015-01-08,80.1185,0,1420675200000,5029409792,31678400,0,6844860,0,999921024,"1420675320",NA,NA,NA,NA,NA,NA,NA
2015-01-09,79.6844,0,1420761600000,4856070144,27683700,0,7585260,0,986540032,"1420761720",NA,NA,NA,NA,NA,NA,NA
2015-01-10,79.8412,0,1.420848e+12,4985430016,25153700,0,6435100,0,1.005e+09,"1420848120",NA,NA,NA,NA,NA,NA,NA
2015-01-11,80.5267,0,1420934400000,4675420160,22634000,0,6913800,0,910457024,"1420934520",NA,NA,NA,NA,NA,NA,NA
2015-01-12,80.4224,0,1421020800000,4538500096,22555900,0,4359590,0,888529984,"1421020920",NA,NA,NA,NA,NA,NA,NA
2015-01-13,80.506,0,1421107200000,4556230144,23171700,0,4498370,0,888192000,"1421107320",NA,NA,NA,NA,NA,NA,NA
2015-01-14,80.0696,0,1421193600000,3836679936,83455000,0,11059400,0,764664000,"1421193720",NA,NA,NA,NA,NA,NA,NA
2015-01-15,78.2659,0,1.42128e+12,3102020096,109935000,0,12920600,0,674195968,"1421280120",NA,NA,NA,NA,NA,NA,NA
2015-01-16,78.6343,0,1421366400000,3650030080,91085200,0,9714310,0,779852992,"1421366520",NA,NA,NA,NA,NA,NA,NA
2015-01-17,78.4906,0,1421452800000,3636019968,45393900,0,7072210,0,782086016,"1421452920",NA,NA,NA,NA,NA,NA,NA
2015-01-18,78.7478,0,1421539200000,3489270016,26635400,0,3352390,0,741547008,"1421539320",NA,NA,NA,NA,NA,NA,NA
2015-01-19,79.5132,0,1421625600000,3654000128,34893200,0,4700960,0,748585024,"1421625720",NA,NA,NA,NA,NA,NA,NA
2015-01-20,79.529,0,1.421712e+12,3679040000,21610300,0,3089210,0,753137024,"1421712120",NA,NA,NA,NA,NA,NA,NA
2015-01-21,79.3392,0,1421798400000,3662149888,27722500,0,3780330,0,756630016,"1421798520",NA,NA,NA,NA,NA,NA,NA
2015-01-22,79.9237,0,1421884800000,3910629888,34168100,0,4153200,0,785110976,"1421884920",NA,NA,NA,NA,NA,NA,NA
2015-01-23,80.0186,0,1421971200000,4013430016,37634800,0,4276820,0,801937024,"1421971320",NA,NA,NA,NA,NA,NA,NA
2015-01-24,80.1769,0,1422057600000,3992389888,28075200,0,3528810,0,791416000,"1422057720",NA,NA,NA,NA,NA,NA,NA
2015-01-25,80.7348,0,1.422144e+12,4215409920,32240500,0,7515980,0,812105984,"1422144120",NA,NA,NA,NA,NA,NA,NA
2015-01-26,80.8437,0,1422230400000,4325199872,45632800,0,12010100,0,828548992,"1422230520",NA,NA,NA,NA,NA,NA,NA
2015-01-27,82.3722,0,1422316800000,4564899840,123363000,0,16827700,0,804691008,"1422316920",NA,NA,NA,NA,NA,NA,NA
2015-01-28,82.0895,0,1422403200000,4417200128,52121400,0,7747380,0,791142016,"1422403320",NA,NA,NA,NA,NA,NA,NA
2015-01-29,81.3049,0,1422489600000,3952920064,51540300,0,7284760,0,739004992,"1422489720",NA,NA,NA,NA,NA,NA,NA
2015-01-30,81.5125,0,1.422576e+12,3934299904,38162500,0,6076050,0,727355008,"1422576120",NA,NA,NA,NA,NA,NA,NA
2015-01-31,81.3593,0,1422662400000,3835450112,30963400,0,4377900,0,714955008,"1422662520",NA,NA,NA,NA,NA,NA,NA
2015-02-01,80.937,0,1422748800000,3693570048,26476200,0,3203020,0,704105024,"1422748920",NA,NA,NA,NA,NA,NA,NA
2015-02-02,81.6829,0,1422835200000,3823330048,34635700,0,5590070,0,700323008,"1422835320",NA,NA,NA,NA,NA,NA,NA
2015-02-03,82.6761,0,1422921600000,3961370112,35695800,0,5069050,0,686262016,"1422921720",NA,NA,NA,NA,NA,NA,NA
2015-02-04,82.6905,0,1.423008e+12,3795719936,45923000,0,5248270,0,657019008,"1423008120",NA,NA,NA,NA,NA,NA,NA
2015-02-05,82.4294,0,1423094400000,3811419904,32075800,0,5400510,0,669691008,"1423094520",NA,NA,NA,NA,NA,NA,NA
2015-02-06,81.1693,0,1423180800000,3689019904,29451600,0,6971080,0,694665984,"1423180920",NA,NA,NA,NA,NA,NA,NA
2015-02-07,80.7326,0,1423267200000,3807810048,29573900,0,5182920,0,733665024,"1423267320",NA,NA,NA,NA,NA,NA,NA
2015-02-08,81.4279,0,1423353600000,3862210048,24302500,0,2684890,0,717294016,"1423353720",NA,NA,NA,NA,NA,NA,NA
2015-02-09,81.2804,0,1.42344e+12,3796999936,20200700,0,3058300,0,710784000,"1423440120",NA,NA,NA,NA,NA,NA,NA
2015-02-10,81.3925,0,1423526400000,3740120064,32644900,0,4769850,0,695942016,"1423526520",NA,NA,NA,NA,NA,NA,NA
2015-02-11,81.6027,0,1423612800000,3722149888,25195900,0,4190890,0,684776000,"1423612920",NA,NA,NA,NA,NA,NA,NA
2015-02-12,81.4463,0,1423699200000,3721459968,20785900,0,3528560,0,690467968,"1423699320",NA,NA,NA,NA,NA,NA,NA
2015-02-13,81.4509,0,1423785600000,3768940032,18293900,0,3051500,0,699105024,"1423785720",NA,NA,NA,NA,NA,NA,NA
2015-02-14,81.7663,0,1.423872e+12,3984780032,47792800,0,5061340,0,726572032,"1423872120",NA,NA,NA,NA,NA,NA,NA
2015-02-15,82.6055,0,1423958400000,4313630208,54963600,0,5108520,0,750334976,"1423958520",NA,NA,NA,NA,NA,NA,NA
2015-02-16,82.3908,0,1424044800000,3944910080,62543500,0,6106270,0,694665984,"1424044920",NA,NA,NA,NA,NA,NA,NA
2015-02-17,82.3911,0,1424131200000,3922439936,30926600,0,2905910,0,690697984,"1424131320",NA,NA,NA,NA,NA,NA,NA
2015-02-18,82.6677,0,1424217600000,4083889920,30396700,0,3096300,0,707833024,"1424217720",NA,NA,NA,NA,NA,NA,NA
2015-02-19,82.5367,0,1.424304e+12,3967899904,27867800,0,2593020,0,692928000,"1424304120",NA,NA,NA,NA,NA,NA,NA
2015-02-20,82.7457,0,1424390400000,4023399936,20216700,0,2205220,0,694209984,"1424390520",NA,NA,NA,NA,NA,NA,NA
2015-02-21,83.1138,0,1424476800000,4065100032,26543200,0,3145820,0,686438976,"1424476920",NA,NA,NA,NA,NA,NA,NA
2015-02-22,83.2885,0,1424563200000,4070799872,14517700,0,1893220,0,680291968,"1424563320",NA,NA,NA,NA,NA,NA,NA
2015-02-23,83.0963,0,1424649600000,3938660096,22108300,0,2788660,0,665777984,"1424649720",NA,NA,NA,NA,NA,NA,NA
2015-02-24,82.9171,0,1.424736e+12,3998409984,18952500,0,2604310,0,683044992,"1424736120",NA,NA,NA,NA,NA,NA,NA
2015-02-25,82.7975,0,1424822400000,4003310080,16953200,0,2819710,0,688668992,"1424822520",NA,NA,NA,NA,NA,NA,NA
2015-02-26,82.6624,0,1424908800000,3984920064,13936700,0,2472970,0,690888000,"1424908920",NA,NA,NA,NA,NA,NA,NA
2015-02-27,82.7072,0,1424995200000,3968709888,16158900,0,2683640,0,686300992,"1424995320",NA,NA,NA,NA,NA,NA,NA
2015-02-28,83.4142,0,1425081600000,4225679872,48276900,0,4263030,0,700864000,"1425081720",NA,NA,NA,NA,NA,NA,NA
2015-03-01,83.7224,0,1.425168e+12,4218769920,16216700,0,2390920,0,686713024,"1425168120",NA,NA,NA,NA,NA,NA,NA
2015-03-02,84.4319,0,1425254400000,4284320000,29280000,0,3940610,0,666988032,"1425254520",NA,NA,NA,NA,NA,NA,NA
2015-03-03,85.0093,0,1425340800000,4496580096,45075800,0,4649470,0,674070016,"1425340920",NA,NA,NA,NA,NA,NA,NA
2015-03-04,86.5682,0,1425427200000,4523729920,57888800,0,7427480,0,607619968,"1425427320",NA,NA,NA,NA,NA,NA,NA
2015-03-05,86.4844,0,1425513600000,4385160192,47395900,0,6213660,0,592683008,"1425513720",NA,NA,NA,NA,NA,NA,NA
2015-03-06,85.7138,0,1.4256e+12,4472050176,47097700,0,5985850,0,638888000,"1425600120",NA,NA,NA,NA,NA,NA,NA
2015-03-07,85.9811,0,1425686400000,4405839872,32294900,0,3507850,0,617648000,"1425686520",NA,NA,NA,NA,NA,NA,NA
2015-03-08,86.3264,0,1425772800000,4456050176,21263500,0,3093620,0,609304000,"1425772920",NA,NA,NA,NA,NA,NA,NA
2015-03-09,86.7517,0,1425859200000,4409430016,24530800,0,2839910,0,584176000,"1425859320",NA,NA,NA,NA,NA,NA,NA
2015-03-10,86.692,0,1425945600000,4655320064,65404600,0,6222370,0,619528000,"1425945720",NA,NA,NA,NA,NA,NA,NA
2015-03-11,87.1164,0,1.426032e+12,4660469760,74987296,0,7345460,0,600435008,"1426032120",NA,NA,NA,NA,NA,NA,NA
2015-03-12,87.191,0,1426118400000,4731319808,38805300,0,4603020,0,606035968,"1426118520",NA,NA,NA,NA,NA,NA,NA
2015-03-13,87.0666,0,1426204800000,4707030016,36426000,0,3950040,0,608779008,"1426204920",NA,NA,NA,NA,NA,NA,NA
2015-03-14,86.7545,0,1426291200000,4569759744,36117700,0,3660100,0,605289024,"1426291320",NA,NA,NA,NA,NA,NA,NA
2015-03-15,86.3039,0,1426377600000,4545970176,24921400,0,3394160,0,622619008,"1426377720",NA,NA,NA,NA,NA,NA,NA
2015-03-16,86.6289,0,1.426464e+12,4598640128,14282100,0,2408810,0,614886976,"1426464120",NA,NA,NA,NA,NA,NA,NA
2015-03-17,86.6718,0,1426550400000,4676519936,24879400,0,3415370,0,623296000,"1426550520",NA,NA,NA,NA,NA,NA,NA
2015-03-18,86.5796,0,1426636800000,4593500160,24798300,0,3376320,0,616465984,"1426636920",NA,NA,NA,NA,NA,NA,NA
2015-03-19,85.8814,0,1426723200000,4157860096,63477900,0,6144330,0,587032000,"1426723320",NA,NA,NA,NA,NA,NA,NA
2015-03-20,86.0674,0,1426809600000,4232209920,59475400,0,6781820,0,589657024,"1426809720",NA,NA,NA,NA,NA,NA,NA
2015-03-21,86.0763,0,1.426896e+12,4243950080,20609900,0,2368950,0,590913984,"1426896120",NA,NA,NA,NA,NA,NA,NA
2015-03-22,86.1119,0,1426982400000,4215350016,19979900,0,3080570,0,585433024,"1426982520",NA,NA,NA,NA,NA,NA,NA
2015-03-23,86.339,0,1427068800000,4334410240,20822900,0,2421910,0,592123008,"1427068920",NA,NA,NA,NA,NA,NA,NA
2015-03-24,86.2569,0,1427155200000,4318300160,25999300,0,3460230,0,593465984,"1427155320",NA,NA,NA,NA,NA,NA,NA
2015-03-25,86.0886,0,1427241600000,4017900032,44666800,0,4104980,0,558947968,"1427241720",NA,NA,NA,NA,NA,NA,NA
2015-03-26,86.3961,0,1.427328e+12,3985410048,40901000,0,5181390,0,542172032,"1427328120",NA,NA,NA,NA,NA,NA,NA
2015-03-27,86.7453,0,1427414400000,4007340032,28990300,0,3475930,0,531161984,"1427414520",NA,NA,NA,NA,NA,NA,NA
2015-03-28,86.5617,0,1427500800000,3991350016,19774800,0,2538080,0,536368992,"1427500920",NA,NA,NA,NA,NA,NA,NA
2015-03-29,86.736,0,1427587200000,4077390080,17800000,0,1952770,0,540825984,"1427587320",NA,NA,NA,NA,NA,NA,NA
2015-03-30,86.7014,0,1427673600000,3920940032,23473500,0,2522020,0,521430016,"1427673720",NA,NA,NA,NA,NA,NA,NA
2015-03-31,87.0415,0,1.42776e+12,3980179968,26497300,0,3529550,0,515772000,"1427760120",NA,NA,NA,NA,NA,NA,NA
2015-04-01,87.4547,0,1427846400000,3910710016,26604700,0,3707050,0,490609984,"1427846520",NA,NA,NA,NA,NA,NA,NA
2015-04-02,87.5086,0,1427932800000,3955099904,25793300,0,3104020,0,494046016,"1427932920",NA,NA,NA,NA,NA,NA,NA
2015-04-03,87.5212,0,1428019200000,4051520000,28773200,0,2710150,0,505579008,"1428019320",NA,NA,NA,NA,NA,NA,NA
2015-04-04,86.9496,0,1428105600000,4098830080,25454200,0,2852820,0,534912992,"1428105720",NA,NA,NA,NA,NA,NA,NA
2015-04-05,87.0088,0,1.428192e+12,4088610048,14203000,0,1898120,0,531158016,"1428192120",NA,NA,NA,NA,NA,NA,NA
2015-04-06,87.3528,0,1428278400000,4185319936,21547100,0,2187000,0,529327008,"1428278520",NA,NA,NA,NA,NA,NA,NA
2015-04-07,87.1897,0,1428364800000,4106459904,22670800,0,2539120,0,526048992,"1428364920",NA,NA,NA,NA,NA,NA,NA
2015-04-08,86.8973,0,1428451200000,4085720064,21428600,0,3259400,0,535337984,"1428451320",NA,NA,NA,NA,NA,NA,NA
2015-04-09,86.4949,0,1428537600000,3970779904,33278300,0,3369500,0,536256000,"1428537720",NA,NA,NA,NA,NA,NA,NA
2015-04-10,86.8897,0,1.428624e+12,3936600064,25017400,0,3466430,0,516100000,"1428624120",NA,NA,NA,NA,NA,NA,NA
2015-04-11,86.9448,0,1428710400000,3811180032,32473800,0,3712650,0,497558016,"1428710520",NA,NA,NA,NA,NA,NA,NA
2015-04-12,87.2138,0,1428796800000,3808730112,18823900,0,2566570,0,486992992,"1428796920",NA,NA,NA,NA,NA,NA,NA
2015-04-13,86.9669,0,1428883200000,3810959872,14017300,0,1713910,0,496686016,"1428883320",NA,NA,NA,NA,NA,NA,NA
2015-04-14,86.948,0,1428969600000,3632009984,34165700,0,2946850,0,474048992,"1428969720",NA,NA,NA,NA,NA,NA,NA
2015-04-15,86.7416,0,1.429056e+12,3549499904,34897800,0,3320480,0,470606016,"1429056120",NA,NA,NA,NA,NA,NA,NA
2015-04-16,87.1042,0,1429142400000,3613659904,25083100,0,2548070,0,466008992,"1429142520",NA,NA,NA,NA,NA,NA,NA
2015-04-17,87.1243,0,1429228800000,3688880128,27154900,0,2545060,0,474969984,"1429228920",NA,NA,NA,NA,NA,NA,NA
2015-04-18,86.9175,0,1429315200000,3605910016,22727000,0,2459850,0,471740992,"1429315320",NA,NA,NA,NA,NA,NA,NA
2015-04-19,87.044,0,1429401600000,3611340032,14419200,0,1521620,0,467884000,"1429401720",NA,NA,NA,NA,NA,NA,NA
2015-04-20,87.1311,0,1.429488e+12,3595040000,16810800,0,1847110,0,462643008,"1429488120",NA,NA,NA,NA,NA,NA,NA
2015-04-21,87.1717,0,1429574400000,3626769920,20465100,0,2489040,0,465254016,"1429574520",NA,NA,NA,NA,NA,NA,NA
2015-04-22,87.5091,0,1429660800000,3790449920,28396100,0,2818050,0,473460000,"1429660920",NA,NA,NA,NA,NA,NA,NA
2015-04-23,87.3824,0,1429747200000,3.772e+09,26240100,0,2829380,0,475935008,"1429747320",NA,NA,NA,NA,NA,NA,NA
2015-04-24,87.3964,0,1429833600000,3803170048,19343500,0,2398450,0,479336992,"1429833720",NA,NA,NA,NA,NA,NA,NA
2015-04-25,87.2491,0,1.42992e+12,3733959936,23569900,0,2325530,0,476115008,"1429920120",NA,NA,NA,NA,NA,NA,NA
2015-04-26,86.9597,0,1430006400000,3669280000,15713600,0,1851900,0,478484992,"1430006520",NA,NA,NA,NA,NA,NA,NA
2015-04-27,87.2604,0,1430092800000,3544800000,31099500,0,2545260,0,451592000,"1430092920",NA,NA,NA,NA,NA,NA,NA
2015-04-28,87.5333,0,1430179200000,3688280064,41452100,0,3098070,0,459806016,"1430179320",NA,NA,NA,NA,NA,NA,NA
2015-04-29,87.6194,0,1430265600000,3631269888,23510400,0,2428170,0,449572000,"1430265720",NA,NA,NA,NA,NA,NA,NA
2015-04-30,87.4562,0,1.430352e+12,3640519936,21317700,0,2614280,0,456659008,"1430352120",NA,NA,NA,NA,NA,NA,NA
2015-05-01,87.5968,0,1430438400000,3800580096,37512600,0,3512660,0,471395008,"1430438520",NA,NA,NA,NA,NA,NA,NA
2015-05-02,87.5709,0,1430524800000,3744709888,21472100,0,2666950,0,465433984,"1430524920",NA,NA,NA,NA,NA,NA,NA
2015-05-03,87.6585,0,1430611200000,3782840064,13931200,0,1555730,0,466859008,"1430611320",NA,NA,NA,NA,NA,NA,NA
2015-05-04,87.8449,0,1430697600000,3863780096,21220800,0,2757730,0,469647008,"1430697720",NA,NA,NA,NA,NA,NA,NA
2015-05-05,87.8306,0,1.430784e+12,3841090048,23638200,0,2542320,0,467436000,"1430784120",NA,NA,NA,NA,NA,NA,NA
2015-05-06,87.8959,0,1430870400000,3797440000,26217400,0,2327140,0,459644992,"1430870520",NA,NA,NA,NA,NA,NA,NA
2015-05-07,87.7281,0,1430956800000,3699680000,31753900,0,2243490,0,454022016,"1430956920",NA,NA,NA,NA,NA,NA,NA
2015-05-08,88.1425,0,1431043200000,3804160000,33579600,0,4573460,0,451076992,"1431043320",NA,NA,NA,NA,NA,NA,NA
2015-05-09,88.3334,0,1431129600000,3902020096,29659600,0,2429150,0,455232000,"1431129720",NA,NA,NA,NA,NA,NA,NA
2015-05-10,88.2852,0,1.431216e+12,3872379904,21807400,0,2093900,0,453639008,"1431216120",NA,NA,NA,NA,NA,NA,NA
2015-05-11,88.4261,0,1431302400000,3844209920,17203200,0,2237620,0,444924992,"1431302520",NA,NA,NA,NA,NA,NA,NA
2015-05-12,88.4504,0,1431388800000,3873750016,22752000,0,2010360,0,447403008,"1431388920",NA,NA,NA,NA,NA,NA,NA
2015-05-13,88.3815,0,1431475200000,3865840128,22206500,0,3046880,0,449152000,"1431475320",NA,NA,NA,NA,NA,NA,NA
2015-05-14,88.4672,0,1431561600000,3780239872,30714400,0,3742690,0,435967008,"1431561720",NA,NA,NA,NA,NA,NA,NA
2015-05-15,88.5919,0,1.431648e+12,3787790080,26736600,0,2583740,0,432113984,"1431648120",NA,NA,NA,NA,NA,NA,NA
2015-05-16,88.5051,0,1431734400000,3803510016,17923800,0,1808310,0,437208992,"1431734520",NA,NA,NA,NA,NA,NA,NA
2015-05-17,88.5622,0,1431820800000,3775810048,12506700,0,1544560,0,431868000,"1431820920",NA,NA,NA,NA,NA,NA,NA
2015-05-18,88.7994,0,1431907200000,3780859904,12616900,0,1484100,0,423478016,"1431907320",NA,NA,NA,NA,NA,NA,NA
2015-05-19,89.0756,0,1431993600000,3708819968,19467200,0,2768660,0,405166016,"1431993720",NA,NA,NA,NA,NA,NA,NA
2015-05-20,88.2387,0,1.43208e+12,3726419968,17662400,0,3514120,0,438275008,"1432080120",NA,NA,NA,NA,NA,NA,NA
2015-05-21,88.1196,0,1432166400000,3766640128,18036000,0,2648010,0,447492992,"1432166520",NA,NA,NA,NA,NA,NA,NA
2015-05-22,88.1121,0,1432252800000,3788989952,22028500,0,7004610,0,450430016,"1432252920",NA,NA,NA,NA,NA,NA,NA
2015-05-23,87.7586,0,1432339200000,3885469952,37984400,0,11084900,0,475636992,"1432339320",NA,NA,NA,NA,NA,NA,NA
2015-05-24,87.6322,0,1432425600000,3870619904,23550700,0,9131000,0,478708992,"1432425720",NA,NA,NA,NA,NA,NA,NA
2015-05-25,87.5812,0,1.432512e+12,3905489920,18456300,0,7059140,0,485016992,"1432512120",NA,NA,NA,NA,NA,NA,NA
2015-05-26,87.3828,0,1432598400000,3853210112,22505200,0,8245000,0,486167008,"1432598520",NA,NA,NA,NA,NA,NA,NA
2015-05-27,87.4226,0,1432684800000,3851800064,24847400,0,8584110,0,484456000,"1432684920",NA,NA,NA,NA,NA,NA,NA
2015-05-28,87.1328,0,1432771200000,3868679936,28359500,0,9705200,0,497788992,"1432771320",NA,NA,NA,NA,NA,NA,NA
2015-05-29,86.3134,0,1432857600000,3908290048,24622100,0,11089000,0,534910016,"1432857720",NA,NA,NA,NA,NA,NA,NA
2015-05-30,85.4116,0,1.432944e+12,3945880064,25803200,0,11251600,0,575640000,"1432944120",NA,NA,NA,NA,NA,NA,NA
2015-05-31,85.9655,0,1433030400000,3855950080,22109600,0,8081280,0,541163008,"1433030520",NA,NA,NA,NA,NA,NA,NA
2015-06-01,86.1687,0,1433116800000,3799950080,22144800,0,7531110,0,525583008,"1433116920",NA,NA,NA,NA,NA,NA,NA
2015-06-02,86.5104,0,1433203200000,3665149952,33737000,0,7852090,0,494416000,"1433203320",NA,NA,NA,NA,NA,NA,NA
2015-06-03,86.0817,0,1433289600000,3731350016,27931200,0,7659060,0,519340992,"1433289720",NA,NA,NA,NA,NA,NA,NA
2015-06-04,86.1102,0,1.433376e+12,3731640064,24032900,0,6387140,0,518316992,"1433376120",NA,NA,NA,NA,NA,NA,NA
2015-06-05,86.1319,0,1433462400000,3704880128,20306100,0,5725490,0,513795008,"1433462520",NA,NA,NA,NA,NA,NA,NA
2015-06-06,85.9289,0,1433548800000,3728630016,24551300,0,6506600,0,524659008,"1433548920",NA,NA,NA,NA,NA,NA,NA
2015-06-07,85.9676,0,1433635200000,3737920000,16506700,0,5476160,0,524520992,"1433635320",NA,NA,NA,NA,NA,NA,NA
2015-06-08,85.9558,0,1433721600000,3694360064,18779300,0,5560870,0,518843008,"1433721720",NA,NA,NA,NA,NA,NA,NA
2015-06-09,86.141,0,1.433808e+12,3781070080,29487500,0,6238020,0,524016000,"1433808120",NA,NA,NA,NA,NA,NA,NA
2015-06-10,86.1254,0,1433894400000,3790309888,34299400,0,6130210,0,525889984,"1433894520",NA,NA,NA,NA,NA,NA,NA
2015-06-11,86.1311,0,1433980800000,3788859904,21925700,0,6144960,0,525472000,"1433980920",NA,NA,NA,NA,NA,NA,NA
2015-06-12,86.1441,0,1434067200000,3803269888,20929300,0,6373320,0,526977984,"1434067320",NA,NA,NA,NA,NA,NA,NA
2015-06-13,86.246,0,1434153600000,3803279872,19671900,0,5843070,0,523102016,"1434153720",NA,NA,NA,NA,NA,NA,NA
2015-06-14,86.106,0,1.43424e+12,3852320000,20494400,0,7273370,0,535241984,"1434240120",NA,NA,NA,NA,NA,NA,NA
2015-06-15,85.9146,0,1434326400000,3878190080,21100900,0,8844250,0,546257984,"1434326520",NA,NA,NA,NA,NA,NA,NA
2015-06-16,85.6841,0,1434412800000,3945309952,27361300,0,7429580,0,564804992,"1434412920",NA,NA,NA,NA,NA,NA,NA
2015-06-17,84.6983,0,1434499200000,4229080064,59972500,0,18443100,0,647123008,"1434499320",NA,NA,NA,NA,NA,NA,NA
2015-06-18,84.4618,0,1434585600000,4218490112,66409600,0,22586200,0,655478016,"1434585720",NA,NA,NA,NA,NA,NA,NA
2015-06-19,83.7224,0,1.434672e+12,4250350080,46459400,0,15549800,0,691854016,"1434672120",NA,NA,NA,NA,NA,NA,NA
2015-06-20,83.1847,0,1434758400000,4201390080,39030100,0,15155700,0,706476992,"1434758520",NA,NA,NA,NA,NA,NA,NA
2015-06-21,83.1846,0,1434844800000,4212169984,29217100,0,8747360,0,708294016,"1434844920",NA,NA,NA,NA,NA,NA,NA
2015-06-22,83.6552,0,1434931200000,4170050048,31256000,0,20649800,0,681587968,"1434931320",NA,NA,NA,NA,NA,NA,NA
2015-06-23,83.4926,0,1435017600000,4229949952,38067900,0,20515400,0,698254976,"1435017720",NA,NA,NA,NA,NA,NA,NA
2015-06-24,83.5654,0,1.435104e+12,4182030080,22359700,0,7456170,0,687299008,"1435104120",NA,NA,NA,NA,NA,NA,NA
2015-06-25,83.4738,0,1435190400000,4120590080,26994500,0,9688860,0,680974976,"1435190520",NA,NA,NA,NA,NA,NA,NA
2015-06-26,83.3875,0,1435276800000,4164389888,24965200,0,8980350,0,691806976,"1435276920",NA,NA,NA,NA,NA,NA,NA
2015-06-27,83.2903,0,1435363200000,4186629888,20545700,0,6714060,0,699571968,"1435363320",NA,NA,NA,NA,NA,NA,NA
2015-06-28,83.3118,0,1435449600000,4313789952,30521900,0,10125000,0,719892992,"1435449720",NA,NA,NA,NA,NA,NA,NA
2015-06-29,83.1461,0,1.435536e+12,4284969984,22173600,0,7147860,0,722182976,"1435536120",NA,NA,NA,NA,NA,NA,NA
2015-06-30,82.687,0,1435622400000,4453899776,53162000,0,18487900,0,771105024,"1435622520",NA,NA,NA,NA,NA,NA,NA
2015-07-01,83.0987,0,1435708800000,4541760000,67593904,0,23107100,0,767617024,"1435708920",NA,NA,NA,NA,NA,NA,NA
2015-07-02,83.1384,0,1435795200000,4458010112,39329200,0,12517700,0,751691008,"1435795320",NA,NA,NA,NA,NA,NA,NA
2015-07-03,82.9747,0,1435881600000,4414560256,32154900,0,10732400,0,751590976,"1435881720",NA,NA,NA,NA,NA,NA,NA
2015-07-04,82.9415,0,1.435968e+12,4435420160,27245400,0,8219960,0,756616000,"1435968120",NA,NA,NA,NA,NA,NA,NA
2015-07-05,83.3068,0,1436054400000,4491429888,23355500,0,7860200,0,749763968,"1436054520",NA,NA,NA,NA,NA,NA,NA
2015-07-06,83.5701,0,1436140800000,4655300096,63410500,0,19219300,0,764862016,"1436140920",NA,NA,NA,NA,NA,NA,NA
2015-07-07,83.2741,0,1436227200000,4653579776,80044800,0,30382700,0,778353984,"1436227320",NA,NA,NA,NA,NA,NA,NA
2015-07-08,83.367,0,1436313600000,4580910080,48125600,0,19724000,0,761940992,"1436313720",NA,NA,NA,NA,NA,NA,NA
2015-07-09,82.8417,0,1.4364e+12,4695249920,66350500,0,29253200,0,805625984,"1436400120",NA,NA,NA,NA,NA,NA,NA
2015-07-10,81.961,0,1436486400000,4717510144,93158800,0,53153600,0,850993024,"1436486520",NA,NA,NA,NA,NA,NA,NA
2015-07-11,85.0255,0,1436572800000,4814439936,177252000,0,77074496,0,720937984,"1436572920",NA,NA,NA,NA,NA,NA,NA
2015-07-12,85.574,0,1436659200000,4923550208,67371800,0,26366400,0,710270016,"1436659320",NA,NA,NA,NA,NA,NA,NA
2015-07-13,85.4668,0,1436745600000,5228389888,81847400,0,25523200,0,759851008,"1436745720",NA,NA,NA,NA,NA,NA,NA
2015-07-14,85.2999,0,1.436832e+12,4923160064,83701600,0,21769800,0,723708992,"1436832120",NA,NA,NA,NA,NA,NA,NA
2015-07-15,85.1855,0,1436918400000,4863649792,39729100,0,10976100,0,720524032,"1436918520",NA,NA,NA,NA,NA,NA,NA
2015-07-16,85.6246,0,1437004800000,4806340096,39779500,0,12395900,0,690931968,"1437004920",NA,NA,NA,NA,NA,NA,NA
2015-07-17,86.1543,0,1437091200000,4645089792,72177600,0,22695000,0,643147008,"1437091320",NA,NA,NA,NA,NA,NA,NA
2015-07-18,86.1019,0,1437177600000,4669830144,40065200,0,12507200,0,649017984,"1437177720",NA,NA,NA,NA,NA,NA,NA
2015-07-19,85.7463,0,1.437264e+12,4613770240,36665900,0,11612900,0,657630976,"1437264120",NA,NA,NA,NA,NA,NA,NA
2015-07-20,85.9072,0,1437350400000,4585099776,22514800,0,7309180,0,646169024,"1437350520",NA,NA,NA,NA,NA,NA,NA
2015-07-21,86.0155,0,1437436800000,4670720000,29697500,0,7200780,0,653177984,"1437436920",NA,NA,NA,NA,NA,NA,NA
2015-07-22,86.1669,0,1437523200000,4609610240,30531400,0,7610950,0,637652992,"1437523320",NA,NA,NA,NA,NA,NA,NA
2015-07-23,86.2351,0,1437609600000,4635339776,25265500,0,5959560,0,638051968,"1437609720",NA,NA,NA,NA,NA,NA,NA
2015-07-24,86.2755,0,1.437696e+12,4611959808,22932100,0,4560060,0,632969984,"1437696120",NA,NA,NA,NA,NA,NA,NA
2015-07-25,85.8868,0,1437782400000,4838349824,55316500,0,18201500,0,682848000,"1437782520",NA,NA,NA,NA,NA,NA,NA
2015-07-26,85.764,0,1437868800000,4854569984,33663100,0,13092200,0,691099008,"1437868920",NA,NA,NA,NA,NA,NA,NA
2015-07-27,85.7425,0,1437955200000,4924290048,26609600,0,10754800,0,702081024,"1437955320",NA,NA,NA,NA,NA,NA,NA
2015-07-28,85.551,0,1438041600000,4953370112,38978400,0,8390230,0,715713024,"1438041720",NA,NA,NA,NA,NA,NA,NA
2015-07-29,85.3839,0,1.438128e+12,4978610176,39227400,0,13961500,0,727676992,"1438128120",NA,NA,NA,NA,NA,NA,NA
2015-07-30,85.3625,0,1438214400000,4890149888,33942500,0,9547370,0,715795968,"1438214520",NA,NA,NA,NA,NA,NA,NA
2015-07-31,85.518,0,1438300800000,4858630144,29693800,0,8117260,0,703628032,"1438300920",NA,NA,NA,NA,NA,NA,NA
2015-08-01,85.3977,0,1438387200000,4815830016,30379300,0,6950280,0,703222976,"1438387320",NA,NA,NA,NA,NA,NA,NA
2015-08-02,85.8252,0,1438473600000,4721769984,27296200,0,8285620,0,669300992,"1438473720",NA,NA,NA,NA,NA,NA,NA
2015-08-03,85.8948,0,1.43856e+12,4758850048,26412300,0,8783160,0,671246016,"1438560120",NA,NA,NA,NA,NA,NA,NA
2015-08-04,85.8478,0,1438646400000,4736130048,29195500,0,7761700,0,670267008,"1438646520",NA,NA,NA,NA,NA,NA,NA
2015-08-05,85.8267,0,1438732800000,4799430144,27792800,0,6080640,0,680238976,"1438732920",NA,NA,NA,NA,NA,NA,NA
2015-08-06,85.7684,0,1438819200000,4754200064,24460700,0,4552570,0,676601024,"1438819320",NA,NA,NA,NA,NA,NA,NA
2015-08-07,86.022,0,1438905600000,4688130048,25029900,0,6151500,0,655307008,"1438905720",NA,NA,NA,NA,NA,NA,NA
2015-08-08,82.9267,0,1.438992e+12,4881739776,69909696,0,27377700,0,833475968,"1438992120",NA,NA,NA,NA,NA,NA,NA
2015-08-09,84.623,0,1439078400000,4466599936,93907600,0,35611500,0,686830016,"1439078520",NA,NA,NA,NA,NA,NA,NA
2015-08-10,84.5616,0,1439164800000,4545619968,29089400,0,5726440,0,701769984,"1439164920",NA,NA,NA,NA,NA,NA,NA
2015-08-11,84.5176,0,1439251200000,4529820160,25435900,0,4746980,0,701324992,"1439251320",NA,NA,NA,NA,NA,NA,NA
2015-08-12,84.3163,0,1439337600000,4649419776,31978000,0,6733030,0,729201984,"1439337720",NA,NA,NA,NA,NA,NA,NA
2015-08-13,84.2699,0,1.439424e+12,4577070080,34352500,0,7614140,0,719980032,"1439424120",NA,NA,NA,NA,NA,NA,NA
2015-08-14,83.6964,0,1439510400000,4574080000,35883900,0,8313390,0,745739008,"1439510520",NA,NA,NA,NA,NA,NA,NA
2015-08-15,83.5285,0,1439596800000,4608640000,36489000,0,9638030,0,759110976,"1439596920",NA,NA,NA,NA,NA,NA,NA
2015-08-16,83.5452,0,1439683200000,4545229824,25636600,0,6120140,0,747908992,"1439683320",NA,NA,NA,NA,NA,NA,NA
2015-08-17,83.5916,0,1439769600000,4485210112,38239900,0,8649540,0,735950976,"1439769720",NA,NA,NA,NA,NA,NA,NA
2015-08-18,83.7576,0,1.439856e+12,4467680256,27536200,0,6052410,0,725660032,"1439856120",NA,NA,NA,NA,NA,NA,NA
2015-08-19,83.5251,0,1439942400000,3920809984,53813000,0,7581050,0,645950016,"1439942520",NA,NA,NA,NA,NA,NA,NA
2015-08-20,83.1587,0,1440028800000,3960580096,69868704,0,9953820,0,667011968,"1440028920",NA,NA,NA,NA,NA,NA,NA
2015-08-21,83.0038,0,1440115200000,4116910080,40046300,0,7900770,0,699718016,"1440115320",NA,NA,NA,NA,NA,NA,NA
2015-08-22,83.0106,0,1440201600000,4070629888,29442300,0,6307860,0,691576000,"1440201720",NA,NA,NA,NA,NA,NA,NA
2015-08-23,83.1653,0,1.440288e+12,4024219904,28689500,0,5474630,0,677465984,"1440288120",NA,NA,NA,NA,NA,NA,NA
2015-08-24,83.3122,0,1440374400000,3978579968,24144300,0,5750050,0,663937024,"1440374520",NA,NA,NA,NA,NA,NA,NA
2015-08-25,83.0731,0,1440460800000,3675379968,70485296,0,11365000,0,622129984,"1440460920",NA,NA,NA,NA,NA,NA,NA
2015-08-26,84.084,0,1440547200000,3839660032,77395696,0,16452700,0,611121984,"1440547320",NA,NA,NA,NA,NA,NA,NA
2015-08-27,83.9315,0,1440633600000,3916559872,39820400,0,8251950,0,629331008,"1440633720",NA,NA,NA,NA,NA,NA,NA
2015-08-28,83.942,0,1.44072e+12,3893609984,26969400,0,5190890,0,625236992,"1440720120",NA,NA,NA,NA,NA,NA,NA
2015-08-29,84.177,0,1440806400000,4002129920,39206200,0,7754010,0,633257024,"1440806520",NA,NA,NA,NA,NA,NA,NA
2015-08-30,83.8964,0,1440892800000,3987940096,22152500,0,4854310,0,642198976,"1440892920",NA,NA,NA,NA,NA,NA,NA
2015-08-31,83.4689,0,1440979200000,3995770112,24912900,0,5544000,0,660542016,"1440979320",NA,NA,NA,NA,NA,NA,NA
2015-09-01,83.5973,0,1441065600000,4010599936,26871000,0,6392690,0,657846976,"1441065720",NA,NA,NA,NA,NA,NA,NA
2015-09-02,83.5777,0,1.441152e+12,3973760000,25291700,0,4787050,0,652584000,"1441152120",NA,NA,NA,NA,NA,NA,NA
2015-09-03,83.8367,0,1441238400000,3985110016,25156600,0,6390560,0,644124032,"1441238520",NA,NA,NA,NA,NA,NA,NA
2015-09-04,84.1567,0,1441324800000,3934429952,21571600,0,4158960,0,623345024,"1441324920",NA,NA,NA,NA,NA,NA,NA
2015-09-05,84.2687,0,1441411200000,3981860096,21424400,0,2844880,0,626398016,"1441411320",NA,NA,NA,NA,NA,NA,NA
2015-09-06,83.7488,0,1441497600000,4088920064,23573600,0,5280440,0,664497984,"1441497720",NA,NA,NA,NA,NA,NA,NA
2015-09-07,83.9166,0,1.441584e+12,4169760000,31881900,0,8087730,0,670640000,"1441584120",NA,NA,NA,NA,NA,NA,NA
2015-09-08,83.9733,0,1441670400000,4166500096,24270700,0,5567620,0,667753024,"1441670520",NA,NA,NA,NA,NA,NA,NA
2015-09-09,84.256,0,1441756800000,4215300096,30382400,0,5770310,0,663657984,"1441756920",NA,NA,NA,NA,NA,NA,NA
2015-09-10,84.2607,0,1441843200000,4128160000,27144500,0,5775660,0,649742976,"1441843320",NA,NA,NA,NA,NA,NA,NA
2015-09-11,84.3003,0,1441929600000,4127280128,24373800,0,4984910,0,647971968,"1441929720",NA,NA,NA,NA,NA,NA,NA
2015-09-12,84.1529,0,1.442016e+12,4162089984,22597100,0,5724250,0,659569984,"1442016120",NA,NA,NA,NA,NA,NA,NA
2015-09-13,84.1941,0,1442102400000,4081039872,22348700,0,4427910,0,645044992,"1442102520",NA,NA,NA,NA,NA,NA,NA
2015-09-14,83.9368,0,1442188800000,4013959936,20265100,0,3735000,0,644771008,"1442188920",NA,NA,NA,NA,NA,NA,NA
2015-09-15,84.7625,0,1442275200000,3973880064,23575600,0,4802430,0,605518016,"1442275320",NA,NA,NA,NA,NA,NA,NA
2015-09-16,84.4054,0,1442361600000,3987589888,21787800,0,4853870,0,621849984,"1442361720",NA,NA,NA,NA,NA,NA,NA
2015-09-17,84.6486,0,1.442448e+12,3956819968,22928900,0,4975590,0,607425984,"1442448120",NA,NA,NA,NA,NA,NA,NA
2015-09-18,84.5967,0,1442534400000,3972080128,24634700,0,5699340,0,611830016,"1442534520",NA,NA,NA,NA,NA,NA,NA
2015-09-19,84.5815,0,1442620800000,4027340032,22983600,0,5082640,0,620958016,"1442620920",NA,NA,NA,NA,NA,NA,NA
2015-09-20,84.6141,0,1442707200000,4001420032,16163300,0,3929260,0,615654976,"1442707320",NA,NA,NA,NA,NA,NA,NA
2015-09-21,84.3822,0,1442793600000,4010129920,16266200,0,4247970,0,626291968,"1442793720",NA,NA,NA,NA,NA,NA,NA
2015-09-22,84.5407,0,1.44288e+12,3929969920,22483200,0,4791460,0,607545024,"1442880120",NA,NA,NA,NA,NA,NA,NA
2015-09-23,84.7965,0,1442966400000,3987660032,28336200,0,5124140,0,606262016,"1442966520",NA,NA,NA,NA,NA,NA,NA
2015-09-24,85.1107,0,1443052800000,3964069888,19722700,0,4548630,0,590220032,"1443052920",NA,NA,NA,NA,NA,NA,NA
2015-09-25,85.3468,0,1443139200000,4022759936,28079900,0,4967990,0,589464000,"1443139320",NA,NA,NA,NA,NA,NA,NA
2015-09-26,85.5678,0,1443225600000,4025730048,24482000,0,4380400,0,580998976,"1443225720",NA,NA,NA,NA,NA,NA,NA
2015-09-27,85.5565,0,1.443312e+12,4011229952,15487200,0,2199840,0,579363008,"1443312120",NA,NA,NA,NA,NA,NA,NA
2015-09-28,85.6082,0,1443398400000,3987500032,13780600,0,1829690,0,573873984,"1443398520",NA,NA,NA,NA,NA,NA,NA
2015-09-29,86.0597,0,1443484800000,4072859904,29975000,0,7205340,0,567769024,"1443484920",NA,NA,NA,NA,NA,NA,NA
2015-09-30,86.5062,0,1443571200000,4012750080,27903700,0,7376410,0,541470976,"1443571320",NA,NA,NA,NA,NA,NA,NA
2015-10-01,86.3798,0,1443657600000,4008809984,22585300,0,5157470,0,546008000,"1443657720",NA,NA,NA,NA,NA,NA,NA
2015-10-02,86.5705,0,1.443744e+12,4022370048,21767900,0,3514830,0,540182976,"1443744120",NA,NA,NA,NA,NA,NA,NA
2015-10-03,86.3611,0,1443830400000,4032019968,19871200,0,2704140,0,549921984,"1443830520",NA,NA,NA,NA,NA,NA,NA
2015-10-04,86.5878,0,1443916800000,4044979968,16422400,0,2360860,0,542518976,"1443916920",NA,NA,NA,NA,NA,NA,NA
2015-10-05,86.8775,0,1444003200000,4026060032,13181100,0,1824480,0,528320000,"1444003320",NA,NA,NA,NA,NA,NA,NA
2015-10-06,87.2285,0,1444089600000,4048250112,23867000,0,2731140,0,517023008,"1444089720",NA,NA,NA,NA,NA,NA,NA
2015-10-07,86.9958,0,1.444176e+12,4158129920,28608400,0,3245010,0,540732992,"1444176120",NA,NA,NA,NA,NA,NA,NA
2015-10-08,86.981,0,1444262400000,4107480064,23306200,0,2739440,0,534755008,"1444262520",NA,NA,NA,NA,NA,NA,NA
2015-10-09,87.2403,0,1444348800000,4086520064,20221500,0,4267700,0,521425984,"1444348920",NA,NA,NA,NA,NA,NA,NA
2015-10-10,87.2527,0,1444435200000,4107749888,19572700,0,4301880,0,523628992,"1444435320",NA,NA,NA,NA,NA,NA,NA
2015-10-11,87.2768,0,1444521600000,4124620032,16931700,0,3427860,0,524782016,"1444521720",NA,NA,NA,NA,NA,NA,NA
2015-10-12,87.2254,0,1.444608e+12,4164049920,17629500,0,3126900,0,531939008,"1444608120",NA,NA,NA,NA,NA,NA,NA
2015-10-13,87.0663,0,1444694400000,4144359936,19158600,0,4050450,0,536016992,"1444694520",NA,NA,NA,NA,NA,NA,NA
2015-10-14,87.358,0,1444780800000,4203810048,30873000,0,4853000,0,531444000,"1444780920",NA,NA,NA,NA,NA,NA,NA
2015-10-15,87.6419,0,1444867200000,4235190016,30856500,0,5616460,0,523391008,"1444867320",NA,NA,NA,NA,NA,NA,NA
2015-10-16,87.7365,0,1444953600000,4268559872,27449100,0,4917200,0,523476992,"1444953720",NA,NA,NA,NA,NA,NA,NA
2015-10-17,88.0761,0,1.44504e+12,4394480128,38704200,0,4445600,0,523993984,"1445040120",NA,NA,NA,NA,NA,NA,NA
2015-10-18,88.5265,0,1445126400000,4508950016,46482800,0,5331660,0,517332992,"1445126520",NA,NA,NA,NA,NA,NA,NA
2015-10-19,88.5156,0,1445212800000,4359989760,23397700,0,3181870,0,500720000,"1445212920",NA,NA,NA,NA,NA,NA,NA
2015-10-20,88.5804,0,1445299200000,4386489856,26890500,0,3893640,0,500920992,"1445299320",NA,NA,NA,NA,NA,NA,NA
2015-10-21,89.0639,0,1445385600000,4458570240,32498100,0,4150970,0,487595008,"1445385720",NA,NA,NA,NA,NA,NA,NA
2015-10-22,88.9777,0,1.445472e+12,4417390080,27085700,0,3857100,0,486897984,"1445472120",NA,NA,NA,NA,NA,NA,NA
2015-10-23,88.9791,0,1445558400000,4537030144,40297400,0,4716600,0,500019008,"1445558520",NA,NA,NA,NA,NA,NA,NA
2015-10-24,89.1879,0,1445644800000,4574770176,31131400,0,4249850,0,494631008,"1445644920",NA,NA,NA,NA,NA,NA,NA
2015-10-25,89.3194,0,1445731200000,4650840064,26535800,0,2880230,0,496740000,"1445731320",NA,NA,NA,NA,NA,NA,NA
2015-10-26,89.4244,0,1445817600000,4682630144,48452100,0,4432050,0,495215008,"1445817720",NA,NA,NA,NA,NA,NA,NA
2015-10-27,89.2685,0,1.445904e+12,4717790208,34031200,0,4531340,0,506291008,"1445904120",NA,NA,NA,NA,NA,NA,NA
2015-10-28,89.2533,0,1445990400000,4860810240,49622300,0,5447160,0,522379008,"1445990520",NA,NA,NA,NA,NA,NA,NA
2015-10-29,89.3168,0,1446076800000,5034200064,55033900,0,6409460,0,537811008,"1446076920",NA,NA,NA,NA,NA,NA,NA
2015-10-30,88.592,0,1446163200000,5237139968,80225400,0,17759700,0,597451008,"1446163320",NA,NA,NA,NA,NA,NA,NA
2015-10-31,88.8237,0,1446249600000,5467469824,96448600,0,19534600,0,611060992,"1446249720",NA,NA,NA,NA,NA,NA,NA
2015-11-01,89.0134,0,1.446336e+12,5232799744,55306600,0,8457530,0,574905984,"1446336120",NA,NA,NA,NA,NA,NA,NA
2015-11-02,88.8376,0,1446422400000,5426579968,41706800,0,6704530,0,605737024,"1446422520",NA,NA,NA,NA,NA,NA,NA
2015-11-03,89.5088,0,1446508800000,5981170176,112804000,0,11431500,0,627497984,"1446508920",NA,NA,NA,NA,NA,NA,NA
2015-11-04,90.1134,0,1446595200000,6628879872,232539008,0,26376300,0,655371008,"1446595320",NA,NA,NA,NA,NA,NA,NA
2015-11-05,90.8933,0,1446681600000,6645600256,294500992,0,33217000,0,605196032,"1446681720",NA,NA,NA,NA,NA,NA,NA
2015-11-06,90.937,0,1.446768e+12,6317910016,168595008,0,18902200,0,572593024,"1446768120",NA,NA,NA,NA,NA,NA,NA
2015-11-07,90.8614,0,1446854400000,6100149760,132852000,0,13650500,0,557465984,"1446854520",NA,NA,NA,NA,NA,NA,NA
2015-11-08,90.9329,0,1446940800000,6259979776,58278300,0,6587180,0,567596032,"1446940920",NA,NA,NA,NA,NA,NA,NA
2015-11-09,90.8479,0,1447027200000,6104970240,52651600,0,5600380,0,558729984,"1447027320",NA,NA,NA,NA,NA,NA,NA
2015-11-10,91.1301,0,1447113600000,6179639808,73196200,0,9103890,0,548128000,"1447113720",NA,NA,NA,NA,NA,NA,NA
2015-11-11,90.7343,0,1.4472e+12,5551929856,103802000,0,9299220,0,514423008,"1447200120",NA,NA,NA,NA,NA,NA,NA
2015-11-12,90.5162,0,1447286400000,5145200128,113925000,0,7752700,0,487960000,"1447286520",NA,NA,NA,NA,NA,NA,NA
2015-11-13,90.4955,0,1447372800000,5548009984,83156600,0,7247740,0,527310016,"1447372920",NA,NA,NA,NA,NA,NA,NA
2015-11-14,90.5515,0,1447459200000,5515360256,52129700,0,4725620,0,521118016,"1447459320",NA,NA,NA,NA,NA,NA,NA
2015-11-15,90.6112,0,1447545600000,5454530048,37851900,0,2738070,0,512116000,"1447545720",NA,NA,NA,NA,NA,NA,NA
2015-11-16,90.4818,0,1.447632e+12,5245329920,44520900,0,3519490,0,499263008,"1447632120",NA,NA,NA,NA,NA,NA,NA
2015-11-17,90.5514,0,1447718400000,5417099776,48405900,0,3893020,0,511838016,"1447718520",NA,NA,NA,NA,NA,NA,NA
2015-11-18,90.5553,0,1447804800000,5487609856,52312900,0,4770720,0,518288000,"1447804920",NA,NA,NA,NA,NA,NA,NA
2015-11-19,90.5536,0,1447891200000,5490540032,42880300,0,3509920,0,518656992,"1447891320",NA,NA,NA,NA,NA,NA,NA
2015-11-20,90.482,0,1447977600000,5360370176,45483300,0,4767590,0,510200000,"1447977720",NA,NA,NA,NA,NA,NA,NA
2015-11-21,90.446,0,1.448064e+12,5293040128,54581700,0,4336510,0,505696992,"1448064120",NA,NA,NA,NA,NA,NA,NA
2015-11-22,90.4862,0,1448150400000,5372469760,27635800,0,3260320,0,511126016,"1448150520",NA,NA,NA,NA,NA,NA,NA
2015-11-23,90.4481,0,1448236800000,5333120000,21743400,0,2515280,0,509416992,"1448236920",NA,NA,NA,NA,NA,NA,NA
2015-11-24,90.4555,0,1448323200000,5312180224,26647200,0,3551370,0,507023008,"1448323320",NA,NA,NA,NA,NA,NA,NA
2015-11-25,90.4899,0,1448409600000,5262720000,28142200,0,3343390,0,500491008,"1448409720",NA,NA,NA,NA,NA,NA,NA
2015-11-26,90.4547,0,1.448496e+12,5401959936,43968100,0,5675190,0,515633984,"1448496120",NA,NA,NA,NA,NA,NA,NA
2015-11-27,90.8003,0,1448582400000,5769249792,115671000,0,12861100,0,530752000,"1448582520",NA,NA,NA,NA,NA,NA,NA
2015-11-28,90.9947,0,1448668800000,5844630016,56727600,0,5340110,0,526326016,"1448668920",NA,NA,NA,NA,NA,NA,NA
2015-11-29,90.9491,0,1448755200000,5854490112,36078900,0,3850890,0,529886016,"1448755320",NA,NA,NA,NA,NA,NA,NA
2015-11-30,91.1202,0,1448841600000,6073299968,41063000,0,4934350,0,539294016,"1448841720",NA,NA,NA,NA,NA,NA,NA
2015-12-01,91.3085,0,1.448928e+12,6159980032,74521000,0,6533610,0,535396992,"1448928120",NA,NA,NA,NA,NA,NA,NA
2015-12-02,91.2328,0,1449014400000,5912419840,62714400,0,5676460,0,518352992,"1449014520",NA,NA,NA,NA,NA,NA,NA
2015-12-03,91.2526,0,1449100800000,5871660032,56597100,0,6188480,0,513617984,"1449100920",NA,NA,NA,NA,NA,NA,NA
2015-12-04,91.205,0,1449187200000,5907700224,51334900,0,4086990,0,519580992,"1449187320",NA,NA,NA,NA,NA,NA,NA
2015-12-05,90.9492,0,1449273600000,5966159872,35243300,0,3804160,0,539984000,"1449273720",NA,NA,NA,NA,NA,NA,NA
2015-12-06,91.0213,0,1.44936e+12,6386740224,67458000,0,4973560,0,573448000,"1449360120",NA,NA,NA,NA,NA,NA,NA
2015-12-07,91.1175,0,1449446400000,6388610048,83270800,0,7051130,0,567465024,"1449446520",NA,NA,NA,NA,NA,NA,NA
2015-12-08,91.0109,0,1449532800000,6492429824,65644700,0,6766800,0,583612992,"1449532920",NA,NA,NA,NA,NA,NA,NA
2015-12-09,90.7041,0,1449619200000,6823969792,62346300,0,7502240,0,634348992,"1449619320",NA,NA,NA,NA,NA,NA,NA
2015-12-10,90.0687,0,1449705600000,6932890112,104531000,0,14678900,0,688521984,"1449705720",NA,NA,NA,NA,NA,NA,NA
2015-12-11,90.0318,0,1.449792e+12,6893280256,55890600,0,8849940,0,687137984,"1449792120",NA,NA,NA,NA,NA,NA,NA
2015-12-12,90.4647,0,1449878400000,7474440192,118134000,0,11653800,0,712713984,"1449878520",NA,NA,NA,NA,NA,NA,NA
2015-12-13,90.1797,0,1449964800000,7157300224,138726000,0,11101700,0,702867008,"1449964920",NA,NA,NA,NA,NA,NA,NA
2015-12-14,90.0916,0,1450051200000,7192759808,58649500,0,6771560,0,712688000,"1450051320",NA,NA,NA,NA,NA,NA,NA
2015-12-15,90.7813,0,1450137600000,7315210240,137050000,0,8360160,0,674364032,"1450137720",NA,NA,NA,NA,NA,NA,NA
2015-12-16,91.3485,0,1.450224e+12,7621470208,91852304,0,12936500,0,659372992,"1450224120",NA,NA,NA,NA,NA,NA,NA
2015-12-17,91.3044,0,1450310400000,7456220160,110348000,0,7325100,0,648363008,"1450310520",NA,NA,NA,NA,NA,NA,NA
2015-12-18,91.3388,0,1450396800000,7472880128,47206700,0,4939040,0,647238976,"1450396920",NA,NA,NA,NA,NA,NA,NA
2015-12-19,91.6046,0,1450483200000,7579259904,59986400,0,5290260,0,636307008,"1450483320",NA,NA,NA,NA,NA,NA,NA
2015-12-20,91.6443,0,1450569600000,7556420096,45570000,0,3475810,0,631393024,"1450569720",NA,NA,NA,NA,NA,NA,NA
2015-12-21,91.5345,0,1.450656e+12,7250030080,76729400,0,5549170,0,613747968,"1450656120",NA,NA,NA,NA,NA,NA,NA
2015-12-22,91.449,0,1450742400000,7170070016,82111296,0,7645700,0,613116032,"1450742520",NA,NA,NA,NA,NA,NA,NA
2015-12-23,91.5418,0,1450828800000,7152860160,50818200,0,4728670,0,605004032,"1450828920",NA,NA,NA,NA,NA,NA,NA
2015-12-24,91.6158,0,1450915200000,7253250048,47147800,0,5176520,0,608126016,"1450915320",NA,NA,NA,NA,NA,NA,NA
2015-12-25,91.7459,0,1451001600000,7436980224,57357300,0,5040170,0,613856000,"1451001720",NA,NA,NA,NA,NA,NA,NA
2015-12-26,91.5155,0,1.451088e+12,7472489984,38273300,0,4899440,0,634006016,"1451088120",NA,NA,NA,NA,NA,NA,NA
2015-12-27,91.2341,0,1451174400000,6852080128,120821000,0,7196700,0,600643008,"1451174520",NA,NA,NA,NA,NA,NA,NA
2015-12-28,91.2203,0,1451260800000,6967860224,52886000,0,4161630,0,611756032,"1451260920",NA,NA,NA,NA,NA,NA,NA
2015-12-29,91.1471,0,1451347200000,6954710016,50615300,0,3838180,0,615696000,"1451347320",NA,NA,NA,NA,NA,NA,NA
2015-12-30,91.3355,0,1451433600000,7126430208,50926700,0,4224960,0,617468032,"1451433720",NA,NA,NA,NA,NA,NA,NA
2015-12-31,91.1913,0,1.45152e+12,7017319936,47689200,0,4167170,0,618136000,"1451520120",NA,NA,NA,NA,NA,NA,NA
2016-01-01,91.2983,0,1451606400000,7090529792,47060200,0,4310330,0,616995008,"1451606520",NA,NA,NA,NA,NA,NA,NA
2016-01-02,91.3457,0,1451692800000,7152640000,37064800,0,4071150,0,619011008,"1451692920",NA,NA,NA,NA,NA,NA,NA
2016-01-03,91.3098,0,1451779200000,7139970048,30737500,0,3901870,0,620478016,"1451779320",NA,NA,NA,NA,NA,NA,NA
2016-01-04,91.2552,0,1451865600000,7088010240,39163500,0,2728000,0,619833024,"1451865720",NA,NA,NA,NA,NA,NA,NA
2016-01-05,91.3361,0,1.451952e+12,7133420032,41151700,0,5937510,0,618035008,"1451952120",NA,NA,NA,NA,NA,NA,NA
2016-01-06,91.3434,0,1452038400000,7114720256,34198900,0,2989220,0,615891008,"1452038520",NA,NA,NA,NA,NA,NA,NA
2016-01-07,91.3112,0,1452124800000,7088480256,35064800,0,3727840,0,615902976,"1452124920",NA,NA,NA,NA,NA,NA,NA
2016-01-08,91.6847,0,1452211200000,7513359872,91408896,0,7534640,0,624756992,"1452211320",NA,NA,NA,NA,NA,NA,NA
2016-01-09,91.5863,0,1452297600000,7455269888,62028400,0,8968330,0,627265024,"1452297720",NA,NA,NA,NA,NA,NA,NA
2016-01-10,91.4401,0,1.452384e+12,7384300032,37946900,0,8816810,0,632088000,"1452384120",NA,NA,NA,NA,NA,NA,NA
2016-01-11,91.4761,0,1452470400000,7391110144,37731900,0,4790700,0,630014016,"1452470520",NA,NA,NA,NA,NA,NA,NA
2016-01-12,91.41,0,1452556800000,7390029824,45089900,0,8037770,0,634804992,"1452556920",NA,NA,NA,NA,NA,NA,NA
2016-01-13,90.9971,0,1452643200000,7201710080,70394400,0,28109800,0,648361024,"1452643320",NA,NA,NA,NA,NA,NA,NA
2016-01-14,90.9434,0,1452729600000,7168320000,65190200,0,13148600,0,649206976,"1452729720",NA,NA,NA,NA,NA,NA,NA
2016-01-15,90.9427,0,1.452816e+12,7136220160,40366300,0,9178050,0,646352000,"1452816120",NA,NA,NA,NA,NA,NA,NA
2016-01-16,90.2942,0,1452902400000,6099829760,153138000,0,15391400,0,592038016,"1452902520",NA,NA,NA,NA,NA,NA,NA
2016-01-17,90.6164,0,1452988800000,6447260160,112633000,0,13382500,0,604987008,"1452988920",NA,NA,NA,NA,NA,NA,NA
2016-01-18,90.3035,0,1453075200000,6380640256,48622700,0,7560710,0,618700992,"1453075320",NA,NA,NA,NA,NA,NA,NA
2016-01-19,90.2884,0,1453161600000,6472050176,54941000,0,10671700,0,628542016,"1453161720",NA,NA,NA,NA,NA,NA,NA
2016-01-20,90.2944,0,1.453248e+12,6351179776,47133700,0,7493390,0,616419968,"1453248120",NA,NA,NA,NA,NA,NA,NA
2016-01-21,90.5216,0,1453334400000,7002529792,122696000,0,12982500,0,663724992,"1453334520",NA,NA,NA,NA,NA,NA,NA
2016-01-22,90.3852,0,1453420800000,6849509888,70344000,0,17281000,0,658569984,"1453420920",NA,NA,NA,NA,NA,NA,NA
2016-01-23,89.9958,0,1453507200000,6422389760,102174000,0,23515900,0,642505984,"1453507320",NA,NA,NA,NA,NA,NA,NA
2016-01-24,89.6855,0,1453593600000,6542080000,70185200,0,22947600,0,674782016,"1453593720",NA,NA,NA,NA,NA,NA,NA
2016-01-25,89.6178,0,1.45368e+12,6788720128,69084304,0,17661200,0,704820992,"1453680120",NA,NA,NA,NA,NA,NA,NA
2016-01-26,89.0505,0,1453766400000,6658599936,96335200,0,41466000,0,729081024,"1453766520",NA,NA,NA,NA,NA,NA,NA
2016-01-27,88.574,0,1453852800000,6703750144,110814000,0,55975500,0,765969024,"1453852920",NA,NA,NA,NA,NA,NA,NA
2016-01-28,87.4549,0,1453939200000,6838009856,90280600,0,47789200,0,857832000,"1453939320",NA,NA,NA,NA,NA,NA,NA
2016-01-29,87.5791,0,1454025600000,6570030080,87109104,0,32600600,0,816057984,"1454025720",NA,NA,NA,NA,NA,NA,NA
2016-01-30,87.4555,0,1.454112e+12,6559640064,103727000,0,22417100,0,822876032,"1454112120",NA,NA,NA,NA,NA,NA,NA
2016-01-31,87.777,0,1454198400000,6527759872,44222900,0,16096500,0,797884992,"1454198520",NA,NA,NA,NA,NA,NA,NA
2016-02-01,87.8247,0,1454284800000,6371879936,53740800,0,18111200,0,775798016,"1454284920",NA,NA,NA,NA,NA,NA,NA
2016-02-02,87.94,0,1454371200000,6426749952,64514700,0,16354900,0,775065024,"1454371320",NA,NA,NA,NA,NA,NA,NA
2016-02-03,87.7052,0,1454457600000,6475709952,49254300,0,12652200,0,796177984,"1454457720",NA,NA,NA,NA,NA,NA,NA
2016-02-04,87.404,0,1.454544e+12,6422340096,50631300,0,11297900,0,808961024,"1454544120",NA,NA,NA,NA,NA,NA,NA
2016-02-05,87.6475,0,1454630400000,6730319872,73667904,0,11507100,0,831360000,"1454630520",NA,NA,NA,NA,NA,NA,NA
2016-02-06,87.4062,0,1454716800000,6710900224,48827400,0,10654000,0,845160000,"1454716920",NA,NA,NA,NA,NA,NA,NA
2016-02-07,86.8762,0,1454803200000,6578050048,56600100,0,11559300,0,863289984,"1454803320",NA,NA,NA,NA,NA,NA,NA
2016-02-08,86.3002,0,1454889600000,6628140032,47838000,0,14657800,0,908040000,"1454889720",NA,NA,NA,NA,NA,NA,NA
2016-02-09,86.1675,0,1.454976e+12,6581219840,58552900,0,13452700,0,910345984,"1454976120",NA,NA,NA,NA,NA,NA,NA
2016-02-10,85.4907,0,1455062400000,6683630080,74494096,0,22486900,0,969750016,"1455062520",NA,NA,NA,NA,NA,NA,NA
2016-02-11,85.093,0,1455148800000,6823249920,116720000,0,36271700,0,1017150016,"1455148920",NA,NA,NA,NA,NA,NA,NA
2016-02-12,83.6097,0,1455235200000,6902349824,106048000,0,36521100,0,1131320064,"1455235320",NA,NA,NA,NA,NA,NA,NA
2016-02-13,83.688,0,1455321600000,6987840000,96979104,0,35236000,0,1139859968,"1455321720",NA,NA,NA,NA,NA,NA,NA
2016-02-14,84.0898,0,1.455408e+12,7106189824,87173200,0,31771400,0,1130610048,"1455408120",NA,NA,NA,NA,NA,NA,NA
2016-02-15,84.3353,0,1455494400000,7351439872,79079600,0,19965200,0,1151580032,"1455494520",NA,NA,NA,NA,NA,NA,NA
2016-02-16,84.1217,0,1455580800000,7260959744,86275904,0,21703300,0,1152920064,"1455580920",NA,NA,NA,NA,NA,NA,NA
2016-02-17,85.2714,0,1455667200000,7275769856,91191696,0,27847300,0,1071619968,"1455667320",NA,NA,NA,NA,NA,NA,NA
2016-02-18,86.206,0,1455753600000,7356140032,102208000,0,27644300,0,1014700032,"1455753720",NA,NA,NA,NA,NA,NA,NA
2016-02-19,85.8914,0,1.45584e+12,7494329856,95036600,0,26956800,0,1057350016,"1455840120",NA,NA,NA,NA,NA,NA,NA
2016-02-20,85.4196,0,1455926400000,7517369856,62951000,0,17695800,0,1096060032,"1455926520",NA,NA,NA,NA,NA,NA,NA
2016-02-21,86.0785,0,1456012800000,7747879936,97162704,0,18435500,0,1078620032,"1456012920",NA,NA,NA,NA,NA,NA,NA
2016-02-22,85.8808,0,1456099200000,7788939776,89616000,0,15619500,0,1099730048,"1456099320",NA,NA,NA,NA,NA,NA,NA
2016-02-23,84.9977,0,1456185600000,7858339840,82108096,0,22883700,0,1178930048,"1456185720",NA,NA,NA,NA,NA,NA,NA
2016-02-24,84.7151,0,1.456272e+12,7575020032,97129104,0,22171500,0,1157830016,"1456272120",NA,NA,NA,NA,NA,NA,NA
2016-02-25,84.2308,0,1456358400000,7693910016,77926496,0,19116400,0,1213260032,"1456358520",NA,NA,NA,NA,NA,NA,NA
2016-02-26,84.3755,0,1456444800000,7675299840,90614400,0,29108900,0,1199219968,"1456444920",NA,NA,NA,NA,NA,NA,NA
2016-02-27,84.6437,0,1456531200000,7800710144,70127504,0,17071600,0,1197900032,"1456531320",NA,NA,NA,NA,NA,NA,NA
2016-02-28,84.2356,0,1456617600000,7835530240,58051500,0,16719000,0,1235219968,"1456617720",NA,NA,NA,NA,NA,NA,NA
2016-02-29,84.2106,0,1.456704e+12,7855280128,75463104,0,22427800,0,1240310016,"1456704120",NA,NA,NA,NA,NA,NA,NA
2016-03-01,84.4796,0,1456790400000,7912920064,76127296,0,15502700,0,1228109952,"1456790520",NA,NA,NA,NA,NA,NA,NA
2016-03-02,83.3718,0,1456876800000,7968889856,105433000,0,30591000,0,1325080064,"1456876920",NA,NA,NA,NA,NA,NA,NA
2016-03-03,82.3854,0,1456963200000,7858379776,111511000,0,36122100,0,1384230016,"1456963320",NA,NA,NA,NA,NA,NA,NA
2016-03-04,81.493,0,1457049600000,7907299840,150828000,0,50756200,0,1463410048,"1457049720",NA,NA,NA,NA,NA,NA,NA
2016-03-05,80.1981,0,1.457136e+12,7826379776,134812000,0,43823100,0,1549769984,"1457136120",NA,NA,NA,NA,NA,NA,NA
2016-03-06,79.2562,0,1457222400000,7723570176,204124000,0,68582600,0,1602160000,"1457222520",NA,NA,NA,NA,NA,NA,NA
2016-03-07,79.2052,0,1457308800000,7869969920,149012000,0,58011000,0,1636540032,"1457308920",NA,NA,NA,NA,NA,NA,NA
2016-03-08,80.7549,0,1457395200000,7847649792,132986000,0,47326800,0,1510290048,"1457395320",NA,NA,NA,NA,NA,NA,NA
2016-03-09,80.3708,0,1457481600000,7876279808,107954000,0,37944900,0,1546060032,"1457481720",NA,NA,NA,NA,NA,NA,NA
2016-03-10,78.7007,0,1.457568e+12,8062139904,119325000,0,49396000,0,1717170048,"1457568120",NA,NA,NA,NA,NA,NA,NA
2016-03-11,79.1279,0,1457654400000,8068890112,127812000,0,46628400,0,1684150016,"1457654520",NA,NA,NA,NA,NA,NA,NA
2016-03-12,79.0796,0,1457740800000,8160450048,113189000,0,39425700,0,1707200000,"1457740920",NA,NA,NA,NA,NA,NA,NA
2016-03-13,76.8916,0,1457827200000,8196380160,154112000,0,61409700,0,1894050048,"1457827320",NA,NA,NA,NA,NA,NA,NA
2016-03-14,76.4155,0,1457913600000,8300389888,129645000,0,55108700,0,1957609984,"1457913720",NA,NA,NA,NA,NA,NA,NA
2016-03-15,77.7266,0,1.458e+12,8205510144,167440000,0,71585800,0,1827640064,"1458000120",NA,NA,NA,NA,NA,NA,NA
2016-03-16,77.7438,0,1458086400000,8215699968,104266000,0,37815100,0,1828499968,"1458086520",NA,NA,NA,NA,NA,NA,NA
2016-03-17,78.1268,0,1458172800000,8197100032,99921400,0,34726100,0,1792969984,"1458172920",NA,NA,NA,NA,NA,NA,NA
2016-03-18,79.2972,0,1458259200000,8129330176,141106000,0,57521900,0,1683000064,"1458259320",NA,NA,NA,NA,NA,NA,NA
2016-03-19,79.0768,0,1458345600000,7935050240,172844992,0,67056400,0,1660259968,"1458345720",NA,NA,NA,NA,NA,NA,NA
2016-03-20,79.529,0,1.458432e+12,7913610240,91831104,0,34125000,0,1.62e+09,"1458432120",NA,NA,NA,NA,NA,NA,NA
2016-03-21,79.8963,0,1458518400000,7937010176,70507504,0,24679500,0,1595629952,"1458518520",NA,NA,NA,NA,NA,NA,NA
2016-03-22,78.56,0,1458604800000,8068259840,97353904,0,35728600,0,1729830016,"1458604920",NA,NA,NA,NA,NA,NA,NA
2016-03-23,79.0856,0,1458691200000,8114160128,87202704,0,27659800,0,1697030016,"1458691320",NA,NA,NA,NA,NA,NA,NA
2016-03-24,78.018,0,1458777600000,8232370176,84733200,0,29194200,0,1809639936,"1458777720",NA,NA,NA,NA,NA,NA,NA
2016-03-25,78.7896,0,1.458864e+12,8116360192,96951104,0,35761500,0,1721510016,"1458864120",NA,NA,NA,NA,NA,NA,NA
2016-03-26,79.1395,0,1458950400000,8098990080,67491696,0,22002000,0,1689490048,"1458950520",NA,NA,NA,NA,NA,NA,NA
2016-03-27,79.0147,0,1459036800000,8128909824,54728400,0,17458500,0,1705869952,"1459036920",NA,NA,NA,NA,NA,NA,NA
2016-03-28,79.8734,0,1459123200000,8205109760,92000704,0,27903300,0,1651410048,"1459123320",NA,NA,NA,NA,NA,NA,NA
2016-03-29,78.9231,0,1459209600000,8262490112,94208000,0,33047200,0,1741479936,"1459209720",NA,NA,NA,NA,NA,NA,NA
2016-03-30,78.7193,0,1.459296e+12,8140120064,95844400,0,27447800,0,1732280064,"1459296120",NA,NA,NA,NA,NA,NA,NA
2016-03-31,78.5886,0,1459382400000,8124769792,87291600,0,28295600,0,1739629952,"1459382520",NA,NA,NA,NA,NA,NA,NA
2016-04-01,79.0188,0,1459468800000,8111410176,75749200,0,22939000,0,1701869952,"1459468920",NA,NA,NA,NA,NA,NA,NA
2016-04-02,78.909,0,1459555200000,8157120000,64678400,0,20322700,0,1720419968,"1459555320",NA,NA,NA,NA,NA,NA,NA
2016-04-03,78.9177,0,1459641600000,8211680256,54137000,0,15925200,0,1731209984,"1459641720",NA,NA,NA,NA,NA,NA,NA
2016-04-04,78.7772,0,1.459728e+12,8230689792,42638900,0,11377800,0,1746780032,"1459728120",NA,NA,NA,NA,NA,NA,NA
2016-04-05,79.1181,0,1459814400000,8200269824,67338800,0,16704400,0,1712370048,"1459814520",NA,NA,NA,NA,NA,NA,NA
2016-04-06,79.9168,0,1459900800000,8175079936,83781800,0,27090200,0,1641820032,"1459900920",NA,NA,NA,NA,NA,NA,NA
2016-04-07,79.7055,0,1459987200000,8185979904,75903904,0,23617000,0,1661299968,"1459987320",NA,NA,NA,NA,NA,NA,NA
2016-04-08,80.4532,0,1460073600000,8098109952,70762400,0,20195100,0,1582919936,"1460073720",NA,NA,NA,NA,NA,NA,NA
2016-04-09,80.7266,0,1.46016e+12,8032560128,79017400,0,22431000,0,1548150016,"1460160120",NA,NA,NA,NA,NA,NA,NA
2016-04-10,81.3827,0,1460246400000,7946809856,66084000,0,22858200,0,1479490048,"1460246520",NA,NA,NA,NA,NA,NA,NA
2016-04-11,81.9562,0,1460332800000,7936300032,119721000,0,52721500,0,1432009984,"1460332920",NA,NA,NA,NA,NA,NA,NA
2016-04-12,82.251,0,1460419200000,7928019968,66060600,0,21842600,0,1407139968,"1460419320",NA,NA,NA,NA,NA,NA,NA
2016-04-13,83.2977,0,1460505600000,7881939968,95943104,0,32409400,0,1316470016,"1460505720",NA,NA,NA,NA,NA,NA,NA
2016-04-14,82.7902,0,1.460592e+12,7900740096,104684000,0,42746300,0,1359699968,"1460592120",NA,NA,NA,NA,NA,NA,NA
2016-04-15,82.3112,0,1460678400000,7958040064,57835400,0,19788700,0,1407680000,"1460678520",NA,NA,NA,NA,NA,NA,NA
2016-04-16,82.5883,0,1460764800000,8029349888,65878300,0,17990000,0,1398040064,"1460764920",NA,NA,NA,NA,NA,NA,NA
2016-04-17,82.2373,0,1460851200000,8085349888,47818900,0,14688100,0,1436179968,"1460851320",NA,NA,NA,NA,NA,NA,NA
2016-04-18,81.5462,0,1460937600000,8098659840,75845904,0,29953900,0,1494509952,"1460937720",NA,NA,NA,NA,NA,NA,NA
2016-04-19,81.5011,0,1.461024e+12,8125599744,76294000,0,27503100,0,1503149952,"1461024120",NA,NA,NA,NA,NA,NA,NA
2016-04-20,81.9884,0,1461110400000,8204049920,63458900,0,17818800,0,1477680000,"1461110520",NA,NA,NA,NA,NA,NA,NA
2016-04-21,82.2811,0,1461196800000,8291469824,87923696,0,22729400,0,1469159936,"1461196920",NA,NA,NA,NA,NA,NA,NA
2016-04-22,82.7433,0,1461283200000,8401719808,81334304,0,20456900,0,1449859968,"1461283320",NA,NA,NA,NA,NA,NA,NA
2016-04-23,83.0501,0,1461369600000,8301360128,70717200,0,19405600,0,1407069952,"1461369720",NA,NA,NA,NA,NA,NA,NA
2016-04-24,82.6802,0,1.461456e+12,8428349952,62243000,0,19266700,0,1459769984,"1461456120",NA,NA,NA,NA,NA,NA,NA
2016-04-25,83.1132,0,1461542400000,8545560064,79191800,0,18861400,0,1443069952,"1461542520",NA,NA,NA,NA,NA,NA,NA
2016-04-26,83.6608,0,1461628800000,8538120192,109354000,0,29882200,0,1395059968,"1461628920",NA,NA,NA,NA,NA,NA,NA
2016-04-27,83.9994,0,1461715200000,8590759936,99953696,0,29610100,0,1374569984,"1461715320",NA,NA,NA,NA,NA,NA,NA
2016-04-28,83.234,0,1461801600000,8276859904,118783000,0,33863800,0,1387689984,"1461801720",NA,NA,NA,NA,NA,NA,NA
2016-04-29,83.8258,0,1.461888e+12,8300939776,85900800,0,19811700,0,1342610048,"1461888120",NA,NA,NA,NA,NA,NA,NA
2016-04-30,83.7067,0,1461974400000,8421620224,58725900,0,17363100,0,1372160000,"1461974520",NA,NA,NA,NA,NA,NA,NA
2016-05-01,82.5064,0,1462060800000,8420480000,104166000,0,42615600,0,1473049984,"1462060920",NA,NA,NA,NA,NA,NA,NA
2016-05-02,82.5175,0,1462147200000,8486219776,55902200,0,21787400,0,1483600000,"1462147320",NA,NA,NA,NA,NA,NA,NA
2016-05-03,81.3444,0,1462233600000,8473469952,137212992,0,48069500,0,1580780032,"1462233720",NA,NA,NA,NA,NA,NA,NA
2016-05-04,82.1426,0,1.46232e+12,8496139776,84385296,0,27899100,0,1517190016,"1462320120",NA,NA,NA,NA,NA,NA,NA
2016-05-05,81.9759,0,1462406400000,8450030080,72663000,0,25226000,0,1523040000,"1462406520",NA,NA,NA,NA,NA,NA,NA
2016-05-06,81.6943,0,1462492800000,8504640000,71321400,0,23904800,0,1556839936,"1462492920",NA,NA,NA,NA,NA,NA,NA
2016-05-07,82.242,0,1462579200000,8670889984,101140000,0,31345300,0,1539769984,"1462579320",NA,NA,NA,NA,NA,NA,NA
2016-05-08,82.1956,0,1462665600000,8655040512,52518500,0,17282100,0,1540979968,"1462665720",NA,NA,NA,NA,NA,NA,NA
2016-05-09,82.1516,0,1.462752e+12,8657800192,56660200,0,19348000,0,1545280000,"1462752120",NA,NA,NA,NA,NA,NA,NA
2016-05-10,82.3723,0,1462838400000,8680559616,72392400,0,20012600,0,1530189952,"1462838520",NA,NA,NA,NA,NA,NA,NA
2016-05-11,82.1139,0,1462924800000,8527470080,80446896,0,24251600,0,1525240064,"1462924920",NA,NA,NA,NA,NA,NA,NA
2016-05-12,81.7091,0,1463011200000,8601650176,68569104,0,20949700,0,1573319936,"1463011320",NA,NA,NA,NA,NA,NA,NA
2016-05-13,81.7491,0,1463097600000,8645069824,86099600,0,29396600,0,1577799936,"1463097720",NA,NA,NA,NA,NA,NA,NA
2016-05-14,81.4057,0,1.463184e+12,8702220288,95138000,0,37489000,0,1618119936,"1463184120",NA,NA,NA,NA,NA,NA,NA
2016-05-15,81.5597,0,1463270400000,8686600192,57969500,0,23728800,0,1601830016,"1463270520",NA,NA,NA,NA,NA,NA,NA
2016-05-16,81.8562,0,1463356800000,8691760128,38912300,0,13454400,0,1577010048,"1463356920",NA,NA,NA,NA,NA,NA,NA
2016-05-17,80.8208,0,1463443200000,8736270336,93174200,0,36740200,0,1675549952,"1463443320",NA,NA,NA,NA,NA,NA,NA
2016-05-18,80.1245,0,1463529600000,8808030208,110132000,0,46233100,0,1750640000,"1463529720",NA,NA,NA,NA,NA,NA,NA
2016-05-19,79.1274,0,1.463616e+12,8937589760,156319008,0,72268400,0,1865510016,"1463616120",NA,NA,NA,NA,NA,NA,NA
2016-05-20,77.6425,0,1463702400000,8774939648,156722000,0,63004200,0,1961859968,"1463702520",NA,NA,NA,NA,NA,NA,NA
2016-05-21,78.5164,0,1463788800000,8781899776,139076000,0,60531600,0,1886669952,"1463788920",NA,NA,NA,NA,NA,NA,NA
2016-05-22,78.2498,0,1463875200000,8818820096,70283000,0,30508600,0,1918109952,"1463875320",NA,NA,NA,NA,NA,NA,NA
2016-05-23,77.9587,0,1463961600000,8777050112,59645900,0,23053300,0,1934569984,"1463961720",NA,NA,NA,NA,NA,NA,NA
2016-05-24,78.8486,0,1.464048e+12,8778179584,77778200,0,29991400,0,1856710016,"1464048120",NA,NA,NA,NA,NA,NA,NA
2016-05-25,79.3209,0,1464134400000,8762760192,110814000,0,47968100,0,1812060032,"1464134520",NA,NA,NA,NA,NA,NA,NA
2016-05-26,79.4821,0,1464220800000,8817699840,103866000,0,41661300,0,1809200000,"1464220920",NA,NA,NA,NA,NA,NA,NA
2016-05-27,79.5061,0,1464307200000,8892409856,110233000,0,47565900,0,1822400000,"1464307320",NA,NA,NA,NA,NA,NA,NA
2016-05-28,80.9347,0,1464393600000,9113239552,249115008,0,87602896,0,1737469952,"1464393720",NA,NA,NA,NA,NA,NA,NA
2016-05-29,81.9172,0,1.46448e+12,10042500096,250108000,0,72676896,0,1815949952,"1464480120",NA,NA,NA,NA,NA,NA,NA
2016-05-30,80.677,0,1464566400000,10218500096,196424000,0,51205000,0,1974509952,"1464566520",NA,NA,NA,NA,NA,NA,NA
2016-05-31,80.4967,0,1464652800000,10354599936,112182000,0,27669100,0,2019490048,"1464652920",NA,NA,NA,NA,NA,NA,NA
2016-06-01,79.5353,0,1464739200000,10421399552,198256992,0,63235200,0,2132710016,"1464739320",NA,NA,NA,NA,NA,NA,NA
2016-06-02,79.6446,0,1464825600000,10515500032,122548000,0,39849300,0,2140460032,"1464825720",NA,NA,NA,NA,NA,NA,NA
2016-06-03,79.8662,0,1.464912e+12,10511399936,76823800,0,19852100,0,2116349952,"1464912120",NA,NA,NA,NA,NA,NA,NA
2016-06-04,80.5351,0,1464998400000,11047499776,157708000,0,39878300,0,2150380032,"1464998520",NA,NA,NA,NA,NA,NA,NA
2016-06-05,80.6835,0,1465084800000,11098999808,119633000,0,28185900,0,2143929984,"1465084920",NA,NA,NA,NA,NA,NA,NA
2016-06-06,80.5718,0,1465171200000,11142500352,92674000,0,23853500,0,2164780032,"1465171320",NA,NA,NA,NA,NA,NA,NA
2016-06-07,80.8738,0,1465257600000,11313399808,88451000,0,21205300,0,2163830016,"1465257720",NA,NA,NA,NA,NA,NA,NA
2016-06-08,80.3862,0,1.465344e+12,11223600128,134367008,0,36915500,0,2201380096,"1465344120",NA,NA,NA,NA,NA,NA,NA
2016-06-09,80.4386,0,1465430400000,11316799488,95015504,0,29843800,0,2213730048,"1465430520",NA,NA,NA,NA,NA,NA,NA
2016-06-10,80.2368,0,1465516800000,11224200192,74707000,0,19591400,0,2218259968,"1465516920",NA,NA,NA,NA,NA,NA,NA
2016-06-11,80.5959,0,1465603200000,11231800320,72142304,0,21764800,0,2179429888,"1465603320",NA,NA,NA,NA,NA,NA,NA
2016-06-12,81.133,0,1465689600000,11758300160,87758704,0,21840200,0,2218429952,"1465689720",NA,NA,NA,NA,NA,NA,NA
2016-06-13,81.5166,0,1.465776e+12,12895500288,304660000,0,65803100,0,2383520000,"1465776120",NA,NA,NA,NA,NA,NA,NA
2016-06-14,81.1204,0,1465862400000,13595700224,300067008,0,64098300,0,2566820096,"1465862520",NA,NA,NA,NA,NA,NA,NA
2016-06-15,79.6942,0,1465948800000,13472199680,286296000,0,104046000,0,2735630080,"1465948920",NA,NA,NA,NA,NA,NA,NA
2016-06-16,80.176,0,1466035200000,13606200320,135144992,0,39554800,0,2697299968,"1466035320",NA,NA,NA,NA,NA,NA,NA
2016-06-17,80.3139,0,1466121600000,14989800448,338983008,0,70393400,0,2950919936,"1466121720",NA,NA,NA,NA,NA,NA,NA
2016-06-18,82.9694,0,1.466208e+12,14140800000,615500032,0,258684992,0,2408270080,"1466208120",NA,NA,NA,NA,NA,NA,NA
2016-06-19,85.4902,0,1466294400000,13872700416,420649984,0,174819008,0,2012899968,"1466294520",NA,NA,NA,NA,NA,NA,NA
2016-06-20,84.7814,0,1466380800000,14126499840,226472992,0,95283000,0,2149860096,"1466380920",NA,NA,NA,NA,NA,NA,NA
2016-06-21,84.5044,0,1466467200000,13656099840,255612000,0,86143200,0,2116099968,"1466467320",NA,NA,NA,NA,NA,NA,NA
2016-06-22,82.7953,0,1466553600000,12615799808,405700992,0,106263000,0,2170510080,"1466553720",NA,NA,NA,NA,NA,NA,NA
2016-06-23,81.6561,0,1.46664e+12,11478899712,406040000,0,141878000,0,2105670016,"1466640120",NA,NA,NA,NA,NA,NA,NA
2016-06-24,81.8617,0,1466726400000,11991799808,307464992,0,59636200,0,2175119872,"1466726520",NA,NA,NA,NA,NA,NA,NA
2016-06-25,82.1748,0,1466812800000,12707000320,281828000,0,64204300,0,2265039872,"1466812920",NA,NA,NA,NA,NA,NA,NA
2016-06-26,82.184,0,1466899200000,12721300480,155906000,0,36361200,0,2266419968,"1466899320",NA,NA,NA,NA,NA,NA,NA
2016-06-27,81.6954,0,1466985600000,12097200128,139735008,0,35609400,0,2214340096,"1466985720",NA,NA,NA,NA,NA,NA,NA
2016-06-28,81.8947,0,1.467072e+12,12622000128,149298000,0,29968000,0,2285260032,"1467072120",NA,NA,NA,NA,NA,NA,NA
2016-06-29,82.5102,0,1467158400000,12264599552,216432992,0,83145296,0,2145069952,"1467158520",NA,NA,NA,NA,NA,NA,NA
2016-06-30,82.1806,0,1467244800000,12249199616,194646000,0,57649900,0,2182729984,"1467244920",NA,NA,NA,NA,NA,NA,NA
2016-07-01,82.8235,0,1467331200000,12762800128,175232000,0,40562000,0,2192199936,"1467331320",NA,NA,NA,NA,NA,NA,NA
2016-07-02,83.0133,0,1467417600000,12816700416,159047008,0,35979300,0,2177129984,"1467417720",NA,NA,NA,NA,NA,NA,NA
2016-07-03,83.5622,0,1.467504e+12,13266899968,123848000,0,26023300,0,2180790016,"1467504120",NA,NA,NA,NA,NA,NA,NA
2016-07-04,83.0203,0,1467590400000,12482100224,147204000,0,27804500,0,2119410048,"1467590520",NA,NA,NA,NA,NA,NA,NA
2016-07-05,83.2911,0,1467676800000,12905499648,119119000,0,30809700,0,2156359936,"1467676920",NA,NA,NA,NA,NA,NA,NA
2016-07-06,83.8048,0,1467763200000,12589100032,195032992,0,69361800,0,2038829952,"1467763320",NA,NA,NA,NA,NA,NA,NA
2016-07-07,83.9065,0,1467849600000,12720600064,163616992,0,33094000,0,2047200000,"1467849720",NA,NA,NA,NA,NA,NA,NA
2016-07-08,83.7849,0,1.467936e+12,12039000064,290512992,0,36735900,0,1952130048,"1467936120",NA,NA,NA,NA,NA,NA,NA
2016-07-09,83.2889,0,1468022400000,12599300096,172507008,0,35634600,0,2105479936,"1468022520",NA,NA,NA,NA,NA,NA,NA
2016-07-10,83.1689,0,1468108800000,12321099776,207394000,0,32985400,0,2073779968,"1468108920",NA,NA,NA,NA,NA,NA,NA
2016-07-11,83.0499,0,1468195200000,12300099584,107946000,0,15277000,0,2084870016,"1468195320",NA,NA,NA,NA,NA,NA,NA
2016-07-12,83.0389,0,1468281600000,12299200512,125907000,0,31294400,0,2086089984,"1468281720",NA,NA,NA,NA,NA,NA,NA
2016-07-13,82.4036,0,1.468368e+12,12711199744,153559008,0,32288300,0,2236699904,"1468368120",NA,NA,NA,NA,NA,NA,NA
2016-07-14,81.2916,0,1468454400000,12656100352,148978000,0,25157000,0,2367759872,"1468454520",NA,NA,NA,NA,NA,NA,NA
2016-07-15,80.9625,0,1468540800000,12830600192,117649000,0,42080100,0,2442619904,"1468540920",NA,NA,NA,NA,NA,NA,NA
2016-07-16,80.9786,0,1468627200000,12919100416,109900000,0,42141600,0,2457390080,"1468627320",NA,NA,NA,NA,NA,NA,NA
2016-07-17,81.0961,0,1468713600000,12867099648,56266800,0,21105000,0,2432399872,"1468713720",NA,NA,NA,NA,NA,NA,NA
2016-07-18,81.7189,0,1.4688e+12,13114200064,95647000,0,29714900,0,2397420032,"1468800120",NA,NA,NA,NA,NA,NA,NA
2016-07-19,82.097,0,1468886400000,12919499776,93398600,0,28835700,0,2312969984,"1468886520",NA,NA,NA,NA,NA,NA,NA
2016-07-20,80.8133,0,1468972800000,13127300096,100783000,0,39579800,0,2518690048,"1468972920",NA,NA,NA,NA,NA,NA,NA
2016-07-21,80.3033,0,1469059200000,13063400448,166595008,0,76156496,0,2573050112,"1469059320",NA,NA,NA,NA,NA,NA,NA
2016-07-22,80.2934,0,1469145600000,13060299776,98464704,0,37972900,0,2573740032,"1469145720",NA,NA,NA,NA,NA,NA,NA
2016-07-23,78.8531,0,1.469232e+12,13016200192,226878000,0,92708496,0,2752519936,"1469232120",NA,NA,NA,NA,NA,NA,NA
2016-07-24,79.6424,0,1469318400000,12981199872,114263000,0,43620500,0,2642670080,"1469318520",NA,NA,NA,NA,NA,NA,NA
2016-07-25,80.5297,0,1469404800000,12954099712,226192000,0,108008000,0,2522200064,"1469404920",NA,NA,NA,NA,NA,NA,NA
2016-07-26,80.0839,0,1469491200000,12888899584,134680000,0,56503900,0,2566949888,"1469491320",NA,NA,NA,NA,NA,NA,NA
2016-07-27,80.5512,0,1469577600000,12764399616,442838016,0,217703008,0,2482530048,"1469577720",NA,NA,NA,NA,NA,NA,NA
2016-07-28,80.5895,0,1.469664e+12,12815699968,278750016,0,131289000,0,2487600128,"1469664120",NA,NA,NA,NA,NA,NA,NA
2016-07-29,80.5723,0,1469750400000,12831899648,163404000,0,76975104,0,2492930048,"1469750520",NA,NA,NA,NA,NA,NA,NA
2016-07-30,80.9035,0,1469836800000,12817899520,106035000,0,45331700,0,2447770112,"1469836920",NA,NA,NA,NA,NA,NA,NA
2016-07-31,80.8971,0,1469923200000,12782799872,64892400,0,26436300,0,2441880064,"1469923320",NA,NA,NA,NA,NA,NA,NA
2016-08-01,80.5676,0,1470009600000,12238900224,175607008,0,64789500,0,2378319872,"1470009720",NA,NA,NA,NA,NA,NA,NA
2016-08-02,80.5155,0,1.470096e+12,11891300352,204460992,0,84583600,0,2316960000,"1470096120",NA,NA,NA,NA,NA,NA,NA
2016-08-03,80.5293,0,1470182400000,10758400000,593628992,0,263934000,0,2094729984,"1470182520",NA,NA,NA,NA,NA,NA,NA
2016-08-04,80.0988,0,1470268800000,11166000128,353159008,0,145176992,0,2222180096,"1470268920",NA,NA,NA,NA,NA,NA,NA
2016-08-05,79.9066,0,1470355200000,11430500352,220046000,0,94754200,0,2296770048,"1470355320",NA,NA,NA,NA,NA,NA,NA
2016-08-06,79.5095,0,1470441600000,11424400384,110994000,0,44866000,0,2340930048,"1470441720",NA,NA,NA,NA,NA,NA,NA
2016-08-07,79.7286,0,1.470528e+12,11646900224,132278000,0,51481100,0,2360999936,"1470528120",NA,NA,NA,NA,NA,NA,NA
2016-08-08,80.169,0,1470614400000,11682100224,143080992,0,60682400,0,2316679936,"1470614520",NA,NA,NA,NA,NA,NA,NA
2016-08-09,79.9253,0,1470700800000,11685499904,104756000,0,43561600,0,2345819904,"1470700920",NA,NA,NA,NA,NA,NA,NA
2016-08-10,79.4446,0,1470787200000,11689900032,168060992,0,79292000,0,2402899968,"1470787320",NA,NA,NA,NA,NA,NA,NA
2016-08-11,79.9135,0,1470873600000,11711099904,167422000,0,64517000,0,2352349952,"1470873720",NA,NA,NA,NA,NA,NA,NA
2016-08-12,80.0636,0,1.47096e+12,11624800256,117861000,0,46604100,0,2317570048,"1470960120",NA,NA,NA,NA,NA,NA,NA
2016-08-13,79.8232,0,1471046400000,11632600064,113319000,0,47642800,0,2347079936,"1471046520",NA,NA,NA,NA,NA,NA,NA
2016-08-14,79.7366,0,1471132800000,11611599872,71017104,0,27454100,0,2352910080,"1471132920",NA,NA,NA,NA,NA,NA,NA
2016-08-15,79.6043,0,1471219200000,11332500480,91214200,0,30363100,0,2311350016,"1471219320",NA,NA,NA,NA,NA,NA,NA
2016-08-16,79.529,0,1471305600000,11279899648,87250304,0,29988000,0,2309110016,"1471305720",NA,NA,NA,NA,NA,NA,NA
2016-08-17,79.8438,0,1.471392e+12,11444899840,80478000,0,25632400,0,2306850048,"1471392120",NA,NA,NA,NA,NA,NA,NA
2016-08-18,79.8821,0,1471478400000,11360199680,78637800,0,27680600,0,2285430016,"1471478520",NA,NA,NA,NA,NA,NA,NA
2016-08-19,79.8785,0,1471564800000,11374499840,84673504,0,24776900,0,2288730112,"1471564920",NA,NA,NA,NA,NA,NA,NA
2016-08-20,79.8656,0,1471651200000,11412299776,74481000,0,27359000,0,2297799936,"1471651320",NA,NA,NA,NA,NA,NA,NA
2016-08-21,79.8005,0,1471737600000,11539000320,63850900,0,22145800,0,2330840064,"1471737720",NA,NA,NA,NA,NA,NA,NA
2016-08-22,79.9353,0,1.471824e+12,11508599808,55112100,0,16812700,0,2309149952,"1471824120",NA,NA,NA,NA,NA,NA,NA
2016-08-23,80.0286,0,1471910400000,11604500480,113745000,0,44363800,0,2317590016,"1471910520",NA,NA,NA,NA,NA,NA,NA
2016-08-24,80.1759,0,1471996800000,11518199808,146535008,0,61185400,0,2283379968,"1471996920",NA,NA,NA,NA,NA,NA,NA
2016-08-25,80.2066,0,1472083200000,11451299840,84729600,0,31967400,0,2266599936,"1472083320",NA,NA,NA,NA,NA,NA,NA
2016-08-26,80.1827,0,1472169600000,11407899648,178516000,0,38480300,0,2260740096,"1472169720",NA,NA,NA,NA,NA,NA,NA
2016-08-27,80.2446,0,1.472256e+12,11433799680,75086800,0,29915900,0,2258779904,"1472256120",NA,NA,NA,NA,NA,NA,NA
2016-08-28,80.1804,0,1472342400000,11254099968,98941400,0,42562600,0,2230530048,"1472342520",NA,NA,NA,NA,NA,NA,NA
2016-08-29,80.0753,0,1472428800000,11354099712,158423008,0,75603200,0,2262269952,"1472428920",NA,NA,NA,NA,NA,NA,NA
2016-08-30,79.707,0,1472515200000,11408700416,197234000,0,90654800,0,2315170048,"1472515320",NA,NA,NA,NA,NA,NA,NA
2016-08-31,79.7618,0,1472601600000,11471299584,115772000,0,49005500,0,2321580032,"1472601720",NA,NA,NA,NA,NA,NA,NA
2016-09-01,79.5692,0,1.472688e+12,11459600384,207312992,0,53460400,0,2341289984,"1472688120",NA,NA,NA,NA,NA,NA,NA
2016-09-02,79.3804,0,1472774400000,11425399808,136452000,0,62884500,0,2355879936,"1472774520",NA,NA,NA,NA,NA,NA,NA
2016-09-03,79.1319,0,1472860800000,11525600256,198656992,0,56972400,0,2405179904,"1472860920",NA,NA,NA,NA,NA,NA,NA
2016-09-04,79.9479,0,1472947200000,11865700352,262272000,0,106398000,0,2379320064,"1472947320",NA,NA,NA,NA,NA,NA,NA
2016-09-05,79.9004,0,1473033600000,12080700416,154328992,0,60031400,0,2428169984,"1473033720",NA,NA,NA,NA,NA,NA,NA
2016-09-06,79.7543,0,1.47312e+12,12054700032,129974000,0,51185700,0,2440560128,"1473120120",NA,NA,NA,NA,NA,NA,NA
2016-09-07,80.043,0,1473206400000,12092999680,129581000,0,54534600,0,2413400064,"1473206520",NA,NA,NA,NA,NA,NA,NA
2016-09-08,80.2394,0,1473292800000,12145099776,120364000,0,48816700,0,2399940096,"1473292920",NA,NA,NA,NA,NA,NA,NA
2016-09-09,80.5841,0,1473379200000,12325000192,135347008,0,52142200,0,2393009920,"1473379320",NA,NA,NA,NA,NA,NA,NA
2016-09-10,80.437,0,1473465600000,12281299968,103359000,0,39154400,0,2402589952,"1473465720",NA,NA,NA,NA,NA,NA,NA
2016-09-11,80.024,0,1.473552e+12,12355999744,73700896,0,29465300,0,2468239872,"1473552120",NA,NA,NA,NA,NA,NA,NA
2016-09-12,80.2426,0,1473638400000,11999299584,116087000,0,42421700,0,2370749952,"1473638520",NA,NA,NA,NA,NA,NA,NA
2016-09-13,79.9788,0,1473724800000,12060600320,107957000,0,38635700,0,2414680064,"1473724920",NA,NA,NA,NA,NA,NA,NA
2016-09-14,79.9716,0,1473811200000,12079399936,130141000,0,48372200,0,2419310080,"1473811320",NA,NA,NA,NA,NA,NA,NA
2016-09-15,80.0223,0,1473897600000,12107799552,70348800,0,26087500,0,2418860032,"1473897720",NA,NA,NA,NA,NA,NA,NA
2016-09-16,79.5918,0,1.473984e+12,12108099584,99438304,0,43595500,0,2471040000,"1473984120",NA,NA,NA,NA,NA,NA,NA
2016-09-17,79.5364,0,1474070400000,12117199872,112198000,0,50784500,0,2479620096,"1474070520",NA,NA,NA,NA,NA,NA,NA
2016-09-18,79.4352,0,1474156800000,12115500032,56705600,0,23089500,0,2491520000,"1474156920",NA,NA,NA,NA,NA,NA,NA
2016-09-19,79.6676,0,1474243200000,12152899584,89260400,0,40554400,0,2470980096,"1474243320",NA,NA,NA,NA,NA,NA,NA
2016-09-20,79.2968,0,1474329600000,12198599680,85705200,0,34247300,0,2525499904,"1474329720",NA,NA,NA,NA,NA,NA,NA
2016-09-21,78.4533,0,1.474416e+12,12216500224,133314000,0,60457700,0,2632260096,"1474416120",NA,NA,NA,NA,NA,NA,NA
2016-09-22,78.8736,0,1474502400000,12025900032,127748000,0,52457700,0,2540649984,"1474502520",NA,NA,NA,NA,NA,NA,NA
2016-09-23,79.088,0,1474588800000,11972899840,111751000,0,48233500,0,2503770112,"1474588920",NA,NA,NA,NA,NA,NA,NA
2016-09-24,79.0542,0,1474675200000,12115099648,74273696,0,26878200,0,2537609984,"1474675320",NA,NA,NA,NA,NA,NA,NA
2016-09-25,79.1967,0,1474761600000,12090600448,55835500,0,23927800,0,2515249920,"1474761720",NA,NA,NA,NA,NA,NA,NA
2016-09-26,78.8756,0,1.474848e+12,12102400000,50342200,0,19894800,0,2556559872,"1474848120",NA,NA,NA,NA,NA,NA,NA
2016-09-27,79.4056,0,1474934400000,12167400448,88767904,0,33200700,0,2505799936,"1474934520",NA,NA,NA,NA,NA,NA,NA
2016-09-28,79.1594,0,1475020800000,12171100160,70395600,0,24577300,0,2536519936,"1475020920",NA,NA,NA,NA,NA,NA,NA
2016-09-29,78.8858,0,1475107200000,12190000128,77590704,0,32460200,0,2573809920,"1475107320",NA,NA,NA,NA,NA,NA,NA
2016-09-30,79.0179,0,1475193600000,12184899584,80018896,0,28004600,0,2556640000,"1475193720",NA,NA,NA,NA,NA,NA,NA
2016-10-01,79.1394,0,1.47528e+12,12252199936,83884496,0,31312400,0,2555869952,"1475280120",NA,NA,NA,NA,NA,NA,NA
2016-10-02,79.6982,0,1475366400000,12247900160,87448096,0,34947500,0,2486530048,"1475366520",NA,NA,NA,NA,NA,NA,NA
2016-10-03,79.532,0,1475452800000,12215199744,56122400,0,20502000,0,2500209920,"1475452920",NA,NA,NA,NA,NA,NA,NA
2016-10-04,79.4251,0,1475539200000,12254699520,65700000,0,22588300,0,2521400064,"1475539320",NA,NA,NA,NA,NA,NA,NA
2016-10-05,79.5862,0,1475625600000,12194700288,71235800,0,24568700,0,2489400064,"1475625720",NA,NA,NA,NA,NA,NA,NA
2016-10-06,79.2691,0,1.475712e+12,12290299904,112519000,0,48061600,0,2547879936,"1475712120",NA,NA,NA,NA,NA,NA,NA
2016-10-07,79.4637,0,1475798400000,12264399872,90591000,0,37550800,0,2518650112,"1475798520",NA,NA,NA,NA,NA,NA,NA
2016-10-08,79.8398,0,1475884800000,12302300160,89699600,0,29303300,0,2480160000,"1475884920",NA,NA,NA,NA,NA,NA,NA
2016-10-09,80.1315,0,1475971200000,12295400448,65402000,0,26822900,0,2442899968,"1475971320",NA,NA,NA,NA,NA,NA,NA
2016-10-10,80.0888,0,1476057600000,12256700416,59375100,0,23816200,0,2440460032,"1476057720",NA,NA,NA,NA,NA,NA,NA
2016-10-11,80.3575,0,1.476144e+12,12264800256,103168000,0,38900600,0,2409110016,"1476144120",NA,NA,NA,NA,NA,NA,NA
2016-10-12,80.8911,0,1476230400000,12610799616,144547008,0,45233600,0,2409779968,"1476230520",NA,NA,NA,NA,NA,NA,NA
2016-10-13,80.8186,0,1476316800000,12528100352,118449000,0,30070800,0,2403079936,"1476316920",NA,NA,NA,NA,NA,NA,NA
2016-10-14,80.7098,0,1476403200000,12565499904,85610600,0,27833800,0,2423920128,"1476403320",NA,NA,NA,NA,NA,NA,NA
2016-10-15,80.7345,0,1476489600000,12628100096,74992704,0,20702100,0,2432859904,"1476489720",NA,NA,NA,NA,NA,NA,NA
2016-10-16,80.9004,0,1.476576e+12,12579399680,52566100,0,17375100,0,2402619904,"1476576120",NA,NA,NA,NA,NA,NA,NA
2016-10-17,80.8896,0,1476662400000,12636099584,55561800,0,18944900,0,2414810112,"1476662520",NA,NA,NA,NA,NA,NA,NA
2016-10-18,80.7758,0,1476748800000,12607699968,82007904,0,27695900,0,2423719936,"1476748920",NA,NA,NA,NA,NA,NA,NA
2016-10-19,80.3692,0,1476835200000,12647600128,100712000,0,38865400,0,2482840064,"1476835320",NA,NA,NA,NA,NA,NA,NA
2016-10-20,80.5142,0,1476921600000,12478199808,96017400,0,30387300,0,2431480064,"1476921720",NA,NA,NA,NA,NA,NA,NA
2016-10-21,80.3743,0,1.477008e+12,12504399872,81748000,0,28590300,0,2454089984,"1477008120",NA,NA,NA,NA,NA,NA,NA
2016-10-22,80.3334,0,1477094400000,12558199808,74933696,0,22822600,0,2469760000,"1477094520",NA,NA,NA,NA,NA,NA,NA
2016-10-23,80.9527,0,1477180800000,12945399808,101019000,0,26080300,0,2465760000,"1477180920",NA,NA,NA,NA,NA,NA,NA
2016-10-24,80.9374,0,1477267200000,12940300288,68805904,0,18558300,0,2466759936,"1477267320",NA,NA,NA,NA,NA,NA,NA
2016-10-25,80.9861,0,1477353600000,12871700480,77094896,0,18578600,0,2447419904,"1477353720",NA,NA,NA,NA,NA,NA,NA
2016-10-26,81.3817,0,1.47744e+12,12882499584,124958000,0,38818300,0,2398510080,"1477440120",NA,NA,NA,NA,NA,NA,NA
2016-10-27,81.7844,0,1477526400000,13220700160,115474000,0,30552200,0,2408219904,"1477526520",NA,NA,NA,NA,NA,NA,NA
2016-10-28,82.2018,0,1477612800000,13345000448,129561000,0,37787400,0,2375180032,"1477612920",NA,NA,NA,NA,NA,NA,NA
2016-10-29,82.7749,0,1477699200000,13298199552,113772000,0,36821200,0,2290629888,"1477699320",NA,NA,NA,NA,NA,NA,NA
2016-10-30,83.8903,0,1477785600000,13575900160,201996992,0,70181400,0,2187030016,"1477785720",NA,NA,NA,NA,NA,NA,NA
2016-10-31,82.9466,0,1.477872e+12,13511400448,136788000,0,40785200,0,2304140032,"1477872120",NA,NA,NA,NA,NA,NA,NA
2016-11-01,83.1748,0,1477958400000,13450800128,129297000,0,36809300,0,2263119872,"1477958520",NA,NA,NA,NA,NA,NA,NA
2016-11-02,83.9062,0,1478044800000,13881199616,175840992,0,50772600,0,2234010112,"1478044920",NA,NA,NA,NA,NA,NA,NA
2016-11-03,84.0364,0,1478131200000,14094300160,113837000,0,32600400,0,2249949952,"1478131320",NA,NA,NA,NA,NA,NA,NA
2016-11-04,83.187,0,1478217600000,13218899968,211012992,0,44008400,0,2222500096,"1478217720",NA,NA,NA,NA,NA,NA,NA
2016-11-05,83.1209,0,1.478304e+12,13507099648,126540000,0,31230400,0,2279879936,"1478304120",NA,NA,NA,NA,NA,NA,NA
2016-11-06,82.9111,0,1478390400000,13548300288,70251000,0,20525200,0,2315259904,"1478390520",NA,NA,NA,NA,NA,NA,NA
2016-11-07,83.1998,0,1478476800000,13635600384,75006200,0,19419100,0,2290810112,"1478476920",NA,NA,NA,NA,NA,NA,NA
2016-11-08,83.1313,0,1478563200000,13501500416,88908600,0,28447700,0,2277540096,"1478563320",NA,NA,NA,NA,NA,NA,NA
2016-11-09,83.2566,0,1478649600000,13612099584,107595000,0,32523400,0,2279130112,"1478649720",NA,NA,NA,NA,NA,NA,NA
2016-11-10,83.6795,0,1.478736e+12,13793200128,172436000,0,44852700,0,2251120128,"1478736120",NA,NA,NA,NA,NA,NA,NA
2016-11-11,83.5657,0,1478822400000,13674399744,86677600,0,22199700,0,2247300096,"1478822520",NA,NA,NA,NA,NA,NA,NA
2016-11-12,83.6585,0,1478908800000,13683800064,82524496,0,23590100,0,2236140032,"1478908920",NA,NA,NA,NA,NA,NA,NA
2016-11-13,83.5932,0,1478995200000,13475399680,93616400,0,33318800,0,2210889984,"1478995320",NA,NA,NA,NA,NA,NA,NA
2016-11-14,83.4266,0,1479081600000,13442499584,108066000,0,31756600,0,2227879936,"1479081720",NA,NA,NA,NA,NA,NA,NA
2016-11-15,83.5408,0,1.479168e+12,13506499584,78944800,0,20019000,0,2223049984,"1479168120",NA,NA,NA,NA,NA,NA,NA
2016-11-16,83.5759,0,1479254400000,13603300352,105565000,0,37957000,0,2234210048,"1479254520",NA,NA,NA,NA,NA,NA,NA
2016-11-17,84.4179,0,1479340800000,14109899776,174356992,0,37495800,0,2198609920,"1479340920",NA,NA,NA,NA,NA,NA,NA
2016-11-18,84.4708,0,1479427200000,14023799808,128337000,0,24750600,0,2177789952,"1479427320",NA,NA,NA,NA,NA,NA,NA
2016-11-19,84.9474,0,1479513600000,14156300288,111038000,0,28384800,0,2130889984,"1479513720",NA,NA,NA,NA,NA,NA,NA
2016-11-20,84.8547,0,1.4796e+12,14174199808,125023000,0,20075100,0,2146720000,"1479600120",NA,NA,NA,NA,NA,NA,NA
2016-11-21,84.6703,0,1479686400000,13816999936,169604992,0,19929900,0,2118099968,"1479686520",NA,NA,NA,NA,NA,NA,NA
2016-11-22,84.7305,0,1479772800000,13966900224,73458304,0,16935300,0,2132679936,"1479772920",NA,NA,NA,NA,NA,NA,NA
2016-11-23,84.7631,0,1479859200000,14191399936,158980992,0,33393300,0,2162330112,"1479859320",NA,NA,NA,NA,NA,NA,NA
2016-11-24,84.7682,0,1479945600000,14057700352,94478096,0,22390900,0,2141240064,"1479945720",NA,NA,NA,NA,NA,NA,NA
2016-11-25,85.0612,0,1.480032e+12,13932499968,119350000,0,37634600,0,2081350016,"1480032120",NA,NA,NA,NA,NA,NA,NA
2016-11-26,84.9834,0,1480118400000,13966999552,86990000,0,23575600,0,2097360000,"1480118520",NA,NA,NA,NA,NA,NA,NA
2016-11-27,84.8833,0,1480204800000,13870499840,65053400,0,14341200,0,2096770048,"1480204920",NA,NA,NA,NA,NA,NA,NA
2016-11-28,85.0007,0,1480291200000,13797300224,67785296,0,19369000,0,2069500032,"1480291320",NA,NA,NA,NA,NA,NA,NA
2016-11-29,85.2206,0,1480377600000,13835700224,75703696,0,18147300,0,2044850048,"1480377720",NA,NA,NA,NA,NA,NA,NA
2016-11-30,85.597,0,1.480464e+12,13775699968,95553296,0,31161000,0,1984109952,"1480464120",NA,NA,NA,NA,NA,NA,NA
2016-12-01,85.4889,0,1480550400000,13977499648,111976000,0,32267400,0,2028290048,"1480550520",NA,NA,NA,NA,NA,NA,NA
2016-12-02,85.7514,0,1480636800000,14151100416,98119104,0,22081900,0,2016339968,"1480636920",NA,NA,NA,NA,NA,NA,NA
2016-12-03,86.4971,0,1480723200000,14414100480,162223008,0,39249100,0,1946320000,"1480723320",NA,NA,NA,NA,NA,NA,NA
2016-12-04,86.2878,0,1480809600000,14328299520,90761400,0,25976200,0,1964720000,"1480809720",NA,NA,NA,NA,NA,NA,NA
2016-12-05,86.6794,0,1.480896e+12,14297600000,77783504,0,21455700,0,1904530048,"1480896120",NA,NA,NA,NA,NA,NA,NA
2016-12-06,86.9396,0,1480982400000,13986100224,142860000,0,40999000,0,1826630016,"1480982520",NA,NA,NA,NA,NA,NA,NA
2016-12-07,86.3811,0,1481068800000,14180100096,186526000,0,74761104,0,1931170048,"1481068920",NA,NA,NA,NA,NA,NA,NA
2016-12-08,86.0215,0,1481155200000,14313299968,132767000,0,40789200,0,2000770048,"1481155320",NA,NA,NA,NA,NA,NA,NA
2016-12-09,86.0597,0,1481241600000,14343499776,107275000,0,31947400,0,1999529984,"1481241720",NA,NA,NA,NA,NA,NA,NA
2016-12-10,85.9195,0,1.481328e+12,14425799680,89852096,0,25723800,0,2031219968,"1481328120",NA,NA,NA,NA,NA,NA,NA
2016-12-11,86.2633,0,1481414400000,14401999872,67985400,0,19123900,0,1978360064,"1481414520",NA,NA,NA,NA,NA,NA,NA
2016-12-12,86.114,0,1481500800000,14341300224,71139600,0,18247900,0,1991440000,"1481500920",NA,NA,NA,NA,NA,NA,NA
2016-12-13,86.0489,0,1481587200000,14551600128,94480800,0,22275400,0,2030109952,"1481587320",NA,NA,NA,NA,NA,NA,NA
2016-12-14,86.05,0,1481673600000,14541500416,97809296,0,21007600,0,2028530048,"1481673720",NA,NA,NA,NA,NA,NA,NA
2016-12-15,86.1152,0,1.48176e+12,14529099776,95662600,0,25726300,0,2017330048,"1481760120",NA,NA,NA,NA,NA,NA,NA
2016-12-16,86.2589,0,1481846400000,14489900032,107755000,0,30635900,0,1991059968,"1481846520",NA,NA,NA,NA,NA,NA,NA
2016-12-17,86.2597,0,1481932800000,14606600192,99339104,0,20382000,0,2006989952,"1481932920",NA,NA,NA,NA,NA,NA,NA
2016-12-18,86.4763,0,1482019200000,14680099840,95466400,0,22857300,0,1985289984,"1482019320",NA,NA,NA,NA,NA,NA,NA
2016-12-19,86.3352,0,1482105600000,14699799552,75142096,0,19752600,0,2008700032,"1482105720",NA,NA,NA,NA,NA,NA,NA
2016-12-20,86.4053,0,1.482192e+12,14718499840,90277200,0,23434500,0,2000940032,"1482192120",NA,NA,NA,NA,NA,NA,NA
2016-12-21,86.5444,0,1482278400000,14852200448,124717000,0,29927600,0,1998450048,"1482278520",NA,NA,NA,NA,NA,NA,NA
2016-12-22,86.7918,0,1482364800000,15432099840,187686000,0,38035600,0,2038310016,"1482364920",NA,NA,NA,NA,NA,NA,NA
2016-12-23,87.3073,0,1482451200000,15907699712,243860000,0,51333600,0,2019110016,"1482451320",NA,NA,NA,NA,NA,NA,NA
2016-12-24,87.8753,0,1482537600000,16853799936,338100000,0,68753600,0,2043469952,"1482537720",NA,NA,NA,NA,NA,NA,NA
2016-12-25,87.5726,0,1.482624e+12,16500700160,180072000,0,48664200,0,2050610048,"1482624120",NA,NA,NA,NA,NA,NA,NA
2016-12-26,87.5978,0,1482710400000,16447699968,183375008,0,45503100,0,2039879936,"1482710520",NA,NA,NA,NA,NA,NA,NA
2016-12-27,87.5798,0,1482796800000,16662899712,149052992,0,31365400,0,2069560064,"1482796920",NA,NA,NA,NA,NA,NA,NA
2016-12-28,87.9191,0,1482883200000,17084499968,211112992,0,48491900,0,2063970048,"1482883320",NA,NA,NA,NA,NA,NA,NA
2016-12-29,88.0351,0,1482969600000,17799700480,293616000,0,62631300,0,2129699968,"1482969720",NA,NA,NA,NA,NA,NA,NA
2016-12-30,87.4089,0,1.483056e+12,17881700352,265358000,0,72994400,0,2251500032,"1483056120",NA,NA,NA,NA,NA,NA,NA
2016-12-31,87.2375,0,1483142400000,17699600384,236040992,0,55485000,0,2258909952,"1483142520",NA,NA,NA,NA,NA,NA,NA
2017-01-01,87.3457,0,1483228800000,17735499776,130048000,0,37257200,0,2244300032,"1483228920",NA,NA,NA,NA,NA,NA,NA
2017-01-02,87.6238,0,1483315200000,18322800640,188274000,0,46141100,0,2267670016,"1483315320",NA,NA,NA,NA,NA,NA,NA
2017-01-03,87.5888,0,1483401600000,18754199552,277449984,0,61539000,0,2327630080,"1483401720",NA,NA,NA,NA,NA,NA,NA
2017-01-04,87.1329,0,1.483488e+12,19275599872,263236992,0,83941104,0,2480209920,"1483488120",NA,NA,NA,NA,NA,NA,NA
2017-01-05,86.9902,0,1483574400000,21386299392,440440992,0,102718000,0,2782309888,"1483574520",NA,NA,NA,NA,NA,NA,NA
2017-01-06,86.5412,0,1483660800000,18851201024,615907968,0,115980000,0,2537149952,"1483660920",NA,NA,NA,NA,NA,NA,NA
2017-01-07,85.7054,0,1483747200000,16979600384,465452992,0,74678304,0,2427170048,"1483747320",NA,NA,NA,NA,NA,NA,NA
2017-01-08,85.9575,0,1483833600000,16998400000,343017984,0,69283200,0,2387010048,"1483833720",NA,NA,NA,NA,NA,NA,NA
2017-01-09,85.7632,0,1.48392e+12,17134199808,206334000,0,48436100,0,2439369984,"1483920120",NA,NA,NA,NA,NA,NA,NA
2017-01-10,85.5709,0,1484006400000,16971400192,192399008,0,56250600,0,2448819968,"1484006520",NA,NA,NA,NA,NA,NA,NA
2017-01-11,85.326,0,1484092800000,17129299968,152751008,0,42784700,0,2513550080,"1484092920",NA,NA,NA,NA,NA,NA,NA
2017-01-12,84.6161,0,1484179200000,14746200064,386102016,0,81053800,0,2268539904,"1484179320",NA,NA,NA,NA,NA,NA,NA
2017-01-13,84.7249,0,1484265600000,15271900160,291750016,0,76274704,0,2332780032,"1484265720",NA,NA,NA,NA,NA,NA,NA
2017-01-14,85.0318,0,1.484352e+12,15623799808,223600992,0,59774700,0,2338599936,"1484352120",NA,NA,NA,NA,NA,NA,NA
2017-01-15,84.8115,0,1484438400000,15533599744,134163000,0,45884500,0,2359310080,"1484438520",NA,NA,NA,NA,NA,NA,NA
2017-01-16,84.7956,0,1484524800000,15607600128,113635000,0,48080900,0,2373050112,"1484524920",NA,NA,NA,NA,NA,NA,NA
2017-01-17,84.9734,0,1484611200000,15750700032,116660000,0,40118700,0,2366799872,"1484611320",NA,NA,NA,NA,NA,NA,NA
2017-01-18,85.4873,0,1484697600000,17135800320,194284000,0,45596600,0,2486870016,"1484697720",NA,NA,NA,NA,NA,NA,NA
2017-01-19,85.3019,0,1.484784e+12,16777700352,253603008,0,33738900,0,2465999872,"1484784120",NA,NA,NA,NA,NA,NA,NA
2017-01-20,85.1959,0,1484870400000,16986800128,130782000,0,34045300,0,2514749952,"1484870520",NA,NA,NA,NA,NA,NA,NA
2017-01-21,85.1006,0,1484956800000,16958699520,114950000,0,35075100,0,2526739968,"1484956920",NA,NA,NA,NA,NA,NA,NA
2017-01-22,85.1798,0,1485043200000,17449699328,136883008,0,31462300,0,2586089984,"1485043320",NA,NA,NA,NA,NA,NA,NA
2017-01-23,85.3848,0,1485129600000,17472399360,155515008,0,44217400,0,2553619968,"1485129720",NA,NA,NA,NA,NA,NA,NA
2017-01-24,85.1018,0,1.485216e+12,17251600384,97353104,0,26031500,0,2570170112,"1485216120",NA,NA,NA,NA,NA,NA,NA
2017-01-25,85.0544,0,1485302400000,16907700224,127476000,0,28278800,0,2526960128,"1485302520",NA,NA,NA,NA,NA,NA,NA
2017-01-26,85.2081,0,1485388800000,17077300224,150236992,0,35412300,0,2526070016,"1485388920",NA,NA,NA,NA,NA,NA,NA
2017-01-27,85.1999,0,1485475200000,17383100416,158440000,0,32195900,0,2572730112,"1485475320",NA,NA,NA,NA,NA,NA,NA
2017-01-28,85.2727,0,1485561600000,17398099968,184704000,0,65513100,0,2562259968,"1485561720",NA,NA,NA,NA,NA,NA,NA
2017-01-29,85.1483,0,1.485648e+12,17468299264,99483600,0,35685800,0,2594350080,"1485648120",NA,NA,NA,NA,NA,NA,NA
2017-01-30,85.0664,0,1485734400000,17450999808,85046200,0,29779000,0,2606070016,"1485734520",NA,NA,NA,NA,NA,NA,NA
2017-01-31,84.9664,0,1485820800000,17488900096,110616000,0,37855100,0,2629199872,"1485820920",NA,NA,NA,NA,NA,NA,NA
2017-02-01,85.4193,0,1485907200000,18342299648,214916992,0,56456200,0,2674429952,"1485907320",NA,NA,NA,NA,NA,NA,NA
2017-02-02,85.5551,0,1485993600000,18675499008,188458000,0,45261500,0,2697659904,"1485993720",NA,NA,NA,NA,NA,NA,NA
2017-02-03,85.694,0,1.48608e+12,19051599872,177143008,0,38183700,0,2725519872,"1486080120",NA,NA,NA,NA,NA,NA,NA
2017-02-04,85.715,0,1486166400000,19423399936,241972992,0,46639500,0,2774619904,"1486166520",NA,NA,NA,NA,NA,NA,NA
2017-02-05,85.657,0,1486252800000,19668500480,194102000,0,46591600,0,2821040128,"1486252920",NA,NA,NA,NA,NA,NA,NA
2017-02-06,85.5334,0,1486339200000,19413899264,140150000,0,31647700,0,2808519936,"1486339320",NA,NA,NA,NA,NA,NA,NA
2017-02-07,85.542,0,1486425600000,19635499008,137586000,0,30665300,0,2838899968,"1486425720",NA,NA,NA,NA,NA,NA,NA
2017-02-08,85.6949,0,1.486512e+12,20020699136,180884992,0,39585800,0,2863990016,"1486512120",NA,NA,NA,NA,NA,NA,NA
2017-02-09,85.803,0,1486598400000,20042600448,233024992,0,37812100,0,2845440000,"1486598520",NA,NA,NA,NA,NA,NA,NA
2017-02-10,85.5732,0,1486684800000,18795200512,476102016,0,75078000,0,2711549952,"1486684920",NA,NA,NA,NA,NA,NA,NA
2017-02-11,85.4328,0,1486771200000,18700900352,220735008,0,38140700,0,2724189952,"1486771320",NA,NA,NA,NA,NA,NA,NA
2017-02-12,85.4689,0,1486857600000,18971400192,120120000,0,25290500,0,2756760064,"1486857720",NA,NA,NA,NA,NA,NA,NA
2017-02-13,85.4376,0,1.486944e+12,18892699648,83813296,0,23943000,0,2751229952,"1486944120",NA,NA,NA,NA,NA,NA,NA
2017-02-14,85.5136,0,1487030400000,18743199744,122271000,0,28376500,0,2715219968,"1487030520",NA,NA,NA,NA,NA,NA,NA
2017-02-15,84.756,0,1487116800000,19189299200,200404000,0,69853104,0,2925210112,"1487116920",NA,NA,NA,NA,NA,NA,NA
2017-02-16,84.7288,0,1487203200000,19224999936,124287000,0,42558800,0,2935889920,"1487203320",NA,NA,NA,NA,NA,NA,NA
2017-02-17,85.0605,0,1487289600000,19503300608,178374000,0,64711500,0,2913690112,"1487289720",NA,NA,NA,NA,NA,NA,NA
2017-02-18,85.382,0,1.487376e+12,19869300736,165852000,0,35259000,0,2904499968,"1487376120",NA,NA,NA,NA,NA,NA,NA
2017-02-19,85.4665,0,1487462400000,19957000192,125530000,0,33610100,0,2900450048,"1487462520",NA,NA,NA,NA,NA,NA,NA
2017-02-20,85.3965,0,1487548800000,19860500480,99508200,0,30125000,0,2900329984,"1487548920",NA,NA,NA,NA,NA,NA,NA
2017-02-21,86.0338,0,1487635200000,20290799616,146864000,0,43544000,0,2833850112,"1487635320",NA,NA,NA,NA,NA,NA,NA
2017-02-22,86.3884,0,1487721600000,20874799104,225440992,0,47943000,0,2841390080,"1487721720",NA,NA,NA,NA,NA,NA,NA
2017-02-23,86.3953,0,1.487808e+12,20921600000,163139008,0,34102800,0,2846320128,"1487808120",NA,NA,NA,NA,NA,NA,NA
2017-02-24,86.5649,0,1487894400000,21919199232,228374000,0,43424300,0,2944880128,"1487894520",NA,NA,NA,NA,NA,NA,NA
2017-02-25,86.6993,0,1487980800000,21845000192,386668000,0,71983400,0,2905550080,"1487980920",NA,NA,NA,NA,NA,NA,NA
2017-02-26,86.3043,0,1488067200000,21457600512,180372992,0,48560500,0,2938769920,"1488067320",NA,NA,NA,NA,NA,NA,NA
2017-02-27,86.0575,0,1488153600000,21889099776,150510000,0,43459700,0,3051889920,"1488153720",NA,NA,NA,NA,NA,NA,NA
2017-02-28,85.8798,0,1.48824e+12,22256199680,181712000,0,56866800,0,3142619904,"1488240120",NA,NA,NA,NA,NA,NA,NA
2017-03-01,85.6203,0,1488326400000,22313400320,284716000,0,107344000,0,3208600064,"1488326520",NA,NA,NA,NA,NA,NA,NA
2017-03-02,85.2268,0,1488412800000,23267000320,346087008,0,122568000,0,3437289984,"1488412920",NA,NA,NA,NA,NA,NA,NA
2017-03-03,84.7357,0,1488499200000,23902199808,570705984,0,212512000,0,3648489984,"1488499320",NA,NA,NA,NA,NA,NA,NA
2017-03-04,84.6078,0,1488585600000,24452599808,485223008,0,179242000,0,3763800064,"1488585720",NA,NA,NA,NA,NA,NA,NA
2017-03-05,84.844,0,1.488672e+12,23945199616,244251008,0,69164800,0,3629129984,"1488672120",NA,NA,NA,NA,NA,NA,NA
2017-03-06,84.5905,0,1488758400000,24272099328,191974000,0,66459600,0,3740199936,"1488758520",NA,NA,NA,NA,NA,NA,NA
2017-03-07,84.3868,0,1488844800000,24443600896,220022000,0,75233296,0,3816430080,"1488844920",NA,NA,NA,NA,NA,NA,NA
2017-03-08,84.1879,0,1488931200000,23542300672,370208000,0,86834800,0,3722540032,"1488931320",NA,NA,NA,NA,NA,NA,NA
2017-03-09,84.567,0,1489017600000,22042800128,415950016,0,91060000,0,3401860096,"1489017720",NA,NA,NA,NA,NA,NA,NA
2017-03-10,84.2427,0,1.489104e+12,22880700416,284588000,0,82311400,0,3605380096,"1489104120",NA,NA,NA,NA,NA,NA,NA
2017-03-11,82.995,0,1489190400000,21801000960,735966976,0,181599008,0,3707249920,"1489190520",NA,NA,NA,NA,NA,NA,NA
2017-03-12,82.0886,0,1489276800000,23235000320,438094016,0,166152000,0,4161700096,"1489276920",NA,NA,NA,NA,NA,NA,NA
2017-03-13,81.6471,0,1489363200000,24260100096,400392000,0,180491008,0,4452440064,"1489363320",NA,NA,NA,NA,NA,NA,NA
2017-03-14,79.9307,0,1489449600000,24994400256,798246016,0,424919008,0,5016209920,"1489449720",NA,NA,NA,NA,NA,NA,NA
2017-03-15,79.6403,0,1.489536e+12,25251500032,452431008,0,214588992,0,5141130240,"1489536120",NA,NA,NA,NA,NA,NA,NA
2017-03-16,77.4256,0,1489622400000,26210600960,613422976,0,321684992,0,5916890112,"1489622520",NA,NA,NA,NA,NA,NA,NA
2017-03-17,73.4475,0,1489708800000,26061799424,1222800000,0,612606016,0,6920070144,"1489708920",NA,NA,NA,NA,NA,NA,NA
2017-03-18,71.7983,0,1489795200000,24845500416,1400600064,0,705040000,0,7006859776,"1489795320",NA,NA,NA,NA,NA,NA,NA
2017-03-19,72.6994,0,1489881600000,21796599808,1118680064,0,503032000,0,5950589952,"1489881720",NA,NA,NA,NA,NA,NA,NA
2017-03-20,70.6144,0,1.489968e+12,23833399296,780966976,0,390768992,0,7003559936,"1489968120",NA,NA,NA,NA,NA,NA,NA
2017-03-21,71.3578,0,1490054400000,23999600640,544150016,0,257476992,0,6874010112,"1490054520",NA,NA,NA,NA,NA,NA,NA
2017-03-22,72.501,0,1490140800000,25085300736,575729024,0,245182000,0,6898209792,"1490140920",NA,NA,NA,NA,NA,NA,NA
2017-03-23,71.1711,0,1490227200000,23947100160,631254016,0,257024000,0,6903680000,"1490227320",NA,NA,NA,NA,NA,NA,NA
2017-03-24,70.2637,0,1490313600000,23991099392,436001984,0,194247008,0,7134060032,"1490313720",NA,NA,NA,NA,NA,NA,NA
2017-03-25,65.7176,0,1.4904e+12,23136600064,966321024,0,479217984,0,7931789824,"1490400120",NA,NA,NA,NA,NA,NA,NA
2017-03-26,67.4452,0,1490486400000,23448399872,770211008,0,342476992,0,7633580032,"1490486520",NA,NA,NA,NA,NA,NA,NA
2017-03-27,67.0619,0,1490572800000,23537999872,541164032,0,231586000,0,7752970240,"1490572920",NA,NA,NA,NA,NA,NA,NA
2017-03-28,69.1214,0,1490659200000,24543000576,647662016,0,281819008,0,7578549760,"1490659320",NA,NA,NA,NA,NA,NA,NA
2017-03-29,68.4768,0,1490745600000,24812599296,558588032,0,240083008,0,7821709824,"1490745720",NA,NA,NA,NA,NA,NA,NA
2017-03-30,67.6674,0,1.490832e+12,25019199488,539153984,0,247656992,0,8089350144,"1490832120",NA,NA,NA,NA,NA,NA,NA
2017-03-31,66.7849,0,1490918400000,24974200832,782729024,0,435928992,0,8295220224,"1490918520",NA,NA,NA,NA,NA,NA,NA
2017-04-01,67.242,0,1491004800000,25896099840,921254016,0,483003008,0,8483040256,"1491004920",NA,NA,NA,NA,NA,NA,NA
2017-04-02,67.1413,0,1491091200000,26152900608,541278016,0,260012000,0,8593510400,"1491091320",NA,NA,NA,NA,NA,NA,NA
2017-04-03,64.6635,0,1491177600000,27719800832,1112390016,0,604334016,0,9795210240,"1491177720",NA,NA,NA,NA,NA,NA,NA
2017-04-04,68.9019,0,1.491264e+12,27022399488,1205040000,0,631024000,0,8403469824,"1491264120",NA,NA,NA,NA,NA,NA,NA
2017-04-05,67.99,0,1491350400000,27115300864,910126976,0,482320992,0,8679619584,"1491350520",NA,NA,NA,NA,NA,NA,NA
2017-04-06,67.369,0,1491436800000,27167700992,911342976,0,503334016,0,8865099776,"1491436920",NA,NA,NA,NA,NA,NA,NA
2017-04-07,69.469,0,1491523200000,27593000960,965302976,0,494176000,0,8424419840,"1491523320",NA,NA,NA,NA,NA,NA,NA
2017-04-08,69.3587,0,1491609600000,27492800512,567630976,0,278643008,0,8424130048,"1491609720",NA,NA,NA,NA,NA,NA,NA
2017-04-09,68.5608,0,1.491696e+12,27908700160,416222016,0,215134000,0,8774280192,"1491696120",NA,NA,NA,NA,NA,NA,NA
2017-04-10,69.3617,0,1491782400000,27841400832,477324992,0,242942000,0,8530129920,"1491782520",NA,NA,NA,NA,NA,NA,NA
2017-04-11,69.3501,0,1491868800000,27852900352,420535008,0,212179008,0,8536880128,"1491868920",NA,NA,NA,NA,NA,NA,NA
2017-04-12,69.5358,0,1491955200000,28188100608,383667008,0,175592000,0,8587279872,"1491955320",NA,NA,NA,NA,NA,NA,NA
2017-04-13,68.2627,0,1492041600000,28626599936,1519510016,0,1238380032,0,9085309952,"1492041720",NA,NA,NA,NA,NA,NA,NA
2017-04-14,66.779,0,1.492128e+12,28517599232,691377024,0,347892000,0,9473850368,"1492128120",NA,NA,NA,NA,NA,NA,NA
2017-04-15,67.3392,0,1492214400000,28210200576,494124992,0,247356992,0,9213670400,"1492214520",NA,NA,NA,NA,NA,NA,NA
2017-04-16,66.5772,0,1492300800000,28666099712,415431008,0,219986000,0,9581020160,"1492300920",NA,NA,NA,NA,NA,NA,NA
2017-04-17,66.8196,0,1492387200000,28824600576,334575008,0,159408000,0,9564109824,"1492387320",NA,NA,NA,NA,NA,NA,NA
2017-04-18,66.9859,0,1492473600000,29011699712,517019008,0,263776992,0,9577969664,"1492473720",NA,NA,NA,NA,NA,NA,NA
2017-04-19,66.5618,0,1.49256e+12,29648900096,556249984,0,294393984,0,9914070016,"1492560120",NA,NA,NA,NA,NA,NA,NA
2017-04-20,67.2774,0,1492646400000,29311299584,573859968,0,292471008,0,9591430144,"1492646520",NA,NA,NA,NA,NA,NA,NA
2017-04-21,67.4805,0,1492732800000,29668800512,598568000,0,292572992,0,9648149504,"1492732920",NA,NA,NA,NA,NA,NA,NA
2017-04-22,67.072,0,1492819200000,29690400768,521179008,0,257652000,0,9776459776,"1492819320",NA,NA,NA,NA,NA,NA,NA
2017-04-23,67.0163,0,1492905600000,29942200320,529624992,0,288823008,0,9876049920,"1492905720",NA,NA,NA,NA,NA,NA,NA
2017-04-24,66.5469,0,1.492992e+12,29611300864,580958976,0,328963008,0,9905899520,"1492992120",NA,NA,NA,NA,NA,NA,NA
2017-04-25,66.5039,0,1493078400000,30633299968,471428000,0,243984000,0,10261000192,"1493078520",NA,NA,NA,NA,NA,NA,NA
2017-04-26,66.5484,0,1493164800000,30996799488,458903008,0,224856992,0,10368900096,"1493164920",NA,NA,NA,NA,NA,NA,NA
2017-04-27,65.8515,0,1493251200000,31721699328,665433984,0,346046016,0,10832499712,"1493251320",NA,NA,NA,NA,NA,NA,NA
2017-04-28,64.266,0,1493337600000,33417299968,979403008,0,540819008,0,11941300224,"1493337720",NA,NA,NA,NA,NA,NA,NA
2017-04-29,61.7741,0,1.493424e+12,34771599360,1013420032,0,529568000,0,13291700224,"1493424120",NA,NA,NA,NA,NA,NA,NA
2017-04-30,61.0147,0,1493510400000,35316801536,947835008,0,535774016,0,13768299520,"1493510520",NA,NA,NA,NA,NA,NA,NA
2017-05-01,59.5149,0,1493596800000,36934901760,970486976,0,567368000,0,14953100288,"1493596920",NA,NA,NA,NA,NA,NA,NA
2017-05-02,60.9198,0,1493683200000,38034001920,1571139968,0,867756992,0,14863800320,"1493683320",NA,NA,NA,NA,NA,NA,NA
2017-05-03,61.448,0,1493769600000,38580801536,957603968,0,491844000,0,14873700352,"1493769720",NA,NA,NA,NA,NA,NA,NA
2017-05-04,60.5744,0,1.493856e+12,40135598080,1221920000,0,647617024,0,15823699968,"1493856120",NA,NA,NA,NA,NA,NA,NA
2017-05-05,57.3268,0,1493942400000,43841699840,1979049984,0,1054910016,0,18708699136,"1493942520",NA,NA,NA,NA,NA,NA,NA
2017-05-06,56.5889,0,1494028800000,44877299712,2075820032,0,1145309952,0,19481700352,"1494028920",NA,NA,NA,NA,NA,NA,NA
2017-05-07,55.6361,0,1494115200000,46316199936,1281159936,0,712940032,0,20547700736,"1494115320",NA,NA,NA,NA,NA,NA,NA
2017-05-08,53.737,0,1494201600000,48488898560,2381969920,0,1310979968,0,22432399360,"1494201720",NA,NA,NA,NA,NA,NA,NA
2017-05-09,53.217,0,1.494288e+12,52863201280,2789270016,0,1460930048,0,24731000832,"1494288120",NA,NA,NA,NA,NA,NA,NA
2017-05-10,55.7521,0,1494374400000,51420598272,2476640000,0,1319090048,0,22752499712,"1494374520",NA,NA,NA,NA,NA,NA,NA
2017-05-11,55.0575,0,1494460800000,52782399488,1896240000,0,989659008,0,23721699328,"1494460920",NA,NA,NA,NA,NA,NA,NA
2017-05-12,56.0218,0,1494547200000,53784498176,1529709952,0,740723968,0,23653500928,"1494547320",NA,NA,NA,NA,NA,NA,NA
2017-05-13,53.457,0,1494633600000,52626100224,1405650048,0,676662976,0,24493799424,"1494633720",NA,NA,NA,NA,NA,NA,NA
2017-05-14,53.7714,0,1.49472e+12,54685401088,1098070016,0,528502016,0,25280299008,"1494720120",NA,NA,NA,NA,NA,NA,NA
2017-05-15,53.5315,0,1494806400000,55168598016,864835968,0,438172992,0,25635999744,"1494806520",NA,NA,NA,NA,NA,NA,NA
2017-05-16,51.0156,0,1494892800000,55759998976,1481289984,0,757611008,0,27313700864,"1494892920",NA,NA,NA,NA,NA,NA,NA
2017-05-17,48.3792,0,1494979200000,58299400192,2063030016,0,1112809984,0,30094600192,"1494979320",NA,NA,NA,NA,NA,NA,NA
2017-05-18,47.8804,0,1495065600000,62051500032,2293519872,0,1242979968,0,32341000192,"1495065720",NA,NA,NA,NA,NA,NA,NA
2017-05-19,48.1079,0,1.495152e+12,64436498432,1900109952,0,1016419968,0,33437399040,"1495152120",NA,NA,NA,NA,NA,NA,NA
2017-05-20,47.6623,0,1495238400000,68025200640,2667899904,0,1524720000,0,35602800640,"1495238520",NA,NA,NA,NA,NA,NA,NA
2017-05-21,47.566,0,1495324800000,71015800832,2061840000,0,1108220032,0,37236400128,"1495324920",NA,NA,NA,NA,NA,NA,NA
2017-05-22,45.1491,0,1495411200000,73963102208,2676199936,0,1536640000,0,40569401344,"1495411320",NA,NA,NA,NA,NA,NA,NA
2017-05-23,46.5953,0,1495497600000,76880297984,4566680064,0,2641189888,0,41057701888,"1495497720",NA,NA,NA,NA,NA,NA,NA
2017-05-24,45.9356,0,1.495584e+12,82614001664,3089890048,0,1723609984,0,44664799232,"1495584120",NA,NA,NA,NA,NA,NA,NA
2017-05-25,47.1571,0,1495670400000,84813103104,3758299904,0,2049709952,0,44817698816,"1495670520",NA,NA,NA,NA,NA,NA,NA
2017-05-26,49.1713,0,1495756800000,77180297216,5551830016,0,3148770048,0,39229698048,"1495756920",NA,NA,NA,NA,NA,NA,NA
2017-05-27,48.9521,0,1495843200000,73371901952,4055360000,0,2325440000,0,37454798848,"1495843320",NA,NA,NA,NA,NA,NA,NA
2017-05-28,48.9581,0,1495929600000,68621799424,4543940096,0,2840829952,0,35025801216,"1495929720",NA,NA,NA,NA,NA,NA,NA
2017-05-29,48.7075,0,1.496016e+12,72521801728,2964450048,0,1834140032,0,37198299136,"1496016120",NA,NA,NA,NA,NA,NA,NA
2017-05-30,47.7202,0,1496102400000,77319397376,2490530048,0,1506169984,0,40422400000,"1496102520",NA,NA,NA,NA,NA,NA,NA
2017-05-31,45.6291,0,1496188800000,78429396992,3981509888,0,2541189888,0,42642698240,"1496188920",NA,NA,NA,NA,NA,NA,NA
2017-06-01,45.6507,0,1496275200000,82027700224,3922650112,0,2392189952,0,44581400576,"1496275320",NA,NA,NA,NA,NA,NA,NA
2017-06-02,44.7577,0,1496361600000,87905697792,4137979904,0,2496120064,0,48561098752,"1496361720",NA,NA,NA,NA,NA,NA,NA
2017-06-03,45.5077,0,1.496448e+12,89692700672,3134070016,0,1828550016,0,48875601920,"1496448120",NA,NA,NA,NA,NA,NA,NA
2017-06-04,45.9158,0,1496534400000,90836303872,3374629888,0,1873609984,0,49128099840,"1496534520",NA,NA,NA,NA,NA,NA,NA
2017-06-05,44.2182,0,1496620800000,93024903168,3325080064,0,1984099968,0,51890999296,"1496620920",NA,NA,NA,NA,NA,NA,NA
2017-06-06,45.183,0,1496707200000,97516699648,3089430016,0,1728540032,0,53455699968,"1496707320",NA,NA,NA,NA,NA,NA,NA
2017-06-07,45.9454,0,1496793600000,102272999424,4285400064,0,2209530112,0,55283499008,"1496793720",NA,NA,NA,NA,NA,NA,NA
2017-06-08,45.3355,0,1.49688e+12,98283003904,3345080064,0,1838649984,0,53725900800,"1496880120",NA,NA,NA,NA,NA,NA,NA
2017-06-09,45.2627,0,1496966400000,101600002048,2827269888,0,1563090048,0,55613300736,"1496966520",NA,NA,NA,NA,NA,NA,NA
2017-06-10,44.3667,0,1497052800000,104428003328,3309240064,0,1973299968,0,58097000448,"1497052920",NA,NA,NA,NA,NA,NA,NA
2017-06-11,43.7488,0,1497139200000,110193999872,5724980224,0,3717829888,0,61985501184,"1497139320",NA,NA,NA,NA,NA,NA,NA
2017-06-12,43.013,0,1497225600000,112503996416,5168019968,0,3434350080,0,64112599040,"1497225720",NA,NA,NA,NA,NA,NA,NA
2017-06-13,39.8757,0,1.497312e+12,110178000896,7365640192,0,4810690048,0,66243399680,"1497312120",NA,NA,NA,NA,NA,NA,NA
2017-06-14,38.7432,0,1497398400000,114931998720,4773779968,0,3022030080,0,70403801088,"1497398520",NA,NA,NA,NA,NA,NA,NA
2017-06-15,38.5917,0,1497484800000,106166001664,4640840192,0,2961019904,0,65194799104,"1497484920",NA,NA,NA,NA,NA,NA,NA
2017-06-16,38.697,0,1497571200000,104618000384,6107400192,0,4097619968,0,64134098944,"1497571320",NA,NA,NA,NA,NA,NA,NA
2017-06-17,38.3563,0,1497657600000,107459002368,3628110080,0,2450190080,0,66241601536,"1497657720",NA,NA,NA,NA,NA,NA,NA
2017-06-18,38.6865,0,1.497744e+12,112543997952,5432679936,0,3911589888,0,69004599296,"1497744120",NA,NA,NA,NA,NA,NA,NA
2017-06-19,37.8403,0,1497830400000,110465998848,4392139776,0,3227760128,0,68665098240,"1497830520",NA,NA,NA,NA,NA,NA,NA
2017-06-20,37.5556,0,1497916800000,113160003584,5108819968,0,3675079936,0,70662201344,"1497916920",NA,NA,NA,NA,NA,NA,NA
2017-06-21,38.8138,0,1498003200000,114497003520,5460839936,0,3632630016,0,70056697856,"1498003320",NA,NA,NA,NA,NA,NA,NA
2017-06-22,39.8493,0,1498089600000,110776000512,4990600192,0,3376379904,0,66632699904,"1498089720",NA,NA,NA,NA,NA,NA,NA
2017-06-23,40.0364,0,1.498176e+12,110938996736,3382970112,0,2308160000,0,66522898432,"1498176120",NA,NA,NA,NA,NA,NA,NA
2017-06-24,39.3046,0,1498262400000,114319998976,2860369920,0,1919399936,0,69386698752,"1498262520",NA,NA,NA,NA,NA,NA,NA
2017-06-25,39.1718,0,1498348800000,109221003264,3010210048,0,2047600000,0,66437201920,"1498348920",NA,NA,NA,NA,NA,NA,NA
2017-06-26,40.344,0,1498435200000,105378996224,3948720128,0,2804979968,0,62864699392,"1498435320",NA,NA,NA,NA,NA,NA,NA
2017-06-27,41.4516,0,1498521600000,98133803008,5796610048,0,4133360128,0,57455800320,"1498521720",NA,NA,NA,NA,NA,NA,NA
2017-06-28,41.2177,0,1.498608e+12,101672001536,5377310208,0,3882439936,0,59764899840,"1498608120",NA,NA,NA,NA,NA,NA,NA
2017-06-29,39.5808,0,1498694400000,106492002304,4589420032,0,3429850112,0,64341499904,"1498694520",NA,NA,NA,NA,NA,NA,NA
2017-06-30,40.7161,0,1498780800000,102389997568,3535020032,0,2603549952,0,60700598272,"1498780920",NA,NA,NA,NA,NA,NA,NA
2017-07-01,40.9425,0,1498867200000,99965100032,2797619968,0,1955160064,0,59036901376,"1498867320",NA,NA,NA,NA,NA,NA,NA
2017-07-02,41.7983,0,1498953600000,95722602496,2666660096,0,1905799936,0,55712198656,"1498953720",NA,NA,NA,NA,NA,NA,NA
2017-07-03,41.4008,0,1.49904e+12,99121397760,3227069952,0,2442279936,0,58084298752,"1499040120",NA,NA,NA,NA,NA,NA,NA
2017-07-04,41.6552,0,1499126400000,100991000576,3696859904,0,2751300096,0,58922799104,"1499126520",NA,NA,NA,NA,NA,NA,NA
2017-07-05,42.0717,0,1499212800000,101637996544,3650040064,0,2679589888,0,58877198336,"1499212920",NA,NA,NA,NA,NA,NA,NA
2017-07-06,42.344,0,1499299200000,101199003648,3244940032,0,2322710016,0,58347098112,"1499299320",NA,NA,NA,NA,NA,NA,NA
2017-07-07,42.3668,0,1499385600000,101174001664,2597250048,0,1848909952,0,58309898240,"1499385720",NA,NA,NA,NA,NA,NA,NA
2017-07-08,44.0405,0,1.499472e+12,94044504064,2922099968,0,2017319936,0,52626898944,"1499472120",NA,NA,NA,NA,NA,NA,NA
2017-07-09,43.8113,0,1499558400000,9.6512e+10,3001179904,0,2286759936,0,54228901888,"1499558520",NA,NA,NA,NA,NA,NA,NA
2017-07-10,44.2444,0,1499644800000,93564600320,2011049984,0,1483200000,0,52167499776,"1499644920",NA,NA,NA,NA,NA,NA,NA
2017-07-11,46.8018,0,1499731200000,83809099776,3256410112,0,2165870080,0,44585000960,"1499731320",NA,NA,NA,NA,NA,NA,NA
2017-07-12,47.8312,0,1499817600000,80190201856,4328620032,0,3033349888,0,41834299392,"1499817720",NA,NA,NA,NA,NA,NA,NA
2017-07-13,44.6143,0,1.499904e+12,88561401856,4307570176,0,3205969920,0,49050300416,"1499904120",NA,NA,NA,NA,NA,NA,NA
2017-07-14,45.9751,0,1499990400000,84443996160,3037299968,0,2220120064,0,45620801536,"1499990520",NA,NA,NA,NA,NA,NA,NA
2017-07-15,46.0818,0,1500076800000,79600295936,2751190016,0,1887480064,0,42918998016,"1500076920",NA,NA,NA,NA,NA,NA,NA
2017-07-16,46.7162,0,1500163200000,70141698048,2986220032,0,2014749952,0,37374201856,"1500163320",NA,NA,NA,NA,NA,NA,NA
2017-07-17,47.3712,0,1500249600000,67118899200,4084709888,0,2916610048,0,35323899904,"1500249720",NA,NA,NA,NA,NA,NA,NA
2017-07-18,46.3778,0,1.500336e+12,79239397376,4395630080,0,3205540096,0,42489901056,"1500336120",NA,NA,NA,NA,NA,NA,NA
2017-07-19,44.5044,0,1500422400000,85896601600,5824130048,0,4334199808,0,47668801536,"1500422520",NA,NA,NA,NA,NA,NA,NA
2017-07-20,46.4664,0,1500508800000,80395296768,4802760192,0,3575759872,0,43038498816,"1500508920",NA,NA,NA,NA,NA,NA,NA
2017-07-21,48.8824,0,1500595200000,95574196224,5977739776,0,3738390016,0,48855298048,"1500595320",NA,NA,NA,NA,NA,NA,NA
2017-07-22,47.9109,0,1500681600000,91690303488,3708630016,0,2261019904,0,47760699392,"1500681720",NA,NA,NA,NA,NA,NA,NA
2017-07-23,47.3702,0,1.500768e+12,97595203584,2760440064,0,1604359936,0,51364200448,"1500768120",NA,NA,NA,NA,NA,NA,NA
2017-07-24,47.2276,0,1500854400000,95274000384,3098880000,0,2050200064,0,50278301696,"1500854520",NA,NA,NA,NA,NA,NA,NA
2017-07-25,47.4101,0,1500940800000,95781502976,2150840064,0,1305309952,0,50371301376,"1500940920",NA,NA,NA,NA,NA,NA,NA
2017-07-26,48.1014,0,1501027200000,88261599232,3818030080,0,2373390080,0,45806600192,"1501027320",NA,NA,NA,NA,NA,NA,NA
2017-07-27,47.8138,0,1501113600000,87456800768,2470469888,0,1546499968,0,45640400896,"1501113720",NA,NA,NA,NA,NA,NA,NA
2017-07-28,49.0103,0,1.5012e+12,90071998464,1761650048,0,987766976,0,45927501824,"1501200120",NA,NA,NA,NA,NA,NA,NA
2017-07-29,51.403,0,1501286400000,90024501248,2711520000,0,1353080064,0,43749298176,"1501286520",NA,NA,NA,NA,NA,NA,NA
2017-07-30,49.6588,0,1501372800000,90397999104,2220470016,0,1433350016,0,45507497984,"1501372920",NA,NA,NA,NA,NA,NA,NA
2017-07-31,51.0544,0,1501459200000,89190703104,1695559936,0,1011699968,0,43654901760,"1501459320",NA,NA,NA,NA,NA,NA,NA
2017-08-01,51.3459,0,1501545600000,92162703360,2099890048,0,1260349952,0,44840898560,"1501545720",NA,NA,NA,NA,NA,NA,NA
2017-08-02,45.0147,0,1.501632e+12,99857997824,3911899904,0,2613440000,0,54907199488,"1501632120",NA,NA,NA,NA,NA,NA,NA
2017-08-03,44.5105,0,1501718400000,100350001152,2832090112,0,1756839936,0,55683698688,"1501718520",NA,NA,NA,NA,NA,NA,NA
2017-08-04,45.4069,0,1501804800000,101915000832,2166850048,0,1380259968,0,55638298624,"1501804920",NA,NA,NA,NA,NA,NA,NA
2017-08-05,47.0404,0,1501891200000,101568004096,2493969920,0,1512249984,0,53790298112,"1501891320",NA,NA,NA,NA,NA,NA,NA
2017-08-06,47.7053,0,1501977600000,112610000896,4790689792,0,2874010112,0,58888998912,"1501977720",NA,NA,NA,NA,NA,NA,NA
2017-08-07,47.2306,0,1.502064e+12,112188997632,3668229888,0,2589860096,0,59201298432,"1502064120",NA,NA,NA,NA,NA,NA,NA
2017-08-08,46.8682,0,1502150400000,118610001920,3917829888,0,2465979904,0,63019601920,"1502150520",NA,NA,NA,NA,NA,NA,NA
2017-08-09,45.5767,0,1502236800000,123802001408,4958479872,0,3230650112,0,67377201152,"1502236920",NA,NA,NA,NA,NA,NA,NA
2017-08-10,45.4409,0,1502323200000,121332998144,5464659968,0,4020900096,0,66198102016,"1502323320",NA,NA,NA,NA,NA,NA,NA
2017-08-11,45.4462,0,1502409600000,122492002304,4496829952,0,3003790080,0,66824101888,"1502409720",NA,NA,NA,NA,NA,NA,NA
2017-08-12,46.1462,0,1.502496e+12,130545999872,5143059968,0,3153319936,0,70303997952,"1502496120",NA,NA,NA,NA,NA,NA,NA
2017-08-13,47.6923,0,1502582400000,134265004032,5053609984,0,2862860032,0,70230900736,"1502582520",NA,NA,NA,NA,NA,NA,NA
2017-08-14,49.4122,0,1502668800000,135821000704,6637159936,0,3510330112,0,68708999168,"1502668920",NA,NA,NA,NA,NA,NA,NA
2017-08-15,50.7181,0,1502755200000,140828000256,5200399872,0,2767830016,0,69402796032,"1502755320",NA,NA,NA,NA,NA,NA,NA
2017-08-16,50.6171,0,1502841600000,136994996224,6274880000,0,3054330112,0,67652100096,"1502841720",NA,NA,NA,NA,NA,NA,NA
2017-08-17,50.6794,0,1.502928e+12,142837006336,4831439872,0,2605509888,0,70448300032,"1502928120",NA,NA,NA,NA,NA,NA,NA
2017-08-18,49.7405,0,1503014400000,143558000640,5850299904,0,3346670080,0,72151703552,"1503014520",NA,NA,NA,NA,NA,NA,NA
2017-08-19,47.9148,0,1503100800000,142614003712,8796059648,0,5911249920,0,74280902656,"1503100920",NA,NA,NA,NA,NA,NA,NA
2017-08-20,47.3624,0,1503187200000,146091999232,8815660032,0,5884649984,0,76899196928,"1503187320",NA,NA,NA,NA,NA,NA,NA
2017-08-21,46.6504,0,1503273600000,144837001216,5458429952,0,3382340096,0,77269901312,"1503273720",NA,NA,NA,NA,NA,NA,NA
2017-08-22,45.911,0,1.50336e+12,143867002880,8399569920,0,5620700160,0,77816496128,"1503360120",NA,NA,NA,NA,NA,NA,NA
2017-08-23,45.6109,0,1503446400000,148107001856,9276829696,0,5543040000,0,80554303488,"1503446520",NA,NA,NA,NA,NA,NA,NA
2017-08-24,45.4357,0,1503532800000,150463004672,7502230016,0,5146590208,0,82099298304,"1503532920",NA,NA,NA,NA,NA,NA,NA
2017-08-25,46.6851,0,1503619200000,153357991936,5905930240,0,3898660096,0,81762402304,"1503619320",NA,NA,NA,NA,NA,NA,NA
2017-08-26,46.5408,0,1503705600000,155238006784,4366419968,0,2674690048,0,82989203456,"1503705720",NA,NA,NA,NA,NA,NA,NA
2017-08-27,45.8077,0,1.503792e+12,156761997312,3933280000,0,2455190016,0,84953096192,"1503792120",NA,NA,NA,NA,NA,NA,NA
2017-08-28,45.5684,0,1503878400000,159031001088,4942949888,0,3437779968,0,86563102720,"1503878520",NA,NA,NA,NA,NA,NA,NA
2017-08-29,45.0799,0,1503964800000,160944996352,5479549952,0,3536969984,0,88391000064,"1503964920",NA,NA,NA,NA,NA,NA,NA
2017-08-30,45.8112,0,1504051200000,164930994176,6228210176,0,3761179904,0,89373900800,"1504051320",NA,NA,NA,NA,NA,NA,NA
2017-08-31,45.1266,0,1504137600000,166912999424,5608050176,0,3684059904,0,91590901760,"1504137720",NA,NA,NA,NA,NA,NA,NA
2017-09-01,44.977,0,1.504224e+12,172862619648,5343719936,0,3407250176,0,95114199040,"1504224120",NA,NA,NA,NA,NA,NA,NA
2017-09-02,45.3035,0,1504310400000,178928140288,8069445120,0,5477004800,0,97867472896,"1504310520",NA,NA,NA,NA,NA,NA,NA
2017-09-03,46.0012,0,1504396800000,164868784128,8549033472,0,5836313600,0,89027158016,"1504396920",NA,NA,NA,NA,NA,NA,NA
2017-09-04,45.9943,0,1504483200000,165141217280,5460251136,0,3536451328,0,89185624064,"1504483320",NA,NA,NA,NA,NA,NA,NA
2017-09-05,48.0104,0,1504569600000,145706860544,8387929600,0,5395419648,0,75752439808,"1504569720",NA,NA,NA,NA,NA,NA,NA
2017-09-06,47.3814,0,1.504656e+12,152841928704,7644898816,0,4944228864,0,80423215104,"1504656120",NA,NA,NA,NA,NA,NA,NA
2017-09-07,46.6339,0,1504742400000,162853765120,6372214784,0,4204044800,0,86908772352,"1504742520",NA,NA,NA,NA,NA,NA,NA
2017-09-08,46.5749,0,1504828800000,163650912256,5903867392,0,4062507520,0,87430684672,"1504828920",NA,NA,NA,NA,NA,NA,NA
2017-09-09,47.1306,0,1504915200000,148559675392,7675353600,0,4974093824,0,78542577664,"1504915320",NA,NA,NA,NA,NA,NA,NA
2017-09-10,47.4682,0,1505001600000,147505463296,3581538816,0,2172558848,0,77487308800,"1505001720",NA,NA,NA,NA,NA,NA,NA
2017-09-11,47.4156,0,1.505088e+12,143952789504,4418566144,0,2741486080,0,75696750592,"1505088120",NA,NA,NA,NA,NA,NA,NA
2017-09-12,47.2552,0,1505174400000,146086379520,3958501120,0,2398511104,0,77053018112,"1505174520",NA,NA,NA,NA,NA,NA,NA
2017-09-13,47.4898,0,1505260800000,144098672640,4801362944,0,2940073216,0,75666472960,"1505260920",NA,NA,NA,NA,NA,NA,NA
2017-09-14,47.1331,0,1505347200000,136192172032,5316146688,0,3099746560,0,72000643072,"1505347320",NA,NA,NA,NA,NA,NA,NA
2017-09-15,48.6256,0,1505433600000,107872043008,6567738880,0,3832308992,0,55418560512,"1505433720",NA,NA,NA,NA,NA,NA,NA
2017-09-16,48.4207,0,1.50552e+12,124474998784,10921453568,0,6783053312,0,64203296768,"1505520120",NA,NA,NA,NA,NA,NA,NA
2017-09-17,48.3762,0,1505606400000,123527217152,4540605440,0,2730295296,0,63769399296,"1505606520",NA,NA,NA,NA,NA,NA,NA
2017-09-18,48.1147,0,1505692800000,123692064768,2849420544,0,1610250496,0,64178012160,"1505692920",NA,NA,NA,NA,NA,NA,NA
2017-09-19,48.0609,0,1505779200000,140489048064,5174393856,0,3226294016,0,72968732672,"1505779320",NA,NA,NA,NA,NA,NA,NA
2017-09-20,47.8699,0,1505865600000,135614341120,4154930432,0,2592880384,0,70695878656,"1505865720",NA,NA,NA,NA,NA,NA,NA
2017-09-21,48.0527,0,1.505952e+12,134597107712,3197688320,0,1988228224,0,69919563776,"1505952120",NA,NA,NA,NA,NA,NA,NA
2017-09-22,48.596,0,1506038400000,123780472832,3493323008,0,2077313152,0,63628173312,"1506038520",NA,NA,NA,NA,NA,NA,NA
2017-09-23,48.1483,0,1506124800000,125009928192,2840860160,0,1647350272,0,64819822592,"1506124920",NA,NA,NA,NA,NA,NA,NA
2017-09-24,47.7791,0,1506211200000,131760971776,2320652800,0,1392031872,0,68806713344,"1506211320",NA,NA,NA,NA,NA,NA,NA
2017-09-25,47.5112,0,1506297600000,128519241728,2097712896,0,1331255808,0,67458170880,"1506297720",NA,NA,NA,NA,NA,NA,NA
2017-09-26,47.6757,0,1.506384e+12,136675500032,3222412288,0,1848312192,0,71514472448,"1506384120",NA,NA,NA,NA,NA,NA,NA
2017-09-27,47.6649,0,1506470400000,135485800448,2570651648,0,1528101632,0,70906642432,"1506470520",NA,NA,NA,NA,NA,NA,NA
2017-09-28,47.7594,0,1506556800000,145800019968,4074629632,0,2386649600,0,76166807552,"1506556920",NA,NA,NA,NA,NA,NA,NA
2017-09-29,47.9873,0,1506643200000,144245014528,4319234560,0,2609084672,0,75025801216,"1506643320",NA,NA,NA,NA,NA,NA,NA
2017-09-30,48.5681,0,1506729600000,142349844480,3347354880,0,1980764928,0,73213255680,"1506729720",NA,NA,NA,NA,NA,NA,NA
2017-10-01,48.715,0,1.506816e+12,147895386112,2786199808,0,1576119808,0,75848122368,"1506816120",NA,NA,NA,NA,NA,NA,NA
2017-10-02,48.9939,0,1506902400000,148923088896,2748509184,0,1540059264,0,75959844864,"1506902520",NA,NA,NA,NA,NA,NA,NA
2017-10-03,49.2366,0,1506988800000,148631945216,3106045184,0,1677895168,0,75450572800,"1506988920",NA,NA,NA,NA,NA,NA,NA
2017-10-04,49.318,0,1507075200000,145408278528,2763500800,0,1473320832,0,73695821824,"1507075320",NA,NA,NA,NA,NA,NA,NA
2017-10-05,49.0753,0,1507161600000,143114010624,2510280704,0,1395380736,0,72880332800,"1507161720",NA,NA,NA,NA,NA,NA,NA
2017-10-06,49.1678,0,1.507248e+12,146052268032,2835108352,0,1673978496,0,74241581056,"1507248120",NA,NA,NA,NA,NA,NA,NA
2017-10-07,48.9471,0,1507334400000,148251901952,2394834688,0,1323574656,0,75686895616,"1507334520",NA,NA,NA,NA,NA,NA,NA
2017-10-08,49.063,0,1507420800000,149961359360,2066441984,0,1157713024,0,76385869824,"1507420920",NA,NA,NA,NA,NA,NA,NA
2017-10-09,50.3079,0,1507507200000,152374427648,3159786240,0,1847556224,0,75718025216,"1507507320",NA,NA,NA,NA,NA,NA,NA
2017-10-10,52.3948,0,1507593600000,151449747456,4464966144,0,2496816128,0,72097980416,"1507593720",NA,NA,NA,NA,NA,NA,NA
2017-10-11,51.8846,0,1.50768e+12,153375473664,3462258176,0,1860288128,0,73797238784,"1507680120",NA,NA,NA,NA,NA,NA,NA
2017-10-12,51.6312,0,1507766400000,155442479104,2440831744,0,1207291776,0,75185725440,"1507766520",NA,NA,NA,NA,NA,NA,NA
2017-10-13,54.8797,0,1507852800000,165475450880,5203909632,0,2392359680,0,74663100416,"1507852920",NA,NA,NA,NA,NA,NA,NA
2017-10-14,54.1876,0,1507939200000,173107953664,7204963840,0,3602163968,0,79304859648,"1507939320",NA,NA,NA,NA,NA,NA,NA
2017-10-15,54.8946,0,1508025600000,176723886080,3610716416,0,1935896320,0,79712075776,"1508025720",NA,NA,NA,NA,NA,NA,NA
2017-10-16,54.4449,0,1.508112e+12,173678182400,4242873088,0,2268273152,0,79119204352,"1508112120",NA,NA,NA,NA,NA,NA,NA
2017-10-17,54.6579,0,1508198400000,174666940416,5073084416,0,3066674432,0,79197675520,"1508198520",NA,NA,NA,NA,NA,NA,NA
2017-10-18,54.645,0,1508284800000,170537467904,5024417792,0,3202968064,0,77347266560,"1508284920",NA,NA,NA,NA,NA,NA,NA
2017-10-19,55.078,0,1508371200000,168609792000,5044578304,0,2646578176,0,75742846976,"1508371320",NA,NA,NA,NA,NA,NA,NA
2017-10-20,55.8799,0,1508457600000,169914417152,3599244544,0,1818114432,0,74966425600,"1508457720",NA,NA,NA,NA,NA,NA,NA
2017-10-21,57.5366,0,1.508544e+12,173390856192,4357414400,0,2004244480,0,73627648000,"1508544120",NA,NA,NA,NA,NA,NA,NA
2017-10-22,58.0151,0,1508630400000,173123731456,3819347712,0,1608127744,0,72685854720,"1508630520",NA,NA,NA,NA,NA,NA,NA
2017-10-23,58.1209,0,1508716800000,171954798592,3651247360,0,1622907520,0,72013152256,"1508716920",NA,NA,NA,NA,NA,NA,NA
2017-10-24,58.6028,0,1508803200000,168561197056,4178328576,0,1768178432,0,69779603456,"1508803320",NA,NA,NA,NA,NA,NA,NA
2017-10-25,55.5963,0,1508889600000,165396381696,5410519552,0,2621879296,0,73442115584,"1508889720",NA,NA,NA,NA,NA,NA,NA
2017-10-26,56.5468,0,1.508976e+12,169214246912,3481466624,0,1514066560,0,73529065472,"1508976120",NA,NA,NA,NA,NA,NA,NA
2017-10-27,57.4263,0,1509062400000,171046191104,3282238464,0,1381678592,0,72820760576,"1509062520",NA,NA,NA,NA,NA,NA,NA
2017-10-28,56.8004,0,1509148800000,169663479808,3373928192,0,1658148096,0,73293955072,"1509148920",NA,NA,NA,NA,NA,NA,NA
2017-10-29,56.694,0,1509235200000,169012183040,3232251136,0,1829041152,0,73192341504,"1509235320",NA,NA,NA,NA,NA,NA,NA
2017-10-30,57.2836,0,1509321600000,177769758720,7144169984,0,4286589952,0,75936800768,"1509321720",NA,NA,NA,NA,NA,NA,NA
2017-10-31,57.2528,0,1.509408e+12,178384683008,3818739200,0,2056729344,0,76254502912,"1509408120",NA,NA,NA,NA,NA,NA,NA
2017-11-01,58.7412,0,1509494400000,182643113984,4196266752,0,1877566848,0,75356282880,"1509494520",NA,NA,NA,NA,NA,NA,NA
2017-11-02,60.4863,0,1509580800000,186669580288,5961729536,0,3087879424,0,73759989760,"1509580920",NA,NA,NA,NA,NA,NA,NA
2017-11-03,61.3276,0,1509667200000,192545865728,9116119040,0,4472698880,0,74462035968,"1509667320",NA,NA,NA,NA,NA,NA,NA
2017-11-04,60.7992,0,1509753600000,196345085952,7559247360,0,4189507328,0,76968820736,"1509753720",NA,NA,NA,NA,NA,NA,NA
2017-11-05,61.8451,0,1.50984e+12,199511703552,5312147968,0,2839557888,0,76123512832,"1509840120",NA,NA,NA,NA,NA,NA,NA
2017-11-06,61.8989,0,1509926400000,199324041216,4843650048,0,2463259904,0,75944665088,"1509926520",NA,NA,NA,NA,NA,NA,NA
2017-11-07,60.4326,0,1510012800000,193697300480,6322193408,0,3205803520,0,76641001472,"1510012920",NA,NA,NA,NA,NA,NA,NA
2017-11-08,60.3816,0,1510099200000,197148459008,5040909824,0,2721689600,0,78107009024,"1510099320",NA,NA,NA,NA,NA,NA,NA
2017-11-09,59.9582,0,1510185600000,207054946304,8993362944,0,4394053120,0,82908569600,"1510185720",NA,NA,NA,NA,NA,NA,NA
2017-11-10,57.9951,0,1.510272e+12,206237007872,7048676352,0,3803406336,0,86629580800,"1510272120",NA,NA,NA,NA,NA,NA,NA
2017-11-11,56.0334,0,1510358400000,196957323264,13876081664,0,8687211520,0,86595387392,"1510358520",NA,NA,NA,NA,NA,NA,NA
2017-11-12,52.3456,0,1510444800000,200551202816,14087428096,0,9189318656,0,95571509248,"1510444920",NA,NA,NA,NA,NA,NA,NA
2017-11-13,51.2302,0,1510531200000,193302003712,23265839104,0,14288560128,0,94272921600,"1510531320",NA,NA,NA,NA,NA,NA,NA
2017-11-14,53.1855,0,1510617600000,205758676992,14863025152,0,8605325312,0,96324837376,"1510617720",NA,NA,NA,NA,NA,NA,NA
2017-11-15,52.8404,0,1.510704e+12,209435754496,8233509376,0,5033399808,0,98769125376,"1510704120",NA,NA,NA,NA,NA,NA,NA
2017-11-16,55.3365,0,1510790400000,220766158848,8288302080,0,4079922176,0,98601893888,"1510790520",NA,NA,NA,NA,NA,NA,NA
2017-11-17,58.2143,0,1510876800000,225075593216,11921904640,0,6796104192,0,94049484800,"1510876920",NA,NA,NA,NA,NA,NA,NA
2017-11-18,56.3078,0,1510963200000,228076781568,11315221504,0,6671531520,0,99651813376,"1510963320",NA,NA,NA,NA,NA,NA,NA
2017-11-19,55.4708,0,1511049600000,233626779648,9965075456,0,6306376192,0,104032034816,"1511049720",NA,NA,NA,NA,NA,NA,NA
2017-11-20,56.4826,0,1.511136e+12,237537181696,7922857984,0,4775977984,0,103369924608,"1511136120",NA,NA,NA,NA,NA,NA,NA
2017-11-21,56.1198,0,1511222400000,244061880320,7905933312,0,4403333120,0,107094941696,"1511222520",NA,NA,NA,NA,NA,NA,NA
2017-11-22,56.2583,0,1511308800000,239700606976,9219906560,0,4957376512,0,104849227776,"1511308920",NA,NA,NA,NA,NA,NA,NA
2017-11-23,55.1717,0,1511395200000,249121275904,9118309376,0,5487059456,0,111676850176,"1511395320",NA,NA,NA,NA,NA,NA,NA
2017-11-24,52.9812,0,1511481600000,254461132800,13444281344,0,9192932352,0,119644684288,"1511481720",NA,NA,NA,NA,NA,NA,NA
2017-11-25,51.9578,0,1.511568e+12,264891760640,14188626944,0,9169537024,0,127259852800,"1511568120",NA,NA,NA,NA,NA,NA,NA
2017-11-26,52.183,0,1511654400000,281296928768,11014281216,0,6669630976,0,134507765760,"1511654520",NA,NA,NA,NA,NA,NA,NA
2017-11-27,52.9777,0,1511740800000,294880706560,11946624000,0,6409893376,0,138659659776,"1511740920",NA,NA,NA,NA,NA,NA,NA
2017-11-28,53.7401,0,1511827200000,305366695936,12939994112,0,7283994112,0,141262389248,"1511827320",NA,NA,NA,NA,NA,NA,NA
2017-11-29,53.6289,0,1511913600000,313947783168,15660434432,0,9321934848,0,145580998656,"1511913720",NA,NA,NA,NA,NA,NA,NA
2017-11-30,56.1292,0,1.512e+12,294922354688,24278384640,0,12602985472,0,129384849408,"1512000120",NA,NA,NA,NA,NA,NA,NA
2017-12-01,55.8601,0,1512086400000,305110745088,16784720896,0,8357690880,0,134675554304,"1512086520",NA,NA,NA,NA,NA,NA,NA
2017-12-02,56.1494,0,1512172800000,326788775936,13477820416,0,6714770432,0,143298985984,"1512172920",NA,NA,NA,NA,NA,NA,NA
2017-12-03,56.2978,0,1512259200000,329067102208,10715938816,0,5578689024,0,143809658880,"1512259320",NA,NA,NA,NA,NA,NA,NA
2017-12-04,56.0029,0,1512345600000,337789845504,13981987840,0,7303788032,0,148617871360,"1512345720",NA,NA,NA,NA,NA,NA,NA
2017-12-05,55.5921,0,1.512432e+12,351469469696,13229934592,0,7061564928,0,156080177152,"1512432120",NA,NA,NA,NA,NA,NA,NA
2017-12-06,55.7903,0,1512518400000,357392547840,15672337408,0,8722157568,0,158002167808,"1512518520",NA,NA,NA,NA,NA,NA,NA
2017-12-07,60.8244,0,1512604800000,392276148224,25255462912,0,12574963712,0,153676513280,"1512604920",NA,NA,NA,NA,NA,NA,NA
2017-12-08,66.5202,0,1512691200000,447662686208,30173585408,0,12030686208,0,149876473856,"1512691320",NA,NA,NA,NA,NA,NA,NA
2017-12-09,62.5152,0,1512777600000,442155597824,35248623616,0,14147921920,0,165741019136,"1512777720",NA,NA,NA,NA,NA,NA,NA
2017-12-10,60.8698,0,1.512864e+12,416926367744,25167534080,0,11265134592,0,163144237056,"1512864120",NA,NA,NA,NA,NA,NA,NA
2017-12-11,62.8035,0,1512950400000,411038908416,22130808832,0,8716708864,0,152892047360,"1512950520",NA,NA,NA,NA,NA,NA,NA
2017-12-12,61.8943,0,1513036800000,457481879552,23525392384,0,11371193344,0,174326480896,"1513036920",NA,NA,NA,NA,NA,NA,NA
2017-12-13,58.4693,0,1513123200000,500946894848,37536649216,0,22916347904,0,208046997504,"1513123320",NA,NA,NA,NA,NA,NA,NA
2017-12-14,55.9058,0,1513209600000,490590339072,33210693632,0,20311992320,0,216321753088,"1513209720",NA,NA,NA,NA,NA,NA,NA
2017-12-15,53.0196,0,1.513296e+12,524211617792,38723723264,0,24914823168,0,246276800512,"1513296120",NA,NA,NA,NA,NA,NA,NA
2017-12-16,55.3383,0,1513382400000,537379110912,33449152512,0,19137253376,0,240002859008,"1513382520",NA,NA,NA,NA,NA,NA,NA
2017-12-17,56.2777,0,1513468800000,579520495616,28328013824,0,15578413056,0,253379706880,"1513468920",NA,NA,NA,NA,NA,NA,NA
2017-12-18,54.5052,0,1513555200000,587100651520,29563117568,0,16286317568,0,267100225536,"1513555320",NA,NA,NA,NA,NA,NA,NA
2017-12-19,51.7883,0,1513641600000,618369056768,38121996288,0,23278897152,0,298126082048,"1513641720",NA,NA,NA,NA,NA,NA,NA
2017-12-20,48.2394,0,1.513728e+12,616770764800,44539883520,0,27640184832,0,319244402688,"1513728120",NA,NA,NA,NA,NA,NA,NA
2017-12-21,44.9442,0,1513814400000,620385468416,57309618176,0,35099717632,0,341558296576,"1513814520",NA,NA,NA,NA,NA,NA,NA
2017-12-22,43.4428,0,1513900800000,613178998784,42199707648,0,25601607680,0,346796883968,"1513900920",NA,NA,NA,NA,NA,NA,NA
2017-12-23,44.3598,0,1513987200000,526935392256,54249832448,0,31848230912,0,293188141056,"1513987320",NA,NA,NA,NA,NA,NA,NA
2017-12-24,43.2335,0,1514073600000,566283599872,32745070592,0,19554570240,0,321459486720,"1514073720",NA,NA,NA,NA,NA,NA,NA
2017-12-25,43.4573,0,1.51416e+12,539815444480,27220822016,0,15575621632,0,305226317824,"1514160120",NA,NA,NA,NA,NA,NA,NA
2017-12-26,42.31,0,1514246400000,556119687168,25785724928,0,15080324096,0,320825229312,"1514246520",NA,NA,NA,NA,NA,NA,NA
2017-12-27,44.9038,0,1514332800000,603458502656,29059401728,0,15618201600,0,332482478080,"1514332920",NA,NA,NA,NA,NA,NA,NA
2017-12-28,44.2982,0,1514419200000,600449744896,29451694080,0,16990794752,0,334461370368,"1514419320",NA,NA,NA,NA,NA,NA,NA
2017-12-29,43.0908,0,1514505600000,571879522304,33558282240,0,21127280640,0,325452267520,"1514505720",NA,NA,NA,NA,NA,NA,NA
2017-12-30,39.9953,0,1.514592e+12,615634108416,37190664192,0,24195766272,0,369409490944,"1514592120",NA,NA,NA,NA,NA,NA,NA
2017-12-31,38.6465,0,1514678400000,559755231232,38822621184,0,24497623040,0,343429513216,"1514678520",NA,NA,NA,NA,NA,NA,NA
2018-01-01,38.6221,0,1514764800000,612924653568,31416518656,0,19277318144,0,376200232960,"1514764920",NA,NA,NA,NA,NA,NA,NA
2018-01-02,37.1291,0,1514851200000,615633059840,27340439552,0,17021338624,0,387054108672,"1514851320",NA,NA,NA,NA,NA,NA,NA
2018-01-03,37.3185,0,1514937600000,673426702336,43249201152,0,26450702336,0,422114197504,"1514937720",NA,NA,NA,NA,NA,NA,NA
2018-01-04,34.6683,0,1.515024e+12,739147579392,52711313408,0,35750412288,0,482897428480,"1515024120",NA,NA,NA,NA,NA,NA,NA
2018-01-05,34.3842,0,1515110400000,755427835904,67713847296,0,45877547008,0,495679995904,"1515110520",NA,NA,NA,NA,NA,NA,NA
2018-01-06,37.5344,0,1515196800000,780860784640,61347840000,0,37479038976,0,487769473024,"1515196920",NA,NA,NA,NA,NA,NA,NA
2018-01-07,36.0939,0,1515283200000,815159246848,48035467264,0,29777766400,0,520936816640,"1515283320",NA,NA,NA,NA,NA,NA,NA
2018-01-08,33.3855,0,1515369600000,828537372672,43567509504,0,27677509632,0,551926104064,"1515369720",NA,NA,NA,NA,NA,NA,NA
2018-01-09,34.3037,0,1.515456e+12,740258414592,50421280768,0,32025882624,0,486322208768,"1515456120",NA,NA,NA,NA,NA,NA,NA
2018-01-10,33.4559,0,1515542400000,732246441984,47219552256,0,30504951808,0,487266484224,"1515542520",NA,NA,NA,NA,NA,NA,NA
2018-01-11,34.2265,0,1515628800000,734480695296,53713485824,0,35208785920,0,483093708800,"1515628920",NA,NA,NA,NA,NA,NA,NA
2018-01-12,33.9247,0,1515715200000,666141392896,48601755648,0,32032854016,0,440154750976,"1515715320",NA,NA,NA,NA,NA,NA,NA
2018-01-13,32.6588,0,1515801600000,717697908736,36942569472,0,24866467840,0,483306471424,"1515801720",NA,NA,NA,NA,NA,NA,NA
2018-01-14,32.441,0,1.515888e+12,744264695808,40144896000,0,27380295680,0,502818013184,"1515888120",NA,NA,NA,NA,NA,NA,NA
2018-01-15,32.8133,0,1515974400000,705001750528,33718431744,0,22681731072,0,473667207168,"1515974520",NA,NA,NA,NA,NA,NA,NA
2018-01-16,34.0529,0,1516060800000,682809425920,38898614272,0,26129213440,0,450292711424,"1516060920",NA,NA,NA,NA,NA,NA,NA
2018-01-17,35.8278,0,1516147200000,536239702016,57925136384,0,39060836352,0,344116920320,"1516147320",NA,NA,NA,NA,NA,NA,NA
2018-01-18,34.7576,0,1516233600000,541584719872,59402108928,0,40547508224,0,353342816256,"1516233720",NA,NA,NA,NA,NA,NA,NA
2018-01-19,34.1125,0,1.51632e+12,563280609280,49456119808,0,34584616960,0,371131285504,"1516320120",NA,NA,NA,NA,NA,NA,NA
2018-01-20,34.0816,0,1516406400000,575029903360,33454921728,0,22650322944,0,379050590208,"1516406520",NA,NA,NA,NA,NA,NA,NA
2018-01-21,34.3684,0,1516492800000,630635626496,36185837568,0,24360538112,0,413896179712,"1516492920",NA,NA,NA,NA,NA,NA,NA
2018-01-22,34.7362,0,1516579200000,563229491200,32852326400,0,22829025280,0,367585001472,"1516579320",NA,NA,NA,NA,NA,NA,NA
2018-01-23,34.6793,0,1516665600000,530826428416,32600068096,0,22074466304,0,346739671040,"1516665720",NA,NA,NA,NA,NA,NA,NA
2018-01-24,34.734,0,1.516752e+12,528067919872,28890075136,0,19223314432,0,344648876032,"1516752120",NA,NA,NA,NA,NA,NA,NA
2018-01-25,34.4268,0,1516838400000,558179745792,29847877632,0,19702677504,0,366016364544,"1516838520",NA,NA,NA,NA,NA,NA,NA
2018-01-26,34.4206,0,1516924800000,550247137280,27302303744,0,18498703360,0,360849047552,"1516924920",NA,NA,NA,NA,NA,NA,NA
2018-01-27,34.5137,0,1517011200000,544869253120,29008248832,0,19257690112,0,356814553088,"1517011320",NA,NA,NA,NA,NA,NA,NA
2018-01-28,34.3667,0,1517097600000,561976639488,21040355328,0,13437725696,0,368843751424,"1517097720",NA,NA,NA,NA,NA,NA,NA
2018-01-29,33.2403,0,1.517184e+12,595276398592,26412380160,0,18056331264,0,397404897280,"1517184120",NA,NA,NA,NA,NA,NA,NA
2018-01-30,33.3645,0,1517270400000,570485309440,21352564736,0,14242975744,0,380145795072,"1517270520",NA,NA,NA,NA,NA,NA,NA
2018-01-31,33.8436,0,1517356800000,502852550656,25147754496,0,16499654656,0,332668993536,"1517356920",NA,NA,NA,NA,NA,NA,NA
2018-02-01,33.3298,0,1517443200000,517171871744,24512888832,0,16461599744,0,344799543296,"1517443320",NA,NA,NA,NA,NA,NA,NA
2018-02-02,33.8744,0,1517529600000,454481379328,28487213056,0,18546104320,0,300528697344,"1517529720",NA,NA,NA,NA,NA,NA,NA
2018-02-03,34.986,0,1.517616e+12,426127949824,39442333696,0,26684635136,0,277042757632,"1517616120",NA,NA,NA,NA,NA,NA,NA
2018-02-04,34.5598,0,1517702400000,447205244928,23294361600,0,16042851328,0,292651958272,"1517702520",NA,NA,NA,NA,NA,NA,NA
2018-02-05,35.2568,0,1517788800000,395170643968,21671804928,0,14610355200,0,255845941248,"1517788920",NA,NA,NA,NA,NA,NA,NA
2018-02-06,35.9426,0,1517875200000,330554540032,26410778624,0,17010449408,0,211744620544,"1517875320",NA,NA,NA,NA,NA,NA,NA
2018-02-07,35.2176,0,1517961600000,371073253376,40717025280,0,26767726592,0,240390045696,"1517961720",NA,NA,NA,NA,NA,NA,NA
2018-02-08,35.8885,0,1.518048e+12,358649856000,25514647552,0,16335848448,0,229935775744,"1518048120",NA,NA,NA,NA,NA,NA,NA
2018-02-09,35.3158,0,1518134400000,394758422528,25022167040,0,15678925824,0,255346376704,"1518134520",NA,NA,NA,NA,NA,NA,NA
2018-02-10,34.4259,0,1518220800000,426949541888,19837898752,0,13065559040,0,279968350208,"1518220920",NA,NA,NA,NA,NA,NA,NA
2018-02-11,34.398,0,1518307200000,422247038976,26283563008,0,18521202688,0,277002452992,"1518307320",NA,NA,NA,NA,NA,NA,NA
2018-02-12,34.3019,0,1518393600000,400146137088,19457486848,0,13307966464,0,262888357888,"1518393720",NA,NA,NA,NA,NA,NA,NA
2018-02-13,34.8616,0,1.51848e+12,431751888896,18241718272,0,11984258048,0,281236242432,"1518480120",NA,NA,NA,NA,NA,NA,NA
2018-02-14,34.8345,0,1518566400000,416320323584,16896848896,0,11208379392,0,271297183744,"1518566520",NA,NA,NA,NA,NA,NA,NA
2018-02-15,34.7631,0,1518652800000,460329975808,24380936192,0,16466265088,0,300304826368,"1518652920",NA,NA,NA,NA,NA,NA,NA
2018-02-16,35.753,0,1518739200000,478170120192,25032452096,0,15993031680,0,307210125312,"1518739320",NA,NA,NA,NA,NA,NA,NA
2018-02-17,35.4699,0,1518825600000,485459034112,20050501632,0,12778501120,0,313267322880,"1518825720",NA,NA,NA,NA,NA,NA,NA
2018-02-18,36.5253,0,1.518912e+12,513788051456,22385408000,0,13714167808,0,326125420544,"1518912120",NA,NA,NA,NA,NA,NA,NA
2018-02-19,36.9925,0,1518998400000,481324531712,22438148096,0,13707297792,0,303270395904,"1518998520",NA,NA,NA,NA,NA,NA,NA
2018-02-20,37.6869,0,1519084800000,502924541952,19399817216,0,11756548096,0,313388040192,"1519084920",NA,NA,NA,NA,NA,NA,NA
2018-02-21,39.4643,0,1519171200000,486329253888,25115938816,0,15187227648,0,294403047424,"1519171320",NA,NA,NA,NA,NA,NA,NA
2018-02-22,39.2598,0,1519257600000,458321625088,23367251968,0,14008462336,0,278385557504,"1519257720",NA,NA,NA,NA,NA,NA,NA
2018-02-23,39.1377,0,1.519344e+12,428603572224,20116506624,0,12098667520,0,260858019840,"1519344120",NA,NA,NA,NA,NA,NA,NA
2018-02-24,38.5919,0,1519430400000,450050490368,20573513728,0,12854932480,0,276367376384,"1519430520",NA,NA,NA,NA,NA,NA,NA
2018-02-25,38.3578,0,1519516800000,431220555776,18186975232,0,11288386560,0,265813901312,"1519516920",NA,NA,NA,NA,NA,NA,NA
2018-02-26,37.9425,0,1519603200000,430344110080,15180637184,0,9463227392,0,267060690944,"1519603320",NA,NA,NA,NA,NA,NA,NA
2018-02-27,38.8948,0,1519689600000,451307765760,18723049472,0,11405189120,0,275772342272,"1519689720",NA,NA,NA,NA,NA,NA,NA
2018-02-28,39.4519,0,1.519776e+12,457545515008,17899302912,0,10933243904,0,277035220992,"1519776120",NA,NA,NA,NA,NA,NA,NA
2018-03-01,39.862,0,1519862400000,440083808256,17487165440,0,10572386304,0,264657403904,"1519862520",NA,NA,NA,NA,NA,NA,NA
2018-03-02,40.3872,0,1519948800000,459194007552,18292068352,0,10980808704,0,273738252288,"1519948920",NA,NA,NA,NA,NA,NA,NA
2018-03-03,41.0424,0,1520035200000,457041444864,18301616128,0,10697346048,0,269460553728,"1520035320",NA,NA,NA,NA,NA,NA,NA
2018-03-04,41.9344,0,1520121600000,463317237760,16394948608,0,9717178368,0,269027983360,"1520121720",NA,NA,NA,NA,NA,NA,NA
2018-03-05,41.4238,0,1.520208e+12,470507716608,15784275968,0,9700175872,0,275605684224,"1520208120",NA,NA,NA,NA,NA,NA,NA
2018-03-06,41.9117,0,1520294400000,463779102720,17893974016,0,11389825024,0,269401538560,"1520294520",NA,NA,NA,NA,NA,NA,NA
2018-03-07,41.6564,0,1520380800000,438422306816,17150973952,0,10385684480,0,255791300608,"1520380920",NA,NA,NA,NA,NA,NA,NA
2018-03-08,41.715,0,1520467200000,403310084096,21073948672,0,12286519296,0,235069292544,"1520467320",NA,NA,NA,NA,NA,NA,NA
2018-03-09,42.0036,0,1520553600000,378979811328,17731414016,0,10543873024,0,219794817024,"1520553720",NA,NA,NA,NA,NA,NA,NA
2018-03-10,41.354,0,1.52064e+12,384311885824,21059457024,0,12343867392,0,226193178624,"1520640120",NA,NA,NA,NA,NA,NA,NA
2018-03-11,41.3328,0,1520726400000,361763307520,13525172224,0,8165542400,0,212047085568,"1520726520",NA,NA,NA,NA,NA,NA,NA
2018-03-12,41.7714,0,1520812800000,388832690176,14976182272,0,8683931648,0,226411970560,"1520812920",NA,NA,NA,NA,NA,NA,NA
2018-03-13,41.7259,0,1520899200000,371874988032,15279132672,0,8840292352,0,216706727936,"1520899320",NA,NA,NA,NA,NA,NA,NA
2018-03-14,41.8494,0,1520985600000,372504068096,13878729728,0,7874420224,0,216613486592,"1520985720",NA,NA,NA,NA,NA,NA,NA
2018-03-15,42.2038,0,1.521072e+12,332376309760,15516070912,0,9074581504,0,192101007360,"1521072120",NA,NA,NA,NA,NA,NA,NA
2018-03-16,42.5058,0,1521158400000,331328585728,16623182848,0,9785062400,0,190494654464,"1521158520",NA,NA,NA,NA,NA,NA,NA
2018-03-17,42.67,0,1521244800000,330052763648,12974233600,0,7674622976,0,189219225600,"1521244920",NA,NA,NA,NA,NA,NA,NA
2018-03-18,43.4009,0,1521331200000,307706494976,10908431360,0,6514201600,0,174159134720,"1521331320",NA,NA,NA,NA,NA,NA,NA
2018-03-19,44.359,0,1521417600000,318403379200,17741903872,0,10988723200,0,177162977280,"1521417720",NA,NA,NA,NA,NA,NA,NA
2018-03-20,43.4911,0,1.521504e+12,335520595968,18053300224,0,11338509312,0,189598957568,"1521504120",NA,NA,NA,NA,NA,NA,NA
2018-03-21,43.7507,0,1521590400000,345859751936,17628205056,0,11276165120,0,194543763456,"1521590520",NA,NA,NA,NA,NA,NA,NA
2018-03-22,43.7713,0,1521676800000,345810829312,16237137920,0,10204797952,0,194444886016,"1521676920",NA,NA,NA,NA,NA,NA,NA
2018-03-23,44.0053,0,1521763200000,336189128704,14840541184,0,9314840576,0,188248162304,"1521763320",NA,NA,NA,NA,NA,NA,NA
2018-03-24,44.3415,0,1521849600000,340001325056,17459968000,0,11433347072,0,189239574528,"1521849720",NA,NA,NA,NA,NA,NA,NA
2018-03-25,44.2219,0,1.521936e+12,329886466048,15058314240,0,9451354112,0,184004427776,"1521936120",NA,NA,NA,NA,NA,NA,NA
2018-03-26,43.7631,0,1522022400000,328952676352,11944108032,0,7389208576,0,184992825344,"1522022520",NA,NA,NA,NA,NA,NA,NA
2018-03-27,44.4603,0,1522108800000,312456052736,15511460864,0,9585480704,0,173537099776,"1522108920",NA,NA,NA,NA,NA,NA,NA
2018-03-28,44.8099,0,1522195200000,296321384448,14687452160,0,9315722240,0,163540107264,"1522195320",NA,NA,NA,NA,NA,NA,NA
2018-03-29,44.9833,0,1522281600000,300566675456,13861370880,0,8927380480,0,165361729536,"1522281720",NA,NA,NA,NA,NA,NA,NA
2018-03-30,45.7185,0,1.522368e+12,265829810176,16378446848,0,10017637376,0,144296329216,"1522368120",NA,NA,NA,NA,NA,NA,NA
2018-03-31,44.6871,0,1522454400000,261417500672,15615965184,0,9332096000,0,144597712896,"1522454520",NA,NA,NA,NA,NA,NA,NA
2018-04-01,44.9861,0,1522540800000,263871070208,11311711232,0,6743731200,0,145165877248,"1522540920",NA,NA,NA,NA,NA,NA,NA
2018-04-02,45.4861,0,1522627200000,255105548288,11364388864,0,6830519296,0,139068047360,"1522627320",NA,NA,NA,NA,NA,NA,NA
2018-04-03,45.5006,0,1522713600000,264644526080,11134631936,0,6783001600,0,144229613568,"1522713720",NA,NA,NA,NA,NA,NA,NA
2018-04-04,44.7894,0,1.5228e+12,282286424064,14123113472,0,8642122752,0,155852095488,"1522800120",NA,NA,NA,NA,NA,NA,NA
2018-04-05,45.098,0,1522886400000,257531641856,12756321280,0,7827860992,0,141390086144,"1522886520",NA,NA,NA,NA,NA,NA,NA
2018-04-06,44.8708,0,1522972800000,257629929472,14143320064,0,8530240512,0,142029373440,"1522972920",NA,NA,NA,NA,NA,NA,NA
2018-04-07,45.046,0,1523059200000,249670369280,9800367104,0,6039877632,0,137203736576,"1523059320",NA,NA,NA,NA,NA,NA,NA
2018-04-08,45.1555,0,1523145600000,259973398528,9762612224,0,5789592064,0,142581219328,"1523145720",NA,NA,NA,NA,NA,NA,NA
2018-04-09,44.8555,0,1.523232e+12,266446176256,9043139584,0,5389729280,0,146930401280,"1523232120",NA,NA,NA,NA,NA,NA,NA
2018-04-10,44.2631,0,1523318400000,260500586496,12231066624,0,7333086208,0,145194975232,"1523318520",NA,NA,NA,NA,NA,NA,NA
2018-04-11,43.8169,0,1523404800000,265026158592,10846143488,0,6580313600,0,148900003840,"1523404920",NA,NA,NA,NA,NA,NA,NA
2018-04-12,42.8031,0,1523491200000,275792134144,14112886784,0,9469017088,0,157744545792,"1523491320",NA,NA,NA,NA,NA,NA,NA
2018-04-13,42.6572,0,1523577600000,314398605312,24979789824,0,16065429504,0,180285014016,"1523577720",NA,NA,NA,NA,NA,NA,NA
2018-04-14,42.5752,0,1.523664e+12,313989660672,22599700480,0,14834760704,0,180308082688,"1523664120",NA,NA,NA,NA,NA,NA,NA
2018-04-15,42.569,0,1523750400000,319038849024,14822450176,0,9626109952,0,183227236352,"1523750520",NA,NA,NA,NA,NA,NA,NA
2018-04-16,42.0303,0,1523836800000,336830660608,15296965632,0,10060965888,0,195259891712,"1523836920",NA,NA,NA,NA,NA,NA,NA
2018-04-17,41.8476,0,1523923200000,327545716736,16009713664,0,10377673728,0,190475714560,"1523923320",NA,NA,NA,NA,NA,NA,NA
2018-04-18,41.6125,0,1524009600000,324243128320,18973630464,0,12084350976,0,189317414912,"1524009720",NA,NA,NA,NA,NA,NA,NA
2018-04-19,40.355,0,1.524096e+12,343428530176,18786093056,0,12257002496,0,204837928960,"1524096120",NA,NA,NA,NA,NA,NA,NA
2018-04-20,39.0923,0,1524182400000,360113274880,21015128064,0,13949927424,0,219336704000,"1524182520",NA,NA,NA,NA,NA,NA,NA
2018-04-21,38.4348,0,1524268800000,391148961792,26496778240,0,18070038528,0,240811540480,"1524268920",NA,NA,NA,NA,NA,NA,NA
2018-04-22,39.3021,0,1524355200000,385859649536,24590290944,0,17028469760,0,234208591872,"1524355320",NA,NA,NA,NA,NA,NA,NA
2018-04-23,38.5505,0,1524441600000,387669164032,21230065664,0,14633116672,0,238220705792,"1524441720",NA,NA,NA,NA,NA,NA,NA
2018-04-24,37.7355,0,1.524528e+12,402389663744,22091425792,0,15156135936,0,250545864704,"1524528120",NA,NA,NA,NA,NA,NA,NA
2018-04-25,37.8316,0,1524614400000,435861258240,35707777024,0,25072275456,0,270968012800,"1524614520",NA,NA,NA,NA,NA,NA,NA
2018-04-26,38.7026,0,1524700800000,389472387072,37667053568,0,26586155008,0,238736277504,"1524700920",NA,NA,NA,NA,NA,NA,NA
2018-04-27,37.8725,0,1524787200000,417052557312,28180912128,0,19218122752,0,259104161792,"1524787320",NA,NA,NA,NA,NA,NA,NA
2018-04-28,37.7159,0,1524873600000,402987581440,25613975552,0,18059415552,0,250997096448,"1524873720",NA,NA,NA,NA,NA,NA,NA
2018-04-29,37.0615,0,1.52496e+12,428821872640,25972115456,0,18195785728,0,269894025216,"1524960120",NA,NA,NA,NA,NA,NA,NA
2018-04-30,36.5235,0,1525046400000,438900719616,33159731200,0,24299470848,0,278598877184,"1525046520",NA,NA,NA,NA,NA,NA,NA
2018-05-01,37.1825,0,1525132800000,423181713408,30800865280,0,22131605504,0,265832136704,"1525132920",NA,NA,NA,NA,NA,NA,NA
2018-05-02,36.575,0,1525219200000,423428751360,26519588864,0,18822899712,0,268559745024,"1525219320",NA,NA,NA,NA,NA,NA,NA
2018-05-03,36.1988,0,1525305600000,433955995648,25080881152,0,17485010944,0,276869316608,"1525305720",NA,NA,NA,NA,NA,NA,NA
2018-05-04,36.1519,0,1.525392e+12,456284635136,32794693632,0,22589693952,0,291329015808,"1525392120",NA,NA,NA,NA,NA,NA,NA
2018-05-05,36.2195,0,1525478400000,455706411008,26817437696,0,18660136960,0,290651766784,"1525478520",NA,NA,NA,NA,NA,NA,NA
2018-05-06,35.8573,0,1525564800000,467245596672,25195143168,0,17548222464,0,299704156160,"1525564920",NA,NA,NA,NA,NA,NA,NA
2018-05-07,36.0304,0,1525651200000,455618854912,25044385792,0,17836025856,0,291457630208,"1525651320",NA,NA,NA,NA,NA,NA,NA
2018-05-08,36.2337,0,1525737600000,440672518144,26226780160,0,18829871104,0,281000607744,"1525737720",NA,NA,NA,NA,NA,NA,NA
2018-05-09,35.7827,0,1.525824e+12,438796484608,23231057920,0,15830358016,0,281783107584,"1525824120",NA,NA,NA,NA,NA,NA,NA
2018-05-10,36.5328,0,1525910400000,434602180608,22433249280,0,15210470400,0,275830046720,"1525910520",NA,NA,NA,NA,NA,NA,NA
2018-05-11,36.849,0,1525996800000,418306850816,22486462464,0,15586751488,0,264164802560,"1525996920",NA,NA,NA,NA,NA,NA,NA
2018-05-12,37.4765,0,1526083200000,383554748416,29733255168,0,21303767040,0,239811805184,"1526083320",NA,NA,NA,NA,NA,NA,NA
2018-05-13,37.1801,0,1526169600000,390051790848,25163669504,0,18354710528,0,245030207488,"1526169720",NA,NA,NA,NA,NA,NA,NA
2018-05-14,36.4571,0,1.526256e+12,407062872064,20015775744,0,14157045760,0,258659713024,"1526256120",NA,NA,NA,NA,NA,NA,NA
2018-05-15,36.6572,0,1526342400000,404511588352,24148654080,0,16808543232,0,256228917248,"1526342520",NA,NA,NA,NA,NA,NA,NA
2018-05-16,37.1485,0,1526428800000,389996707840,21142474752,0,14453494784,0,245118664704,"1526428920",NA,NA,NA,NA,NA,NA,NA
2018-05-17,37.0111,0,1526515200000,385312423936,21131931648,0,14373872640,0,242704154624,"1526515320",NA,NA,NA,NA,NA,NA,NA
2018-05-18,37.5885,0,1526601600000,366817968128,18976176128,0,13124025344,0,228936630272,"1526601720",NA,NA,NA,NA,NA,NA,NA
2018-05-19,37.3318,0,1.526688e+12,376860540928,18786744320,0,13034754048,0,236171771904,"1526688120",NA,NA,NA,NA,NA,NA,NA
2018-05-20,37.364,0,1526774400000,376179818496,15385260032,0,10673740800,0,235623890944,"1526774520",NA,NA,NA,NA,NA,NA,NA
2018-05-21,37.1637,0,1526860800000,390877282304,16875702272,0,11697051648,0,245613019136,"1526860920",NA,NA,NA,NA,NA,NA,NA
2018-05-22,37.5557,0,1526947200000,382189207552,16395000832,0,11250071552,0,238655258624,"1526947320",NA,NA,NA,NA,NA,NA,NA
2018-05-23,38.2563,0,1527033600000,358173868032,16091222016,0,10959921152,0,221149888512,"1527033720",NA,NA,NA,NA,NA,NA,NA
2018-05-24,39.083,0,1.52712e+12,329873850368,21037324288,0,14559064064,0,200949121024,"1527120120",NA,NA,NA,NA,NA,NA,NA
2018-05-25,38.0584,0,1527206400000,340187348992,20307857408,0,14254587904,0,210717376512,"1527206520",NA,NA,NA,NA,NA,NA,NA
2018-05-26,38.4769,0,1527292800000,331839864832,15560022016,0,10706492416,0,204158058496,"1527292920",NA,NA,NA,NA,NA,NA,NA
2018-05-27,38.1864,0,1527379200000,328846671872,12889075712,0,8848225280,0,203271847936,"1527379320",NA,NA,NA,NA,NA,NA,NA
2018-05-28,38.5407,0,1527465600000,326272483328,12795774976,0,8743404544,0,200524775424,"1527465720",NA,NA,NA,NA,NA,NA,NA
2018-05-29,39.9492,0,1.527552e+12,304476454912,16659800064,0,11622179840,0,182840492032,"1527552120",NA,NA,NA,NA,NA,NA,NA
2018-05-30,38.9538,0,1527638400000,327192576000,18672168960,0,13008238592,0,199738720256,"1527638520",NA,NA,NA,NA,NA,NA,NA
2018-05-31,39.0309,0,1527724800000,323808919552,16431029248,0,11337428992,0,197423333376,"1527724920",NA,NA,NA,NA,NA,NA,NA
2018-06-01,38.6445,0,1527811200000,331262164992,16361333760,0,11240074240,0,203247714304,"1527811320",NA,NA,NA,NA,NA,NA,NA
2018-06-02,38.536,0,1527897600000,333831241728,15590742016,0,10676742144,0,205186138112,"1527897720",NA,NA,NA,NA,NA,NA,NA
2018-06-03,37.9239,0,1.527984e+12,343550459904,18012227584,0,13079658496,0,213262860288,"1527984120",NA,NA,NA,NA,NA,NA,NA
2018-06-04,37.5133,0,1528070400000,351363072000,16615163904,0,11763403776,0,219555053568,"1528070520",NA,NA,NA,NA,NA,NA,NA
2018-06-05,37.8766,0,1528156800000,338151702528,16652175360,0,11666854912,0,210071224320,"1528156920",NA,NA,NA,NA,NA,NA,NA
2018-06-06,37.6392,0,1528243200000,346003472384,16332468224,0,11372527616,0,215770595328,"1528243320",NA,NA,NA,NA,NA,NA,NA
2018-06-07,37.854,0,1528329600000,345197215744,15038267392,0,10342256640,0,214526099456,"1528329720",NA,NA,NA,NA,NA,NA,NA
2018-06-08,37.9934,0,1.528416e+12,345509888000,14837116928,0,10353096704,0,214238871552,"1528416120",NA,NA,NA,NA,NA,NA,NA
2018-06-09,38.1475,0,1528502400000,341794488320,13619356672,0,9396566016,0,211408420864,"1528502520",NA,NA,NA,NA,NA,NA,NA
2018-06-10,38.1853,0,1528588800000,335542845440,12492304384,0,8617124864,0,207414804480,"1528588920",NA,NA,NA,NA,NA,NA,NA
2018-06-11,39.1448,0,1528675200000,296782757888,19737747456,0,13956938752,0,180607713280,"1528675320",NA,NA,NA,NA,NA,NA,NA
2018-06-12,39.0165,0,1528761600000,302453915648,15842665472,0,11116645376,0,184446828544,"1528761720",NA,NA,NA,NA,NA,NA,NA
2018-06-13,39.8056,0,1.528848e+12,283226308608,15421835264,0,10759296000,0,170486284288,"1528848120",NA,NA,NA,NA,NA,NA,NA
2018-06-14,39.9496,0,1528934400000,271362588672,16305951744,0,11271092224,0,162954215424,"1528934520",NA,NA,NA,NA,NA,NA,NA
2018-06-15,39.4184,0,1529020800000,289418674176,17214228480,0,12081849344,0,175334375424,"1529020920",NA,NA,NA,NA,NA,NA,NA
2018-06-16,39.8784,0,1529107200000,276739784704,13145126912,0,9197136896,0,166380388352,"1529107320",NA,NA,NA,NA,NA,NA,NA
2018-06-17,39.9593,0,1529193600000,280067211264,10415037440,0,7227417600,0,168154349568,"1529193720",NA,NA,NA,NA,NA,NA,NA
2018-06-18,39.9965,0,1.52928e+12,278322806784,9599320064,0,6494180352,0,167003389952,"1529280120",NA,NA,NA,NA,NA,NA,NA
2018-06-19,40.1022,0,1529366400000,287529402368,12411128832,0,8371288576,0,172223725568,"1529366520",NA,NA,NA,NA,NA,NA,NA
2018-06-20,39.7539,0,1529452800000,291302146048,13264679936,0,9200320512,0,175498182656,"1529452920",NA,NA,NA,NA,NA,NA,NA
2018-06-21,40.0821,0,1529539200000,289348485120,12866644992,0,8979585024,0,173371588608,"1529539320",NA,NA,NA,NA,NA,NA,NA
2018-06-22,40.2478,0,1529625600000,286397857792,11499451392,0,7977141760,0,171128897536,"1529625720",NA,NA,NA,NA,NA,NA,NA
2018-06-23,40.8721,0,1.529712e+12,254937776128,17136112640,0,12058432512,0,150739288064,"1529712120",NA,NA,NA,NA,NA,NA,NA
2018-06-24,40.9838,0,1529798400000,257369997312,11701473280,0,8278003712,0,151889920000,"1529798520",NA,NA,NA,NA,NA,NA,NA
2018-06-25,41.9769,0,1529884800000,251626635264,16930790400,0,12379200512,0,146001625088,"1529884920",NA,NA,NA,NA,NA,NA,NA
2018-06-26,41.8151,0,1529971200000,255967936512,18264672256,0,12763061248,0,148934688768,"1529971320",NA,NA,NA,NA,NA,NA,NA
2018-06-27,42.7167,0,1530057600000,243813679104,10537202688,0,7252642816,0,139664408576,"1530057720",NA,NA,NA,NA,NA,NA,NA
2018-06-28,42.3698,0,1.530144e+12,248609964032,10640192512,0,7355102720,0,143274328064,"1530144120",NA,NA,NA,NA,NA,NA,NA
2018-06-29,42.6479,0,1530230400000,236779569152,11251453952,0,7781173760,0,135798128640,"1530230520",NA,NA,NA,NA,NA,NA,NA
2018-06-30,42.9093,0,1530316800000,247976476672,12472551424,0,8498971648,0,141571620864,"1530316920",NA,NA,NA,NA,NA,NA,NA
2018-07-01,42.5997,0,1530403200000,257741733888,14370782208,0,9823672320,0,147944603648,"1530403320",NA,NA,NA,NA,NA,NA,NA
2018-07-02,42.4798,0,1530489600000,257234649088,15038041088,0,10246650880,0,147961790464,"1530489720",NA,NA,NA,NA,NA,NA,NA
2018-07-03,41.8386,0,1.530576e+12,270058602496,14612756480,0,10165876736,0,157069869056,"1530576120",NA,NA,NA,NA,NA,NA,NA
2018-07-04,42.1125,0,1530662400000,266462429184,15564372992,0,10892223488,0,154248478720,"1530662520",NA,NA,NA,NA,NA,NA,NA
2018-07-05,41.7674,0,1530748800000,270693138432,13917130752,0,9739271168,0,157631610880,"1530748920",NA,NA,NA,NA,NA,NA,NA
2018-07-06,42.1278,0,1530835200000,269989380096,16080091136,0,11080050688,0,156248702976,"1530835320",NA,NA,NA,NA,NA,NA,NA
2018-07-07,42.3727,0,1530921600000,269674545152,13769182208,0,9455171584,0,155406123008,"1530921720",NA,NA,NA,NA,NA,NA,NA
2018-07-08,42.2211,0,1.531008e+12,278348070912,12176983040,0,8210683392,0,160826556416,"1531008120",NA,NA,NA,NA,NA,NA,NA
2018-07-09,42.2686,0,1531094400000,274713853952,11015291904,0,7631522304,0,158596251648,"1531094520",NA,NA,NA,NA,NA,NA,NA
2018-07-10,42.9395,0,1531180800000,269016612864,12326258688,0,8608078848,0,153502269440,"1531180920",NA,NA,NA,NA,NA,NA,NA
2018-07-11,43.3051,0,1531267200000,250605486080,13718644736,0,9667894272,0,142080409600,"1531267320",NA,NA,NA,NA,NA,NA,NA
2018-07-12,43.1474,0,1531353600000,254169268224,12052092928,0,8416813056,0,144501915648,"1531353720",NA,NA,NA,NA,NA,NA,NA
2018-07-13,43.3686,0,1.53144e+12,246504259584,11890355200,0,8111194624,0,139598741504,"1531440120",NA,NA,NA,NA,NA,NA,NA
2018-07-14,43.0594,0,1531526400000,248797118464,11931593728,0,8148623360,0,141666631680,"1531526520",NA,NA,NA,NA,NA,NA,NA
2018-07-15,43.111,0,1531612800000,249525010432,9088020480,0,6169120768,0,141952204800,"1531612920",NA,NA,NA,NA,NA,NA,NA
2018-07-16,42.6996,0,1531699200000,255340953600,10298556416,0,7008606720,0,146311479296,"1531699320",NA,NA,NA,NA,NA,NA,NA
2018-07-17,42.3483,0,1531785600000,272979247104,14592121856,0,9862191104,0,157377069056,"1531785720",NA,NA,NA,NA,NA,NA,NA
2018-07-18,42.9951,0,1.531872e+12,291872538624,18245163008,0,12283253760,0,166381699072,"1531872120",NA,NA,NA,NA,NA,NA,NA
2018-07-19,43.7215,0,1531958400000,289526841344,19693955072,0,13591835648,0,162941353984,"1531958520",NA,NA,NA,NA,NA,NA,NA
2018-07-20,44.4619,0,1532044800000,288183746560,16560726016,0,11449375744,0,160051757056,"1532044920",NA,NA,NA,NA,NA,NA,NA
2018-07-21,45.6574,0,1532131200000,276359053312,15295636480,0,10375486464,0,150180691968,"1532131320",NA,NA,NA,NA,NA,NA,NA
2018-07-22,45.2109,0,1532217600000,281586630656,11775197184,0,8049056768,0,154278723584,"1532217720",NA,NA,NA,NA,NA,NA,NA
2018-07-23,45.3774,0,1.532304e+12,280473534464,11497741312,0,7802311168,0,153201786880,"1532304120",NA,NA,NA,NA,NA,NA,NA
2018-07-24,46.6926,0,1532390400000,283702394880,14799787008,0,9668937728,0,151234314240,"1532390520",NA,NA,NA,NA,NA,NA,NA
2018-07-25,47.5286,0,1532476800000,302699642880,21180338176,0,13875146752,0,158830624768,"1532476920",NA,NA,NA,NA,NA,NA,NA
2018-07-26,46.9771,0,1532563200000,298879516672,17537720320,0,11720259584,0,158474518528,"1532563320",NA,NA,NA,NA,NA,NA,NA
2018-07-27,46.9252,0,1532649600000,290958639104,14402001920,0,9501372416,0,154425835520,"1532649720",NA,NA,NA,NA,NA,NA,NA
2018-07-28,47.1885,0,1.532736e+12,297328967680,16179419136,0,10979748864,0,157023846400,"1532736120",NA,NA,NA,NA,NA,NA,NA
2018-07-29,47.3327,0,1532822400000,297788342272,12652347392,0,8647627776,0,156836970496,"1532822520",NA,NA,NA,NA,NA,NA,NA
2018-07-30,47.4172,0,1532908800000,297865478144,13078498304,0,8969707520,0,156626026496,"1532908920",NA,NA,NA,NA,NA,NA,NA
2018-07-31,47.9949,0,1532995200000,292863223827.39,17692152629.79,0,12142662629.79,0,152303662867.39,"1532995320",NA,NA,NA,NA,NA,NA,NA
2018-08-01,48.0585,0,1533081600000,277770824530.3,15398085549.03,0,10106975549.03,0,144278230371.82,"1533081720",NA,NA,NA,NA,NA,NA,NA
2018-08-02,48.041,0,1.533168e+12,273078776005.22,14300071695.05,0,9514991695.05,0,141889137194.69,"1533168120",NA,NA,NA,NA,NA,NA,NA
2018-08-03,48.6978,0,1533254400000,266882624887.51,12435726230.71,0,8220656230.71,0,136916661991.51,"1533254520",NA,NA,NA,NA,NA,NA,NA
2018-08-04,48.1154,0,1533340800000,265734630258.81,13725709166.11,0,9106999166.11,0,137875236930.56,"1533340920",NA,NA,NA,NA,NA,NA,NA
2018-08-05,47.6251,0,1533427200000,253793167140.12,12103007752.44,0,7837207752.44,0,132923895811.16,"1533427320",NA,NA,NA,NA,NA,NA,NA
2018-08-06,47.3072,0,1533513600000,256685678246.55,10851633584.22,0,7168133584.22,0,135254846282.05,"1533513720",NA,NA,NA,NA,NA,NA,NA
2018-08-07,47.4911,0,1.5336e+12,251928492969.34,11672704696.56,0,7757584696.56,0,132284877435.34,"1533600120",NA,NA,NA,NA,NA,NA,NA
2018-08-08,48.1821,0,1533686400000,240795927755.36,14347635147.1,0,9672895147.1,0,124775408442.86,"1533686520",NA,NA,NA,NA,NA,NA,NA
2018-08-09,48.9538,0,1533772800000,221523876955.22,15595461702.61,0,10549331702.61,0,113079594963.22,"1533772920",NA,NA,NA,NA,NA,NA,NA
2018-08-10,49.0182,0,1533859200000,230585271971.11,12803574364.53,0,8546644364.53,0,117556440543.07,"1533859320",NA,NA,NA,NA,NA,NA,NA
2018-08-11,49.465,0,1533945600000,215120772951.55,13187802320.99,0,8671082320.99,0,108711266924.05,"1533945720",NA,NA,NA,NA,NA,NA,NA
2018-08-12,50.8645,0,1.534032e+12,212538114471.1,12308690118.74,0,8265260118.74,0,104431686411.1,"1534032120",NA,NA,NA,NA,NA,NA,NA
2018-08-13,51.0634,0,1534118400000,213678455515.44,14763847222.89,0,9104847222.89,0,104566954413.44,"1534118520",NA,NA,NA,NA,NA,NA,NA
2018-08-14,53.0503,0,1534204800000,203955648753.93,12292752083.09,0,8211352083.09,0,95756495133.43,"1534204920",NA,NA,NA,NA,NA,NA,NA
2018-08-15,53.5267,0,1534291200000,200031157580.19,15546976807.53,0,10230266807.53,0,92961141522.19,"1534291320",NA,NA,NA,NA,NA,NA,NA
2018-08-16,53.5266,0,1534377600000,202396405785.17,14148946098.24,0,9269626098.24,0,94060591092.42,"1534377720",NA,NA,NA,NA,NA,NA,NA
2018-08-17,53.2118,0,1.534464e+12,205126750431.84,12752030940.86,0,8435970940.86,0,95975118305.59,"1534464120",NA,NA,NA,NA,NA,NA,NA
2018-08-18,50.685,0,1534550400000,223614315020.17,16685237784.89,0,11696027784.89,0,110275386410.76,"1534550520",NA,NA,NA,NA,NA,NA,NA
2018-08-19,52.0113,0,1534636800000,212612696317.6,13669597748.39,0,9712567748.39,0,102030170571.6,"1534636920",NA,NA,NA,NA,NA,NA,NA
2018-08-20,51.5879,0,1534723200000,216981452892.04,11288184650.87,0,7980284650.87,0,105045355402.67,"1534723320",NA,NA,NA,NA,NA,NA,NA
2018-08-21,52.8794,0,1534809600000,205209754523.93,11373659455.03,0,7733239455.03,0,96696035045.68,"1534809720",NA,NA,NA,NA,NA,NA,NA
2018-08-22,52.752,0,1.534896e+12,211773714009.18,9991910921.73,0,6648000921.73,0,100058844392.93,"1534896120",NA,NA,NA,NA,NA,NA,NA
2018-08-23,53.2934,0,1534982400000,205932375951,13290211072.08,0,8623151072.08,0,96183973765.5,"1534982520",NA,NA,NA,NA,NA,NA,NA
2018-08-24,53.2555,0,1535068800000,211929458478.98,10271017599.76,0,6851957599.76,0,99065362092.74,"1535068920",NA,NA,NA,NA,NA,NA,NA
2018-08-25,53.3958,0,1535155200000,216830185630.33,12004427637.9,0,7915437637.9,0,101051999081.58,"1535155320",NA,NA,NA,NA,NA,NA,NA
2018-08-26,53.5191,0,1535241600000,217468503513.81,9530500526.07,0,6229880526.07,0,101081328065.81,"1535241720",NA,NA,NA,NA,NA,NA,NA
2018-08-27,53.6051,0,1.535328e+12,215737416324.21,9673622662.73,0,6387542662.73,0,100091206544.21,"1535328120",NA,NA,NA,NA,NA,NA,NA
2018-08-28,52.9536,0,1535414400000,224288668823.39,12292077254.91,0,8266857254.91,0,105519788668.43,"1535414520",NA,NA,NA,NA,NA,NA,NA
2018-08-29,52.6119,0,1535500800000,232343569596.46,13673100367.33,0,9045490367.33,0,110103147347.69,"1535500920",NA,NA,NA,NA,NA,NA,NA
2018-08-30,52.968,0,1535587200000,229244190529.48,13009187140.95,0,8872527140.95,0,107818136116.36,"1535587320",NA,NA,NA,NA,NA,NA,NA
2018-08-31,53.2186,0,1535673600000,225929211307.5,12861639083.44,0,8401469083.44,0,105692828691.61,"1535673720",NA,NA,NA,NA,NA,NA,NA
2018-09-01,53.1557,0,1.53576e+12,228519875837.38,12875929400.96,0,8392089400.96,0,107048598153.16,"1535760120",NA,NA,NA,NA,NA,NA,NA
2018-09-02,52.3571,0,1535846400000,236799441781.92,13174388392.35,0,9059048392.35,0,112818103978.46,"1535846520",NA,NA,NA,NA,NA,NA,NA
2018-09-03,52.7537,0,1535932800000,237967206775.24,13060530491.43,0,8735260491.43,0,112430602362.13,"1535932920",NA,NA,NA,NA,NA,NA,NA
2018-09-04,52.9815,0,1536019200000,236447714955.29,12071737953.36,0,7992927953.36,0,111174219930.29,"1536019320",NA,NA,NA,NA,NA,NA,NA
2018-09-05,53.1826,0,1536105600000,238768615083.78,13047885196.66,0,8728485196.66,0,111785182111.26,"1536105720",NA,NA,NA,NA,NA,NA,NA
2018-09-06,55.3472,0,1.536192e+12,210553289677.66,17856404670.96,0,12044984670.96,0,94017836360.16,"1536192120",NA,NA,NA,NA,NA,NA,NA
2018-09-07,54.3528,0,1536278400000,207248415991.36,16026849060.91,0,10522669060.91,0,94603163778.36,"1536278520",NA,NA,NA,NA,NA,NA,NA
2018-09-08,54.8862,0,1536364800000,203095290000.9,12671676559.15,0,8408796559.15,0,91623926121.15,"1536364920",NA,NA,NA,NA,NA,NA,NA
2018-09-09,55.5767,0,1536451200000,193241453390.95,11069642438.62,0,7238442438.62,0,85844198881.39,"1536451320",NA,NA,NA,NA,NA,NA,NA
2018-09-10,55.6573,0,1536537600000,195408805619.07,11121511414.58,0,7452431414.58,0,86649460752.48,"1536537720",NA,NA,NA,NA,NA,NA,NA
2018-09-11,55.8329,0,1.536624e+12,195750661452.44,10955589247.85,0,7229879247.85,0,86457429462.88,"1536624120",NA,NA,NA,NA,NA,NA,NA
2018-09-12,56.7733,0,1536710400000,192075609523.99,11280664804.74,0,7458534804.74,0,83027990669.62,"1536710520",NA,NA,NA,NA,NA,NA,NA
2018-09-13,57.0583,0,1536796800000,192265956329.47,12392008029.38,0,8329818029.38,0,82562309318.59,"1536796920",NA,NA,NA,NA,NA,NA,NA
2018-09-14,55.7866,0,1536883200000,201658202523.24,13719770142.05,0,9516330142.05,0,89160038643.49,"1536883320",NA,NA,NA,NA,NA,NA,NA
2018-09-15,56.0169,0,1536969600000,200663093598.4,12974764632.32,0,8909384632.32,0,88257797988.4,"1536969720",NA,NA,NA,NA,NA,NA,NA
2018-09-16,55.4923,0,1.537056e+12,203429416981.82,10216043138.07,0,7005013138.07,0,90541692026.66,"1537056120",NA,NA,NA,NA,NA,NA,NA
2018-09-17,55.3586,0,1537142400000,203235698051.45,10202286197.95,0,6923686197.95,0,90727218335.23,"1537142520",NA,NA,NA,NA,NA,NA,NA
2018-09-18,56.4001,0,1537228800000,192361442096.37,12529754718.32,0,8642724718.32,0,83869324022.45,"1537228920",NA,NA,NA,NA,NA,NA,NA
2018-09-19,55.3409,0,1537315200000,198902029227.13,12750157523.8,0,8567397523.8,0,88827842588.38,"1537315320",NA,NA,NA,NA,NA,NA,NA
2018-09-20,55.3146,0,1537401600000,199862560168.26,12599282347.65,0,8173562347.65,0,89309468747.01,"1537401720",NA,NA,NA,NA,NA,NA,NA
2018-09-21,53.1202,0,1.537488e+12,211883521537.62,13768980881.83,0,9426440881.83,0,99330609334.68,"1537488120",NA,NA,NA,NA,NA,NA,NA
2018-09-22,51.3729,0,1537574400000,226552821622.22,24211812354.56,0,17687372354.56,0,110166025514.12,"1537574520",NA,NA,NA,NA,NA,NA,NA
2018-09-23,51.7175,0,1537660800000,224408914366.8,15957091555.14,0,11489211555.14,0,108350140701.96,"1537660920",NA,NA,NA,NA,NA,NA,NA
2018-09-24,51.2614,0,1537747200000,226074934638.68,13862892963.94,0,9674322963.94,0,110185834715.93,"1537747320",NA,NA,NA,NA,NA,NA,NA
2018-09-25,52.7589,0,1537833600000,216367839971.34,13465432788.75,0,9300132788.75,0,102214512384.34,"1537833720",NA,NA,NA,NA,NA,NA,NA
2018-09-26,52.4429,0,1.53792e+12,212725183133.01,16209845559.4,0,11494275559.4,0,101165884464.78,"1537920120",NA,NA,NA,NA,NA,NA,NA
2018-09-27,52.4337,0,1538006400000,214185262933.9,15401476248.46,0,10977956248.46,0,101879912629.15,"1538006520",NA,NA,NA,NA,NA,NA,NA
2018-09-28,51.7138,0,1538092800000,223324281320.53,16227365506.59,0,11624485506.59,0,107834835414.28,"1538092920",NA,NA,NA,NA,NA,NA,NA
2018-09-29,52.0976,0,1538179200000,220520444107.59,16254302188.32,0,11259182188.32,0,105634672707.59,"1538179320",NA,NA,NA,NA,NA,NA,NA
2018-09-30,51.4146,0,1538265600000,222182622757.38,15186966539.45,0,10833596539.45,0,107948219068.38,"1538265720",NA,NA,NA,NA,NA,NA,NA
2018-10-01,51.2856,0,1.538352e+12,223278557451.55,14691032656.87,0,10710282656.87,0,108768809202.1,"1538352120",NA,NA,NA,NA,NA,NA,NA
2018-10-02,51.3209,0,1538438400000,222253552748.45,14482727709.97,0,10496587709.97,0,108191080953.57,"1538438520",NA,NA,NA,NA,NA,NA,NA
2018-10-03,51.9463,0,1538524800000,218287584054.87,13174936187.49,0,9207506187.49,0,104895319878.87,"1538524920",NA,NA,NA,NA,NA,NA,NA
2018-10-04,51.998,0,1538611200000,216231294620.2,13317684588.09,0,9444464588.09,0,103795280751.28,"1538611320",NA,NA,NA,NA,NA,NA,NA
2018-10-05,52.0904,0,1538697600000,218403592441.5,12364823182.16,0,8531023182.16,0,104636204264.2,"1538697720",NA,NA,NA,NA,NA,NA,NA
2018-10-06,52.0027,0,1.538784e+12,220400615590.73,11952121420.64,0,8286341420.64,0,105786370124.48,"1538784120",NA,NA,NA,NA,NA,NA,NA
2018-10-07,52.3583,0,1538870400000,217872853926.06,11369965728.23,0,8113905728.23,0,103798233913.06,"1538870520",NA,NA,NA,NA,NA,NA,NA
2018-10-08,52.2887,0,1538956800000,218500486910.27,11557426733.33,0,8249296733.33,0,104249382958.02,"1538956920",NA,NA,NA,NA,NA,NA,NA
2018-10-09,52.0578,0,1539043200000,221249534175.83,12423388129.75,0,8456958129.75,0,106071912196.83,"1539043320",NA,NA,NA,NA,NA,NA,NA
2018-10-10,52.3535,0,1539129600000,219597789758.22,11078491698.46,0,7516641698.46,0,104630717145.24,"1539129720",NA,NA,NA,NA,NA,NA,NA
2018-10-11,52.4465,0,1.539216e+12,217463061890.85,11972002773.01,0,8201342773.01,0,103411274390.97,"1539216120",NA,NA,NA,NA,NA,NA,NA
2018-10-12,55.0243,0,1539302400000,196362979123.27,16305029483.08,0,11145929483.08,0,88315628264.77,"1539302520",NA,NA,NA,NA,NA,NA,NA
2018-10-13,54.1469,0,1539388800000,200805930240.78,12304452410.49,0,8568452410.49,0,92075787383.82,"1539388920",NA,NA,NA,NA,NA,NA,NA
2018-10-14,53.9441,0,1539475200000,201915338472.47,9320114380.49,0,6280624380.49,0,92993899843.08,"1539475320",NA,NA,NA,NA,NA,NA,NA
2018-10-15,54.5031,0,1539561600000,199992805106.12,9464278891.87,0,6385318891.87,0,90990593814.12,"1539561720",NA,NA,NA,NA,NA,NA,NA
2018-10-16,54.0861,0,1.539648e+12,211448593055.33,22241976013.37,0,14879206013.37,0,97084201681.16,"1539648120",NA,NA,NA,NA,NA,NA,NA
2018-10-17,53.7817,0,1539734400000,212315485481.86,12069535224.28,0,8000145224.28,0,98128630250.86,"1539734520",NA,NA,NA,NA,NA,NA,NA
2018-10-18,53.6699,0,1539820800000,211222553718.54,12202797371.5,0,8113037371.5,0,97859597902.58,"1539820920",NA,NA,NA,NA,NA,NA,NA
2018-10-19,53.9179,0,1539907200000,208207079107.95,11566785333.59,0,7656315333.59,0,95946259016.61,"1539907320",NA,NA,NA,NA,NA,NA,NA
2018-10-20,53.7936,0,1539993600000,208157193469.86,10420362238.06,0,6859252238.06,0,96182019811.86,"1539993720",NA,NA,NA,NA,NA,NA,NA
2018-10-21,53.6512,0,1.54008e+12,209673266982.97,9824785133.66,0,6454455133.66,0,97181108140.88,"1540080120",NA,NA,NA,NA,NA,NA,NA
2018-10-22,53.6699,0,1540166400000,209490331905.69,9942520526.42,0,6687720526.42,0,97057009591.83,"1540166520",NA,NA,NA,NA,NA,NA,NA
2018-10-23,53.6378,0,1540252800000,209196934969.41,10652396936.69,0,6981086936.69,0,96988302734.09,"1540252920",NA,NA,NA,NA,NA,NA,NA
2018-10-24,53.5842,0,1540339200000,209640848140.02,10556706205.05,0,6859796205.05,0,97306451902.77,"1540339320",NA,NA,NA,NA,NA,NA,NA
2018-10-25,53.6269,0,1540425600000,209676886226.83,9615840523.47,0,6185440523.47,0,97233625876.03,"1540425720",NA,NA,NA,NA,NA,NA,NA
2018-10-26,53.6849,0,1.540512e+12,208947728615.41,8992023493.23,0,5787863493.23,0,96774306089.41,"1540512120",NA,NA,NA,NA,NA,NA,NA
2018-10-27,53.6815,0,1540598400000,209383041748.33,9469096012.87,0,6177736012.87,0,96983079271.33,"1540598520",NA,NA,NA,NA,NA,NA,NA
2018-10-28,53.7615,0,1540684800000,209150655563.58,9349406809.37,0,5956916809.37,0,96708107531.08,"1540684920",NA,NA,NA,NA,NA,NA,NA
2018-10-29,53.6486,0,1540771200000,209925125343.79,9428283410.95,0,6013953410.95,0,97303303746.29,"1540771320",NA,NA,NA,NA,NA,NA,NA
2018-10-30,54.1283,0,1540857600000,203108867865.79,11886887686.49,0,7686977686.49,0,93169462017.79,"1540857720",NA,NA,NA,NA,NA,NA,NA
2018-10-31,54.0238,0,1.540944e+12,203522810758.92,10456255815.37,0,6684295815.37,0,93572073640.17,"1540944120",NA,NA,NA,NA,NA,NA,NA
2018-11-01,53.8983,0,1541030400000,203413112151.59,11463369386.39,0,7294589386.39,0,93776798034.09,"1541030520",NA,NA,NA,NA,NA,NA,NA
2018-11-02,53.8415,0,1541116800000,205610064416.34,10493359182.56,0,6715579182.56,0,94906459384.34,"1541116920",NA,NA,NA,NA,NA,NA,NA
2018-11-03,53.4457,0,1541203200000,207424465225.98,12007302520.72,0,7798952520.72,0,96565055924.1,"1541203320",NA,NA,NA,NA,NA,NA,NA
2018-11-04,53.3799,0,1541289600000,206996226408.61,10506002930.9,0,6865662930.9,0,96501934711.72,"1541289720",NA,NA,NA,NA,NA,NA,NA
2018-11-05,52.5805,0,1.541376e+12,210100642127.58,14211012397.87,0,9855522397.87,0,99628599835.64,"1541376120",NA,NA,NA,NA,NA,NA,NA
2018-11-06,52.377,0,1541462400000,213251002874.12,13081274028.82,0,8911784028.82,0,101556589328.12,"1541462520",NA,NA,NA,NA,NA,NA,NA
2018-11-07,51.1074,0,1541548800000,219762178691.63,15498325079.73,0,10812985079.73,0,107447510929.13,"1541548920",NA,NA,NA,NA,NA,NA,NA
2018-11-08,51.6411,0,1541635200000,219319362183.37,15211402595.97,0,10312662595.97,0,106060391479.63,"1541635320",NA,NA,NA,NA,NA,NA,NA
2018-11-09,52.3076,0,1541721600000,213898551931.56,14136987663.14,0,9494577663.14,0,102013300096.56,"1541721720",NA,NA,NA,NA,NA,NA,NA
2018-11-10,52.3819,0,1.541808e+12,211742200873.76,13054892072.33,0,8739142072.33,0,100827575727.26,"1541808120",NA,NA,NA,NA,NA,NA,NA
2018-11-11,52.1861,0,1541894400000,213472180857.81,11431610535.31,0,7753500535.31,0,102069435224,"1541894520",NA,NA,NA,NA,NA,NA,NA
2018-11-12,52.3062,0,1541980800000,212942081893.03,12357601547.79,0,8414031547.79,0,101560116111.91,"1541980920",NA,NA,NA,NA,NA,NA,NA
2018-11-13,52.2686,0,1542067200000,211834718516.38,13010866246.88,0,8769716246.88,0,101111695348.88,"1542067320",NA,NA,NA,NA,NA,NA,NA
2018-11-14,52.618,0,1542153600000,209721197624.29,13328842093.83,0,8864222093.83,0,99370073000.41,"1542153720",NA,NA,NA,NA,NA,NA,NA
2018-11-15,52.9157,0,1.54224e+12,188363337900.62,21717252171.29,0,14323372171.29,0,88689488803.07,"1542240120",NA,NA,NA,NA,NA,NA,NA
2018-11-16,52.6285,0,1542326400000,186409404690,21199041309.41,0,14200351309.41,0,88304892597,"1542326520",NA,NA,NA,NA,NA,NA,NA
2018-11-17,52.9404,0,1542412800000,183137142603.58,15443789910.77,0,10201779910.77,0,86183653635.58,"1542412920",NA,NA,NA,NA,NA,NA,NA
2018-11-18,52.6857,0,1542499200000,183419871732.07,13280759220.45,0,9000159220.45,0,86783740179.19,"1542499320",NA,NA,NA,NA,NA,NA,NA
2018-11-19,52.5474,0,1542585600000,185938137534.46,13385680271.18,0,9241340271.18,0,88232399833.46,"1542585720",NA,NA,NA,NA,NA,NA,NA
2018-11-20,52.4157,0,1.542672e+12,161320291176.73,21056493893.24,0,14037583893.24,0,76763178493.48,"1542672120",NA,NA,NA,NA,NA,NA,NA
2018-11-21,53.4212,0,1542758400000,145333283899.3,24209900472.9,0,15791590472.9,0,67694570403.32,"1542758520",NA,NA,NA,NA,NA,NA,NA
2018-11-22,53.194,0,1542844800000,150738143505.1,17758048780.73,0,11695368780.73,0,70554530080.51,"1542844920",NA,NA,NA,NA,NA,NA,NA
2018-11-23,53.4826,0,1542931200000,141781283033.19,13225770449.67,0,8675550449.67,0,65952961715.69,"1542931320",NA,NA,NA,NA,NA,NA,NA
2018-11-24,53.9433,0,1543017600000,140163628549.1,14893383715.34,0,10072943715.34,0,64554690835.1,"1543017720",NA,NA,NA,NA,NA,NA,NA
2018-11-25,53.5068,0,1.543104e+12,126144597808.32,13871091783.09,0,9201061783.09,0,58648616755.82,"1543104120",NA,NA,NA,NA,NA,NA,NA
2018-11-26,53.9659,0,1543190400000,129411389477.3,20161542624.63,0,13398542624.63,0,59573414469.96,"1543190520",NA,NA,NA,NA,NA,NA,NA
2018-11-27,52.9466,0,1543276800000,123728383577.82,18625779631.97,0,12225939631.97,0,58218365245.32,"1543276920",NA,NA,NA,NA,NA,NA,NA
2018-11-28,53.0685,0,1543363200000,125308701122.79,16731135095.61,0,10771725095.61,0,58809286094.54,"1543363320",NA,NA,NA,NA,NA,NA,NA
2018-11-29,53.3293,0,1543449600000,139274221579.57,20292726471.29,0,13027456471.29,0,65000187301.57,"1543449720",NA,NA,NA,NA,NA,NA,NA
2018-11-30,53.9731,0,1.543536e+12,138271143675.33,17875847578.76,0,11415164518.17,0,63641909224.95,"1543536120",NA,NA,NA,NA,NA,NA,NA
2018-12-01,53.5552,0,1543622400000,130762088332.33,16736131821.27,0,10707724733.44,0,60732237151.59,"1543622520",NA,NA,NA,NA,NA,NA,NA
2018-12-02,53.7671,0,1543708800000,135963481533.57,14885575173.14,0,9560387203.21,0,62859856911.62,"1543708920",NA,NA,NA,NA,NA,NA,NA
2018-12-03,53.6508,0,1543795200000,134536782785.64,14163045275.11,0,8914556638.71,0,62356710178.45,"1543795320",NA,NA,NA,NA,NA,NA,NA
2018-12-04,53.6674,0,1543881600000,126040571093.24,13714010035.63,0,8650975928.12,0,58397910460.38,"1543881720",NA,NA,NA,NA,NA,NA,NA
2018-12-05,53.8846,0,1.543968e+12,127890149125.34,13654973838.26,0,8638730139.58,0,58977027308.93,"1543968120",NA,NA,NA,NA,NA,NA,NA
2018-12-06,54.2351,0,1544054400000,120501195325.75,14234506226.05,0,8971384672.34,0,55147312545.52,"1544054520",NA,NA,NA,NA,NA,NA,NA
2018-12-07,54.9232,0,1544140800000,111347892250.86,16201658770,0,10351018394.87,0,50192112573.02,"1544140920",NA,NA,NA,NA,NA,NA,NA
2018-12-08,54.4512,0,1544227200000,109422684222.68,19039865776.5,0,12261221812.25,0,49840681405.05,"1544227320",NA,NA,NA,NA,NA,NA,NA
2018-12-09,54.7472,0,1544313600000,110473312282.51,14818260802.36,0,9571567814.76,0,49992308266.98,"1544313720",NA,NA,NA,NA,NA,NA,NA
2018-12-10,54.8849,0,1.5444e+12,114610944403.75,13771441089.23,0,8873176974.07,0,51706885525.95,"1544400120",NA,NA,NA,NA,NA,NA,NA
2018-12-11,55.0178,0,1544486400000,110719700837.51,13439441377.26,0,8474252640.8,0,49804101623.69,"1544486520",NA,NA,NA,NA,NA,NA,NA
2018-12-12,55.0712,0,1544572800000,108215638936.12,12999350092.16,0,8333526980.06,0,48619951640.81,"1544572920",NA,NA,NA,NA,NA,NA,NA
2018-12-13,55.0034,0,1544659200000,110461832388.98,11280164965.85,0,7181305883.95,0,49704020344.27,"1544659320",NA,NA,NA,NA,NA,NA,NA
2018-12-14,54.8,0,1544745600000,105283132302.18,11705057932.63,0,7388446698.19,0,47587986153.04,"1544745720",NA,NA,NA,NA,NA,NA,NA
2018-12-15,55.2382,0,1.544832e+12,102321920608.56,11613525693.29,0,7281257410.32,0,45801183762.95,"1544832120",NA,NA,NA,NA,NA,NA,NA
2018-12-16,55.2374,0,1544918400000,102090684902.67,9663921664.9,0,6141843421.89,0,45698477235.75,"1544918520",NA,NA,NA,NA,NA,NA,NA
2018-12-17,54.9245,0,1545004800000,103215161080.45,10451759325.59,0,6721575301.6,0,46524775903.79,"1545004920",NA,NA,NA,NA,NA,NA,NA
2018-12-18,54.3034,0,1545091200000,113767575969.41,15794086790.24,0,10373874159.38,0,51987876276.77,"1545091320",NA,NA,NA,NA,NA,NA,NA
2018-12-19,53.8299,0,1545177600000,120026558329.96,17696193889.42,0,11785242920.13,0,55416323184.51,"1545177720",NA,NA,NA,NA,NA,NA,NA
2018-12-20,54.0911,0,1.545264e+12,120599612086.98,20412845947.57,0,13656474899.69,0,55365946315.46,"1545264120",NA,NA,NA,NA,NA,NA,NA
2018-12-21,53.5854,0,1545350400000,134486929915.09,26728184543.26,0,17852309675.26,0,62421545456.32,"1545350520",NA,NA,NA,NA,NA,NA,NA
2018-12-22,53.1372,0,1545436800000,127903692107.71,22765082451.53,0,15563157396.32,0,59939192097.98,"1545436920",NA,NA,NA,NA,NA,NA,NA
2018-12-23,53.0817,0,1545523200000,132091321309.84,17008730918.04,0,11423306541.6,0,61975025640.25,"1545523320",NA,NA,NA,NA,NA,NA,NA
2018-12-24,51.9144,0,1545609600000,134384144342.19,20372343732.16,0,14272018788.45,0,64619358146.01,"1545609720",NA,NA,NA,NA,NA,NA,NA
2018-12-25,51.3553,0,1.545696e+12,138603001025.83,25864885114.14,0,18540913309.05,0,67423046938.6,"1545696120",NA,NA,NA,NA,NA,NA,NA
2018-12-26,51.6511,0,1545782400000,128997948413.59,20369632788.16,0,14229673024.57,0,62369069200.73,"1545782520",NA,NA,NA,NA,NA,NA,NA
2018-12-27,51.6761,0,1545868800000,130132336131.8,17212043187.34,0,11943299271.08,0,62885031270.65,"1545868920",NA,NA,NA,NA,NA,NA,NA
2018-12-28,52.8054,0,1545955200000,120705485561.33,15900211846.55,0,10807048368.89,0,56966417787.52,"1545955320",NA,NA,NA,NA,NA,NA,NA
2018-12-29,51.7348,0,1546041600000,132640648897.22,18394389716.15,0,12776710249.2,0,64019209513.34,"1546041720",NA,NA,NA,NA,NA,NA,NA
2018-12-30,51.6336,0,1.546128e+12,129192462699.96,16723988069.77,0,11754331580.11,0,62485731516.09,"1546128120",NA,NA,NA,NA,NA,NA,NA
2018-12-31,51.6535,0,1546214400000,130661029929.6,14739270709,0,10023964214.88,0,63170045673.23,"1546214520",NA,NA,NA,NA,NA,NA,NA
2019-01-01,52.0264,0,1546300800000,125708389363.89,14063410413.02,0,9420164956.52,0,60306839525.67,"1546300920",NA,NA,NA,NA,NA,NA,NA
2019-01-02,51.5953,0,1546387200000,130240709694.49,13344108770.37,0,9000029929.41,0,63042629320.94,"1546387320",NA,NA,NA,NA,NA,NA,NA
2019-01-03,50.9787,0,1546473600000,134632691607.09,16981883265.82,0,11774372337.53,0,65998646180.98,"1546473720",NA,NA,NA,NA,NA,NA,NA
2019-01-04,51.3142,0,1.54656e+12,130398228106.72,14086272722.41,0,9630358796.92,0,63485399423.08,"1546560120",NA,NA,NA,NA,NA,NA,NA
2019-01-05,51.1779,0,1546646400000,131439559283.8,15659828712.27,0,10848407516.69,0,64171528723.33,"1546646520",NA,NA,NA,NA,NA,NA,NA
2019-01-06,50.9827,0,1546732800000,131428942071.32,16819459470.85,0,11710855744.77,0,64422888103.23,"1546732920",NA,NA,NA,NA,NA,NA,NA
2019-01-07,51.5299,0,1546819200000,138251683419.63,17748889970.16,0,12187072837.79,0,67010785398.48,"1546819320",NA,NA,NA,NA,NA,NA,NA
2019-01-08,51.807,0,1546905600000,135836097214.74,16043399832.34,0,10848863288.61,0,65463475947.66,"1546905720",NA,NA,NA,NA,NA,NA,NA
2019-01-09,51.6874,0,1.546992e+12,136271304624.2,16006356019.21,0,10729802879.25,0,65836260935.68,"1546992120",NA,NA,NA,NA,NA,NA,NA
2019-01-10,51.4167,0,1547078400000,137101912829.61,15685761824.72,0,10614356867.21,0,66608641643.26,"1547078520",NA,NA,NA,NA,NA,NA,NA
2019-01-11,52.3592,0,1547164800000,122620488581,22892773931.15,0,16054556574.76,0,58417344475.08,"1547164920",NA,NA,NA,NA,NA,NA,NA
2019-01-12,52.425,0,1547251200000,122911592285.65,16889704504.34,0,11464760952.75,0,58475148788.54,"1547251320",NA,NA,NA,NA,NA,NA,NA
2019-01-13,52.3875,0,1547337600000,122074175017.52,14227767744.59,0,9542957928.3,0,58122557163.18,"1547337720",NA,NA,NA,NA,NA,NA,NA
2019-01-14,52.9776,0,1.547424e+12,117375260096.41,14358194396.64,0,9751736225.58,0,55192618431.9,"1547424120",NA,NA,NA,NA,NA,NA,NA
2019-01-15,52.2464,0,1547510400000,123946419686.52,17149274414.65,0,11573133521.16,0,59188895323.43,"1547510520",NA,NA,NA,NA,NA,NA,NA
2019-01-16,52.5775,0,1547596800000,120759638364.3,16593613039.91,0,11130747319.29,0,57267227653.7,"1547596920",NA,NA,NA,NA,NA,NA,NA
2019-01-17,52.3208,0,1547683200000,122044239823.45,16249649722.01,0,10933019523.66,0,58189723590.17,"1547683320",NA,NA,NA,NA,NA,NA,NA
2019-01-18,52.325,0,1547769600000,122918241006.63,16665636112.61,0,11304629067.28,0,58601219666.15,"1547769720",NA,NA,NA,NA,NA,NA,NA
2019-01-19,52.4574,0,1.547856e+12,121766488906.26,15207279807.86,0,10340527400.57,0,57891013524.09,"1547856120",NA,NA,NA,NA,NA,NA,NA
2019-01-20,52.4426,0,1547942400000,124249206672.58,16988506302.51,0,11393479827.05,0,59089712205.15,"1547942520",NA,NA,NA,NA,NA,NA,NA
2019-01-21,52.4486,0,1548028800000,120077388940.35,17691570055.43,0,11898783879.17,0,57098455666.77,"1548028920",NA,NA,NA,NA,NA,NA,NA
2019-01-22,52.3889,0,1548115200000,119382493531.37,14727787568.59,0,9836567153.89,0,56839264403.51,"1548115320",NA,NA,NA,NA,NA,NA,NA
2019-01-23,52.3125,0,1548201600000,120587293098.46,15772863684.27,0,10624422681.37,0,57505008277.37,"1548201720",NA,NA,NA,NA,NA,NA,NA
2019-01-24,52.348,0,1.548288e+12,119814328059.83,15448980922.31,0,10175518663.72,0,57093863734.53,"1548288120",NA,NA,NA,NA,NA,NA,NA
2019-01-25,52.4043,0,1548374400000,120463967572.73,14907380088.45,0,9807375741.26,0,57335718068.1,"1548374520",NA,NA,NA,NA,NA,NA,NA
2019-01-26,52.4618,0,1548460800000,120087567875.66,15352015883.43,0,10200981284.65,0,57087466226.82,"1548460920",NA,NA,NA,NA,NA,NA,NA
2019-01-27,52.4988,0,1548547200000,120181561678.24,14987696623.36,0,9948705079.2,0,57087685890.46,"1548547320",NA,NA,NA,NA,NA,NA,NA
2019-01-28,52.8509,0,1548633600000,118716627218.98,16687111036.75,0,11184625638.69,0,55973795012.79,"1548633720",NA,NA,NA,NA,NA,NA,NA
2019-01-29,53.456,0,1.54872e+12,113605320985.83,21689991220.65,0,14857434245.02,0,52876418227.35,"1548720120",NA,NA,NA,NA,NA,NA,NA
2019-01-30,53.4061,0,1548806400000,112904770080.97,17458608433.75,0,11661798838.03,0,52606781790.76,"1548806520",NA,NA,NA,NA,NA,NA,NA
2019-01-31,52.8666,0,1548892800000,115442830951.12,17840224043.93,0,11975594717.51,0,54412094398.38,"1548892920",NA,NA,NA,NA,NA,NA,NA
2019-02-01,53.3231,0,1548979200000,113650785040.46,17195336439.88,0,11568286626.74,0,53048645640.31,"1548979320",NA,NA,NA,NA,NA,NA,NA
2019-02-02,53.3872,0,1549065600000,114316904778.8,16385796301.24,0,11088813444.35,0,53286295958.61,"1549065720",NA,NA,NA,NA,NA,NA,NA
2019-02-03,53.2061,0,1.549152e+12,115755374814.77,15388407404.85,0,10419345279.8,0,54166456145.24,"1549152120",NA,NA,NA,NA,NA,NA,NA
2019-02-04,53.3961,0,1549238400000,113749591264.5,15221667370.58,0,10291797007.31,0,53011715813.85,"1549238520",NA,NA,NA,NA,NA,NA,NA
2019-02-05,53.3418,0,1549324800000,113474773066.31,15766148590.72,0,10547804878.55,0,52945330418.6,"1549324920",NA,NA,NA,NA,NA,NA,NA
2019-02-06,53.4353,0,1549411200000,113751515481.82,15799556589.33,0,10676366136.61,0,52968043797.63,"1549411320",NA,NA,NA,NA,NA,NA,NA
2019-02-07,53.5921,0,1549497600000,111661084193.05,16887950117.44,0,11528579382.34,0,51819566422.69,"1549497720",NA,NA,NA,NA,NA,NA,NA
2019-02-08,53.4596,0,1.549584e+12,111507536009.02,14895224949.88,0,9965615608.97,0,51896077269.3,"1549584120",NA,NA,NA,NA,NA,NA,NA
2019-02-09,52.98,0,1549670400000,121469339109.02,24310668849.38,0,16652449513.19,0,57114837874.64,"1549670520",NA,NA,NA,NA,NA,NA,NA
2019-02-10,52.8781,0,1549756800000,121770140188.35,19235545022.97,0,13178970464.26,0,57380386528.51,"1549756920",NA,NA,NA,NA,NA,NA,NA
2019-02-11,52.6001,0,1549843200000,123173026799.33,20097521326.44,0,13895298878.5,0,58383896795.79,"1549843320",NA,NA,NA,NA,NA,NA,NA
2019-02-12,52.8468,0,1549929600000,120856578340,19920525975.66,0,13772290058.07,0,56987754645.33,"1549929720",NA,NA,NA,NA,NA,NA,NA
2019-02-13,52.6422,0,1.550016e+12,121698980088.63,20245229108.38,0,13881243430.3,0,57633903668.05,"1550016120",NA,NA,NA,NA,NA,NA,NA
2019-02-14,52.6829,0,1550102400000,120871574719.98,20325305539.45,0,13994830189.67,0,57192970388.58,"1550102520",NA,NA,NA,NA,NA,NA,NA
2019-02-15,52.8233,0,1550188800000,120104243663.03,19400197992.29,0,13235316388.29,0,56661209429.09,"1550188920",NA,NA,NA,NA,NA,NA,NA
2019-02-16,52.6395,0,1550275200000,120464624288.4,19458592541.15,0,13451185470.54,0,57052693419.08,"1550275320",NA,NA,NA,NA,NA,NA,NA
2019-02-17,52.6844,0,1550361600000,120977025212.53,18370934200.05,0,12529894054.94,0,57240996556.63,"1550361720",NA,NA,NA,NA,NA,NA,NA
2019-02-18,52.2199,0,1.550448e+12,123343888820.79,22545062078.2,0,15614529990.7,0,58933788598.93,"1550448120",NA,NA,NA,NA,NA,NA,NA
2019-02-19,51.88,0,1550534400000,132292341786.26,32710091806.2,0,22922168101.84,0,63659064135.55,"1550534520",NA,NA,NA,NA,NA,NA,NA
2019-02-20,51.9759,0,1550620800000,133245397659.07,33478673047.12,0,23675109387.89,0,63989908845.25,"1550620920",NA,NA,NA,NA,NA,NA,NA
2019-02-21,51.5372,0,1550707200000,136216170893.98,29027715694.85,0,20486454632.08,0,66014164449.29,"1550707320",NA,NA,NA,NA,NA,NA,NA
2019-02-22,51.9712,0,1550793600000,133474529294.36,24968293613.71,0,17356505262.64,0,64106240270.18,"1550793720",NA,NA,NA,NA,NA,NA,NA
2019-02-23,51.8711,0,1.55088e+12,135320999892.01,24619942535.17,0,16922534469.1,0,65128474436.25,"1550880120",NA,NA,NA,NA,NA,NA,NA
2019-02-24,51.5635,0,1550966400000,141131526542.75,29020770309.68,0,20230049946.07,0,68359207661.76,"1550966520",NA,NA,NA,NA,NA,NA,NA
2019-02-25,52.4586,0,1551052800000,127409677644.41,38387016672.76,0,27702637683.11,0,60572324732.36,"1551052920",NA,NA,NA,NA,NA,NA,NA
2019-02-26,51.8763,0,1551139200000,131279537884.57,31082837753.25,0,21941972425.29,0,63176548086.02,"1551139320",NA,NA,NA,NA,NA,NA,NA
2019-02-27,51.9538,0,1551225600000,130381453350.27,25941562975.51,0,18140592346.04,0,62643336884.85,"1551225720",NA,NA,NA,NA,NA,NA,NA
2019-02-28,52.1313,0,1.551312e+12,129639931367.08,27122134709.75,0,18943037043.84,0,62056899909.2,"1551312120",NA,NA,NA,NA,NA,NA,NA
2019-03-01,52.0609,0,1551398400000,130014397834.09,27054067754.58,0,18807681079.61,0,62327681974.61,"1551398520",NA,NA,NA,NA,NA,NA,NA
2019-03-02,51.9192,0,1551484800000,130437285832.21,23992990373.42,0,16493378988.98,0,62715247856.34,"1551484920",NA,NA,NA,NA,NA,NA,NA
2019-03-03,52.0311,0,1551571200000,130403727834.74,23588484426.06,0,16201119540.29,0,62553224052.31,"1551571320",NA,NA,NA,NA,NA,NA,NA
2019-03-04,52.1475,0,1551657600000,129547564672.23,22152867195.6,0,15074156807.82,0,61991805312.25,"1551657720",NA,NA,NA,NA,NA,NA,NA
2019-03-05,52.3536,0,1.551744e+12,126188440516.26,28634418362.99,0,19785589387.96,0,60124191583.37,"1551744120",NA,NA,NA,NA,NA,NA,NA
2019-03-06,51.6605,0,1551830400000,132563731848.62,33523962782.8,0,23429968948.91,0,64080669279.39,"1551830520",NA,NA,NA,NA,NA,NA,NA
2019-03-07,51.5738,0,1551916800000,133013397756.33,30453421175.41,0,21367462560.46,0,64413314751.63,"1551916920",NA,NA,NA,NA,NA,NA,NA
2019-03-08,51.517,0,1552003200000,133509468402.63,31495433302.33,0,21975110113.26,0,64729435386,"1552003320",NA,NA,NA,NA,NA,NA,NA
2019-03-09,51.8014,0,1552089600000,132156611955.57,33191205926.34,0,22620396782.42,0,63697680832.19,"1552089720",NA,NA,NA,NA,NA,NA,NA
2019-03-10,51.5754,0,1.552176e+12,135190124463.58,34117203572.69,0,23405536634.68,0,65465328775.97,"1552176120",NA,NA,NA,NA,NA,NA,NA
2019-03-11,51.5469,0,1552262400000,134853788746.74,30680023336.25,0,21035093465.85,0,65340860745.32,"1552262520",NA,NA,NA,NA,NA,NA,NA
2019-03-12,51.6764,0,1552348800000,132828742359.39,32736903098.92,0,22675965708.91,0,64187644706.63,"1552348920",NA,NA,NA,NA,NA,NA,NA
2019-03-13,51.2533,0,1552435200000,134257524031.24,31085108270.74,0,21351715342.62,0,65446095615.16,"1552435320",NA,NA,NA,NA,NA,NA,NA
2019-03-14,51.1934,0,1552521600000,134170939704.69,29812677598.06,0,20417545795.26,0,65484291269.82,"1552521720",NA,NA,NA,NA,NA,NA,NA
2019-03-15,51.0775,0,1.552608e+12,135216153158.66,32929303498.32,0,22551109755.41,0,66151106299.45,"1552608120",NA,NA,NA,NA,NA,NA,NA
2019-03-16,50.7144,0,1552694400000,137490669640.33,29606070217.6,0,20318638043.41,0,67763090002.89,"1552694520",NA,NA,NA,NA,NA,NA,NA
2019-03-17,50.6067,0,1552780800000,140713223600,32681086285.33,0,22920590069.27,0,69502960121.68,"1552780920",NA,NA,NA,NA,NA,NA,NA
2019-03-18,50.7538,0,1552867200000,139704530506.09,26048945797.31,0,17912588949.09,0,68799202110.77,"1552867320",NA,NA,NA,NA,NA,NA,NA
2019-03-19,50.7965,0,1552953600000,139697368141.08,31622052175.63,0,22051804135.63,0,68735954027.31,"1552953720",NA,NA,NA,NA,NA,NA,NA
2019-03-20,50.7958,0,1.55304e+12,141036831960.34,30129076003.77,0,20843744964.16,0,69396100435.03,"1553040120",NA,NA,NA,NA,NA,NA,NA
2019-03-21,50.755,0,1553126400000,141622429422.83,33511854508.58,0,23427633134.88,0,69741982146.05,"1553126520",NA,NA,NA,NA,NA,NA,NA
2019-03-22,50.9858,0,1553212800000,139081671452.45,35491979620.8,0,24758460216.22,0,68169743856.37,"1553212920",NA,NA,NA,NA,NA,NA,NA
2019-03-23,50.748,0,1553299200000,139548267583.98,29981972885.27,0,20816148773.33,0,68730310595.32,"1553299320",NA,NA,NA,NA,NA,NA,NA
2019-03-24,50.473,0,1553385600000,140757041326.54,30774062246.1,0,21275059267.26,0,69712692987.17,"1553385720",NA,NA,NA,NA,NA,NA,NA
2019-03-25,50.5159,0,1.553472e+12,140267256987.01,29921125698.77,0,20826527696.09,0,69409976702.25,"1553472120",NA,NA,NA,NA,NA,NA,NA
2019-03-26,50.6332,0,1553558400000,138048451545.57,33401490369.62,0,23114977925.45,0,68150132931.38,"1553558520",NA,NA,NA,NA,NA,NA,NA
2019-03-27,50.646,0,1553644800000,138548769704.16,34050895465.5,0,23371200272.35,0,68379345624.89,"1553644920",NA,NA,NA,NA,NA,NA,NA
2019-03-28,50.1997,0,1553731200000,143271013351.23,38621815561.62,0,27804827133.99,0,71349335689.41,"1553731320",NA,NA,NA,NA,NA,NA,NA
2019-03-29,50.2316,0,1553817600000,142719358615.08,30890758979.41,0,21604524023.09,0,71029142638.71,"1553817720",NA,NA,NA,NA,NA,NA,NA
2019-03-30,50.2112,0,1.553904e+12,143900290392.78,36292349851.56,0,25440970668.25,0,71646245847.5,"1553904120",NA,NA,NA,NA,NA,NA,NA
2019-03-31,50.2275,0,1553990400000,144066137192.98,33185593890.96,0,23548375708.62,0,71705256914.71,"1553990520",NA,NA,NA,NA,NA,NA,NA
2019-04-01,50.0918,0,1554076800000,144326758804.63,30227792860.28,0,21259924179.9,0,72030942146.67,"1554076920",NA,NA,NA,NA,NA,NA,NA
2019-04-02,50.055,0,1554163200000,146331398254.87,33767676132.55,0,23719126651.11,0,73085160667.84,"1554163320",NA,NA,NA,NA,NA,NA,NA
2019-04-03,50.6666,0,1554249600000,169632626194.51,74257610138.81,0,52949284166.27,0,83685620926.63,"1554249720",NA,NA,NA,NA,NA,NA,NA
2019-04-04,50.9811,0,1.554336e+12,172260378530.14,87070782030.91,0,64409923671.5,0,84440115929.19,"1554336120",NA,NA,NA,NA,NA,NA,NA
2019-04-05,51.0058,0,1554422400000,170365462451.91,64123016381.76,0,46069668136.72,0,83469260999.51,"1554422520",NA,NA,NA,NA,NA,NA,NA
2019-04-06,50.3161,0,1554508800000,176505669487.31,56393137257.76,0,39714421818.03,0,87694913606.73,"1554508920",NA,NA,NA,NA,NA,NA,NA
2019-04-07,50.4805,0,1554595200000,176716452377.77,56381808873.17,0,39571691392.81,0,87509035503.12,"1554595320",NA,NA,NA,NA,NA,NA,NA
2019-04-08,50.4279,0,1554681600000,181795206173.24,57256577321.55,0,40750937845.31,0,90119751426.32,"1554681720",NA,NA,NA,NA,NA,NA,NA
2019-04-09,50.9184,0,1.554768e+12,182998352033.74,61027124688.04,0,44051441337.67,0,89818607258.77,"1554768120",NA,NA,NA,NA,NA,NA,NA
2019-04-10,51.0723,0,1554854400000,179547073875.03,50581540548.13,0,35987433351.53,0,87848256972.53,"1554854520",NA,NA,NA,NA,NA,NA,NA
2019-04-11,51.2918,0,1554940800000,183369005165.4,54005786954.25,0,38610809742.51,0,89315806509.17,"1554940920",NA,NA,NA,NA,NA,NA,NA
2019-04-12,51.9299,0,1555027200000,171734644510.25,59235989496.62,0,42780380074.67,0,82552992665.27,"1555027320",NA,NA,NA,NA,NA,NA,NA
2019-04-13,51.9761,0,1555113600000,172661385523.86,46440046458.34,0,32884000229.77,0,82918794929.88,"1555113720",NA,NA,NA,NA,NA,NA,NA
2019-04-14,52.018,0,1.5552e+12,172711357466.48,37302522280.09,0,26583557697,0,82870402344.55,"1555200120",NA,NA,NA,NA,NA,NA,NA
2019-04-15,51.7953,0,1555286400000,176229429717.89,35584207966.89,0,25234533482.55,0,84950847915.42,"1555286520",NA,NA,NA,NA,NA,NA,NA
2019-04-16,51.9926,0,1555372800000,171790017059.33,44501452474.67,0,32333950203.91,0,82471874137.91,"1555372920",NA,NA,NA,NA,NA,NA,NA
2019-04-17,52.1722,0,1555459200000,177171545955.69,39280652576.73,0,27756393394.63,0,84737288476.1,"1555459320",NA,NA,NA,NA,NA,NA,NA
2019-04-18,52.1682,0,1555545600000,177734828438.41,40572366661.26,0,28243406694,0,85013831735.89,"1555545720",NA,NA,NA,NA,NA,NA,NA
2019-04-19,51.8522,0,1.555632e+12,180310747571.93,45400239884.38,0,32208886273.25,0,86815708519.59,"1555632120",NA,NA,NA,NA,NA,NA,NA
2019-04-20,51.8749,0,1555718400000,180568136720.39,45330990910.77,0,31614773475.2,0,86898632019.99,"1555718520",NA,NA,NA,NA,NA,NA,NA
2019-04-21,52.1083,0,1555804800000,180845184246.46,41468806336.3,0,28369287588.98,0,86609766075.54,"1555804920",NA,NA,NA,NA,NA,NA,NA
2019-04-22,52.7008,0,1555891200000,177997114800.54,45089833285.3,0,31459424161.23,0,84191232987.68,"1555891320",NA,NA,NA,NA,NA,NA,NA
2019-04-23,52.8294,0,1555977600000,180646766473.16,45125583946.21,0,30590967153.43,0,85212230382.54,"1555977720",NA,NA,NA,NA,NA,NA,NA
2019-04-24,53.8994,0,1.556064e+12,182365996197.3,49992820352.34,0,34098707036.11,0,84071824921.72,"1556064120",NA,NA,NA,NA,NA,NA,NA
2019-04-25,54.442,0,1556150400000,177449310360.36,55464503118.12,0,38504884603.26,0,80842272937.6,"1556150520",NA,NA,NA,NA,NA,NA,NA
2019-04-26,54.5531,0,1556236800000,168840817775.06,49153188887.73,0,33850243972.04,0,76732884212.06,"1556236920",NA,NA,NA,NA,NA,NA,NA
2019-04-27,54.5427,0,1556323200000,171178254245.84,53054143130.72,0,36454125590,0,77813007952.69,"1556323320",NA,NA,NA,NA,NA,NA,NA
2019-04-28,54.3572,0,1556409600000,171257171469.15,39347279825.95,0,26361073333.33,0,78166612215.68,"1556409720",NA,NA,NA,NA,NA,NA,NA
2019-04-29,54.5956,0,1.556496e+12,171111954643.84,38809805250.18,0,26059475219.3,0,77692344680.57,"1556496120",NA,NA,NA,NA,NA,NA,NA
2019-04-30,54.9875,0,1556582400000,168725442669.73,43639997346.39,0,29955947101.78,0,75947605447.04,"1556582520",NA,NA,NA,NA,NA,NA,NA
2019-05-01,54.0396,0,1556668800000,174999688245.82,45671846424.27,0,31899998295.2,0,80430618525.96,"1556668920",NA,NA,NA,NA,NA,NA,NA
2019-05-02,54.3823,0,1556755200000,175715287313,42518100544.59,0,28996047515.84,0,80157292762.54,"1556755320",NA,NA,NA,NA,NA,NA,NA
2019-05-03,54.7038,0,1556841600000,177868210351.62,45189460437.56,0,30632927281.68,0,80567454047.23,"1556841720",NA,NA,NA,NA,NA,NA,NA
2019-05-04,55.0601,0,1.556928e+12,185306947785.43,57862248571.2,0,39260446970.05,0,83276724284.98,"1556928120",NA,NA,NA,NA,NA,NA,NA
2019-05-05,55.7729,0,1557014400000,184749861223.18,54722606906.42,0,37299757451.33,0,81709560613.75,"1557014520",NA,NA,NA,NA,NA,NA,NA
2019-05-06,55.8164,0,1557100800000,183343467488.07,44970788075.22,0,30364918492.9,0,81007816835.11,"1557100920",NA,NA,NA,NA,NA,NA,NA
2019-05-07,55.3372,0,1557187200000,183556678649.2,50509264844.16,0,34911850711.69,0,81981549008.67,"1557187320",NA,NA,NA,NA,NA,NA,NA
2019-05-08,56.1965,0,1557273600000,183678225569.45,56208945718.23,0,38354117008.95,0,80457552300.24,"1557273720",NA,NA,NA,NA,NA,NA,NA
2019-05-09,56.6059,0,1.55736e+12,187132030293.57,45610697501.48,0,30538038393.44,0,81204264317.75,"1557360120",NA,NA,NA,NA,NA,NA,NA
2019-05-10,57.896,0,1557446400000,188830380153.87,48513450532.8,58264991900.75,31857798415.1,38880760466.84,79505066564.31,"1557446520",2166,18205,NA,NA,NA,NA,NA
2019-05-11,58.1866,0,1557532800000,193872020083.06,58423055083.22,76379339376.73,39094556119.84,53557603920.52,81064476544.94,"1557532920",2170,18239,NA,NA,NA,NA,NA
2019-05-12,58.6938,0,1557619200000,216930660967.35,93117525240.5,114734615610.61,64292620591.6,81138355667.92,89605728905.27,"1557619320",2169,18242,NA,NA,NA,NA,NA
2019-05-13,58.8046,0,1557705600000,209398490519.95,86425103752.96,108212226301.13,58964045013.83,76025778974.61,86262452265.31,"1557705720",2169,18242,NA,NA,NA,NA,NA
2019-05-14,60.3537,0,1.557792e+12,228620070169.79,84401718219.96,105822323288.17,55977799857.67,72689645533.57,90639332197.59,"1557792120",2173,18288,NA,NA,NA,NA,NA
2019-05-15,58.7689,0,1557878400000,240775039451.39,103541402888.45,126403749248.92,71569950872.74,89667181812.72,99274137311.76,"1557878520",2177,18308,NA,NA,NA,NA,NA
2019-05-16,56.7599,0,1557964800000,254952247041.1,94944471505.64,122124331863.61,66878197605.73,89391854061.17,110241644087.83,"1557964920",2179,18293,NA,NA,NA,NA,NA
2019-05-17,56.2399,0,1558051200000,248593118253.35,116982200815.66,134872883772.27,84194487359.35,97976460182.99,108784536109.44,"1558051320",2181,18347,NA,NA,NA,NA,NA
2019-05-18,56.0244,0,1558137600000,232272809505.68,106114176365.29,123394233835.01,76223422736.88,89277398862.03,102143419409.52,"1558137720",2186,18592,NA,NA,NA,NA,NA
2019-05-19,56.3242,0,1.558224e+12,228575326173.97,70618634340.17,85279941264.72,49529146623.08,61002953643.52,99832062155.18,"1558224120",2186,18592,NA,NA,NA,NA,NA
2019-05-20,56.9384,0,1558310400000,254610892028.5,86924304504.74,102141327474.15,61203566506.18,72697273516.13,109639582579.52,"1558310520",2186,18592,NA,NA,NA,NA,NA
2019-05-21,56.9875,0,1558396800000,248170967409.89,78224509678.01,92758264135,54684774489.2,65536475255.79,106744636923.39,"1558396920",2189,18585,NA,NA,NA,NA,NA
2019-05-22,56.4882,0,1558483200000,249478962573.8,79660068430.14,92942335338.13,54747063729.6,64755567235.72,108552717494.98,"1558483320",2194,18589,NA,NA,NA,NA,NA
2019-05-23,56.7327,0,1558569600000,239175209026.09,75102346966.57,87701235169.87,50615885141.98,60166706926.26,103484727376.12,"1558569720",2201,18592,NA,NA,NA,NA,NA
2019-05-24,56.9999,0,1.558656e+12,244830672286.75,74344442445.08,86242987713.11,50144428364.26,58859774915.65,105277481409.53,"1558656120",2202,18628,NA,NA,NA,NA,NA
2019-05-25,56.8392,0,1558742400000,249462924887.72,80313059551.83,92666501163.39,54549801428.78,63574010494.09,107670110548.14,"1558742520",2209,18663,NA,NA,NA,NA,NA
2019-05-26,56.8367,0,1558828800000,251124244346.83,67590272374.66,80722838881.7,45523239558.72,55417103041.34,108393516905.57,"1558828920",2209,18660,NA,NA,NA,NA,NA
2019-05-27,57.4221,0,1558915200000,268137605002.23,80699844720.89,94405695415.25,54095368399.1,64077771633.61,114167279666.99,"1558915320",2209,18660,NA,NA,NA,NA,NA
2019-05-28,56.7167,0,1559001600000,274260174186.88,94150561814.07,111253005394.61,67085175914.02,77708733498.89,118708903787.33,"1559001720",2208,18642,NA,NA,NA,NA,NA
2019-05-29,56.3914,0,1.559088e+12,273812925505.63,82582328914.85,97294673542.45,58697490122.36,68395440139.32,119406092319.69,"1559088120",2212,18671,NA,NA,NA,NA,NA
2019-05-30,55.8932,0,1559174400000,274488367498.96,80022506327.31,94165846337.08,56741756494.31,66008723882.75,121068129387.96,"1559174520",2212,18667,NA,NA,NA,NA,NA
2019-05-31,56.2263,0,1559260800000,262401682109.85,103371405868.42,119836223806.28,74334236534.66,85566595964.4,114863024936.5,"1559260920",2213,18699,NA,NA,NA,NA,NA
2019-06-01,55.7258,0,1559347200000,272740797777.43,85902727151.23,102302716471.44,60808281729.3,71557504692.69,120753744819.95,"1559347320",2213,18723,NA,NA,NA,NA,NA
2019-06-02,56.0775,0,1559433600000,271179358682.65,78304704647.47,93752935459.12,56060865043.43,66193684585.29,119108638028.65,"1559433720",2216,18731,NA,NA,NA,NA,NA
2019-06-03,56.0321,0,1.55952e+12,276743970001.71,68552329624.79,86352698563.19,48454083593.78,61066848844.25,121678579270.31,"1559520120",2216,18731,NA,NA,NA,NA,NA
2019-06-04,56.0771,0,1559606400000,258770660607.4,77371910763.83,96944993523.97,55539096685.55,70217646298.04,113659643142.21,"1559606520",2218,18661,NA,NA,NA,NA,NA
2019-06-05,55.5923,0,1559692800000,246247944927.81,84047373489.83,104213520760.41,59886097551.82,74987066251.37,109353028910.32,"1559692920",2216,18674,NA,NA,NA,NA,NA
2019-06-06,55.5519,0,1559779200000,249652999180.26,72601181953.85,93859046871.11,51100939358.06,67188499314.82,110965930661.33,"1559779320",2221,18798,NA,NA,NA,NA,NA
2019-06-07,55.2219,0,1559865600000,251667691067.4,66150805492.17,88542260491.78,46760046177.85,64432404075.54,112692012535.36,"1559865720",2224,18818,NA,NA,NA,NA,NA
2019-06-08,55.4148,0,1.559952e+12,257254279194.37,65774275864.65,87511569399.99,46867342981.01,64033265457.32,114697225297.55,"1559952120",2225,18851,NA,NA,NA,NA,NA
2019-06-09,55.5298,0,1560038400000,254270067815.08,57554360136.11,77147266058.24,41159296263.23,56427470682.92,113074424007.02,"1560038520",2225,18851,NA,NA,NA,NA,NA
2019-06-10,55.8257,0,1560124800000,244105958220.66,58493179376.86,79459814015.14,42045842777.59,59002769971.94,107832189941.96,"1560124920",2225,18851,NA,NA,NA,NA,NA
2019-06-11,55.5158,0,1560211200000,256418409070.54,65672989285.14,87443743428.33,47117384978.47,64391086387.6,114065620270.54,"1560211320",2225,18746,NA,NA,NA,NA,NA
2019-06-12,55.3653,0,1560297600000,254138735931.11,58656620036.75,84069944178.99,41707927969.38,62903868871.35,113434187986.76,"1560297720",2230,18812,NA,NA,NA,NA,NA
2019-06-13,55.2267,0,1.560384e+12,262224215399.97,65942939204.01,87716255049.53,46985070661.1,64478854063.2,117406348027.14,"1560384120",2235,18819,NA,NA,NA,NA,NA
2019-06-14,55.4897,0,1560470400000,263575046562.93,64497101645.49,88467438452.18,45953442978.31,65558716675.19,117318011778.3,"1560470520",2236,18873,NA,NA,NA,NA,NA
2019-06-15,56.5626,0,1560556800000,273071387881.24,66232827773.08,90455520848.69,46556438986.74,66215218353.45,118615138837.38,"1560556920",2237,18882,NA,NA,NA,NA,NA
2019-06-16,56.6436,0,1560643200000,277298209726.86,62068797644.52,86001096804.66,43911579588.41,63846338726.08,120226566402.48,"1560643320",2238,18882,NA,NA,NA,NA,NA
2019-06-17,56.84,0,1560729600000,281570831862.22,76530317501.5,101580073987.43,53268077758.83,73675834954.62,121525859768.62,"1560729720",2238,18882,NA,NA,NA,NA,NA
2019-06-18,57.2012,0,1.560816e+12,290023395633.75,52846680466.16,97067587385.27,37350514339.64,70187786258.88,124126527043.43,"1560816120",2238,18900,259,NA,NA,NA,NA
2019-06-19,57.2168,0,1560902400000,282177021999.47,54163293705,93056821998.31,38379490938.51,67442310288.99,120724374748.96,"1560902520",2244,18923,259,NA,NA,NA,NA
2019-06-20,57.0359,0,1560988800000,289053982292.49,50455365493.56,83953780998.14,35093014600.9,61424258813.01,124189368931.92,"1560988920",2258,18930,259,NA,NA,NA,NA
2019-06-21,57.7861,0,1561075200000,292955274446.45,57122024129.58,91649191103.48,39324882263.98,66794226435.34,123667811824.62,"1561075320",2272,18975,259,NA,NA,NA,NA
2019-06-22,58.4381,0,1561161600000,309998832280.33,69025937885.83,106294409283.61,48267169990.45,77449314478.61,128841553455.23,"1561161720",2281,19047,259,NA,NA,NA,NA
2019-06-23,58.5121,0,1.561248e+12,324832641333.78,97628667921.7,140507926604.91,67986714148.06,100266099881.95,134766167667.82,"1561248120",2279,19005,259,NA,NA,NA,NA
2019-06-24,59.0875,0,1561334400000,326258353514.14,69469773829.83,106623988888.43,48632112295.29,77594616846.69,133480518058,"1561334520",2279,19005,259,NA,NA,NA,NA
2019-06-25,59.2981,0,1561420800000,330467576723.36,63894143297.56,99358985731.63,44831539254.09,72366436421.94,134506718027.12,"1561420920",2284,19051,258,NA,NA,NA,NA
2019-06-26,60.5647,0,1561507200000,345167808167.21,79525795463.77,116015447849.3,54769163010.26,82744533040.87,136118090757.15,"1561507320",2286,18996,258,NA,NA,NA,NA
2019-06-27,62.7436,0,1561593600000,366029254212.48,135560510481.19,175072322050.47,90808045728.94,117480556383.85,136369276397.17,"1561593720",2290,19024,258,NA,NA,NA,NA
2019-06-28,62.063,0,1.56168e+12,320242270571.68,120976997942.15,163585264202.4,81355195807.06,112952909829.29,121490280313.11,"1561680120",2292,19054,258,NA,NA,NA,NA
2019-06-29,63.2399,0,1561766400000,348044730696.57,102276151758.05,132525092200.93,67547702662.3,90408537828.34,127941639855,"1561766520",2296,19087,258,NA,NA,NA,NA
2019-06-30,61.8305,0,1561852800000,343189832665.2,92052152595.61,127301597166.31,62353272714.57,90851253644.47,130993860900.74,"1561852920",2296,19087,258,NA,NA,NA,NA
2019-07-01,61.4614,0,1561939200000,312732046218.49,85978151092.29,118471973701.37,58875432986.07,85182608356.94,120522679236.31,"1561939320",2296,19085,258,NA,NA,NA,NA
2019-07-02,60.5866,0,1562025600000,310952946399.95,89734727540.4,121647420669.4,60580889952.69,85518351389.49,122557132408.18,"1562025720",2298,19086,258,NA,NA,NA,NA
2019-07-03,61.4759,0,1.562112e+12,314867221620.04,93049419137.53,124954948384.08,62021126568.49,86811005217.78,121299704427.24,"1562112120",2308,19106,258,NA,NA,NA,NA
2019-07-04,63.0818,0,1562198400000,338447046425.52,87567714008.42,119965549969.2,57003613262.1,81991031494.5,124948491647.78,"1562198520",2311,19132,258,NA,NA,NA,NA
2019-07-05,62.5024,0,1562284800000,318417835894.62,77166414037.98,108209758231.73,51517466211.1,76070214650.53,119399002833.83,"1562284920",2318,19162,258,NA,NA,NA,NA
2019-07-06,62.1502,0,1562371200000,316010453725.58,71606616942.06,101652823204.35,47982567456.89,71651083060.59,119609274266.33,"1562371320",2320,19142,258,NA,NA,NA,NA
2019-07-07,62.2906,0,1562457600000,319662633173.57,64319958505.82,93830139616.07,43480226333.41,67337377135.4,120542972384.31,"1562457720",2320,19149,258,NA,NA,NA,NA
2019-07-08,62.1129,0,1.562544e+12,328562318132.26,61634021235.35,92163020667.26,42382061567.81,67272641818.95,124482580477.17,"1562544120",2320,19149,258,NA,NA,NA,NA
2019-07-09,63.4433,0,1562630400000,345102488375.18,71284000103.44,103754020545.41,47913993642.2,74241877307.22,126158005778.24,"1562630520",2322,19111,258,NA,NA,NA,NA
2019-07-10,64.2738,0,1562716800000,348007388916.47,82221837281.41,122055588018.16,54231702758.86,87480803811.02,124329753003.41,"1562716920",2321,19200,259,NA,NA,NA,NA
2019-07-11,64.8897,0,1562803200000,332584760516.24,100284818510.72,140855371584.58,66991711302.52,101088020021.51,116771667908.45,"1562803320",2322,19239,259,NA,NA,NA,NA
2019-07-12,65.1974,0,1562889600000,310115255578.1,89474923311.25,128657153774.13,61179766367.57,93745081240.97,107928138139.96,"1562889720",2323,19263,259,NA,NA,NA,NA
2019-07-13,65.2994,0,1.562976e+12,322627674068.26,71447440334.21,107946783419.06,48169331215.81,78663998652.22,111953686853.6,"1562976120",2324,19319,260,NA,NA,NA,NA
2019-07-14,65.119,0,1563062400000,311772496327.43,63845507956.45,101872683333.36,42875971704.66,74966234290.68,108749224088.05,"1563062520",2324,19321,260,NA,NA,NA,NA
2019-07-15,65.5052,0,1563148800000,278817901909,71763929239.68,111330816630.97,49326052168.83,83132960065.89,96177551640.43,"1563148920",2324,19321,260,NA,NA,NA,NA
2019-07-16,66.5764,0,1563235200000,291447661471.02,80763294830.39,120331376825.23,55622622603.43,88939115277.66,97412275558.41,"1563235320",2321,19282,260,NA,NA,NA,NA
2019-07-17,66.2181,0,1563321600000,255281942006.12,77730597327.4,115757938021.43,53615824780.35,86027545345,86239168132.23,"1563321720",2332,19401,260,NA,NA,NA,NA
2019-07-18,65.4843,0,1.563408e+12,264016412852.75,81995348729.73,119910554231.13,57429133082.64,89771346269.63,91127125539.81,"1563408120",2350,19420,260,NA,NA,NA,NA
2019-07-19,65.8425,0,1563494400000,289009692924.43,79976217332.47,118765934339.44,54804518582.13,87988948295.14,98718466314.51,"1563494520",2355,19417,261,NA,NA,NA,NA
2019-07-20,65.6809,0,1563580800000,285851096132.77,65020361891.89,102068655822.85,44427316588.02,76731100643.15,98101665588.21,"1563580920",2363,19449,266,NA,NA,NA,NA
2019-07-21,65.3469,0,1563667200000,293699409335.96,64464014670.54,101562748451.23,44358061536.58,76951699813.37,101776067355.83,"1563667320",2364,19449,266,NA,NA,NA,NA
2019-07-22,65.1834,0,1563753600000,290243718064.41,54053300384.96,90795935609.44,37220839282.36,69776947317.68,101053052408.28,"1563753720",2364,19449,266,NA,NA,NA,NA
2019-07-23,65.2504,0,1.56384e+12,282386803396.61,53405046567.6,92569011938.8,37217716090.86,72277926456.75,98128179798.5,"1563840120",2366,19381,268,NA,NA,NA,NA
2019-07-24,64.9342,0,1563926400000,270827379489.57,57488495176.93,96658672464.16,39740741802.27,74682246629.14,94967840398.48,"1563926520",2374,19442,271,NA,NA,NA,NA
2019-07-25,64.3791,0,1564012800000,271548305763.13,58686111796.24,96776191209.95,41651121194.92,75497338565.11,96727856083.14,"1564012920",2380,19497,273,NA,NA,NA,NA
2019-07-26,64.5736,0,1564099200000,273935328655.49,52125958829.35,89966155289.42,36569468703.88,70143290967.49,97045477045.94,"1564099320",2386,19542,277,NA,NA,NA,NA
2019-07-27,64.2625,0,1564185600000,273876430339.6,47472336235.21,82863442769.83,33172321691.83,64625863816.99,97876505482.98,"1564185720",2391,19553,278,NA,NA,NA,NA
2019-07-28,64.4309,0,1.564272e+12,262880958914.67,54379805035.59,92910558869.48,37895778675.48,72062652741.08,93504267456.49,"1564272120",2391,19553,278,NA,NA,NA,NA
2019-07-29,64.381,0,1564358400000,264829465871.72,45281903903.39,81776799703.32,31648698145.17,64063779404.96,94329503916.12,"1564358520",2391,19553,278,NA,NA,NA,NA
2019-07-30,64.4104,0,1564444800000,263927228236.84,45737143609.89,81188242121.77,32155984703.09,63173466650.04,93930768131.61,"1564444920",2402,19611,287,NA,NA,NA,NA
2019-07-31,64.4667,0,1564531200000,265899173443.33,45334184824,84002472215.14,31627501035.18,65114375035.22,94482825083.7,"1564531320",2397,19493,290,NA,NA,NA,NA
2019-08-01,64.9462,0,1564617600000,277128649792.09,52418493843.04,91176848663.82,35901656271.52,69840707566.18,97144148009.32,"1564617720",2405,19553,294,NA,NA,NA,NA
2019-08-02,65.7389,0,1.564704e+12,282887657490.84,52056416146.22,92499229091.87,35045190809.37,70590206882.02,96920473371.33,"1564704120",2413,19638,299,NA,NA,NA,NA
2019-08-03,66.1678,0,1564790400000,283886417353.72,53199944489.84,93985311344.7,35879033544.86,71692545844.78,96045032421.56,"1564790520",2420,19668,299,NA,NA,NA,NA
2019-08-04,66.5204,0,1564876800000,290535141183.62,47437208126.55,87285205982.79,32205695074.42,66912718802.2,97269949356.78,"1564876920",2420,19679,299,NA,NA,NA,NA
2019-08-05,66.859,0,1564963200000,292943213194.94,48800394843.38,91631141326.61,32398357305.82,69738360332.73,97084396453.98,"1564963320",2420,19679,299,NA,NA,NA,NA
2019-08-06,67.859,0,1565049600000,310837591116.55,69996181944.44,113690271717.49,46324694967.09,83860064286.08,99906160406.4,"1565049720",2426,19692,303,NA,NA,NA,NA
2019-08-07,68.0297,0,1.565136e+12,300729209363.9,68008552462.62,110472250367.86,44581825973.61,80743513088.81,96144012403.75,"1565136120",2429,19791,310,NA,NA,NA,NA
2019-08-08,68.931,0,1565222400000,310375747919.69,63225110461.04,106286943430.24,41173139688.49,77999699886.17,96430626181.54,"1565222520",2432,19770,313,NA,NA,NA,NA
2019-08-09,69.1412,0,1565308800000,309077976656.4,57995828332.06,101832971938.16,38609598157.25,75911162458.29,95377806889.28,"1565308920",2441,19811,315,NA,NA,NA,NA
2019-08-10,69.8532,0,1565395200000,303585615853.5,56418736138.09,100256218738.51,38293554947.37,75739724943.48,91521398712.78,"1565395320",2440,19828,316,NA,NA,NA,NA
2019-08-11,68.9394,0,1565481600000,293847592393.65,55963907436.23,100770067930.19,37994727659.09,76810606679.15,91270829325.61,"1565481720",2440,19828,316,NA,NA,NA,NA
2019-08-12,68.5997,0,1.565568e+12,300011049746.85,50011059278.29,94553996696.38,34327675357.65,73124033189.67,94204300447.61,"1565568120",2440,19828,316,NA,NA,NA,NA
2019-08-13,68.6968,0,1565654400000,296313792257.54,44087319894.65,89726635775.05,30613140871.1,70346404861.49,92755603872.72,"1565654520",2443,19852,318,NA,NA,NA,NA
2019-08-14,67.9995,0,1565740800000,286123533078.99,51187934486.84,101636009022.19,34566554251.32,78940974477.08,91560922051.71,"1565740920",2447,19856,320,NA,NA,NA,NA
2019-08-15,68.2875,0,1565827200000,264176515119.84,63725047117.92,107275532349.33,43658251571.09,80911863406.5,83776956523.26,"1565827320",2449,19901,328,NA,NA,NA,NA
2019-08-16,68.561,0,1565913600000,268692222340.53,70590426695.35,114879425498.54,48037307122.97,85666504664.22,84474270500.29,"1565913720",2450,19932,332,NA,NA,NA,NA
2019-08-17,69.1397,0,1.566e+12,267695406629.13,59406146974.03,104696817411.54,39412369232.69,77728822712.41,82611573032.92,"1566000120",2454,19964,334,NA,NA,NA,NA
2019-08-18,68.8887,0,1566086400000,265593819274.39,43057925279.38,86761406589.82,29449738653.25,67023398334.44,82629661502.33,"1566086520",2454,19964,334,NA,NA,NA,NA
2019-08-19,68.3391,0,1566172800000,270699960710.5,44141715585.91,86548960992.17,31247523193.17,67582849466.13,85706079550.7,"1566172920",2454,19964,334,NA,NA,NA,NA
2019-08-20,69.0671,0,1566259200000,283030911033.72,50179385477.84,91579764227.64,34199058779.27,70302402589.03,87549587984.98,"1566259320",2454,19899,334,NA,NA,NA,NA
2019-08-21,69.3326,0,1566345600000,278097557363.28,48459140660.92,88267827334.45,33605327437.99,68422481965.32,85285350588.33,"1566345720",2467,19900,338,NA,NA,NA,NA
2019-08-22,68.8309,0,1.566432e+12,263334835211.7,62321175494.49,105275634167.99,42936709892,80268326838.22,82079098827.18,"1566432120",2473,20133,341,NA,NA,NA,NA
2019-08-23,68.4617,0,1566518400000,264242530235.14,57607418392.71,97366895954.33,40701920551.85,75814094930.53,83337564348.84,"1566518520",2475,20173,345,NA,NA,NA,NA
2019-08-24,68.6601,0,1566604800000,271330722212.9,52169183627.65,88036903979.58,36735392651.25,68599849312.14,85034654621.17,"1566604920",2476,20196,351,NA,NA,NA,NA
2019-08-25,68.4331,0,1566691200000,265543217846.58,50175416386.43,85788753745.59,34836817605.91,66885303186.54,83823680316.73,"1566691320",2475,20211,351,NA,NA,NA,NA
2019-08-26,68.67,0,1566777600000,264064043534.89,47021612543.53,83774081375.37,32920729094.6,65936664728.14,82731383620.79,"1566777720",2475,20260,351,NA,NA,NA,NA
2019-08-27,69.0231,0,1.566864e+12,269115907383.91,58790156777.03,97547201582.68,40750815796.29,74897971492.65,83363763184.26,"1566864120",2490,20279,362,NA,NA,NA,NA
2019-08-28,68.8549,0,1566950400000,265004286150.98,48271307930.24,84733052323.15,33469785048.91,65892601133.11,82535896145.42,"1566950520",2492,20287,368,NA,NA,NA,NA
2019-08-29,69.2308,0,1567036800000,251815890058.93,58159511077.86,94091080544,40639124287.31,72247215050.85,77481853980.98,"1567036920",2496,20370,370,NA,NA,NA,NA
2019-08-30,68.9582,0,1567123200000,246819440421.16,57478192504.52,89527658473.18,40517920694.53,69226273951.95,76617079689.75,"1567123320",2511,20275,373,NA,NA,NA,NA
2019-08-31,69.1197,0,1567209600000,248700430548.81,46000203300.74,77034381758.65,32596464172.22,60134926260.73,76799428775.63,"1567209720",2538,20286,373,NA,NA,NA,NA
2019-09-01,69.0718,0,1.567296e+12,249569894973.25,41292802083.99,75888740197.22,29916667208.68,60880948959.85,77187384658.76,"1567296120",2543,20295,373,NA,NA,NA,NA
2019-09-02,69.3322,0,1567382400000,252011503162.36,40831650323.9,78046248763.74,29356652322.36,62407410995.39,77286366125,"1567382520",2543,20295,373,NA,NA,NA,NA
2019-09-03,70.0878,0,1567468800000,264844046685.47,54787672672.73,91903648329.4,37730547106.18,70936875860.55,79220772689.89,"1567468920",2576,20504,375,NA,NA,NA,NA
2019-09-04,70.4632,0,1567555200000,269871131149.41,60857677304.95,98775166331.81,41602952483.75,75410149634.54,79711389866.48,"1567555320",2621,20475,379,NA,NA,NA,NA
2019-09-05,70.7445,0,1567641600000,268104540403.62,51540830726.96,89223054953.16,34941061933.94,68303765646.98,78435248017.38,"1567641720",2625,20482,385,NA,NA,NA,NA
2019-09-06,70.9114,0,1.567728e+12,267438021496.85,47335816518.49,72978800156.14,33149175981.06,55436626983.41,77794014096.76,"1567728120",2645,20397,385,NA,NA,NA,NA
2019-09-07,70.8229,0,1567814400000,262044067984.5,60854673189.5,72951414402.43,41355931084.34,49958749801.96,76456758808.03,"1567814520",2651,20444,387,NA,NA,NA,NA
2019-09-08,70.366,0,1567900800000,267846057292.02,52448356137.78,63683750096.06,37292856163.13,45490669899.52,79373434438.59,"1567900920",2651,20445,387,NA,NA,NA,NA
2019-09-09,69.8979,0,1567987200000,267691282584.34,49257739984.09,62958037339.05,35689486517.8,45231534270.43,80580725091,"1567987320",2651,20445,387,NA,NA,NA,NA
2019-09-10,69.7982,0,1568073600000,265311974440.24,59568240199.4,71926535983.12,42060847076.35,51187340864.37,80129123626.24,"1568073720",2670,20595,390,NA,NA,NA,NA
2019-09-11,69.5698,0,1.56816e+12,260693137671.44,51027850751.86,61459007131.25,36256007076.66,43955542530.8,79329503237.1,"1568160120",2700,20537,391,NA,NA,NA,NA
2019-09-12,69.9603,0,1568246400000,261205250141.73,53756718079.59,67981375552.25,38497804192.7,48323117830.97,78465291108.83,"1568246520",2718,20566,393,NA,NA,NA,NA
2019-09-13,70.3724,0,1568332800000,265586913588.85,49208808655.57,58589665016.13,34012691382.63,40809136719.43,78687106995.15,"1568332920",2750,20603,393,NA,NA,NA,NA
2019-09-14,70.2257,0,1568419200000,264370058116.61,47012628167.43,56257969923.53,33064332636.93,39770247805.73,78714451298.29,"1568419320",2788,20658,394,NA,NA,NA,NA
2019-09-15,69.7677,0,1568505600000,266290332915.88,48236930736.64,58447902821.24,34910690401.13,42169889871.85,80505591126.26,"1568505720",2810,20658,394,NA,NA,NA,NA
2019-09-16,69.6598,0,1.568592e+12,266406889761.24,43851440870.01,53938603907.19,31928821859.7,39398095238.26,80828441321.26,"1568592120",2810,20658,394,NA,NA,NA,NA
2019-09-17,69.2898,0,1568678400000,266241537779.29,54257184615.72,64700732429.77,39212370763.93,46831402257.04,81763287202.41,"1568678520",2822,20608,396,NA,NA,NA,NA
2019-09-18,68.256,0,1568764800000,269113272732.1,60192603042.99,71171353420.7,44999632459.52,52999674651.5,85427450305.49,"1568764920",2866,20671,399,NA,NA,NA,NA
2019-09-19,67.3915,0,1568851200000,271820341033.78,63307730834.16,73887693995.84,47251362246.04,54889650551.82,88636667512.72,"1568851320",2871,20634,402,NA,NA,NA,NA
2019-09-20,67.4923,0,1568937600000,273111331089.57,73612359233.67,86158847513,53781356619.02,62980627323.05,88782162180.57,"1568937720",2874,20642,403,NA,NA,NA,NA
2019-09-21,67.6188,0,1.569024e+12,270131829777.62,55000427193.54,66350852437.84,40507644380.19,48860209987.03,87471794499.02,"1569024120",2880,20679,407,NA,NA,NA,NA
2019-09-22,67.5295,0,1569110400000,266408183675.03,50299504094.89,59993267181.55,36987299337.49,44052417690.69,86504094465.61,"1569110520",2880,20679,407,NA,NA,NA,NA
2019-09-23,68.105,0,1569196800000,265440019428.77,50020652772.9,60331565092.94,36929194176.97,44409592248.05,84662025370.39,"1569196920",2880,20679,407,NA,NA,NA,NA
2019-09-24,68.3432,0,1569283200000,255575783256.46,55084347102.61,65214728164.65,40071020069.12,47439302182.32,80907124501.71,"1569283320",2890,20589,409,NA,NA,NA,NA
2019-09-25,69.238,0,1569369600000,223170705656.34,89540043042.05,99418074203.12,64658432870.06,71239131395.26,68651782492.83,"1569369720",2895,20916,410,NA,NA,NA,NA
2019-09-26,68.4365,0,1.569456e+12,222372178793.31,76215677061.09,88094508608.14,54806421907.13,62739854394.85,70188443361.39,"1569456120",2895,21071,412,NA,NA,NA,NA
2019-09-27,67.9976,0,1569542400000,214282066346.64,64866100782.93,75893279594.84,45762523941.99,53267436001.1,68575395424.43,"1569542520",2899,20961,415,NA,NA,NA,NA
2019-09-28,67.782,0,1569628800000,218725362797.42,57637369730.5,67717356554.95,41350299582.67,48524538220.06,70468950664.72,"1569628920",2903,20986,419,NA,NA,NA,NA
2019-09-29,67.8008,0,1569715200000,218673820821.6,49521769264.26,59683080930.04,35459144002.68,42366453707.37,70411207613.2,"1569715320",2904,20989,419,NA,NA,NA,NA
2019-09-30,67.8265,0,1569801600000,214537250187.04,45993880569.54,54905554073.55,33079385072.42,39105551068.6,69024135150.55,"1569801720",2904,20992,419,NA,NA,NA,NA
2019-10-01,67.3821,0,1.569888e+12,221174846174.24,59824492652.15,71817670676.81,42728646951.71,50706167486.47,72142584022.93,"1569888120",2905,20844,420,NA,NA,NA,NA
2019-10-02,67.7789,0,1569974400000,221235513683.64,55874740029.38,67902816623.54,40338197436.53,48400389369.75,71284581065.94,"1569974520",2927,20848,424,NA,NA,NA,NA
2019-10-03,67.6547,0,1570060800000,223494461352.58,46323386726.19,58109189531.32,33261823003.44,40885224723.15,72289957674,"1570060920",2935,20873,426,NA,NA,NA,NA
2019-10-04,67.6169,0,1570147200000,219231523887.94,46889237240.46,57548921813.28,33349840826.63,40393898688.56,70994067139.86,"1570147320",2938,20881,427,NA,NA,NA,NA
2019-10-05,67.256,0,1570233600000,219036963001.41,45701752759.62,55897787318.75,32761105997.52,39589106811.26,71721432969.46,"1570233720",2941,20838,445,NA,NA,NA,NA
2019-10-06,67.1595,0,1.57032e+12,218210208210.93,42447633558.27,52510023908.04,30368172269.71,37216393038.01,71661388300.29,"1570320120",2941,20745,445,NA,NA,NA,NA
2019-10-07,66.9239,0,1570406400000,214381558941.95,45576683672.72,55406711804.28,32518139024.87,39414487307.3,70909110095.08,"1570406520",2941,20745,445,NA,NA,NA,NA
2019-10-08,66.6302,0,1570492800000,222521471709.77,61950984776.1,72879561548.6,44124755281.95,51755538155.65,74254861604.12,"1570492920",2955,20716,462,NA,NA,NA,NA
2019-10-09,66.4449,0,1570579200000,222634926060.23,54602434057.81,66557607897.35,39097789952.66,47426594983.3,74705417643.46,"1570579320",2958,20644,464,NA,NA,NA,NA
2019-10-10,66.57,0,1570665600000,232017691465.28,66387842630.05,77355526481.1,47137697364.81,54873262712.17,77563400148.67,"1570665720",2961,20679,480,NA,NA,NA,NA
2019-10-11,66.9718,0,1.570752e+12,230541837464.83,60798231102.03,71887320655.12,43333338635.43,50859750305.8,76143870676.57,"1570752120",2962,20895,487,NA,NA,NA,NA
2019-10-12,66.8548,0,1570838400000,223962218819.14,65107132171.01,75237033172.07,45605790564.06,52483512915.09,74232634655.17,"1570838520",2965,20933,495,NA,NA,NA,NA
2019-10-13,66.9523,0,1570924800000,223843873427.82,50264062377.65,60567310563.53,35879382180.27,42639070544.17,73975182875.26,"1570924920",2965,20887,495,NA,NA,NA,NA
2019-10-14,66.7058,0,1571011200000,224200284529.06,47970639056.34,55586462361.38,34287495434.06,39190182313.07,74645799908.16,"1571011320",2969,20893,498,NA,NA,NA,NA
2019-10-15,66.2377,0,1571097600000,227457939632.47,52906260188.17,62132511288.06,37816128683.04,43912884767.58,76795031488.42,"1571097720",2970,20867,499,NA,NA,NA,NA
2019-10-16,66.289,0,1.571184e+12,222606694432.4,55757674751.79,64309996537.27,40769401907.66,46252111200.91,75043050605.07,"1571184120",2980,20889,507,NA,NA,NA,NA
2019-10-17,66.3712,0,1571270400000,218075520604.65,57766014699.27,65459593868.04,41845305270.56,47037619034.69,73336285626.77,"1571270520",2989,20919,510,NA,NA,NA,NA
2019-10-18,66.0081,0,1571356800000,220947312042.98,51937302981.12,60488940818.32,37737829072.81,43404177983.15,75104228799.94,"1571356920",2997,20405,512,NA,NA,NA,NA
2019-10-19,66.1245,0,1571443200000,217058887631.17,57480646179.3,67093277822.5,41950193429.06,48236738021.49,73529742539.34,"1571443320",2999,20735,527,NA,NA,NA,NA
2019-10-20,66.2022,0,1571529600000,217499959311.75,50158513915.07,58900519051.62,36454852830.48,42210843272.94,73510305304.92,"1571529720",3000,20883,527,NA,NA,NA,NA
2019-10-21,66.5255,0,1.571616e+12,222732148135.31,55093479570.56,62875436574,39702202859.14,44910899984.77,74558402060.24,"1571616120",3000,20883,527,NA,NA,NA,NA
2019-10-22,66.3505,0,1571702400000,223320913500.27,56888070872.35,64764988017.4,41130567447.56,46675318476.79,74994206300.08,"1571702520",3013,20791,528,NA,NA,NA,NA
2019-10-23,66.2833,0,1571788800000,219391010602.35,58330830763.15,66736047316.86,41633589926.21,47281399775.02,74036106777.72,"1571788920",3021,20787,533,NA,NA,NA,NA
2019-10-24,65.9934,0,1571875200000,205190729017.25,78426089990.14,86542283624.42,56625048524.26,62082938527.32,69861946171.86,"1571875320",3025,20780,534,NA,NA,NA,NA
2019-10-25,65.6108,0,1571961600000,205647509967.73,60204655536.68,66356887156.25,44090661692.69,48190833194.02,70720572732.35,"1571961720",3032,21089,555,NA,NA,NA,NA
2019-10-26,66.7039,0,1.572048e+12,234439162526.1,99555001734.96,109405139306.05,70876520724.5,77584581117.66,78059140875.06,"1572048120",3047,21134,560,NA,NA,NA,NA
2019-10-27,68.2292,0,1572134400000,244088980094.68,139892772178.44,153760396341.36,96153923657.42,105455517635.6,77549053602.08,"1572134520",3047,21139,560,NA,NA,NA,NA
2019-10-28,68.309,0,1572220800000,252528219570.81,108998713892.52,120703366223.86,76674694057.61,84606379759.52,80028640067.6,"1572220920",3047,21139,560,NA,NA,NA,NA
2019-10-29,67.6869,0,1572307200000,246115458439.21,104082242804.65,114593604995.15,73390068294.14,80446459956.19,79527517315.28,"1572307320",3047,20902,560,NA,NA,NA,NA
2019-10-30,67.3948,0,1572393600000,251923198220.84,96985401843.27,109487392044.74,68812978298.84,77568436075.25,82140141123.64,"1572393720",3047,20897,560,NA,NA,NA,NA
2019-10-31,67.322,0,1.57248e+12,246361875773.78,92322077476.98,103626482288.94,64831212766.45,73193803840.15,80506230893.7,"1572480120",3048,20919,560,NA,NA,NA,NA
2019-11-01,67.4083,0,1572566400000,245742526631.21,85660754004.17,96276410584.51,59294536370.8,67101107592.4,80091565172.1,"1572566520",3052,20996,560,NA,NA,NA,NA
2019-11-02,67.5077,0,1572652800000,247392900302.58,79799402513.12,90431279534.14,55622430628.72,63160473717.2,80383587330.73,"1572652920",3053,21043,561,NA,NA,NA,NA
2019-11-03,67.4718,0,1572739200000,249920224663.87,70705682328.51,81885122518.11,49580892931.31,57521537339.32,81294563279.2,"1572739320",3053,21051,561,NA,NA,NA,NA
2019-11-04,67.3738,0,1572825600000,247072711203.52,71828101671.97,81008666083.21,50885515917.25,57450385251.83,80610394324.81,"1572825720",3053,21051,561,NA,NA,NA,NA
2019-11-05,67.3358,0,1.572912e+12,252022284385.41,87869914368.36,98908137769.48,61840707110.4,69659547235.96,82321109966.79,"1572912120",3053,20933,561,NA,NA,NA,NA
2019-11-06,66.8712,0,1572998400000,251901342584.08,89143857563.66,102003605904.97,63137043679.98,72507541877.69,83451776640.67,"1572998520",3069,20982,561,NA,NA,NA,NA
2019-11-07,66.5967,0,1573084800000,253316684393.63,81794174699.65,93156672687.82,58917958985.95,66068645549.76,84616103272.7,"1573084920",3086,21036,561,NA,NA,NA,NA
2019-11-08,66.8391,0,1573171200000,249894570754.08,79574469657.17,89996566975.93,57065233455.41,63793479059.24,82867199672.54,"1573171320",3087,21066,562,NA,NA,NA,NA
2019-11-09,66.4918,0,1573257600000,238915429227.25,82483654898.97,91881470724.46,58331765054.26,64324086293.75,80056366493.71,"1573257720",3088,21089,562,NA,NA,NA,NA
2019-11-10,66.2467,0,1.573344e+12,239781929869.29,61294428276.85,69894240863.95,43906778167.64,49143650287.01,80934286635.16,"1573344120",3101,21109,570,NA,NA,NA,NA
2019-11-11,66.3647,0,1573430400000,246162089756.91,73033103437.26,82663961987.03,52673224800.81,58935869091.18,82797341582.78,"1573430520",3103,21118,582,NA,NA,NA,NA
2019-11-12,66.0131,0,1573516800000,239391927223.95,69350696583.76,76842905932.84,49235840994.97,54324237920.86,81361970735.16,"1573516920",3104,20888,583,NA,NA,NA,NA
2019-11-13,66.0596,0,1573603200000,240851464597.69,69297550340.3,76963266967.21,49271795064.6,54774509646.71,81745910361.08,"1573603320",3104,20888,583,NA,NA,NA,NA
2019-11-14,65.9535,0,1573689600000,241239437279.91,61510440122.75,68997897769.71,44152743872.52,49399288970.26,82133630318.97,"1573689720",3104,20888,583,NA,NA,NA,NA
2019-11-15,65.8812,0,1.573776e+12,238649608499.13,66332278045.99,74950638040.16,47398894464.31,53501273475.39,81424294036.1,"1573776120",3104,20880,587,NA,NA,NA,NA
2019-11-16,65.9261,0,1573862400000,232565113364.37,74577769595.27,82975155931.99,52918674552.41,58826653102.5,79244062190.21,"1573862520",3104,20880,587,NA,NA,NA,NA
2019-11-17,65.8986,0,1573948800000,234190188629.37,56677374965.91,64619385486.93,40363873393.17,45864407593.32,79862189074.79,"1573948920",3104,20879,587,NA,NA,NA,NA
2019-11-18,65.8364,0,1574035200000,235192752469.85,63309924941.75,71879810325.97,44776562004.17,50629591835.38,80350398904.05,"1574035320",3104,20880,587,NA,NA,NA,NA
2019-11-19,65.9052,0,1574121600000,227503116007.84,72337158103.57,80817622319.76,50905695416.57,56706979705.23,77566668140.9,"1574121720",3134,20862,594,NA,NA,NA,NA
2019-11-20,66.0156,0,1.574208e+12,224521879611.03,70924589549.28,78724428436.52,49998801408.88,55609661203,76302312237.55,"1574208120",3139,20893,594,NA,NA,NA,NA
2019-11-21,65.8194,0,1574294400000,219994679481.9,68812343074.43,75686145988.26,48215689061.39,53208621332.55,75195543850.51,"1574294520",3145,20798,596,NA,NA,NA,NA
2019-11-22,66.1326,0,1574380800000,208801582666.43,77641891187.36,84975111246.38,55242094924.11,60355138119.66,70715589127.37,"1574380920",3147,20798,596,NA,NA,NA,NA
2019-11-23,66.4044,0,1574467200000,198511701142.66,111470578988.11,120842051992.44,77363900650.22,83669354754.78,66691108060.94,"1574467320",3151,20850,599,NA,NA,NA,NA
2019-11-24,66.0105,0,1574553600000,202535673973.99,73459719027.4,79750993923.6,52679836113.18,57017543498.43,68840905742.07,"1574553720",3151,20850,599,NA,NA,NA,NA
2019-11-25,66.2671,0,1.57464e+12,191655684063.26,87459032231.72,93678899914.87,57067355307.66,61299648715.18,64650947469.87,"1574640120",3151,20850,599,NA,NA,NA,NA
2019-11-26,66.4465,0,1574726400000,194398367185.01,118878664654.07,126415505771.11,76621885089.52,81624563191.74,65227498672.01,"1574726520",3157,20861,600,NA,NA,NA,NA
2019-11-27,66.2179,0,1574812800000,196682287956.91,69920849033.12,77766029172.1,48932479488.52,54083525364.87,66443374416.91,"1574812920",3167,20963,601,NA,NA,NA,NA
2019-11-28,66.5864,0,1574899200000,204726235192.53,80818189849.23,89230219191.09,56912034026.92,62348414750.41,68406422086.21,"1574899320",3167,20969,603,NA,NA,NA,NA
2019-11-29,66.5205,0,1574985600000,202918999897.73,64777678720.09,71894758009.97,45806678656.8,50389769371.37,67936312125.31,"1574985720",3172,20857,603,NA,NA,NA,NA
2019-11-30,66.7543,0,1.575072e+12,210161291355.69,66908306202.87,74445351688.42,47380936230.78,52190974640.89,69869616131.69,"1575072120",3178,20699,604,NA,NA,NA,NA
2019-12-01,66.6811,0,1575158400000,205200632333.81,58564085088.02,65505355410.15,41541480589.67,46064598778.82,68370687712.92,"1575158520",3178,20699,604,NA,NA,NA,NA
2019-12-02,66.4317,0,1575244800000,202135939662.52,63018744034.76,71064873671.86,44396292589.61,49633173444.72,67853499521.54,"1575244920",3178,20699,604,NA,NA,NA,NA
2019-12-03,66.5035,0,1575331200000,199217390318.29,58931106768.47,65003360972.44,41896714260.09,45795431153.8,66730870375.38,"1575331320",3185,20623,609,NA,NA,NA,NA
2019-12-04,66.5944,0,1575417600000,198711739621.28,52458521903.44,58299977238.45,37710614941.97,41486845061.33,66380822654.39,"1575417720",3190,20667,612,NA,NA,NA,NA
2019-12-05,66.718,0,1.575504e+12,196120312746.64,70045503431.94,77441085169.53,48596177604.44,53307949223.19,65272723193.45,"1575504120",3194,20765,614,NA,NA,NA,NA
2019-12-06,66.8251,0,1575590400000,201542997622.76,61707340913.73,68342158415.05,42997817010.57,47217363181.17,66861781742.28,"1575590520",3198,20751,614,NA,NA,NA,NA
2019-12-07,66.9795,0,1575676800000,203952399538.17,57650857086.92,63959113278.12,39613456338.47,43606605688.19,67346203830.69,"1575676920",3202,20816,614,NA,NA,NA,NA
2019-12-08,66.9174,0,1575763200000,204207897597.94,50596132157.46,56296092278.77,35288374832.6,39010626418.16,67557216201.76,"1575763320",3202,20818,614,NA,NA,NA,NA
2019-12-09,66.7025,0,1575849600000,205129791290.38,51040016089.41,56143131192.04,35758009731.85,39216226044.93,68303074467.5,"1575849720",3202,20818,614,NA,NA,NA,NA
2019-12-10,66.6468,0,1.575936e+12,200550218824.5,57807614345.74,63449880308.32,40065520601.69,43804289005.04,66889871717.31,"1575936120",3213,20648,618,NA,NA,NA,NA
2019-12-11,66.6531,0,1576022400000,197469022766.78,58218028799.24,63310163247.33,40137035980.8,43521361297.8,65849789621.62,"1576022520",3218,20642,620,NA,NA,NA,NA
2019-12-12,66.6956,0,1576108800000,196622485329.98,56806763603.3,61383307288.84,40379010576.49,43455288930.63,65483929946.36,"1576108920",3224,20521,624,NA,NA,NA,NA
2019-12-13,66.6152,0,1576195200000,196913517806.18,62916223832.73,65241970534.34,44352577916.18,45711730653.18,65739212301.79,"1576195320",3233,20561,624,NA,NA,NA,NA
2019-12-14,66.5715,0,1576281600000,197613940730.48,58949291630.97,60983720131.18,41927049196.16,43120151963.8,66059404971.62,"1576281720",3234,20579,624,NA,NA,NA,NA
2019-12-15,66.4343,0,1.576368e+12,193903157550.66,57520429868.53,59581238226.36,40521003651.74,41728650265.24,65084896722.26,"1576368120",3234,20579,624,NA,NA,NA,NA
2019-12-16,66.454,0,1576454400000,195114324660.45,58736045218.6,60799839440.59,41988009258.97,43189817569.83,65452995691.78,"1576454520",3234,20591,624,NA,NA,NA,NA
2019-12-17,66.8686,0,1576540800000,187692198477.08,69676321508.34,72090494702.53,49627915630.79,51088968340.48,62185092591.21,"1576540920",3241,20504,629,NA,NA,NA,NA
2019-12-18,67.6245,0,1576627200000,177171232798.81,78801683633.93,81399014777.59,56619616505.6,58181501829.81,57360159098.33,"1576627320",3242,20353,630,NA,NA,NA,NA
2019-12-19,68.123,0,1576713600000,193850530069.08,103908229403.03,107453282103.42,72125459959.64,74215093822.59,61793681065.11,"1576713720",3245,20373,631,NA,NA,NA,NA
2019-12-20,0,0,1.5768e+12,191374820551.46,84641983980.85,87141958062.75,58975731860.19,60434444418.78,60826643010.66,"1576800120",3249,20318,631,NA,NA,NA,NA
2019-12-21,68.2831,0,1576886400000,191518209159.21,75613153650.96,77484716544.39,53107109431.3,54229734014.64,60743704514.79,"1576886520",3255,20337,634,NA,NA,NA,NA
2019-12-22,68.358,0,1576972800000,190488163929.35,62625538620.15,64303435208.71,43518151270.35,44522474865.76,60274333236.43,"1576972920",3255,20337,634,NA,NA,NA,NA
2019-12-23,68.8395,0,1577059200000,198230261805.23,76041953490.82,78305405995,52894536459.42,54207164022.01,61769551067.61,"1577059320",3255,20337,634,NA,NA,NA,NA
2019-12-24,68.8311,0,1577145600000,193426930731.44,85922657122.44,88485072642.39,58440883103.26,59886942519.63,60288974669.97,"1577145720",3254,20361,638,NA,NA,NA,NA
2019-12-25,68.697,0,1.577232e+12,193063675342.47,75755829117.57,78083750244.1,52977161161.6,54287746741.43,60434677756.5,"1577232120",3258,20377,639,NA,NA,NA,NA
2019-12-26,68.8484,0,1577318400000,191691734906.67,68496073528.84,70472564900.77,47171167308.45,48311485643.07,59715046461.75,"1577318520",3263,20380,640,NA,NA,NA,NA
2019-12-27,68.7354,0,1577404800000,190752771796.27,74011241652.93,76243943570.55,51404532992.77,52701146657.21,59638181569.58,"1577404920",3265,20406,640,NA,NA,NA,NA
2019-12-28,68.6586,0,1577491200000,192486227320.55,73863457128.47,76078611276.92,51315227586.66,52607131344.16,60327932212.72,"1577491320",3270,20406,641,NA,NA,NA,NA
2019-12-29,68.4864,0,1577577600000,193172668435.48,73052953902.77,74990752123.06,51376867257.78,52518738409.21,60875585164.6,"1577577720",3270,20406,641,NA,NA,NA,NA
2019-12-30,68.283,0,1.577664e+12,196928346755.65,75108342661.08,77430333707.39,52892759472.82,54306067554.8,62459683966.01,"1577664120",3270,20406,641,NA,NA,NA,NA
2019-12-31,68.218,0,1577750400000,193518482937.31,76460241218.45,78766824145.28,53827110617.52,55227270892.34,61504019615.39,"1577750520",3273,20450,642,NA,NA,NA,NA
2020-01-01,68.3033,0,1577836800000,190906009352.88,68967599558.58,71148917889.84,48085893488,49407628342.5,60510822865.3,"1577836920",3286,20456,642,NA,NA,NA,NA
2020-01-02,68.191,0,1577923200000,191542043659.12,61537198640.32,63492951067.53,43165791686.37,44344532913.62,60927629629.78,"1577923320",3291,20470,642,NA,NA,NA,NA
2020-01-03,68.1546,0,1578009600000,185801651215.77,67968229449.61,70068961301.17,47313600802.05,48554385087.37,59169187394.32,"1578009720",3291,20474,642,NA,NA,NA,NA
2020-01-04,68.1903,0,1.578096e+12,195561663745.56,89683613405.89,92837452702.64,61669455022.82,63504582410.17,62207670176.82,"1578096120",3293,20519,642,NA,NA,NA,NA
2020-01-05,68.1272,0,1578182400000,197601246408.57,62858900974.31,71332672012.47,44577835599.96,49762538679.55,62981016042.95,"1578182520",3293,20520,643,NA,NA,NA,NA
2020-01-06,67.9849,0,1578268800000,197779783038.89,67673095532.85,74938689654.63,48122188006.35,52585811582.3,63319405081.72,"1578268920",3293,20520,643,NA,NA,NA,NA
2020-01-07,67.5872,0,1578355200000,208829737313.18,81914860924.1,89706532646.77,58864604874.7,63615215886.2,67687461015.97,"1578355320",3302,20273,644,NA,NA,NA,NA
2020-01-08,68.825,0,1578441600000,215477982659.48,90640060982.89,101610863835.59,62232639297.9,68972918332.85,67175226002.08,"1578441720",3306,20293,647,NA,NA,NA,NA
2020-01-09,68.8697,0,1.578528e+12,212579989779.82,96417460157.84,106677164397.78,65156129390.6,71645814201.08,66176827839.1,"1578528120",3309,20315,650,NA,NA,NA,NA
2020-01-10,68.5321,0,1578614400000,208391004804.04,76792347658.35,84601932037.04,52942547579.57,58139420770.52,65576187016.79,"1578614520",3318,20318,652,NA,NA,NA,NA
2020-01-11,68.3113,0,1578700800000,217142833904.37,94863790145.25,103535680625.88,66183283095.43,71818245209.87,68809688410.42,"1578700920",3320,20343,652,NA,NA,NA,NA
2020-01-12,68.0386,0,1578787200000,213912161290.96,88206299492.02,97303292154.68,62881682986.8,68597489751.96,68369228969.93,"1578787320",3320,20344,652,NA,NA,NA,NA
2020-01-13,67.9123,0,1578873600000,218845911766.87,79886153277.92,88473840238.76,57161124121.95,62608182185.43,70222511293.15,"1578873720",3320,20348,652,NA,NA,NA,NA
2020-01-14,68.0319,0,1.57896e+12,217302263269.43,76542192567,85246688327.64,54230185565.35,59725727574.31,69467510969.7,"1578960120",3328,20279,653,NA,NA,NA,NA
2020-01-15,66.0767,0,1579046400000,241690318632.41,162337957911.43,174818525219,117749473620.17,125710725376.72,81989302924.25,"1579046520",3332,20290,654,NA,NA,NA,NA
2020-01-16,66.2298,0,1579132800000,241800731133.13,144578067793.22,155970028782.47,104930831230.71,112241956549.31,81656617991.41,"1579132920",3336,20309,655,NA,NA,NA,NA
2020-01-17,66.1773,0,1579219200000,239495173360.02,119393234203.89,129345283444.49,88351935761.82,94841237039.38,81003789337.46,"1579219320",3336,20317,656,NA,NA,NA,NA
2020-01-18,65.9473,0,1579305600000,245136022351.94,137079364761.41,147639960926.31,100955017343.17,107762618886.84,83475535128.89,"1579305720",3336,20334,660,NA,NA,NA,NA
2020-01-19,66.3028,0,1.579392e+12,244524577534.93,125135420549.4,135262781679.12,92977868325.58,99709718913.64,82397966284.91,"1579392120",3336,20334,660,NA,NA,NA,NA
2020-01-20,66.275,0,1579478400000,238885714824.02,122591548910.68,132994389780.29,88604589822.9,95332644771.41,80564091622.57,"1579478520",3336,20334,660,NA,NA,NA,NA
2020-01-21,65.948,0,1579564800000,238430922469.24,96638062390.01,105812056917.37,70463481333.81,76415609772.12,81190551939.71,"1579564920",3336,20221,662,NA,NA,NA,NA
2020-01-22,65.7571,0,1579651200000,241570437714.8,88652213131.11,97893855594.37,64750829197.48,70741251283.33,82720820800.37,"1579651320",3349,20238,662,NA,NA,NA,NA
2020-01-23,65.6642,0,1579737600000,240267938713.9,83729457733.32,92948904714.06,61262677657.29,67248915961.57,82497890797.47,"1579737720",3351,20255,664,NA,NA,NA,NA
2020-01-24,65.9755,0,1.579824e+12,231568764821.78,93767603078.63,101454157470.47,68122066761.75,73032688382.88,78790162836.7,"1579824120",3352,20326,664,NA,NA,NA,NA
2020-01-25,66.1028,0,1579910400000,232407217157.28,93144055613.84,99203396731.8,68917074544.4,72826339474.27,78779572950.23,"1579910520",3366,20349,665,NA,NA,NA,NA
2020-01-26,66.1857,0,1579996800000,229601452323.23,74506660153.02,80139916790.1,55037010588.26,58657118997.02,77638113940.35,"1579996920",3366,20349,665,NA,NA,NA,NA
2020-01-27,65.8236,0,1580083200000,237755757505.3,83531643318.45,89437716179.96,61441388186.84,65268362789.06,81256466974.83,"1580083320",3368,20352,666,NA,NA,NA,NA
2020-01-28,65.9908,0,1580169600000,245557058625.93,106306511528.97,111950217637.45,77967173990.28,81608740780.92,83512093373.02,"1580169720",3368,20327,668,NA,NA,NA,NA
2020-01-29,66.496,0,1.580256e+12,256574234368.08,122588027069.85,130531438331.45,88305045859.24,93074521529.09,85962525912.19,"1580256120",3368,20323,669,NA,NA,NA,NA
2020-01-30,66.444,0,1580342400000,254824602587.36,116180209197.45,126336188098.6,85876711466.72,91930089574.26,85508818189.27,"1580342520",3368,20325,669,NA,NA,NA,NA
2020-01-31,65.9566,0,1580428800000,262023250691.98,122010640093.35,132818016924.69,89904404632.56,96432574838.32,89201659805.38,"1580428920",3377,20311,673,NA,NA,NA,NA
2020-02-01,66.162,0,1580515200000,257141798147.88,113397823901.3,124160765984.03,84198096163.81,90699481547.38,87011532909.81,"1580515320",3391,20380,673,NA,NA,NA,NA
2020-02-02,0,0,1580601600000,259115266400.08,99860408541.86,109473555308.08,74062971280.49,79907415927.54,88374205343.03,"1580601720",3391,20380,673,NA,NA,NA,NA
2020-02-03,65.4761,0,1.580688e+12,259643454502.83,114681253384.76,124931997604.04,83999653853.79,90123417019.79,89638985282.75,"1580688120",3391,20401,675,NA,NA,NA,NA
2020-02-04,65.1192,0,1580774400000,259637740495.12,112517394109.32,123026435733.33,81813970936.13,88305238065.24,90563739379.27,"1580774520",3392,20370,676,NA,NA,NA,NA
2020-02-05,64.7499,0,1580860800000,258031287663.73,106538796907.01,116732249600.63,76800775090.9,82955275027.54,90956275184.85,"1580860920",3395,20396,677,NA,NA,NA,NA
2020-02-06,64.3859,0,1580947200000,272040179475.93,133658671242.94,144624043096.41,98540035383.55,105186343894.42,96884776086.68,"1580947320",3395,20405,677,NA,NA,NA,NA
2020-02-07,64.1799,0,1581033600000,275980858371.69,137155614086.77,148780862672.66,99730801977.27,106859947017.09,98856693546.79,"1581033720",3397,20429,677,NA,NA,NA,NA
2020-02-08,63.9356,0,1.58112e+12,278843832637.22,128147270077.95,137620850449.38,93906556155.6,99655814555.81,100563430284.1,"1581120120",3397,20445,680,NA,NA,NA,NA
2020-02-09,63.7816,0,1581206400000,281368466963.51,132066970018.91,143277774504.44,97026061103.87,103976858586.71,101907134963.91,"1581206520",3397,20445,680,NA,NA,NA,NA
2020-02-10,63.6231,0,1581292800000,289967404094.29,132255252697.71,143823915956.23,96470659998.83,103542106226.69,105481237931.1,"1581292920",3397,20455,680,NA,NA,NA,NA
2020-02-11,63.246,0,1581379200000,283671652202.42,144600230822.82,156212106730.13,105486859232.49,112651714580.67,104260594174.47,"1581379320",3407,20393,680,NA,NA,NA,NA
2020-02-12,63.169,0,1581465600000,294226229673.34,136829373939.86,151574900582.12,99422215721.92,108940626126.77,108366474822.82,"1581465720",3412,20578,684,NA,NA,NA,NA
2020-02-13,62.0509,0,1.581552e+12,302858654579.49,165489689737.29,182498160685.73,122316781983.27,133823622438.99,114932141815.89,"1581552120",3414,20602,684,NA,NA,NA,NA
2020-02-14,61.6874,0,1581638400000,301351995936.52,187532603478.89,206259185861.22,138381951650.35,151118547598.49,115455657792.08,"1581638520",3421,20603,687,NA,NA,NA,NA
2020-02-15,60.9996,0,1581724800000,308079263556.73,162518023841.4,178130441410.02,119307565272.36,129789857294.1,120152221522.03,"1581724920",3425,20726,692,NA,NA,NA,NA
2020-02-16,61.9628,0,1581811200000,290967846084.15,168384313779.74,185566181835.32,124780848399.06,136669367677.01,110675972042.41,"1581811320",3431,20737,692,NA,NA,NA,NA
2020-02-17,62.8024,0,1581897600000,288032593679.92,175100800773.61,191996095545.73,131837058931.07,143625242504.34,107141162045.6,"1581897720",3431,20746,695,NA,NA,NA,NA
2020-02-18,62.236,0,1.581984e+12,283498176398.9,181054522902.95,198614599011.36,135365160700.19,147444562731.62,107060380142.78,"1581984120",3431,20637,696,NA,NA,NA,NA
2020-02-19,62.3883,0,1582070400000,296512753130.03,174269189199.61,191191431832.58,127226388328.83,138757705491.28,111523518398.31,"1582070520",3431,20666,697,NA,NA,NA,NA
2020-02-20,62.8671,0,1582156800000,279069958247.02,161625924473.69,177974828129.35,114818373240.44,125845622444.8,103626721299.92,"1582156920",3442,20701,697,NA,NA,NA,NA
2020-02-21,62.9577,0,1582243200000,278139908243.86,166435377869.69,181795831170.9,121923660671.39,132327232011.28,103029456533.04,"1582243320",3442,20686,697,NA,NA,NA,NA
2020-02-22,62.7238,0,1582329600000,281461430066.85,144600262697.81,158295054812.34,103912101244.74,112901214363.45,104918262325.23,"1582329720",3445,20760,698,NA,NA,NA,NA
2020-02-23,62.8667,0,1.582416e+12,280184042427.29,125133541943.89,136909634799.01,89604185057.81,97266215702.2,104041526915.24,"1582416120",3445,20760,698,NA,NA,NA,NA
2020-02-24,62.5778,0,1582502400000,289022567872.44,142014747849.58,155823025497.43,100998876991.09,110004802248.6,108158687122.14,"1582502520",3446,20770,699,NA,NA,NA,NA
2020-02-25,62.9358,0,1582588800000,279557111926.53,160852920418.46,171037351786.28,116147394748.93,122248914838.85,103615737880.89,"1582588920",3446,20734,700,NA,NA,NA,NA
2020-02-26,63.6613,0,1582675200000,267659886323.56,156156127183.39,166046604058.51,113867931271.33,119789327022.02,97264101938.16,"1582675320",3452,20761,703,NA,NA,NA,NA
2020-02-27,64.4957,0,1582761600000,249569511347.98,189988162451.22,199160356076.1,139790312792.07,145181631230.67,88607807329.96,"1582761720",3454,20597,703,NA,NA,NA,NA
2020-02-28,63.9496,0,1.582848e+12,250860225333.47,170640350104.12,180191454428.02,125451378057.65,131182120451.94,90435995688.22,"1582848120",3460,20655,705,NA,NA,NA,NA
2020-02-29,63.8706,0,1582934400000,247691279806.4,159056824282.08,168531737545.1,114692561638.05,120383773956.4,89489269650.85,"1582934520",3460,20653,705,NA,NA,NA,NA
2020-03-01,64.0496,0,1583020800000,245016228835.25,128935991272.48,137814500280.15,93321897855.66,98653223289.25,88084204780.07,"1583020920",3463,20655,705,NA,NA,NA,NA
2020-03-02,64.0846,0,1583107200000,243559652309.56,129880123881.63,138821574666.47,94808077620.7,100262911138.21,87475479110.73,"1583107320",3465,20660,705,NA,NA,NA,NA
2020-03-03,63.6857,0,1583193600000,254099538219.92,181440967513.31,191332319969.58,138799754798.11,144887026707.19,92274537737.32,"1583193720",3465,20642,711,NA,NA,NA,NA
2020-03-04,63.7851,0,1.58328e+12,251545638677.94,173136422543.39,182965443480.09,131054222352.16,137076784867.54,91096971984.48,"1583280120",3466,20674,711,NA,NA,NA,NA
2020-03-05,63.7059,0,1583366400000,251430824416.41,136172503420.74,146364291210.8,101571716417.78,108032898358.54,91254542957.36,"1583366520",3466,20816,711,NA,NA,NA,NA
2020-03-06,63.9298,0,1583452800000,259454088291.83,140044426474.29,149914103081.78,100515068875.76,106697097534.16,93585668995.28,"1583452920",3472,20797,712,NA,NA,NA,NA
2020-03-07,63.2332,0,1583539200000,263364575633.36,140565387465.47,150521707248.22,100007815598.29,106283255502.98,96830820655.85,"1583539320",3475,20819,713,NA,NA,NA,NA
2020-03-08,63.4863,0,1583625600000,256378312657.83,131817966953.13,141803813980.55,95785746281.79,102131771359.15,93613201487.35,"1583625720",3475,20819,713,NA,NA,NA,NA
2020-03-09,64.008,0,1.583712e+12,231145558855.08,150783410130.55,160240957466.52,110808389428.94,116705497102.2,83193804448.53,"1583712120",3475,20818,713,NA,NA,NA,NA
2020-03-10,63.7093,0,1583798400000,227631260801.88,171208491871.64,180339577023.01,124490548270.48,130117031428.38,82608904249.73,"1583798520",3476,20801,716,NA,NA,NA,NA
2020-03-11,64.0479,0,1583884800000,225342205926.88,140897698295.2,151005548895.56,98971603455.89,105293857120.54,81015316888.76,"1583884920",3482,20778,716,NA,NA,NA,NA
2020-03-12,64.6118,0,1583971200000,223936047902.73,130232893958.16,139950666693.86,91711300823.79,97745211803.69,79246971420.78,"1583971320",3493,20857,720,NA,NA,NA,NA
2020-03-13,64.3322,0,1584057600000,142897912556.92,192950889418.95,200746374405.64,138480042224.04,143154317504.88,50968574924.94,"1584057720",3505,20879,720,NA,NA,NA,NA
2020-03-14,63.426,0,1.584144e+12,160732124376.88,255120202251.3,262522988189.43,181260165456.5,185796755726.16,58786110989.42,"1584144120",3507,20923,722,NA,NA,NA,NA
2020-03-15,63.5218,0,1584230400000,148748542369.05,123571214236.96,131789758257.14,87640430777.67,93042849605.2,54260716932.07,"1584230520",3507,20923,722,NA,NA,NA,NA
2020-03-16,63.7472,0,1584316800000,152899471729.92,115229711545.42,123621251804.75,81500189695.19,87056536927.16,55430278889.58,"1584316920",3507,20923,722,NA,NA,NA,NA
2020-03-17,64.2795,0,1584403200000,142633255585.11,148892777188.89,157892008641.23,103666572429.55,109464626998.06,50949332192.55,"1584403320",3517,20877,722,NA,NA,NA,NA
2020-03-18,63.8515,0,1584489600000,149316408512.45,120867394963.16,128387072449.75,82483428287.61,87233677944.48,53975668025.46,"1584489720",3521,20917,723,NA,NA,NA,NA
2020-03-19,63.6878,0,1.584576e+12,150971345133.11,119539558479.46,127063451917.47,81619457519.92,86356404140.27,54821005183.89,"1584576120",3525,20950,724,NA,NA,NA,NA
2020-03-20,64.706,0,1584662400000,175207095665.5,169463828443.57,177986985824.25,116353582098.8,121653406985.29,61837655685.89,"1584662520",3537,20873,726,NA,NA,NA,NA
2020-03-21,65.0284,0,1584748800000,173221023662.35,183017751032.82,191733781516.6,128781382307.61,134151563779.11,60578093228.52,"1584748920",3539,20900,730,NA,NA,NA,NA
2020-03-22,64.9257,0,1584835200000,174118493965.9,137524051353.17,145788039877.27,95189427212.04,100243757725.84,61070900298.04,"1584835320",3539,20903,730,NA,NA,NA,NA
2020-03-23,64.7551,0,1584921600000,163354331068.49,128959423074.93,136806829270.68,89045376035.59,93928398386.88,57574140799.86,"1584921720",3539,20903,730,NA,NA,NA,NA
2020-03-24,63.9917,0,1.585008e+12,184665034905.21,147976813767.78,156056838498.8,101452993284.72,106438545781.9,66494756045.46,"1585008120",3552,20821,730,NA,NA,NA,NA
2020-03-25,65.9854,0,1585094400000,186199661159.28,148529407873.94,157132943676.71,100668620367.89,105992801707.17,63334982528.76,"1585094520",3558,20827,734,NA,NA,NA,NA
2020-03-26,65.9627,0,1585180800000,185509062533.46,136921094622.06,145501505570.15,92370815474.36,97698968054.93,63142206688.06,"1585180920",3559,20864,734,NA,NA,NA,NA
2020-03-27,65.6494,0,1585267200000,187791438192.16,112475058471.02,120955614352.49,77301255844.86,82600719301.63,64507476031.92,"1585267320",3565,20868,734,NA,NA,NA,NA
2020-03-28,65.3557,0,1585353600000,179963102773.1,112444370676.35,120931897098.25,78041860652.79,83378514268.01,62346884033.69,"1585353720",3568,20901,734,NA,NA,NA,NA
2020-03-29,64.8982,0,1.58544e+12,175761793543.83,117045937077.48,124493204883.76,82570668442.66,87261351617.83,61695634708.69,"1585440120",3568,20901,734,NA,NA,NA,NA
2020-03-30,64.409,0,1585526400000,167994375804.33,95417790611.08,103304581011.78,67093549820.04,72089148446.24,59790937889.09,"1585526520",3568,20902,734,NA,NA,NA,NA
2020-03-31,65.7528,0,1585612800000,179004620408.42,120067660437.62,127218108788.9,82357746416.15,86957412807.85,61304083023.89,"1585612920",3585,20682,736,NA,NA,NA,NA
2020-04-01,65.0457,0,1585699200000,180965099061.58,105966267719.6,111461238954.24,73370978404.82,77003839399.32,63255053907.23,"1585699320",3589,20716,737,NA,NA,NA,NA
2020-04-02,65.4098,0,1585785600000,185907562467.74,126724022166.39,132702049254.72,86043310791.98,89986879702.8,64305754562.45,"1585785720",3594,20736,739,NA,NA,NA,NA
2020-04-03,65.447,0,1.585872e+12,190041172057.38,149014324829.18,154447198699.41,101774809620.1,105313594619.09,65664845494.88,"1585872120",3599,20765,740,NA,NA,NA,NA
2020-04-04,65.0947,0,1585958400000,189324175844.15,124769415485.85,130928862183.63,85992316119.21,90072823650.38,66084087117.02,"1585958520",3600,20790,741,NA,NA,NA,NA
2020-04-05,65.211,0,1586044800000,192890422623.33,108291293270.43,114174584694.83,75164344474.21,79130151427.46,67104599501.18,"1586044920",3600,20790,741,NA,NA,NA,NA
2020-04-06,65.1669,0,1586131200000,190553835278.15,98481971430.27,104676406733.14,69162930799.31,73359332979.1,66375830311.78,"1586131320",3600,20790,741,NA,NA,NA,NA
2020-04-07,64.4748,0,1586217600000,206897708040.81,162766898283.78,169491361496.19,115800813938.02,120315504096.95,73500827472.67,"1586217720",3605,20629,746,NA,NA,NA,NA
2020-04-08,64.5072,0,1.586304e+12,203656663262.74,156245172850.22,163117854124.77,112383059965.39,117009997483.13,72283400665.77,"1586304120",3605,20838,746,NA,NA,NA,NA
2020-04-09,63.9607,0,1586390400000,209782873298.31,138057738560.69,144947654765.44,100637614308.72,105283910181.61,75604237077.06,"1586390520",3611,20815,746,NA,NA,NA,NA
2020-04-10,63.9765,0,1586476800000,208982008814.87,120237473143.53,127171336511.29,86124915377.82,91065778839.62,75282704670.81,"1586476920",3615,20830,748,NA,NA,NA,NA
2020-04-11,64.1851,0,1586563200000,196193718614.81,149901273918.25,159704336355.13,106237634666.53,113187313189.44,70266565940.23,"1586563320",3618,21176,752,NA,NA,NA,NA
2020-04-12,64.13,0,1586649600000,195938721149.61,110211851286.12,119454337197.01,79078580127.42,85588905502.3,70283284852.97,"1586649720",3618,21176,752,NA,NA,NA,NA
2020-04-13,64.149,0,1.586736e+12,198521261835.83,123306024032.27,132716284595.67,87437895791.02,94051569312.03,71171767935.91,"1586736120",3628,21217,752,NA,NA,NA,NA
2020-04-14,64.2034,0,1586822400000,195537345136.44,132520511886.96,141359131673.29,94702678242.47,100818095591.99,69995781984.83,"1586822520",3633,21286,752,NA,NA,NA,NA
2020-04-15,64.1724,0,1586908800000,195202053528.77,117625847388.77,126508928965.54,83518431198.69,89695618768.58,69936247979.43,"1586908920",3638,21284,752,NA,NA,NA,NA
2020-04-16,64.0468,0,1586995200000,189006663543.68,112732530921.27,121443606706.87,80491244350.57,86592149941.41,67953926691.94,"1586995320",3655,21363,752,NA,NA,NA,NA
2020-04-17,63.94,0,1587081600000,203538405735.91,165320372325.13,174615987916.52,119073995884.67,125528512976.93,73396011710.23,"1587081720",3659,21383,752,NA,NA,NA,NA
2020-04-18,63.8731,0,1.587168e+12,203760455786.76,119998416239.09,129446302838.86,87564156513.07,94349383186.06,73612403096.2,"1587168120",3664,21430,752,NA,NA,NA,NA
2020-04-19,63.3454,0,1587254400000,210091706887.07,127425582377.2,136522320128.24,95134587723.11,101568322092.54,77008329928.66,"1587254520",3664,21434,752,NA,NA,NA,NA
2020-04-20,63.6524,0,1587340800000,206876648151.5,123894637922.39,132809207985.27,93189776556.6,99521771868.76,75194770922.89,"1587340920",3664,21434,752,NA,NA,NA,NA
2020-04-21,63.6469,0,1587427200000,198279570171.76,146122415514.6,155761726926.16,108474125565,115293037391.9,72080729647.73,"1587427320",3672,21376,754,NA,NA,NA,NA
2020-04-22,63.5343,0,1587513600000,198531006715.65,117930065779.02,128234775700.43,85469639280.67,92750050369.91,72395783561.28,"1587513720",3693,21519,756,NA,NA,NA,NA
2020-04-23,63.4761,0,1.5876e+12,205956894776.33,123280757601.31,134120770818.48,90050535614.29,97728036605.88,75223484866.36,"1587600120",3693,21590,757,NA,NA,NA,NA
2020-04-24,64.0512,0,1587686400000,213212605910.54,152276653797.72,164998698477.44,108779902052.74,117491505276.79,76647472465.17,"1587686520",3693,21608,757,NA,NA,NA,NA
2020-04-25,63.9016,0,1587772800000,216674137449.86,124186028539.19,135796966058.4,89861518781.55,97886736640.44,78215827653.72,"1587772920",3696,21602,759,NA,NA,NA,NA
2020-04-26,63.5712,0,1587859200000,218337748656.88,123817805691.79,134088114179.4,91038457452.43,98189507210.63,79537789083.33,"1587859320",3696,21602,759,NA,NA,NA,NA
2020-04-27,63.7704,0,1587945600000,221610785841.97,127992990764.74,138903445521,94641042868.38,102216333110.76,80288669894.63,"1587945720",3698,21623,759,NA,NA,NA,NA
2020-04-28,63.952,0,1.588032e+12,223396700061.91,135841142068.3,146650566516.72,99979485157.03,107418320486.55,80530072920.13,"1588032120",3700,21636,759,NA,NA,NA,NA
2020-04-29,63.6155,0,1588118400000,225062168283.75,126177308207.73,134764537269.92,93134939415.75,99530718722.49,81887655443.99,"1588118520",3701,21496,760,NA,NA,NA,NA
2020-04-30,64.958,0,1588204800000,248445875018.99,207212949734.98,222520337623.19,147220026857.83,157380051911.67,87060525535.13,"1588204920",3710,21659,761,NA,NA,NA,NA
2020-05-01,65.4798,0,1588291200000,243138650002.87,228953952638.95,246407724462.77,161560036263.97,173067244794.69,83931978865.62,"1588291320",3710,21694,761,NA,NA,NA,NA
2020-05-02,65.3807,0,1588377600000,248672837525.42,152203851984.11,168778449847.17,108324018566.55,119560643784.01,86088863987.75,"1588377720",3711,21715,761,NA,NA,NA,NA
2020-05-03,65.4414,0,1.588464e+12,252156470811.77,137730159610.57,152623050241.7,97835646157.52,107654319686.63,87141625371.87,"1588464120",3711,21717,762,NA,NA,NA,NA
2020-05-04,65.7388,0,1588550400000,248947970054.02,158942868105.15,169906741137.47,111899483797.98,119226142926.2,85292498574.44,"1588550520",3723,21768,763,NA,NA,NA,NA
2020-05-05,65.8989,0,1588636800000,248643650991.88,162685103400.49,173899342173.96,117044254638.85,124776552493.12,84790267054.7,"1588636920",3726,21620,763,NA,NA,NA,NA
2020-05-06,66.2141,0,1588723200000,249584132598.12,146222096621.39,157702395258.95,103202176098.48,110847938039.95,84324211926.89,"1588723320",3732,21654,763,NA,NA,NA,NA
2020-05-07,66.9874,0,1588809600000,253224242766.61,160893363131.36,172742197514.5,111465675150.16,119046705175.99,83595946637.86,"1588809720",3734,21674,764,NA,NA,NA,NA
2020-05-08,67.9003,0,1.588896e+12,269024453121.22,192153793723.11,206822632495.32,131275583967.6,140726689315.25,86355961376.26,"1588896120",3740,21714,766,NA,NA,NA,NA
2020-05-09,67.5105,0,1588982400000,267222497107.86,169523686151.06,182607018419.12,118067088279.76,126498433076.03,86819335352.2,"1588982520",3742,21956,766,NA,NA,NA,NA
2020-05-10,67.0774,0,1589068800000,262419623119.76,157002189778.36,169486154218.13,110602228222.29,118571118214.91,86395253207.13,"1589068920",3742,21956,766,NA,NA,NA,NA
2020-05-11,67.111,0,1589155200000,239905498766.75,207500270575.05,222300085563.76,144584349831.01,153976511278.86,78902635359.96,"1589155320",3742,21930,767,NA,NA,NA,NA
2020-05-12,66.9088,0,1589241600000,235531548194.97,180381091455.61,199369988211.51,123577983722.99,135986748927.87,77940231776.85,"1589241720",3752,21938,768,NA,NA,NA,NA
2020-05-13,67.0516,0,1.589328e+12,241577838734.57,136371133740.47,149018310560.35,94397233932.25,102837231856.5,79596001106.45,"1589328120",3760,22089,770,NA,NA,NA,NA
2020-05-14,67.599,0,1589414400000,252415621562.45,144038496641.84,158627400747.91,98608734859.1,108281600804.66,81785287061.15,"1589414520",3768,22093,770,NA,NA,NA,NA
2020-05-15,67.7409,0,1589500800000,264661769847.45,174846669894.7,191272587362.94,118360763491.81,129090349060.43,85377596480.4,"1589500920",3772,22125,770,NA,NA,NA,NA
2020-05-16,66.2322,0,1589587200000,258952934234.05,175747473490.06,191653386873.39,118870560671.11,128419833865.44,83264609078.47,"1589587260",3568,21267,775,NA,NA,NA,NA
2020-05-17,66.4892,0,1589673600000,261728797382.22,175747473490.06,191653386873.39,118870560671.11,128419833865.44,84157169576.28,"1589673660",3568,21267,775,NA,NA,NA,NA
2020-05-18,0,0,1.58976e+12,272773461240.49,175747473490.06,191653386873.39,118870560671.11,128419833865.44,87708508437.46,"1589760060",3568,21267,775,NA,NA,NA,NA
2020-05-19,0,0,1589846400000,265552242186.84,135053104249.5,145822813443.09,94511674941.05,101523530740.63,85386573050.43,"1589846460",3568,21267,775,NA,NA,NA,NA
2020-05-20,0,0,1589932800000,261561632338.35,123941268368.67,134041895339.49,85608198405.92,91949257811.61,82956487711.86,"1589932860",3568,21267,775,NA,NA,NA,NA
2020-05-21,66.6972,0,1590019200000,262083059149.23,120405744864.7,130515692208.06,83989213040.47,90388274942.75,87281016510.35,"1590019260",3795,22353,782,NA,NA,NA,NA
2020-05-22,66.4426,0,1590105600000,250877075733.58,127145162603.1,136947696816.91,87889453804.25,94073994630.36,84187798915.61,"1590105660",3800,22383,785,NA,NA,NA,NA
2020-05-23,65.9754,0,1.590192e+12,255973855249.76,105373246350.02,113543728219.79,76020369774.17,81287861062.48,87094161480.36,"1590192060",3800,22416,788,NA,NA,NA,NA
2020-05-24,66.0264,0,1590278400000,256076822519.13,93777128666.31,99454320460.74,66161501328.76,69938239830.94,86998492696.77,"1590278460",3800,22416,788,NA,NA,NA,NA
2020-05-25,65.6724,0,1590364800000,245307463085.45,106687107046.48,111877525108.09,74058398788.12,77326671368.59,84208240561.44,"1590364860",3800,22416,788,NA,NA,NA,NA
2020-05-26,65.4796,0,1590451200000,250129346422.25,100229270448.08,105555135653.24,69238142648.33,72729714987.94,86345556935,"1590451260",3812,22519,793,NA,NA,NA,NA
2020-05-27,65.5225,0,1590537600000,247898276955,94638813909.07,100558132213.79,65189363094.37,69061440840.27,85469209232.19,"1590537660",3815,22554,794,NA,NA,NA,NA
2020-05-28,65.9059,0,1.590624e+12,256310023012.92,102051966387.34,109178829459.87,69298934874.73,74038776213.59,87386634954.47,"1590624060",3817,22483,796,NA,NA,NA,NA
2020-05-29,66.0504,0,1590710400000,265482468347.8,107715047299.13,113487367881.61,73368475310.27,76953227685.53,90130118615.63,"1590710460",3830,22682,797,NA,NA,NA,NA
2020-05-30,65.8267,0,1590796800000,263503313795.46,104192550380.4,109443053550.12,71504158210.86,74830688620.62,90047664425.57,"1590796860",3830,22682,797,NA,NA,NA,NA
2020-05-31,65.2249,0,1590883200000,273399601030.28,114542187996.57,122861015840.91,81868473911.61,87980272466.8,95075004282.22,"1590883260",3830,22690,797,NA,NA,NA,NA
2020-06-01,65.4246,0,1590969600000,265879743003.06,100985785037.81,105277085753.16,73324534402.32,76098000665.28,91929091355.3,"1590969660",3832,22695,798,NA,NA,NA,NA
2020-06-02,65.8572,0,1.591056e+12,283622394999.81,116574656272.6,122317646599.91,81287618014.02,85010764437.32,96836515741.32,"1591056060",3837,22761,799,NA,NA,NA,NA
2020-06-03,64.9626,0,1591142400000,269669185656.96,128183531608.65,133980355078.49,89381893166.33,92885582211.52,94484972223.92,"1591142460",3839,22492,799,NA,NA,NA,NA
2020-06-04,64.7742,0,1591228800000,274151564785.2,88006798254.57,92315512798.83,63087127614.97,65829261113.74,96572104659.29,"1591228860",3841,22511,801,NA,NA,NA,NA
2020-06-05,64.969,0,1591315200000,277698210836.31,90069281108.44,94333254959.09,64254570891.13,66879268912.42,97280388572.97,"1591315260",3842,22600,802,NA,NA,NA,NA
2020-06-06,64.7035,0,1591401600000,274096163172.04,84358842355.79,90955160933.89,60787310393.6,65581471734.8,96746397225.28,"1591401660",3850,22626,803,NA,NA,NA,NA
2020-06-07,64.6942,0,1.591488e+12,274332683081.12,69886580941.17,74511089920.88,49703027566.99,52983578996.12,96855314038.56,"1591488060",3850,22658,803,NA,NA,NA,NA
2020-06-08,64.8078,0,1591574400000,277380076894.01,84732651340.62,91128418727.06,59726335574.94,64332770597.42,97616116194.94,"1591574460",3850,22660,803,NA,NA,NA,NA
2020-06-09,64.8166,0,1591660800000,278096680550.81,72334494642.26,79967375281.4,50644224668.89,56545930840.77,97843738115.67,"1591660860",3865,22688,807,NA,NA,NA,NA
2020-06-10,64.8101,0,1591747200000,278040733449.28,76337955822.49,83943437545.84,52908121075.76,58786612351.55,97842308495.51,"1591747260",3865,22686,807,NA,NA,NA,NA
2020-06-11,64.7861,0,1591833600000,280341768033.13,80033826208.76,88199036429.53,54381273085.49,60715970665.96,98719175483.38,"1591833660",3871,22625,807,NA,NA,NA,NA
2020-06-12,65.0664,0,1.59192e+12,262936200561.58,104889416078.59,114249166436.71,74666143101.93,81516925349.74,91853029576.22,"1591920060",3874,22680,807,NA,NA,NA,NA
2020-06-13,64.8098,0,1592006400000,269409716517.27,79566758965.27,87334171244.33,57106654605.85,63005730699.9,94805788446.96,"1592006460",3876,22739,809,NA,NA,NA,NA
2020-06-14,64.7181,0,1592092800000,269522607497.99,62811020346.84,70169328095.17,45266966120.13,51064218248.77,95092689009.42,"1592092860",3876,22739,809,NA,NA,NA,NA
2020-06-15,64.9232,0,1592179200000,266035895347.15,63470008834.37,70752099722.26,44530272957.51,50271507919.67,93316959588.4,"1592179260",3876,22739,809,NA,NA,NA,NA
2020-06-16,65.2329,0,1592265600000,266622801180.69,89917033080.12,98723123482.18,63259311866.91,69601204119.51,92697063814.06,"1592265660",3883,22646,812,NA,NA,NA,NA
2020-06-17,65.1751,0,1.592352e+12,269178229660.08,71434478011.97,79289393011.6,49944357198.37,55886916627.62,93741115397.32,"1592352060",3884,22660,815,NA,NA,NA,NA
2020-06-18,64.9889,0,1592438400000,268500160916.02,69433067011.82,77084569127.12,49317133246.26,55131612862.64,94004816084.84,"1592438460",3888,22527,815,NA,NA,NA,NA
2020-06-19,64.954,0,1592524800000,266619579292.93,61269048243.31,68660426439.89,43594653505.97,49359074619.61,93439462569.17,"1592524860",3897,22541,816,NA,NA,NA,NA
2020-06-20,64.8664,0,1592611200000,263460088359.75,66359834343.44,73788701587.69,46761769861.58,52410971795.39,92563110714.41,"1592611260",3898,22629,816,NA,NA,NA,NA
2020-06-21,64.8134,0,1592697600000,266022682513.16,59369170115.95,66782112401.42,42242381900.74,48027688855.69,93604276059.72,"1592697660",3898,22629,816,NA,NA,NA,NA
2020-06-22,64.7461,0,1.592784e+12,264363305114.11,53756780220.55,60979267147.04,38492779482.63,44226436064.77,93198312673.33,"1592784060",3898,22628,816,NA,NA,NA,NA
2020-06-23,64.8125,0,1592870400000,274231132219.34,73492518369.09,78640642139.21,52402161190.84,55878421231.46,96495052508.02,"1592870460",3907,22508,820,NA,NA,NA,NA
2020-06-24,64.6293,0,1592956800000,274415084009.52,60809621251.33,68493549622.83,43896044661.59,49842250807.44,97062402802.08,"1592956860",3909,22585,821,NA,NA,NA,NA
2020-06-25,64.5056,0,1593043200000,265664251280.1,68954772301.42,77707493040.73,49919991078.67,56575620236.12,94295989769.02,"1593043260",3913,22571,822,NA,NA,NA,NA
2020-06-26,64.5483,0,1593129600000,264249039210.3,60551195454.4,68504880233.32,42044247532.57,48058806680.77,93680734160.34,"1593129660",3922,22656,822,NA,NA,NA,NA
2020-06-27,64.4938,0,1.593216e+12,261915394219.36,63599010300.6,71128169594.25,45266870988.02,50911166076.47,92996140144.64,"1593216060",3924,22647,824,NA,NA,NA,NA
2020-06-28,64.9597,0,1593302400000,256683113723.66,61281854694.23,68840094280.07,44071777396.25,49855528338.99,89942411332.57,"1593302460",3924,22649,824,NA,NA,NA,NA
2020-06-29,64.8973,0,1593388800000,259040084886.56,52156497097.72,59029581103.19,37632369993.93,42962470009.47,90930075063.42,"1593388860",3924,22649,824,NA,NA,NA,NA
2020-06-30,64.7074,0,1593475200000,261229652828.12,57673660243.69,64807615956.63,41294176024.62,46741776971.87,92194760882.49,"1593475260",3968,22683,826,NA,NA,NA,NA
2020-07-01,64.7972,0,1593561600000,260320888909.67,53952721893.81,60893699228.16,38217554291.96,43616793415.52,91640195497.72,"1593561660",3970,22703,826,NA,NA,NA,NA
2020-07-02,64.6054,0,1.593648e+12,263115754743.22,56936944693.85,64324192028.99,41039920146.69,46777816823.91,93128817973,"1593648060",3979,22748,826,NA,NA,NA,NA
2020-07-03,64.4048,0,1593734400000,260857828462.15,58063186463.91,65938200894.1,41794473203.27,47797809588.66,92852744941.07,"1593734460",3982,22783,826,NA,NA,NA,NA
2020-07-04,64.4854,0,1593820800000,259448465559.54,48357643864.73,55310895618.86,35313675126.69,40727054207.22,92141971698.34,"1593820860",3988,22832,826,NA,NA,NA,NA
2020-07-05,64.2307,0,1593907200000,261182291101.76,47020077010.9,54406526709.58,34817044242.26,40637135378.26,93422990688.98,"1593907260",3988,22832,826,NA,NA,NA,NA
2020-07-06,64.1911,0,1593993600000,260306522652.66,50770212056.16,58070259557.53,37861097077.07,43536396852.45,93212915560.98,"1593993660",3988,22832,827,NA,NA,NA,NA
2020-07-07,63.58,0,1.59408e+12,270192602657.79,73479666925.46,81730365660.73,55711323941.78,61925493032.86,98404266852.74,"1594080060",3990,22668,828,NA,NA,NA,NA
2020-07-08,63.3439,0,1594166400000,269315231661.25,56470274252.87,64110874502.97,42700259556.31,48599001925.69,98720347625.87,"1594166460",4004,22754,829,NA,NA,NA,NA
2020-07-09,62.7688,0,1594252800000,276880592437.92,79860176009.97,88010985593.98,60185512247.5,66379608934.26,103085929102.74,"1594252860",4008,22800,829,NA,NA,NA,NA
2020-07-10,62.6314,0,1594339200000,272563372849.37,69877329175.99,77734163386.05,51936995490.2,57940681723.09,101853001027.31,"1594339260",4008,22827,829,NA,NA,NA,NA
2020-07-11,62.8263,0,1594425600000,272331437056.72,59283788347.95,100172159456.86,42481061982.13,81736355801.53,101235629674.14,"1594425660",4009,23107,829,NA,NA,NA,NA
2020-07-12,62.4895,0,1.594512e+12,272534506383.59,49393605468.76,56953933206.93,36197714881.72,42295671303.03,102229143947.29,"1594512060",4009,23107,829,NA,NA,NA,NA
2020-07-13,62.3843,0,1594598400000,274590327540.7,53578817272.07,67510285388.85,39081993379.97,51466304207.58,103289162695.52,"1594598460",4009,23107,829,NA,NA,NA,NA
2020-07-14,62.5319,0,1594684800000,272377789266.65,65908835962.42,73710314301.89,48467592198.67,54642867590.97,102054773092.02,"1594684860",4015,23159,831,NA,NA,NA,NA
2020-07-15,62.3378,0,1594771200000,273330065471.21,63158768374.96,70704306987.55,45152735049.62,51048105552.68,102942082619.07,"1594771260",4034,23133,831,NA,NA,NA,NA
2020-07-16,62.1933,0,1594857600000,272564922679.2,56672872493.94,64192983442.53,40873168094.11,46799378145.99,103047745875.73,"1594857660",4034,23183,832,NA,NA,NA,NA
2020-07-17,62.3728,0,1.594944e+12,269849125577.79,58293541126.99,65888974519.16,42632231193.72,48612826840.04,101536737427.97,"1594944060",4035,23212,834,NA,NA,NA,NA
2020-07-18,62.3679,0,1595030400000,270503463234.1,49526346320.59,56744840941.7,35624306039.84,41411781819.29,101796180489.41,"1595030460",4038,23252,835,NA,NA,NA,NA
2020-07-19,62.1405,0,1595116800000,271688028820.17,44970095319,51797432924.89,32771971346.38,38264298365.41,102859745547.86,"1595116860",4042,23288,835,NA,NA,NA,NA
2020-07-20,62.0082,0,1595203200000,273663203342.16,47670540655.03,58010679710.92,34733981728.45,43377480701.64,103969580716.07,"1595203260",4051,23214,835,NA,NA,NA,NA
2020-07-21,62.3267,0,1595289600000,270807056798.71,49282340770.91,60680849289.34,35598202758.89,45068925880.41,102022066638.84,"1595289660",4057,23275,836,NA,NA,NA,NA
2020-07-22,62.2143,0,1.595376e+12,277880541033.02,61362409372.16,71583178023.84,43299718032.87,51354351662.81,104999164997.4,"1595376060",4074,23289,837,NA,NA,NA,NA
2020-07-23,61.7285,0,1595462400000,284405679305.48,59140376978.83,67916501892.96,42643119445.06,49533321685.52,108846189743.42,"1595462460",4081,23432,838,NA,NA,NA,NA
2020-07-24,61.4269,0,1595548800000,287777703349.12,69065547787.56,78719540142.19,50998104497.74,58650169488.44,111004888642.8,"1595548860",4083,23511,838,NA,NA,NA,NA
2020-07-25,61.3495,0,1595635200000,286767769660.61,62829965757.42,72000099533.82,46350140926.95,53709514980.32,110837144076.04,"1595635260",4084,23740,838,NA,NA,NA,NA
2020-07-26,60.509,0,1595721600000,294997375792.62,69656804856.76,79379510570.98,53069961690.44,60934811739.6,116497351752.43,"1595721660",4084,23740,838,NA,NA,NA,NA
2020-07-27,60.9377,0,1.595808e+12,299852311722.38,80198364054.7,91121405764.34,59766331928.23,68425670290.01,117129179180.16,"1595808060",4084,23740,838,NA,NA,NA,NA
2020-07-28,63.0999,0,1595894400000,323033150312.8,121364853968.81,137677859424.37,85872650631.23,97702437784.48,119199606893.74,"1595894460",4098,23833,839,NA,NA,NA,NA
2020-07-29,62.5121,0,1595980800000,322202500952.51,101283387275.01,114819808456.49,72672140743.07,82671668228.51,120786980397.4,"1595980860",4123,23995,839,NA,NA,NA,NA
2020-07-30,62.839,0,1596067200000,325282044762.39,88109965992.77,100557369690.4,63542495210.09,72834311328.54,120878110465.34,"1596067260",4135,24054,839,NA,NA,NA,NA
2020-07-31,62.3547,0,1596153600000,328863389993.88,84227395800.88,96427728929.52,61476477157.74,70864242561.08,123801714659.17,"1596153660",4141,24112,840,NA,NA,NA,NA
2020-08-01,62.2885,0,1.59624e+12,336164467809.56,86038004144.8,98434107823.31,62884789293.96,72244093959.25,126772537878.94,"1596240060",4166,24219,842,NA,NA,NA,NA
2020-08-02,61.5078,0,1596326400000,353064238860,102768393729.66,117818639959.73,76749315397.27,88098098815.05,135902333208.28,"1596326460",4187,24287,842,NA,NA,NA,NA
2020-08-03,61.0044,0,1596412800000,333882055719.94,121696417525.42,138703224050.95,94353589903.23,107357199375.07,130199181221.41,"1596412860",4187,24287,842,NA,NA,NA,NA
2020-08-04,60.4838,0,1596499200000,343012862913.12,84725918471.92,98319793101.54,64577298476.25,75186407808.23,135545782761.31,"1596499260",4279,24470,843,NA,NA,NA,NA
2020-08-05,60.2936,0,1596585600000,343073470927.81,88501802750.9,102315125248.37,67328677587.36,78209827596.59,136222194488.05,"1596585660",4360,24543,844,NA,NA,NA,NA
2020-08-06,61.0019,0,1.596672e+12,355796884138.52,90590726287.11,104559787945.43,66195175368.14,77001263949.28,138754072680.56,"1596672060",4395,24865,845,NA,NA,NA,NA
2020-08-07,60.9511,0,1596758400000,356551104258.56,88335988324.11,101345600003.76,65040344017.68,75117826613.9,139229256922.1,"1596758460",4426,24749,846,NA,NA,NA,NA
2020-08-08,61.1393,0,1596844800000,350215991454.09,98814483385.34,117842005037.42,75765111091.42,91389108625.1,136096474576,"1596844860",4534,24774,847,NA,NA,NA,NA
2020-08-09,60.558,0,1596931200000,358447921936.55,73006305175.68,90837419721.87,55424855713.1,70379054834.19,141378872123.2,"1596931260",4557,24786,847,NA,NA,NA,NA
2020-08-10,60.3636,0,1597017600000,357297704990.78,73461663443.91,92594686308.58,56071195219.13,72339585571.25,141619973090.86,"1597017660",4559,24809,847,NA,NA,NA,NA
2020-08-11,60.2664,0,1.597104e+12,364207711950.89,100007273993.58,121270058985.43,73935541167.89,91218120037.16,144712756671.52,"1597104060",4650,25063,849,NA,NA,NA,NA
2020-08-12,60.294,0,1597190400000,348972550558.98,109899478616.04,131723505001.8,82948989306.58,100930929593.64,138563080647.58,"1597190460",4686,25507,854,NA,NA,NA,NA
2020-08-13,59.7278,0,1597276800000,358006269803.14,102139790416.36,122955909209.72,77133282310.23,94330375069.04,144177085946.49,"1597276860",4716,25943,855,NA,NA,NA,NA
2020-08-14,58.9955,0,1597363200000,369417711004.01,121835451295.89,144333104235.25,94282454857.46,112597968871.93,151477709814.47,"1597363260",4730,26088,858,NA,NA,NA,NA
2020-08-15,58.707,0,1597449600000,370156171458.71,103585844876.02,123788860726.36,79525314370.38,96101297777.11,152848736250.33,"1597449660",4739,26317,861,NA,NA,NA,NA
2020-08-16,58.7265,0,1.597536e+12,372982747508.72,103148119966.54,124417454558.14,79971099899.06,97544435274.45,153943010304.14,"1597536060",4739,26349,861,NA,NA,NA,NA
2020-08-17,58.3722,0,1597622400000,376535095494.19,96787351264.63,117714121084.87,76234455435.48,94082938959.55,156743233221.43,"1597622460",4740,26351,861,NA,NA,NA,NA
2020-08-18,59.0938,0,1597708800000,383377492060.84,115281734292.5,138946252467.49,87136382802.79,106569040233.7,156825058985.16,"1597708860",4769,26525,867,NA,NA,NA,NA
2020-08-19,59.0068,0,1597795200000,374964554228.23,108034281294.27,132434887030.94,82129488744.13,102605017924.03,153710003765.41,"1597795260",4773,26704,868,NA,NA,NA,NA
2020-08-20,59.3795,0,1597881600000,365420906813.08,106561349405.99,129159247646.69,82141979347.74,100944575861.05,148435628666.81,"1597881660",4790,26815,870,NA,NA,NA,NA
2020-08-21,58.8368,0,1.597968e+12,372862154031.1,87391080548.79,111040773737.38,67323841083.53,87471241788.94,153481998053.45,"1597968060",4801,26869,873,NA,NA,NA,NA
2020-08-22,59.6121,0,1598054400000,358605318729.22,110529262939.47,137487570146.75,86861470496.28,109500660656.66,144833075998.15,"1598054460",4808,26945,873,NA,NA,NA,NA
2020-08-23,59.1269,0,1598140800000,364684962617.6,87501191224.67,108274593785.29,67446222490.75,85076580852.74,149057874639.58,"1598140860",4815,26957,873,NA,NA,NA,NA
2020-08-24,59.2354,0,1598227200000,363519561203.83,76834148022.63,96209909316.55,58460197539.88,74966781415.59,148187366115.46,"1598227260",4815,26959,873,NA,NA,NA,NA
2020-08-25,58.8479,0,1598313600000,369526870847.28,83769950048.3,102852791311.94,63188106432.51,79375134850.9,152068134158.18,"1598313660",4842,27102,873,NA,NA,NA,NA
2020-08-26,59.2271,0,1.5984e+12,354049798580.44,107729913774.56,128364149326.42,81523102044.76,98731659419.65,144356336304.19,"1598400060",4851,26791,873,NA,NA,NA,NA
2020-08-27,59.0225,0,1598486400000,359336226125.74,93908658506.97,113846639378.54,71556803336.67,88355078179.84,147246860939.53,"1598486460",4861,26921,875,NA,NA,NA,NA
2020-08-28,59.336,0,1598572800000,352749467573.2,97304102328.88,117880326215.1,74158904478.16,91376417878.82,143441934050.08,"1598572860",4870,26991,877,NA,NA,NA,NA
2020-08-29,58.9599,0,1598659200000,361736022917.49,82228462440.75,101228389362.91,62519940845.41,78659322831.56,148456750797.94,"1598659260",4901,27022,878,NA,NA,NA,NA
2020-08-30,58.423,0,1598745600000,363413622317.6,81595839844.7,100038006264.49,64227880752.87,79983280684.77,151096475814.54,"1598745660",4902,27231,878,NA,NA,NA,NA
2020-08-31,57.8802,0,1.598832e+12,373760804695.97,94786673670.49,115517775144.99,75102187197.77,92757683103.4,157427285197.86,"1598832060",4901,27407,878,NA,NA,NA,NA
2020-09-01,57.1796,0,1598918400000,377429479714.17,99201011088.05,120806063618.78,77027706206.89,95380706352.52,161616947457.63,"1598918460",4954,27821,879,NA,NA,NA,NA
2020-09-02,56.5229,0,1599004800000,390803527915.99,130521593353.58,155232475289.2,103307371833.81,124046908563.02,169910008525.07,"1599004860",4983,28020,882,NA,NA,NA,NA
2020-09-03,56.0866,0,1599091200000,375587086048.11,136115249524.18,157397651758.51,108262310057.95,125898202495.93,164932986532.95,"1599091260",5000,28176,883,NA,NA,NA,NA
2020-09-04,56.5458,0,1599177600000,334122390605.8,147097082070.6,171089418438.75,115148648410.46,134830546059.02,145190218485.31,"1599177660",5012,28390,883,NA,NA,NA,NA
2020-09-05,56.7373,0,1.599264e+12,342425218920.61,140210466280.47,164069380237.47,110493205733.55,129847696611.23,148142284588.69,"1599264060",5030,28441,884,NA,NA,NA,NA
2020-09-06,58.4959,0,1599350400000,321664616571.63,192759416897.63,217280873842.43,147679860878.88,167587863456.38,133503860624.11,"1599350460",5046,28471,884,NA,NA,NA,NA
2020-09-07,57.4773,0,1599436800000,330496789159.04,164069975000.42,187411990159.05,127179178019.62,146260558582.16,140536106113.78,"1599436860",5047,28483,884,NA,NA,NA,NA
2020-09-08,57.7817,0,1599523200000,332018032720.92,147053793865.37,165774945445.1,113394530929.47,128946070255.19,140172298653.97,"1599523260",5064,28568,886,NA,NA,NA,NA
2020-09-09,57.8769,0,1599609600000,323532314808.98,138423927251.43,157624770204.5,105109477253.84,121139894132,136281884694.34,"1599609660",5088,28821,886,NA,NA,NA,NA
2020-09-10,57.3134,0,1.599696e+12,330559114017.34,106455405034.51,124234651830.79,82425595147.12,97601158078.63,141104409399.37,"1599696060",5111,28678,887,NA,NA,NA,NA
2020-09-11,56.7896,0,1599782400000,336184918587.58,223147985654.59,242962656867.08,168546637068.31,185366363461.75,145266922279.92,"1599782460",5122,28917,891,NA,NA,NA,NA
2020-09-12,56.6818,0,1599868800000,339832899537.44,193879933387.37,212101334381,148501356714.68,164114332328.9,147209472589.64,"1599868860",5147,29020,891,NA,NA,NA,NA
2020-09-13,56.0781,0,1599955200000,344614053270.44,149284620904.12,167926440026.91,112462267899.45,128527469782.17,151361066506.95,"1599955260",5157,29030,891,NA,NA,NA,NA
2020-09-14,56.6702,0,1600041600000,337006816516.43,183787961806.9,203521947871.74,147165477470.36,164100785144.44,146024502656.06,"1600041660",5157,29055,891,NA,NA,NA,NA
2020-09-15,56.9591,0,1.600128e+12,347071719896.29,142097718959.51,163243772469.36,106581264637.12,124599595547.87,149382703842.99,"1600128060",5179,29231,895,NA,NA,NA,NA
2020-09-16,57.8962,0,1600214400000,344781485880.53,131129967919.97,151116082913.52,98673096583.38,115598576579.82,145165949903.33,"1600214460",5193,29372,896,NA,NA,NA,NA
2020-09-17,58.3034,0,1600300800000,347965535929.32,129292211243.73,148608164427.25,98642000469.1,114737969664.98,145089687345.64,"1600300860",5209,29158,900,NA,NA,NA,NA
2020-09-18,57.6275,0,1600387200000,351598855637.39,141655049893.17,161561719152.29,103539688423.67,120446448430.08,148981168099.35,"1600387260",5220,29344,901,NA,NA,NA,NA
2020-09-19,57.7011,0,1600473600000,350895477289.46,122167455145.26,143925381867.27,95896066023.94,114530850578.22,148424950869.95,"1600473660",5233,29498,903,NA,NA,NA,NA
2020-09-20,57.8943,0,1.60056e+12,354137607350.84,97519909465.98,116657658307.79,74892970427.07,91452000517.85,149112027470.89,"1600560060",5235,29509,903,NA,NA,NA,NA
2020-09-21,58.2788,0,1600646400000,347033217718.37,103447989188.73,121434929621.91,78802689407.45,94239282516.34,144786407985.18,"1600646460",5235,29509,903,NA,NA,NA,NA
2020-09-22,58.9081,0,1600732800000,327731497589.63,130611747588.47,150999470980.72,101762922644.04,119001518903.64,134670980167.6,"1600732860",5253,29657,907,NA,NA,NA,NA
2020-09-23,58.728,0,1600819200000,332027368586.14,97425724479.93,115792475616.37,73898278943.79,89658842716.38,137034212474.12,"1600819260",5263,29713,909,NA,NA,NA,NA
2020-09-24,59.2733,0,1600905600000,318976234710.22,94656609379.6,112655961619.19,71740299093.64,87106130979.18,129908598784.03,"1600905660",5275,29814,909,NA,NA,NA,NA
2020-09-25,58.8523,0,1.600992e+12,337981088523.23,95200968853.5,113752994093.88,72302986532.93,88042875735.85,139071500899.72,"1600992060",5288,29913,911,NA,NA,NA,NA
2020-09-26,58.2777,0,1601078400000,339757512440.31,92105056967.8,108883149310.87,70960770976.3,85042632604.17,141754799365.54,"1601078460",5307,30042,913,NA,NA,NA,NA
2020-09-27,58.1757,0,1601164800000,341673718633.88,79963648755.2,95256270114.18,61921284709.47,75001710973.93,142902631565.82,"1601164860",5309,30048,913,NA,NA,NA,NA
2020-09-28,58.2177,0,1601251200000,344251832740.74,80772167442.99,96485854428.54,62580912810.49,75929097610.26,143836435242.3,"1601251260",5310,30231,913,NA,NA,NA,NA
2020-09-29,58.1388,0,1601337600000,340861714277.42,92780333922.32,109471565083.13,70318139806.69,84354043528.63,142688907743.64,"1601337660",5328,30292,918,NA,NA,NA,NA
2020-09-30,58.1376,0,1.601424e+12,345412564397.67,82963451798.46,99338569615.28,62649386835.67,76517932585.22,144597923582.92,"1601424060",5358,30423,920,NA,NA,NA,NA
2020-10-01,57.9912,0,1601510400000,344524134993.74,80421404805.97,96179782495.9,59830742319.09,73156104243.6,144730420009.98,"1601510460",5376,30553,921,NA,NA,NA,NA
2020-10-02,58.0297,0,1601596800000,338747511469.35,99177391297,116537952468.16,72043408405.56,86619333222.62,142173309031.46,"1601596860",5395,30610,923,NA,NA,NA,NA
2020-10-03,58.427,0,1601683200000,335281202262.36,97363868224.1,114151648177.25,74300885708.42,88403794041.61,139386322120.51,"1601683260",5397,30618,924,NA,NA,NA,NA
2020-10-04,58.3396,0,1601769600000,335000601208.81,66672390834.24,80570463150.94,49595599277.03,61495689774.73,139562657694.08,"1601769660",5401,30630,924,NA,NA,NA,NA
2020-10-05,58.254,0,1.601856e+12,339534475425.58,70393369351.75,84452610112.23,52867957068.21,64855204086.59,141741998469.8,"1601856060",5401,30631,924,NA,NA,NA,NA
2020-10-06,58.4263,0,1601942400000,342175344403.82,75518713892.75,90428622462.65,56165200919.04,68876048709.56,142254850603.24,"1601942460",5425,30667,926,NA,NA,NA,NA
2020-10-07,58.9511,0,1602028800000,333624112364.85,97920955450.48,114123911524.08,75730444001.98,89371672755.47,136948946098.39,"1602028860",5440,30704,927,NA,NA,NA,NA
2020-10-08,58.8731,0,1602115200000,335851867860.45,77407130563.98,92414810274.96,59948182073.16,72699461009.53,138125431752.66,"1602115260",5452,30792,929,NA,NA,NA,NA
2020-10-09,58.9279,0,1602201600000,343540317957.84,91180890837.06,107155993698.59,69133661712.39,82546787236.66,141099184592.5,"1602201660",5466,30904,930,NA,NA,NA,NA
2020-10-10,58.5205,0,1.602288e+12,350453038073.5,93804782714.38,110398274666.07,71374111155.21,85416962827.48,145366006959.75,"1602288060",5479,30924,932,NA,NA,NA,NA
2020-10-11,58.4273,11.7061,1602374400000,357912892945.41,78216024243.13,95968960108,55399283639.5,65306585407.84,148794100597.61,NA,3619,30932,350,7371,1180,"101603",NA
2020-10-12,58.4338,11.7481,1602460800000,360699683538.96,69761310491.04,83654345605.65,50060350872.93,58256902533.06,149928984554.83,"1602460800",3628,31073,351,NA,NA,NA,NA
2020-10-13,58.5069,11.9793,1602547200000,365679314190.56,88132535313.19,112598961031.19,61967784668.62,76103372337.96,151731770599.28,"1602547218",3627,31074,351,NA,NA,NA,NA
2020-10-14,58.4469,11.8995,1602633600000,361984974231.78,78724567414.12,98880766244.99,54483315655.5,66254449514.98,150415886405.62,"1602633618",3637,31174,353,NA,NA,NA,NA
2020-10-15,58.6674,11.8871,1.60272e+12,360732167029.59,75012768221.45,89649400378.81,50913500993.16,59684284271.7,149100089051.99,"1602720018",3649,31251,353,NA,NA,NA,NA
2020-10-16,58.7123,11.7655,1602806400000,362557610974.42,77492818135.99,92731713693.19,53007747047.31,61958252425.38,149691662188.65,"1602806418",3659,31369,354,NA,NA,NA,NA
2020-10-17,59.0335,11.6551,1602892800000,355188138511.74,80860778559.37,99729158460.12,55222350702.65,67066670483.09,145508226885.5,"1602892818",3664,31369,354,NA,NA,NA,NA
2020-10-18,58.9983,11.6956,1602979200000,356531115436.62,59465745079.86,68663735050.07,40405824123.99,46154984578.5,146183844070.67,"1602979218",3664,31376,354,NA,NA,NA,NA
2020-10-19,58.8907,11.8412,1603065600000,361126871930.7,58303186795.66,66927595141.6,40024099874.52,45336330471.99,148456880792.32,"1603065618",3665,31385,354,NA,NA,NA,NA
2020-10-20,59.4954,11.7527,1.603152e+12,365537367571.53,72386128953.68,93934912379.63,48528160760.92,59999847635.85,148059356186.25,"1603152018",3679,31581,356,NA,NA,NA,NA
2020-10-21,60.5288,11.4474,1603238400000,364646583208.62,86354549691.16,115552206870.95,55443680443.64,70756863588.79,143930391574.27,"1603238418",3686,31688,357,NA,NA,NA,NA
2020-10-22,61.3409,11.4546,1603324800000,387217676543.42,120000803705.07,174273299140.85,76613978450,102571889477.21,149695020306.22,"1603324818",3701,31753,357,NA,NA,NA,NA
2020-10-23,60.8464,11.8554,1603411200000,394720890092.92,102075373669.46,140411703363.99,67346666333.32,88732202044.24,154547399605.41,"1603411218",3717,31846,357,NA,NA,NA,NA
2020-10-24,60.9574,11.7918,1603497600000,392938880651.47,87548609575.84,114199583025.09,58534732093.91,74443890650.24,153413589851.28,"1603497618",3724,31605,361,NA,NA,NA,NA
2020-10-25,61.0169,11.7265,1.603584e+12,398069341441.43,73991781846.92,93951393512.92,49473208444.76,61405856336.03,155179727499.52,"1603584018",3725,31612,363,NA,NA,NA,NA
2020-10-26,61.1,11.6356,1603670400000,395020775608.59,72524703299.63,96368494599.59,48095701276.77,61487019471.53,153663139474.36,"1603670418",3725,31612,363,NA,NA,NA,NA
2020-10-27,61.6061,11.3343,1603756800000,393177378815.86,103775249657.4,139206983415.75,74319516895.44,94583588997.78,150956126553.66,"1603756818",3742,31786,366,NA,NA,NA,NA
2020-10-28,62.295,11.2586,1603843200000,405831302119,96816028716.67,135483035355.32,63097524169.6,82514447823.47,153018844509.68,"1603843218",3756,31824,366,NA,NA,NA,NA
2020-10-29,62.3436,11.1573,1603929600000,394477096476.48,103912058771.92,150763313551.43,68027716061.07,91488452587.61,148545708418.77,"1603929618",3762,31610,367,NA,NA,NA,NA
2020-10-30,62.9539,11.0634,1.604016e+12,395724541581.12,141134530005.28,175782969914.89,84666391461.53,102011005437.02,146600417433.35,"1604016018",3773,31749,369,NA,NA,NA,NA
2020-10-31,63.4478,10.9545,1604102400000,395999585957.65,91855661090.6,131926633748.99,61244435042.32,82067131178.25,144746375700.63,"1604102418",3782,31827,368,NA,NA,NA,NA
2020-11-01,63.6621,10.9131,1604188800000,401102887541.66,81043254521.35,116609657553.28,50737285957.59,67462222706.11,145752395195.63,"1604188818",3789,31849,376,NA,NA,NA,NA
2020-11-02,63.2843,11.1549,1604275200000,401824507173.2,65619735261.08,87189080020.15,41196249719.15,52497857977.31,147532649781.75,"1604275218",3787,31851,376,NA,NA,NA,NA
2020-11-03,63.6662,11.0109,1604361600000,394576942039.75,89704150204.98,2842473173052260,58944437492.01,2842424448234625,143364884443.72,"1604361618",3796,31984,376,NA,NA,NA,NA
2020-11-04,64.3727,10.9412,1.604448e+12,401023565313.12,87673913518.24,124926742951.76,57827719272.61,76910401358.34,142873945380.31,"1604448018",3804,32005,376,NA,NA,NA,NA
2020-11-05,64.4165,11.201,1604534400000,406544594779.04,102300481116.44,148561371103.11,67200642465.15,89851062776.49,144662681415.17,"1604534418",3813,32132,378,NA,NA,NA,NA
2020-11-06,65.9389,10.7216,1604620800000,437549654410.55,134072613937.85,240948569598.92,93294198485.97,153070126157.75,149034191843.99,"1604620818",3817,32173,379,NA,NA,NA,NA
2020-11-07,64.4549,11.5138,1604707200000,447416537279.64,140421276284.99,296864617160.9,100966393943.14,192187674954.45,159034720794.49,"1604707218",3827,32310,382,NA,NA,NA,NA
2020-11-08,64.158,11.5196,1604793600000,428851811023.74,143472608351.47,269416882335.18,108424660251.01,197469364085.26,153708992125.22,"1604793618",3827,32369,384,NA,NA,NA,NA
2020-11-09,64.3205,11.5217,1.60488e+12,446246872494.5,98613532020.68,179441009999.26,71972273389.13,128023078316.35,159218642330.34,"1604880018",3828,32370,384,NA,NA,NA,NA
2020-11-10,64.4062,11.4139,1604966400000,441394336668.18,119721463533.4,226805395976.33,85613684008.48,154561263027.67,157108875052.45,"1604966418",3846,32445,384,NA,NA,NA,NA
2020-11-11,64.0134,11.512,1605052800000,442807777253.78,101771831299.12,180472410113.48,76191172557.17,132336748013.93,159351310693.06,"1605052818",3867,32580,384,NA,NA,NA,NA
2020-11-12,64.3935,11.6099,1605139200000,451901023061.24,112069013048.19,200481369619.95,82317992908.73,141986051188.27,160906335800.66,"1605139218",3881,32637,385,NA,NA,NA,NA
2020-11-13,65.3298,11.3137,1605225600000,461951179267.05,115696338971.29,214793600420.75,81521785693.17,141675291162.33,160159230727.73,"1605225618",3888,32875,387,NA,NA,NA,NA
2020-11-14,64.6868,11.512,1.605312e+12,467536036680.91,116123549333.61,195406076135.99,84511142255.48,135634771522.21,165101790249.81,"1605312018",3901,32917,387,NA,NA,NA,NA
2020-11-15,64.6717,11.3335,1605398400000,460717550683.66,101174377302.29,177152314082.3,73685990982.69,124217585559.68,162763574131.52,"1605398418",3901,32934,387,NA,NA,NA,NA
2020-11-16,64.9335,11.1471,1605484800000,455640762342.77,92010423015.05,160138789778.18,68326071067.06,114888436235.48,159777275400.44,"1605484818",3906,32940,387,NA,NA,NA,NA
2020-11-17,65.29,11.0006,1605571200000,474483337309.75,110023303907.6,1427567974657174,135026498801.71,1389600291798092,164693181245.92,"1605571218",3914,33008,387,NA,NA,NA,NA
2020-11-18,65.7098,10.9436,1605657600000,498409255225.89,144227979733.67,266345778332.11,105221552703.36,182020490110.22,170905660792.38,"1605657618",3922,33058,387,NA,NA,NA,NA
2020-11-19,66.1432,10.8972,1.605744e+12,499383676173.62,176165848981.31,344100982719.15,127195871709.47,229145605767.06,169075127129.02,"1605744018",3929,33087,387,NA,NA,NA,NA
2020-11-20,66.1407,10.7156,1605830400000,499329478518.06,136687860550.36,251051867614.82,99713817556.26,173496201888.89,169069313827.85,"1605830418",3786,33133,388,NA,NA,NA,NA
2020-11-21,65.9898,11.0529,1605916800000,523496257846.75,151699824277.1,278494942884.64,114711242879.68,200595760094.5,178042250066.58,"1605916818",3792,33251,389,NA,NA,NA,NA
2020-11-22,63.866,11.5291,1606003200000,541419963033.64,199112219933.01,348999630588.3,159460561759.59,273207757410.75,195636424611,"1606003218",3796,33302,389,NA,NA,NA,NA
2020-11-23,63.7842,11.8789,1606089600000,534708757258.93,210916044039.69,380991434395.5,169648914139.88,298874606545.61,193649216757.33,"1606089618",3798,33311,389,NA,NA,NA,NA
2020-11-24,61.4529,12.4582,1.606176e+12,554170017481.06,223550795321.44,397483905801.2,180822047689.24,314294218389.23,213616707914.34,"1606176018",3814,33356,389,NA,NA,NA,NA
2020-11-25,61.4507,11.8847,1606262400000,576480056951.06,270680997667.14,488041434512.72,219199690355.09,386376118937.45,222228778501.93,"1606262418",3824,33389,389,NA,NA,NA,NA
2020-11-26,62.1665,11.5955,1606348800000,559593841229,226170486858.95,403973774607.04,182398670797.69,314956622893.77,211713844884.24,"1606348818",3840,33455,388,NA,NA,NA,NA
2020-11-27,62.4431,11.5726,1606435200000,508923217353.29,292856851262.43,551936690289.15,231486831930.63,413287881506.75,191135991073.68,"1606435218",3855,33518,388,NA,NA,NA,NA
2020-11-28,62.1696,11.51,1606521600000,510351295856.8,182830808552.67,318633448133.82,143982597016.31,243107276319.4,193068045505.61,"1606521618",3860,33528,388,NA,NA,NA,NA
2020-11-29,61.9218,11.5153,1.606608e+12,530913238735.19,155949319705.93,266418255931.2,123318919115.86,207523436118.3,202162432806.3,"1606608018",3861,33543,388,NA,NA,NA,NA
2020-11-30,61.918,11.9978,1606694400000,544589320351.08,146720222075.07,252235198062.22,115654685121.88,196080435650.86,207390590660.68,"1606694418",3866,33496,388,NA,NA,NA,NA
2020-12-01,62.4505,11.968,1606780800000,584024794487.98,206105822465.9,369537242607.09,158353077344.09,272768503493.87,219298254772.06,"1606780818",3877,33616,390,NA,NA,NA,NA
2020-12-02,62.4886,11.9568,1606867200000,559470038896.67,232949207786.02,423104117205.11,183202839443.84,317806459572.86,209865011574.77,"1606867218",3890,33698,390,NA,NA,NA,NA
2020-12-03,62.3792,11.9061,1606953600000,571382903267.67,168516882687.43,299651000706.85,131176227384.3,227460051909.01,214958820712.29,"1606953618",3896,33853,390,NA,NA,NA,NA
2020-12-04,62.2831,12.1008,1.60704e+12,579480943320.72,142325217110.59,254864357868.86,110366550879.67,192052888146.85,218562426148.26,"1607040018",3902,33883,390,NA,NA,NA,NA
2020-12-05,62.9614,11.739,1607126400000,552420643594.1,149970824460.27,263064310226.01,116133184073.66,199349434354.41,204608639451.33,"1607126418",3907,33911,390,NA,NA,NA,NA
2020-12-06,62.5375,11.9288,1607212800000,568375469439.93,121814229906.07,204214578096.39,94589860281.26,157766329721.02,212927542626.12,"1607212818",3910,33925,390,NA,NA,NA,NA
2020-12-07,62.5654,11.9278,1607299200000,573838755753.35,112360169509.2,195691619734.32,87048971132.68,149784714641.77,214813997589.89,"1607299218",3914,33936,390,NA,NA,NA,NA
2020-12-08,62.6287,11.8351,1607385600000,569021068193.99,112551522266.13,191088496008.78,85657592261.78,143495077069.2,212650716822.46,"1607385618",3927,33991,390,NA,NA,NA,NA
2020-12-09,62.8883,11.6633,1.607472e+12,540994202129.59,132721445431.25,231475121157,101040464724.07,171180758825.71,200772145970.55,"1607472018",3956,34057,390,NA,NA,NA,NA
2020-12-10,62.5568,11.8454,1607558400000,550913634569.53,152377667948.67,273649374852.35,117920320260.1,205195916618.4,206279752514.91,"1607558418",3975,34108,390,NA,NA,NA,NA
2020-12-11,62.7518,11.7903,1607644800000,540615658936.79,111884632446.85,199375712707.73,86328670831.24,150259217560.64,201369350699.21,"1607644818",3986,34149,390,NA,NA,NA,NA
2020-12-12,63.0548,11.6742,1607731200000,532039480570.26,121520380485.05,227452183199.59,93582011370.94,168340572404.55,196563308292.99,"1607731218",3990,34181,391,NA,NA,NA,NA
2020-12-13,63.4622,11.7595,1607817600000,550108027522.3,98004221310.83,178519385977.25,76239997158.66,135740366677,200997641755.95,"1607817618",4000,34195,395,NA,NA,NA,NA
2020-12-14,63.2269,11.9379,1.607904e+12,562303659635.7,105342810142.5,192799556422.15,79890363592.6,142820697366.42,206776612568.34,"1607904018",4002,34200,395,NA,NA,NA,NA
2020-12-15,63.4374,11.8339,1607990400000,563583183356.43,93387368442.65,171048543743.15,70925912377.02,128272579977.12,206060920720.54,"1607990418",4025,34227,395,NA,NA,NA,NA
2020-12-16,63.6627,11.8435,1608076800000,566555638559.17,110755182869.07,201494987936.44,84003640042.56,147601391702.84,205871216261.39,"1608076818",4043,34285,395,NA,NA,NA,NA
2020-12-17,64.1733,11.738,1608163200000,617233878970.85,176533957327.63,325740915559.78,132151327393.36,234092044825.86,221134561971.86,"1608163218",4063,34168,394,NA,NA,NA,NA
2020-12-18,65.5085,11.3321,1608249600000,646662647680.5,279395483914.52,544387019740.04,208017878529.69,383567315403.46,223043914122.35,"1608249618",4075,34208,394,NA,NA,NA,NA
2020-12-19,65.4007,11.3534,1.608336e+12,656811291446.32,180713082444.32,329098825562.78,140377628402.34,249280857490.42,227252066900.64,"1608336018",4079,34276,395,NA,NA,NA,NA
2020-12-20,65.8869,11.1624,1608422400000,672830201076.79,161049166154.15,306205162020.36,122546422473.18,224362751108.02,229523204670.05,"1608422418",4081,34277,395,NA,NA,NA,NA
2020-12-21,65.9392,10.9955,1608508800000,662256546234.09,166298209339.6,312255364388.16,128473716182.51,233886362492.41,225569865539.76,"1608508818",4083,34312,395,NA,NA,NA,NA
2020-12-22,66.3766,10.8735,1608595200000,639482098768.53,188291126666.59,376330899696.47,142468339959.57,266700123070,215015526690.75,"1608595218",4085,34371,395,NA,NA,NA,NA
2020-12-23,67.033,10.9742,1608681600000,659168264910.21,192251530225.7,361897367527.08,148117625287.39,271538750844.06,217308037770.86,"1608681618",4095,34324,395,NA,NA,NA,NA
2020-12-24,69.2394,10.6814,1.608768e+12,624113054376.15,225585965492.39,439362153168.76,174452743896.08,330514942670.75,191980825705.41,"1608768018",4113,34338,395,NA,NA,NA,NA
2020-12-25,68.1597,10.774,1608854400000,647402293656.33,188251119545.3,350126517309.87,147138358307.43,269552615870.7,206134933342.09,"1608854418",4121,34352,395,NA,NA,NA,NA
2020-12-26,68.6839,10.7037,1608940800000,667349490727.7,185977723498.09,348140009179.59,143872925272.85,262893877036.74,208987666400.14,"1608940818",4126,34199,395,NA,NA,NA,NA
2020-12-27,70.0526,10.3386,1609027200000,701188197535.36,188852985196,357337501695.7,140557568802.85,257930033427.35,209987784090.67,"1609027218",4125,33972,394,NA,NA,NA,NA
2020-12-28,69.4167,11.0673,1609113600000,704185686414.61,261857126362.03,498347685858.16,195266767788.78,355573693485.94,215363125226.83,"1609113618",4126,33982,394,NA,NA,NA,NA
2020-12-29,69.1401,11.4448,1.6092e+12,728179385072.71,205319228594.65,380937932282.88,156212947748.92,285586693440.08,224715736728.77,"1609200018",4134,34039,394,NA,NA,NA,NA
2020-12-30,69.4398,11.3996,1609286400000,732422027293.74,199301806904.62,388556249880.75,154113954960.77,300170332794.24,223829470435.44,"1609286418",4139,34280,395,NA,NA,NA,NA
2020-12-31,70.425,11.2736,1609372800000,760731060139.62,191906601060.48,366564588689.12,140614606652.67,258634837588.28,224985945906.25,"1609372818",4149,34332,395,NA,NA,NA,NA
2021-01-01,70.4528,11.0002,1609459200000,765312965839.57,167124239672.76,326656858238.75,120364754194.39,226660419502.4,226128333016.9,"1609459218",4152,34381,389,NA,NA,NA,NA
2021-01-02,70.6696,10.7852,1609545600000,772481366071.7,161674914466.97,302748575098.78,120949191585.31,222409851419.92,226571863481.16,"1609545618",4154,34374,384,NA,NA,NA,NA
2021-01-03,71.798,10.635,1.609632e+12,831050843622.62,232555411727.42,455066531204.47,164840617099.97,304365500801.85,234373153964.24,"1609632018",4162,34296,371,NA,NA,NA,NA
2021-01-04,69.5703,12.7394,1609718400000,876589922892.12,320443594023.47,595815681565.39,241476657509.47,434886894254.45,266743909000.28,"1609718418",4162,34247,370,NA,NA,NA,NA
2021-01-05,68.3439,13.649,1609804800000,869548486452.6,174321177974.47,382336199990.08,93137867853.53,189931489764.07,275265367503.25,"1609804818",4168,34270,370,NA,NA,NA,NA
2021-01-06,68.7089,13.6515,1609891200000,920624311572.56,141977339323.72,307374478276.61,74347818278.41,143388126980.43,288073219694.45,"1609891218",4185,34290,370,NA,NA,NA,NA
2021-01-07,68.5012,13.7656,1609977600000,1000232390769.68,164039168270.47,342547018247.25,88820306474.56,162602378054.04,315061491732.38,"1609977618",4192,34159,369,NA,NA,NA,NA
2021-01-08,69.6016,13.2963,1.610064e+12,1052206214274.87,180029012156.19,389069177265.59,95355878084.03,179234088065.06,319853731563.5,"1610064018",4120,34014,366,NA,NA,NA,NA
2021-01-09,70.3697,12.9469,1610150400000,1078151392864.04,177851128738.93,385932786489.92,90555211397.29,168574148174.59,319459652900.33,"1610150418",4036,34004,364,NA,NA,NA,NA
2021-01-10,68.8379,13.4529,1610236800000,1088240613852.74,143317089479.62,284750361359.43,81336513807.15,145809876266.6,339118604537.97,"1610236818",4041,34028,364,NA,NA,NA,NA
2021-01-11,68.1367,13.7675,1610323200000,1047705851913.44,184458707534.94,374813136805.35,104369884199.12,188563016254.4,333833273193.98,"1610323218",4040,34030,364,NA,NA,NA,NA
2021-01-12,69.1322,13.0059,1610409600000,957506510510.2,244799025184.36,505727149422.92,121415911174.4,201572991152.43,295561598183.2,"1610409618",4053,34086,364,NA,NA,NA,NA
2021-01-13,68.5632,12.9539,1.610496e+12,919926156837.37,155615242438.11,303760849300.71,80807921487.46,135364008726.53,289195266120.32,"1610496018",4067,33902,362,NA,NA,NA,NA
2021-01-14,68.905,12.8109,1610582400000,1007426555868.52,132229001782.59,254184205286.29,62881814906.34,103318724239.95,313259647528.54,"1610582418",4076,33959,360,NA,NA,NA,NA
2021-01-15,68.831,13.1571,1610668800000,1059027014104.1,132492785124.05,258161592478.77,68920287324.02,123030489298.23,330088582765.22,"1610668818",4079,34059,361,NA,NA,NA,NA
2021-01-16,68.0186,13.2956,1610755200000,1005282606669.72,149530603908.59,289557105620.18,81823520491.17,137821079645.3,321503282617.04,"1610755218",4086,34133,361,NA,NA,NA,NA
2021-01-17,66.53,13.9412,1610841600000,1012362471103.07,135680686064.59,263252717657.29,77964874037.22,141341938805.56,338837823945.78,"1610841618",4089,34143,361,NA,NA,NA,NA
2021-01-18,66.1606,13.9799,1.610928e+12,1007051878926.17,121675774736.41,221771090634.51,69267399902.92,113046866046.35,340780301985.17,"1610928018",4086,34092,360,NA,NA,NA,NA
2021-01-19,66.2562,13.9593,1611014400000,1030379574330.94,110191430518.12,216445003016.62,60602447207.82,112455575492.38,347688788785.38,"1611014418",4077,34194,361,NA,NA,NA,NA
2021-01-20,65.1071,15.2803,1611100800000,1032869171007.11,142055504111.51,268859621486.09,84696321432.5,154815955828.02,360397879486.37,"1611100818",4086,34256,360,NA,NA,NA,NA
2021-01-21,64.5811,15.4345,1611187200000,1025653410835.52,152550937127.47,287258349334.53,85689517696.61,152884689353.91,363275202814.53,"1611187218",4085,32425,358,NA,NA,NA,NA
2021-01-22,64.8111,14.4944,1611273600000,885703222647.15,161255657777.05,324387086082.37,85476382842.2,152769982314.4,311669077392.3,"1611273618",4083,32661,360,NA,NA,NA,NA
2021-01-23,64.5717,14.8801,1.61136e+12,949923044916.44,158724977471.27,304898697966.09,81545729587.62,146103499688.37,336541557105.93,"1611360018",4086,32025,359,NA,NA,NA,NA
2021-01-24,63.706,15.0298,1611446400000,936376288463.76,107038040266.94,212247246129.02,58679540907.73,111660811454.74,339848340613.81,"1611446418",4087,32043,359,NA,NA,NA,NA
2021-01-25,62.3748,16.5296,1611532800000,963889593144.28,113214077395.04,214573688917.47,64576772968.86,118893753126.04,362665478312.33,"1611532818",4086,31965,359,NA,NA,NA,NA
2021-01-26,63.1847,15.8903,1611619200000,952725120616.35,134284000028.15,248228332585.2,74388701820.86,128489486440.68,350748487003.21,"1611619218",4098,32086,358,NA,NA,NA,NA
2021-01-27,62.9842,16.1089,1611705600000,962965946229.64,132777082522.17,238908842062.07,72527710506.7,119013615548.87,356449658202.88,"1611705618",4102,32158,359,NA,NA,NA,NA
2021-01-28,62.8927,15.9226,1.611792e+12,899608105524.53,136309454820.55,275964709486.13,73831820529.08,125132138467.2,333819901148.46,"1611792018",3975,32277,360,NA,NA,NA,NA
2021-01-29,63.3916,15.5296,1611878400000,981399142368.02,142638847963.5,266118819897.03,66354523110.34,115597952604.24,359274789364.93,"1611878418",3982,32394,358,NA,NA,NA,NA
2021-01-30,63.2399,15.7046,1611964800000,1008115569246.02,237763757633.95,440632000685.4,119704150098.72,176825797633.57,370583882101.83,"1611964818",3980,32561,356,NA,NA,NA,NA
2021-01-31,62.6685,15.4778,1612051200000,1018463731294.19,153684257076.48,281089037230.24,88620668738.57,143938263557.14,380207622033.53,"1612051218",3981,32569,357,NA,NA,NA,NA
2021-02-01,62.2892,15.2092,1612137600000,990275887106.73,134883270003.64,248050860946.02,82202014398.77,134507348896.25,373441374708.94,"1612137618",3982,32592,357,NA,NA,NA,NA
2021-02-02,61.994,15.5938,1.612224e+12,1006449250810.23,158462046846.98,292734168043.81,97055820847.42,160501323535.45,382510675865.07,"1612224018",3987,32984,357,NA,NA,NA,NA
2021-02-03,62.045,16.2774,1612310400000,1065615072249.44,151102833655.03,261589501521.96,87973683268.25,145627540762.74,404453728533.2,"1612310418",3999,33029,356,NA,NA,NA,NA
2021-02-04,61.57,16.7886,1612396800000,1132177735792.22,144177129930.67,255422936582.26,83014472540.57,140444280951.1,435095867448.11,"1612396818",4005,33031,356,NA,NA,NA,NA
2021-02-05,61.3403,16.2912,1612483200000,1121071194215.43,171880746244.4,308135560223.34,103022864677.47,175372346292.8,433402556056.55,"1612483218",4019,33348,362,NA,NA,NA,NA
2021-02-06,60.2552,16.7342,1612569600000,1176650523167.46,156414407919.21,272970069957.25,97908897260.57,166997430852.37,467657100810.2,"1612569618",4025,33361,363,NA,NA,NA,NA
2021-02-07,61.1832,16.0859,1.612656e+12,1194592738676.8,164318443394.79,296487238305.75,92963409233.42,156748767114.32,463702634501.52,"1612656018",4026,33370,363,NA,NA,NA,NA
2021-02-08,61.1644,15.603,1612742400000,1184569745811.79,171306699712.46,310662395165.26,105792008440.68,178051010311.48,460034487940.96,"1612742418",4027,33401,364,NA,NA,NA,NA
2021-02-09,63.3904,14.7526,1612828800000,1356473377047.12,211946253650.01,388179387253.6,110802234251.86,177193699660.55,496599072434.26,"1612828818",4034,33499,365,NA,NA,NA,NA
2021-02-10,62.5384,14.636,1612915200000,1384154619947.43,208763683230.2,393052835252.7,116852910124.63,202818616050.39,518525775114.27,"1612915218",4040,33571,365,NA,NA,NA,NA
2021-02-11,61.0014,14.5752,1613001600000,1370856155170.38,226885051713.53,439749555531.45,139607727700.61,268431812340.4,534614894535.51,"1613001618",4043,33664,365,NA,NA,NA,NA
2021-02-12,61.6307,14.1325,1.613088e+12,1445387833199.8,196533919942.38,377844357750.47,115120166561.24,212654767067.57,554584817406.62,"1613088018",4048,33706,365,NA,NA,NA,NA
2021-02-13,60.1672,14.3662,1613174400000,1471565274739.58,199354538960.94,384047429677.65,122892698038.44,232942084825.94,586165706497.43,"1613174418",4054,33741,365,NA,NA,NA,NA
2021-02-14,59.5947,14.1296,1613260800000,1472225150017.07,207685526841.64,398738271554.78,137486618774.05,265371623497.86,594856368563.62,"1613260818",4065,33723,365,NA,NA,NA,NA
2021-02-15,60.9341,13.9017,1613347200000,1489533291681,189560253079.69,379627158384.79,118295686923.93,237680914801.2,581898850467.23,"1613347218",4085,33759,365,NA,NA,NA,NA
2021-02-16,61.0149,13.924,1613433600000,1464258536313.8,216272304969.28,445552255614.01,139263809598.88,293237423395.4,570843276570.19,"1613433618",4080,33835,365,NA,NA,NA,NA
2021-02-17,61.5149,13.7089,1.61352e+12,1490946011412.48,188285633185.66,389850029444.31,111316233592.07,224221986185.82,573792154718.48,"1613520018",4086,33854,365,NA,NA,NA,NA
2021-02-18,61.8264,13.4713,1613606400000,1571730150472.86,191801867278.34,361055609789.34,111051147235.46,197560841504.3,599986152891.15,"1613606418",4102,33911,365,NA,NA,NA,NA
2021-02-19,60.654,14.0058,1613692800000,1587960801799.29,138297572149.71,281268020764.76,86275969012.89,176486908473.9,624799222289.43,"1613692818",4111,34114,366,NA,NA,NA,NA
2021-02-20,60.9757,13.1823,1613779200000,1706551988686.55,166915431853.1,364860097406.72,103531990434.29,237330896460.01,665970624072.24,"1613779218",4114,34214,366,NA,NA,NA,NA
2021-02-21,61.5163,12.9659,1613865600000,1699848120501.44,192679832452.38,482283847695.44,124521074482.3,340225990081.16,654164884407.69,"1613865618",4124,34283,367,NA,NA,NA,NA
2021-02-22,61.4551,12.7395,1.613952e+12,1744111720940.62,145089923751.24,411734504639.72,93197529528.94,299945110975.1,672265773868.39,"1613952018",4125,34306,367,NA,NA,NA,NA
2021-02-23,61.3438,12.4133,1614038400000,1647603133821.13,232632635406.34,560523492782.36,140679715135.26,338446063685.12,636900254057.51,"1614038418",4136,34363,367,NA,NA,NA,NA
2021-02-24,61.8556,12.2295,1614124800000,1467056625531.13,261706706377.61,681350953910.09,155714954109.52,396681962867.23,559599886400.05,"1614124818",4162,34535,368,NA,NA,NA,NA
2021-02-25,61.2704,12.3395,1614211200000,1510602884475.79,171777263157.76,437475228350,108067972048.02,286609095750.93,585050237585.6,"1614211218",4190,34670,371,NA,NA,NA,NA
2021-02-26,61.6063,11.8802,1614297600000,1430592091566.2,142819282110.83,372776043434.38,88328074738.25,234380204762.77,549257074017.22,"1614297618",4199,34758,371,NA,NA,NA,NA
2021-02-27,61.2638,11.7733,1.614384e+12,1408473597631.53,455253020446.06,1732931063873.85,102167250832.29,1275656222147.5,545589568857.08,"1614384018",4207,34916,372,NA,NA,NA,NA
2021-02-28,60.6459,11.8177,1614470400000,1421511102160.5,128030108281.81,311381065550.75,82076121250.52,202831031548.31,559423594029.18,"1614470418",4210,34938,372,NA,NA,NA,NA
2021-03-01,60.9004,11.7711,1614556800000,1380689031695.14,140673015102.24,353051200498.5,87264517764.69,218693860378.51,539844527303.61,"1614556818",4211,34945,372,NA,NA,NA,NA
2021-03-02,61.0605,11.8634,1614643200000,1515177964309.47,129331510686.43,313449596818.51,75336449591.68,184322432712.4,590002747122.47,"1614643218",4221,35033,371,NA,NA,NA,NA
2021-03-03,60.9434,11.5844,1614729600000,1479787789839.6,124739563455.68,291238757815.72,77196525317.27,177025913341.02,577954203077.2,"1614729618",4214,35034,371,NA,NA,NA,NA
2021-03-04,61.0884,11.7428,1.614816e+12,1543748682020.24,129121018461.24,301990318581.19,75860498818.87,170929113313.02,600697752802.69,"1614816018",4228,35122,371,NA,NA,NA,NA
2021-03-05,60.6724,11.8701,1614902400000,1492279202668.93,137051382398.95,343838918888.99,84718042995.55,203527502859.57,586877589675.58,"1614902418",4252,35174,371,NA,NA,NA,NA
2021-03-06,60.7347,11.7271,1614988800000,1502552865324.52,118697130190.25,292368756988.85,70116806698.63,164763458829.83,589981800439.65,"1614988818",4257,35374,372,NA,NA,"185227",NA
2021-03-07,60.0835,12.5427,1615075200000,1518551847557.71,93176734777.41,236006926321.91,58801777324.29,150007397193.04,606152815701.3,"1615075217",4261,35395,372,NA,NA,NA,NA
2021-03-08,60.3591,12.5226,1615161600000,1585196572691.68,103042841496.9,245534767996.91,59918726999.35,144649666952.85,628386529773.87,"1615161617",4265,35416,372,NA,NA,NA,NA
2021-03-09,60.0369,12.9956,1.615248e+12,1623367549044.83,123853327399.99,287020162267.46,75230143760.86,165062625811.01,648748592643.35,"1615248017",4279,35481,372,NA,NA,NA,NA
2021-03-10,59.9459,12.5932,1615334400000,1704294520581.81,133751159450.26,299845219048.48,82863002091.94,176275302571.17,682639581550.77,"1615334417",4309,35714,373,NA,NA,NA,NA
2021-03-11,61.1765,12.1233,1615420800000,1708422615326.76,134140394089.13,364979925674.64,76817237659.41,205670785675.96,663268736463.66,"1615420817",4329,35919,373,NA,NA,NA,NA
2021-03-12,61.5417,11.9855,1615507200000,1751033647877.46,131978421610.65,403529894252.44,75179859904.34,246425339411.36,673418610930.81,"1615507217",4338,36186,373,NA,NA,NA,NA
2021-03-13,61.8837,11.7874,1615593600000,1728235544521.7,139845647304.46,406877009914.87,84160076259.45,256787994510.83,658739347316.53,"1615593617",4337,36346,373,NA,NA,NA,NA
2021-03-14,62.059,12.0273,1.61568e+12,1841094129185.99,148672539842.08,383274460622.16,88153378226.81,226237450598.44,698529119878.71,"1615680017",4337,36372,373,NA,NA,NA,NA
2021-03-15,61.9431,11.9615,1615766400000,1789792456499.14,117865928232.09,312850333659.72,73965505441.27,196221476357.49,681139401174.69,"1615766417",4336,36377,373,NA,NA,NA,NA
2021-03-16,61.0555,12.0653,1615852800000,1707276189268.97,153414047450.51,430661803326.02,86968239304.26,236812677106.13,664889700189.37,"1615852817",4344,36427,373,NA,NA,NA,NA
2021-03-17,60.7882,11.928,1615939200000,1738831316438.59,143465062404.9,367005590443.91,84300607506.94,212667237040,681826836285.12,"1615939217",4381,36551,374,NA,NA,NA,NA
2021-03-18,60.9259,11.6385,1616025600000,1801671789498.99,140430860674.19,140430860674.19,80218981609.28,80218981609.28,703986333580.11,"1616025617",4399,36644,376,NA,NA,NA,NA
2021-03-19,60.9504,11.5851,1.616112e+12,1771215330271.86,129645807572.16,129645807572.16,73887449025.42,73887449025.42,691652928985.98,"1616112017",4422,36741,376,NA,NA,NA,NA
2021-03-20,60.4699,11.6196,1616198400000,1800100265836.79,117543420876.99,117543420876.99,68493382221.64,68493382221.64,711582044127.47,"1616198417",4442,36554,369,NA,NA,NA,NA
2021-03-21,60.5572,11.6167,1616284800000,1797970179884.56,120482799718.51,120482799718.51,70157833378.33,70157833378.33,709170353179.2,"1616284817",4443,36575,369,NA,NA,NA,NA
2021-03-22,60.2432,11.5562,1616371200000,1781647327529.74,113914702301.46,113914702301.46,61911015986.13,61911015986.13,708326140033.27,"1616371217",4452,36590,369,NA,NA,NA,NA
2021-03-23,59.8264,11.4484,1616457600000,1701640874999.6,127708449642.38,127708449642.38,71195944945.74,71195944945.74,683610921460.12,"1616457617",4459,36706,369,NA,NA,NA,NA
2021-03-24,59.8703,11.3303,1.616544e+12,1707727162944.86,129923304356.64,129923304356.64,73437483900.66,73437483900.66,685305023211.81,"1616544017",4472,36792,370,NA,NA,NA,NA
2021-03-25,60.274,11.2315,1616630400000,1634570685516.3,146466168744.48,146466168744.48,76009836687.04,76009836687.04,649349037776.57,"1616630417",4462,36975,367,NA,NA,NA,NA
2021-03-26,59.4432,11.3191,1616716800000,1623529674149.42,142683958716.3,142683958716.3,74540610001.51,74540610001.51,658451526347.18,"1616716817",4481,37137,367,NA,NA,NA,NA
2021-03-27,59.3271,11.3102,1616803200000,1734484004138.44,122050569883.64,122050569883.64,65415716943.13,65415716943.13,705465097108.54,"1616803217",4487,37102,367,NA,NA,NA,NA
2021-03-28,59.5427,11.2707,1616889600000,1755880628770.7,109051738578.35,109051738578.35,61774250571.99,61774250571.99,710381524219.84,"1616889617",4491,37032,366,NA,NA,NA,NA
2021-03-29,59.424,11.0899,1.616976e+12,1758110718730.48,104824838770.7,104824838770.7,56989767361.91,56989767361.91,713370235535.78,"1616976017",4491,37031,366,NA,NA,NA,NA
2021-03-30,59.0507,11.4907,1617062400000,1825801906631.66,127188399468.76,127188399468.76,69560108169.61,69560108169.61,747652331787.5,"1617062417",4504,36991,364,NA,NA,NA,NA
2021-03-31,59.0175,11.4185,1617148800000,1863981199793.12,125685877328.63,125685877328.63,71535778711.7,71535778711.7,763906284092.84,"1617148817",4510,37071,364,NA,NA,NA,NA
2021-04-01,58.5257,11.7638,1617235200000,1879792110128.97,163117996908.1,163117996908.1,97622031069.47,97622031069.47,779629770782.01,"1617235217",4536,37256,365,NA,NA,NA,NA
2021-04-02,57.9703,11.9775,1617321600000,1903824109713.87,163676633225.68,163676633225.68,102004892530.95,102004892530.95,800172439173.37,"1617321617",4574,37454,365,NA,NA,NA,NA
2021-04-03,56.9111,12.6812,1.617408e+12,1948275550271.01,161115894959.99,161115894959.99,102397633301.75,102397633301.75,839490392980.03,"1617408017",4585,37586,364,NA,NA,NA,NA
2021-04-04,57.159,12.4308,1617494400000,1882423093695.86,162198933895.23,162198933895.23,102574240420.71,102574240420.71,806448609370.22,"1617494417",4588,37633,364,NA,NA,NA,NA
2021-04-05,56.2923,12.3867,1617580800000,1949002578558.65,145257022241.68,145257022241.68,94499503332.76,94499503332.76,851864982157.45,"1617580817",4589,37644,364,NA,NA,NA,NA
2021-04-06,55.7368,12.2894,1617667200000,1976828143329.49,192034307844.73,192034307844.73,131338661093.48,131338661093.48,875008169959.13,"1617667217",4597,37707,363,NA,NA,NA,NA
2021-04-07,54.8009,12.3223,1617753600000,1984148829242.77,211536479485.84,211536479485.84,145459129207.01,145459129207.01,896817919633.74,"1617753617",4615,37841,363,NA,NA,NA,NA
2021-04-08,55.7265,12.0986,1.61784e+12,1881979289294,219869853167.62,219869853167.62,144234198179.44,144234198179.44,833218502837.05,"1617840017",4634,37994,362,NA,NA,NA,NA
2021-04-09,55.0741,12.1876,1617926400000,1977830891895.14,142953119956.45,142953119956.45,89887605201.53,89887605201.53,888557355256.71,"1617926417",4654,38112,362,NA,NA,NA,NA
2021-04-10,54.9262,12.0731,1618012800000,1980748568310.93,122484326765.29,122484326765.29,75783098975.66,75783098975.66,892799589361.33,"1618012817",4664,38182,364,NA,NA,NA,NA
2021-04-11,54.6103,12.0566,1618099200000,2045405684064.1,158640312340.03,158640312340.03,100411738091.33,100411738091.33,928402643100.69,"1618099217",4667,37955,364,NA,NA,NA,NA
2021-04-12,54.2631,12.0153,1618185600000,2072661874926.67,142581800513.52,142581800513.52,96306073597.32,96306073597.32,947970304178.41,"1618185617",4668,37970,364,NA,NA,NA,NA
2021-04-13,53.794,11.878,1.618272e+12,2080396210743.75,151460437918.49,151460437918.49,99617520842.04,99617520842.04,961268880041.06,"1618272017",4670,38045,365,NA,NA,NA,NA
2021-04-14,54.0325,12.0946,1618358400000,2197811709903.58,193839805893.63,193839805893.63,123891952924.23,123891952924.23,1010278963201.48,"1618358417",4681,38151,365,NA,NA,NA,NA
2021-04-15,53.0721,12.6606,1618444800000,2217887624034.03,235242383393.08,235242383393.08,157739356266.17,157739356266.17,1040808286625.87,"1618444817",4697,38257,366,NA,NA,NA,NA
2021-04-16,52.3264,12.8665,1618531200000,2259233680547.6,188963558142.96,188963558142.96,128010728899.11,128010728899.11,1077057819043.82,"1618531217",4715,38436,367,NA,NA,NA,NA
2021-04-17,51.451,12.5584,1618617600000,2237628557667.6,308040023462.59,308040023462.59,223714142041.61,223714142041.61,1086345496773.94,"1618617617",4726,38527,367,NA,NA,NA,NA
2021-04-18,51.6228,12.3422,1.618704e+12,2198602921303.39,239650692830.02,239650692830.02,173497386771.82,173497386771.82,1063622685018.81,"1618704017",4726,38527,367,NA,NA,NA,NA
2021-04-19,51.2376,12.6002,1618790400000,2049504342804.95,300690499650.8,300690499650.8,203258354113.22,203258354113.22,999386938060.65,"1618790417",4739,38545,367,NA,NA,NA,NA
2021-04-20,51.699,12.4189,1618876800000,2013020032223.88,225776133997.89,225776133997.89,160477435558.59,160477435558.59,972309058059.15,"1618876817",4755,38626,367,NA,NA,NA,NA
2021-04-21,50.9968,13.0104,1618963200000,2068523587315.62,229497301644.32,229497301644.32,161640669353.92,161640669353.92,1013642032031.51,"1618963217",4789,38867,367,NA,NA,NA,NA
2021-04-22,50.4943,13.6825,1619049600000,1994278314257.17,179642303211.82,179642303211.82,124787353821.54,124787353821.54,987281040081.17,"1619049617",4801,38994,369,NA,NA,NA,NA
2021-04-23,50.4688,14.4998,1.619136e+12,1916829750697.46,226959790955.32,226959790955.32,152170176451.54,152170176451.54,949427920591.97,"1619136017",4814,39043,369,NA,NA,NA,NA
2021-04-24,50.3437,14.4176,1619222400000,1896561955270.02,267844058775.64,267844058775.64,181189394680.25,181189394680.25,941761966380.98,"1619222417",4823,39202,369,NA,NA,NA,NA
2021-04-25,51.2053,13.997,1619308800000,1826281250070.77,143290977318.89,143290977318.89,94294769791.63,94294769791.63,891128444702.94,"1619308817",4824,38971,368,NA,NA,NA,NA
2021-04-26,50.2333,14.6664,1619395200000,1824757624647.65,127311587950.35,127311587950.35,81103991967.81,81103991967.81,908121730748.97,"1619395217",4833,39029,368,NA,NA,NA,NA
2021-04-27,50.0009,14.5083,1619481600000,2019390396279.5,160865425588.5,160865425588.5,102608178998.44,102608178998.44,1009677507850.95,"1619481617",4850,39101,368,NA,NA,NA,NA
2021-04-28,49.2961,14.7411,1.619568e+12,2085563671994.19,145098174112.29,145098174112.29,95627822094.26,95627822094.26,1057462798113.64,"1619568017",4867,39268,371,NA,NA,NA,NA
2021-04-29,48.9268,15.1653,1619654400000,2094349280175.74,151727679331.87,151727679331.87,103726262628.99,103726262628.99,1069652225640.27,"1619654417",4880,39275,371,NA,NA,NA,NA
2021-04-30,48.2182,15.3568,1619740800000,2076747433317,136793042461.92,136793042461.92,90710634070.17,90710634070.17,1075376340909.8,"1619740817",4896,39367,372,NA,NA,NA,NA
2021-05-01,49.0324,14.5665,1619827200000,2202189769327.3,144779478387.96,144779478387.96,92385336120.7,92385336120.7,1122403734280.11,"1619827217",4908,39484,372,NA,NA,NA,NA
2021-05-02,48.1702,15.186,1619913600000,2244084268334.95,133721460219.21,133721460219.21,90891288908.48,90891288908.48,1163105473403.63,"1619913617",4915,39540,372,NA,NA,NA,NA
2021-05-03,47.8168,15.4294,1.62e+12,2213766969074.5,125314942137.82,125314942137.82,87178060725.71,87178060725.71,1155214307471.9,"1620000017",4920,39559,372,NA,NA,NA,NA
2021-05-04,46.258,17.1583,1620086400000,2312368990373.25,167204217435.2,167204217435.2,115485419247.11,115485419247.11,1242712864799.23,"1620086417",4942,39540,371,NA,NA,NA,NA
2021-05-05,45.7342,17.2141,1620172800000,2177702251591.46,252866697686.89,252866697686.89,184365008029.58,184365008029.58,1181748054488.58,"1620172817",4963,39597,370,NA,NA,NA,NA
2021-05-06,44.9585,17.075,1620259200000,2386883839277,265435714688.67,265435714688.67,196243019618.29,196243019618.29,1313776821144.73,"1620259217",4986,39670,372,NA,NA,NA,NA
2021-05-07,44.4769,17.0354,1620345600000,2371260683957.56,284705205267.1,284705205267.1,215132691591.88,215132691591.88,1316596988004.26,"1620345617",4999,39726,371,NA,NA,NA,NA
2021-05-08,45.0737,16.9544,1.620432e+12,2379475419702.69,267518828381.27,267518828381.27,199077441382.09,199077441382.09,1306957188666.04,"1620432017",5015,39774,375,NA,NA,NA,NA
2021-05-09,44.6338,18.3501,1620518400000,2463506402007.01,218839699630.8,218839699630.8,153459550541.5,153459550541.5,1363949981549.02,"1620518417",5019,39815,376,NA,NA,NA,NA
2021-05-10,44.3289,18.5082,1620604800000,2456518166904.53,243951910748.73,243951910748.73,178069903888.15,178069903888.15,1367571907713.19,"1620604817",5025,39847,376,NA,NA,NA,NA
2021-05-11,44.3493,19.4209,1620691200000,2354289970693,269499409229.87,269499409229.87,197745607030.55,197745607030.55,1310178713262.24,"1620691217",5047,40095,377,NA,NA,NA,NA
2021-05-12,42.3958,19.308,1620777600000,2502801521503.85,237260535325.89,237260535325.89,175940806241.94,175940806241.94,1441719655950.38,"1620777617",5076,40173,377,NA,NA,NA,NA
2021-05-13,42.1965,20.1111,1.620864e+12,2210077001195.96,252883647394.69,252883647394.69,177593879184.91,177593879184.91,1277502525685.71,"1620864017",5104,40291,377,NA,NA,NA,NA
2021-05-14,41.5677,19.2811,1620950400000,2237244955780.75,320296984198.08,320296984198.08,223368229109.18,223368229109.18,1307272628218.34,"1620950417",5119,40346,377,NA,NA,NA,NA
2021-05-15,39.9721,20.2345,1621036800000,2335084960875.95,210942290777.58,210942290777.58,155169118411.02,155169118411.02,1401702078589.02,"1621036817",5139,40391,377,NA,NA,NA,NA
2021-05-16,40.2005,19.4073,1621123200000,2177512723943.98,212358673843.02,212358673843.02,153236921748.14,153236921748.14,1302140779762.21,"1621123217",5146,40506,377,NA,NA,NA,NA
2021-05-17,40.0596,19.1486,1621209600000,2169168079472.59,210568489198.43,210568489198.43,146554661842.26,146554661842.26,1300208235939.94,"1621209617",5150,40509,377,NA,NA,NA,NA
2021-05-18,40.2289,18.7789,1.621296e+12,2021563048922.92,231016632418.07,231016632418.07,156027074619.01,156027074619.01,1208310557717.19,"1621296017",5169,40606,377,NA,NA,NA,NA
2021-05-19,39.2584,19.1569,1621382400000,2047589623111.84,187401765676.43,187401765676.43,131202057348.64,131202057348.64,1243738417223.63,"1621382417",5198,40704,377,NA,NA,NA,NA
2021-05-20,43.7153,18.0457,1621468800000,1586428418885.85,375723146159.7,375723146159.7,249560724002.01,249560724002.01,892916895346.44,"1621468817",5214,40800,377,NA,NA,NA,NA
2021-05-21,42.5661,18.0132,1621555200000,1787816617243.12,277060349562.83,277060349562.83,188905032849.27,188905032849.27,1026812479711.45,"1621555217",5242,41037,381,NA,NA,NA,NA
2021-05-22,43.6864,17.6198,1621641600000,1597425646826.4,235966802078.69,235966802078.69,153947057004.61,153947057004.61,899568613004.81,"1621641617",5255,41059,381,NA,NA,NA,NA
2021-05-23,45.2667,17.1615,1.621728e+12,1552307006310.07,170375303170.08,170375303170.08,112958158466.69,112958158466.69,849628859975.42,"1621728017",5261,41168,381,NA,NA,NA,NA
2021-05-24,45.907,17.2594,1621814400000,1418495270201.05,228287891301.26,228287891301.26,149746477988.63,149746477988.63,767307301528.45,"1621814417",5269,41231,381,NA,NA,NA,NA
2021-05-25,43.5643,18.4381,1621900800000,1661357595908.09,210578671955.14,210578671955.14,143226366041.27,143226366041.27,937598765914.15,"1621900817",5303,41350,382,NA,NA,NA,NA
2021-05-26,43.2494,18.8928,1621987200000,1658843816739.54,185853784915.43,185853784915.43,129683345135.18,129683345135.18,941404201326.62,"1621987217",5323,41417,383,NA,NA,NA,NA
2021-05-27,42.0176,19.1122,1622073600000,1751087019178.69,163148538731.82,163148538731.82,111832386911.54,111832386911.54,1015321847850,"1622073617",5349,41527,384,NA,NA,NA,NA
2021-05-28,42.561,18.7954,1.62216e+12,1691490891974.8,135805800862.11,135805800862.11,92558261827.61,92558261827.61,971575728679.24,"1622160017",5379,41845,384,NA,NA,NA,NA
2021-05-29,43.0715,18.1036,1622246400000,1550715146762.87,158527175700.59,158527175700.59,103315457549.42,103315457549.42,882798107168.34,"1622246417",5393,41955,385,NA,NA,NA,NA
2021-05-30,43.6175,17.8072,1622332800000,1484497152534.16,127657075061.5,127657075061.5,82431201721.89,82431201721.89,836996781015.51,"1622332817",5414,41988,385,NA,NA,NA,NA
2021-05-31,43.2404,17.9633,1622419200000,1543725890384.16,102993035350.77,102993035350.77,71377190630.88,71377190630.88,876212140211.31,"1622419217",5415,41992,385,NA,NA,NA,NA
2021-06-01,42.1135,18.9459,1622505600000,1659100453454.15,119138090762.6,119138090762.6,80129390248.46,80129390248.46,960395454246.36,"1622505617",5437,42120,387,NA,NA,NA,NA
2021-06-02,41.9713,18.6765,1.622592e+12,1635922584515.64,112534285923.18,112534285923.18,77918187320.33,77918187320.33,949304045996.08,"1622592017",5462,42400,387,NA,NA,NA,NA
2021-06-03,41.5796,18.5792,1622678400000,1693469168939.95,111189461700.3,111189461700.3,78124607667.27,78124607667.27,989331754334.22,"1622678417",5485,42483,393,NA,NA,NA,NA
2021-06-04,41.5235,18.76,1622764800000,1767339896058.76,112999898117.23,112999898117.23,77566401342.67,77566401342.67,1033478837795.71,"1622764817",5518,42602,393,NA,NA,NA,NA
2021-06-05,41.6159,18.8108,1622851200000,1660961801310.91,129514217618.62,129514217618.62,87635372729.66,87635372729.66,969738182081.02,"1622851217",5529,42281,383,NA,NA,NA,NA
2021-06-06,41.2765,18.9301,1622937600000,1612808480193.27,103981945713.85,103981945713.85,68040335430.65,68040335430.65,947096814967.54,"1622937617",5534,42434,383,NA,NA,NA,NA
2021-06-07,41.0008,19.2519,1.623024e+12,1636932562394.85,78104697076.19,78104697076.19,49189303423.4,49189303423.4,965777804756.35,"1623024017",5534,42434,383,NA,NA,NA,NA
2021-06-08,41.0136,19.6462,1623110400000,1533003950260.85,98361534914.85,98361534914.85,64681048837.51,64681048837.51,904263506881.11,"1623110417",5556,42497,384,NA,NA,NA,NA
2021-06-09,41.1667,19.2061,1623196800000,1522153846982.68,136894406682.96,136894406682.96,86995067207.24,86995067207.24,895532889200.6,"1623196817",5577,42545,384,NA,NA,NA,NA
2021-06-10,42.8766,18.5877,1623283200000,1630806890792.87,129462236711.36,129462236711.36,75466984235.94,75466984235.94,931572386735.3,"1623283217",5603,42588,381,NA,NA,NA,NA
2021-06-11,43.5877,18.2058,1623369600000,1578378270924.34,103511580627.46,103511580627.46,59882835651.96,59882835651.96,890398952617.92,"1623369617",5617,42845,381,NA,NA,NA,NA
2021-06-12,45.0222,17.6259,1.623456e+12,1551277554865.42,91340482256.6,91340482256.6,52652048046.52,52652048046.52,852858521611.25,"1623456017",5623,42868,381,NA,NA,NA,NA
2021-06-13,43.8802,18.1868,1623542400000,1517151283644.55,89266077914.49,89266077914.49,51323431905.55,51323431905.55,851422321287.49,"1623542417",5625,42866,381,NA,NA,NA,NA
2021-06-14,44.9064,17.8991,1623628800000,1629650696539.94,90707282874.04,90707282874.04,50085858489.05,50085858489.05,897832673168.45,"1623628817",5626,42881,381,NA,NA,NA,NA
2021-06-15,45.216,17.8625,1623715200000,1671750632515.21,100186848860.97,100186848860.97,52033487149.18,52033487149.18,915852288158.13,"1623715489",5298,42994,382,NA,NA,NA,NA
2021-06-16,45.5713,17.9225,1623801600000,1651468714192.19,89186212915.63,89186212915.63,48980976829.84,48980976829.84,898873674694.08,"1623801851",5652,42973,381,NA,NA,NA,NA
2021-06-17,45.2909,17.3604,1.623888e+12,1586167060397.71,88200900526,88200900526,48988294771.77,48988294771.77,867777950595.28,"1623888251",5310,43041,382,NA,NA,NA,NA
2021-06-18,45.0277,17.4238,1623974400000,1585439969106.78,79991535301.96,79991535301.96,42887371686.98,42887371686.98,871552922769.48,"1623974651",5327,43065,382,NA,NA,NA,NA
2021-06-19,44.8044,17.3424,1624060800000,1499518129332.01,83144013075.39,83144013075.39,46924794416.08,46924794416.08,827667893484.64,"1624061051",5341,43103,382,NA,NA,NA,NA
2021-06-20,45.1011,17.0992,1624147200000,1477596721768.39,68649065199.63,68649065199.63,37449715455.93,37449715455.93,811183959984.11,"1624147451",5354,43138,382,NA,NA,NA,NA
2021-06-21,44.7603,17.5111,1624233600000,1492167308397.19,81971253320.94,81971253320.94,45323480153.99,45323480153.99,824269410176.37,"1624233851",5355,43140,382,NA,NA,NA,NA
2021-06-22,46.4365,17.2064,1.62432e+12,1276173404169.88,126542176910.78,126542176910.78,73730772228.68,73730772228.68,683563733116.34,"1624320251",5387,43351,383,NA,NA,NA,NA
2021-06-23,47.5107,17.0492,1624406400000,1282593465902.12,143327708005.56,143327708005.56,84340050689.7,84340050689.7,673224397980.33,"1624406651",5404,43430,380,NA,NA,NA,NA
2021-06-24,46.649,16.9384,1624492800000,1353218312400.25,103823866640.3,103823866640.3,62042837932.93,62042837932.93,721956116886.44,"1624493051",5431,43617,379,NA,NA,NA,NA
2021-06-25,46.6353,16.6332,1624579200000,1394656334645.45,78900934271.92,78900934271.92,45723108591.5,45723108591.5,744253609959.32,"1624579451",5541,39982,384,NA,NA,NA,NA
2021-06-26,46.3339,16.4985,1624665600000,1278048997056.57,93436258117.52,93436258117.52,53219504556.91,53219504556.91,685878906271.85,"1624665851",5470,43629,381,NA,NA,NA,NA
2021-06-27,46.6459,16.4185,1.624752e+12,1295821836507.49,83877945727.84,83877945727.84,45375213737.28,45375213737.28,691374517233.44,"1624752251",5541,39982,384,NA,NA,NA,NA
2021-06-28,47.0475,16.7025,1624838400000,1381613853117.83,75782275348.9,75782275348.9,40265730422.48,40265730422.48,731599656902.44,"1624838651",5481,43820,381,NA,NA,NA,NA
2021-06-29,46.2802,17.3703,1624924800000,1395514135235.1,81339006029.05,81339006029.05,47686386795.45,47686386795.45,749667037972.85,"1624925051",5541,39983,384,NA,NA,NA,NA
2021-06-30,46.2959,17.3452,1625011200000,1453057024141.87,92506924538.53,92506924538.53,54648196090.08,54648196090.08,780351367877.88,"1625011451",5541,40003,384,NA,NA,NA,NA
2021-07-01,45.4903,18.354,1625097600000,1443740569103.02,89429950138.79,89429950138.79,55372973487.49,55372973487.49,786979055819.38,"1625097851",5522,44008,384,NA,NA,NA,NA
2021-07-02,45.4476,17.7656,1.625184e+12,1383828223983.63,84802808105.89,84802808105.89,46952087350.35,46952087350.35,754911008865.32,"1625184251",5538,44071,384,NA,NA,NA,NA
2021-07-03,45.3615,17.9148,1625270400000,1399096678469.44,78268790328.77,78268790328.77,39546773981.36,39546773981.36,764445005396.07,"1625270651",5544,39968,384,NA,NA,NA,NA
2021-07-04,45.3256,18.0985,1625356800000,1433810438951.76,60476741421.23,60476741421.23,36096858574.9,36096858574.9,783926670675.12,"1625357051",5545,39914,384,NA,NA,NA,NA
2021-07-05,45.0946,18.4496,1625443200000,1466939884287.63,63819227568.74,63819227568.74,38892203319.35,38892203319.35,805429453609.16,"1625443451",5549,39819,384,NA,NA,NA,NA
2021-07-06,44.8845,18.1888,1625529600000,1408670057645.14,69049295622.53,69049295622.53,42344770362.31,42344770362.31,776395562910.44,"1625529851",5561,39770,384,NA,NA,NA,NA
2021-07-07,44.3434,18.7164,1.625616e+12,1447160819009.8,75267273556.26,75267273556.26,48759252380.13,48759252380.13,805440025380.48,"1625616251",5571,39892,384,NA,NA,NA,NA
2021-07-08,44.0697,18.7442,1625702400000,1441909752646.65,75072129288.99,75072129288.99,50268606833.73,50268606833.73,806464179972.39,"1625702651",5581,39893,384,NA,NA,NA,NA
2021-07-09,44.8654,17.9627,1625788800000,1373437544731.84,80965213324.67,80965213324.67,51050155312.08,51050155312.08,757239112168.53,"1625789051",5599,40014,381,NA,NA,NA,NA
2021-07-10,45.1092,17.8151,1625875200000,1405548705051.49,74506102125.69,74506102125.69,47083941792.96,47083941792.96,771516489076.42,"1625875451",5607,39703,381,NA,NA,NA,NA
2021-07-11,45.2282,17.7209,1625961600000,1389401173477.36,60710205299.21,60710205299.21,37740923183.42,37740923183.42,761000421227.04,"1625961851",5617,39704,381,NA,NA,NA,NA
2021-07-12,45.4364,17.6611,1.626048e+12,1413837577847.68,52379822196.46,52379822196.46,32269671843.66,32269671843.66,771440114160.05,"1626048251",5622,39658,381,NA,NA,NA,NA
2021-07-13,45.4005,17.3425,1626134400000,1368394038633.56,63045285332.24,63045285332.24,38722144935.8,38722144935.8,747135810919.1,"1626134651",5646,39642,381,NA,NA,NA,NA
2021-07-14,45.8803,16.9315,1626220800000,1337726918122.82,59177331833.44,59177331833.44,40057702173.3,40057702173.3,723974005401.8,"1626221051",5675,39726,381,NA,NA,NA,NA
2021-07-15,45.7574,17.2979,1626307200000,1345660454551.38,65556803013.86,65556803013.86,44181222809.78,44181222809.78,729921766516.84,"1626307451",5683,39896,385,NA,NA,NA,NA
2021-07-16,45.7394,17.1299,1626393600000,1305800227300.81,66098805742.36,66098805742.36,44755908430.98,44755908430.98,708534939339.64,"1626393851",5697,39986,389,NA,NA,NA,NA
2021-07-17,46.1523,17.1669,1.62648e+12,1276125597537.53,65003817060.75,65003817060.75,41324922143.4,41324922143.4,687164301923.36,"1626480251",5705,40656,385,NA,NA,NA,NA
2021-07-18,46.9857,17.6185,1626566400000,1259003870112.32,54570461067.46,54570461067.46,35671462192.64,35671462192.64,667452063906.51,"1626566651",5711,40682,385,NA,NA,NA,NA
2021-07-19,46.1019,17.0791,1626652800000,1294032244032.82,52262113679.86,52262113679.86,33472857794.21,33472857794.21,697458855394.19,"1626653051",5714,40671,385,NA,NA,NA,NA
2021-07-20,46.4633,17.0573,1626739200000,1245202814756.7,56374562154.26,56374562154.26,35936980019.86,35936980019.86,666640934338.66,"1626739451",5735,40668,383,NA,NA,NA,NA
2021-07-21,46.4055,17.3151,1626825600000,1204677240889.18,66023270004.43,66023270004.43,42880152917.41,42880152917.41,645640461034.97,"1626825851",5748,40692,382,NA,NA,NA,NA
2021-07-22,46.1027,17.8114,1.626912e+12,1307987250061.45,81890599530.35,81890599530.35,53678283037.96,53678283037.96,704969211262.43,"1626912251",5768,40775,384,NA,NA,NA,NA
2021-07-23,45.7523,17.8527,1626998400000,1324921902082.75,64743820281.67,64743820281.67,45191113846.63,45191113846.63,718739157537.13,"1626998651",5779,40821,389,NA,NA,NA,NA
2021-07-24,45.9133,18.071,1627084800000,1372969711997.31,70364952896.46,70364952896.46,47797240551.4,47797240551.4,742593457695.48,"1627085051",5793,40870,390,NA,NA,NA,NA
2021-07-25,45.8902,18.222,1627171200000,1402256802749.15,73527008222.34,73527008222.34,51866291397.58,51866291397.58,758758489544.13,"1627171451",5807,40910,390,NA,NA,NA,NA
2021-07-26,46.5584,17.9517,1627257600000,1426244767009.43,65901911221.67,65901911221.67,45033406822.75,45033406822.75,762207716379.49,"1627257851",5815,40928,390,NA,NA,NA,NA
2021-07-27,47.4942,17.6925,1.627344e+12,1472981630084.41,130817047763.4,130817047763.4,79838272460.81,79838272460.81,773401312782.42,"1627344251",5814,40965,389,NA,NA,NA,NA
2021-07-28,48.2187,17.4971,1627430400000,1537614832648.81,97846185317.39,97846185317.39,62705249456.67,62705249456.67,796196329205.44,"1627430651",5819,41130,390,NA,NA,NA,NA
2021-07-29,48.3594,17.31,1627516800000,1552331698844.43,92964434201.17,92964434201.17,54281773038.83,54281773038.83,801633583097.35,"1627517051",5841,41297,390,NA,NA,NA,NA
2021-07-30,47.8309,17.7298,1627603200000,1570822811697.76,75178917742.71,75178917742.71,48005744597.65,48005744597.65,819484214172.65,"1627603451",5880,42892,391,NA,NA,NA,NA
2021-07-31,48.4894,17.6277,1627689600000,1634296830979.41,88471091517.98,88471091517.98,55374583265.08,55374583265.08,841835302876.58,"1627689851",5893,43254,391,NA,NA,NA,NA
2021-08-01,47.5896,18.0899,1.627776e+12,1635499465717.85,75378684765.9,75378684765.9,49589151133.14,49589151133.14,857172163107.64,"1627776251",5904,43628,391,NA,NA,NA,NA
2021-08-02,46.7104,18.6462,1627862400000,1605291730562.67,82987225975.1,82987225975.1,56327603810.37,56327603810.37,855454161215.38,"1627862651",5905,43882,391,NA,NA,NA,NA
2021-08-03,45.9907,19.0772,1627948800000,1599832267571.21,77237872681.51,77237872681.51,51644523064.76,51644523064.76,864057592807.77,"1627949051",5913,44123,391,NA,NA,NA,NA
2021-08-04,45.8815,18.7494,1628035200000,1562901785892.3,78104822543.75,78104822543.75,51925334197.39,51925334197.39,845818943787.06,"1628035451",5925,44249,391,NA,NA,NA,NA
2021-08-05,45.6193,19.4909,1628121600000,1635780430423.28,81014998384.55,81014998384.55,55651510671.05,55651510671.05,889548189103.1,"1628121851",5937,44449,391,NA,NA,NA,NA
2021-08-06,45.7286,19.7119,1.628208e+12,1678061403940.65,99435926118.23,99435926118.23,64249796797.13,64249796797.13,910707450804.41,"1628208251",5951,44786,391,NA,NA,NA,NA
2021-08-07,46.3415,19.4928,1628294400000,1735655255290.46,100225078506.64,100225078506.64,62000645855.67,62000645855.67,931326308289.5,"1628294651",5960,44882,391,NA,NA,NA,NA
2021-08-08,45.6989,20.1943,1628380800000,1831731527441.35,120756240043.19,120756240043.19,80737422488.31,80737422488.31,994650894924.8,"1628381051",5967,44964,391,NA,NA,NA,NA
2021-08-09,46.347,19.8696,1628467200000,1774501349978.63,105730122702.38,105730122702.38,69428732904.74,69428732904.74,952072530991.34,"1628467451",5970,44951,391,NA,NA,NA,NA
2021-08-10,46.6252,19.8579,1628553600000,1864264417198.56,111432014017.97,111432014017.97,72703570466.86,72703570466.86,995047063361.63,"1628553851",5988,45014,394,NA,NA,NA,NA
2021-08-11,45.8055,19.6748,1.62864e+12,1869799155703.19,107126726065.94,107126726065.94,73576870642.23,73576870642.23,1013328414796.88,"1628640251",5979,45076,398,NA,NA,NA,NA
2021-08-12,45.0171,19.4785,1628726400000,1901686429134.03,125916640589.3,125916640589.3,91606631047.27,91606631047.27,1045602531800.43,"1628726651",5990,45092,398,NA,NA,NA,NA
2021-08-13,44.9232,19.211,1628812800000,1858196176272.52,119046367159.67,119046367159.67,85317074633.16,85317074633.16,1023435165395.2,"1628813051",5997,45008,393,NA,NA,NA,NA
2021-08-14,44.7894,19.403,1628899200000,2005227678476.43,106841841663.6,106841841663.6,75104410612.64,75104410612.64,1107098812288.54,"1628899451",6021,45067,393,NA,NA,NA,NA
2021-08-15,44.2688,19.1384,1628985600000,1998619494676.87,110602206348.3,110602206348.3,79386058679.18,79386058679.18,1113854744167.3,"1628985851",6027,45083,393,NA,NA,NA,NA
2021-08-16,43.7686,19.2045,1.629072e+12,2018285326179.09,111808041373.53,111808041373.53,80825977065.86,80825977065.86,1134910451179.79,"1629072251",6030,45124,393,NA,NA,NA,NA
2021-08-17,43.8888,18.7593,1629158400000,1966489225457.42,119834487459.51,119834487459.51,87076788923.37,87076788923.37,1103421624421.24,"1629158651",6054,45318,395,NA,NA,NA,NA
2021-08-18,44.2341,18.5887,1629244800000,1898164006594.37,124747048015.51,124747048015.51,91296401672.72,91296401672.72,1058529005269.07,"1629245051",6071,45328,395,NA,NA,NA,NA
2021-08-19,43.8868,18.4652,1629331200000,1915630974639.44,115320635254.52,115320635254.52,83117234161.87,83117234161.87,1074922038164.7,"1629331451",6081,45399,395,NA,NA,NA,NA
2021-08-20,43.5597,18.4994,1629417600000,2015577125330.44,115136959521.11,115136959521.11,77921283618.62,77921283618.62,1137597442512.88,"1629417851",6105,45483,395,NA,NA,NA,NA
2021-08-21,44.0293,18.2959,1.629504e+12,2105331098043.51,110968374364.09,110968374364.09,76259695955.61,76259695955.61,1178368737468.62,"1629504251",6119,45770,397,NA,NA,NA,NA
2021-08-22,44.1375,18.1719,1629590400000,2080789866038.47,110777880609.12,110777880609.12,70193984975.89,70193984975.89,1162381501250.65,"1629590651",6121,45830,397,NA,NA,NA,NA
2021-08-23,44.0459,18.0642,1629676800000,2103254071104.22,91573004077.69,91573004077.69,66211614672.14,66211614672.14,1176855836685.37,"1629677051",6121,45746,397,NA,NA,NA,NA
2021-08-24,43.3802,18.1507,1629763200000,2147406305136.86,117101255882.68,117101255882.68,82788477741.51,82788477741.51,1215857564125.55,"1629763451",6135,45652,397,NA,NA,NA,NA
2021-08-25,43.8161,18.1809,1629849600000,2046971679006.08,121023640490.24,121023640490.24,85664906464.22,85664906464.22,1150068252533.58,"1629849851",6149,46196,397,NA,NA,NA,NA
2021-08-26,43.9075,18.0433,1.629936e+12,2096980430009.91,114018305922.75,114018305922.75,81368715540.27,81368715540.27,1176249099961.73,"1629936251",6163,46327,396,NA,NA,NA,NA
2021-08-27,44.1451,18.186,1630022400000,1997932828867.22,109238518117.74,109238518117.74,76571875486.03,76571875486.03,1115944297072.11,"1630022651",6183,46301,397,NA,NA,NA,NA
2021-08-28,43.6152,18.1476,1630108800000,2115878389097.14,111371142631.21,111371142631.21,77011063368.12,77011063368.12,1193033489041.26,"1630109050",6231,45930,397,NA,NA,NA,NA
2021-08-29,43.7106,18.0977,1630195200000,2104359656052.3,91273248703.69,91273248703.69,62859858180.58,62859858180.58,1184530670953.89,"1630195450",6231,45930,397,NA,NA,NA,NA
2021-08-30,43.7601,18.0445,1630281600000,2098254859020.15,91058405993.68,91058405993.68,65402134402.09,65402134402.09,1180057165918.75,"1630281850",6229,45928,397,NA,NA,NA,NA
2021-08-31,43.1792,18.4906,1.630368e+12,2046396184884.7,108061739226.31,108061739226.31,76259147804.13,76259147804.13,1162778808027.5,"1630368250",6256,45933,398,NA,NA,NA,NA
2021-09-01,42.3663,19.2064,1630454400000,2090108123816.08,125951816595.65,125951816595.65,91366862830.52,91366862830.52,1204606434112.87,"1630454651",6282,45957,398,NA,NA,NA,NA
2021-09-02,41.5744,20.3347,1630540800000,2210190743182.79,127041591164.32,127041591164.32,87934825662.69,87934825662.69,1291316189244.51,"1630541050",6314,46222,405,NA,NA,NA,NA
2021-09-03,41.7002,20.0325,1630627200000,2223262376536,124670993995.77,124670993995.77,85243641475.87,85243641475.87,1296156704549.94,"1630627450",6337,46230,405,NA,NA,NA,NA
2021-09-04,41.3877,20.341,1630713600000,2269225310292.2,139914486939.2,139914486939.2,96891754003.1,96891754003.1,1330044657536.35,"1630713850",6352,46353,405,NA,NA,NA,NA
2021-09-05,41.3648,20.108,1.6308e+12,2270810366334.45,126030611692.82,126030611692.82,88764159025.81,88764159025.81,1331495073847.66,"1630800250",6362,46352,405,NA,NA,NA,NA
2021-09-06,41.5298,19.774,1630886400000,2343397052207.83,120135090083.38,120135090083.38,89818592163.62,89818592163.62,1370188106529.27,"1630886650",6400,46424,405,NA,NA,NA,NA
2021-09-07,41.8268,19.4717,1630972800000,2367110899522.54,138337042998.1,138337042998.1,99431043195.53,99431043195.53,1377024467944.85,"1630973050",6444,46516,405,NA,NA,NA,NA
2021-09-08,42.2686,19.3518,1631059200000,2084766535702.86,235764136192.61,235764136192.61,170549161659.52,170549161659.52,1203565643548.71,"1631059450",6480,46651,405,NA,NA,NA,NA
2021-09-09,41.4216,19.6691,1631145600000,2093266027712.8,182474313876.78,182474313876.78,133505987711.8,133505987711.8,1226202347578.12,"1631145850",6517,46661,405,NA,NA,NA,NA
2021-09-10,41.2805,19.0462,1.631232e+12,2116290061816.93,145883168099.18,145883168099.18,107271681001.49,107271681001.49,1242675451399.2,"1631232250",6530,46855,405,NA,NA,NA,NA
2021-09-11,41.4509,18.5325,1631318400000,2038038722056.34,140816757831.17,140816757831.17,101642517562.72,101642517562.72,1193253195613.73,"1631318650",6548,47048,406,NA,NA,NA,NA
2021-09-12,41.1558,18.5815,1631404800000,2066435429814.47,112978393565.25,112978393565.25,78691195682.49,78691195682.49,1215976765313.78,"1631405050",6551,47101,406,NA,NA,NA,NA
2021-09-13,40.839,18.8592,1631491200000,2121600275771.01,106497712540.43,106497712540.43,78733756879.69,78733756879.69,1255160069799.45,"1631491450",6561,47099,407,NA,NA,NA,NA
2021-09-14,41.2538,18.8276,1631577600000,2049083378297.22,140510625486.65,140510625486.65,99665740393.72,99665740393.72,1203758421542.41,"1631577850",6587,47135,409,NA,NA,NA,NA
2021-09-15,41.6072,18.9737,1.631664e+12,2131773368969.14,113531477530.77,113531477530.77,74846419409.42,74846419409.42,1244801204889.09,"1631664250",6602,47611,409,NA,NA,NA,NA
2021-09-16,41.3071,19.3643,1631750400000,2193850208470.17,100260768151.47,100260768151.47,69746941725.08,69746941725.08,1287633964836.54,"1631750650",6633,47682,409,NA,NA,NA,NA
2021-09-17,41.4972,19.3616,1631836800000,2165882966767.53,111089182675.05,111089182675.05,79396123756.47,79396123756.47,1267103081708.68,"1631837050",6659,47712,409,NA,NA,NA,NA
2021-09-18,42.1748,18.9264,1631923200000,2110336104813.56,101095984285.93,101095984285.93,72455514474.05,72455514474.05,1220306365419.47,"1631923450",6675,47689,410,NA,NA,NA,NA
2021-09-19,42.208,18.7457,1632009600000,2151845798097.24,89128620907.52,89128620907.52,60849070096.36,60849070096.36,1243594157170.72,"1632009850",6687,47763,411,NA,NA,NA,NA
2021-09-20,42.3241,18.6608,1.632096e+12,2102146817352.21,82217964160.9,82217964160.9,55295140516.67,55295140516.67,1212432063112.3,"1632096250",6689,47683,411,NA,NA,NA,NA
2021-09-21,42.8362,18.5289,1632182400000,1888633277740.66,143887194143.16,143887194143.16,100287836970.46,100287836970.46,1079615196321.32,"1632182650",6732,47857,411,NA,NA,NA,NA
2021-09-22,42.8497,18.2074,1632268800000,1789919374944.78,140150884471.96,140150884471.96,91520825715.49,91520825715.49,1022945002218.84,"1632269050",6756,47910,411,NA,NA,NA,NA
2021-09-23,41.8424,18.4694,1632355200000,1959270141458.51,117805440571.05,117805440571.05,79677712901.27,79677712901.27,1139464203339.59,"1632355450",6778,47885,411,NA,NA,NA,NA
2021-09-24,41.9757,18.4286,1632441600000,2013411569329.61,101677856685.21,101677856685.21,67972997660.05,67972997660.05,1168267114569.69,"1632441850",6809,47834,412,NA,NA,NA,NA
2021-09-25,42.1967,18.0584,1.632528e+12,1911127480162.45,132296187288.7,132296187288.7,89479844686.96,89479844686.96,1104694159097.14,"1632528250",6832,47955,413,NA,NA,NA,NA
2021-09-26,42.3521,18.1314,1632614400000,1898759245195.11,94399231691.44,94399231691.44,63387947494.97,63387947494.97,1094593933248.56,"1632614650",6839,47897,413,NA,NA,NA,NA
2021-09-27,42.4036,18.781,1632700800000,1917022703480.15,110738963328.67,110738963328.67,79932991238.29,79932991238.29,1104135730952.33,"1632701050",6854,47958,413,NA,NA,NA,NA
2021-09-28,42.549,18.4248,1632787200000,1867797174802.72,98279126182.81,98279126182.81,67147611588.88,67147611588.88,1073068983022.39,"1632787450",6871,47955,413,NA,NA,NA,NA
2021-09-29,42.6425,18.2656,1632873600000,1813411098326.22,90996443498.42,90996443498.42,60790904094.23,60790904094.23,1040126462162.48,"1632873850",6884,47960,414,NA,NA,NA,NA
2021-09-30,42.43,18.2065,1.63296e+12,1843843859701.15,89045505975.21,89045505975.21,58514781223.38,58514781223.38,1061500771194.6,"1632960250",6892,47751,414,NA,NA,NA,NA
2021-10-01,42.747,18.3067,1633046400000,1930206546551.02,92640990063.92,92640990063.92,61492188825.15,61492188825.15,1105100645606.96,"1633046650",6924,47803,418,NA,NA,NA,NA
2021-10-02,43.0217,18.4914,1633132800000,2107108356132.57,117134614352.67,117134614352.67,74282521148.91,74282521148.91,1200594087063.61,"1633133050",6943,47790,418,NA,NA,NA,NA
2021-10-03,42.3955,18.8535,1633219200000,2118041594222.74,97294096326.71,97294096326.71,66685909441.73,66685909441.73,1220086623072.06,"1633219450",6960,47624,418,NA,NA,NA,NA
2021-10-04,42.3423,18.7782,1633305600000,2144334561753.68,89505500142.15,89505500142.15,62867677916.14,62867677916.14,1236374358978.83,"1633305850",6961,47596,418,NA,NA,NA,NA
2021-10-05,43.0553,18.5179,1.633392e+12,2151193957976.05,107575875915.43,107575875915.43,74170356347.49,74170356347.49,1224991904185.36,"1633392250",6982,47545,419,NA,NA,NA,NA
2021-10-06,43.4847,18.576,1633478400000,2230198463918.98,111551676652.97,111551676652.97,75682524002.56,75682524002.56,1260403351008.7,"1633478650",7037,47668,419,NA,NA,NA,NA
2021-10-07,45.1693,18.2613,1633564800000,2307759140110.85,142285176191.45,142285176191.45,93259387955.92,93259387955.92,1265361422157.95,"1633565050",7079,47601,418,NA,NA,NA,NA
2021-10-08,44.3573,18.5032,1633651200000,2284858519632.81,130195654413.76,130195654413.76,93389091228.02,93389091228.02,1271357580743.81,"1633651450",7133,47872,418,NA,NA,NA,NA
2021-10-09,44.508,18.3798,1633737600000,2282617879057.19,116418741703.03,116418741703.03,81618440821.82,81618440821.82,1266670481418.98,"1633737850",7179,47648,413,NA,NA,NA,NA
2021-10-10,44.6122,18.1573,1.633824e+12,2320592869768.16,96069068193.48,96069068193.48,63564530138.44,63564530138.44,1285324305844.9,"1633824250",7197,47738,413,NA,NA,NA,NA
2021-10-11,45.5488,17.8051,1633910400000,2263956492331.17,99482106793.28,99482106793.28,59975385284.52,59975385284.52,1232752608346.37,"1633910650",7207,47723,413,NA,NA,NA,NA
2021-10-12,46.3619,17.8835,1633996800000,2337846752408.15,108037005201.9,108037005201.9,65388236265.54,65388236265.54,1253975484144.02,"1633997050",6493,47729,412,NA,NA,NA,NA
2021-10-13,45.8838,17.8952,1634083200000,2301188084255.03,108221709181.44,108221709181.44,67140150413.12,67140150413.12,1245314577394.37,"1634083450",6520,47957,412,NA,NA,NA,NA
2021-10-14,45.7693,17.9962,1634169600000,2362017168443.25,113141028585.24,113141028585.24,71466781171.99,71466781171.99,1280938024939.01,"1634169850",6541,48118,412,NA,NA,NA,NA
2021-10-15,45.2147,18.7016,1.634256e+12,2389974462411.1,101274153774.48,101274153774.48,64656397518.58,64656397518.58,1309355109677.67,"1634256250",6594,48310,412,NA,NA,NA,NA
2021-10-16,46.6372,18.3141,1634342400000,2489474164126.01,134699121367.84,134699121367.84,82908678413.49,82908678413.49,1328454207646.91,"1634342650",6614,48207,412,NA,NA,NA,NA
2021-10-17,46.4117,18.2721,1634428800000,2472363690507.54,94826087161.41,94826087161.41,60584000716.09,60584000716.09,1324897813958.15,"1634429050",6613,48156,412,NA,NA,NA,NA
2021-10-18,46.7335,18.2872,1634515200000,2482132715354.28,85383083895.84,85383083895.84,56349367702.65,56349367702.65,1322145928672.7,"1634515450",6610,48005,412,NA,NA,NA,NA
2021-10-19,47.2121,17.8494,1634601600000,2476826071321.6,98932054728.89,98932054728.89,60873096143.88,60873096143.88,1307464835382.86,"1634601850",6632,48105,412,NA,NA,NA,NA
2021-10-20,47.7166,18.0189,1.634688e+12,2539301745464.84,93009947079.51,93009947079.51,52542453059.22,52542453059.22,1327633336983.7,"1634688250",6654,47929,412,NA,NA,NA,NA
2021-10-21,47.0358,18.5677,1634774400000,2645014414565.28,106949756945.14,106949756945.14,66148601197.04,66148601197.04,1400909892794.61,"1634774650",6679,47617,411,NA,NA,NA,NA
2021-10-22,46.1176,18.8157,1634860800000,2543946325264.84,127620316150.1,127620316150.1,81517942166.18,81517942166.18,1370739548539.38,"1634861050",6703,47487,419,NA,NA,NA,NA
2021-10-23,47.0936,19.294,1634947200000,2429579196015.08,71156643894.7,71156643894.7,32725722782.06,32725722782.06,1285403156740.06,"1634947450",6737,46725,422,NA,NA,NA,NA
2021-10-24,45.2218,19.2501,1635033600000,2558355886312.44,81232292516.94,81232292516.94,54344464600.21,54344464600.21,1401422268130.31,"1635033850",6738,46737,422,NA,NA,NA,NA
2021-10-25,45.5769,19.1438,1.63512e+12,2518922930927.89,95608985254.87,95608985254.87,68299283522.05,68299283522.05,1370875647845.48,"1635120250",6738,46736,422,NA,NA,NA,NA
2021-10-26,45.3557,19.0044,1635206400000,2620270321258.32,97113680848.13,97113680848.13,66047516231.26,66047516231.26,1431828177185.81,"1635206650",6771,47166,422,NA,NA,NA,NA
2021-10-27,44.4022,19.0401,1635292800000,2562836163405.7,114137140542.34,114137140542.34,79244846998.86,79244846998.86,1424880761727.26,"1635293050",6821,47213,422,NA,NA,NA,NA
2021-10-28,45.0048,18.9412,1635379200000,2453041063932.37,178766445087.99,178766445087.99,135200953117.69,135200953117.69,1349055083950.24,"1635379451",6864,47384,422,NA,NA,"257129",NA
2021-10-29,44.2193,19.5834,1635465600000,2585645667861.5,174477281953.41,174477281953.41,129251947345.65,129251947345.65,1442290447328.04,"1635465851",6902,47513,424,NA,NA,"258569",NA
2021-10-30,44.1327,19.6288,1.635552e+12,2660968465494.5,131626633162.43,131626633162.43,94847312093.86,94847312093.86,1486611565866.67,"1635552251",6928,47584,424,NA,NA,"260009",NA
2021-10-31,44.4419,19.3871,1635638400000,2635516181597.75,134783670568.4,134783670568.4,102819436421.04,102819436421.04,1464243277349.26,"1635638651",6914,47660,424,NA,NA,"261449",NA
2021-11-01,44.0615,19.3082,1635724800000,2623470715128.38,137671546847.22,137671546847.22,105644454154.86,105644454154.86,1467530643515.02,"1635725051",6912,47694,425,NA,NA,"262889",NA
2021-11-02,43.5669,19.3541,1635811200000,2639747768929.52,129671065575.28,129671065575.28,93609151472.27,93609151472.27,1489691047808.02,"1635811451",6972,47806,424,NA,NA,"264329",NA
2021-11-03,43.5434,19.7987,1635897600000,2744413323694.91,197185337811.71,197185337811.71,159460849397.13,159460849397.13,1549402969783.68,"1635897851",7033,48018,424,NA,NA,"265769",NA
2021-11-04,43.0763,19.7343,1.635984e+12,2756013114635.46,137033866081.49,137033866081.49,101006101048.02,101006101048.02,1568825759835.82,"1635984251",7061,47246,425,NA,NA,"267209",NA
2021-11-05,42.7861,19.7734,1636070400000,2708056483341.32,129646723869.47,129646723869.47,97131602687.36,97131602687.36,1549384455171.74,"1636070651",7062,47190,428,NA,NA,"268649",NA
2021-11-06,42.5846,19.5679,1636156800000,2701917317104.94,113586667365.59,113586667365.59,83055254454.16,83055254454.16,1551317176294.29,"1636157051",7105,47361,427,NA,NA,"270089",NA
2021-11-07,42.5245,19.5534,1636243200000,2730012879478.47,97756649332.22,97756649332.22,68717361899.46,68717361899.46,1569087381665.25,"1636243451",7088,47380,427,NA,NA,"271529",NA
2021-11-08,42.8079,19.5642,1636329600000,2798837945006.15,85518458179.38,85518458179.38,60671070338.53,60671070338.53,1600713785490.34,"1636329851",7085,47384,427,NA,NA,"272969",NA
2021-11-09,43.5675,19.448,1.636416e+12,2919712061567.39,126063347098.88,126063347098.88,85337648140.05,85337648140.05,1647666793959.46,"1636416251",7173,47675,429,NA,NA,"274409",NA
2021-11-10,43.5851,19.308,1636502400000,2904441786523.23,139801903387.39,139801903387.39,97540622761.94,97540622761.94,1638538966370.73,"1636502651",7221,47935,429,NA,NA,"275849",NA
2021-11-11,43.6364,19.4891,1636588800000,2795662464235.44,172306870718.37,172306870718.37,123725539367.95,123725539367.95,1575735305090.46,"1636589051",7283,48213,430,NA,NA,"277289",NA
2021-11-12,43.1067,19.651,1636675200000,2839026028977.3,124513097942.55,124513097942.55,88844244673.63,88844244673.63,1615216359750.87,"1636675451",7341,48369,431,NA,NA,"278729",NA
2021-11-13,43.1118,19.7086,1636761600000,2816319098401.41,123107178534.27,123107178534.27,87080591700.63,87080591700.63,1602152099339.3,"1636761851",7378,48458,430,NA,NA,"280169",NA
2021-11-14,43.0427,19.4273,1.636848e+12,2828244768580.86,96517259414.18,96517259414.18,66432511210.05,66432511210.05,1610890649365.09,"1636848251",7379,48455,430,NA,NA,"281609",NA
2021-11-15,43.5049,19.225,1636934400000,2856402443353.2,83603296927.95,83603296927.95,58217607401.65,58217607401.65,1613728083627.01,"1636934651",7370,48442,430,NA,NA,"283049",NA
2021-11-16,43.0779,19.3916,1637020800000,2770352701376.63,98862064232.7,98862064232.7,68500887910.07,68500887910.07,1576942195382.23,"1637021051",7415,48562,430,NA,NA,"284489",NA
2021-11-17,43.4186,19.1004,1637107200000,2610277667843.23,153351505019.49,153351505019.49,106825274532.72,106825274532.72,1476931510616.39,"1637107451",7497,48968,431,NA,NA,"289924",NA
2021-11-18,43.2047,19.2422,1637193600000,2632515813852.25,129559517900.38,129559517900.38,90569411260.1,90569411260.1,1495144266989.38,"1637193851",7540,49532,431,NA,NA,"291564",NA
2021-11-19,43.3808,19.105,1.63728e+12,2479966732735.88,146527792352.78,146527792352.78,105089690909.01,105089690909.01,1404136148187.38,"1637280251",7576,49563,430,NA,NA,"293004",NA
2021-11-20,42.2236,19.5887,1637366400000,2601441808254.25,122107886043.71,122107886043.71,83543662555.26,83543662555.26,1503020706192.35,"1637366651",7609,49755,431,NA,NA,"294444",NA
2021-11-21,42.3182,19.6116,1637452800000,2661883324166.28,106063881037.66,106063881037.66,75819602397.07,75819602397.07,1535422973143.81,"1637453051",7608,49802,431,NA,NA,"295884",NA
2021-11-22,42.229,19.2297,1637539200000,2621705856761.9,101773701101.08,101773701101.08,75671421002.29,75671421002.29,1514585179327.61,"1637539451",7601,49728,431,NA,NA,"297324",NA
2021-11-23,41.9984,19.0941,1637625600000,2531838134679.18,119046941227.34,119046941227.34,83780890792.28,83780890792.28,1468506052077.21,"1637625851",7664,49909,431,NA,NA,"298764",NA
2021-11-24,41.6311,19.7712,1.637712e+12,2615121702569.8,125734506735.44,125734506735.44,88309550666.59,88309550666.59,1526418718886.78,"1637712251",7695,49978,431,NA,NA,"300204",NA
2021-11-25,42.0099,19.663,1637798400000,2578175921072.41,133396083265.31,133396083265.31,100192829084.32,100192829084.32,1495087712358.31,"1637798651",7769,50247,433,NA,NA,"301581",NA
2021-11-26,41.6918,20.0769,1637884800000,2674346782847.32,141915348440.25,141915348440.25,106940903342.13,106940903342.13,1559364291922.98,"1637885040",7768,50267,433,NA,NA,"302994",NA
2021-11-27,41.7303,19.6891,1637971200000,2432377040254.63,160857781834.06,160857781834.06,118961958478.59,118961958478.59,1417338372551.63,"1637971440",7776,50076,436,NA,NA,"304434",NA
2021-11-28,41.7714,19.5945,1638057600000,2470050367465.36,106459059505.81,106459059505.81,76286460288.53,76286460288.53,1438276337790.38,"1638057840",7745,49856,436,NA,NA,"305874",NA
2021-11-29,42.1869,19.8633,1.638144e+12,2570958702692.84,108997791713.72,108997791713.72,80833999260.37,80833999260.37,1486350816057.47,"1638144240",7723,49839,436,NA,NA,"307314",NA
2021-11-30,41.7463,20.1724,1638230400000,2610403565918.97,107909496106.79,107909496106.79,75681000570.86,75681000570.86,1520657166652.41,"1638230640",7752,49916,435,NA,NA,"308752",NA
2021-12-01,41.0543,20.9385,1638316800000,2610697177790.38,130255545597.81,130255545597.81,93745928643.12,93745928643.12,1538893179511.97,"1638317040",7827,49977,436,NA,NA,"310192",NA
2021-12-02,41.1268,20.6799,1638403200000,2620337568877.35,122510733559.49,122510733559.49,85768315863.16,85768315863.16,1542677284209.52,"1638403440",7914,50214,436,NA,NA,"311632",NA
2021-12-03,40.9904,20.5523,1638489600000,2606278892433.23,116190327495.8,116190327495.8,83881510306.87,83881510306.87,1537955314886.43,"1638489840",7947,50366,436,NA,NA,"313164",NA
2021-12-04,41.0364,20.1995,1.638576e+12,2469728395954.19,134476399938.08,134476399938.08,94670986308.63,94670986308.63,1456241741986.47,"1638576240",7973,50562,438,NA,NA,"314604",NA
2021-12-05,40.1492,21.1283,1638662400000,2325276769609.98,204965025217.93,204965025217.93,143479559617.01,143479559617.01,1391696432198.19,"1638662640",7968,50386,438,NA,NA,"316044",NA
2021-12-06,40.672,21.6982,1638748800000,2291059411505.28,122661770129.76,122661770129.76,85594136806.89,85594136806.89,1359239099756.42,"1638749040",7975,50475,438,NA,NA,"317484",NA
2021-12-07,40.4173,21.9034,1638835200000,2365667098833.1,139187510452.98,139187510452.98,101537007100.86,101537007100.86,1409529446807.12,"1638835440",8040,50646,437,NA,NA,"318924",NA
2021-12-08,40.6219,21.7281,1638921600000,2353043988076.8,110468751346.15,110468751346.15,76946193840.53,76946193840.53,1397193552817.92,"1638921840",8076,50726,438,NA,NA,"320366",NA
2021-12-09,39.8482,22.0358,1.639008e+12,2398128952717.08,102461604942.1,102461604942.1,74032102771.34,74032102771.34,1442517867617.02,"1639008240",8110,51049,443,NA,NA,"321806",NA
2021-12-10,40.0664,21.7529,1639094400000,2246451014482.47,103295371200.87,103295371200.87,73736397633,73736397633,1346378541060.56,"1639094640",8161,51278,444,NA,NA,"323246",NA
2021-12-11,40.9057,21.2329,1639180800000,2186225143946.02,103643600188.03,103643600188.03,72754940524.08,72754940524.08,1291933821546.74,"1639181040",8213,51506,444,NA,NA,"324686",NA
2021-12-12,41.0081,21.3152,1639267200000,2276678136332.38,81999989169.17,81999989169.17,56441071854.08,56441071854.08,1343056329359.78,"1639267440",8215,51449,444,NA,NA,"326126",NA
2021-12-13,41.0782,21.2958,1639353600000,2307655957452.67,67548077617.86,67548077617.86,45683994846.82,45683994846.82,1359713415606.59,"1639353840",8215,51437,446,NA,NA,"327566",NA
2021-12-14,41.5126,21.1372,1.63944e+12,2120949294197.65,96646749088.96,96646749088.96,64522004542.21,64522004542.21,1240489065519.33,"1639440240",8250,51344,447,NA,NA,"329006",NA
2021-12-15,41.6117,20.8791,1639526400000,2194857907305.78,100215475694.98,100215475694.98,9986796786461.44,9986796786461.44,1281540318650.61,"1639526640",8276,51411,446,NA,NA,"330446",NA
2021-12-16,41.0045,21.2126,1639612800000,2254885775437.92,115303583176.45,115303583176.45,78696524650.48,78696524650.48,1330282157984.2,"1639613040",8299,50479,444,NA,NA,"332054",NA
2021-12-17,40.8143,21.3078,1639699200000,2204653085516.86,89665706106.83,89665706106.83,62561602982.29,62561602982.29,1304839651133.57,"1639699440",8360,51250,447,NA,NA,"333501",NA
2021-12-18,40.3564,21.2894,1639785600000,2160497217354.23,102768760227.87,102768760227.87,69973371164.58,69973371164.58,1288598171347.59,"1639785840",8400,51469,448,NA,NA,"334941",NA
2021-12-19,40.1496,21.3193,1.639872e+12,2206935070001.73,82175240795.86,82175240795.86,56203254247.15,56203254247.15,1320859358858.78,"1639872240",8408,51494,446,NA,NA,"336381",NA
2021-12-20,40.2981,21.2718,1639958400000,2185279151480.47,74631155502.99,74631155502.99,49473234837.94,49473234837.94,1304652627097.19,"1639958640",8412,51550,446,NA,NA,"337821",NA
2021-12-21,40.401,21.4315,1640044800000,2197867669214.83,97449403517.26,97449403517.26,66575700933.98,66575700933.98,1309906947775.65,"1640045040",8460,51668,447,NA,NA,"339261",NA
2021-12-22,40.7138,21.0311,1640131200000,2274542949222.24,83182788022.71,83182788022.71,56201185850.89,56201185850.89,1348490515704.69,"1640131440",8492,50333,446,NA,NA,"340701",NA
2021-12-23,40.4206,20.8052,1640217600000,2276758327799.92,86234296540.48,86234296540.48,61857294806.48,61857294806.48,1356479052830.78,"1640217840",8510,50412,447,NA,NA,"342198",NA
2021-12-24,40.3586,20.5424,1.640304e+12,2382714955203.91,102875737021.9,102875737021.9,74752536144.68,74752536144.68,1421084451829.85,"1640304240",8557,50844,447,NA,NA,"343638",NA
2021-12-25,40.8062,20.4102,1640390400000,2351520040972.63,89693142265.28,89693142265.28,65441651582.29,65441651582.29,1391954417935.32,"1640390640",8586,50763,447,NA,NA,"345078",NA
2021-12-26,40.2176,20.502,1640476800000,2372345031391.49,71129630972.87,71129630972.87,52105282827.23,52105282827.23,1418245479895.18,"1640477040",8587,50750,447,NA,NA,"346518",NA
2021-12-27,40.1894,20.2401,1640563200000,2391312129050.74,75212941894.54,75212941894.54,54329811907.5,54329811907.5,1430258226434.86,"1640563440",8590,50802,447,NA,NA,"347958",NA
2021-12-28,40.2457,20.123,1640649600000,2379601905151.61,81628266032.94,81628266032.94,57342820874.88,57342820874.88,1421913649582.02,"1640649840",8627,50903,447,NA,NA,"349398",NA
2021-12-29,40.1962,20.1647,1.640736e+12,2239793448093.28,107406711238.7,107406711238.7,74068956871,74068956871,1339480818266.95,"1640736240",8660,51043,447,NA,NA,"350838",NA
2021-12-30,40.3838,19.8481,1640822400000,2176300394043.55,92301517680.54,92301517680.54,62297631039.15,62297631039.15,1297427350383.01,"1640822640",8692,51508,451,NA,NA,"352297",NA
2021-12-31,40.2889,19.9808,1640908800000,2217587341587.41,79859922253.59,79859922253.59,53372616396.86,53372616396.86,1324146888050.74,"1640909040",8728,51579,451,NA,NA,"353737",NA
2022-01-01,40.0513,20.0488,1640995200000,2188927499015.76,91350861845.16,220764054809.57,54314681845.48,125391911446.51,1312233985373.62,"1640995440",8737,51865,451,NA,NA,"355177",NA
2022-01-02,40.0386,19.9016,1641081600000,2253025340162.08,66638131551.96,159788701380.87,42094495120.58,88832283900.34,1350944891565.24,"1641081840",8743,51841,451,NA,NA,"356617",NA
2022-01-03,39.6628,20.1753,1.641168e+12,2255963303858.94,73253871166.58,171394103808.21,45401770840.75,93156799170.03,1361184808985.93,"1641168240",8752,51858,451,NA,NA,"358057",NA
2022-01-04,39.5255,20.1455,1641254400000,2225213380991.03,87772654928.84,206928918399.95,54708889455.65,115745979707.18,1345687441336.79,"1641254640",8799,51981,451,NA,NA,"359497",NA
2022-01-05,39.3336,20.4348,1641340800000,2206005900549.9,101800178203.34,242278621051.52,59348510788.39,130031837723.27,1338304087811.42,"1641341040",8829,52075,451,NA,NA,"360937",NA
2022-01-06,39.4781,20.2288,1641427200000,2082775500630.5,112003900838.45,296021163001.85,75224229899.65,159062682371.19,1260535863356.33,"1641427440",8877,52219,451,NA,NA,"362377",NA
2022-01-07,39.4849,19.6918,1641513600000,2067677528682.61,105959376584.79,249832440459.87,75898079990.45,156594097032.96,1251256161371.5,"1641513840",8904,52324,454,NA,NA,"363817",NA
2022-01-08,40.0048,19.3462,1.6416e+12,1969496245696.54,142860989808.14,328251520264.71,58576144136.92,153733206787.06,1181602834632.26,"1641600240",8916,52170,454,NA,NA,"365257",NA
2022-01-09,40.616,18.9318,1641686400000,1941933529129.49,90480440846.51,218680273221.82,62494449684.32,131062042789.04,1153197035965.42,"1641686640",8919,52169,454,NA,NA,"366697",NA
2022-01-10,40.2969,19.0917,1641772800000,1969300758849.55,72302255348.86,167161572093.7,51086725808.19,104414086191.07,1175734098853.56,"1641773040",8938,52215,454,NA,NA,"368137",NA
2022-01-11,40.8623,18.9517,1641859200000,1935846004184.75,100912419170.77,256047627070.62,68894245498.39,145882689800.51,1144814197138.18,"1641859440",8984,52966,454,NA,NA,"369577",NA
2022-01-12,40.2759,19.2204,1641945600000,2010183566518.26,87696385857.95,288494032932.68,61389652490.99,204593645192.77,1200563495381.88,"1641945840",9022,53098,456,NA,NA,"371017",NA
2022-01-13,39.8542,19.2625,1.642032e+12,2087721022892.51,95200039571.6,457832348087.77,61741773206.54,363501678762.06,1255675579052.38,"1642032240",9051,53300,457,NA,NA,"372457",NA
2022-01-14,39.9045,19.1404,1642118400000,2019726952110.09,102390004137.43,2545463961199.08,54829602863.59,2436369221061.04,1213765086794.75,"1642118640",9096,53448,456,NA,NA,"373897",NA
2022-01-15,39.6271,19.1727,1642204800000,2060979891846.87,86791653248.99,207198802066.27,63295089974.87,126689547787.35,1244273265254.18,"1642205040",9105,52460,454,NA,NA,"375337",NA
2022-01-16,39.4873,19.1864,1642291200000,2067705583569.23,61894761298.36,152455417296.45,43594223006.86,90471437157.96,1251225294109.74,"1642291440",9129,52477,454,NA,NA,"376777",NA
2022-01-17,39.2906,19.2233,1642377600000,2078540080706.28,62372947488.35,156962493513.06,44514111870.77,94438254199.74,1261869595664.2,"1642377840",9134,52421,453,NA,NA,"378217",NA
2022-01-18,39.6399,18.9769,1.642464e+12,2018661958726.47,76827074990.27,197389373076.83,55171390904.84,120351513135.01,1218465396381.35,"1642464240",9174,52533,453,NA,NA,"379657",NA
2022-01-19,40.0397,18.824,1642550400000,2003711640480.49,77960572300.2,200693628269.32,55599089224.12,118411926848.53,1201430664601.22,"1642550640",9212,52650,453,NA,NA,"381097",NA
2022-01-20,40.2492,18.7896,1642636800000,1963424131727.88,74238843482.45,196606263459.32,51181163134.91,110879961866.32,1173161992346.83,"1642637040",9229,52824,453,NA,NA,"382537",NA
2022-01-21,40.415,18.7846,1642723200000,1905499311655.53,230699755078.31,351527934540.9,210271271081.58,262127974109.92,1135391547832.14,"1642723440",9237,52881,452,NA,NA,"383980",NA
2022-01-22,40.7876,18.1413,1642809600000,1701513109218.73,128887040190.27,378064452653.83,85844498391.37,192555104164.01,1007506828540.13,"1642809840",9245,53023,452,NA,NA,"385422",NA
2022-01-23,41.394,17.9092,1.642896e+12,1603209042332.5,132430434193.79,363084585875.38,92847435205.16,205977951751.81,939575955679.84,"1642896240",9255,53053,452,NA,NA,"386862",NA
2022-01-24,40.9939,18.0695,1642982400000,1672150757366.93,85310684697.24,220410228243.04,59356523228.75,124819949371.11,986670131368.9,"1642982640",9250,53105,457,NA,NA,"388302",NA
2022-01-25,42.0438,17.6271,1643068800000,1648838906691.41,128882156030.31,366624574636.79,87182173965.48,193029943591.8,955604843605.86,"1643069040",9270,53283,457,NA,NA,"389742",NA
2022-01-26,41.6385,17.4318,1643155200000,1680833241296.57,85815992952.1,219280294178.45,59403719947.81,121297188961.43,980958870985.66,"1643155206",9313,53754,458,NA,NA,"405469",NA
2022-01-27,41.598,17.5501,1643241600000,1677745802850.06,103606885332.84,280239935136.92,72263155552.56,150156675288.13,979836436272.42,"1643241606",9313,53754,458,NA,NA,"406927",NA
2022-01-28,42.0597,17.2861,1.643328e+12,1672297868711.29,81892258093.96,228341234806.28,56855223224.61,121719803914.85,968933715365.85,"1643328006",9313,53754,458,NA,NA,"409834",NA
2022-01-29,41.9267,17.807,1643414400000,1707020008438.95,76409686661.68,154294153495.16,54172004380.11,65340493790.42,991322667437.25,"1643414406",9313,53754,458,NA,NA,"411285",NA
2022-01-30,41.7428,17.9131,1643500800000,1731076093854.02,59923101329.65,145901060861.42,42728782288.78,88558721860.41,1008476813420.2,"1643500800",9313,53754,458,NA,NA,"413088",NA
2022-01-31,41.8779,18.1217,1643587200000,1715526833234.09,52780237047.14,132501689151.53,38200593740.57,83423296119.98,997099370430.77,"1643587440",9305,53707,458,NA,NA,"414244",NA
2022-02-01,41.6495,18.3312,1643673600000,1747697914960.14,67032400737.68,184874891018.23,46312915267.33,104714920668.34,1019790854199.96,"1643673840",9329,53757,458,NA,NA,"416044",NA
2022-02-02,41.223,18.7188,1.64376e+12,1781167366800.51,65105292554.59,184806557936.98,44886953981.4,96797201869.11,1046916567782.77,"1643760240",9354,53801,458,NA,NA,"417844",NA
2022-02-03,41.026,18.7906,1643846400000,1706863307646.47,66856039035.3,186643649108.32,47715762755.22,107261462642.93,1006604783373.19,"1643846640",9347,53752,457,NA,NA,"419644",NA
2022-02-04,41.0077,18.6556,1643932800000,1720302767061.88,63370347878.9,173128471961.66,44636884267.7,97418236093.04,1014846109644.36,"1643933040",9375,53778,457,NA,NA,"421444",NA
2022-02-05,41.812,18.9678,1644019200000,1879304102089.98,86190568078.42,237146546885.73,56826209845.45,121377441289.43,1093529166572.73,"1644019440",9389,53786,457,NA,NA,"423244",NA
2022-02-06,41.4431,19.0179,1644105600000,1895043129794.91,74498766531.97,189226754144.88,55076997906.03,115574400798.18,1109678020441.85,"1644105840",9377,53758,457,NA,NA,"425044",NA
2022-02-07,41.5127,18.8666,1.644192e+12,1934046813498.54,61398325062.44,158132914341.31,45231946078.95,97181253203.49,1131171071768.02,"1644192240",9374,53706,457,NA,NA,"426844",NA
2022-02-08,41.3888,18.7083,1644278400000,2010523948074.08,94424406162.44,256070540257.46,65878649086.61,137043272548.86,1178392521785.32,"1644278640",9400,53740,457,NA,NA,"428644",NA
2022-02-09,41.7715,18.6393,1644364800000,1999216084043.86,104663584806.77,220252505315.46,71653685739.34,82153096129.72,1164113810986.34,"1644365040",9359,53392,458,NA,NA,"430444",NA
2022-02-10,41.3526,19.0643,1644451200000,2031874561528.74,78701880577.94,207859268928.31,55499060250.6,115082135241.26,1191641216827.29,"1644451440",9370,53451,458,NA,NA,"432244",NA
2022-02-11,41.8997,18.653,1644537600000,1968237227424.53,108684639366.41,350057999357.28,76597866772.09,201427181519.23,1143551312326.32,"1644537840",9396,54271,456,NA,NA,"434044",NA
2022-02-12,42.4322,18.4639,1.644624e+12,1893201871382.25,93809558679.81,257245300184.98,66986182926.57,136186724139.37,1089875251172.2,"1644624240",9398,54355,456,NA,NA,"435844",NA
2022-02-13,42.2879,18.4157,1644710400000,1891821619436.48,70167467408.02,141866349625.68,52071095147.47,65001458420.45,1091809785103.99,"1644710640",9395,54415,456,NA,NA,"437644",NA
2022-02-14,42.5012,18.3134,1644796800000,1878359557297.44,59350320353.98,152078553247.51,44622267704.74,89557246643.03,1080034060253.26,"1644797040",9385,54413,456,NA,NA,"439444",NA
2022-02-15,42.496,18.4624,1644883200000,1899897565889.97,68851421413.85,194779124603.92,48084046436.52,100504872884.22,1092517364702.49,"1644883440",9394,54461,456,NA,NA,"441244",NA
2022-02-16,42.0733,18.9528,1644969600000,2006110544466.53,77475297838.91,158418382606.73,54746977380.7,63638314653.98,1162073966689.07,"1644969840",9404,54677,458,NA,NA,"443044",NA
2022-02-17,42.0084,18.87,1.645056e+12,1983350838637.84,70785121330.72,182144127517.53,51056240652.06,108018869574.44,1150176946415.5,"1645056240",9430,54773,459,NA,NA,"444844",NA
2022-02-18,41.721,18.7513,1645142400000,1841059855052.45,84545554192.84,237955643914.47,58294662363.54,128606439837.26,1072951283114.29,"1645142640",9426,54786,459,NA,NA,"446644",NA
2022-02-19,41.8544,18.3637,1645228800000,1813268592522.52,75282111752.5,204837108925.14,52056937241.34,111556309791.04,1054336714697.09,"1645229040",9448,55484,462,NA,NA,"448444",NA
2022-02-20,41.9095,18.2132,1645315200000,1815074513996.24,53931450519.54,139880491527.97,40252564326.77,89667785446.03,1054386632423.6,"1645315440",9446,55433,460,NA,NA,"450244",NA
2022-02-21,41.9233,18.0797,1645401600000,1735862785646.88,65556633194.74,183085739819.89,47219823729.6,104036598122.78,1008131635946.96,"1645401840",9438,55386,460,NA,NA,"452044",NA
2022-02-22,42.03,18.4152,1.645488e+12,1674156716081.72,99622055925.91,313508997154.39,70305909157.06,174469075967.95,970508740024.21,"1645488240",9454,55392,461,NA,NA,"453593",NA
2022-02-23,42.096,18.3203,1645574400000,1723289051013.58,84882622303.56,243884103320.95,59525237273.18,134255434767.61,997853394219.98,"1645574640",9471,55480,462,NA,NA,"455033",NA
2022-02-24,41.8424,18.326,1645660800000,1689631859713.11,109756861.8,221509290322.41,56545765815.94,125539220849.56,982648969185.19,"1645660860",9506,55550,462,NA,NA,"457234",NA
2022-02-25,42.4983,18.1827,1645747200000,1710733287020.27,150946705399.02,327450683735.05,104547585239.69,119140177009.94,983701122992.6,"1645747260",9530,55962,459,NA,NA,"458940",NA
2022-02-26,41.8718,18.6417,1645833600000,1776643564418.71,95210334276.42,204603039815.63,68661998657.59,84105943311.96,1032731416516.74,"1645833660",9534,55912,459,NA,NA,"460380",NA
2022-02-27,41.6992,18.7173,1.64592e+12,1779018648489.38,69270988790.81,206851347750.19,51816565930.42,126903171954.27,1037182123412.3,"1645920060",9534,55920,459,NA,NA,"461820",NA
2022-02-28,41.834,18.3535,1646006400000,1709714818781.76,81848489143.74,185011926873.86,58406695160.86,71666682604.66,994471951132.91,"1646006460",9529,55934,459,NA,NA,"463260",NA
2022-03-01,42.9267,18.3181,1646092800000,1908897877352.67,104290665882.84,314738344906.27,68940498205.02,160148813128.93,1089471046459.8,"1646092800",9528,55962,458,NA,NA,"465387",NA
2022-03-02,43.2792,18.3128,1646179200000,1944935693858.79,108651051093.03,304509046729.32,76188575798.2,176297001719.26,1103182451622.5,"1646179260",9546,56021,458,NA,NA,"466801",NA
2022-03-03,43.1965,18.3199,1646265600000,1929361073402.29,97371440674.91,283859697888.23,68205215891.4,162920627549.84,1095945151921.3,"1646265660",9571,56124,461,NA,NA,"468241",NA
2022-03-04,42.9973,18.1299,1.646352e+12,1873577424734.18,81407179034.33,231135180577.43,56449123460.5,127446727437.35,1067990184060.97,"1646352060",9584,56127,460,NA,NA,"469681",NA
2022-03-05,42.4689,17.9424,1646438400000,1749503595810.7,87933155136.57,253501058160.55,59397996388.63,129639934289.02,1006509195794.44,"1646438460",9586,56162,461,NA,NA,"471121",NA
2022-03-06,42.1674,18.0115,1646524800000,1773221304629.7,56900344964.19,155376539571.26,39933142088.96,90323905734.5,1025499701289.75,"1646524860",9582,56143,460,NA,NA,"472561",NA
2022-03-07,42.3183,17.7674,1646611200000,1723621761763.7,62778297248.91,177783235036.03,43029592574.37,93500640743.69,994213634772.58,"1646611260",9578,56127,460,NA,NA,"474001",NA
2022-03-08,42.3966,17.5731,1646697600000,1702978646889.8,85575511798.21,243102930072.21,57064159018.1,121503846883.61,980973758722.44,"1646697660",9583,56201,460,NA,NA,"475441",NA
2022-03-09,42.3671,17.8042,1.646784e+12,1735324509581.52,78427169255.7,228541160407.28,52660219466.35,117047682739.34,1000118581738.56,"1646784060",9606,56303,460,NA,NA,"476881",NA
2022-03-10,43.2686,17.7708,1646870400000,1840926736254.95,94837875191.79,254280839243.79,62567610099.97,132370644278.74,1044384329685.74,"1646870460",9614,56373,460,NA,NA,"478321",NA
2022-03-11,42.5966,17.798,1646956800000,1757146126223.41,91138959524.2,256378863153.26,60063224575.44,128450475773.77,1008660782124.05,"1646956860",9630,56470,460,NA,NA,"479761",NA
2022-03-12,42.5084,17.7209,1647043200000,1732014742949.07,81531503641.3,237134265970.77,55164484555.19,121053600062.59,995762377649.82,"1647043260",9630,56502,460,NA,NA,"481201",NA
2022-03-13,42.5209,17.7797,1647129600000,1735530252915.07,54584860570.58,107013651361.7,39965797197.27,50254029090.04,997567441767.53,"1647129660",9626,56524,463,NA,NA,"482641",NA
2022-03-14,42.3333,17.8048,1.647216e+12,1696301916874.15,60253823259.04,120129690339.53,42958455848.13,52294601560.09,978201512037.18,"1647216060",9624,56496,463,NA,NA,"484081",NA
2022-03-15,42.9104,17.71,1647302400000,1754651434997.2,74252010392.71,202843590080.54,49930285421.72,107228443392.73,1001723547026.93,"1647302460",9654,56585,462,NA,NA,"485521",NA
2022-03-16,42.6697,17.9616,1647388800000,1749724151838.29,74221804325.22,202820381145.7,50289716934.22,108689115922.94,1003122821025.86,"1647388860",9667,56624,463,NA,NA,"486961",NA
2022-03-17,42.7761,18.2175,1647475200000,1825738833245.35,104698803910.01,213178940892.97,65084355547.15,60165062114.98,1044759717897.67,"1647475260",9681,56721,463,NA,NA,"488401",NA
2022-03-18,42.4504,18.4425,1647561600000,1831023941249.34,76803452930.49,141683226270.13,54797600857.52,65928193593.76,1053747293563.54,"1647561660",9696,56905,467,NA,NA,"489841",NA
2022-03-19,42.2608,18.8196,1.647648e+12,1877294040726.05,97069363443.27,172984498570.88,62659294300.84,74728288456.67,1083935071087.62,"1647648060",9673,56977,469,NA,NA,"491281",NA
2022-03-20,42.146,18.6119,1647734400000,1900933342870.07,82866120368.12,188064540598.22,63199816696.19,126323834680.13,1099765947643.31,"1647734460",9670,57019,469,NA,NA,"492721",NA
2022-03-21,42.1553,18.4786,1647820800000,1858489052537.3,80142662841.44,191019883899.78,60015160177.02,122489508060.58,1075037247397.46,"1647820860",9660,56920,470,NA,NA,"494161",NA
2022-03-22,41.713,18.6036,1647907200000,1869269060178.52,89532075389.3,215564124508.87,64916255907.94,130415715195.11,1089541220726.63,"1647907260",9678,57038,470,NA,NA,"495601",NA
2022-03-23,41.9801,18.6191,1647993600000,1917114273924.95,100378436422.7,245890468410.38,68369717359.01,137066485952.41,1112307504570.8,"1647993660",9681,57089,472,NA,NA,"497041",NA
2022-03-24,41.7377,18.6502,1.64808e+12,1951616316096.99,95065418239.22,237198123949.51,69805941460.72,148642447540.62,1137056082799.28,"1648080000",9696,56996,475,NA,NA,"498703",NA
2022-03-25,41.8434,18.7057,1648166400000,1995485207938.21,109920283154.75,266934529018.51,78889069455.26,164019166220.26,1160507224556.08,"1648166400",9714,57101,476,NA,NA,"500143",NA
2022-03-26,42.3023,18.7388,1648252800000,1991293918291.93,91336161229.3,244474077349.52,60763980876.26,142069065628.25,1148931753014.66,"1648252800",9730,56484,475,NA,NA,"501583",NA
2022-03-27,42.0125,18.7652,1648339200000,2012084245260.48,59910844731.47,150470707857.76,42960224570.3,100074568744.95,1166757477463.14,"1648339200",9741,56486,475,NA,NA,"503023",NA
2022-03-28,42.2824,18.7995,1648425600000,2103474483298.77,85919528862.64,215367457706.54,57757502394.75,129271815967.02,1214075890145.53,"1648425600",9739,56497,476,NA,NA,"504463",NA
2022-03-29,42.3733,18.9802,1.648512e+12,2112204792356.44,120398068878.97,293304834864.19,84025733314.53,183679943740.74,1217193587132.18,"1648512000",9786,56864,482,NA,NA,"505903",NA
2022-03-30,42.0961,19.0859,1648598400000,2141883962333.05,116373259989.19,285355775060.94,84980507854.08,192571638879.22,1240234717299.69,"1648598400",9803,57067,487,NA,NA,"507343",NA
2022-03-31,41.738,18.9908,1648684800000,2142202038307.02,112602389245.96,272673040664.95,83268131766.45,184937799580.62,1248090177297.83,"1648684800",9844,57268,489,NA,NA,"508783",NA
2022-04-01,41.5615,18.9437,1648771200000,2082095621891.59,128634994317.65,308382095462.31,95310394102.75,209126294176.01,1216746382791.1,"1648771200",9876,57470,491,NA,NA,"510223",NA
2022-04-02,41.1035,19.3812,1648857600000,2139468598908,128343448828.44,309621391450.46,90181189338.84,193659979346.23,1260072372199.55,"1648857600",9877,57641,495,NA,NA,"511663",NA
2022-04-03,40.9215,19.4471,1.648944e+12,2129598041309.94,114237935539.1,263782637067.08,84899179118.06,178817332787.75,1258134612080.58,"1648944000",9865,57661,495,NA,NA,"513103",NA
2022-04-04,40.7369,19.5477,1649030400000,2166647653492.07,94103285157.76,223396590654.77,68691025979.56,145503282645.11,1284022475758.27,"1649030400",9867,57658,495,NA,NA,"514543",NA
2022-04-05,41.017,19.6021,1649116800000,2160036369638.58,110814687356.14,262666104548.36,78313735339.09,167380329541.58,1274054102667.81,"1649116800",9858,57619,495,NA,NA,"515983",NA
2022-04-06,41.0054,19.4362,1649203200000,2110999077617.25,100157035046.16,238970735052.81,70510743893.92,150700015569.8,1245374675436.44,"1649203200",9858,57806,495,NA,NA,"517423",NA
2022-04-07,41.4613,19.2612,1649289600000,1980493912054.59,126688200867.83,320865317485.92,87293443443.42,200535271373.45,1159355072955.3,"1649289600",9874,57918,501,NA,NA,"518863",NA
2022-04-08,41.0586,19.3129,1.649376e+12,2013774280303.93,87427165744.16,223303389023.95,61325004510.59,140752945584.41,1186947202637.43,"1649376000",9872,57902,499,NA,NA,"520303",NA
2022-04-09,41.0878,19.6317,1649462400000,1956014446768.46,89756927838.7,245740669469.94,62542550907.01,149522184542.4,1152331012272.3,"1649462400",9888,58159,503,NA,NA,"521743",NA
2022-04-10,40.9331,19.7532,1649548800000,1986574058614.36,57912192000.66,142657695094.79,41861416481.72,94739047965.41,1173408198773.87,"1649548800",9896,58225,504,NA,NA,"523183",NA
2022-04-11,40.9791,19.7416,1649635200000,1957656513477.26,61256177404.82,156388778333.53,43596909131.15,96713457429.08,1155426138864.82,"1649635200",9918,58282,505,NA,NA,"524623",NA
2022-04-12,41.1216,19.6329,1649721600000,1827232552985.02,102579491470.54,291379610444.51,68630397561.88,168740898821.25,1075845499121.95,"1649721600",9926,58305,505,NA,NA,"526063",NA
2022-04-13,40.9035,19.5575,1.649808e+12,1864839919149.3,94789049760.13,254207459543.63,63798871119.91,143813769176.24,1102054516576.22,"1649808000",9931,58348,507,NA,NA,"527503",NA
2022-04-14,40.9671,19.6495,1649894400000,1910202868623.24,83749269604.51,219769205544.36,56059070999.59,124776960324.11,1127647658681.13,"1649894400",9921,58303,508,NA,NA,"528943",NA
2022-04-15,40.8099,19.5394,1649980800000,1860534665195.87,78603106396.79,204162267966.33,54260548833.99,124030531482.02,1101252412862.02,"1649980800",9955,58424,508,NA,NA,"530383",NA
2022-04-16,40.923,19.4316,1650067200000,1884081931511.96,63399692524.91,162288440480.16,41642061316.05,96464799554.17,1113058949158.32,"1650067200",9971,58480,508,NA,NA,"531823",NA
2022-04-17,40.7707,19.559,1650153600000,1885057863724.37,50373706394.03,120536985131.54,33541742986.73,73438398001.8,1116506185480.64,"1650153600",9969,58572,507,NA,NA,"533263",NA
2022-04-18,40.9073,19.5245,1.65024e+12,1846230971848.56,57929287845.83,143394338294.28,38839429103.2,88771407640.75,1090988580460.63,"1650240000",9966,58519,509,NA,NA,"534703",NA
2022-04-19,41.0268,19.4598,1650326400000,1892298042872.79,93897901021.16,236752771035.99,60192788912.94,136157369557.34,1115948815555.72,"1650326400",9979,58573,509,NA,NA,"536143",NA
2022-04-20,40.9796,19.413,1650412800000,1925877976585.35,80931927000.78,194467249015.39,55629560619.26,123961837251.95,1136660118738.24,"1650412800",9987,58637,509,NA,NA,"537583",NA
2022-04-21,41.1053,19.3694,1650499200000,1914112895269.67,90783115660.59,222810793747.98,62963963228.97,141058150486.89,1127311695285.43,"1650499200",10018,58693,509,NA,NA,"539023",NA
2022-04-22,41.2172,19.2454,1650585600000,1869964856358.09,104503927703.89,266123836043.64,69127497068.5,152615929494.77,1099216842844.25,"1650585600",10032,58681,510,NA,NA,"540463",NA
2022-04-23,40.8326,19.2989,1.650672e+12,1851001110959.29,83735005991.95,216628008266.01,55726645752.65,124394143945.66,1095188712573.51,"1650672000",10046,58881,511,NA,NA,"541903",NA
2022-04-24,40.8825,19.2715,1650758400000,1836887852587.82,54999242858.47,142701555733.66,38861486534.39,92904015801.19,1085921834645.1,"1650758400",10025,58584,511,NA,NA,"543343",NA
2022-04-25,41.064,19.266,1650844800000,1828331719908.61,55986249711.75,149480091154.33,38022676575.35,90797349623.49,1077545179690.66,"1650844800",10024,58572,511,NA,NA,"544783",NA
2022-04-26,41.2223,19.4289,1650931200000,1866741324696.47,101627136740.13,274642944483.69,66183638785.74,157005508659.72,1097228298070.53,"1650931200",10043,58582,510,NA,NA,"546223",NA
2022-04-27,41.2418,19.254,1651017600000,1758264083993.15,94893107536.81,264227542727.89,60323271086.98,147602004166.78,1033123587302.67,"1651017600",10048,58729,511,NA,NA,"547663",NA
2022-04-28,41.4644,19.3437,1.651104e+12,1800422932555.41,84135423411.7,234170000223.49,53155325285.43,130074110689.89,1053888585667.81,"1651104000",10075,58821,513,NA,NA,"549103",NA
2022-04-29,41.6226,19.4782,1651190400000,1817880992312.91,94410919785.74,258618650358.98,60508392782.63,147973561965.78,1061232259070.84,"1651190400",10077,58906,515,NA,NA,"550543",NA
2022-04-30,41.8469,19.3413,1651276800000,1755332617995.95,93640423923.76,252313086717,62757606269.6,157433066516.92,1020780568691.22,"1651276800",10095,58963,516,NA,NA,"551983",NA
2022-05-01,42.3766,19.4428,1651363200000,1693345382417.17,80072582373.27,204954792176.8,56176606051.18,141771621828.16,975763801891.24,"1651363200",10095,59032,518,NA,NA,"553423",NA
2022-05-02,42.1501,19.6374,1651449600000,1736689493706.14,83494798193.63,221589009903.13,56492067478.28,145399580441.68,1004673300408.29,"1651449600",10091,59013,521,NA,NA,"554863",NA
2022-05-03,42.213,19.8438,1.651536e+12,1736808174629.35,86935756863.3,297616588402.27,54012846915.88,198885753035.77,1003649035182.41,"1651536000",10095,59010,521,NA,NA,"556303",NA
2022-05-04,42.077,19.6668,1651622400000,1707255031148.14,72536850733.48,194041346686.85,45211119722.23,116279431716,988892565295.48,"1651622400",10092,58996,522,NA,NA,"557743",NA
2022-05-05,41.8892,19.6706,1651708800000,1803486551946.1,98326938726.04,266064204289.5,61571580201.5,153907464883.72,1048020049205.43,"1651708800",10103,59020,522,NA,NA,"559183",NA
2022-05-06,41.505,19.7788,1651795200000,1677074080534.15,114325090368.92,308968431182.11,71219170776.99,175164073421.75,981004463158.78,"1651795200",10130,59110,522,NA,NA,"560623",NA
2022-05-07,41.4295,19.6415,1651881600000,1655749859058.39,92837625017.16,883473612338.51,674136179410.21,764100489938.74,969781018251.1,"1651881600",10134,59122,523,NA,NA,"562063",NA
2022-05-08,41.6968,19.6313,1.651968e+12,1620601533242.5,76921052027.91,195294473970.17,52544314544.54,125821065446.72,944862616242.96,"1651968000",10130,59137,523,NA,NA,"563503",NA
2022-05-09,41.4185,19.4167,1652054400000,1565264594253.84,103112492774.63,272282682309.17,66346006427.61,157485953342.59,916955323373.65,"1652054400",10133,59191,524,NA,NA,"564943",NA
2022-05-10,41.7559,19.6205,1652140800000,1380631810481,159101117269.94,876110673318263,95733323568.45,875885615283973,804136666948.87,"1652140800",10153,59410,525,NA,NA,"566383",NA
2022-05-11,41.7182,19.9851,1652227200000,1415452718527.68,170212438067.64,81417836690197.1,110432516794.67,81215017336587.6,824951307953.91,"1652227200",10114,59512,526,NA,NA,"567823",NA
2022-05-12,43.731,19.863,1652313600000,1259685975101.05,213727678738.79,594887098639.66,143336571344.88,347723793995.62,708812296900.31,"1652313600",10121,59617,526,NA,NA,"569263",NA
2022-05-14,44.2486,19.304,1652486400000,1259895009983.04,119931779072.69,11695642766844.2,77151172263.54,11559422207625.9,702409003750.37,NA,10117,59602,526,19430,1652,"572144",NA
2022-05-15,44.4245,19.2511,1652572800000,1290062500750.44,90067337736.89,213106225551.03,61491592130.13,119914995455.4,716958394507.52,"1652572800",10114,59608,526,NA,NA,"573583",NA
2022-05-16,44.4585,19.3324,1652659200000,1340727354741.77,76918927624.34,186367255404.76,51083708667.13,103014420969.5,744659809611.58,"1652659200",10110,59591,525,NA,NA,"575023",NA
2022-05-17,44.5311,19.1369,1652745600000,1276945482042.39,88943005329.11,21074212391196.5,56328473636.52,20963818366900.8,708307009809.32,"1652745600",10102,59603,525,NA,NA,"577903",NA
2022-05-18,44.2063,19.2706,1.652832e+12,1310623492596.71,78334689676.88,23135075166105.4,49235262655.15,23040909283449.1,731245197988.45,"1652832000",10104,59443,525,NA,NA,"579343",NA
2022-05-19,44.6101,18.8897,1652918400000,1226040356031.56,79312434278.8,205940619187.81,48028803020.84,106309933152.05,679103084701.14,"1652918400",10091,59419,527,NA,NA,"580783",NA
2022-05-20,44.9443,18.9877,1653004800000,1284446454170.97,84007749705.03,21790871938662,50239748121.99,21684437113343.9,707160844816.78,"1653004800",10087,59535,527,NA,NA,"582223",NA
2022-05-21,44.5702,18.9961,1653091200000,1247747612485.61,76165061493.88,1033824412124715,1011034161794234,1033719667673723,691624082370.41,"1653091200",10073,59487,527,NA,NA,"583663",NA
2022-05-22,44.5083,18.9495,1653177600000,1259469044786.43,50221546604.78,131846119428.53,32948568069.31,77547708145.15,698900904904.81,"1653177600",10054,59428,527,NA,NA,"585103",NA
2022-05-23,44.6067,19.0759,1.653264e+12,1294498240079.56,60071895372.73,156364481256.37,38439257033.96,85571498136.42,717065770674.33,"1653264000",10046,59293,527,NA,NA,"586543",NA
2022-05-24,44.2864,19.05,1653350400000,1251603961234.32,83845649277.51,226670496739.53,52366789803.29,119624974960.58,697314102517.19,"1653350400",10051,59219,526,NA,NA,"587983",NA
2022-05-25,44.5116,18.8536,1653436800000,1269044934413.2,70618686606.32,10059667063337,44006202253.44,9970559385878.6,704173103008.23,"1653436800",10062,59257,526,NA,NA,"589423",NA
2022-05-26,44.7126,18.6726,1653523200000,1259528121492.91,70677604885.02,5318006296180.66,43149195398.77,5216973595400.91,696359872314.58,"1653523200",10047,59200,526,NA,NA,"590863",NA
2022-05-27,45.8416,17.935,1653609600000,1215915464317.68,95985042148.4,273453738277.7,59206839060.1,148069050039.35,658520717801.58,NA,10051,59235,526,19607,1657,"592303",NA
2022-05-28,46.0219,17.6048,1.653696e+12,1184959234425.29,94646223757.36,271211984506.73,58071224283,149848742081.59,639618160719.2,NA,10053,59359,526,19623,1657,"593743",NA
2022-05-29,45.7336,17.932,1653782400000,1209009255029.13,53368296305.52,140335651525.28,34116939414.68,82849559995.21,656085551964.05,NA,10053,59383,526,19630,1657,"595183",NA
2022-05-30,45.8227,17.9041,1653868800000,1224305629472.27,50284426004.87,139460571126.93,32189486262.96,83189361729.52,663295577937.8,NA,10046,59377,526,19631,1657,"596623",NA
2022-05-31,46.0102,18.3848,1653955200000,1313815238862.78,90273700055.32,242694294832.13,50993253165.82,124348177186.31,709325857531.01,NA,10056,59409,526,19660,1657,"598063",NA
2022-06-01,46.2762,17.9517,1654041600000,1309096207704.8,88598223382.43,230273709249.02,55059740671.73,131566631065.14,703295996417.93,NA,10058,59456,525,19674,1664,"599503",NA
2022-06-02,46.0094,17.8758,1.654128e+12,1234102908925.65,97264390742.05,263015182648.11,56128134990.03,135477578248.35,666300146266.74,NA,10071,59491,525,19701,1664,"600943",NA
2022-06-03,46.1783,17.655,1654214400000,1257315278519.81,71963363050.54,193301903192.97,42879851680.59,102702850156.36,676708771201.53,NA,10074,59506,525,19713,1664,"602383",NA
2022-06-04,46.2449,17.552,1654300800000,1224144161697.26,62692992854.92,176022593048.6,36517034507,91558484405.15,658039421796.78,NA,10069,59502,525,19728,1664,"603823",NA
2022-06-05,46.1115,17.6876,1654387200000,1233065389887.51,44175826409.59,120547222811.84,27587491902.96,69779417115.23,664479968190.01,NA,10050,59438,525,19731,1664,"605263",NA
2022-06-06,46.1904,17.7111,1654473600000,1234089501735.15,45151931584.01,124975266810.3,27887503346.28,70794940380.48,664058147530.32,NA,10038,59390,525,19731,1664,"606703",NA
2022-06-07,46.8338,17.6324,1.65456e+12,1276723377196.49,72936300242.03,210059855576.66,40988163073.67,106397457480.46,678785638259.5,NA,10046,59386,525,19755,1664,"608143",NA
2022-06-08,47.0657,17.4103,1654646400000,1261682263786.71,92670845981.42,275371650097.26,51900035296.92,132242740174.51,667862492613.83,NA,10046,59540,527,19774,1674,"609583",NA
2022-06-09,46.4924,17.5326,1654732800000,1238829879210.49,72744502058.87,214334223822.49,42503169249.35,103164748964.87,662867865049.26,NA,10046,58849,527,19788,1674,"611023",NA
2022-06-10,46.3917,17.5187,1654819200000,1237318651528.38,58778745667.02,163184215219.61,37087365160.47,84367866532.26,663305412282.42,NA,10021,58665,528,19808,1676,"612463",NA
2022-06-11,46.7029,16.9883,1654905600000,1187216558811.33,70660931568.92,210802643350.83,40792914231.59,104411881772.88,632752509486.41,NA,10017,58591,526,19818,1676,"613903",NA
2022-06-12,47.473,16.2683,1.654992e+12,1139214785477.76,70005818026.08,207124989254.44,42757596244.21,112736339390.78,598395195366.01,NA,10011,58595,526,19828,1676,"615343",NA
2022-06-13,47.1652,16.184,1655078400000,1081333363726.9,83361542617.46,251858570774.87,49187809540.9,131179851389.95,571319902382.16,NA,10000,58560,526,19829,1677,"616783",NA
2022-06-14,45.376,15.4455,1655164800000,944917063345.24,152394396672.49,481059786866.29,84196344221.27,216100654650.39,516151498392.78,NA,10004,58534,527,19852,1678,"618223",NA
2022-06-15,44.8693,15.5598,1655251200000,943479821065.54,115227136776.74,353246369676.6,64317962626.81,157913869105.34,520146623828.51,NA,10006,58542,527,19864,1678,"619663",NA
2022-06-16,44.4301,15.4275,1655337600000,968860131733.83,126848423848.75,393222190886.71,71930969725.52,175294915111.19,538394930414.88,NA,9978,58440,527,19888,1678,"621103",NA
2022-06-17,44.1221,14.6908,1.655424e+12,880972456707.04,75567867300,239693384900.07,44382224680.2,110083639540.9,492268833886.02,NA,9970,58476,527,19902,1680,"622543",NA
2022-06-18,43.7969,14.7731,1655510400000,891411077791.7,62276843388.07,198126272081.89,35145786612.64,86674899637.83,501001022268.52,NA,9929,58295,528,19920,1680,"623983",NA
2022-06-19,43.1871,14.3437,1655596800000,839650962999.44,87173093137.72,272145669950.16,45164313322.93,113122757071.88,477029910599.91,NA,9924,58292,528,19929,1680,"625423",NA
2022-06-20,43.4868,15.1665,1655683200000,901399351176.46,79134402796.83,247801906051.74,43804355270.1,107850120358.81,509409495336.11,NA,9914,58280,528,19929,1682,"626863",NA
2022-06-21,43.3419,15.0838,1655769600000,906369414385.51,73377981928.47,236539768680.59,42561786921.01,109464290296.29,513531389627.01,NA,9926,58476,529,19940,1683,"628303",NA
2022-06-22,43.2466,14.9326,1.655856e+12,913620025532.34,70911680866.03,220284581337.77,41940962732.56,105244832035,518510296351.46,NA,9935,58593,530,19956,1683,"629743",NA
2022-06-23,43.1704,14.4378,1655942400000,883095045011.47,65176705807.12,214574730127.31,36602101861.34,95638246632.74,501858981982.98,NA,9947,58714,532,19974,1683,"631183",NA
2022-06-24,43.267,14.9161,1656028800000,929596227295.69,61523435492.31,196781819596.05,35331331005.26,93958664846.5,527387990270.66,NA,9941,58728,535,19988,1683,"632623",NA
2022-06-25,42.4017,15.5771,1656115200000,955238172988.68,66174094513.22,209719248465.31,41216325733.59,108956944157.24,550201029600.49,NA,9946,58865,523,19999,1683,"634063",NA
2022-06-26,42.4985,15.6262,1656201600000,965084267347.38,50874543851.27,160027431140.44,32499448320.29,87948368564.09,554937744754.53,NA,9941,58854,523,20002,1683,"635503",NA
2022-06-27,42.5996,15.4557,1.656288e+12,941715698414.9,51243900209.17,163739924298.42,33218141449.3,89221054327.65,540548763074.57,NA,9935,58839,523,20004,1683,"636943",NA
2022-06-28,42.3442,15.5,1656374400000,934175654099.83,54885227157.38,173548298862.3,33919386770.26,88781011541.65,538606323440.4,NA,9958,59615,513,20033,1683,"638383",NA
2022-06-29,42.5861,15.2839,1656460800000,908640044126.71,57125007131.97,184345408316.58,35744728758.27,97054931819.41,521685757242.03,NA,9968,59631,507,20056,1683,"639823",NA
2022-06-30,42.7807,14.8734,1656547200000,896757783095.82,62401180840.2,192389432191.99,38847032969.37,98975265731.84,513118791995.73,NA,9967,59678,511,20067,1684,"641263",NA
2022-07-01,42.7439,14.6589,1656633600000,884026054929.61,65299942090.58,225222024442.23,39000265074.95,109394725170.8,506158811429.6,NA,9969,59763,514,20070,1685,"642776",NA
2022-07-02,42.3618,14.8187,1.65672e+12,868145263703.86,68822231399.92,226835945907.29,38075350296.27,98383621695.57,500383710454.16,NA,9980,59815,514,20088,1685,"644216",NA
2022-07-03,42.174,14.8682,1656806400000,870694559732.85,44011118725.7,133671882726.97,25912772285.99,67149925491.21,503487606650.96,NA,9977,59825,514,20091,1685,"645656",NA
2022-07-04,42.1532,14.9208,1656892800000,873658987260.77,39463136646.21,126556636186.13,23071992067.77,58442919458.42,505384078871.75,NA,9969,59817,514,20095,1685,"647096",NA
2022-07-05,42.3624,15.3314,1656979200000,911335062932.44,53360378667.25,170373571272.86,31765830713.32,81956963047.92,525271887894.9,NA,9974,59806,509,20115,1685,"648536",NA
2022-07-06,42.5774,15.2217,1657065600000,905158500281.15,64540257339.01,215912844533.51,37825372596.16,101729230510.4,519765730184.9,NA,9971,59999,504,20122,1686,"649976",NA
2022-07-07,42.4769,15.6117,1.657152e+12,923318115009.18,59198855208.79,193286039827.43,34600073778.21,94903564160.01,531121337936.68,NA,9983,59976,500,20143,1687,"651416",NA
2022-07-08,43.0949,15.6838,1657238400000,958373466358.13,59383106871.45,191239326559.24,33567923569.26,90663936947.17,545363648531.78,NA,9921,59862,503,20160,1688,"652856",NA
2022-07-09,43.3738,15.5305,1657324800000,956068228844.79,86167770987.68,256026242022.87,36261975538.52,100423748750.92,541384747173.57,NA,9917,59767,502,20168,1688,"654296",NA
2022-07-10,43.0712,15.4484,1657411200000,956960576045.51,54247860579.89,150693273179.53,24617599388.72,62406298294.14,544786099740.3,NA,9914,59742,502,20169,1688,"655736",NA
2022-07-11,42.913,15.2964,1657497600000,927919604901.18,55230620788.84,156841972412.7,26540736006.05,67719423193.37,529721129096.79,NA,9901,59721,502,20172,1688,"657176",NA
2022-07-12,42.8833,14.9959,1.657584e+12,889072921269.98,53495882651.63,167901821291.2,29345529563.5,78747672716.22,507809453353.77,NA,9906,59751,501,20179,1688,"658616",NA
2022-07-13,42.7148,14.606,1657670400000,863767929602.87,55226540928.34,174196141497.81,29415047288.48,79429820798.42,494811522745.3,NA,9916,59754,498,20212,1689,"660056",NA
2022-07-14,42.8439,15.0251,1657756800000,900717591718.62,71605337185.61,242619372828.81,38561704993.35,111065084706.91,514815161642.33,NA,9915,59743,498,20221,1689,"661496",NA
2022-07-15,42.4781,15.6635,1657843200000,924679773714.18,69477851265.52,223637691510.49,38319459476.25,109143504331.44,531893139172.77,NA,9921,60032,497,20237,1689,"662936",NA
2022-07-16,42.5083,16.0144,1657929600000,935912347104.07,64033096683.96,206500510541.27,38127528901.23,109369064954.23,538072370127.82,NA,9925,60049,498,20246,1689,"664376",NA
2022-07-17,41.8671,17.0166,1.658016e+12,966593664917.4,61101459536.86,199840926479.1,36797286249.03,113591754407.78,561908873752.47,NA,9917,60049,498,20248,1689,"665816",NA
2022-07-18,41.6174,17.0707,1658102400000,953526446987.57,58301396592.48,180480233646.09,35373211974.18,102369812967.12,556693610240.67,NA,9906,60045,498,20249,1690,"667256",NA
2022-07-19,41.3531,18.493,1658188800000,1037991980400.82,96995594449.72,325261459199.5,56996405586.79,173320802994.38,608750165476.56,NA,9922,60090,498,20263,1690,"668696",NA
2022-07-20,42.2897,17.764,1658275200000,1056348564754.33,108298181019.02,356449200798.05,59547004045.35,173919575227.84,609621864767.05,NA,9932,60166,498,20282,1690,"670136",NA
2022-07-21,42.7167,17.8018,1658361600000,1038728376196.05,95960356171.54,317128535544.65,53027649174.02,150714448374.96,595017599712.74,NA,9942,60232,498,20300,1690,"671576",NA
2022-07-22,42.0842,18.2443,1.658448e+12,1051291271400.53,77193189873.52,255271623224.01,43563317805.49,129173381489.17,608864222301.37,NA,9943,60471,500,20316,1692,"673016",NA
2022-07-23,42.0438,18.1279,1658534400000,1031757201913.72,72049344884.78,238213047872.2,40629588636.84,121110059284.53,597967534619.45,NA,9941,60597,499,20323,1692,"674456",NA
2022-07-24,41.6834,18.3101,1658620800000,1029480335962.46,59283284890.87,189536402463.73,35260595072.89,100974815584.61,600357824645.83,NA,9937,60586,499,20329,1692,"675896",NA
2022-07-25,41.5157,18.7079,1658707200000,1040257197191.05,58279935786.75,191541400165.95,34713544932.11,105542302154.99,608387508130.15,NA,9933,60584,499,20331,1692,"677336",NA
2022-07-26,41.7031,17.976,1658793600000,978521062470.84,76102664448.07,237302133760.14,40525123870.27,120715276902.99,570447893657.11,NA,9940,60656,500,20354,1692,"678776",NA
2022-07-27,41.5787,17.9796,1.65888e+12,976010072010.68,66286352332.57,205150272858.64,37655627257.08,108528774060.65,570197789005.68,NA,9949,60740,500,20363,1692,"680216",NA
2022-07-28,41.5412,18.8843,1658966400000,1054678227732.53,83900307501.79,271884489317.43,52147246238.47,150357936208.51,616552689965.67,NA,9941,60522,500,20374,1692,"681656",NA
2022-07-29,41.6027,19.1815,1659052800000,1095068233082.87,104736164002.52,321070427496.37,64525938347.96,184075031058.05,639489815401.82,NA,9930,60469,500,20387,1692,"683096",NA
2022-07-30,41.3935,19.1432,1659139200000,1098632382007.06,100324318668.74,303171020727.15,64435598941.87,180189794374.17,643869531731.45,NA,9916,60480,500,20398,1692,"684536",NA
2022-07-31,41.3647,18.8994,1659225600000,1092674957538.31,78383131427.77,232291666811.05,50237045105.65,135168211905.06,640693763628.14,NA,9909,60441,500,20399,1692,"685976",NA
2022-08-01,41.1967,18.9172,1.659312e+12,1082465015425.74,71721670030.5,204518418341.5,48169470886.24,123045518579.62,636525637620.09,NA,9902,60411,500,20401,1692,"687416",NA
2022-08-02,41.3834,18.5008,1659398400000,1076452655518.82,72697520281.87,219003842054.74,46847240094.21,126203673386.79,630980384814.93,NA,9913,60309,499,20417,1692,"688856",NA
2022-08-03,41.2411,18.6786,1659484800000,1064857531037.37,77328206049.63,259021551947.51,48937600129.89,147857886984.79,625699055963.26,NA,9647,59399,499,20426,1692,"690296",NA
2022-08-04,41.0537,18.5415,1659571200000,1063605530517.46,67351062564.34,218746887016.29,41062354560.44,118085357145.6,626955911357.45,NA,9725,59860,499,20443,1693,"691736",NA
2022-08-05,40.7079,18.4417,1659657600000,1062431553531.93,62694689603.88,211642852668.5,37574910670.89,112944324621.88,629938358058.87,NA,9756,60132,499,20450,1693,"693176",NA
2022-08-06,40.4017,19.1561,1.659744e+12,1101827326982.49,69406924643.74,272963521758.23,40521941026.4,128529214882.91,656669930197.55,NA,9795,60349,500,20468,1694,"694616",NA
2022-08-07,40.3353,18.9449,1659830400000,1088158476453.97,45660682726.96,167966875149.62,29684314512.24,87441605972.25,649246991808.7,NA,9809,60431,500,20472,1694,"696056",NA
2022-08-08,40.3736,18.8726,1659916800000,1097375715084.31,41713178118.06,144963688354.55,25827529264.8,77623793926.91,654325997626.07,NA,9828,60120,500,20486,1694,"697496",NA
2022-08-09,40.4696,19.2413,1660003200000,1124714161841.73,69830686765.15,228428905600.59,41253163481.02,123199859648.76,669546543291.72,NA,9871,60358,499,20503,1696,"698936",NA
2022-08-10,40.4396,18.9583,1660089600000,1095020263036.44,65800051665.36,216068873959.51,42245080215.91,120628585276.07,652198665461.3,NA,9918,60439,502,20529,1696,"700376",NA
2022-08-11,40.152,19.7984,1.660176e+12,1140268140392,89167964569.49,298873494644.45,56327459604.95,158852360139.28,682427694083.71,NA,9913,60654,507,20538,1701,"701816",NA
2022-08-12,40.0835,20.0706,1660262400000,1142713417538.08,88820372199.68,305194423526.85,51694910968.21,151336240440.72,684673435368.75,NA,9946,61128,507,20542,1701,"703256",NA
2022-08-13,39.9787,20.4506,1660348800000,1167053952302.46,65053200477.23,221257737048.17,37785148907.22,113246752116,700481145481.2,NA,9975,61455,507,20556,1703,"704696",NA
2022-08-14,39.8846,20.6364,1660435200000,1171016455089.17,58107250470.21,231819470902.04,35119402286.94,127385639779.01,703961500379.45,NA,9981,61723,508,20562,1704,"706136",NA
2022-08-15,40.0127,20.3258,1660521600000,1162168587472.8,61043490817.9,309610820534.68,38049552662.87,204178773340.2,697153919267.14,NA,9983,61938,508,20562,1705,"707576",NA
2022-08-16,40.1383,20.1963,1.660608e+12,1149666537328.04,79350933435.78,300551464125.71,44229760436.33,140428595403.93,688210139210.49,NA,9995,61893,508,20583,1708,"709016",NA
2022-08-17,40.0174,20.0744,1660694400000,1141282193913.31,64638103532.21,306515209194.38,36885522507.29,185233116896.1,684570333219.06,NA,9838,61727,508,20594,1710,"710456",NA
2022-08-18,40.0477,20.066,1660780800000,1114499232189.02,73767087926.07,287208691802.05,42834651982.28,144405181483.49,668167427818.31,NA,9637,60289,509,20613,1710,"711926",NA
2022-08-19,40.1951,20.4052,1660867200000,1104495345759.08,58465039885.26,235314074495.88,34715247817.1,133746778554.81,660542599229.98,NA,9646,60441,510,20629,1710,"713366",NA
2022-08-20,39.6876,19.5638,1660953600000,1006016564920.7,92469208178.8,347435947689.41,51957071725.29,164068841036.32,606752310457.33,NA,9661,60625,512,20652,1712,"714806",NA
2022-08-21,40.1632,19.0934,1.66104e+12,1007871584128.26,74279531752.76,279544320708.98,46688104806.55,167310438486.8,603077660442.86,NA,9669,60703,512,20671,1712,"716246",NA
2022-08-22,40.0316,19.2101,1661126400000,1028890777487.94,58461687188.73,211496112099.06,35358909339.38,110110771653.54,617009519236.74,NA,9664,60722,512,20677,1712,"717686",NA
2022-08-23,39.9431,19.3283,1661212800000,1024859097062.76,69584693985.49,260319067191.45,37915389527.04,131943692417.61,615498551636.38,NA,9663,60801,518,20690,1712,"719126",NA
2022-08-24,39.7518,19.5945,1661299200000,1035973082047.57,70024101419.66,259641204980.93,38147048744.05,131566762515.56,624155452916.87,NA,9643,60728,517,20704,1713,"720566",NA
2022-08-25,39.7106,19.6306,1661385600000,1030737972278.74,69339620922.02,233954585731.66,37378358867.86,120265507337.45,621425265441.13,NA,9639,60831,520,20719,1715,"722267",NA
2022-08-26,39.6113,19.8571,1.661472e+12,1043190518189.12,63981451444.89,218657148718.77,32952279189.92,123325996286.54,629968798636.7,NA,9637,60832,522,20739,1716,"723707",NA
2022-08-27,39.8135,18.9135,1661558400000,973690272798.25,92082679863.38,319002351511.96,49752325479.32,167944860206.26,586030530295.68,NA,9638,60838,523,20753,1717,"725147",NA
2022-08-28,39.6226,18.8201,1661644800000,967810386075.82,68447233586.53,294038246990.36,38333580845.26,202481246566.81,584338634615.72,NA,9630,60826,523,20756,1717,"726587",NA
2022-08-29,39.7072,18.4846,1661731200000,945298873089.24,50647265612.86,219356797945.73,26270114215.44,144219016176.42,569947388630.11,NA,9627,60792,523,20758,1717,"728027",NA
2022-08-30,39.3915,19.2412,1661817600000,986070848659.7,66835639464.22,228359180443.96,34206283296.7,126970498656.87,597642901267.47,NA,9624,60809,522,20782,1718,"729467",NA
2022-08-31,39.1399,19.2358,1.661904e+12,968007001645.5,72607626676.72,277047798247.78,38123110736.85,154043509891.12,589129808179.02,NA,9618,60783,523,20799,1718,"731195",NA
2022-09-01,39.2565,19.4226,1661990400000,977461199593.76,69485888477.77,252536489950.23,36261383192.79,139558564300.39,593744059527.73,NA,9627,60810,523,20810,1718,"732635",NA
2022-09-02,39.0746,19.6616,1662076800000,985802356570.52,64006149341.26,243279385151.94,33823216530.81,127935872365.79,600604265937,NA,9640,60858,523,20827,1722,"734075",NA
2022-09-03,38.9889,19.6632,1662163200000,980309974525.62,62924029602.61,232386304144.57,33798325172.71,127190653420.24,598097546918.85,NA,9612,60847,522,20835,1722,"735515",NA
2022-09-04,38.8841,19.4929,1662249600000,976231655346.37,44928970333.73,141690013935.36,21316303380.59,76618849634.85,596632543971.22,NA,9606,60751,526,20839,1722,"736955",NA
2022-09-05,38.8259,19.5723,1.662336e+12,985415723231.75,46411964057.5,161435834349.77,21161450229.58,75496764629.37,602819312126.94,NA,9605,60753,527,20852,1723,"738395",NA
2022-09-06,38.4261,20.0293,1662422400000,987113284853.46,57993227722.28,191349609735.17,29182031616.88,101463926935.33,607803871580.16,NA,9600,60700,525,20869,2514,"739835",NA
2022-09-07,38.1191,20.179,1662508800000,946025849261.37,90056081628.9,328230807255.84,46650250591.31,172930168397.4,585409049693.22,NA,9610,60730,527,20885,2808,"741275",NA
2022-09-08,37.8991,20.4532,1662595200000,974419687085.15,74759309931.72,251564305123.25,39522210947.01,134332620707.49,605123859571.54,NA,9602,60724,527,20895,2939,"742715",NA
2022-09-09,37.6546,20.3491,1662681600000,982761823144.78,72045179488.33,236021405829.12,39850958755.99,133454241175.29,612706309897.1,NA,9600,60751,529,20911,2994,"744155",NA
2022-09-10,39.1108,20.0892,1.662768e+12,1046572404358.09,100910033922.44,301361328170.01,52434843846.46,146974540927.25,637249195682.77,NA,9598,60380,515,20919,3033,"746667",NA
2022-09-11,39.068,20.447,1662854400000,1062501927930.7,74876384006.21,211045172752.09,37966471929.32,105068679553.97,647403486837.16,NA,9597,60391,515,20931,3090,"748107",NA
2022-09-12,39.2788,20.31,1662940800000,1061255536784.28,66970051831.45,195622858742.91,32474118323.04,98591665293.9,644406709538.59,NA,9593,60384,515,20931,3120,"749547",NA
2022-09-13,40.1574,19.6559,1663027200000,1066761673362.16,93553397585.58,294861881659.83,43339879280.15,139328973314.39,638377834281.31,NA,9578,60313,511,20945,3165,"750987",NA
2022-09-14,39.1245,19.5042,1663113600000,987946352969.7,102888796768.68,366428301426.66,50759878315.2,177286769298.51,601417609500.03,NA,9458,59160,510,20949,3197,"752495",NA
2022-09-15,38.7572,20.0027,1.6632e+12,1000185081910.45,77376489332.52,241396538373.14,39504432082.71,122772624707.72,612541681609.54,NA,9457,59135,511,20971,3218,"753935",NA
2022-09-16,39.3035,18.7618,1663286400000,960062701109.57,85664742459.18,295788766671.31,49274365433.7,174159156911.26,582724643541.41,NA,9453,59199,511,20991,3252,"755375",NA
2022-09-17,39.4569,18.2683,1663372800000,959872374393.37,66744907084.39,220287649178.89,36621222953.48,123071139367.59,581136588593.96,NA,9448,59196,509,20997,3286,"756815",NA
2022-09-18,39.3998,18.3872,1663459200000,978457022868.12,49555837775.13,165192235633.06,24598806313.87,70539727245.65,592947027064.81,NA,9444,59207,509,21002,3318,"758255",NA
2022-09-19,40.0182,17.5878,1663545600000,929481300890.9,64407867894.83,212417175814.46,33147220921.97,118322258726.31,557519807554.7,NA,9436,59192,509,21006,3356,"759695",NA
2022-09-20,39.6524,17.8644,1.663632e+12,944174134646.38,79538631452.75,297340286827.01,39366470161.81,146541140562.12,569786609673.28,NA,9438,59231,509,21014,3396,"761135",NA
2022-09-21,39.2755,17.6001,1663718400000,921392471045.92,69764853858.96,253378139880.07,32975185435.69,125955876027.46,559511308389.43,NA,9455,59350,510,21028,3428,"762575",NA
2022-09-22,39.4536,17.0326,1663804800000,900280246375.15,88170797808.62,341479138640.23,41806672675.94,166280633273.48,545087518997.29,NA,9454,59316,515,21048,3463,"764015",NA
2022-09-23,39.4196,17.2361,1663891200000,943471693458.89,76770784247.26,276389743191.93,35635547145.97,142534675404.47,571558757768.36,NA,9455,59262,516,21058,3490,"765573",NA
2022-09-24,39.1467,17.2282,1663977600000,944429439095.91,82360289575.37,302688732973.45,43460893090.03,177117694887.02,574716671939.62,NA,9461,59257,521,21073,3522,"767013",NA
2022-09-25,38.9289,17.3249,1.664064e+12,932005271632.78,55538989006.76,179382675119.59,29391595640.6,104272651511.31,569185468085.3,NA,9461,59269,521,21078,3531,"768453",NA
2022-09-26,39.0093,17.1698,1664150400000,923565129007.53,50504119604.46,174651527944.07,27143252847.36,101446563764.26,563288512158.8,NA,9454,59214,521,21082,3544,"769893",NA
2022-09-27,39.2326,17.4291,1664236800000,938830688985.02,77537834041.98,256051393173.45,33384925214.36,125234709109.11,570502710824.35,NA,9464,59274,522,21093,3625,"771333",NA
2022-09-28,39.2315,17.4664,1664323200000,933295280804.14,94671176141.55,336340654241.35,36102444627.86,137769645224.05,567149323259.17,NA,9473,59406,527,21109,3659,"772773",NA
2022-09-29,39.5424,17.4111,1664409600000,941494448042.75,87331385052.88,305730041885.21,34261365420.57,135228770812.13,569204699213.81,NA,9486,59155,526,21131,3671,"774213",NA
2022-09-30,39.5968,17.2835,1.664496e+12,947311152505.71,70110085425.41,269411138883.56,29070733695.5,123374793344.54,572206628532.59,NA,9485,59112,526,21152,3680,"775653",NA
2022-10-01,39.5509,17.2906,1664582400000,941591522475.82,74333278602.87,281380859777.84,30359436108.9,122952129438.63,569183348295.23,NA,9493,59116,526,21158,3691,"777093",NA
2022-10-02,39.5669,17.1915,1664668800000,935479628742.66,37302772267,124884029200.35,18584501719.16,67977692084.88,565339271948.12,NA,9490,59103,526,21162,3706,"778533",NA
2022-10-03,39.6262,16.9873,1664755200000,921169893135.97,41423817571.08,151429937216.07,20652853756.33,77674367218.47,556145448995.03,NA,9480,58833,525,21167,3730,"779973",NA
2022-10-04,39.8506,17.1953,1664841600000,943902738005.02,54872574511.44,199623164583.81,24388947420.88,91131932192.65,567751668115.72,NA,9482,58821,527,21190,3746,"781413",NA
2022-10-05,40.2305,17.2415,1.664928e+12,969001925491.8,60129292188.61,220289776300.82,24241818419.54,94642969895.34,579167679778.77,NA,9474,58775,527,21202,3776,"782853",NA
2022-10-06,40.1095,17.222,1665014400000,963595096609.65,56838217662.27,208441857035,23612800530.51,94877039847.65,577102268371.18,NA,9457,58699,527,21208,3790,"784293",NA
2022-10-07,40.0011,17.3381,1665100800000,956460304815.51,59710337462.62,229736593441.61,25000504851.08,105837336840.18,573865994850.11,NA,9463,58687,527,21229,3819,"785733",NA
2022-10-08,39.5896,17.2719,1665187200000,946602239863.89,52501578015.01,197541973589.98,23273658194.3,91151727980.29,571846117059.11,NA,9461,58659,527,21241,3827,"787173",NA
2022-10-09,39.6318,17.1845,1665273600000,939379283592.62,32921494922.12,115296291637.2,16485761945.14,61339404243.35,567086146084.18,NA,9422,58608,526,21250,3829,"788613",NA
2022-10-10,39.5092,17.1989,1.66536e+12,943771480926.06,32086577632.02,113461365563.15,15248590872.16,58690128927.59,570894755085.3,NA,9405,58519,526,21257,3833,"790053",NA
2022-10-11,39.6992,17.144,1665446400000,924514904382.68,50972145766.53,190546697709.74,23545639786.9,97534039961.22,557489534631.13,NA,9405,58481,524,21270,3845,"791493",NA
2022-10-12,39.8162,17.1179,1665532800000,917597919457.94,52664489076.17,198560851028.82,23954298841.47,100260770977.61,552245331739.76,NA,9409,58488,525,21279,3854,"792933",NA
2022-10-13,39.8627,17.2492,1665619200000,921631155257.85,44720804676.45,169131943042.93,19770270488.19,69497536398.23,554244307491.41,NA,9413,58540,526,21295,3868,"794373",NA
2022-10-14,40.2641,17.1313,1665705600000,923223867894.39,81191934186.93,315187451156.37,36971109710.36,152232017491.31,551495667176.67,NA,9419,58537,526,21306,3881,"795813",NA
2022-10-15,40.0311,17.3325,1.665792e+12,919198303939.68,66638975298.55,245057973312.96,28188322917.88,111089668198.51,551232942322.9,NA,9424,58363,525,21330,3891,"797253",NA
2022-10-16,39.9951,17.1334,1665878400000,912085340842.26,35505098045.97,123201220581.71,19348746852.53,69454228588.94,546816325600.11,NA,9430,58364,524,21358,3901,"804664",NA
2022-10-17,40.0769,17.3819,1665964800000,926743260655.18,40502472096.21,142657655144.95,20582776719.11,74526896466.26,555946006041.29,NA,9428,58359,524,21356,3900,"801743",NA
2022-10-18,40.0525,17.405,1666051200000,936323400389.87,49983953608.58,185025603609.98,22511196653.14,90381963437.86,561302094299.04,NA,9437,58341,526,21373,3910,"807950",NA
2022-10-19,39.8486,17.2293,1666137600000,930767744061.88,53868444600.06,210645818525.72,23287434470.69,103773635839.7,559870162397.33,NA,9449,58381,526,21399,3918,"809390",NA
2022-10-20,39.9865,17.1358,1.666224e+12,918204960913.66,63274396177.58,178901236547.93,40850129422.17,101029849716.52,551047241294.65,NA,9452,58474,527,21410,3926,"810830",NA
2022-10-21,40.0231,17.1933,1666310400000,913317057090.35,45356822558.5,195347851564.89,20862866177.29,104123467564.99,547779195012.97,NA,9462,58420,527,21434,3933,"812300",NA
2022-10-22,39.9842,17.292,1666396800000,919961107374.68,55284383225.6,176582909655.27,22827022263.43,87424145660.75,552122203135.11,NA,9462,58245,520,21452,3937,"813740",NA
2022-10-23,39.9065,17.4159,1666483200000,923502090908.36,33199793506.44,99430748478.35,17095862633.18,56912864101.88,554965157998.91,NA,9456,58209,520,21452,3943,"815180",NA
2022-10-24,39.8578,17.7128,1666569600000,941978088189.21,43092165455.55,133702277949.29,20962197090.75,70780190716.55,566526512600.48,NA,9446,58137,520,21454,3946,"816620",NA
2022-10-25,39.8701,17.6784,1.666656e+12,931039149518.89,54514883032.64,167809583900.1,24314780020.87,85830689969.75,559833202247.91,NA,9453,57948,518,21482,3953,"818060",NA
2022-10-26,39.7347,18.4324,1666742400000,970409904052.8,86073465820.56,271979265303.44,38308458705.54,145070309658.44,584820477300.73,NA,9444,57972,520,21502,3960,"819500",NA
2022-10-27,39.7428,19.1138,1666828800000,1002977060493.01,103989331247.24,309117379831.44,45094591227.08,154175784459.35,604365477122.25,NA,9452,57944,520,21522,3967,"820940",NA
2022-10-28,39.5836,18.8418,1666915200000,983556747306.8,89273527016.08,294627370173.52,39647347589.28,177615906258.03,594229903473.21,NA,9434,57916,521,21542,3977,"822380",NA
2022-10-29,39.4107,18.9792,1667001600000,1002936573726.14,80319022784.31,283711689936.2,36325931760.66,150925388355.74,607672198051.55,NA,9425,57896,521,21555,3990,"823820",NA
2022-10-30,39.0078,19.3503,1.667088e+12,1024316330884.41,90364341714.15,340168835455.18,49994415050.76,247451539615.35,624753098604.02,NA,9413,57896,521,21555,4011,"825260",NA
2022-10-31,38.9838,19.1613,1667174400000,1015953394662.61,70268970463.34,242339495932.2,38781859398.02,172172523525.79,619896567098.01,NA,9406,57853,521,21556,4014,"826700",NA
2022-11-01,38.717,18.9409,1667260800000,1016101923638.05,87904654646.76,276144778939.49,42236207949.02,173994253371.02,622697291249.72,NA,9311,57879,521,21590,4026,"828140",NA
2022-11-02,38.6958,19.0242,1667347200000,1016153400661.43,74996780632.22,226759321643.5,35177304530.66,145999984051.5,622944909859.79,NA,9310,57923,520,21604,4035,"829580",NA
2022-11-03,38.9298,18.7066,1667433600000,994159124418.94,100855909146.44,358688581141.37,45302696594.32,205305063518.1,607135271268.91,NA,9310,57909,522,21618,4045,"831020",NA
2022-11-04,38.7373,18.7131,1.66752e+12,1001545778865.78,80090006107.42,262761431992.6,36862314086.8,176724981622.94,613574356473.72,NA,9302,57886,522,21630,4056,"832505",NA
2022-11-05,38.4576,19.0707,1667606400000,1055629736075.07,113237758904.62,345345849592.53,49164191280.11,193927574429.04,649660310873.73,NA,9292,57835,523,21653,4066,"833945",NA
2022-11-06,38.6493,18.8421,1667692800000,1057293384002.61,74247124309.67,207064024855.42,36394287938.86,126996465920.67,648656987093.46,NA,9280,57763,523,21655,4070,"835385",NA
2022-11-07,39.0128,18.6823,1667779200000,1029852768064.03,66264515821.84,185914425437.14,31186687787.17,113310904535.09,628078358543.33,NA,9266,57852,523,21662,4075,"836825",NA
2022-11-08,38.6194,18.7402,1667865600000,1024292503555.91,92642549993.37,262607784487.01,39133673660.35,146056849234.84,628716734134.54,NA,9263,57929,522,21685,4103,"838265",NA
2022-11-09,38.6995,17.7278,1.667952e+12,920048077204.3,209604219538.89,737934965440.21,90607851545.22,378197082450.15,563993988310.78,NA,9260,58067,522,21698,4113,"839705",NA
2022-11-10,38.3947,16.9491,1668038400000,794331764018.25,184329307126.45,555144606473.2,81418835704.04,299904577331.26,489350423754.48,NA,9271,58160,522,21708,4131,"841145",NA
2022-11-11,38.1572,17.9679,1668124800000,885027733402.98,151781269848.66,405362116185.63,68581674605.3,204725446684.27,547325832337.12,NA,9268,58289,523,21716,4144,"842585",NA
2022-11-12,37.9084,18.252,1668211200000,863039068527.06,100104063677.62,289152005353.54,44232454980.3,156321256920.76,535874505597.88,NA,9269,58335,524,21720,4151,"844025",NA
2022-11-13,38.1696,18.1725,1668297600000,845298425854.95,57400108170.76,158734383228.62,27688065054.66,94496008248.34,522651179151.62,NA,9266,58341,524,21723,4155,"845465",NA
2022-11-14,38.0725,18.1245,1.668384e+12,824954511603.51,54542454407.48,163430163113.35,27332080235.92,99768989028.3,510874095542.68,NA,9259,58355,524,21723,4171,"846905",NA
2022-11-15,38.1265,18.1491,1668470400000,837175503257.68,85862370234.07,98984602060284624,36230626012.17,98984474743633040,517989449991.85,NA,9255,59474,525,21735,4182,"848345",NA
2022-11-16,38.3151,18.0964,1668556800000,846463366113.21,64085527423.76,122028095484697488,27487083519.05,122028007601030976,522139685781.16,NA,9267,59302,524,21752,4184,"849785",NA
2022-11-17,38.4188,17.8475,1668643200000,833492490363.59,60946752934.69,47868413224196480,27022021044.57,47868329005450336,513274854422.68,NA,9248,60022,524,21769,4188,"851225",NA
2022-11-18,38.6188,17.7024,1668729600000,830099250096.84,50315921386.59,10623691515593200,22446855012.28,10623627250205196,509525028774.38,NA,9242,60073,524,21781,4197,"852665",NA
2022-11-19,38.4659,17.7904,1.668816e+12,833897922942.26,46381921201.63,135580348428.67,19519495889.91,73848734708.21,513131779073.11,NA,9233,60089,524,21790,4220,"854105",NA
2022-11-20,38.4325,17.8477,1668902400000,835426245135.27,32359111653.25,100692038388.66,16253120457.16,63769549689.54,514351438169.88,NA,9186,59738,524,21790,4229,"855545",NA
2022-11-21,38.7897,17.3253,1668988800000,806933231060.66,48538490383.02,147408455726.21,27224603434.97,94216940852.72,493926251510.83,NA,9177,59462,524,21795,4254,"856985",NA
2022-11-22,38.4812,17.2059,1669075200000,788135744889.64,72353092800.9,218079213186.61,34922548289.3,120239662030.8,484851474109.61,NA,9187,59327,519,21816,4265,"858425",NA
2022-11-23,38.5765,17.2255,1669161600000,806539054321.71,60281864099.78,185187839796.21,29554230740.88,106793126942.16,495404627426.2,NA,9194,59195,523,21832,4270,"859865",NA
2022-11-24,38.3252,17.3864,1.669248e+12,832845172232.41,62066462016.86,183606597389.29,29108199632.63,105055855025.89,513655687503.52,NA,9181,59163,528,21842,4281,"861305",NA
2022-11-25,38.1633,17.6221,1669334400000,836021770978.78,50715576968.76,145813425046.85,24586303249.29,87673601572.17,516968676206.07,NA,9162,59129,528,21852,4291,"862745",NA
2022-11-26,38.102,17.6062,1669420800000,833281598804.3,36971663565.81,124734224569.55,18294381336.88,78491102231.4,515784742615.22,NA,9165,59261,529,21862,4296,"865396",NA
2022-11-27,37.8866,17.6705,1669507200000,835125705619.11,35598150574.23,118170940711.5,17598449449.41,75819335895.01,518724737760.42,NA,9161,59265,529,21863,4318,"866836",NA
2022-11-28,37.8829,17.532,1669593600000,834144584739.19,37446145928.27,114639160136.75,17001195393.83,73643006039.33,518146376388.75,NA,9145,59164,529,21865,4321,"868276",NA
2022-11-29,38.0054,17.4578,1.66968e+12,820118905600.9,50009040792.45,160824270955.4,22267851834.85,94025557165.39,508429458574.4,NA,9141,59088,528,21873,4333,"869716",NA
2022-11-30,37.9182,17.8649,1669766400000,833582469673.54,43549687810.14,144141394430.92,19967542661.69,87642905431.93,517502790115.63,NA,9131,59088,529,21887,4339,"871156",NA
2022-12-01,38.137,18.3251,1669852800000,865280321577.53,53508153531.02,180058425728.28,23983868418.33,102179622123.19,535288102603.65,NA,9123,58933,530,21888,4346,"872596",NA
2022-12-02,38.2028,18.2941,1669939200000,853750513601.95,43263026782.6,141473344676.43,20368735736.88,83984996869.27,527593495876.72,NA,8976,57747,528,21908,4351,"874036",NA
2022-12-03,38.1124,18.377,1670025600000,861937517393.97,38563146840.82,130502506170.11,19023168129.37,79303028929.12,533432016317.51,NA,8981,58249,528,21910,4354,"875476",NA
2022-12-04,38.3474,17.9498,1.670112e+12,847609512975.23,31107617432.63,104381560775.53,14892204801.76,67204908624.21,522572969556.26,NA,8978,58447,528,21924,4356,"876916",NA
2022-12-05,38.292,18.2157,1670198400000,859993293104.71,30985039172.39,109720511773.88,14160188255.37,66105506730.35,530684749382.39,NA,8975,58575,528,21926,4362,"878356",NA
2022-12-06,38.2714,18.0788,1670284800000,852725946536.27,40952353022.79,149178094307.67,18741930490.52,86026140224.63,526375856239.22,NA,8975,58630,528,21944,4369,"879796",NA
2022-12-07,38.3287,18.1527,1670371200000,857232871647.94,36215521621.8,121796591346.62,16325583142.96,72964010678.68,528666630845.77,NA,8983,58749,528,21957,4375,"881236",NA
2022-12-08,38.5101,17.9296,1670457600000,841172408010.25,37197846820.24,128927438765.34,17523635524.21,78781296280.39,517236416230.25,NA,8986,58853,529,21973,4390,"882676",NA
2022-12-09,38.549,18.2384,1.670544e+12,859576210907.25,36987663759.17,128601439393.45,16489306296.37,74510696220.68,528218447542.34,NA,8976,58884,529,21982,4396,"884116",NA
2022-12-10,38.6043,18.1289,1670630400000,853451483785.05,35792454020.07,109807298894.2,15465650367.19,64909789252.57,523982802258.4,NA,8977,58921,530,21993,4401,"885556",NA
2022-12-11,38.5621,18.1426,1670716800000,854202845056.21,24048277720.91,75490364818.55,11340855904.75,48004029519.41,524804035263.48,NA,8970,59021,530,22000,4405,"886996",NA
2022-12-12,38.6809,18.1865,1670803200000,850335384728.14,25118322642.01,80396867731.66,10994961007.2,49779431268.22,521418358307.97,NA,8958,59020,530,22002,4408,"888436",NA
2022-12-13,38.863,18.3188,1670889600000,851490261907.57,36767277915.3,116505655833.2,17150995062.32,71234190197.67,520575279638.02,NA,8961,59057,529,22014,4422,"889876",NA
2022-12-14,39.3345,18.5874,1.670976e+12,869455503217.59,53252048502.15,177695031049.27,26616702919.28,103887634466.48,527459315419.11,NA,8988,59355,531,22026,4439,"891316",NA
2022-12-15,39.5347,18.4862,1671062400000,866697919250.39,44926853370.62,159144647656.17,19393785189.13,82405207323.35,524051444436.36,NA,8996,59408,530,22035,4444,"892756",NA
2022-12-16,39.4531,18.3057,1671148800000,846593463891.11,35960419506.71,122904937134.33,14996043772.88,63850519069.74,512586076447.69,NA,8996,59448,534,22039,4460,"894196",NA
2022-12-17,39.9993,17.8564,1671235200000,800566129517.81,45801883751.73,169154511705.02,21763126522.04,95876432509.37,480344949256.56,NA,8996,59514,534,22057,4470,"895826",NA
2022-12-18,39.8589,17.9377,1671321600000,810569289635.72,30180761749.78,102468946373.04,15722354712.59,63832948957.48,487485335959.36,NA,8995,59592,534,22057,4481,"897266",NA
2022-12-19,39.7907,17.8941,1.671408e+12,810215735889.84,20573019600.16,78312152932.29,9645631683.68,48552674216.54,487825591678.39,NA,8988,59574,534,22068,4485,"898706",NA
2022-12-20,39.9156,18.034,1671494400000,792401270999.2,31370924055.93,113994036868.21,14152088949.82,66938926464.28,476109513032.63,NA,8995,59581,532,22083,4492,"900146",NA
2022-12-21,39.9268,18.292,1671580800000,814606870523.14,37623012860.32,132295731438.96,14902978380.89,70370726994.04,489360506788.86,NA,8987,59855,532,22088,4500,"901586",NA
2022-12-22,39.9686,18.345,1671667200000,809581597303.54,26429482455.51,92024362616.87,11545410712.21,53741509243.97,486002954516.59,NA,8983,59860,532,22099,4510,"903026",NA
2022-12-23,39.9192,18.3761,1671753600000,811200671225.28,28961157427.07,107625703398.56,12520594236.75,63631527503.91,487375946706.35,NA,8984,59816,533,22106,4517,"904466",NA
2022-12-24,39.8692,18.4187,1.67184e+12,810659246046.12,26450723855.98,93202208248.51,11121486351.09,53633322177.76,487455954046.18,NA,8977,59777,533,22111,4521,"905906",NA
2022-12-25,39.9522,18.4164,1671926400000,811438681199.83,16607815949.52,55569108604.9,6863062055.51,34034280123.16,487250901034.3,NA,8963,59673,533,22114,4528,"907346",NA
2022-12-26,40.0077,18.4137,1672012800000,810083859115.48,21109472741.41,73490754346.59,9453076800.07,45637255600.05,485988149474.37,NA,8946,59531,533,22115,4533,"908786",NA
2022-12-27,39.9556,18.4255,1672099200000,814903547383.63,21434044368.4,74208905385.83,9546205336.85,44865274140.42,489304180721.69,NA,8945,59400,533,22127,4538,"910226",NA
2022-12-28,39.8465,18.3819,1672185600000,807372501990.81,27256205863.41,94942290120.01,11508193821,54829973803.26,485662748679.3,NA,8937,59295,534,22131,4550,"911666",NA
2022-12-29,40.0558,18.3106,1.672272e+12,795301489646.14,30921932039.02,112270967816.4,13916382611.04,65336341779.48,476736816798.39,NA,8910,59212,534,22138,4553,"913106",NA
2022-12-30,40.1219,18.419,1672358400000,798316858352.07,27094556091.96,109005532127.82,12622119052.83,73569664051.22,478017260728.06,NA,8898,59168,534,22143,4561,"914546",NA
2022-12-31,40.1343,18.4317,1672444800000,796250986547.87,27631790518.1,124953060358.68,11703210465.22,82088102478.33,476680998000.73,NA,8893,59087,534,22155,4565,"915986",NA
2023-01-01,40.0387,18.4091,1672531200000,795532009425.33,19881266055.53,79324185932.81,8642137598.45,51555944151.71,477011658662.29,NA,8882,59033,534,22157,4569,"917426",NA
2023-01-02,40.0759,18.4051,1672617600000,798558682944.8,16724262386.4,62381806736.81,7479687723.33,39070392918.01,478528711099.65,NA,8870,58959,534,22159,4572,"918866",NA
2023-01-03,39.86,18.443,1.672704e+12,805985802601.42,24052080196.22,96064641674.12,11954654372.83,62465504509.27,484719731845.34,NA,8859,58863,534,22168,4577,"920306",NA
2023-01-04,39.8378,18.4421,1672790400000,806055809207.06,26170560117.73,97012023008.52,12267662976.6,61873689863.46,484940508837.99,NA,8857,58833,535,22177,4580,"921746",NA
2023-01-06,39.6606,18.722,1672963200000,817338901068.52,27402813034.87,99351417896.32,13709826346.55,66560811760.75,493177548320.59,NA,8862,58693,537,22209,4591,"924755",NA
2023-01-07,39.5699,18.8321,1673049600000,824876026116.15,29691779490.38,123650681718.58,15279437643.36,81095193343.15,498473333182.8,NA,8868,58649,534,22222,4592,"926195",NA
2023-01-08,39.5986,18.7651,1.673136e+12,824447232481.07,17229444788.02,66323407237.73,9514803367.74,46072607287.76,497977929602.62,NA,8869,58603,534,22223,4603,"927635",NA
2023-01-09,39.3052,18.8136,1673222400000,837399569381.43,22406111785.29,92786275338.71,12604944522.35,65518946178.28,508257601379.94,NA,8867,58537,534,22228,4606,"929075",NA
2023-01-10,39.0412,19.0667,1673308800000,848143875052.55,46737548471.45,191104767134.32,28124560836.46,132222755401.16,517018516141.71,NA,8866,58576,535,22237,4608,"930515",NA
2023-01-11,39.1532,19.0595,1673395200000,858138218471.18,35190776600.23,130458871676,19382155635.5,85839727388.39,522149572274.98,NA,8876,58608,535,22251,4616,"931955",NA
2023-01-12,39.2424,19.297,1673481600000,880115750657.84,38042894266.22,152381821783.12,19659343761.7,94417563106.62,534737638282.63,NA,8873,58643,535,22263,4623,"933395",NA
2023-01-13,40.0929,19.1424,1.673568e+12,906463039393.48,63387011331.23,277821950032.58,28420301735.76,145992342579.14,543036153196.92,NA,8880,58643,535,22273,4635,"934835",NA
2023-01-14,40.8228,18.9086,1673654400000,939407328290.8,53279274376.22,246547981687.76,24051415681.24,121932341628.46,555914908447.75,NA,8879,58679,536,22278,4644,"936275",NA
2023-01-15,41.0143,19.2623,1673740800000,985176419016.13,82519395124.36,320951362670.73,43554315555.19,200150834791.85,581112854741.28,NA,8880,58735,536,22279,4657,"937715",NA
2023-01-16,40.931,19.332,1673827200000,982748084895.92,46465363034.47,201654186108.58,27167264136.1,118780852883.77,580499697545.62,NA,8872,58744,536,22280,4661,"939155",NA
2023-01-17,41.1842,19.4855,1673913600000,990375757999.46,54007483271.22,190695516594.6,27213545113.67,106540092517.27,582497877273.61,NA,8877,58772,536,22289,4672,"940595",NA
2023-01-18,41.2734,19.4234,1.674e+12,987748507121.63,48647297644.64,163897805378.54,23644176960.27,91543729953.48,580071060123.16,NA,8877,58855,536,22299,4681,"942035",NA
2023-01-19,41.4624,19.291,1674086400000,961289904211.85,61608563604.17,220461985404.93,31603987220.67,123538865809.7,562716497777.82,NA,8866,58863,536,22315,4685,"943475",NA
2023-01-20,41.4206,19.3694,1674172800000,980831842034.48,40547298217.26,131469623147.59,19396725090.96,75457408416,574565630647.75,NA,8875,58884,536,22323,4694,"944915",NA
2023-01-21,41.9249,19.4885,1674259200000,1042190218741.52,53098890300.86,188346381603.7,24300344058.08,98431599561.25,605252818317.85,NA,8879,58904,536,22332,4697,"946355",NA
2023-01-22,42.3274,19.2042,1674345600000,1036917597874.56,62733288677.41,210627621141.52,30292878104.06,110542827190.32,598017470644.89,NA,8876,58824,536,22332,4698,"947795",NA
2023-01-23,42.1001,19.1626,1.674432e+12,1039953113862.48,51552421107.57,172969348963.34,26804317856.9,101556043615.4,602132172189.55,NA,8872,58781,536,22333,4699,"949235",NA
2023-01-24,42.1255,18.9917,1674518400000,1049043473416.26,55980792550.18,187158664973.71,29461776302.67,108851454798.82,607129091029.68,NA,8868,58750,537,22346,4701,"950675",NA
2023-01-25,42.6018,18.6026,1674604800000,1024052655950.07,55233936238.38,180493294784.33,28828963967.81,104015335711.61,587787702587.07,NA,8873,58764,537,22350,4705,"952115",NA
2023-01-26,42.3958,18.7677,1674691200000,1050702697969.12,61950522869.99,219340506441.94,31262722270.9,120417720137.41,605248704739.9,NA,8874,58767,537,22354,4707,"953555",NA
2023-01-27,42.2981,18.693,1674777600000,1049463666822.53,54426623483.32,179499926985.16,28075668641.84,107812826702.68,605560292130.57,NA,8870,58723,537,22358,4712,"954995",NA
2023-01-28,42.156,18.5335,1.674864e+12,1055230006832.02,53636787014.43,176770778026.73,28253865268.35,100240401282.96,610387150307.31,NA,8875,58732,537,22368,4715,"956435",NA
2023-01-29,42.3268,18.3476,1674950400000,1048839400594.33,36865642480.52,118420050915.4,22152290549.51,81310982859.07,604899013675.97,NA,8875,58737,537,22371,4718,"957875",NA
2023-01-30,42.3846,18.6305,1675036800000,1081269921766.65,52215648093.49,182555815364.93,24791583947.15,99441613877.78,622977964340.72,NA,8869,58748,537,22371,4719,"959315",NA
2023-01-31,42.4111,18.4751,1675123200000,1038184168292.52,57104997411.62,196579600150.85,29898150370.22,112580055934.66,597879066041.88,NA,8874,58877,538,22379,4725,"960755",NA
2023-02-01,42.3839,18.4472,1675209600000,1052447330811.81,47229356160.18,158936997787.89,24392280151.38,94235871545.8,606379010344.16,NA,8886,58924,539,22400,4730,"962195",NA
2023-02-02,42.3712,18.6115,1.675296e+12,1079368080356.3,55907439918.36,198032074528.6,29222704878.92,116600285162.89,622026375210.39,NA,8891,58976,539,22408,4734,"963635",NA
2023-02-03,42.0986,18.7061,1675382400000,1074883020346.56,65908105085.18,221344026914.25,33841092147.87,129067624651.87,622371986553.98,NA,8899,59103,538,22419,4741,"965075",NA
2023-02-04,41.6621,18.7723,1675468800000,1085135800599.04,56726164973.43,181906077063.52,29647063521.3,107683320028.2,633045254197.95,NA,8902,59112,537,22423,4745,"966515",NA
2023-02-05,41.5142,18.8259,1675555200000,1083672907518.97,38673691662.3,120314661127.95,23033408365.06,80919110135.42,633794589586.21,NA,8903,59116,537,22430,4748,"967955",NA
2023-02-06,41.5292,18.734,1675641600000,1065820780089.09,48566666147.31,154892212007.28,29002793434.67,97869149974.64,623194299260.35,NA,8912,59150,537,22439,4752,"969395",NA
2023-02-07,41.5745,18.7352,1.675728e+12,1055615189036.14,49571616450.79,155438143894.73,25745799299.95,90249665300.54,616748749502.82,NA,8918,59399,541,22452,4779,"970835",NA
2023-02-08,41.2588,18.8167,1675814400000,1087350031990.26,59423580843.29,186944275671.21,32235591974.26,114224295785.33,638722326960.94,NA,8939,59555,546,22473,4789,"972275",NA
2023-02-09,41.2435,18.8317,1675900800000,1072799678657.28,58256419279.51,181951015742.1,32883384491.58,116467683531.92,630339404760.56,NA,8945,59725,547,22487,4794,"973715",NA
2023-02-10,41.4578,18.6452,1675987200000,1015022886376.74,79208103009.37,257916783400.31,46635289854.81,156478220877.72,594216994495.5,NA,8948,59755,546,22492,4820,"975155",NA
2023-02-11,41.3931,18.3759,1676073600000,1008850447625.1,57145322794.75,176133163700.86,30067469068.3,107322718061.55,591255706227.44,NA,8947,59868,546,22495,4838,"976595",NA
2023-02-12,41.3144,18.455,1.67616e+12,1021065764990.42,35260984420.94,100891285838.38,18905380194.16,64812917989.34,599218300246.89,NA,8950,59935,546,22503,4845,"978035",NA
2023-02-13,41.4542,18.287,1676246400000,1013799601952.38,37854397620.34,118802400528.83,20031420807.55,73447965638.95,593536920142.12,NA,8949,59903,546,22519,4849,"979475",NA
2023-02-14,41.7827,18.3203,1676332800000,1006679733579.84,59253250100.32,194842110404.92,35334293594.42,124895334975.02,586061462601.94,NA,8955,59969,548,22531,4853,"980915",NA
2023-02-15,41.6122,18.4942,1676419200000,1030129662052.34,57819763109.55,200593529443.37,31029933732.48,119944003535.14,601469684284.68,NA,8954,60042,548,22541,4855,"982355",NA
2023-02-16,42.4809,18.5553,1676505600000,1103889918757.99,64877813855.61,230631574089.85,32390440765.34,121449965896.25,634947489604.31,NA,8965,60129,547,22555,4861,"983795",NA
2023-02-17,42.4618,18.7004,1.676592e+12,1073316020438.25,82872820210.92,288707365817.13,43548623648,157395800582.73,617566377746.66,NA,8968,60150,547,22563,4872,"985235",NA
2023-02-18,42.5333,18.6113,1676678400000,1114348219233.85,76168686272.84,269456963840.48,34815999182.72,133943018383.46,640378761518.57,NA,8972,60206,547,22567,4874,"986675",NA
2023-02-19,42.559,18.5316,1676764800000,1117148887398.39,44275930199.19,136186647942.5,24652415813.3,83553949677.62,641701813429.16,NA,8971,60291,547,22571,4874,"988115",NA
2023-02-20,42.3148,18.5492,1676851200000,1109583735636.79,56307800976.88,198146387488.61,30731402622.86,113709484650.52,640065602388.75,NA,8976,60337,547,22590,4882,"989555",NA
2023-02-21,42.4505,18.4599,1676937600000,1128772610999.91,64517089719.8,225076807822.82,35549666066.21,123478682516.7,649602562779.47,NA,8981,60416,546,22603,4888,"990995",NA
2023-02-22,42.5731,18.3176,1.677024e+12,1107713462647.65,66728454697.12,233147125777.04,35475859507.08,124213995539.37,636125539935.9,NA,9005,60602,547,22628,4892,"992435",NA
2023-02-23,42.4234,18.274,1677110400000,1100428687615.49,63527964747.65,234512463437.23,33327679785.52,130013051895.93,633589209458.25,NA,9018,60716,552,22644,4894,"993875",NA
2023-02-24,42.2368,18.4636,1677196800000,1094247702767.35,59210213277.3,213916280354.87,28733015645.62,109618177754.46,632072741998.25,NA,9019,60762,551,22661,4900,"995315",NA
2023-02-25,42.115,18.514,1677283200000,1063198874005.93,58013494228.19,211829396294.8,31203115080.84,115574764711.64,615432530135.59,NA,9020,60902,553,22669,4905,"996755",NA
2023-02-26,42.2582,18.4377,1677369600000,1058520984537.45,37413629731.13,122709520819.12,21312248396.81,74011556470.4,611208819859.37,NA,9017,60959,553,22672,4910,"998195",NA
2023-02-27,42.1796,18.622,1.677456e+12,1078240731969.19,34341666010.34,119208008161.57,17696021289.75,64716806763.2,623443271338.3,NA,9012,60925,553,22677,4916,"999635",NA
2023-02-28,42.3058,18.6351,1677542400000,1073293611797.83,45362478074.36,165565831557.67,22702620791.4,88144768934.68,619228366556.92,NA,9015,60981,553,22695,4975,"1001075",NA
2023-03-01,42.2972,18.6014,1677628800000,1056525760908.85,42666748722.72,149170167834.07,22129838980.19,84333375625.08,609644474963.36,NA,9007,61056,552,22709,4980,"1002515",NA
2023-03-02,42.2208,18.8271,1677715200000,1081249585434.97,48678729349.86,176188016389.68,24017290129.55,94092976874.08,624736891084.94,NA,9003,61077,552,22718,4984,"1003955",NA
2023-03-03,42.3506,18.8378,1677801600000,1070204199000.59,42543211782.68,146110262574.76,22158618488.39,85587066492.35,616966347086.36,NA,9004,61136,555,22733,5003,"1005395",NA
2023-03-04,41.9986,18.6792,1.677888e+12,1028052926302.48,54664109491.33,187236976426.54,28600468567.54,106041761317.89,596285110458.45,NA,9015,61175,557,22748,5007,"1006835",NA
2023-03-05,42.2007,18.7497,1677974400000,1022767784265.27,26938448848.66,86422940569.28,15773285969.03,57859726024.78,591152855332.44,NA,9014,61157,557,22755,5012,"1008275",NA
2023-03-06,42.2682,18.6784,1678060800000,1024951173177.32,28750383104.81,100581029781.46,15433862818.43,60803678035.22,591722436386.7,NA,9021,61140,557,22758,5016,"1009715",NA
2023-03-07,42.2739,18.7218,1678147200000,1024529362847.64,35225327862.28,114405599254.8,17871530691.97,68440028755.29,591420676108.74,NA,9033,61173,557,22777,5028,"1011155",NA
2023-03-08,42.1713,18.787,1678233600000,1017418783044.55,44482339994.83,161087179651.3,21715174284.29,89881089691.06,588360233710.26,NA,9047,61360,563,22800,5039,"1012595",NA
2023-03-09,42.1855,18.8809,1.67832e+12,994277359445.18,44320979167.78,162229070112.92,21784486216.18,91711168603.89,574836605152.24,NA,9068,61368,564,22828,5044,"1014035",NA
2023-03-10,41.6565,18.6472,1678406400000,944168313860.41,57773496227.85,229850959469.94,27403862563.66,121464077435.09,550861026890.35,NA,9068,61512,566,22835,5054,"1015475",NA
2023-03-11,41.4604,18.597,1678492800000,940408550880.81,76289657908.14,287084480406.4,36710003683.42,151982926661.21,550511824082.46,NA,9073,61567,567,22854,5064,"1016915",NA
2023-03-12,41.8573,19.0576,1678579200000,951967403420.31,91096944569.08,242876722808.79,60918424793.51,151040976226.28,553500018990.54,NA,9070,61628,568,22854,5069,"1018355",NA
2023-03-13,42.2199,19.1986,1678665600000,1013838148032.96,64580463010.92,223240061245.71,35296250594.54,121672058311.79,585796442801.7,NA,9068,61608,568,22854,5075,"1019795",NA
2023-03-14,43.4954,19.1327,1.678752e+12,1074729507891.88,97270664123.23,361232908235.98,47811137109.12,178537049213.08,607271242970.33,NA,9088,61425,569,22894,5085,"1021237",NA
2023-03-15,43.7508,19.0789,1678838400000,1093183678306.77,101182591590.01,386858683239.05,46564591635.27,182469531241.78,614906573002.51,NA,9036,61613,569,22911,5100,"1022701",NA
2023-03-16,44.2288,19.0374,1678924800000,1064655214409.96,83701408243.65,308441270559.84,40037032687.45,159653992120.68,593770741356.19,NA,9052,61712,570,22927,5109,"1024141",NA
2023-03-17,44.4637,18.8548,1679011200000,1088592130913.77,62601200934.48,219779353230.13,28736551431.11,110894992930.38,604563947604.76,NA,9068,61831,570,22943,5118,"1025581",NA
2023-03-18,45.4509,18.8142,1679097600000,1166253531968.25,84321789109.78,330280174187.9,33565080485.13,138765492138.22,636180303278.83,NA,9063,62283,572,22949,5124,"1027021",NA
2023-03-19,45.4814,18.8245,1.679184e+12,1145640894647.41,68924084925.26,255638478618.89,33202888821.22,138676737735.32,624587523609.62,NA,9057,62385,572,22951,5131,"1028461",NA
2023-03-20,46.086,18.5857,1679270400000,1175626910203.8,65056772847.18,240552162882.91,27284389880.21,116269148252.56,633827307898.46,NA,9059,62483,572,22955,5139,"1029901",NA
2023-03-21,46.5431,18.4221,1679356800000,1152833369209.93,77383433884.74,284152805501.08,32612622116.4,133307012939.56,616269148195.76,NA,9068,62673,572,22984,5151,"1031341",NA
2023-03-22,46.0186,18.6836,1679443200000,1182800706981.5,67723817736,259934887338.54,31623104558.11,143883048975.54,638492553241.02,NA,9077,62734,572,22998,5161,"1032781",NA
2023-03-23,46.0846,18.5691,1679529600000,1144997903838.9,69463882830.51,306165194175.58,36084680815.14,151451677005.73,617330208413.97,NA,9097,62876,576,23015,5168,"1034221",NA
2023-03-24,46.1724,18.7427,1.679616e+12,1185764476460.89,55703450260.6,243846662417.15,31484919478.82,123615706860.11,638269106430.7,NA,9106,63059,578,23022,5178,"1035661",NA
2023-03-25,46.149,18.6197,1679702400000,1151301162287.42,54992894975.01,227239161079.36,29012797858.76,118356993223.51,619987665973.69,NA,9108,63150,578,23030,5187,"1037101",NA
2023-03-26,46.2965,18.5903,1679788800000,1147888688788.54,32983707724.72,131151347323.43,19601618670.84,76015632984.87,616456746611.7,NA,9102,63140,578,23031,5192,"1038541",NA
2023-03-27,46.3824,18.6252,1679875200000,1166614358045.19,31515223763.7,136960040639.09,17636330529.19,74409644222.95,625510823770.68,NA,9095,63194,578,23038,5198,"1039981",NA
2023-03-28,46.2872,18.5237,1679961600000,1133247655824.84,42377984347.67,197496568882.93,24189190729.78,106790862667.03,608699416477.14,NA,9110,63369,578,23061,5208,"1041421",NA
2023-03-29,45.8374,18.866,1.680048e+12,1149951260042.02,40036422743.91,192278666028.51,22253457199.66,106610644225.84,622844035257.51,NA,9103,63411,578,23083,5229,"1042861",NA
2023-03-30,46.3796,18.5705,1680134400000,1181645138837.99,47058201981.09,222004397218.69,26372582803.79,119064453448.7,633603204534.27,NA,9095,63379,585,23100,5249,"1044301",NA
2023-03-31,46.206,18.709,1680220800000,1172903467797.31,50873473705.86,237659782378.04,28435054048.92,121104627021.97,630951239871.29,NA,9109,63492,590,23120,5260,"1045741",NA
2023-04-01,46.3692,18.4837,1680307200000,1187304591349.8,43800734346.52,201029512136.37,24789399855.89,105526011406.93,636761348712.39,NA,9114,63529,591,23128,5275,"1047181",NA
2023-04-02,46.394,18.4954,1680393600000,1186182338347.54,31095093332.11,121724036740.33,19542077537.54,75232513182.92,635865454463.1,NA,9109,63493,591,23128,5283,"1048621",NA
2023-04-03,46.4408,18.425,1.68048e+12,1173729564560.52,31925080914.24,133957449486.37,19639706921.45,80800718429.16,628640501845.12,NA,9096,63399,590,23130,5288,"1050061",NA
2023-04-04,45.9907,18.6608,1680566400000,1168517121895.68,48986217518.21,241412184538.81,29427380810.85,134485800683.24,631107521864.34,NA,9109,63490,588,23157,5297,"1051501",NA
2023-04-05,45.8786,18.9824,1680652800000,1187283888063.25,42013585460.02,184662866427.74,26730163262.42,114423857849.91,642574157362.24,NA,9128,63571,592,23197,5306,"1052941",NA
2023-04-06,45.6171,19.2528,1680739200000,1194470635423.77,43898178157.34,196192507696.05,26845658286.96,112191268896.3,649587215309.68,NA,9122,63697,597,23205,5318,"1054381",NA
2023-04-07,45.8227,19.0623,1680825600000,1183473039111.85,37033375218.8,153463638537.12,23195565838.53,94315298861.05,641173232405.67,NA,9122,63859,602,23218,5336,"1055821",NA
2023-04-08,45.8153,19.0607,1.680912e+12,1178722452763.51,30162320386.68,117616045505.9,19301035638.35,77617027826.98,638687698637.55,NA,9150,64022,603,23250,5349,"1057261",NA
2023-04-09,45.9793,18.9501,1680998400000,1175705519761.06,27341712671.25,90529698949.99,17968336070.34,58844596365.3,635124762396.57,NA,9139,64089,603,23253,5359,"1058701",NA
2023-04-10,46.1912,18.8795,1681084800000,1186469173909.93,29603164737.32,117097720061.59,17428400098.67,67053476583.27,638425181262.12,NA,9136,64121,604,23265,5363,"1060141",NA
2023-04-11,46.8487,18.8048,1681171200000,1224314269340.28,40721826862.93,175401313428.7,21439460069.23,82883363898.81,650739191113.31,NA,9153,64245,610,23291,5377,"1061581",NA
2023-04-12,47.3691,18.4605,1681257600000,1234603276299.42,44418849673.6,197624094013.9,24297589830.54,95126384713.31,649782233743.22,NA,9160,64343,610,23328,5397,"1063021",NA
2023-04-13,47.0829,18.8095,1.681344e+12,1228187207745.42,48234780317.02,222717824636.16,28714714075.45,129509968759.95,649920603226.99,NA,9175,64435,611,23356,5404,"1064461",NA
2023-04-14,46.7895,19.2918,1681430400000,1257089294871.11,45450261019.25,201973826780.63,27940525548.26,126026828284.57,668903610577.49,NA,9188,64238,612,23375,5411,"1065901",NA
2023-04-15,46.2391,19.8057,1681516800000,1275619778482.57,63108090693.47,282986660555.87,40449835852.69,177806523009.97,685784309855.72,NA,9197,64282,611,23387,5419,"1067341",NA
2023-04-16,46.1019,19.7526,1681603200000,1272308854423.25,35403809366.17,128489332704.87,23462618627.3,90015294593.41,685750877469.4,NA,9190,64292,611,23387,5427,"1068781",NA
2023-04-17,45.777,19.8072,1681689600000,1281350156306.89,36693765812.84,143818561381.69,23838929938,100430689325.19,694786034803.74,NA,9195,64278,611,23394,5441,"1070221",NA
2023-04-18,45.5048,19.8026,1.681776e+12,1252121628040.14,46765212440.53,197136382665.2,28891768257.24,118907292948.61,682346622527.12,NA,9217,64350,614,23420,5444,"1071661",NA
2023-04-19,45.8989,19.6014,1681862400000,1281436072304.01,46893048612.33,209683935003.26,27412137768.68,115541893269.09,693270875106.94,NA,9230,64394,616,23443,5452,"1073101",NA
2023-04-20,46.1818,19.1348,1681948800000,1207742665879.22,61366623614.09,258593331898.19,36795058193.34,150157923201.99,649984931549.97,NA,9252,64450,617,23473,5455,"1074541",NA
2023-04-21,45.8332,19.6217,1682035200000,1192679746259.05,52573332528.06,240476350027.84,31236015415.62,118897882286.55,646036446141.85,NA,9268,64596,617,23507,5462,"1075981",NA
2023-04-22,45.7792,19.3193,1682121600000,1152874818412.54,50856264676.28,237613986286.02,30096810671.04,127536752180.97,625098022918.07,NA,9296,64620,617,23544,5471,"1077421",NA
2023-04-23,45.8612,19.2251,1.682208e+12,1173885720427.83,31006148039.28,129130824577.13,17880264491.55,70989234589.16,635527637557.58,NA,9299,64615,617,23548,5472,"1078861",NA
2023-04-24,45.8694,19.2588,1682294400000,1164226275750.82,30093079797.04,133360487091.71,17307548477.84,76101762182.91,630202725150.28,NA,9291,64573,619,23562,5481,"1080301",NA
2023-04-25,45.9359,19.132,1682380800000,1159583910036.04,38405334555.9,188583401266.68,20701646992.24,98895293565.49,626918692050.5,NA,9337,64609,618,23613,5488,"1081741",NA
2023-04-26,46.3176,18.9997,1682467200000,1182825744182.45,39538742427.17,179747503395.84,21805405685.48,97557236523.76,634969760246.32,NA,9360,64682,619,23636,5496,"1083181",NA
2023-04-27,46.5967,19.033,1682553600000,1180847546468.08,64226853050.34,337054369556.14,32372445096.41,152709228379.27,630611412575.71,NA,9386,64675,620,23653,5499,"1084621",NA
2023-04-28,47.1286,18.9839,1.68264e+12,1210771940661.43,54511450507.59,263679408773.33,27359839788.82,120092142513.46,640151765130.31,NA,9425,64814,619,23689,5507,"1086061",NA
2023-04-29,47.126,18.9074,1682726400000,1205188547671.96,39379327826.37,168278062970.31,21835587255.19,83733916033.38,637231310425.91,NA,9438,64794,619,23715,5509,"1087501",NA
2023-04-30,46.9253,19.0465,1682812800000,1206623693405.96,24771847803.25,99711336830.4,14108623914.92,58211035509.74,640411972246.16,NA,9419,64680,619,23715,5515,"1088941",NA
2023-05-01,47.1431,18.773,1682899200000,1201145917496.18,31897279995.43,141746845580,17240285214.5,72859181959.15,634888330223.6,NA,9421,64657,619,23733,5524,"1090381",NA
2023-05-02,46.6667,18.924,1682985600000,1165408544465.5,40810771252.63,185256099961.82,22159353193.68,86728638528.43,621550384267.8,NA,9429,64604,619,23753,5528,"1091821",NA
2023-05-03,46.9668,19.0477,1.683072e+12,1182377779493.73,35176475458.64,155803502193.94,18742657135.89,72692060488.74,627052212246.44,NA,9444,64497,619,23779,5534,"1093261",NA
2023-05-04,46.9852,19.175,1683158400000,1195915355366.97,42043679699.05,200052352016.61,22919534516.58,95501411363.41,634012257892.03,NA,9460,64443,619,23806,5538,"1094701",NA
2023-05-05,47.1072,19.0602,1683244800000,1185919033324.54,32912154108.68,137754799504.56,17364048562.77,65468637422.38,627265366259.94,NA,9476,64466,619,23836,5540,"1096141",NA
2023-05-06,46.8861,19.6872,1683331200000,1219932160469.87,42864216955.31,196356344548.21,24927675573.53,102786303914.44,647953476396.57,NA,9507,64544,621,23880,5552,"1097581",NA
2023-05-07,47.1537,19.2651,1683417600000,1187051646719.99,39352635794.44,175548113001.58,23439481655.04,99113152601.33,627313238958.84,NA,9522,64619,621,23903,5556,"1099021",NA
2023-05-08,46.9789,19.2147,1.683504e+12,1172950585268.7,27741671879.54,116295698450.63,16435082483.64,65100079438.68,621911065960.75,NA,9523,64565,624,23913,5560,"1100461",NA
2023-05-09,46.9594,19.48,1683590400000,1142228138195.64,46572605157.71,208058879616.62,27455332672.86,111777549063.84,605845043983.8,NA,9576,64759,624,23982,5574,"1101901",NA
2023-05-10,46.9142,19.4787,1683676800000,1141816056349.67,31936584768.74,125747633438.05,17808962738.08,66890245223.02,606142505197.18,NA,9606,65162,626,24020,5583,"1103341",NA
2023-05-11,46.8119,19.3959,1683763200000,1142914575699,45887894685.18,212896876278.05,25232553487.79,108381255883.36,607894904717.62,NA,9635,65250,627,24062,5599,"1104781",NA
2023-05-12,46.8095,19.3413,1683849600000,1117071625654.42,37849293416.72,169748805715.98,21124252479.53,89397568105.87,594175771595.91,NA,9642,65209,625,24106,5607,"1106221",NA
2023-05-13,46.2251,19.7664,1.683936e+12,1123373193788.81,41515886992.11,191594485096.02,22201758748.4,96458253064.67,604092253704.08,NA,9656,65247,625,24135,5614,"1107661",NA
2023-05-14,46.309,19.6898,1684022400000,1120563284619.52,22736824841.1,93422583540.45,12737653236.02,50112617955.58,601642158594.36,NA,9652,65234,625,24135,5617,"1109101",NA
2023-05-15,46.3312,19.6574,1684108800000,1126129060708,22048926216.23,95858843176.1,12034038480.55,52063597948.23,604379606337.74,NA,9654,65222,625,24155,5621,"1110541",NA
2023-05-16,46.4194,19.6951,1684195200000,1134524450202.64,31232667514.22,148395781558.65,16818861863.49,75735780421.45,607885294646.63,NA,9671,65162,626,24181,5635,"1111981",NA
2023-05-17,46.4366,19.4505,1684281600000,1128065356726.9,28503434501.75,134046716067.83,15771360662.45,71857176836.88,604230385019.46,NA,9685,65144,625,24208,5644,"1113421",NA
2023-05-18,46.5906,19.2316,1.684368e+12,1139537975900.49,34363999774.5,174793785866.24,19223992849.32,96703307938.01,608620234548.12,NA,9705,65188,625,24237,5653,"1114861",NA
2023-05-19,46.3071,19.299,1684454400000,1122684786946.14,32096067293.3,167563922965.87,16872596763.53,83660778881.64,602801703568.94,NA,9698,65097,622,24273,5668,"1116301",NA
2023-05-20,46.2865,19.3667,1684540800000,1125750276154.75,25385427378.49,118911983683.77,14126490104,64361805341.25,604679466568.23,NA,9726,65044,623,24313,5693,"1117741",NA
2023-05-21,46.4295,19.3384,1684627200000,1132119586673.94,17071105239.84,69124237589.83,10025515743.74,41494888032.54,606481654353.07,NA,9731,64992,623,24326,5701,"1119181",NA
2023-05-22,46.3625,19.4098,1684713600000,1118255293392.19,19705728479.39,91731918299.42,11058593315.35,49415437277.62,599803936767.08,NA,9762,64968,623,24378,5707,"1120621",NA
2023-05-23,46.3114,19.4526,1.6848e+12,1123799321986.28,25124546524.13,120640704088.7,14068114682.67,65517556319.07,603352014505.81,NA,9898,63625,623,24559,5714,"1122061",NA
2023-05-24,46.3554,19.5915,1684886400000,1138323039474.38,30753018683.44,140825057453.39,17055297144.15,77246737962.02,610648291749.62,NA,9970,64004,628,24657,5721,"1123501",NA
2023-05-25,46.1032,19.5536,1684972800000,1107058187851.86,36030850734.88,189328198748.33,19731122856.43,104393938826.46,596669404223.03,NA,9992,64196,628,24736,5798,"1124941",NA
2023-05-26,46.23,19.5636,1685059200000,1110074243461.14,30478156200.28,145236730001.7,16627038582.27,81600832556.43,596886529574.03,NA,10045,64176,628,24811,5810,"1126381",NA
2023-05-27,46.2343,19.6298,1685145600000,1120278246898.01,27682593768.86,128642486960.97,14971259866.21,73130033491.69,602325688962.95,NA,10093,64335,631,24864,5821,"1127821",NA
2023-05-28,46.2549,19.5542,1.685232e+12,1126119219087.63,18302089413.29,85994364053.24,10409424545.27,54007691400.95,605233892470.24,NA,10081,64321,631,24864,5829,"1129261",NA
2023-05-29,46.6919,19.7015,1685318400000,1165912227241.03,30629539696.06,163176158500.7,16083187349.25,87588731980.82,621526084972.43,NA,10000,64272,631,24895,5836,"1130701",NA
2023-05-30,46.5511,19.7009,1685404800000,1155541150266.57,31671659594.4,163464794357.87,16492374472.62,90322400324.88,617623637264.55,NA,10096,64278,632,25040,5841,"1132141",NA
2023-05-31,46.4001,19.7497,1685491200000,1157517351489.13,30459508251.71,155216166505.6,17209145649.4,93172263278.45,620428519394.08,NA,10189,64399,632,25167,5857,"1133581",NA
2023-06-01,46.2386,19.7434,1685577600000,1141386025717.69,33069748499.63,171098677342.66,17409681019.72,92090214037,613624932323.83,NA,10310,64563,632,25319,5867,"1135021",NA
2023-06-02,46.0125,19.8116,1.685664e+12,1130322801196.87,30335501140.38,155731991478.21,15655273681.15,84379170713.11,610233394579.65,NA,10330,64599,636,25356,5881,"1136461",NA
2023-06-03,45.9476,19.9417,1685750400000,1150072084709.49,31148280082.37,162251882874.1,16311519294.55,92154208340.41,621641136663.56,NA,10354,64630,636,25391,5895,"1137901",NA
2023-06-04,45.9179,19.8993,1685836800000,1143438619013.72,19690672252.98,95762305702.15,11304635242.64,59670555618.05,618395073230.28,NA,10355,64616,636,25402,5903,"1139341",NA
2023-06-05,45.9319,19.8502,1685923200000,1145085643469.01,21804578581.58,105459597702.48,12441973506.5,63954357571.75,619126209940.25,NA,10345,64532,636,25404,5906,"1140781",NA
2023-06-06,45.8095,19.9793,1686009600000,1089983827627.7,48295838529.01,251613374517.74,26782523928.04,141569582415.67,590667769295.62,NA,10370,64539,636,25458,5917,"1142221",NA
2023-06-07,46.5688,19.9735,1.686096e+12,1134368224163.94,44069589650.12,235401678365.87,22137702312.02,117748891010.02,606107010863.86,NA,10379,64370,636,25506,5926,"1143661",NA
2023-06-08,46.5452,20.0676,1686182400000,1097885285219.47,40625628696.97,222398818019.23,21096098733.94,114254738271.05,586872625813.6,NA,10413,64415,638,25559,5937,"1145101",NA
2023-06-09,46.5727,20.1065,1686268800000,1103969173108.02,26114471296.76,135368765348.2,14209154223.8,75482761452.39,589821000210.98,NA,10438,64484,640,25603,5951,"1146541",NA
2023-06-10,46.7098,20.1198,1686355200000,1099705595019.4,25979215626.84,132138105903.73,14964258115.98,79392230079.1,586035090439.58,NA,10427,64399,641,25636,5959,"1147981",NA
2023-06-11,47.5877,19.9927,1686441600000,1053854087683.9,54676156906.26,286231021020.78,34803479703.44,187457771165.62,552349625235.32,NA,10418,64455,641,25636,5964,"1149421",NA
2023-06-12,47.6645,19.9674,1.686528e+12,1055658271915.24,24709772288.43,127303343775.88,13976528078.37,77664778821.55,552484345216.88,NA,10406,64409,641,25640,5968,"1150861",NA
2023-06-13,47.7089,19.8886,1686614400000,1053321471181.85,29781917699.24,155148741860.17,18105096555.72,99404410736.54,550793490722.43,NA,10436,64858,642,25682,5972,"1152301",NA
2023-06-14,47.6222,19.8008,1686700800000,1055974909050.23,33613807356.3,180895697192.32,19470271195.04,106199636570.11,553096253844.83,NA,10449,64893,642,25723,5983,"1153741",NA
2023-06-15,47.548,19.3559,1686787200000,1025169913018.33,33013066941.15,183318003432.04,18747065933.52,108120408448.53,537722528642.59,NA,10450,64933,643,25740,5987,"1155181",NA
2023-06-16,47.8836,19.319,1686873600000,1036376111963.25,37258140758.64,178250357730.8,21421096309.13,98906135152.5,540122366829.49,NA,10443,64950,643,25764,5987,"1156621",NA
2023-06-17,48.1489,19.4499,1.68696e+12,1061030715762.65,32299360665.14,175615558346.99,15974713699.73,89482784427.41,550156562549.19,NA,10442,65000,643,25795,5998,"1158061",NA
2023-06-18,48.1134,19.4189,1687046400000,1069223848966.28,23935025257.12,125719987583.4,12845538355.39,72244655983.1,554783644768.39,NA,10409,64873,643,25795,5998,"1159501",NA
2023-06-19,48.0784,19.457,1687132800000,1062998307234.91,20558873686.97,108210286735.07,10992913242.95,63490396305.47,551926077898.14,NA,10376,64491,643,25795,5998,"1160941",NA
2023-06-20,48.3985,19.3997,1687219200000,1076488359786.43,26049414545.99,145795934815.04,13218139759.81,76971216262.18,555484678023.89,NA,10391,64476,643,25842,6001,"1162381",NA
2023-06-21,49.1545,19.2657,1687305600000,1118136277429.04,39554147708.58,227947513015.76,17342767522.91,100711486276.12,568521525739.78,NA,10375,64470,643,25857,6002,"1163821",NA
2023-06-22,49.7216,19.3965,1.687392e+12,1171484161022.83,60328118017.7,335110194655.38,26979238765.72,143156388116.98,589003169541.83,NA,10367,64470,643,25902,6019,"1165261",NA
2023-06-23,49.8427,19.33,1687478400000,1164511643979.7,44314563215.41,219618469918.07,23668034314.96,111421235049.54,584087807197.75,NA,10360,64431,643,25919,6019,"1166701",NA
2023-06-24,50.0612,19.117,1687564800000,1190408236019.41,46501485989.92,194075289111.3,22386645550.93,92325461896.44,594475793408.4,NA,10344,64164,643,25939,6020,"1168141",NA
2023-06-25,50.1346,19.0644,1687651200000,1182714342718.72,30951557814.34,131318264192.42,18804600330.43,82499485519.71,589765738487.17,NA,10310,64024,643,25939,6020,"1169581",NA
2023-06-26,49.8396,19.2386,1687737600000,1187181553019.6,31999934124.49,137251084126.25,19295962559.72,84662925959.41,595495406181.88,NA,10303,64004,643,25943,6020,"1171021",NA
2023-06-27,50.0678,19.0392,1.687824e+12,1173770599195.32,38651174717.38,158482791077.87,22157647055.1,88884603672.9,586089194642.95,NA,10330,64032,642,25994,6032,"1172461",NA
2023-06-28,50.1377,19.1116,1687910400000,1188437057477.2,35549731564.51,142629993404.27,19119958842.08,73834126269.48,592581881910.33,NA,10346,64092,639,26021,6032,"1173901",NA
2023-06-29,50.3919,18.9597,1687996800000,1159129967797.16,34103094016.86,146651201565.3,19531694960.21,81287788938.17,575021870626.3,NA,10335,64024,639,26041,6033,"1175341",NA
2023-06-30,50.3527,18.9686,1688083200000,1173857798372.55,29971175518.2,128914632830.47,16789801754.97,69740123171.99,582788693470.91,NA,10325,64180,640,26069,6049,"1176781",NA
2023-07-01,49.5523,19.4637,1688169600000,1194104821380.71,62657652263.1,273865277422.05,36269568272.13,157783549536.32,602398993292.68,NA,10326,63689,640,26083,6066,"1178221",NA
2023-07-02,49.5147,19.2877,1.688256e+12,1199536209909.9,28936813850.42,104591934089.34,19850113975,76012654616.52,605589034425.83,NA,10322,63645,640,26107,6070,"1179661",NA
2023-07-03,49.4296,19.3635,1688342400000,1203000452278.47,30128549940.35,127020502895,19593581259.77,86991526560.23,608362125527.84,NA,10307,63597,640,26114,6076,"1181101",NA
2023-07-04,49.6532,19.2925,1688428800000,1218521713154.76,37764555911.44,146863249244.59,22492129963.77,86771076914.97,613486415493.15,NA,10316,63593,641,26142,6084,"1182541",NA
2023-07-05,49.6144,19.3266,1688515200000,1204716166099.71,30794379592.97,124390209800.55,17984099349.13,73678801882.92,607002887446.34,NA,10327,63044,642,26186,6094,"1183981",NA
2023-07-06,49.7532,19.2847,1688601600000,1190972637821.09,31607993243.46,133550405908.4,19126119888.1,84020180887.86,598425530839.37,NA,10326,63031,642,26210,6101,"1185421",NA
2023-07-07,49.8569,19.0683,1.688688e+12,1165097671211.44,44309607949.81,204286629741.92,23178762633.59,104350152439.86,584215821720.19,NA,10327,63314,644,26230,6107,"1186861",NA
2023-07-08,49.9427,19.0566,1688774400000,1180115765334.86,30705959659.72,134360034939.64,17328220623.52,78621807721.6,590733884657.9,NA,10315,63368,642,26247,6113,"1188301",NA
2023-07-09,49.8927,19.0159,1688860800000,1179320427088.28,19878534366.52,80431381964.67,12369125878.54,52807742264.06,590925085888.27,NA,10291,63354,642,26258,6117,"1189741",NA
2023-07-10,49.8855,19.0628,1688947200000,1174873887113.13,19725790995.39,80989508704.15,11822476072.41,50289650702.86,588782562817.64,NA,10262,63301,642,26258,6120,"1191181",NA
2023-07-11,49.8642,19.078,1689033600000,1184948422383.82,33649579246.73,150010668876.92,18820916059.1,82722952230.95,594082961012.62,NA,10257,63314,642,26299,6125,"1192621",NA
2023-07-12,49.9998,18.9776,1.68912e+12,1189774023800.27,27182439112.71,112079466952.11,15030861427.37,60004340274.36,594889384778.99,NA,10247,63433,643,26306,6137,"1194061",NA
2023-07-13,49.9392,19.0349,1689206400000,1182243036977.16,31116788493.35,133166203045.5,16311310439.48,70408706646.22,591840411854.89,NA,10235,63464,643,26311,6146,"1195501",NA
2023-07-14,48.6498,19.1844,1689292800000,1256989265356.72,60736595875.74,254963950249.15,37050261938.11,159223453470.18,645466813396.74,NA,10210,62924,643,26317,6156,"1196941",NA
2023-07-15,48.4927,19.1802,1689379200000,1215343018636.36,56566851617.72,241956340439.41,35649121843.32,157453746505.93,625990774517.4,NA,10191,63049,644,26324,6165,"1198381",NA
2023-07-16,48.4596,19.1128,1689465600000,1214770944438.23,27442600292.56,105045752389.8,19431563014.02,78421924452.16,626098356261.77,NA,10170,63007,644,26324,6171,"1199821",NA
2023-07-17,48.5755,19.1091,1.689552e+12,1210039419682.48,25724476071.66,108778840765.31,17207349392.2,77987689271.71,622256553362.2,NA,10135,62909,644,26324,6178,"1201261",NA
2023-07-18,48.5272,19.0349,1689638400000,1207175878074.08,35271056572.52,144846048300.08,22032718845.4,95390241375.46,621366851239.29,NA,10128,62855,644,26342,6187,"1202701",NA
2023-07-19,48.4026,19.0275,1689724800000,1198817727279.92,32088058036.73,130730231272.83,18948361422.72,80458708142.57,618558504784.24,NA,10117,62877,644,26346,6193,"1204141",NA
2023-07-20,48.3641,18.8895,1689811200000,1202050942289.6,31362915624.95,131976911791.97,19235229921.76,85806489265.3,620689367410.84,NA,10109,63516,646,26355,6205,"1205581",NA
2023-07-21,48.2681,18.9465,1689897600000,1199821606876.71,36901483544.14,158589985407.32,22244627101.29,98891983433.1,620690449835.87,NA,10104,63623,648,26373,6212,"1208021",NA
2023-07-22,48.3431,18.9251,1.689984e+12,1202430059408.43,33547586300.15,113415780176.7,22576891023.17,75927006191.56,621137627788.99,NA,10093,63618,649,26385,6227,"1209461",NA
2023-07-23,48.5744,18.8162,1690070400000,1191643148427.29,22413059869.42,85112861999.12,14538032087.54,58854763024.73,612809295708.29,NA,10059,63544,649,26386,6232,"1210901",NA
2023-07-24,48.6031,18.8721,1690156800000,1203080973493.21,23613007970.16,98232679392.63,14391887716.63,61348979902.72,618345973181.43,NA,10035,63469,649,26389,6237,"1212341",NA
2023-07-25,48.4062,18.9778,1690243200000,1171685588054.51,35398797540.32,148725529711.11,20004680646.52,84152150764.87,604517091973.03,NA,10031,63469,648,26395,6245,"1213781",NA
2023-07-26,48.3285,19.008,1690329600000,1175578928225.96,25703626696.38,102103401945.92,15436389539.71,66043913158.73,607439699223.43,NA,10020,63474,646,26406,6261,"1215221",NA
2023-07-27,48.2497,19.0792,1.690416e+12,1182701156936.86,31409877395.1,128548190189.75,17911609522.4,75768792253.69,612050809780.4,NA,9993,63535,648,26415,6267,"1216661",NA
2023-07-28,48.2133,18.9848,1690502400000,1177880788379.4,25943404114.22,102908165117.16,15170500923.84,62993626951.69,609985091585.64,NA,9975,63584,649,26423,6276,"1218101",NA
2023-07-29,48.1282,19.1255,1690588800000,1184378628058.55,25272534404.91,96384085531.82,14055391445.25,55840173814.25,614358886567.63,NA,9951,63645,651,26432,6284,"1219541",NA
2023-07-30,48.0886,19.0464,1690675200000,1186925083706.07,17778212780.78,66290775817.3,11296605991.98,45760215907.71,616148938732.36,NA,9926,63615,651,26437,6288,"1220981",NA
2023-07-31,48.175,19.0654,1690761600000,1181621186644.45,24169910071.28,98107227437.6,15491250673.32,65675993552.74,612374964871.05,NA,9901,63520,651,26439,6292,"1222421",NA
2023-08-01,48.3305,18.9685,1.690848e+12,1176013336537.18,28340330956.25,111026128006.77,16684286702.63,67898919335.98,607640311045.53,NA,9883,63255,652,26456,6311,"1223861",NA
2023-08-02,48.5207,18.9134,1690934400000,1189867379623.23,39618911455.21,162839603232.89,21346519063.93,90870226206.34,612535012769.78,NA,9864,63213,652,26461,6327,"1225301",NA
2023-08-03,48.4727,19.0718,1691020800000,1169718673389.78,38198593979.4,160550101241.27,18992937088.3,79670307530.08,602724045913.74,NA,9846,63187,653,26465,6342,"1226741",NA
2023-08-04,48.7186,18.9339,1691107200000,1164656172414.18,29245341607.92,113550385636.27,16467640880.98,65942651457.27,597251813843.85,NA,9825,63178,653,26470,6359,"1228181",NA
2023-08-05,48.7389,18.9318,1691193600000,1160155487524.85,29128208292.28,110130117576.2,17091574573.37,66287530862.56,594707960268.87,NA,9801,62829,653,26476,6383,"1229621",NA
2023-08-06,48.6233,18.9804,1.69128e+12,1161697134650.26,20241668833.22,69909632652.18,13643200524.5,49487969788.49,596841324740.27,NA,9782,62792,653,26478,6394,"1231061",NA
2023-08-07,48.6806,18.9247,1691366400000,1160281982994.49,20655635028.29,71849903723.38,13385873325.3,48663720016.31,595449871581.97,NA,9764,62752,653,26478,6403,"1232501",NA
2023-08-08,48.8165,18.881,1691452800000,1162687277885.27,32919645559.26,143913178103.49,19301987704.21,90689143512.79,595103676925.31,NA,9760,63352,654,26491,6410,"1233941",NA
2023-08-09,48.9599,18.8559,1691539200000,1182605780571.14,36006447526.98,158535588633.35,18435525686.75,81351806027.55,603603724541.69,NA,9739,63433,655,26507,6419,"1235381",NA
2023-08-10,48.7921,18.9041,1691625600000,1178625089431.3,35546358274.25,139979732264.14,17167718673.82,72857811264.06,603548838659.93,NA,9707,63233,655,26517,6434,"1236821",NA
2023-08-11,48.7606,18.9409,1.691712e+12,1174029082809.46,26133839466.51,104253939019.75,14268980624.16,59624559002.36,601565210706.77,NA,9702,63285,658,26522,6456,"1238261",NA
2023-08-12,48.7655,18.9229,1691798400000,1172831964140.99,22907590547.53,88516626194.38,12713836801.83,52244808377.5,600894696303.13,NA,9687,63290,658,26525,6469,"1239701",NA
2023-08-13,48.7316,18.9158,1691884800000,1174409648297.14,16545264352.66,57321864920.22,10351107930.82,40349132633.99,602101231089.44,NA,9659,63246,658,26526,6474,"1241141",NA
2023-08-14,48.7327,18.9018,1691971200000,1169116064432.26,19376785083.97,76305970566.6,12046833886.89,54615940305.48,599374598739.85,NA,9639,63195,658,26526,6477,"1242581",NA
2023-08-15,48.7437,18.8743,1692057600000,1173911487219.06,28557513693.77,119627653545.53,14544112261.94,64455849282.9,601703136963.38,NA,9624,63138,657,26527,6490,"1244021",NA
2023-08-16,48.977,18.9401,1.692144e+12,1158906738926.79,29935482466.96,115199019032.68,17295233788.97,74779803662.01,591308479189.11,NA,9618,63193,657,26539,6512,"1245461",NA
2023-08-17,49.0962,19.0692,1692230400000,1137568287868.92,34321985607.85,136259120145.12,19372899351.39,85435641974.97,579065069656.21,NA,9607,63206,660,26550,6525,"1246901",NA
2023-08-18,48.7247,19.001,1692316800000,1064404161356.54,63377899625.17,257998586239.45,32251830172.17,135754702830.76,545776894527.68,NA,9595,63327,660,26558,6536,"1248341",NA
2023-08-19,48.2274,18.9946,1692403200000,1051146223087.08,47531023493.38,175814626432.31,23508764231.95,92531386040.13,544205251177.52,NA,9590,63337,661,26564,6560,"1249781",NA
2023-08-20,48.0801,18.9989,1692489600000,1056354911960.4,24779195648.31,93759656321.4,14147161519.9,57116695631.54,548458813006.54,NA,9561,63299,661,26565,6565,"1251221",NA
2023-08-21,48.0018,19.0744,1.692576e+12,1061887440957.66,21753799324.09,77474245669.59,12717306007.01,49025914825.72,552162204995.35,NA,9544,63266,661,26567,6577,"1252661",NA
2023-08-22,48.2552,19.0209,1692662400000,1053745017025.04,29284145639.63,109143339947.8,15912587747.03,65794327183.66,545257887149.09,NA,9519,63356,663,26578,6588,"1254101",NA
2023-08-23,48.4504,18.7802,1692748800000,1046007630054.52,33084239848.12,141112905582.99,18579070327.64,87448741063.95,539212551298.4,NA,9506,63327,663,26588,6607,"1255541",NA
2023-08-24,48.317,18.9571,1692835200000,1064882221991.8,34697011299.75,151163518769.77,17711639632.81,78608295111.13,550363606758.32,NA,9493,63208,660,26599,6621,"1256981",NA
2023-08-25,48.3078,18.9288,1692921600000,1054311694140.14,27502627322.68,115249122050.92,14628119426.87,62158306729.98,544997369809.42,NA,9433,62885,662,26607,6633,"1258421",NA
2023-08-26,48.2675,18.9144,1.693008e+12,1050573300381.91,27537097350.98,116830793970.11,15131881788.71,66355799454.8,543487364639.89,NA,9418,63107,660,26615,6642,"1259861",NA
2023-08-27,48.286,18.8731,1693094400000,1048640170544.89,15142066308.98,53517043186.95,9107356961.86,35619125447.47,542293496164.73,NA,9387,63061,660,26615,6648,"1261301",NA
2023-08-28,48.2337,18.921,1693180800000,1053098943196.97,16329890710.52,62243724520.98,9415904151.48,40050132304.63,545150177713.33,NA,9375,62972,660,26616,6649,"1262741",NA
2023-08-29,48.2721,18.8665,1693267200000,1052892008490.65,24577299869.87,104271453327.6,13574736766.57,61146821651.9,544639163144.49,NA,9368,62928,660,26624,6659,"1264181",NA
2023-08-30,48.9507,18.8542,1693353600000,1102884983370.28,52903434518.44,208553312424.5,23534651760.37,100800813869.96,563015245391.22,NA,9344,62883,660,26627,6666,"1265619",NA
2023-08-31,48.9094,18.8615,1.69344e+12,1086855012886.33,31552475320.23,124990309470.59,15209014205.67,66992750842.39,555280666076.34,NA,9332,64272,662,26637,6674,"1267059",NA
2023-09-01,48.2708,18.9102,1693526400000,1046144517702.37,37571352059.13,164566457580.17,17390381318.27,83056246967.45,541162154694.3,NA,9312,64620,668,26645,6695,"1268499",NA
2023-09-02,48.3273,18.8307,1693612800000,1039655934927.76,33960057979.21,141946390021.4,16758184871.12,79736898093.45,537218255483.07,NA,9321,64772,669,26648,6705,"1269939",NA
2023-09-03,48.3222,18.8762,1693699200000,1042569720049.44,21932761798.03,80850457257.03,11832332888.69,54676189219.8,538776714309.19,NA,9314,64828,669,26648,6709,"1271379",NA
2023-09-04,48.4188,18.8277,1693785600000,1044553481554.5,19855263792.02,73251034123.19,10893135544.58,45179781663.88,538793064801.03,NA,9296,64819,669,26648,6718,"1272819",NA
2023-09-05,48.2974,18.8217,1.693872e+12,1040971064456.37,24054019621.64,92578691098.21,13373472376.08,57422866451.08,538209043261.88,NA,9290,64878,669,26652,6730,"1274259",NA
2023-09-06,48.231,18.8643,1693958400000,1041166631106.19,24778543297.08,101125723926.21,13684273832.93,63548069122.28,539001645911.39,NA,9281,64809,669,26660,6739,"1275699",NA
2023-09-07,48.1895,18.8527,1694044800000,1040848209981.33,27029764183.92,109568698815.44,14277259380.6,64300956775.38,539269172237.68,NA,9267,65023,670,26671,6757,"1277139",NA
2023-09-08,48.5181,18.8009,1694131200000,1053594075056.86,24167769182.71,106517535256.29,13077776178.7,61039463182.36,542410208447.44,NA,9243,65044,669,26678,6767,"1278579",NA
2023-09-09,48.3306,18.8375,1694217600000,1044137912140.25,23561309545.85,104875221575.77,12744830585.99,60920158633.78,539499638001.91,NA,9204,64940,668,26683,6773,"1280019",NA
2023-09-10,48.3396,18.8371,1.694304e+12,1043586526789.19,13440240267.55,55214567535.44,7958922523.34,37939523993.39,539120617281.7,NA,9192,64904,668,26684,6778,"1281459",NA
2023-09-11,48.5997,18.7707,1694390400000,1035507857537.16,20279672156.4,92500075686.93,12380119109,61626233663.54,532254412375.72,NA,9170,64853,668,26685,6781,"1282899",NA
2023-09-12,48.6729,18.5204,1694476800000,1007169395785.06,32530881578.69,152768163478.34,17930896364.85,84957572525.61,516950828746.5,NA,9166,64904,668,26700,6785,"1284365",NA
2023-09-13,48.9142,18.6061,1694563200000,1029085048058.72,35423451439.22,160884773360.31,16765612867.07,73785473465.73,525716046905.47,NA,9164,64886,670,26705,6806,"1285905",NA
2023-09-14,49.0705,18.5624,1694649600000,1041455228178.83,27302036656.18,122366959310.92,14230597643.21,65728702263.23,530408271697.84,NA,9147,64740,670,26705,6814,"1287345",NA
2023-09-15,49.1329,18.5851,1.694736e+12,1052417682131.76,28414670934.81,131154735892.52,14602750585.38,68601679892.87,535333915220.26,NA,9136,65321,670,26713,6824,"1288965",NA
2023-09-16,48.9193,18.6199,1694822400000,1059895167761.48,25608292082.29,110333164127.04,14126848407.15,64550740936.68,541402199964.34,NA,9116,65287,670,26715,6833,"1290405",NA
2023-09-17,48.8503,18.5485,1694908800000,1059874488138.3,19496196198.49,87440685099.37,12095491226.76,61002720042.17,542122761108.02,NA,9106,65301,670,26717,6838,"1291845",NA
2023-09-18,49.0559,18.5106,1694995200000,1054114116355.4,17607070976.34,74214513063.36,10832581226.15,51953054339.74,537008918406.63,NA,9095,65254,670,26720,6852,"1293285",NA
2023-09-19,49.0436,18.5125,1695081600000,1063330646470.47,31127779684.52,145021384478.41,15512550797.47,72435255174.78,541834728763.95,NA,9092,65305,671,26729,6855,"1294725",NA
2023-09-20,49.2221,18.3389,1.695168e+12,1077461946206.82,27278835522.59,127672630774.88,13471255238.03,61699197415.48,547112157802.93,NA,9085,64952,669,26741,6867,"1296165",NA
2023-09-21,49.3078,18.1911,1695254400000,1072488425423.51,28082794439.47,124644559376.03,14801648100.17,66117762310.53,543667572966.97,NA,9140,65061,671,26842,6879,"1297605",NA
2023-09-22,49.2154,18.1016,1695340800000,1052168523016.98,32352223636.24,164677413217.35,58980846757.88,110729624817.19,534339111566.31,NA,9132,65088,672,26847,6892,"1299045",NA
2023-09-23,49.1232,18.1616,1695427200000,1054710914959.55,22126067423.01,87068221522.37,11547216319.49,51639175040.86,536602782041.32,NA,9129,64511,669,26854,6901,"1300485",NA
2023-09-24,49.1253,18.1682,1695513600000,1054731717099.65,16244650304.88,55903684716.6,8840143428.45,38215050788.79,536591758610.79,NA,9122,64516,669,26855,6905,"1301925",NA
2023-09-25,49.0422,18.2104,1.6956e+12,1043687188538.18,17995019275.53,72681495919.12,9801442437.08,45050312153.67,531839946918.82,NA,9104,64436,669,26855,6910,"1303365",NA
2023-09-26,48.9578,18.2345,1695686400000,1047178228939.27,24689515114.64,103826674255.43,12691904267.93,55788138894.02,534502314250.5,NA,9089,64438,669,26857,6914,"1304805",NA
2023-09-27,48.8935,18.3263,1695772800000,1045283965763.64,22702290381.43,90427434548.28,12716547434.42,55056310476.86,534208369297.99,NA,9085,64441,669,26861,6920,"1306245",NA
2023-09-28,48.9863,18.3117,1695859200000,1048964411622.17,27303085450.61,134362627604.26,15584804188.46,78912489596.07,535115725566.95,NA,9079,64184,668,26864,6932,"1307685",NA
2023-09-29,49.0688,18.5077,1695945600000,1073830375025.56,31004821037.08,147669523502.1,16925751953.06,81300218201.63,546914568670.71,NA,9068,64148,669,26870,6945,"1309125",NA
2023-09-30,48.8385,18.6637,1.696032e+12,1074492624286.71,40311855811.08,131790181857.92,29915634978.07,84017729798.62,549726479376.18,NA,9063,64061,667,26873,6954,"1310565",NA
2023-10-01,48.8356,18.6598,1696118400000,1076839086689.66,32436623763.63,92814588052.36,27105641391.02,69791911646.34,550958505300.51,NA,9052,64044,667,26873,6959,"1312005",NA
2023-10-02,49.1235,18.7636,1696204800000,1110774639228.37,33129903900.2,123877959453.56,23624369752.87,79738082690.38,565123102778.42,NA,9043,64020,667,26875,6963,"1313445",NA
2023-10-03,49.3464,18.3882,1696291200000,1087603651244.27,43833929056.94,190631595149.07,24040293528.09,96653002204.04,550910794185.37,NA,9038,63981,666,26879,6965,"1314885",NA
2023-10-04,49.2992,18.3574,1696377600000,1085141311636.84,35973907826.5,131871018228.92,24567541360.27,80492285096.87,550174853006.76,NA,9024,63977,666,26885,6967,"1316325",NA
2023-10-05,49.708,18.1649,1.696464e+12,1090762128883.91,28002070268.38,128294908155.98,16858079346.84,76089459435.01,548566222412.56,NA,9024,63957,666,26889,6973,"1317765",NA
2023-10-06,49.6719,17.9995,1696550400000,1076484719293.35,26024174048.55,127565994139.19,14147045756.44,65479457562.73,541774313750.2,NA,9013,63933,666,26891,6976,"1319205",NA
2023-10-07,49.7804,18.072,1696636800000,1095067311152.66,26479956729.31,139464795638.99,12987724931.39,66200386953.51,549938856131.31,NA,9001,63908,666,26897,6981,"1320645",NA
2023-10-08,49.9148,17.9812,1696723200000,1093098548403.85,15736210617.32,73329873532.19,9183300345.33,45126072685.39,547480981902.91,NA,8996,63895,666,26897,6983,"1322085",NA
2023-10-09,49.9415,18.0011,1696809600000,1091179431499.26,17993484538.15,90372541714.5,10076091448.71,52097827812.22,546227921801.5,NA,8974,63867,666,26900,6988,"1323525",NA
2023-10-10,50.2774,17.7489,1.696896e+12,1070423866234.62,28659929370.74,142912067723.78,16652413820.13,84301145547.95,532242080217.58,NA,8969,63844,666,26903,6994,"1324965",NA
2023-10-11,50.191,17.7052,1696982400000,1064750812935.9,23901300194.51,112815729281.23,13928083662.97,63952431605.86,530342076681.4,NA,8963,63855,666,26906,7003,"1326405",NA
2023-10-12,49.8275,17.8994,1697068800000,1052280272133.4,27203644812.6,137610127061.97,13552696444.17,67997003343.97,527955532393.06,NA,8960,63894,665,26909,7010,"1327845",NA
2023-10-13,49.9867,17.727,1697155200000,1044356785290.49,22468366832.39,113374840999.6,13075975212.95,68524294085.98,522317033669.17,NA,8959,64137,666,26911,7020,"1329285",NA
2023-10-14,49.9193,17.7753,1697241600000,1050094148491.25,27421676398.6,108262902439.95,12256256445.75,55893787978.15,525894628532.88,NA,8945,64069,666,26916,7027,"1330725",NA
2023-10-15,49.8339,17.7813,1.697328e+12,1051769112210.66,13946542632.74,62590145054.54,8558135593.61,39548229317.5,527631035197.35,NA,8928,64013,666,26918,7030,"1332165",NA
2023-10-16,50.0314,17.6874,1697414400000,1059425864624.88,18364309175.51,87919224143.99,11265548573.64,54163150491.53,529379791597.12,NA,8916,63963,666,26920,7040,"1333605",NA
2023-10-17,50.7984,17.5672,1697500800000,1095710203484.59,60535714366.94,243330588280.51,32698668182.61,108233306156.44,539106998833.51,NA,8903,63978,664,26922,7055,"1335045",NA
2023-10-18,51.044,17.328,1697587200000,1086436130507.98,46588112216.24,146251652885.67,31716271390.21,82977136845.6,531875795315.97,NA,8897,63962,664,26926,7071,"1336485",NA
2023-10-19,51.0912,17.3777,1697673600000,1082263475877.94,40508041359.24,137668886437.83,27784192275.06,79237934825.96,529322485758.39,NA,8893,64114,667,26929,7080,"1337925",NA
2023-10-20,51.2516,17.2316,1.69776e+12,1094005072553.77,40993099711.61,139339236671.33,26544782962.84,79296255070.42,533309722939.42,NA,8864,64008,667,26932,7088,"1339365",NA
2023-10-21,51.6474,17.2035,1697846400000,1121831459276.21,51089976603.22,190430140920.06,29553419074.26,96112875228.59,542435183788.4,NA,8854,64019,667,26933,7089,"1340805",NA
2023-10-22,51.4203,17.2525,1697932800000,1135772003962.88,38310201989.95,132906501814.99,26769419702.66,83762765160.06,551754394283.14,NA,8849,64007,667,26935,7092,"1342245",NA
2023-10-23,51.143,17.4764,1698019200000,1145025658169.76,40315072632.84,130639569995.27,29868940229.69,90512800371.2,559424835620.52,NA,8843,64007,667,26935,7095,"1343685",NA
2023-10-24,52.5076,17.2651,1698105600000,1229974525135.45,69650080042.63,319524894151.46,31281458916.69,145994031968.24,584145029469.89,NA,8836,64017,667,26939,7098,"1345125",NA
2023-10-25,53.0373,17.1958,1.698192e+12,1248180982644.24,83170507698.84,353212142532.85,38244472507.81,166875985349.06,586179563602.67,NA,8835,64167,668,26945,7104,"1346565",NA
2023-10-26,53.3053,17.0099,1698278400000,1263748056115.35,51801603619.23,219474617842.92,26547970626.32,120687503077.91,590103908089.56,NA,8841,64258,667,26955,7111,"1348005",NA
2023-10-27,52.9391,17.2207,1698364800000,1259755328202.72,47964994144.38,204166426246.81,28537003153.88,130128480623.08,592852704971.53,NA,8847,64797,668,26962,7115,"1349445",NA
2023-10-28,52.9916,17.1345,1698451200000,1249435415222.27,37642422539.1,154829722271.84,21224975310.41,92316595698.6,587339957890.53,NA,8852,64990,667,26972,7116,"1350885",NA
2023-10-29,53.0076,17.0147,1698537600000,1255780027773.15,24444477110.81,94631650047.26,14284209433.67,60041275899.47,590121486125.79,NA,8846,65044,667,26973,7119,"1352325",NA
2023-10-30,53.0568,16.9896,1.698624e+12,1271072550582.4,25807550720.52,107002254779.04,14647531626.19,64380759119.06,596682561566.23,NA,8841,65046,667,26979,7123,"1353765",NA
2023-10-31,52.7601,17.0475,1698710400000,1277029061226.45,39460377437.05,161879654176.16,22275239764.22,95782136324.63,603267650353.58,NA,8847,65175,670,26989,7164,"1355205",NA
2023-11-01,52.8041,17.0383,1698796800000,1281992776894.48,40580055949.27,169629715460.02,24821843009.22,107375049438.07,605047725543.67,NA,8832,65046,670,26997,7181,"1356645",NA
2023-11-02,52.8894,16.9758,1698883200000,1308678434166.76,53554876705.39,232007277567.31,31108074365.6,132184391899.89,616526524100.18,NA,8842,64824,670,27006,7191,"1358085",NA
2023-11-03,52.8441,16.7705,1698969600000,1291414042107.93,50250607101.33,216012579167.71,29252441558.98,122852460923.82,608978424465.58,NA,8841,64737,671,27008,7193,"1359525",NA
2023-11-04,52.4597,17.0469,1.699056e+12,1293261871779.75,41557961734.12,176870418239.85,24400208300.99,102369474345.02,614820416991.71,NA,8845,64857,671,27017,7196,"1360965",NA
2023-11-05,52.356,17.0666,1699142400000,1309015796545.3,27906586640.41,117301574953.55,18345419456.93,78902175819.31,623667081197.24,NA,8838,64908,671,27018,7202,"1362405",NA
2023-11-06,51.8582,17.2552,1699228800000,1320182625569.52,38262295253.18,170012838890.77,25849535370.55,113776399568.96,635559539902.23,NA,8830,64963,671,27018,7209,"1363845",NA
2023-11-07,51.3431,17.1406,1699315200000,1333308694649.49,39648091326.31,166856692567.38,26955006273.96,113394197838.33,648746397683.84,NA,8830,65037,672,27020,7215,"1365285",NA
2023-11-08,51.8445,17.0037,1699401600000,1335127572367.48,49256435921.19,212622026631.69,30421474061.66,130987945489.05,642937203834.09,NA,8833,65061,672,27030,7223,"1366725",NA
2023-11-09,51.7341,16.8787,1.699488e+12,1346084005957.99,42168545573.94,180781075559.93,24873833804.4,103987740945.29,649700066204.82,NA,8829,65149,672,27033,7229,"1368165",NA
2023-11-10,51.2729,18.2399,1699574400000,1398383575385.91,96163729885.64,427401350841.08,58405752199.91,249114818775.7,681391968810.36,NA,8836,64967,670,27039,7239,"1369605",NA
2023-11-11,51.382,17.6149,1699660800000,1418844964727.99,69117600853.58,256717375862.59,46407455975.73,174343360835.78,689813572907.16,NA,8838,65112,671,27042,7246,"1371045",NA
2023-11-12,51.286,17.4495,1699747200000,1414865971470.37,55155651521.86,203740347408.18,41231800302.24,157027950920.05,689237187931.76,NA,8831,65147,671,27044,7249,"1372485",NA
2023-11-13,51.1702,17.3787,1699833600000,1415333472844.52,46268513172.43,167020329420.88,34723392692.32,129648158386.61,691104976941.1,NA,8828,65115,671,27045,7253,"1373925",NA
2023-11-14,51.153,17.7252,1.69992e+12,1394265987209,64604877784.23,248575322717.2,45545403536.6,177409392096.78,681057314372.67,NA,8835,65175,671,27062,7256,"1375365",NA
2023-11-15,50.9045,17.4438,1700006400000,1364502154648.59,65405333333.81,259220016565.9,41548800779.66,160968667595.64,669908615402.19,NA,8849,65233,671,27074,7269,"1376805",NA
2023-11-16,51.4041,17.2028,1700092800000,1440170833742.97,67376307046.17,251098529189.15,40008175078.86,141682661290.32,699864180227.3,NA,8853,65300,671,27078,7283,"1378245",NA
2023-11-17,51.1618,17.0751,1700179200000,1381335242906.16,71621942772.77,280667112666.01,45614667872.67,174501897755.05,674619828705.96,NA,8854,65198,672,27085,7294,"1379685",NA
2023-11-18,51.4016,16.9436,1700265600000,1392113702451.12,61641466980.23,233004805375.44,39198142267.18,150047824766.94,676545034952.49,NA,8857,65269,671,27102,7297,"1381125",NA
2023-11-19,51.4196,16.9755,1.700352e+12,1390730073576.85,40607308190.97,143009011189,28722221573.51,104512744220,675622127703.99,NA,8853,65265,671,27103,7303,"1382565",NA
2023-11-20,51.4451,17.0393,1700438400000,1420313224272.62,38807583588.79,142796441705.04,25888787020.37,96572186953.73,689632356037.99,NA,8839,65246,671,27105,7310,"1384005",NA
2023-11-21,51.6755,17.1547,1700524800000,1417560728672.17,55029365347.64,215465873689.13,34143234727.09,132363940177.91,685029450837.62,NA,8844,65453,672,27128,7318,"1385445",NA
2023-11-22,51.7786,17.2251,1700611200000,1351079062227.38,66410016904.96,276221005649.36,41231302321.15,162893935430.41,651509415954.75,NA,8849,65585,672,27138,7329,"1386885",NA
2023-11-23,51.5806,17.4979,1700697600000,1418535373207.75,59415066531.37,224364655183.65,35033708811.36,132132177207.44,686846493588.57,NA,8853,65901,674,27143,7340,"1388325",NA
2023-11-24,51.4812,17.5099,1.700784e+12,1416271368894.3,39948340991,157337126682.26,25733527264.18,102627003120.27,687157245491.58,NA,8854,65945,676,27148,7343,"1389765",NA
2023-11-25,51.5287,17.485,1700870400000,1431273819704.62,54210631246.48,215008339705.47,31288314003,124997679548.79,693756529990.38,NA,8861,66012,678,27162,7351,"1391205",NA
2023-11-26,51.3514,17.4145,1700956800000,1439185469599.81,31220639691.41,115413749012.85,22121126635.97,86351102827.25,700144205067.35,NA,8857,66054,678,27164,7353,"1392645",NA
2023-11-27,51.3557,17.3877,1701043200000,1426561110016.36,40656263052.68,157547754209.01,26910968942.53,106783147225.13,693940681804.01,NA,8862,66095,678,27165,7363,"1394085",NA
2023-11-28,51.6473,17.2853,1701129600000,1410404031441.63,51966232264.82,192595693617.8,32962933356.41,121863997634.93,681968958791.42,NA,8862,66200,678,27169,7367,"1395525",NA
2023-11-29,51.9648,17.3092,1.701216e+12,1423588669812.78,51267542363.8,195280881917.74,29572402931.79,111581196228.42,683824256000.5,NA,8862,66251,679,27176,7375,"1396965",NA
2023-11-30,52.0983,17.1722,1701302400000,1421170963266.71,48539289994.2,176702304257.58,27810610348.33,103263194197.77,680765430901.49,NA,8863,66190,680,27191,7390,"1398405",NA
2023-12-01,51.8418,17.344,1701388800000,1422813233503.07,42479582594.91,149770634476.21,24363523565.17,91853174594.5,685200862203.3,NA,8853,66341,684,27198,7401,"1399845",NA
2023-12-02,52.1291,17.2905,1701475200000,1451579404781.26,50793444368.72,193510993580.41,27281091993.53,101789096559.67,694884203354.48,NA,8866,66392,684,27218,7408,"1401285",NA
2023-12-03,51.9898,17.5349,1701561600000,1485069548685.56,42481035444.68,166008344786.96,26946266400.3,106547246964.13,712984675871.64,NA,8857,66370,684,27218,7420,"1402725",NA
2023-12-04,52.1913,17.6035,1.701648e+12,1498312891719.88,44075804300.86,169546687435.33,28303834736.7,106877355980.57,716324516263.41,NA,8856,66354,684,27218,7425,"1404165",NA
2023-12-05,52.9809,17.3993,1701734400000,1550068073028.41,95714033402.13,358475838922.46,55857249069.94,198442652960.33,728827452664.64,NA,8870,66420,684,27234,7429,"1405605",NA
2023-12-06,53.8383,17.2182,1701820800000,1601656435248.47,80606214908.36,332045196241.19,44291273509.52,180105571982.04,739352492414.43,NA,8886,66025,683,27248,7447,"1407045",NA
2023-12-07,53.9191,16.9057,1701907200000,1587619574933.8,77231711597.17,302253792399.87,47324381313.02,187530796736.15,731590077301.13,NA,8898,66041,683,27257,7453,"1408485",NA
2023-12-08,52.8398,17.6812,1701993600000,1602895300033.9,71213191115.16,276007159624.43,43574353977.82,168116518064.58,755927905147.99,NA,8883,66041,680,27281,7461,"1409925",NA
2023-12-09,52.6925,17.289,1.70208e+12,1640137689741.01,66671389101.46,247141967393.47,42250907432.7,152943769887.1,775908685737.3,NA,8898,66229,680,27296,7468,"1411365",NA
2023-12-10,52.5407,17.2855,1702166400000,1628340641736.58,61781506150.61,231472279475.13,44412338424.66,164272051964.78,772798596899.39,NA,8888,66347,680,27297,7472,"1412805",NA
2023-12-11,52.2445,17.246,1702252800000,1639844113351.76,44627330832.33,165382489018.73,31627414655.14,114154686454.67,783115530956.06,NA,8881,66401,680,27297,7479,"1414245",NA
2023-12-12,51.89,17.1954,1702339200000,1555170606714.12,97464486356.76,393596861120.16,56833342523.82,215842833305.52,748191857591.14,NA,8906,66583,682,27319,7493,"1415685",NA
2023-12-13,51.8981,16.9361,1702425600000,1563228562115.44,69514717258.5,314105120177.46,44733376250.67,203630617820.97,751943328828.23,NA,8902,66864,684,27338,7501,"1417125",NA
2023-12-14,52.1714,16.8935,1.702512e+12,1608677425918.02,70160286457.22,282897014822.99,43365348922.95,162529554022.84,769407101502.83,NA,8912,66954,683,27347,7508,"1418565",NA
2023-12-15,51.8103,17.1329,1702598400000,1625208845100.88,105054292786.84,319764776982.64,79474629219.53,203743842384.25,783183543715.46,NA,8924,67238,683,27355,7514,"1420005",NA
2023-12-16,51.8605,16.8622,1702684800000,1582494624018.18,99526228660.57,273225359822.89,79886480906.97,186664715883.57,761805560785.82,NA,8923,67321,683,27368,7521,"1421445",NA
2023-12-17,51.6779,16.7333,1702771200000,1599685273364.12,47379271774.47,181827966526.76,32993619808.47,122010329698.11,773001714288.02,NA,8926,67339,683,27375,7524,"1422885",NA
2023-12-18,51.6233,16.8331,1702857600000,1568028389888.06,47526180366.85,190320282848.41,30845104422.16,116052972143.55,758560974955.4,NA,8910,67286,683,27376,7531,"1424325",NA
2023-12-19,52.1696,16.6651,1.702944e+12,1599568036103.31,64592434078.85,271868730776.6,39368217108.61,152696466811.57,765080071872.19,NA,8899,67294,683,27382,7534,"1425765",NA
2023-12-20,52.2187,16.519,1703030400000,1584407035121.43,60233140532.78,243669804656.72,37063082016.84,137758361614.64,757050221585.18,NA,8916,68065,684,27407,7542,"1427205",NA
2023-12-21,52.5687,16.0538,1703116800000,1625478027741.18,69468687267.61,286973852553.31,41598573838.89,157906774302.38,770986074075.17,NA,8922,68225,684,27425,7546,"1428645",NA
2023-12-22,51.831,16.2447,1703203200000,1656956943109.25,66237580785.93,267046124616.33,43786341313.71,166481606643.26,798138766710.63,NA,8933,68424,686,27436,7554,"1430085",NA
2023-12-23,51.3933,16.6807,1703289600000,1676335969152.05,70942829263.62,278328302365.82,49914841292.47,187476749623.03,814811700598.14,NA,8952,68775,687,27461,7562,"1431525",NA
2023-12-24,51.0832,16.5579,1.703376e+12,1676210411830.28,48938113761.63,185789928520.31,35429561716.12,134294832074.15,819948004754.95,NA,8956,68780,687,27469,7571,"1432965",NA
2023-12-25,50.8396,16.4361,1703462400000,1656582894748.92,64524457197.07,241500337202.67,45690693877.5,173693506337.62,814383228852.64,NA,8949,68751,687,27470,7573,"1434405",NA
2023-12-26,50.6382,16.1966,1703548800000,1686182449757.13,76648251979.4,254800057838.16,55534245577.73,179817492899.78,832330520562.93,NA,8953,68798,687,27478,7579,"1435845",NA
2023-12-27,50.331,16.2117,1703635200000,1654251277637.67,81638929657.22,316042161470.52,51611193804.38,208017810299.54,821650072651.33,NA,8956,68594,687,27490,7590,"1437285",NA
2023-12-28,50.0837,16.831,1703721600000,1699092662960.57,74943723670.46,291070008717.27,49679114199.85,194114705843.44,848123732597.97,NA,8962,68560,685,27496,7596,"1438725",NA
2023-12-29,49.9761,16.8907,1.703808e+12,1670123853309.12,78922292937.41,309352315786.58,55931113968.92,213430155258.28,835461582820.62,NA,8970,68927,685,27504,7608,"1440165",NA
2023-12-30,49.9243,16.7433,1703894400000,1651319430957.1,70807962155.44,298422524765.19,44807878006.33,186492335245.77,826910165263.61,NA,8986,69107,685,27550,7644,"1450982",NA
2023-12-31,50.0225,16.6899,1703980800000,1650457252142.8,43629092637.98,185388213227.62,27613867695,117033091120.92,824857453159.2,NA,8974,69004,686,27530,7622,"1443045",NA
2024-01-01,50.2434,16.6402,1704067200000,1647895239480.1,45890790502.08,205672452745.33,29493555742.86,140626854702.79,819936648213.43,NA,8974,69019,686,27530,7627,"1444485",NA
2024-01-02,50.5456,16.5153,1704153600000,1711920394246.82,48834341831.19,204561461123.73,30403953838.97,128611333195.37,846620369485.22,NA,8976,69113,686,27534,7634,"1445925",NA
2024-01-03,51.142,16.4428,1.70424e+12,1722002934615.59,81798818096.8,321473817752.3,42476318018.29,171310705496.63,841335714749.67,NA,8986,69085,685,27550,7642,"1450803",NA
2024-01-04,51.2703,16.2277,1704326400000,1637244188137.75,116308696896.23,451018265613.37,69962479767.39,267367204585.41,797823439017.4,NA,9007,69241,685,27568,7650,"1452250",NA
2024-01-05,51.4041,16.1957,1704412800000,1683933362957.3,74231853887.32,283885006315.64,43781552017.53,161924301077.59,818323012865.74,NA,9018,69332,686,27582,7657,"1453690",NA
2024-01-06,51.7916,16.3219,1704499200000,1670815972358.85,73556752295.75,303001488875.51,41222638804.12,172260369805.71,805473945783.31,NA,9020,69482,686,27590,7659,"1455130",NA
2024-01-07,52.1815,16.3118,1704585600000,1651760668915.86,45881164457.03,194558170564.37,29787923337.64,130601459657.73,789847865850.69,NA,9023,69482,686,27592,7661,"1456570",NA
2024-01-08,52.6463,16.3352,1.704672e+12,1635454867091.54,47874661366.64,210061004011.69,28538952691.3,135322645579.71,774448076293.96,NA,9019,69482,686,27593,7664,"1458010",NA
2024-01-09,53.2095,16.2081,1704758400000,1729897502023.57,86836407855.63,360145918716.16,44089870968.64,192780286312.28,809427177359.27,NA,9020,69518,686,27601,7669,"1459450",NA
2024-01-10,52.9863,16.5202,1704844800000,1705891985197.72,84904697914.19,355772843906.2,45081851823.82,194866670330.85,802002877638.05,NA,8990,69540,686,27615,7674,"1460890",NA
2024-01-11,51.664,17.5494,1704931200000,1769019931447.03,112210131304.42,459019936916.39,62091247923.58,254995804436.1,855073441802.18,NA,8992,69987,686,27625,7678,"1462330",NA
2024-01-12,51.2,17.7413,1705017600000,1774422173721.75,106938283077.2,427881960463.96,61109353278.64,241834250781.3,865917351450.46,NA,9001,69746,687,27634,7683,"1463770",NA
2024-01-13,50.1176,18.1118,1.705104e+12,1674602580778.05,99537952126,409984058041.5,56205035876.75,237771203982.04,835332538679.66,NA,9021,69892,690,27651,7688,"1465210",NA
2024-01-14,49.691,18.3313,1705190400000,1689693799791.85,54364011990.57,217712370884.03,33763967159.04,135366265923.59,850067555874.31,NA,9019,69899,690,27652,7690,"1466650",NA
2024-01-15,49.7217,18.05,1705276800000,1645890473684.53,48568967323.33,204653177188.11,31042909878.34,131314509117.56,827526354699.05,NA,9015,69855,690,27654,7693,"1468090",NA
2024-01-16,49.7643,18.0262,1705363200000,1674078332753.98,56405252244.24,226720570074.95,34083993859.92,132417274290.33,840985351108.73,NA,8711,67529,690,27667,7696,"1469530",NA
2024-01-17,49.7445,18.2918,1705449600000,1699949742503.76,58593142716.96,244366248190.6,34529814277.69,140307914248.74,854318369686.02,NA,8718,67849,692,27670,7701,"1470970",NA
2024-01-18,49.7612,18.0485,1.705536e+12,1683643666920.57,55319956386.51,229245940018.39,34468208443.03,143813712518.66,845842160544.14,NA,8744,68398,695,27698,7707,"1472410",NA
2024-01-19,49.603,18.1851,1705622400000,1630908410094.85,63084768018.95,263301316739.68,37866415673.84,152198845750.41,821928549969.81,NA,8760,68683,695,27706,7712,"1473850",NA
2024-01-20,49.7512,18.2444,1705708800000,1639959782989.59,63855641107.64,269451190699.65,38103654852.6,157411512264.06,824059547329.64,NA,8752,68253,695,27724,7717,"1475290",NA
2024-01-21,49.7462,18.0747,1705795200000,1642051980365.67,35417530928.59,142027093450.76,23830466517.04,100317442035.88,825192946099.47,NA,8758,68385,695,27726,7722,"1476730",NA
2024-01-22,49.8443,18.0495,1705881600000,1634220237273.51,30221722660.74,121206293138.28,20878083841.05,87954132486.84,819654135158.35,NA,8759,68490,695,27726,7722,"1478170",NA
2024-01-23,49.78,17.8459,1.705968e+12,1556200458260.09,69362799082.74,312838776594.87,38019685916.64,165701307702.81,781523835905.73,NA,8779,69078,698,27740,7726,"1479610",NA
2024-01-24,50.3555,17.3541,1706054400000,1552061251441.3,72206307832.66,314438574476.77,42964394780.68,184432513275.01,770513081256.45,NA,8818,69457,701,27772,7737,"1481050",NA
2024-01-25,50.3104,17.1876,1706140800000,1561892695798.95,53449482801.12,224433626136.13,31090871186.48,129699591129.34,776097707454.51,NA,8825,69631,702,27779,7742,"1482490",NA
2024-01-26,50.4185,17.1592,1706227200000,1553151153442.3,47208330479.13,194333548884.99,28717193771.04,121214521053.7,770074869492.81,NA,8801,69096,702,27795,7743,"1483930",NA
2024-01-27,50.8585,16.8999,1706313600000,1612314125133.8,57849734430.55,239878651025.26,32250805294.2,130404567727.47,792315004583.86,NA,8814,69219,702,27807,7743,"1485370",NA
2024-01-28,50.8987,16.7949,1.7064e+12,1622950425700.9,32374020083.58,136930562699.04,20954311299.17,90936727952.62,796889775753.95,NA,8806,69192,702,27807,7746,"1486810",NA
2024-01-29,50.9403,16.7626,1706486400000,1618249953970.65,42362491759.43,186708952182.33,25503739133.95,114656139017.5,793907966584.71,NA,8805,69196,702,27807,7747,"1488250",NA
2024-01-30,51.0465,16.7423,1706572800000,1663411086072.74,50038660306.12,207906258556.83,29369820848.56,122879738086.18,814298279314.75,NA,8816,69204,703,27832,7751,"1489690",NA
2024-01-31,50.9274,17.0312,1706659200000,1654099236635.1,57650543059.28,229758425339.72,33806666285.63,140872884725.24,811709822317.75,NA,8827,69436,705,27845,7755,"1491130",NA
2024-02-01,51.2768,16.8425,1706745600000,1628623575395.08,60788770938.71,242774923573.1,36115407916.98,141701924571.57,793518082972.33,NA,8829,69547,708,27867,7763,"1493305",NA
2024-02-02,51.3476,16.8253,1.706832e+12,1645573465455.66,52624229565.45,215495814324.82,31201397416.92,124684406597.86,800611238371.74,NA,8846,69798,708,27885,7765,"1494625",NA
2024-02-03,51.198,16.7638,1706918400000,1654644834611.77,45739909474.89,186669500346.48,27136066435.56,114948738049.73,807499590764.62,NA,8854,69849,709,27893,7774,"1496065",NA
2024-02-04,51.2095,16.7544,1707004800000,1647007757572.07,29518768535.87,120193074719.12,18349041310.56,82452177756.06,803582537248.13,NA,8850,69788,709,27893,7778,"1497505",NA
2024-02-05,51.1573,16.8496,1707091200000,1632931794935.99,33241624743.13,139470460558.17,18439717018.85,89232805904.31,797568494009.18,NA,8842,69757,709,27894,7781,"1498945",NA
2024-02-06,51.1363,16.8815,1707177600000,1636654079824.89,43911905092.17,195150337822.15,25196208852.06,114345379199.68,799730519330.12,NA,8854,69817,709,27909,7784,"1500385",NA
2024-02-07,51.0551,17.2181,1.707264e+12,1655839211363.85,44152008380.03,188185804064.42,27353321771.72,118019952830.46,810448236518.36,NA,8858,69902,709,27925,7790,"1501825",NA
2024-02-08,51.2508,17.1663,1707350400000,1696992917817.09,50643521783.06,211122802822.24,29516934008.12,125452268023.63,827271238827.67,NA,8868,69954,709,27946,7799,"1503265",NA
2024-02-09,51.6457,16.897,1707436800000,1721113607773.85,57954458472.96,228258278535.33,31803348311.75,124463582020.23,832233167235.96,NA,8872,70034,709,27960,7803,"1504705",NA
2024-02-10,52.0161,16.8065,1707523200000,1778770039518.05,77878473125.73,318116988447.24,38557534193.9,151962216772.65,853523445694.31,NA,8858,70034,709,27977,7806,"1506145",NA
2024-02-11,52.1993,16.7364,1707609600000,1795914117772.02,41003465775.02,170020080177.48,24607330273.49,102357907877.77,858460092166.21,NA,8852,69969,709,27977,7812,"1507585",NA
2024-02-12,52.465,16.6804,1.707696e+12,1806535731763.11,45439137951.37,191121012863.43,26121514567.32,111526657436.76,858737357014.86,NA,8836,69857,709,27977,7814,"1509025",NA
2024-02-13,52.4016,17.0791,1707782400000,1870791944289.62,71263903655.97,315857397061.39,36746173185.91,165953516250.69,890466423892.33,NA,8810,69699,709,27987,7816,"1510465",NA
2024-02-14,52.4409,17.0545,1707868800000,1861545364916.97,78236881415.85,312134828496.46,42647266869.09,173548013482.61,885333785938.64,NA,8819,69803,708,28003,7828,"1511905",NA
2024-02-15,52.5338,17.2364,1707955200000,1936566880630.91,85859240745.13,323086158960.29,46753017452.76,171712317912.06,919213854941.75,NA,8828,69777,708,28010,7843,"1513345",NA
2024-02-16,52.2246,17.3894,1708041600000,1952129892510.32,93803689966.05,359382272809.44,55237332198.82,208060957350.82,932638084395.1,NA,8838,69870,708,28033,7850,"1514785",NA
2024-02-17,52.42,17.2485,1.708128e+12,1953276393460.69,72846308770.32,287704363587.36,44667243104.9,179897785214.24,929368268179.02,NA,8837,69814,708,28038,7857,"1516225",NA
2024-02-18,52.2804,17.2622,1708214400000,1939867589085.9,60181687493.73,235055961719.11,40172443539.56,147422912506.02,925696269170.7,NA,8834,69827,708,28038,7858,"1517665",NA
2024-02-19,51.9554,17.571,1708300800000,1969694654317.08,64182744937.96,228780585780.94,46584912245.22,157979126578.86,946331173441.72,NA,8828,69846,708,28038,7859,"1519105",NA
2024-02-20,51.386,17.8821,1708387200000,1978226747854.8,68149540351.92,272511795147.68,46787770051.68,190812145719.28,961696021132.94,NA,8831,70028,708,28053,7861,"1520545",NA
2024-02-21,51.5117,18.1798,1708473600000,1992573712300.35,91344467063.84,390555424510.25,57987287956.33,248667180150.57,966165997185.48,NA,8838,70108,708,28074,7874,"1521985",NA
2024-02-22,51.6278,18.0998,1.70856e+12,1971740336161.7,80913912721.55,332955380412.66,52289934107.01,212080027660.16,953773538081.59,NA,8853,70227,708,28093,7878,"1523425",NA
2024-02-23,51.3789,18.2091,1708646400000,1960266634598.79,76673944262.3,311518851828.44,51259706827.81,212498660430.55,953103855017.64,NA,8859,70336,708,28103,7882,"1524865",NA
2024-02-24,51.3108,18.0828,1708732800000,1941517982381.92,66759133627.77,272846020481.59,45331831529.02,187820279621.21,945308720814.72,NA,8849,70379,708,28116,7894,"1526305",NA
2024-02-25,51.1706,18.1691,1708819200000,1978931703345.18,49308164083.24,191584015433.43,34134982091.45,141297453895.74,966300343016.56,NA,8846,70374,708,28116,7899,"1527745",NA
2024-02-26,50.7777,18.6936,1708905600000,2000679858530.21,52750989868.24,215947445280.07,37336902323.01,160456431168.95,984779746610.91,NA,8850,70343,708,28117,7903,"1529185",NA
2024-02-27,51.3553,18.3191,1.708992e+12,2084913343439.5,85790849360.12,359371847753.62,51715184430.59,218148539671,1014199226958.76,NA,8867,71069,712,28142,7905,"1530625",NA
2024-02-28,52.1897,18.1481,1709078400000,2147905041854.19,111940458402.51,439790272435.59,62179389964.86,237988262365.66,1026919553477.7,NA,8873,70872,711,28155,7921,"1532065",NA
2024-02-29,53.6109,17.7688,1709164800000,2289759613158.26,175925228955.61,697017860961.62,92680361008.82,385838463387.06,1062198742029.75,NA,8890,71010,711,28173,7929,"1533505",NA
2024-03-01,53.1198,17.7488,1709251200000,2262267045079.07,154815261549.5,604304312201.49,89322518234.36,349732761211.32,1060555927485.83,NA,8899,71128,711,28184,7938,"1534945",NA
2024-03-02,52.6698,17.727,1709337600000,2328429668644.46,106180247399.15,373687282798.04,65997580533.87,232287128231.25,1102049592007.06,NA,8900,71599,717,28211,7974,"1536385",NA
2024-03-03,51.9502,17.5306,1.709424e+12,2345448294605.43,93011989407.85,330036680565.7,69123515722.95,246122682124.49,1126982114624.29,NA,8896,71614,717,28211,7987,"1537825",NA
2024-03-04,52.1961,17.6417,1709510400000,2376725934234.39,97597784318.7,368419544978.9,71341721918.95,268619372570.6,1136167520209.96,NA,8893,71646,717,28213,7995,"1539265",NA
2024-03-05,53.3657,17.3412,1709596800000,2515541965737.49,170941712555.99,636697800486.7,100265683066.2,357886480122.46,1173104800678.31,NA,8889,71684,720,28226,8004,"1540705",NA
2024-03-06,52.6052,17.9311,1709683200000,2382473149905.46,261866570378.7,952830824430.08,159070026827.61,598375860141.12,1129169218930.04,NA,8889,71833,721,28248,8012,"1542145",NA
2024-03-07,52.0284,18.3796,1709769600000,2495816953042.41,179252017359.93,638376508107.38,110506146568.04,381794917095.62,1197283964870.18,NA,8918,72043,721,28268,8027,"1543585",NA
2024-03-08,51.7033,18.2984,1.709856e+12,2543584754426.72,135817396708.15,479779189239.11,88829108791.54,319848239113.14,1228468489002.21,NA,8946,72480,722,28300,8034,"1545025",NA
2024-03-09,51.9208,18.0881,1709942400000,2584406400510.68,153068139756.37,565650783445.56,93868028483.8,339930581214.56,1242562184362.48,NA,8962,72241,723,28317,8043,"1546465",NA
2024-03-10,51.6677,18.0521,1710028800000,2604521486537.47,88482700400.87,302665348041.08,66872441400.68,231710901282.24,1258826306320.34,NA,8964,72294,723,28318,8050,"1547905",NA
2024-03-11,51.9393,17.8522,1710115200000,2611405017260.58,110847085387.27,408455917441.27,75153830650.3,272176010917.44,1255060248915.25,NA,8964,72390,723,28320,8056,"1549345",NA
2024-03-12,52.0166,17.9257,1710201600000,2724366347156.13,169351233660.28,625521552086.23,103635461794.2,371742483488.83,1307242445914.27,NA,8986,72540,723,28352,8067,"1550785",NA
2024-03-13,51.9789,17.6874,1.710288e+12,2702455243821.11,162830942683.25,634196750615.29,100278247707.9,385387949621.31,1297748999949.28,NA,9032,72731,724,28391,8074,"1552225",NA
2024-03-14,51.9266,17.3909,1710374400000,2766421242865.48,134539193347.49,478984160255.13,86327682114.31,299552272812.03,1329911531705.71,NA,9052,73534,728,28414,8078,"1553665",NA
2024-03-15,51.7209,17.1849,1710460800000,2712374343100.34,164949314479.47,669100954459.89,105352019784.5,417322581391.15,1309510558915.03,NA,9083,73962,730,28448,8089,"1555105",NA
2024-03-16,51.7269,17.0156,1710547200000,2638800135784.86,202673871649.05,815839136177.11,124353502677.53,488596663784.52,1273831184013.82,NA,9096,74242,730,28463,8096,"1556545",NA
2024-03-17,51.6973,17.0357,1710633600000,2482336255824.97,143052508217.06,554310443472.51,96183627738.45,374297290791.69,1199035981157.86,NA,9096,74299,730,28464,8099,"1557985",NA
2024-03-18,51.8085,16.8606,1.71072e+12,2593967840121.63,128707900338.64,497275297934.48,83994784486.9,323940257168.6,1250072937486.19,NA,9101,74364,730,28465,8103,"1559425",NA
2024-03-19,52.2326,16.6192,1710806400000,2543180164476.73,134978436903.21,510146527805.25,85716871858.32,330896412723.96,1214811915292.85,NA,9118,74548,730,28488,8112,"1562447",NA
2024-03-20,52.2039,16.262,1710892800000,2332165085284.75,188222137776.02,752947902775.26,113996648474.38,449042636945.44,1114684067803.35,NA,9170,75129,731,28535,8122,"1563875",NA
2024-03-21,52.2743,16.5297,1710979200000,2553534036855.56,167795892705.42,724726449632.69,101002457528.11,435163296382.23,1218691278630.67,NA,9213,75619,735,28591,8130,"1565315",NA
2024-03-22,51.6225,16.8128,1711065600000,2494253819480.45,120862353646.27,499500900024.14,76383343317.1,320982572354.32,1206658137530.97,NA,9243,75874,735,28620,8136,"1566755",NA
2024-03-23,51.6022,16.4754,1.711152e+12,2431168688325.8,111392812338.09,492469123513.88,69979188213.47,304179418494.33,1176631323061.23,NA,9256,75958,735,28632,8141,"1568195",NA
2024-03-24,51.5451,16.3877,1711238400000,2443224857298.82,74245811351.64,343004091527.2,49510063576.74,222485132913.51,1183862171469.06,NA,9254,75981,735,28632,8151,"1569635",NA
2024-03-25,51.8834,16.2805,1711324800000,2547654020781.56,74750553044.33,341462616145.15,47583119548.62,213909166731.48,1225845730371.64,NA,9254,75995,735,28633,8155,"1571075",NA
2024-03-26,52.0805,16.3331,1711411200000,2639960273520.6,110347353369.4,469902669075.84,67648996814.59,278266621636.8,1265056995794.38,NA,9269,76154,736,28662,8160,"1572515",NA
2024-03-27,52.0332,16.2846,1711497600000,2645174287243.57,106990977340.48,445170323761.72,70980709114.79,286142027715.97,1268806420804.47,NA,9285,76223,736,28689,8167,"1573955",NA
2024-03-28,52.2671,16.084,1.711584e+12,2612964988643.82,116659911260.97,504402182137.84,75832287321.76,312992955079.15,1247243288134.18,NA,9302,76381,736,28704,8175,"1575395",NA
2024-03-29,52.2776,16.062,1711670400000,2662192649637.29,101656338413.21,406396746837.82,67285480735.1,266342496059.24,1270462146570.32,NA,9322,76545,736,28733,8178,"1576835",NA
2024-03-30,51.9992,15.9498,1711756800000,2643541867940.1,86138137159.96,345101903791.17,60906757937.95,239451547067.05,1268921639384.7,NA,9357,76716,736,28768,8182,"1578275",NA
2024-03-31,52.0752,16.0121,1711843200000,2630605390148.13,67661161029.18,260917215733.88,50529157347.21,196351926487.83,1260713638325.7,NA,9361,76776,736,28773,8184,"1579715",NA
2024-04-01,51.9186,16.206,1711929600000,2702110380158.71,66064724773.37,269097356895.43,46012754479.47,188580592830.32,1299211711707.68,NA,9357,76805,736,28773,8192,"1581155",NA
2024-04-02,52.2946,16.0528,1.712016e+12,2621751984020.23,104401487897.81,451022734775.62,69528325680.94,297027345527.17,1250718557049.22,NA,9395,76998,736,28834,8203,"1582595",NA
2024-04-03,52.1493,15.9398,1712102400000,2469110490474.71,131737700307.84,552770321751.62,81031605079.02,316012575367.13,1181487106431.8,NA,9417,77123,736,28862,8210,"1584035",NA
2024-04-04,52.2787,16.0148,1712188800000,2482939356244.87,101198779944,415655569708.68,66751609357.49,271178810227.88,1184890838592.62,NA,9441,77357,736,28896,8219,"1585475",NA
2024-04-05,52.8032,15.6642,1712275200000,2552830574787.12,96902671048.67,444333002982.88,62463377129.32,278706126955.46,1204855016043.64,NA,9467,77391,736,28929,8223,"1586915",NA
2024-04-06,52.8568,15.7807,1712361600000,2525250173369.25,95782588641.34,407480953593.59,62033616321.77,246813577798.37,1190483808302.27,NA,9515,77863,737,28962,8231,"1588355",NA
2024-04-07,52.8315,15.694,1.712448e+12,2565997363251.02,62177110399.09,250760681504.32,42209244343.32,172579207249.12,1210343678830.67,NA,9530,78015,737,28963,8238,"1589795",NA
2024-04-08,52.574,15.9746,1712534400000,2595923117967.1,63183450187.7,280964373713.24,41980961529.27,181184840304.91,1231143477544.49,NA,9524,78052,737,28963,8242,"1591235",NA
2024-04-09,52.397,16.4935,1712620800000,2690115456643.2,97132434144.94,429903882953.4,59872362757.77,250925033109.8,1280576251622.16,NA,9553,78477,739,28995,8249,"1592675",NA
2024-04-10,52.5234,16.2478,1712707200000,2590332383182.75,99161692210.25,456733647282.87,62733811099.15,274594237619.4,1229802186166.31,NA,9554,78808,742,29013,8265,"1594115",NA
2024-04-11,52.8461,16.1863,1712793600000,2629244612586.56,96004098380.2,454736610045.36,57684677799.19,264038354703.67,1239791708053.08,NA,9581,78926,742,29046,8277,"1595555",NA
2024-04-12,52.8876,16.144,1.71288e+12,2606519159137.88,79854552750.22,379621858985.04,49699803072.16,226859007344.28,1227993755439.63,NA,9610,79192,742,29083,8284,"1596995",NA
2024-04-13,54.0436,15.9102,1712966400000,2446022444649.57,127961832566.58,575178065763.92,83828266491.24,362991317195.19,1124103669572.67,NA,9653,80522,747,29131,8322,"1598435",NA
2024-04-14,54.8254,15.7413,1713052800000,2295029087077.94,156335648896.07,674115666442.8,103442373274.63,427319884362.06,1036770184087.15,NA,9651,80614,747,29132,8325,"1599875",NA
2024-04-15,54.2351,15.8908,1713139200000,2386104470436.41,131235743503.22,546729628020.36,82175993208.03,333273280373.45,1091999350797.91,NA,9650,80695,747,29134,8328,"1601315",NA
2024-04-16,53.9905,16.1041,1713225600000,2312536134625.53,114917318308.87,525713364985.03,71323411043.3,316392503291.5,1063986634637.67,NA,9688,81092,748,29174,8334,"1602755",NA
2024-04-17,54.2952,16.0079,1.713312e+12,2314115029263.64,103439194443.31,487555840257.78,60589280638.66,276943379803.38,1057661666903.89,NA,9718,81260,749,29213,8337,"1604195",NA
2024-04-18,53.911,16.0183,1713398400000,2237583484356.61,97029800847.01,465807744738.1,55113357966.34,252146510625.6,1031278877040.55,NA,9709,81567,752,29240,8342,"1605635",NA
2024-04-19,54.0763,15.9224,1713484800000,2312087835648.24,85381487149.36,413904519505.91,49374442518.41,225376735478.85,1061795523246.35,NA,9719,81815,753,29261,8347,"1607075",NA
2024-04-20,54.1493,15.8238,1713571200000,2321310734155.77,113515796090.43,555003718810.2,63594758049.48,281231416172.85,1064338183221.52,NA,9738,82002,753,29284,8354,"1608515",NA
2024-04-21,53.5058,15.8546,1713657600000,2391289833671.96,62028256100.36,299322066146.58,38930253305.37,183054265109.14,1111811824694.47,NA,9733,81926,753,29285,8360,"1609955",NA
2024-04-22,53.6288,15.8539,1.713744e+12,2383944533885.66,56538236066.74,272698595175.49,36032410486.35,172969335003.68,1105464036566.98,NA,9732,81858,753,29292,8362,"1611395",NA
2024-04-23,53.7411,15.6981,1713830400000,2448876315429.2,72717474279.15,339362140805.38,44433401277.18,198913350425.8,1132823322363.97,NA,9760,81911,753,29321,8365,"1612835",NA
2024-04-24,53.4884,16.0738,1713916800000,2444719597048.95,68873086373.69,316529902087.1,44562161739.6,199021189670.28,1137077503013.54,NA,9787,82149,754,29351,8368,"1614275",NA
2024-04-25,53.3767,16.1611,1714003200000,2371015986187,85155293523.63,411200123566.95,54875658560.54,260775147123.94,1105445193069.22,NA,9821,82296,753,29386,8379,"1615739",NA
2024-04-26,53.4126,16.2043,1714089600000,2377171562504.47,80341921215.47,378741551223.24,48187969931.02,228721278062,1107461694656.42,NA,9846,82429,753,29413,8383,"1617179",NA
2024-04-27,53.508,16.2826,1.714176e+12,2346041034187.67,62712506894.43,308598045074.18,38580072735,190466186199.17,1090721037139.83,NA,9850,82586,754,29435,8388,"1618619",NA
2024-04-28,52.9818,16.8422,1714262400000,2357067109046.17,56413070929.33,294852087373.88,36880926388.35,198779933900.76,1108249775285.38,NA,9850,82556,754,29436,8389,"1620059",NA
2024-04-29,52.9245,16.959,1714348800000,2347932832710.39,50536955388.53,260010112858.09,33200326640.09,181294681632.14,1105301895125.78,NA,9843,82577,754,29437,8393,"1621499",NA
2024-04-30,53.424,16.678,1714435200000,2353093636672.24,69182941183.56,355766005473.24,42544291634.89,225508247342.89,1095976694890.11,NA,9849,82593,754,29454,8401,"1622939",NA
2024-05-01,53.4133,16.4472,1714521600000,2234609305389.39,90167587988.28,462215820061.94,52326723802.1,265723968390.36,1041030636475.73,NA,9861,82769,755,29472,8429,"1624379",NA
2024-05-02,52.4211,16.5599,1.714608e+12,2188656460739.3,105693601082.04,533256773474.75,57224654722.04,278386678275.41,1041337713559.11,NA,9868,82694,755,29484,8435,"1625819",NA
2024-05-03,52.6565,16.2311,1714694400000,2210508623713.37,75000422381.25,363677594398.81,42300945471.54,203637310824.1,1046531690583.14,NA,9882,82749,761,29515,8444,"1627259",NA
2024-05-04,53.2774,16.0328,1714780800000,2325108015887.24,74793197433.6,379972140545.71,41620153880.85,203226541859.62,1086349979352.09,NA,9889,82738,762,29536,8445,"1628699",NA
2024-05-05,53.5227,15.9248,1714867200000,2351104742384.51,54860177487.08,288261254467.85,34240640461.79,166397921735.81,1092729734555.28,NA,9881,82739,762,29537,8448,"1630139",NA
2024-05-06,53.3944,15.9529,1714953600000,2361950003809.62,49878355034.88,271515349390.12,31582047434.24,169508899750.41,1100802027203.86,NA,9875,82654,762,29537,8451,"1631579",NA
2024-05-07,53.3457,15.7733,1.71504e+12,2331942992513.07,73428276360.93,385578849651.98,44726487175.51,233022256680.34,1087951380640.32,NA,9899,81968,762,29573,8465,"1633019",NA
2024-05-08,53.4683,15.7255,1715126400000,2295857550237.38,65536216914.51,355177762330.1,39605264885.64,209789219161.71,1068301895924.61,NA,9926,82085,763,29597,8474,"1639865",NA
2024-05-09,53.2602,15.7846,1715212800000,2262486691395.08,66713750869.78,371107647696.37,40631995938.25,219842396002.49,1057481395112.62,NA,9927,82157,763,29609,8479,"1641305",NA
2024-05-10,53.3589,15.6657,1715299200000,2327651559053.77,63860923900.02,348530599172.8,38400663738.68,200354410107.98,1085642232833.51,NA,9916,81768,763,29620,8485,"1642745",NA
2024-05-11,53.2022,15.5278,1715385600000,2250668759351.94,68644656075.29,382838293371.29,40840107284.29,213809892891.14,1053263420217.13,NA,9948,81913,763,29658,8493,"1644185",NA
2024-05-12,53.2143,15.5392,1.715472e+12,2250568869932.33,39921264046.34,220390341401.02,26078719577.52,143867356806.87,1052944397381.21,NA,9945,81880,763,29659,8502,"1645625",NA
2024-05-13,53.4662,15.5377,1715558400000,2263903579689.51,35871621702.28,201308582426.52,22069943621.42,129965539055.51,1053481470556.48,NA,9937,81827,763,29660,8509,"1647065",NA
2024-05-14,53.9647,15.4299,1715644800000,2296221656028.04,72814513782.48,393156343560.27,44923935480.83,235471283652.08,1057073511710.98,NA,9933,81863,764,29677,8516,"1648505",NA
2024-05-15,54.0329,15.4222,1715731200000,2243947967000.46,75436102137.4,355880694543.9,47249450100.4,213193846435.53,1031478459924.56,NA,9941,82075,765,29700,8524,"1649945",NA
2024-05-16,54.5738,15.2473,1715817600000,2391521965794.53,93133466995.84,446537929937.43,53318152836.77,243249578576.61,1086376506125.14,NA,9956,82170,765,29723,8531,"1651385",NA
2024-05-17,54.5516,15.0166,1.715904e+12,2355764734038.59,81099494492.18,397242114169.32,49540490977.56,227170249333.01,1070658093473.35,NA,9960,82313,765,29739,8533,"1652825",NA
2024-05-18,54.4198,15.3105,1715990400000,2427531663542.14,74900615607.4,377453381218.37,46861510418.87,230797341474.97,1106474412259.49,NA,9971,82390,765,29756,8545,"1654265",NA
2024-05-19,54.2811,15.4427,1716076800000,2429296554607.77,51222827829.37,250144415835.04,34521766953.78,171111846787.28,1110647986220.03,NA,9964,82401,765,29757,8550,"1655705",NA
2024-05-20,54.5158,15.4045,1716163200000,2395126595314.28,50739104392.35,267162610147.72,31485267677.82,168081018807.64,1089405071027.1,NA,9966,82417,765,29758,8555,"1657145",NA
2024-05-21,53.8069,16.8201,1716249600000,2615573718092.34,114445563764.61,556661726394.05,70587473158.92,343455680670.64,1208213921018.51,NA,9974,82834,770,29773,8565,"1658585",NA
2024-05-22,53.0587,17.4786,1.716336e+12,2604361294724.86,134744785277.27,590407778428.69,87819131024.97,393119895012.13,1222522121412.41,NA,9992,82944,770,29790,8572,"1660025",NA
2024-05-23,52.9744,17.4613,1716422400000,2570965883244.09,99612466656.02,455662923918.49,66809747600.27,311624375422.53,1209012395991.16,NA,10020,82893,770,29816,8578,"1661465",NA
2024-05-24,52.6568,17.8632,1716508800000,2541932883977.79,140417302346.7,646217166640.84,98519943359.46,464525844103.11,1203432417385.97,NA,10050,83002,770,29856,8590,"1662905",NA
2024-05-25,53.0021,17.5744,1716595200000,2547610708503.64,89233008495.94,419992570329.21,60036578210.6,284273489887.04,1197324319329.67,NA,10059,83178,770,29877,8597,"1664345",NA
2024-05-26,53.0431,17.5038,1716681600000,2573187323023.6,53254458320.97,251387586957.78,37781915759.36,179811985481.86,1208289023456.39,NA,10055,83152,770,29879,8602,"1665785",NA
2024-05-27,52.7643,17.9665,1.716768e+12,2557829022721.66,58994734520.13,275268983074.08,43362897149.22,206895834867.56,1208209251430.13,NA,10051,83111,770,29881,8603,"1667225",NA
2024-05-28,52.6364,17.9993,1716854400000,2597544972957.73,83891583207.14,380638114700.29,58020681161.77,261871489937,1230291617993.66,NA,10063,83254,770,29908,8606,"1668665",NA
2024-05-29,52.4616,17.9817,1716940800000,2565726025170.29,96330445389.8,444693318794.33,63609565596.49,285643289275.94,1219705658204.67,NA,10067,83353,772,29928,8609,"1670105",NA
2024-05-30,52.684,17.8879,1717027200000,2527402129678.35,83465570885.49,377484501717.71,56754941835.69,253079222285.94,1195865628906.19,NA,10069,83418,772,29949,8613,"1671545",NA
2024-05-31,53.0807,17.7383,1717113600000,2537683768904.6,84594934988.34,486282274875.58,55089193211.52,342566492946.05,1190662665350.1,NA,10078,83488,773,29972,8622,"1672985",NA
2024-06-01,52.7744,17.9248,1.7172e+12,2519825642968.84,76087028837.78,459571792273.45,48699294243.8,321790573421.92,1190003737636.14,NA,10087,83463,773,29992,8624,"1674425",NA
2024-06-02,52.6545,18.0782,1717286400000,2534191856410.43,44005482579,310356215043.98,32364084413.17,253275011167.86,1199826812564.72,NA,10073,83330,773,29995,8631,"1675865",NA
2024-06-03,52.8211,17.9691,1717372800000,2527418313923.05,60217613865.99,395968858251.7,43111131630.05,311000840894.7,1192408491795.36,NA,10053,83195,773,29996,8635,"1677305",NA
2024-06-04,53.1059,17.7232,1717459200000,2553181907090.25,85079944489.48,424080029018.34,52678006535.98,267871481222.15,1197292919082.78,NA,10054,82962,774,30022,8640,"1678745",NA
2024-06-05,53.1495,17.505,1717545600000,2616428352349.35,83061657878.41,418060985289.37,49911751821.01,262900896761.16,1225810865097.82,NA,10039,82706,774,30039,8646,"1680185",NA
2024-06-06,53.0347,17.5775,1.717632e+12,2641855435511.78,87137675027.71,424366399813.46,54327933053.66,268964677136.71,1240754990939.52,NA,10048,82818,774,30058,8652,"1681625",NA
2024-06-07,53.151,17.454,1717718400000,2624002542274.16,75183493516.51,361360642933.39,49959742662.52,237913368872.79,1229320102766.18,NA,10064,83013,777,30089,8660,"1683065",NA
2024-06-08,53.6546,17.3513,1717804800000,2546857535177.09,106318544773.76,517634471261.36,70127303890.35,335432837583.57,1180352327062.36,NA,10081,83053,780,30116,8676,"1684505",NA
2024-06-09,53.9207,17.4587,1717891200000,2533193929265.58,54597642423.12,255695838603.83,40336273879.48,203768573020.41,1167278047090.25,NA,10077,82992,780,30118,8676,"1685945",NA
2024-06-10,53.8448,17.4654,1717977600000,2549432399899.93,48502937747.85,234150192850.55,34969071176.58,177694786520.53,1176695026289.99,NA,10071,82928,780,30123,8677,"1687385",NA
2024-06-11,54.2512,17.4444,1.718064e+12,2525455364000.95,65904968653.08,297367715366.04,45306122874.01,199275387956.82,1155366758869.47,NA,10074,82665,781,30153,8678,"1688825",NA
2024-06-12,54.4304,17.2395,1718150400000,2438116119633.84,94465545431.32,473316161434.47,57348730816.49,285927501568.11,1111039086965.93,NA,10084,82680,781,30188,8682,"1690265",NA
2024-06-13,54.0922,17.1993,1718236800000,2486779961497.64,88956117378.54,469989416565.99,54457602506.68,278164073875.39,1141626914031.52,NA,10088,82594,781,30205,8684,"1691705",NA
2024-06-14,54.3245,17.2065,1718323200000,2422127857891.97,73787958080.16,384918527060.84,44833546897.47,233418547949.81,1106319905501.4,NA,10097,82626,781,30234,8685,"1693145",NA
2024-06-15,54.2257,17.4253,1718409600000,2399558954907.6,74939168323.35,394774377298.57,47535297566.43,250807617582.09,1098380291789.19,NA,10105,82664,781,30251,8692,"1694585",NA
2024-06-16,53.9242,17.7089,1.718496e+12,2419640895422.37,46672913502.3,239689038509.34,32551435883.73,179634331612.99,1114868644069.85,NA,10104,82628,781,30253,8694,"1696025",NA
2024-06-17,53.7876,17.8168,1718582400000,2442288500428.58,41936417632.67,226199758271.89,28655075783.38,164990799656.49,1128640863962.18,NA,10095,82553,781,30255,8696,"1697465",NA
2024-06-18,54.5919,17.5705,1718668800000,2401046544002.34,79142808653.58,427295647968.63,49134873533.74,269642625145.27,1090268438873.64,NA,10112,82674,781,30281,8705,"1698905",NA
2024-06-19,54.5436,18.0881,1718755200000,2354546170486.31,101393273225.89,528115492235.26,61909323400.72,322337076742.09,1070292678845.71,NA,10123,82748,781,30302,8709,"1700345",NA
2024-06-20,54.1107,18.3891,1718841600000,2366746114029.34,62963090749.42,335499504561.77,41859667245.02,228351468536.32,1086083579026.94,NA,10132,82698,781,30320,8717,"1701785",NA
2024-06-21,54.2113,18.2092,1.718928e+12,2357760699876.26,69594137950.28,375782454598.87,43951583644.91,240505039850.14,1079587192881.64,NA,10139,82874,783,30336,8729,"1703225",NA
2024-06-22,53.9532,18.3551,1719014400000,2342469133752.69,68697862970.81,366044659243.33,42511997351.02,236687530160.84,1078633052023.01,NA,10129,82926,782,30349,8736,"1704665",NA
2024-06-23,54.0702,18.241,1719100800000,2342749758265.42,35006004201.25,187029716191,25147994693.05,142543269415.99,1076020943731.85,NA,10122,82889,782,30351,8740,"1706105",NA
2024-06-24,54.1414,18.1702,1719187200000,2300610267516.85,38257668625.89,212634760734.65,27086175078.41,160272048723.67,1055026842023.77,NA,10114,82835,782,30352,8742,"1707545",NA
2024-06-25,53.2762,18.0481,1719273600000,2230520379018.54,98106598382.2,536593645953.68,54957968849.12,306135751313.46,1042183308847.3,NA,10117,82842,782,30369,8747,"1708985",NA
2024-06-26,53.4598,17.8997,1.71936e+12,2279168197877.6,68632727854.96,352857852236.08,39431273207.53,207027773409.93,1060728706032.28,NA,10120,83798,783,30392,8753,"1710425",NA
2024-06-27,53.262,17.9861,1719446400000,2251209730721.5,58370640294.24,304265453728.82,35863231519.31,193135780465.46,1052171456305.3,NA,10118,83978,784,30406,8787,"1711865",NA
2024-06-28,53.0357,18.0762,1719532800000,2290527323716.67,59657917364.66,315232947158.92,38426032087.25,207607159990.23,1075730537288.14,NA,10132,84106,785,30427,8847,"1713305",NA
2024-06-29,53.1088,18.1043,1719619200000,2239560907950.68,63114655010.51,333395118544.77,38162004264.19,214968714509.82,1050157127974.11,NA,10139,84345,785,30443,8860,"1714745",NA
2024-06-30,53.3678,18.0195,1719705600000,2249710371399.39,36085948903.29,185519871349.75,23432854276.76,129894650111.36,1049089802148.86,NA,10125,84217,784,30444,8865,"1716185",NA
2024-07-01,53.5727,17.8838,1.719792e+12,2306953889585.33,45106391467.36,253674166149.13,27770926134.22,159711565864.87,1071055308385.12,NA,10116,84192,784,30445,8871,"1717625",NA
2024-07-02,53.6054,17.8828,1719878400000,2311916483553.84,59822087977.38,317144945535.39,34357798491.97,195040846069.45,1072604677242.91,NA,10118,84887,785,30453,8876,"1719065",NA
2024-07-03,53.2311,17.8686,1719964800000,2297948619115.12,51160159438.45,275126360890.34,31007766125.78,173311753971.81,1074724338807.69,NA,10055,83609,787,30464,8881,"1720505",NA
2024-07-04,53.4547,17.8308,1720051200000,2219313450381.92,73488992939.08,396930163393.07,43732703495.27,238514251966.61,1032985206568.2,NA,10007,83246,787,30481,8888,"1721945",NA
2024-07-05,53.8598,17.6018,1720137600000,2086926699007.72,95335450955.79,516475644150.94,54167856675.48,296961449010.52,962913013862.43,NA,10033,83406,788,30516,8891,"1723385",NA
2024-07-06,54.0287,17.3307,1.720224e+12,2068016542791.24,131734133940.11,681664246953.34,76322060754.72,407011477069.39,950693464394.9,NA,10043,83565,790,30531,8897,"1724825",NA
2024-07-07,53.6949,17.2341,1720310400000,2140034481027.61,55973691381.12,311288237174.64,35362863011.95,203609673199.41,990944872272.46,NA,10036,83492,790,30532,8898,"1726265",NA
2024-07-08,53.921,17.2409,1720396800000,2042484361089.75,54899595424.36,331678209137.04,34342592076.66,210636896072.79,941155773685.87,NA,10030,83410,790,30533,8900,"1727705",NA
2024-07-09,53.5826,17.388,1720483200000,2086874335853.81,96137070559,562207171887.78,56371646941.93,334103370075.64,968672318080.25,NA,10013,82047,790,30546,8906,"1729145",NA
2024-07-10,53.7796,17.3178,1720569600000,2127519693665.83,67761765505.45,376304848683.11,39910869018.05,226645922538.33,983349126548.26,NA,10006,81860,790,30557,8922,"1730585",NA
2024-07-11,53.4371,17.4998,1.720656e+12,2130632979309.23,62508443511.16,357653054125.12,36333917439.16,211523457870.53,992084150395.26,NA,10012,81867,790,30569,8927,"1732025",NA
2024-07-12,53.4103,17.6019,1720742400000,2117203596483.9,67665589952.3,389274144403.33,38957027825.05,227861775644.84,986399472140.16,NA,10012,81955,790,30578,8931,"1733465",NA
2024-07-13,53.2807,17.581,1720828800000,2143136663028.72,60298089500.43,343958075816.89,34693541016.75,202515503945.92,1001259085370.11,NA,10015,82037,790,30601,8934,"1734905",NA
2024-07-14,53.4629,17.4813,1720915200000,2184698034864.01,44592603514.51,260206104953.59,27510407674.36,165077390113.88,1016696147487.86,NA,10004,81989,790,30602,8939,"1736345",NA
2024-07-15,53.6361,17.4509,1721001600000,2235487391543.43,53155204337.2,310011184889.3,30931096995.66,179741286355.12,1036459583373.26,NA,9986,81956,790,30604,8944,"1737785",NA
2024-07-16,53.7916,17.6377,1.721088e+12,2377311440200.79,85500455679.31,472955121684.2,47404338842.52,266436744104.42,1098518675845.45,NA,10007,81971,790,30627,8956,"1739225",NA
2024-07-17,53.9952,17.4156,1721174400000,2378159542460.7,97327557230.8,524565264390.24,55712960555.85,299343911853.19,1094067446522.98,NA,10018,82044,791,30648,8962,"1740665",NA
2024-07-18,53.8769,17.3531,1721260800000,2347458349055.82,79356242246.1,436431846534.38,46835734698.68,263933381047.09,1082720172074.42,NA,10016,82199,792,30663,8969,"1742105",NA
2024-07-19,53.8012,17.5593,1721347200000,2345729682270.61,69864805150.35,382172420534.16,42626305113.97,239264791994.97,1083699671862.98,NA,10024,82148,792,30681,8976,"1743545",NA
2024-07-20,54.1749,17.3499,1721433600000,2429223937336.48,83941976631.53,458686398428.36,46938243743.32,261447301494.27,1113195261201.55,NA,10023,82204,792,30691,8981,"1744985",NA
2024-07-21,54.1664,17.2953,1.72152e+12,2446305800507.15,52190548965.31,278484368065.52,33160856355.67,182659630344.34,1121228876830.9,NA,10015,82221,792,30694,8983,"1746425",NA
2024-07-22,54.2109,17.1398,1721606400000,2480571182912.81,66252880041.53,371455616075.78,39597047765.78,231793185943.97,1135832316123.95,NA,10008,82202,792,30696,8985,"1747865",NA
2024-07-23,54.6667,16.961,1721692800000,2438970748615.08,87254785296.84,408913578694.54,44609015162.52,242560850354.97,1105666921267.7,NA,10014,82283,794,30719,8992,"1749305",NA
2024-07-24,54.1912,17.442,1721779200000,2400619048326.51,88025406742.96,488788630906.61,52419066939.13,312480747245.66,1099694014218.37,NA,10030,82290,794,30746,8995,"1750745",NA
2024-07-25,54.4777,16.9395,1721865600000,2367659644777.78,67222812469.39,374793924514.47,39752409319.29,233461108455.35,1077813690099.27,NA,10044,82378,794,30766,9000,"1752185",NA
2024-07-26,55.3367,16.2718,1.721952e+12,2345393393057.63,91814770075.53,515916898743.98,53498415868.6,320198657795.3,1047530116630.75,NA,10055,82503,794,30791,9012,"1753625",NA
2024-07-27,55.3616,16.2711,1722038400000,2420506209109.66,68626009679.17,378649471628.89,38136467301.93,221375550654.58,1080476091870.11,NA,10071,82552,794,30812,9016,"1755065",NA
2024-07-28,55.4316,16.1688,1722124800000,2415371874133.68,72217674805.18,425358330510.38,37522402226.97,226358801235.34,1076493060317.73,NA,10072,82554,794,30823,9016,"1756505",NA
2024-07-29,55.5999,16.2359,1722211200000,2422253724674.67,44175426500.64,250308790369.15,26134701267.86,157401027547.9,1075483722258.15,NA,10065,82509,794,30824,9017,"1757945",NA
2024-07-30,55.0149,16.6557,1722297600000,2396120180016.28,83123679325.34,478438248576.84,42338154057.18,256328120373.75,1077898149034.06,NA,10057,82495,794,30844,9022,"1759385",NA
2024-07-31,55.0068,16.6006,1.722384e+12,2374705242028.52,67083108766.82,380844206074.85,35702179071.23,220846832995.41,1068455399847.01,NA,10067,82459,794,30853,9027,"1760825",NA
2024-08-01,54.828,16.7058,1722470400000,2326133820855.18,69922216071.8,403092824053.53,38618330504.4,237179836304.09,1050761143499.27,NA,10079,82549,796,30873,9035,"1762265",NA
2024-08-02,55.334,16.5233,1722556800000,2329935456276.36,88361161096.01,512075883739.42,47374172700.51,282679845480.75,1040688920413.21,NA,10094,82800,797,30893,9046,"1763705",NA
2024-08-03,55.3128,16.3868,1722643200000,2191214261815.97,91751031090.08,537443183399.32,48689892622.62,295105504759.7,979191855535.22,NA,10105,82948,797,30914,9055,"1765145",NA
2024-08-04,55.6989,16.2359,1722729600000,2149874157221.39,72872986825.29,421016804192.41,41127588076.74,249141059390.64,952416988294.67,NA,10104,82952,797,30923,9055,"1766585",NA
2024-08-05,55.924,15.7527,1.722816e+12,2051299308403.97,77898599707.53,440734579441.34,46134036012.35,269195620258.42,904130800524.69,NA,10094,82941,797,30924,9056,"1768025",NA
2024-08-06,55.8642,15.2435,1722902400000,1907676295786.55,246974908798.03,1129147806694.29,137993021434.5,645813619258.5,841967512068.77,NA,10085,83116,797,30935,9064,"1769465",NA
2024-08-07,55.9473,14.9663,1722988800000,1977319473550.58,107967649668.85,576638487863.24,58662101955.46,322265157472.11,871063050111.08,NA,10076,83040,797,30947,9067,"1770905",NA
2024-08-08,56.0134,14.4989,1723075200000,1940974262187.04,97698170607.2,550243969229.83,56066125463.29,332312280588,853767887819.18,NA,10072,83099,797,30957,9073,"1772345",NA
2024-08-09,56.4288,14.9529,1723161600000,2158778820012.68,98283397437.81,589076760004.1,52984656247.94,325075743890.14,940606804210.16,NA,10083,83202,797,30976,9078,"1773785",NA
2024-08-10,56.6073,14.7301,1.723248e+12,2122501571994.94,73806306977.2,441632692515.16,40382993423.99,249209515644.94,921010817511.96,NA,10075,83171,797,30979,9081,"1775285",NA
2024-08-11,56.5002,14.7442,1723334400000,2129065315217.66,41055786152.73,240213783817.33,25308139254.68,158842421369.68,926139928364.73,NA,10074,83183,797,30982,9085,"1777176",NA
2024-08-12,56.4457,14.9602,1723420800000,2053476248580.97,55406204698.3,354170150751.88,32646838456.63,217908415419.8,894376217247.17,NA,10068,83176,797,30987,9085,"1778616",NA
2024-08-13,55.6955,15.5731,1723507200000,2103681579522.86,83445264713.66,521391882012.48,46370701963.89,302077067089.5,932024755907.78,NA,10070,83213,797,31000,9088,"1780056",NA
2024-08-14,56.1623,15.2637,1723593600000,2130183445477.85,66930736870.33,400356044091,36604747962.98,232984037702.94,933824316502.86,NA,10072,83157,797,31018,9098,"1781496",NA
2024-08-15,55.653,15.3764,1.72368e+12,2082894307755.6,67731750970.01,410126986695.78,37768096414.77,237352754926.22,923701309086.72,NA,10068,83149,797,31037,9108,"1782936",NA
2024-08-16,55.7072,15.1556,1723766400000,2039663236575.86,75051382920.64,449607398311.73,39370223750.26,246665144426.71,903424260487.38,NA,10064,83457,799,31050,9116,"1784376",NA
2024-08-17,56.1999,15.0772,1723852800000,2068776806213.3,63712908469.27,387384566163.26,34364201544.97,223982267955.64,906126191763.06,NA,10062,83424,799,31061,9126,"1785816",NA
2024-08-18,56.169,15.0426,1723939200000,2090410011920.08,35539366618.54,200646978237,21949997663.98,140951167725.94,916248352227,NA,10049,83394,799,31066,9130,"1787256",NA
2024-08-19,55.7955,15.1917,1724025600000,2068731558937.02,44999813865.25,279524091132.53,27254466785.86,178961392110.79,914472250922.35,NA,10025,83351,799,31067,9134,"1788696",NA
2024-08-20,55.8055,15.0758,1.724112e+12,2104286209496.39,60162454865.44,357609626987.44,34258236066.94,217903728050.55,929979525124.65,NA,10028,83362,799,31083,9136,"1790136",NA
2024-08-21,55.6939,14.7951,1724198400000,2092105964420.92,68034564199.9,403276951178.99,36422944346.67,228263788620.5,926929795799.89,NA,10035,83430,799,31100,9144,"1791576",NA
2024-08-22,56.142,14.713,1724284800000,2151071214186.33,67910483910.16,404891169022.91,35179329838.15,231228899280.72,943416131720.59,NA,10030,83758,801,31117,9148,"1793016",NA
2024-08-23,55.6849,14.7384,1724371200000,2140944615895.16,58968878566.52,326011426016.9,31342523803.36,188505647628.13,948761824867.09,NA,10038,83884,802,31138,9156,"1794456",NA
2024-08-24,56.0515,14.7318,1724457600000,2257815451085,86574458625.64,503802444598.39,44007277313.19,280286890053.92,992275973365.87,NA,10038,83930,801,31151,9160,"1795896",NA
2024-08-25,55.9653,14.7146,1.724544e+12,2264200294830.6,59245728073.15,329898152917.19,37819818023.35,236259269195.55,997033302697.48,NA,10025,83781,801,31154,9160,"1797336",NA
2024-08-26,56.2779,14.6547,1724630400000,2256397901581.43,52031370392.99,289171494720.95,33202673600.88,205976711891.66,986545640636.48,NA,10024,83781,801,31160,9160,"1798776",NA
2024-08-27,56.3937,14.6536,1724716800000,2201246509885.14,65549489892.15,367791934874.61,37867193298.83,229675957690.84,959881201505.72,NA,10024,83932,802,31168,9162,"1800216",NA
2024-08-28,56.309,14.1802,1724803200000,2085987150563.27,82868246537.2,491164676502.41,43763832933.91,287445751766.42,911389042011.87,NA,10031,84042,802,31187,9166,"1801656",NA
2024-08-29,55.9813,14.6079,1724889600000,2082152431598.38,89070808304.89,497474862634.06,48788609376.7,303490491550.07,916536463221.02,NA,10031,84172,804,31204,9171,"1803096",NA
2024-08-30,56.2013,14.5789,1.724976e+12,2086431434871.71,66675177391.47,369285570014.55,34449667793.78,217896406877.24,913830275555.27,NA,10024,84159,791,31224,9176,"1804536",NA
2024-08-31,56.1117,14.605,1725062400000,2080581815978.75,68724335066.25,394264371269.36,36431527240.95,236976205516.71,913132193283.25,NA,10020,84055,790,31232,9180,"1805976",NA
2024-09-01,56.2327,14.6005,1725148800000,2070839343078.55,31551858910.74,183206179894.09,19148331020.62,129704672600.35,906351292099.32,NA,10005,83936,790,31234,9182,"1807416",NA
2024-09-02,56.3349,14.5343,1725235200000,2009407868097.39,52493141460.48,327950569284.54,27891585387.31,200270145599.15,877409991808.38,NA,9993,83838,790,31235,9185,"1808856",NA
2024-09-03,56.2907,14.7232,1725321600000,2074078109093.68,58240498392.4,334230001007.1,31203483351,209180998311.8,906565670712.12,NA,9997,83796,790,31250,9189,"1810329",NA
2024-09-04,56.4435,14.4965,1.725408e+12,2010418670748.81,56374571440.89,327877678685.26,29706493254.64,194373356427.14,875667916265.75,NA,9979,83546,789,31255,9194,"1811769",NA
2024-09-05,56.4743,14.5375,1725494400000,2027297100460.6,74639685004.29,443615247708.81,39011103546.71,260878918753.36,882394269746.76,NA,9963,83715,789,31261,9202,"1813209",NA
2024-09-06,56.1746,14.4275,1725580800000,1974526271998.48,62228922504.72,376893633717.62,31193162893.27,213637875607.03,865343766381.1,NA,9962,83172,790,31269,9207,"1814649",NA
2024-09-07,56.0539,14.0779,1725667200000,1900955521605.02,99458218322.36,573764746468.14,50090502227.42,321833459043.93,835395614879.01,NA,9951,83153,790,31275,9214,"1816089",NA
2024-09-08,55.7568,14.2645,1725753600000,1918138161150.91,44499826402.31,244087361924.08,25438415350.77,165860077254.25,848645710096.39,NA,9931,83119,790,31277,9215,"1817529",NA
2024-09-09,55.7323,14.2191,1.72584e+12,1944195134890.39,43214527636.73,268471848404.97,24946232394.53,176121568330.85,860651194494.77,NA,9912,83119,790,31282,9217,"1818969",NA
2024-09-10,56.0264,14.1167,1725926400000,2010843076815.53,70315200668.07,410493369547.74,35693825019.66,235512627371.61,884239337904.25,NA,9899,82984,790,31291,9224,"1820409",NA
2024-09-11,56.0596,14.1536,1726012800000,2031024882697.5,59090233312.37,337051017791.13,30234963435.14,196605140667.93,892440781121.71,NA,9892,83006,790,31301,9227,"1821849",NA
2024-09-12,56.1928,13.9702,1726099200000,2015741646724.72,71269216639.14,433256066473.53,34215218424.41,238114839731.44,883040286786.29,NA,9885,83027,791,31310,9230,"1823289",NA
2024-09-13,56.1404,13.8945,1726185600000,2045329928450,64939814943.97,366586573825.9,31105897161.21,205534692276.14,897072755391.74,NA,9884,83122,792,31320,9239,"1824733",NA
2024-09-14,56.5869,13.8969,1.726272e+12,2113952597260.69,66228812902.73,387084753906.3,33731181713.03,219748735422.72,917732216401.39,NA,9874,83793,794,31328,9243,"1826173",NA
2024-09-15,56.5118,13.8743,1726358400000,2097498134906.21,40424402431.71,237184987510.68,23995970666.96,156293127689.4,912163692337.02,NA,9863,83806,794,31335,9244,"1827613",NA
2024-09-16,56.8071,13.5637,1726444800000,2057410658749.32,44625319169.99,268864524444.14,26494883639.88,184397883161.37,888655278465.02,NA,9849,83780,794,31336,9248,"1829053",NA
2024-09-17,56.7041,13.623,1726531200000,2027558160819.87,69121026054.71,380905537014.35,37090371574.51,230280834012.54,877848736123.77,NA,9848,83873,794,31347,9253,"1830493",NA
2024-09-18,57.1998,13.529,1726617600000,2083060693121.4,73883273105.33,415496317210.29,35807128780.98,224283514856.88,891553130688.15,NA,9848,83818,794,31362,9259,"1831933",NA
2024-09-19,57.3762,13.4351,1.726704e+12,2124664753083.19,82919461803.23,468917992024.9,41911225280.91,258722567664.85,905612364035.57,NA,9858,83904,794,31378,9262,"1833373",NA
2024-09-20,57.1765,13.6398,1726790400000,2175120212584.88,89480599725.66,496771859762.54,46786999973.4,286742604570.32,931462717928.22,NA,9853,83983,794,31385,9270,"1834813",NA
2024-09-21,56.7851,14.0186,1726876800000,2198584340003.1,82776052273.18,472359963933.46,47600640205.03,296726298288.91,950116238721.97,NA,9849,84220,795,31395,9278,"1836253",NA
2024-09-22,56.3715,14.1662,1726963200000,2221582367264.55,44991499938.85,256583691741.65,30582273153.35,198225111300.52,969243722145.47,NA,9835,84215,795,31398,9280,"1837693",NA
2024-09-23,56.7862,14.0389,1727049600000,2213827759436.73,54294134911.53,337495987808.3,34107554234.11,232896259984.86,956678965714.02,NA,9824,84178,795,31400,9285,"1839133",NA
2024-09-24,56.2265,14.3218,1.727136e+12,2225346983560.31,78541441823.87,463117435574.51,47140765178.34,301084094658.16,974112936102.81,NA,9830,84306,796,31428,9296,"1840573",NA
2024-09-25,56.2591,14.1481,1727222400000,2257772231906.25,74595604528.25,458907110151.28,44658121088.13,292082220751.82,987570449773.34,NA,9834,84385,795,31449,9303,"1842013",NA
2024-09-26,56.2726,14.0033,1727308800000,2216998201365.29,65767791465.29,398245950400.99,40688882516.35,262527106698.59,969436363167.06,NA,9844,85001,795,31462,9306,"1843453",NA
2024-09-27,56.3878,13.8718,1727395200000,2284040590283.76,86584923851.3,519837774438.54,49711960142.53,310870337683.24,996119711759.32,NA,9846,85156,795,31482,9311,"1844893",NA
2024-09-28,56.1325,14.0093,1727481600000,2315963922823.78,79968173618.25,460999721181.06,47907636477.16,294976347066.26,1015954401095.65,NA,9852,85291,750,31498,9318,"1846333",NA
2024-09-29,56.3107,13.9374,1.727568e+12,2312128500905.48,50097117212.17,292536205495.85,34853152926.23,224363736213.06,1010152362788.38,NA,9849,85143,750,31499,9320,"1847773",NA
2024-09-30,56.2292,13.8767,1727654400000,2306181620068.54,50991304060.36,303738320785.09,36200239286.42,238293418985.53,1009433247439.83,NA,9854,85195,750,31516,9321,"1849213",NA
2024-10-01,56.1202,14.0489,1727740800000,2229803903919.32,83851176981.74,502391310424.69,46737135849.9,305670782233.33,978433373115.53,NA,9865,85013,749,31536,9333,"1850653",NA
2024-10-02,56.2534,13.793,1727827200000,2136953003242,115557490185.56,674538315609.02,65335622307.28,411035409966.93,934844238002.2,NA,9863,85150,750,31544,9337,"1852093",NA
2024-10-03,56.7689,13.4844,1727913600000,2110770733745.94,92194673765.61,541077930682.46,51431199068.29,324648119965.09,912509473866.12,NA,9874,85123,751,31558,9346,"1853533",NA
2024-10-04,56.9929,13.4261,1.728e+12,2106577056233.18,83022148305.14,504299926944.12,46913417026.48,302904519336.38,905977702478.71,NA,9885,85216,751,31578,9349,"1854973",NA
2024-10-05,56.8438,13.4695,1728086400000,2157919831897.52,69968058267.29,438531820766.27,40381700490.08,249335524947.45,931276912766.89,NA,9888,85284,751,31594,9355,"1856413",NA
2024-10-06,56.8935,13.4821,1728172800000,2156377087100.65,39134337819.86,223115576387.6,25829307356.56,167012282836.48,929539176111.19,NA,9879,85282,751,31595,9361,"1857853",NA
2024-10-07,56.828,13.4436,1728259200000,2184731052744.7,41910520986.21,245878211074.77,27133882328.25,175588385278.4,943191217263.24,NA,9875,85281,751,31596,9362,"1859293",NA
2024-10-08,56.7962,13.4655,1728345600000,2165360275189.33,82089206773.05,501962226647.97,47829746798.11,308132756718.47,935518584032.36,NA,9880,85796,751,31615,9366,"1860733",NA
2024-10-09,56.7049,13.5622,1.728432e+12,2165508168659.59,69453100745.22,406634006518.46,41321196182.77,252956389270.79,937558059095.09,NA,9893,86188,752,31640,9369,"1862173",NA
2024-10-10,56.6185,13.4797,1728518400000,2114888906888.61,67754785718.21,395930007208.93,40083283975.9,252734988893.02,917469876019.94,NA,9891,86304,752,31659,9371,"1863613",NA
2024-10-11,56.4506,13.5975,1728604800000,2110603716102.6,69535965779.63,427925891048.64,39082751156.3,260768602796.68,919154967092.11,NA,9899,86441,751,31669,9377,"1865056",NA
2024-10-12,56.7188,13.4764,1728691200000,2177354952137.5,66984621163.97,403781290980.08,36653394833.67,236649783460.28,942385045934.16,NA,9895,86501,752,31680,9383,"1866496",NA
2024-10-13,56.6981,13.5309,1728777600000,2203077262237.06,46712687173.65,269896578353.89,29969557278.05,192762753473.14,953974899085.73,NA,9888,86534,751,31684,9386,"1867936",NA
2024-10-14,56.6712,13.5507,1.728864e+12,2192108898362.88,48214149945.94,296050463051.86,30035334766.26,204366660085.61,949814864571.85,NA,9881,86538,751,31684,9389,"1869376",NA
2024-10-15,56.8389,13.7769,1728950400000,2297371509584.36,94910845937.04,550310890290.75,51204124670.78,322588851822.56,991571893827.47,NA,9907,86686,751,31714,9392,"1870816",NA
2024-10-16,57.4001,13.5891,1729036800000,2309078971392.39,107860187482.33,646408392935.83,58995382524.85,376877573307.06,983666214975.19,NA,9915,86748,751,31735,9394,"1872256",NA
2024-10-17,57.6043,13.5466,1729123200000,2320316457139.61,83302455868.67,457974664505.26,45106504181.64,265582033677.47,983713831457.63,NA,9905,86915,751,31764,9399,"1873696",NA
2024-10-18,57.7655,13.593,1729209600000,2307153529591.12,72531164513.99,411872111362.33,39730368407.36,250331329926.55,974414850703.97,NA,9910,87093,752,31777,9405,"1875136",NA
2024-10-19,57.7025,13.5665,1.729296e+12,2344156786785.66,77926074159.8,430954998325.07,41076698945.61,253197258304.68,991520336495.22,NA,9913,87227,753,31798,9409,"1876576",NA
2024-10-20,57.5791,13.5845,1729382400000,2347331543282.18,42781991001.28,237710315767.43,28338168657.27,181005944313.62,995758437185.82,NA,9909,87176,753,31799,9410,"1878016",NA
2024-10-21,57.198,13.8614,1729468800000,2385197146408.51,59020517699.49,341627008816.09,40052079409.18,258462530600.98,1020911630405.54,NA,9905,87184,753,31799,9418,"1879456",NA
2024-10-22,57.0998,13.7594,1729555200000,2332371897529.42,85994754374.6,479089480628.6,48497894551.14,289575582211.21,1000592569593.47,NA,9906,87024,753,31813,9421,"1880896",NA
2024-10-23,57.3079,13.5733,1729641600000,2324261428376.11,75808949173.77,440342137662.68,44001319905.8,273637693618.98,992276129806.7,NA,9866,86446,751,31830,9448,"1882336",NA
2024-10-24,57.5139,13.2601,1.729728e+12,2291131104177.58,79420720703.49,479781422079.21,46999869631.33,297265974309.18,973411442229.58,NA,9879,86546,753,31856,9452,"1883776",NA
2024-10-25,57.7814,13.0822,1729814400000,2332504889688.17,75114637983.59,413364084352.18,43698882324.45,252391325158.06,984750743772.08,NA,9895,87881,755,31876,9462,"1885216",NA
2024-10-26,58.3698,13.0023,1729900800000,2256518029813.26,100281080763.84,600019976701.71,58808238234.87,365686079206.03,939393968711.37,NA,9898,87936,757,31900,9468,"1886656",NA
2024-10-27,58.1199,13.0949,1729987200000,2280149860475.13,56721880610.26,304199680789.98,37157128266.3,220305973444.9,954929937023.46,NA,9891,87929,757,31900,9469,"1888096",NA
2024-10-28,58.1475,13.0596,1730073600000,2310213765382.02,45717624593.94,263532719480.56,28995142147.97,188234615825.75,966881770132.94,NA,9894,87960,757,31903,9471,"1889536",NA
2024-10-29,58.4768,13.0673,1.73016e+12,2364036805535.51,87291939750.03,514540836251.7,48492226446.9,312549921912.15,981623907863.09,NA,9901,87988,758,31932,9476,"1890976",NA
2024-10-30,58.874,13.004,1730246400000,2442274861588.49,113292026883.57,620046395433.1,54747101019.18,336778680887.61,1004408917995.32,NA,9906,88139,759,31951,9486,"1892416",NA
2024-10-31,58.85,13.1654,1730332800000,2430682184963.43,89825655386.71,512490172980.94,49181163505.21,321626224201.27,1000225408619.87,NA,9926,88275,759,31984,9496,"1893856",NA
2024-11-01,59.0453,12.8811,1730419200000,2351531452195.02,87209654078.96,506841092295.6,46581742002.73,302123848253.32,963062473782.94,NA,9928,88556,759,31996,9497,"1895296",NA
2024-11-02,58.9304,12.9713,1730505600000,2331728462827.88,97906599389.8,578997710095.38,47916082189.6,318060709896.41,957632155731.44,NA,9933,88515,759,32011,9502,"1896736",NA
2024-11-03,59.0963,12.934,1.730592e+12,2319882521470.87,46462654022.78,285356951096.81,28276089719.26,195272090708.06,948916735859.85,NA,9924,88514,760,32012,9508,"1898176",NA
2024-11-04,59.3318,12.9074,1730678400000,2291490609534.01,75138196433.71,474244692001.88,40272340037.82,290452217012.39,931908835192.04,NA,9921,88431,760,32014,9514,"1899616",NA
2024-11-05,59.4298,12.7905,1730764800000,2256274212685.71,83405813335.08,468443200659.2,42218615943.55,277974352683.84,915374445531.42,NA,9935,88448,762,32042,9516,"1901056",NA
2024-11-06,59.3953,12.6294,1730851200000,2309804334194.16,90880961605.68,524226579556.46,44821920994.68,300811332460.84,937889538179.64,NA,9944,87551,760,32057,9522,"1902496",NA
2024-11-07,59.3914,13.0237,1730937600000,2518854265967.66,222983220758.89,1105652958052.9,104389298537.61,608355833271.83,1022871886560.02,NA,9943,87633,761,32068,9527,"1903936",NA
2024-11-08,59.9458,13.9242,1.731024e+12,2504380105336.88,139745495385.64,711884313781.63,76278567464.52,463239597494.62,1003109846878.75,NA,9949,88003,761,32083,9531,"1905376",NA
2024-11-09,58.5569,13.7982,1731110400000,2585834661831.96,130499317033.6,634868739484.22,75324227893.55,418854946740.27,1071649245490.75,NA,9959,88174,762,32095,9535,"1906816",NA
2024-11-10,57.6367,14.3101,1731196800000,2633943829411.79,101921587558.6,530815837437.64,72903600152.55,414745671322.87,1115824565662.48,NA,9956,88206,762,32099,9537,"1908256",NA
2024-11-11,58.4617,14.1083,1731283200000,2722276314514.16,219211722905.84,1098991456837.3,136647987541.4,722565751995.17,1130786895962.86,NA,9957,88279,762,32105,9539,"1909696",NA
2024-11-12,58.7924,13.6176,1731369600000,2985151619830.18,280407001794.18,1377777994489.73,162431698023.03,816858857439.9,1230110802228.96,NA,9990,88736,762,32123,9545,"1911136",NA
2024-11-13,59.1519,13.2846,1.731456e+12,2942242979132.74,333939286102.43,1622376596581.39,200280891668.67,1027576729385.13,1201849345244.98,NA,9999,88918,763,32140,9549,"1912576",NA
2024-11-14,59.9668,12.8699,1731542400000,2986605300921.9,311292374594.49,1546777925397.05,187736617214.05,939321037830.24,1195632715066.6,NA,10032,89206,763,32170,9557,"1914016",NA
2024-11-15,59.7018,12.7348,1731628800000,2893265721238.15,235694371502.32,1170862992695.09,148082097818.17,742415258047.74,1165932797288.55,NA,10060,89408,763,32205,9565,"1915466",NA
2024-11-16,59.8262,12.3576,1731715200000,3010795419540.48,200300090611.36,1050761448454.31,122060456103.8,646876821713.62,1209550848011.51,NA,10064,89451,760,32221,9578,"1916906",NA
2024-11-17,58.9781,12.4214,1731801600000,3037660380460.84,164930220643.88,796010518443.35,120628364145.28,618383391291.53,1246106327265.67,NA,10064,89491,760,32223,9582,"1918346",NA
2024-11-18,58.99,12.2915,1.731888e+12,3013295825375.71,163656874217.17,903457145576.96,117305544358.98,658339014179.59,1235753731411.41,NA,10071,89590,760,32242,9584,"1919786",NA
2024-11-19,58.3852,12.5951,1731974400000,3067134588352.3,198877120789.96,1093787548737.62,123304285826.72,680239223556.04,1276381742209.37,NA,10101,89791,761,32278,9591,"1921226",NA
2024-11-20,59.2093,12.1399,1732060800000,3086246487333.64,180916284295.85,913985914183.07,106395939458.24,551827758966.31,1258902312054.06,NA,10109,89924,761,32297,9598,"1922663",NA
2024-11-21,60.0869,11.9088,1732147200000,3106477817930.27,176093678179.13,890390009206.39,104360039619.21,543288338434.5,1239891016262.2,NA,10140,90671,762,32333,9603,"1924103",NA
2024-11-22,59.6425,12.3856,1732233600000,3266768156800.32,246628621638.45,1264052749120.97,140600661897.7,758295986285.97,1318385961529.24,NA,10162,90902,762,32356,9610,"1925543",NA
2024-11-23,59.0591,12.0963,1.73232e+12,3316915399425.73,214064299641.84,1074931439543.01,135593595382.12,714743222179.5,1357975161063.4,NA,10177,90942,762,32374,9612,"1926983",NA
2024-11-24,58.0248,12.2711,1732406400000,3334036945276.56,217655597975.19,1035961751687.21,173241044219.38,858575446514.83,1399467520279.14,NA,10187,90911,762,32384,9613,"1928423",NA
2024-11-25,58.0154,12.1259,1732492800000,3340351384919.09,200087860671.33,1002457941016.7,148371650022.81,760034545166.56,1402431595655.98,NA,10186,90850,760,32391,9620,"1929863",NA
2024-11-26,57.3123,12.7955,1732579200000,3213127046331.37,239757942129.01,1259013586954.26,158850379162.08,863471946044.11,1371609197127.79,NA,10202,91124,762,32413,9626,"1931303",NA
2024-11-27,57.3579,12.6244,1732665600000,3172467328924.79,225248765213.47,1141548328437.26,133627534112.71,715914400336.24,1352807751101.58,NA,10222,91218,762,32436,9631,"1932743",NA
2024-11-28,56.9557,13.2112,1.732752e+12,3333668213375.94,198431982649.16,977602887570.95,127295783494.27,661882146313.52,1434954905605.73,NA,10239,91375,762,32456,9639,"1934183",NA
2024-11-29,56.9642,12.973,1732838400000,3323287594018.09,158595961980.78,775931747634.29,106336430160.46,548545949497.97,1430201953522.43,NA,10257,91553,762,32484,9641,"1935623",NA
2024-11-30,56.7302,12.7286,1732924800000,3400297194886.94,166450714186.02,814103732990.28,111480960166.98,560460633884.67,1471303443110.87,NA,10274,91622,762,32513,9646,"1937063",NA
2024-12-01,55.9609,13.0859,1733011200000,3411190371140.16,150960273480.18,744263831746.67,119325147227.59,600492415287.85,1502258013121.99,NA,10281,91710,762,32520,9649,"1938503",NA
2024-12-02,55.5257,12.8918,1733097600000,3466836003440.1,162612250061.35,788870799223.76,126015578820.96,617261769070.39,1541850394493.5,NA,10283,91710,761,32523,9651,"1939943",NA
2024-12-03,54.7365,12.6641,1.733184e+12,3465724388227.53,288571014779.49,1369005647184.82,215889254642.42,1047018311731.69,1568708266981.01,NA,10304,92056,763,32548,9658,"1941383",NA
2024-12-04,54.1544,12.4293,1733270400000,3506787309735.75,286682251140.98,1257236837684.85,219618891588.86,988595137445.96,1607706051531.92,NA,10308,92060,763,32565,9663,"1942823",NA
2024-12-05,54.4297,12.889,1733356800000,3590416779173.57,284778253625.48,1290366643311.87,207559173886.77,954570024166.81,1636163848732.06,NA,10334,92223,764,32591,9668,"1944263",NA
2024-12-06,54.2491,12.8937,1733443200000,3541356395514.92,369472452977.86,1594479121274.01,216801601734.84,1005049884758.38,1620202347925.42,NA,10345,92457,764,32604,9676,"1945703",NA
2024-12-07,53.9221,13.1587,1733529600000,3666504425640.29,261810071573.16,1149833852248.85,167273284907.63,769983748021.1,1689447139910.53,NA,10363,92696,764,32629,9680,"1947143",NA
2024-12-08,54.1553,13.1982,1.733616e+12,3651323373496.61,159075270544.96,670063286555.23,114896555414.85,513842252036.96,1673939286990.3,NA,10349,92361,762,32634,9685,"1948583",NA
2024-12-09,53.9544,12.9982,1733702400000,3712940445460.34,148776448356.94,662775022370.66,104570424563.33,495724955625.54,1709644789673.39,NA,10341,92353,762,32637,9690,"1950023",NA
2024-12-10,55.6324,12.9217,1733788800000,3465642120589.85,319454957155.61,1447154715190.11,208783837363.78,1010359059059.03,1537622303482.42,NA,10276,92416,762,32681,9693,"1951463",NA
2024-12-11,55.6448,12.7207,1733875200000,3438231342620.71,312088874555.66,1334369613025.86,207260980720.55,937969244286.8,1525033609509.09,NA,10305,92736,762,32708,9704,"1952903",NA
2024-12-12,55.4727,12.7888,1733961600000,3610480945066.78,220977476583.03,933026384430.57,135584417203.54,614938565537.77,1607649011995.03,NA,10309,93108,763,32724,9715,"1954343",NA
2024-12-13,55.0304,12.9956,1.734048e+12,3598529706326.72,213049922021.37,966639395829.22,140977565879.7,670436503087.13,1618245557949.82,NA,10326,93297,763,32751,9718,"1955783",NA
2024-12-14,55.1509,12.9299,1734134400000,3641265145505.97,171591397120.84,737737055640.89,114696425064.39,516071283751.03,1633074450176.23,NA,10351,93464,765,32779,9723,"1957223",NA
2024-12-15,55.6411,12.9187,1734220800000,3607060533474.7,136169357033.68,582580108300.25,95784467212.78,427175091126.36,1600052601306.65,NA,10354,93492,765,32787,9724,"1958663",NA
2024-12-16,55.8634,12.8767,1734307200000,3699070084343.39,136660841482.76,622519030438.48,85505331251.41,411120557266.02,1632642498126.62,NA,10350,93517,765,32790,9725,"1960103",NA
2024-12-17,56.4109,12.9048,1734393600000,3721464308632.09,220584859417.92,1014790024821.85,129573578661,635103189641.13,1622151425870.64,NA,10369,93675,765,32829,9731,"1961543",NA
2024-12-18,56.7497,12.6543,1.73448e+12,3702886479765.24,189223390430.57,892016746081.97,120628954223.2,606145247856.3,1601510364621.16,NA,10392,93894,766,32863,9740,"1962983",NA
2024-12-19,56.9999,12.5432,1734566400000,3478746478546.05,246563049128.49,1155179936193.81,152676404638.56,730891592197.53,1495863037439.78,NA,10410,94516,772,32886,9746,"1964423",NA
2024-12-20,57.626,12.2919,1734652800000,3347912807432.93,279695999868.5,1340638014429.84,182492261250.54,885609458984.58,1418643318732.55,NA,10431,94853,771,32914,9752,"1965863",NA
2024-12-21,57.0626,12.33,1734739200000,3392045025205.56,307342602622.51,1445048689855.04,201713614351.63,968663533552.2,1456456504576.22,NA,10448,95064,772,32937,9781,"1967303",NA
2024-12-22,57.7511,12.0585,1734825600000,3333161232578.76,173182352206.17,791249170550.13,121418918981.71,586433203768.95,1408224837939.46,NA,10442,95043,772,32939,9789,"1968743",NA
2024-12-23,57.4899,12.0549,1.734912e+12,3275157665449.97,135225799058.13,672785320864.84,92073078212.96,485849384695.33,1392271864327.14,NA,10443,95050,772,32940,9798,"1970183",NA
2024-12-24,56.3265,12.3607,1734998400000,3330204205477.62,172395017699.65,875057154584.48,107156308313.29,574224116001.5,1454416600694.93,NA,10476,95308,771,32960,9803,"1971623",NA
2024-12-25,56.7261,12.2144,1735084800000,3443448784766.45,133676217490.55,686334798049.69,86563808899.71,439800330194.64,1490115857939.8,NA,10494,95399,771,32987,9804,"1973063",NA
2024-12-26,57.0358,12.2041,1735171200000,3448687737498.91,116542518215.12,543261901697.17,82834827244.54,385034049238.79,1481702389834.8,NA,10476,95291,771,32990,9809,"1974503",NA
2024-12-27,57.15,12.1041,1735257600000,3315007830548.19,125826857466.03,641824781840.51,78987083613.72,406715987323.69,1420482136436.71,NA,10485,95383,772,33017,9809,"1975943",NA
2024-12-28,56.7789,12.2112,1.735344e+12,3283624827657.58,132212632436.62,653584951517.62,79792747097.25,408652524553.45,1419217956097.67,NA,10502,95165,772,33049,9813,"1977383",NA
2024-12-29,56.4627,12.266,1735430400000,3337384190449.78,83146890356.37,397317155888.97,59043077869.71,303654936980,1453006307392.83,NA,10499,95142,772,33051,9816,"1978823",NA
2024-12-30,56.6932,12.3503,1735516800000,3267393362606.53,85913433776.13,426285087278.84,56269364365.08,306632270240.27,1415002485990.23,NA,10492,95141,772,33053,9819,"1980263",NA
2024-12-31,56.4801,12.4482,1735603200000,3247898394633.62,140202669025.15,683596040066.18,84014470251.48,424233897795.47,1413482956047.58,NA,10507,95455,773,33076,9821,"1981703",NA
2025-01-01,56.7671,12.3175,1735689600000,3258746507343.04,115220336975.45,602960829433.96,71594425662.14,389915360368,1408851043312.52,NA,10517,95508,773,33093,9823,"1983143",NA
2025-01-02,56.3047,12.1665,1.735776e+12,3320489672657.69,85537859519.7,412718154912.18,61015959749.02,299592979247.84,1450897089637.97,NA,10516,95459,773,33098,9832,"1984583",NA
2025-01-03,56.3374,12.2095,1735862400000,3405927430240.98,129650628919.13,641702528724.77,83642146392.03,422264036700.33,1487115339018.12,NA,10515,95651,773,33114,9837,"1985917",NA
2025-01-04,55.5999,12.428,1735948800000,3495925745929.8,121703354054.28,605938722487.31,86091822033.11,445811532726.78,1552194702651.35,NA,10524,95986,773,33137,9841,"1987357",NA
2025-01-05,55.5045,12.5704,1736035200000,3504945338235.71,92573950200.45,451218225041.34,70232031021.4,357672869727.69,1559543167240.7,NA,10528,96031,773,33146,9845,"1988907",NA
2025-01-06,55.6628,12.5154,1736121600000,3498617459363.75,82666431723.72,408616667110.04,62135636730.47,312866376316.86,1551187583236.69,NA,10526,96080,773,33148,9847,"1990457",NA
2025-01-07,56.3399,12.3602,1.736208e+12,3595363765063.57,133216589657.54,683678189504.78,81437481970.24,428199174592.86,1569738688212.27,NA,10553,96256,772,33176,9852,"1991897",NA
2025-01-08,56.7933,12.0497,1736294400000,3380563758123.9,161158751592.35,846462190747.39,102472476671.74,547340422918.39,1460631561618.18,NA,10574,96576,773,33212,9854,"1993337",NA
2025-01-09,56.6258,12.0549,1736380800000,3324489803269.58,169993862959.69,853513974120.32,106116106196.87,550074891106.5,1441970990637.22,NA,10575,96766,778,33227,9860,"1994777",NA
2025-01-10,56.7404,12.0096,1736467200000,3229618490789.13,154724842219.34,770008673526.46,91943072297.92,478730393563.43,1397118670771.14,NA,10596,96950,779,33254,9861,"1996217",NA
2025-01-11,56.8241,11.9239,1736553600000,3301102095312.17,147522058703.68,728056666659.4,85470864307.64,435125631159.96,1425281800768.39,NA,10610,97076,779,33284,9870,"1997657",NA
2025-01-12,56.4512,11.917,1.73664e+12,3318364500460.98,73388446370.39,359333968814.49,54524967127.12,276978392142.84,1445107666601.02,NA,10611,97061,779,33291,9871,"1999097",NA
2025-01-13,56.7167,11.9235,1736726400000,3300218680026.26,68690226545.9,356052091345.1,47804595121.58,260172226793.87,1428443230875.24,NA,10607,96962,779,33292,9872,"2000537",NA
2025-01-14,57.252,11.5548,1736812800000,3270257202523.72,177509424097.33,1012424592611.47,104521693800.89,630159804391.91,1397970259031.63,NA,10627,97035,778,33325,9874,"2001977",NA
2025-01-15,57.074,11.5927,1736899200000,3350823804176.3,122357249180.36,643165976473.31,68586171182.68,392485396941,1438374303503.89,NA,10638,96834,778,33348,9876,"2003417",NA
2025-01-16,56.3235,11.7613,1736985600000,3535019661394.52,154399593950.83,816671296875.23,96566158778.28,549852351674.53,1543973381566.36,NA,10655,97231,779,33371,9881,"2004857",NA
2025-01-17,56.4343,11.3556,1.737072e+12,3510134503065.26,155841184441.28,841010956994.65,102111512074.53,584375899902.92,1529215898307.62,NA,10672,97515,778,33393,9888,"2006297",NA
2025-01-18,56.4296,11.4512,1737158400000,3655480693951.43,169046953341.92,847208277343.03,97384950849.24,526121488442.62,1592708014395.05,NA,10705,97852,778,33429,9891,"2007737",NA
2025-01-19,56.8622,10.9476,1737244800000,3638190132866.74,194132968104.8,949279260219.28,143685436817.39,733544768031.97,1569433853114.32,NA,10708,98128,778,33436,9892,"2009177",NA
2025-01-20,57.3799,11.0813,1737331200000,3491688992644.81,307337808886.32,1416931665152.39,230533555666.05,1079835775129.25,1488161104897.09,NA,10704,98314,776,33441,9894,"2010617",NA
2025-01-21,57.3344,11.2012,1737417600000,3527959268473.6,341184847367.11,1649836719213.95,214921491962.28,1029682316489.9,1505226547209.84,NA,10710,98703,777,33461,9900,"2012057",NA
2025-01-22,57.7211,11.005,1.737504e+12,3643530974678.86,219618822937.04,1003347162562.29,130888308382.92,622553217721.84,1540443177362.7,NA,10728,98902,778,33482,9906,"2013497",NA
2025-01-23,57.4414,10.9223,1737590400000,3575509686929.14,142586785230.31,666240014196.91,88709681345.4,445912661010.13,1521686931008.23,NA,10736,99085,778,33503,9914,"2014937",NA
2025-01-24,57.4712,11.2247,1737676800000,3583557277067.62,205681930796.46,1020202007395.26,101574513354.89,534854679804.34,1524045132670.43,NA,10745,99398,778,33521,9923,"2016377",NA
2025-01-25,57.8867,11.1149,1737763200000,3588317671694.16,136527614559.24,682261067693.53,84142188057.02,454647832219.97,1511157965274.33,NA,10768,99710,780,33560,9927,"2017817",NA
2025-01-26,57.7389,11.1246,1737849600000,3593420557034.11,85025501839.14,434428465313.27,61134518553.08,335348533252.78,1518617829152.38,NA,10771,99721,780,33562,9928,"2019257",NA
2025-01-27,57.9022,11.0963,1.737936e+12,3512866013502.11,83743654722.68,430737558361.51,61193992735.8,330035599518.51,1478839559638.61,NA,10764,99699,780,33564,9938,"2020702",NA
2025-01-28,57.9842,10.9849,1738022400000,3489061617847.85,209574891215.78,1087423490075.35,120563434738.19,673740682648.38,1465956184861.83,NA,10774,99674,780,33582,9945,"2022142",NA
2025-01-29,58.4987,10.8032,1738108800000,3431419006241.1,120238304379.87,651320145477.22,73062973859.94,422419869368.3,1424084415582.84,NA,10787,99640,780,33603,9949,"2023582",NA
2025-01-30,58.7658,10.7291,1738195200000,3497403781609.53,121632400444.78,681099418246.88,74194521478.86,450869576991.39,1442125761759.9,NA,10794,99659,780,33611,9954,"2025022",NA
2025-01-31,58.1759,10.9693,1738281600000,3568224709032.81,108621722338.67,572114084852.69,66703688128.22,383932730640.36,1492379286267.99,NA,10804,99683,780,33626,9955,"2026462",NA
2025-02-01,57.7038,11.3044,1.738368e+12,3516993057788.09,124232182849.05,709581344668.67,78505582407.89,485429952011.6,1487555299724.4,NA,10822,99711,780,33643,9961,"2027902",NA
2025-02-02,58.5817,11.0361,1738454400000,3404785947219.02,93296537496.34,525459989374.97,65536527684.09,400460022507.28,1410205657246.71,NA,10822,99659,780,33646,9961,"2029342",NA
2025-02-03,59.7831,10.6808,1738540800000,3237065223245.08,185765968881.16,1020167636439.35,122668445405.18,725560910312.64,1301845990280.5,NA,10824,99618,780,33648,9964,"2030782",NA
2025-02-04,60.0624,10.3838,1738627200000,3347044150619.95,362153467660.01,1806759695724.13,246752675228.41,1259344137286.97,1336728280355.7,NA,10827,99681,780,33658,9968,"2032222",NA
2025-02-05,60.3659,10.2577,1738713600000,3211896616067.22,195093120103.87,1029492013838.74,122023514906.4,690841724264.1,1273007589099.57,NA,10829,99653,780,33672,9971,"2033662",NA
2025-02-06,60.3696,10.5969,1.7388e+12,3170964823563.68,126642637235.32,666302816186.35,77482481616.26,456416142145.66,1256664753232.22,NA,10834,99692,780,33693,9974,"2035102",NA
2025-02-07,60.9692,10.3167,1738886400000,3140898658992.51,123101971873.01,662615025976.85,77755132255.44,445999354755.09,1225916543130.07,NA,10842,99867,781,33703,9976,"2036542",NA
2025-02-08,60.9825,10.0758,1738972800000,3137762374344.57,134727100912.36,734916093827.52,79109380516.18,467427721772.35,1224275423495.44,NA,10856,99944,785,33728,10011,"2037982",NA
2025-02-09,60.5815,10.0529,1739059200000,3156658483674.17,74665088014.43,394544255632.89,52233025501.68,300393322484.43,1244308546224.61,NA,10844,99916,785,33732,10023,"2039422",NA
2025-02-10,60.6678,10.0485,1739145600000,3152772812294.35,86622684004.34,476622871235.17,58921659373.3,347237948368.17,1240054513839.9,NA,10834,99920,785,33739,10025,"2040862",NA
2025-02-11,60.593,10.063,1.739232e+12,3187922451217.23,104552607006.16,565640839822.03,64832938236.12,389427107258.13,1256264086727.2,NA,10855,100106,787,33761,10032,"2042302",NA
2025-02-12,60.2812,9.964,1739318400000,3148688017432.79,106623221698.39,596949111295.66,69200191500.7,408950571626.09,1250620015201.58,NA,10870,100267,787,33779,10040,"2043742",NA
2025-02-13,59.9812,10.2014,1739404800000,3234606452886.7,129889869725.47,719007001969.42,80572863200.02,477621084084.91,1294452301306.46,NA,10881,100004,789,33800,10057,"2045182",NA
2025-02-14,59.9444,10.0957,1739491200000,3195309929461.84,105357730234.84,558724448941.61,68178802949.45,378319177702.07,1279901428987.41,NA,10895,100257,789,33813,10063,"2046622",NA
2025-02-15,59.6132,10.1343,1739577600000,3242462500405.79,106165408802.33,589360790967.97,73470922044.76,417645019243.71,1309526895914.24,NA,10901,100396,794,33832,10072,"2048062",NA
2025-02-16,59.8564,10.0465,1.739664e+12,3232035644670.51,63674622511.77,336612745802.73,46630074789.36,268870205994.75,1297456867849.62,NA,10900,100412,794,33837,10080,"2049502",NA
2025-02-17,59.7272,10.057,1739750400000,3191800094884.11,59069779871.13,339771996795.76,42511621150.17,264580324218.85,1285428046092.4,NA,10887,100380,794,33838,10082,"2050942",NA
2025-02-18,59.6711,10.3935,1739836800000,3182099475264.11,93806021817.89,560366594266.03,66459708312.65,425856196292.97,1283304647070.31,NA,10901,100480,795,33857,10084,"2052382",NA
2025-02-19,60.3199,10.2453,1739923200000,3141277235758.08,107293420731.05,639079310914.52,70067993231.94,435187777021.53,1246460734415.18,NA,10898,100522,795,33873,10092,"2053822",NA
2025-02-20,60.118,10.273,1740009600000,3186823379381.67,83182996218.1,502096749094.94,54513181681.63,347218067071.49,1270968359439.54,NA,10895,100508,795,33892,10100,"2055262",NA
2025-02-21,60.2324,10.2038,1.740096e+12,3237095123386.73,91726482162.05,525770563441.83,60464701701.54,366947227687.4,1287315874632.71,NA,10902,101077,796,33910,10109,"2056702",NA
2025-02-22,60.3624,10.159,1740182400000,3157246552852.82,138640600154.03,825566634887.95,88973658023.02,548966204908.64,1251455443984.81,NA,10905,101205,796,33915,10111,"2058142",NA
2025-02-23,59.9388,10.4313,1740268800000,3194694521035.13,73024001412.15,397577939944.53,54681967950.86,313621899791.51,1279832596853.86,NA,10900,101188,796,33917,10117,"2059582",NA
2025-02-24,59.8519,10.661,1740355200000,3189407296499.41,68801769380.76,385131329568.22,51836843011.66,301636544864.06,1280484961719.64,NA,10889,101120,796,33918,10117,"2061022",NA
2025-02-25,60.9141,10.1816,1740441600000,2977207640155.26,129521943878.71,765039144737.55,85864678437.06,521547755053.93,1163667987413.62,NA,10892,101212,797,33925,10118,"2062462",NA
2025-02-26,60.0417,10.2718,1.740528e+12,2926200617553.67,205145277845.51,1144706479305.12,115743838009.46,669682529944.39,1169259084748.3,NA,10894,101219,797,33935,10119,"2063902",NA
2025-02-27,59.5722,10.0441,1740614400000,2799523154088.58,149767870583.33,893166642461.15,86022245041.56,507387180088.76,1131785550113.7,NA,10891,101209,797,33951,10124,"2065342",NA
2025-02-28,59.7488,9.8908,1740700800000,2810724469054.45,122483345874.72,691639097875.27,69311214928.78,405226675847.59,1131349044725.73,NA,10884,101206,797,33966,10128,"2066782",NA
2025-03-01,59.8498,9.6504,1740787200000,2794952485170.98,182228469930.84,1106441849119.85,98637571848.92,607558486490.36,1122178716733.33,NA,10867,101239,797,33973,10133,"2068222",NA
2025-03-02,60.2114,9.4324,1740873600000,2833440231117.95,80110155957.23,478542112785.74,50881512134.1,316455795669.74,1127386833176.53,NA,10850,101168,797,33974,10137,"2069662",NA
2025-03-03,59.4301,9.6567,1.74096e+12,3145935962311.2,173165786091.94,1022780010567.63,114387810822.14,673471550792.35,1276303566736.03,NA,10833,101135,797,33975,10140,"2071102",NA
2025-03-04,60.5092,9.1723,1741046400000,2822210600612.19,174173054036.15,1051402981865.43,103653060194,643407814205.65,1114513930560.54,NA,10827,101253,797,33986,10142,"2072542",NA
2025-03-05,60.316,9.1255,1741132800000,2868032589798.71,167966722251.23,1092407851463.26,99987077109.3,686959615562.36,1138149428346.91,NA,10823,101208,797,34002,10151,"2073982",NA
2025-03-06,60.6374,9.1218,1741219200000,2963845654848.98,117722066115.9,726244808508.16,66979473533.55,433643018315.56,1166647481354.47,NA,10813,101284,799,34009,10157,"2075422",NA
2025-03-07,60.6268,9.026,1741305600000,2942575723599.91,112154884668.33,747061611754.51,64456321660.26,432066281757.03,1158585357672.67,NA,10802,101289,799,34020,10158,"2076862",NA
2025-03-08,60.4212,9.0677,1.741392e+12,2846132338534.98,141763100984.79,927273269434.58,75398936011.15,507098065592.77,1126463858505.25,NA,10794,101384,800,34031,10162,"2078302",NA
2025-03-09,60.3264,9.3746,1741478400000,2833093956356.32,57434908422.42,362552351880.38,39162748109.56,258049823192.6,1123989648384.62,NA,10784,101364,800,34037,10165,"2079742",NA
2025-03-10,60.3851,9.1795,1741564800000,2649816819071.97,84995818327.1,575049284037.53,53885243620.97,359931142218.52,1049721820626.38,NA,10775,101359,800,34038,10165,"2081182",NA
2025-03-11,60.9068,8.7747,1741651200000,2558936833651.42,141377442955.02,914619283310.04,87348005947.84,548122719812.74,1000371457705.14,NA,10767,101356,800,34050,10177,"2082622",NA
2025-03-12,61.3372,8.6438,1741737600000,2679998804426.44,139197309906.61,884784335239.38,84513751520.34,542209627517.65,1036161579758.34,NA,10729,101322,801,34055,10195,"2084062",NA
2025-03-13,61.2047,8.4879,1.741824e+12,2711966393587.14,104520277857.92,702631864915.9,64299890076.11,437091816332.95,1052116338715.96,NA,10689,101264,805,34061,10205,"2085502",NA
2025-03-14,60.7605,8.4883,1741910400000,2647509050533.26,91985857464.15,578384028855.76,60543746070.51,364004708076.97,1038869690554.03,NA,10677,101322,811,34079,10207,"2086942",NA
2025-03-15,60.9407,8.4278,1741996800000,2733771554175.94,78843180040.93,506952870420.03,49246673046.02,301808614209.2,1067793308999.4,NA,10661,101325,811,34085,10208,"2088382",NA
2025-03-16,60.6177,8.465,1742083200000,2760351361704.98,48616098191.6,305087600128.49,34978945309.76,226613676625.2,1087089936399.42,NA,10644,101278,811,34086,10211,"2089822",NA
2025-03-17,60.8226,8.4526,1742169600000,2693217623381.76,61942728952.92,433191581397.99,40630564995.42,277489367544.95,1055133416969.03,NA,10615,101238,811,34091,10212,"2091262",NA
2025-03-18,60.737,8.4654,1.742256e+12,2745435274756.97,72841625966.58,470608959680.17,47905203649.86,299950109304.88,1077939474498.68,NA,10594,101956,811,34099,10213,"2092702",NA
2025-03-19,60.5108,8.5947,1742342400000,2711707476050.95,71974205496.23,466535454620.24,47839381097.97,294688290068.75,1070832064575.01,NA,10572,102220,811,34108,10217,"2094139",NA
2025-03-20,60.6417,8.7341,1742428800000,2842050798568.89,101927386774.99,650769744487.15,67132977712.64,425531006208.25,1118582468351.7,NA,10558,102564,813,34121,10222,"2095579",NA
2025-03-21,60.4843,8.6603,1742515200000,2760879877591.82,80447534922.29,515512159860.75,51455367609.15,296195341878.5,1090979678332.57,NA,10552,102713,813,34132,10229,"2097019",NA
2025-03-22,60.6251,8.619,1742601600000,2750368289836.87,63264973923.65,397560668652.2,44220739684.06,258095084400.22,1082955139200.79,NA,10538,102805,813,34143,10238,"2098459",NA
2025-03-23,60.4789,8.6856,1.742688e+12,2750136299498.24,42190220694.49,255415158746.04,32326999915.53,200130227469.16,1086884690680.15,NA,10519,102788,813,34144,10240,"2099899",NA
2025-03-24,60.8461,8.624,1742774400000,2805913365720.63,50244017968.01,307654499269.06,37616200360.35,218546211162.68,1098625315856.38,NA,10500,102745,813,34146,10241,"2101339",NA
2025-03-25,60.6446,8.7645,1742860800000,2863279147575.78,88560197889.71,550017026209.38,54119711436.34,338173220738.34,1126856048708.19,NA,10503,103019,814,34160,10246,"2102779",NA
2025-03-26,60.5263,8.6988,1742947200000,2867131763166.54,77205197848.88,471430942001.32,47230124571.07,290520089777.43,1131763414654.99,NA,10495,103055,814,34172,10253,"2104219",NA
2025-03-27,60.8286,8.5508,1743033600000,2834782213887.99,78152467350.18,503163948483.6,51221621218.06,318354093971.85,1110424409532.04,NA,10485,103508,814,34187,10258,"2105659",NA
2025-03-28,60.8118,8.4917,1.74312e+12,2845132366870.99,73445897846.59,449280217983.58,49023616969.92,281143366010.37,1114956115852.46,NA,10478,103370,817,34194,10259,"2107099",NA
2025-03-29,61.0687,8.3436,1743206400000,2741206846571.8,92252224980.42,560005414990.6,58111017608.69,340445259963.24,1067187779185.32,NA,10467,103479,817,34199,10260,"2108539",NA
2025-03-30,61.2697,8.2407,1743292800000,2675468576833.92,59166242655.19,411052145129,42191887962.23,278688280328.47,1036217440154.67,NA,10451,103465,817,34200,10260,"2109979",NA
2025-03-31,61.3103,8.178,1743379200000,2665255723028.77,49336236680.84,352418729989.18,34585646988.29,242422927699.71,1031180730866.5,NA,10435,103437,817,34202,10271,"2111419",NA
2025-04-01,61.4073,8.2455,1743465600000,2667542682341.72,80330493308.13,526553891362.78,51353137622.5,322637664411.64,1029475885112.53,NA,10426,103554,817,34208,10276,"2112859",NA
2025-04-02,61.6421,8.3841,1.743552e+12,2742142137874.53,77583995300.02,504959041546.63,49448599536.44,309896634776.47,1051829120736.28,NA,10421,103611,817,34218,10281,"2114299",NA
2025-04-03,61.9144,8.1904,1743638400000,2644295755496.96,119528382473.49,734145099953.55,71977606974.93,420331921921.18,1007097074837.57,NA,10421,103695,817,34225,10285,"2115739",NA
2025-04-04,61.9644,8.231,1743724800000,2662216496096.46,95277013760.04,569108607904.2,58395115155.67,338706959401.72,1012589353181.18,NA,10422,104042,819,34234,10295,"2117179",NA
2025-04-05,61.9603,8.1562,1743811200000,2685795066701.58,104369755311.03,707013922917.65,59208045062.36,387523632528.7,1021669697614.57,NA,10422,104016,819,34237,10300,"2118619",NA
2025-04-06,61.9717,8.1491,1743897600000,2674309952996.06,43141876234.49,283543514150.96,28775376469.89,184550768944.72,1016995112378.23,NA,10406,103929,819,34239,10300,"2120059",NA
2025-04-07,62.5001,7.6602,1.743984e+12,2485869405665.09,94826732931.77,643683463303.82,58551584519.99,405565768900.69,932198533020.54,NA,10398,103919,819,34243,10302,"2121499",NA
2025-04-08,62.7009,7.4793,1744070400000,2506456117484.03,206668712171.19,1283516178184.01,115387678427.01,750975256504.79,934885843043.09,NA,10377,104655,819,34245,10306,"2122939",NA
2025-04-09,62.5291,7.3388,1744156800000,2420957450085.37,110196076629.14,714374229210.63,61973424820.44,428240688173.72,907155337758.67,NA,10376,104795,820,34255,10311,"2124379",NA
2025-04-10,62.3915,7.665,1744243200000,2626946878705.57,178875382658.79,1113351018027.33,94838748291.95,651326628689.14,987955597425.25,NA,10375,104853,820,34263,10317,"2125819",NA
2025-04-11,62.3548,7.2496,1744329600000,2533574147525.09,104565632309.52,705482344853.64,59848924608.13,434078153147.17,953769955042.25,NA,10006,100653,819,34269,10323,"2127259",NA
2025-04-12,62.8249,7.1752,1.744416e+12,2635035024204.48,92244811444.01,639777005928.85,50618245570.77,361317883213.69,979578221222.15,NA,9988,100917,818,34274,10324,"2128699",NA
2025-04-13,62.4635,7.3197,1744502400000,2710025730557.76,71748018243.3,505040749128.23,47453346151.78,341657441303.73,1017248879153.63,NA,9974,100971,818,34275,10325,"2130139",NA
2025-04-14,62.6569,7.2673,1744588800000,2651914257272.77,78157302792.06,566527910476.76,49293716477.37,366021304243.94,990306699517.62,NA,9954,100913,818,34276,10327,"2131579",NA
2025-04-15,62.8196,7.331,1744675200000,2671852379559.01,86678407608.93,615065402666.49,52606485150.59,394677697445.15,993405170613.59,NA,9937,100825,818,34288,10329,"2133019",NA
2025-04-16,62.9578,7.2698,1744761600000,2637947431994.9,73697600984.96,503574889975.43,45651652774.75,311404151150.46,977153699477.37,NA,9935,100455,807,34300,10335,"2134459",NA
2025-04-17,63.0587,7.1977,1.744848e+12,2645449093617.8,80926101688.44,569586228702.02,51679835785.11,359160041247.13,977262983311.13,NA,9892,100336,811,34312,10336,"2135899",NA
2025-04-18,63.1502,7.1563,1744934400000,2669373250053.47,63159296202.41,429697279227.19,41522511345.98,277614046138.01,983658674659.41,NA,9880,100468,811,34321,10336,"2137339",NA
2025-04-19,62.9509,7.2005,1745020800000,2663370088681.14,44678551821.39,269340126678.82,31950542672.77,202016895561.21,986754339316.78,NA,9881,100641,812,34325,10341,"2138779",NA
2025-04-20,62.7918,7.2386,1745107200000,2689723413368.2,45722679255.57,289038557427.2,30538102536,203496036592.98,1000798659046.35,NA,9860,100604,812,34326,10345,"2140219",NA
2025-04-21,62.9429,7.1321,1745193600000,2686531790539.74,48855810605.29,339369416277.37,34225918884.33,244756081915.9,995551232606.95,NA,9846,100219,812,34327,10350,"2141659",NA
2025-04-22,63.5284,6.9713,1.74528e+12,2735184068666.69,91989075518.69,618895794688.12,50580180103.63,349835027972.69,997564152456.06,NA,9844,100269,813,34333,10357,"2143099",NA
2025-04-23,63.634,7.2742,1745366400000,2915705611165.02,123404933206.55,783458297614.13,67516560238.73,454573368215.3,1060325381660.13,NA,9843,100480,813,34343,10358,"2144539",NA
2025-04-24,63.4725,7.3969,1745452800000,2931025902543.43,117181690985.54,745737169164.65,75421611643.68,486124770718.83,1070630451193.91,NA,9826,100653,811,34348,10363,"2145979",NA
2025-04-25,63.4587,7.267,1745539200000,2940262416387.24,91245031507.94,568841961799.43,59707798840.04,376726698322.48,1074409383208.17,NA,9825,100674,810,34363,10366,"2147419",NA
2025-04-26,63.539,7.2859,1745625600000,2959859067146.07,106549580116.03,637488592910.28,65609743015.77,402001925476.74,1079193710003.17,NA,9827,100808,808,34370,10367,"2148859",NA
2025-04-27,63.3053,7.4077,1.745712e+12,2969192395640.96,65632317925.63,396058656013.47,48022461962.69,296998919791.46,1089536160148.97,NA,9828,100931,808,34372,10369,"2150299",NA
2025-04-28,63.3001,7.3555,1745798400000,2941512672805.8,60650412067.82,375036953035.26,42557476380.94,266943456772.95,1079530975140.85,NA,9822,100445,808,34372,10369,"2151739",NA
2025-04-29,63.4169,7.3022,1745884800000,2975175235909.15,92205023614.91,614066095788.7,59849053491.03,382035358685.44,1088411394775.2,NA,9834,100683,809,34387,10370,"2153179",NA
2025-04-30,63.4611,7.3616,1745971200000,2950185417932.73,77052797594.85,499632810633.22,50616856809.44,317765705156.16,1077965427108.69,NA,9838,100856,809,34400,10375,"2154619",NA
2025-05-01,63.5229,7.3548,1746057600000,2944967064868.37,79492511052.04,515392619292.21,51146110157.44,321983883184.98,1074239870216.32,NA,9816,101143,813,34406,10380,"2156059",NA
2025-05-02,63.7525,7.3866,1.746144e+12,3005742722444.4,82928583117.08,513414091261.23,50051694887.49,299468082497.52,1089507748852.78,NA,9814,101246,813,34414,10384,"2157499",NA
2025-05-03,63.8073,7.3763,1746230400000,3016087433285.38,71226465132.69,435124473799.14,44800154208.33,266027752571.59,1091603290380.91,NA,9811,101332,813,34424,10385,"2158939",NA
2025-05-04,63.8639,7.4258,1746316800000,2981403745766.67,48550366119.12,298317406789.09,32777349701.65,203729454007.97,1077363836615.89,NA,9800,101334,813,34425,10385,"2160379",NA
2025-05-05,63.8009,7.4384,1746403200000,2935729267530.39,51135034066.92,326497140293.66,32936340314.19,210593195549.91,1062708781776.18,NA,9791,101277,813,34426,10387,"2161819",NA
2025-05-06,63.849,7.455,1746489600000,2947183238128.65,67273959173.21,451785242778.82,41561618594.12,271414037702.2,1065435551575.95,NA,9787,101185,813,34433,10390,"2163259",NA
2025-05-07,64.3098,7.3323,1.746576e+12,2989982517103.93,73774396334.84,500905260171.24,47204087618.26,311349110025.68,1067131702147.49,NA,9790,101183,814,34445,10391,"2164699",NA
2025-05-08,64.383,7.3063,1746662400000,2993482192419.78,124043409424.15,574452417543.31,47052233850.61,312760624634.29,1066189889224.29,NA,9778,101146,814,34447,10397,"2166139",NA
2025-05-09,63.5161,8.2517,1746748800000,3228661003151.7,162228657312.15,986670772121.77,92342339555.4,611586742310.06,1177941738303.48,NA,9786,101541,815,34457,10399,"2167579",NA
2025-05-10,62.6355,8.672,1746835200000,3265491894823.65,174637758130.18,977797069930.24,115976408376.59,735279536380.48,1220134865022.81,NA,9794,101810,815,34469,10406,"2169019",NA
2025-05-11,61.7123,9.2496,1746921600000,3371555312987.71,131504788923.11,735324157665.24,89197913090.73,583839180912.26,1290891036607.27,NA,9796,101916,815,34472,10409,"2170459",NA
2025-05-12,62.1463,9.1151,1.747008e+12,3327829196151.48,129065852332.33,723750891688.11,82832452621.4,529766285110.26,1259705245505.07,NA,9801,101910,815,34473,10415,"2171899",NA
2025-05-13,61.5968,9.0897,1747094400000,3315483887226.43,180686917309.45,1024440275574.34,117131245106.74,710546954240.04,1273250254386.98,NA,9809,102063,815,34486,10419,"2173339",NA
2025-05-14,61.127,9.5594,1747180800000,3384993704659.26,148864262004.06,839443014413.41,96235362520.13,612592464005.67,1315849139627.94,NA,9803,101663,815,34505,10420,"2174779",NA
2025-05-15,61.5572,9.4312,1747267200000,3341132865123.04,127575048510.14,703412837616.37,81235151215.25,520200846939.73,1284423477586.33,NA,9806,101703,815,34515,10425,NA,"2176221"
2025-05-16,62.3222,9.3008,1747353600000,3306851935866.14,133125570906.25,801234690270.79,82672110076.82,561185018581.77,1245950501965.22,NA,9804,101888,816,34528,10429,NA,"2177665"
2025-05-17,62.3721,9.2923,1.74744e+12,3296202571544.31,109018019744.93,585662393593.51,64661638203.78,410601245937.51,1240293317324.77,NA,9807,102008,818,34540,10433,NA,"2179105"
2025-05-18,62.6841,9.1412,1747526400000,3269729880656.18,93708649277.6,498330418748.69,55807538867.72,361258894852.72,1220130450129.52,NA,9797,101973,818,34542,10436,NA,"2180545"
2025-05-19,62.8405,8.9644,1747612800000,3365862234590.21,122440977924.21,715505002458.5,72537741204.36,487987441489.21,1250738291473.49,NA,9764,101847,818,34544,10437,NA,"2181985"
2025-05-20,62.9163,9.1547,1747699200000,3334929360512.02,138337288635.66,836770820206.28,76137954583.34,509447716221.14,1236716495660.37,NA,9771,101860,818,34553,10441,NA,"2183425"
2025-05-21,63.1336,9.0662,1747785600000,3361605784601.77,107062008254.79,732533254497.17,69970445147.86,452321225926.41,1239303479302.14,NA,9771,102209,820,34572,10448,NA,"2184865"
2025-05-22,63.3104,8.9531,1.747872e+12,3441643763241.35,172915877576.77,1103591737216.84,94873779253.85,629910725052.41,1262724130345.09,NA,9762,102425,820,34578,10456,NA,"2186305"
2025-05-23,63.0212,9.1351,1747958400000,3521198923414.85,163241461699.66,869248900518.21,93146020731.78,535150807477.68,1302095423004.72,NA,9750,102732,820,34586,10458,NA,"2187745"
2025-05-24,63.1658,9.0364,1748044800000,3375353066586.07,172245079173.61,984257441840.15,104625549521.48,637526707131.81,1243284990671.99,NA,9757,103071,820,34595,10461,NA,"2189185"
2025-05-25,63.1047,9.0009,1748131200000,3394107202665.36,95962508702.49,484570669607.33,50049143937.22,273219225926.98,1252264358541.7,NA,9752,103092,820,34595,10462,NA,"2190625"
2025-05-26,63.2434,8.9935,1748217600000,3425272030195.48,103453439172.3,545557172746.2,55958132775.48,328346840637.17,1259012474579.25,NA,9750,103106,820,34596,10462,NA,"2192065"
2025-05-27,63.4069,9.0259,1.748304e+12,3429916633449.51,103370553748.48,525438356844.49,57837390665.49,315950895069.76,1255112024067.08,NA,9760,103138,820,34606,10463,NA,"2193505"
2025-05-28,62.929,9.3403,1748390400000,3441420258700.16,132560042498.69,743136272758.65,75098340468.63,453052763881.92,1275769454567.64,NA,9783,103168,820,34627,10468,NA,"2194945"
2025-05-29,62.7853,9.4901,1748476800000,3411688276306.9,116705882803.11,582047226987.88,67559980431.38,372988057842.46,1269648383120.69,NA,9772,102990,820,34645,10472,NA,"2196385"
2025-05-30,62.7573,9.5025,1748563200000,3344158837150.71,135572077211.01,806470030662.38,130179725744.19,540236665490.57,1245455030607.32,NA,9765,102740,821,34662,10476,NA,"2197825"
2025-05-31,63.4427,9.3776,1748649600000,3257644725323.91,150209766209.61,783929413492.8,92525199773.58,514772977321.14,1190905958195.8,NA,9770,103618,822,34666,10480,NA,"2199265"
2025-06-01,63.4887,9.3219,1.748736e+12,3275399283271.81,102369694163.04,474035174995.49,63351722923.08,328225599318.43,1195889616897.5,NA,9754,103601,822,34666,10481,NA,"2200705"
2025-06-02,63.5764,9.2758,1748822400000,3302646623160.53,88111607455.88,409104018086.67,50713547524.38,276997287198.09,1202944041649.97,NA,9746,103527,822,34668,10489,NA,"2202145"
2025-06-03,63.3375,9.4744,1748908800000,3322372941727.33,105318828902.31,542796340143.11,59526407922.58,340762972775.89,1218063759838.78,NA,9752,103548,821,34677,10493,NA,"2203585"
2025-06-04,63.2486,9.4522,1748995200000,3313020619377.92,111737129534.39,572911794770.49,65548340875.12,375702858983.69,1217582629254.74,NA,9760,103694,821,34693,10493,NA,"2205025"
2025-06-05,63.2642,9.57,1749081600000,3290728491343.64,104637725601.77,533606534661.64,60109235920.72,356285193805.77,1208873966326.18,NA,9748,103716,821,34709,10497,NA,"2206465"
2025-06-06,63.6527,9.1974,1.749168e+12,3171640219646.37,137030274449.34,809540803256.08,79988792885.3,507901454180.02,1152806842386.09,NA,9732,103692,821,34724,10500,NA,"2207905"
2025-06-07,63.825,9.201,1749254400000,3250773613241.06,111686175096.3,586459577250.44,62815767679.8,360576607702.37,1175967762511.72,NA,9735,103796,821,34740,10502,NA,"2209345"
2025-06-08,63.7146,9.2555,1749340800000,3295079839234.35,85348922273.22,372185026750.25,46977539342.63,243347874109.33,1195631825502.54,NA,9728,103802,821,34741,10502,NA,"2210785"
2025-06-09,63.6821,9.18,1749427200000,3301947743973.64,89177750002.44,379405777411.24,52488880918.64,254554149766.01,1199196697614.09,NA,9722,103863,821,34742,10502,NA,"2212225"
2025-06-10,63.7291,9.4093,1749513600000,3440137021406.84,122300615404.95,671429623959.14,65896816837.33,395625184414.08,1247769844464.42,NA,9710,103930,822,34753,10507,NA,"2213665"
2025-06-11,63.1665,9.7923,1.7496e+12,3469534860205.16,144905293680.9,793735533655.14,89723688714.25,561253512769.62,1277950461946.33,NA,9714,104110,823,34763,10512,NA,"2215105"
2025-06-12,63.2249,9.7976,1749686400000,3417060495421.26,133670615315.03,737451911216.44,82853353649.74,526540972274.33,1256625778940.98,NA,9690,104089,824,34778,10514,NA,"2216545"
2025-06-13,63.4355,9.6392,1749772800000,3316178396809.45,127160863010.93,728632570616.42,72381040791,471129351260.58,1212543909917.1,NA,9686,104066,824,34794,10518,NA,"2217985"
2025-06-14,63.8481,9.4273,1749859200000,3303513358182.01,167117046235.32,936746126628.1,97581642750,617697752322.52,1194283064489.16,NA,9666,104118,824,34800,10523,NA,"2219425"
2025-06-15,64.0106,9.3358,1749945600000,3275383864728.55,82538151594.87,405837268384.28,44522183697.8,277176805968.09,1178789747839.1,NA,9663,104146,824,34800,10524,NA,"2220865"
2025-06-16,63.8318,9.3548,1.750032e+12,3287463042469.71,81507637580.79,406954446239.62,44745424305.3,281659673541.39,1189016599171.4,NA,9660,104092,824,34801,10526,NA,"2222305"
2025-06-17,64.0365,9.2548,1750118400000,3315140978188.43,123693969818.42,684999057920.05,73336900805.76,456016821704.55,1192242241164.08,NA,9661,104103,824,34810,10533,NA,"2223745"
2025-06-18,63.9744,9.3252,1750204800000,3250011514831.32,132023219344.45,777712207213.76,75559965283.72,488892267902.07,1170835696973.01,NA,9658,103978,822,34825,10537,NA,"2225185"
2025-06-19,64.019,9.3568,1750291200000,3257429809184.11,110796480712.41,638616245167.82,63506366689.24,411242102871.21,1172056628666.61,NA,9654,103971,823,34833,10542,NA,"2226625"
2025-06-20,63.9933,9.36,1750377600000,3252118162853.55,84905800849.17,427088058474.82,47562672624.13,290817079684.99,1170979390617.61,NA,9618,103831,825,34843,10545,NA,"2228065"
2025-06-21,64.3162,9.0988,1.750464e+12,3193619333281.39,115295735404.15,690224532968.41,64321784381.6,435023991446.14,1139605327243.48,NA,9646,103936,826,34877,10547,NA,"2229505"
2025-06-22,64.7368,8.8384,1750550400000,3138352601451.89,92339334420.25,517335144148.96,54019174202.07,359510530669.53,1106683221284.59,NA,9631,103990,826,34879,10548,NA,"2230945"
2025-06-23,64.9398,8.6998,1750636800000,3092059833701.08,144566501365.38,876919331232.98,79029544805.84,531143995862.32,1084082519657.35,NA,9596,103912,826,34879,10551,NA,"2232385"
2025-06-24,64.5104,8.975,1750723200000,3251422984478.75,145370532299.99,888800151026.27,80156720636.85,534875325131.75,1153915450067.79,NA,9595,103879,826,34890,10556,NA,"2233825"
2025-06-25,64.4476,9.0347,1750809600000,3272564487406.99,115907633538.93,624111665312.73,67062971620.28,412336645931.53,1163476798190.03,NA,9580,104138,828,34902,10561,NA,"2235265"
2025-06-26,64.9175,8.8802,1.750896e+12,3288731370968.22,109154726645.23,582301063341.98,57506871523.95,359170339706.89,1153768970957.6,NA,9580,104150,828,34911,10563,NA,"2236705"
2025-06-27,65.1177,8.9298,1750982400000,3266323067177.36,102512696862.55,550565991470.83,58617674876.58,375386377231.26,1139370227427.34,NA,9555,104228,828,34918,10566,NA,"2238145"
2025-06-28,64.9492,8.9248,1751068800000,3278624909730.19,97131729846.71,497398414035.44,51783621719.74,320450139855.16,1149183049890.09,NA,9556,104393,828,34931,10572,NA,"2239585"
2025-06-29,64.7124,8.9207,1751155200000,3297877117822.64,66379128693.18,279884357373.29,36342957779.63,204267207038.86,1163743066480.87,NA,9544,104368,828,34931,10573,NA,"2241025"
2025-06-30,64.5198,9.0368,1751241600000,3340390617686.81,79213143423.58,391855632515.99,43660864759.75,265473971805.56,1185177569262.59,NA,9528,104277,828,34934,10576,NA,"2242465"
2025-07-01,64.3824,9.0703,1.751328e+12,3309726866995,102305812622.83,552987162821.83,59768139574.24,379258179871.27,1178845681110.36,NA,9508,104186,829,34939,10581,NA,"2243905"
2025-07-02,64.6941,8.9384,1751414400000,3249064580818.2,97853901270.09,514089512545.66,53811163825.41,333435658934.72,1147109917177.09,NA,9515,104083,830,35016,10587,NA,"2245345"
2025-07-03,64.4382,9.2382,1751500800000,3359230686524.17,127746350750.45,720644545720.82,71500639323.35,466666965898.65,1194604503836.25,NA,9502,104171,830,35059,10590,NA,"2246785"
2025-07-04,64.4485,9.2455,1751587200000,3383128377207.79,116401514233,630780249669.34,65912570914.07,411727187089.38,1202752551840.41,NA,9500,104226,830,35093,10598,NA,"2248225"
2025-07-05,64.6629,9.1142,1751673600000,3322183505343.47,97314083570.83,556336444914.41,54707140279.84,366728191206.28,1173964880526.67,NA,9511,104320,829,35133,10604,NA,"2249665"
2025-07-06,64.6551,9.1275,1.75176e+12,3329243611099.58,65679146413.27,291386938914.7,35064689199.98,210519770683.42,1176718400791.71,NA,9504,104340,829,35135,10604,NA,"2251105"
2025-07-07,64.486,9.2134,1751846400000,3368903740745.58,82101595211.89,423359299614.29,45813369722.16,296539764776.72,1196432472712.21,NA,9484,104100,829,35169,10607,NA,"2252545"
2025-07-08,64.4749,9.189,1751932800000,3340490469840.17,101182692207.58,544023976718.28,55764484413.34,350064608465.26,1186712659110.31,NA,9492,104173,829,35201,10616,NA,"2253985"
2025-07-09,64.2632,9.3632,1752019200000,3372141459977.23,99809526761.02,527010107278.46,56035658153.97,343356695895.09,1205096162295.7,NA,9503,104208,829,35228,10626,NA,"2255425"
2025-07-10,63.9403,9.6587,1752105600000,3462715757240.17,134210140295.09,786115402256.99,76296087596.89,503370022627.22,1248645269979.66,NA,9482,104059,828,35238,10633,NA,"2256865"
2025-07-11,63.8418,9.8639,1.752192e+12,3613640884854.91,193145116248.24,1018817338313.56,97225796859,631168881220.19,1306629291502.13,NA,9477,104379,831,35245,10636,NA,"2258305"
2025-07-12,63.7757,9.742,1752278400000,3665570910840.58,215901360946.25,1142148232213.66,129488574270.07,765266868285.62,1327826391037.82,NA,9474,104579,831,35265,10642,NA,"2259745"
2025-07-13,63.8392,9.7087,1752364800000,3659383301005.78,120693905188.58,570700130512.98,75182491884.79,419746657370.67,1323262354393.94,NA,9474,104628,831,35269,10643,NA,"2261185"
2025-07-14,63.7605,9.6578,1752451200000,3716211159114.99,122706827701.24,612887194895.71,73650409770.81,418858875824.19,1346736387703.65,NA,9471,104587,831,35271,10647,NA,"2262625"
2025-07-15,63.6484,9.7121,1752537600000,3745815779140.9,297063806487.85,1151683870965.04,115313177975.65,644517653399.05,1361665540624.61,NA,9367,104772,831,35286,10651,NA,"2264065"
2025-07-16,62.8844,10.1732,1.752624e+12,3725825731262.98,209240262381.13,1161476954026.99,111543374925.33,690167398824.03,1382862916858.89,NA,9376,105015,833,35303,10670,NA,"2265505"
2025-07-17,62.1934,10.7186,1752710400000,3797747452611.02,195654443892.18,1034594180027.64,124066736487.33,742330131523.38,1435798500466.77,NA,9386,105239,833,35314,10671,NA,"2266945"
2025-07-18,61.3959,10.8601,1752796800000,3864463609209.33,202847137744.3,1150201338589.79,142609169406.75,860454480325.53,1491839980530.77,NA,9401,105528,834,35335,10676,NA,"2268385"
2025-07-19,61.0259,11.1352,1752883200000,3846761518959.17,245507308899.42,1267047165944.85,167560692384.98,976743797726.82,1499242129565.12,NA,9407,105481,834,35349,10678,NA,"2269825"
2025-07-20,60.7821,11.2424,1752969600000,3859940982598.73,131641583294.34,599152483958.67,84080763590.84,469474840693.78,1513788346188.32,NA,9403,105516,834,35350,10683,NA,"2271265"
2025-07-21,59.9782,11.6609,1.753056e+12,3891487437183.71,179671114337.25,904662694493.56,122192646171.2,732653530081.11,1557444499790.32,NA,9404,105472,833,35355,10685,NA,"2272705"
2025-07-22,59.6801,11.6043,1753142400000,3914541031797.71,203672233598.52,1046807548224.45,133853573304.46,784306102952.89,1578339021405.89,NA,9423,105604,834,35373,10690,NA,"2274145"
2025-07-23,60.0532,11.3829,1753228800000,3975636632856.58,219490951729.3,1159352581564.22,140279374309.17,847394866014.75,1588140800559.45,NA,9433,105481,833,35388,10694,NA,"2275585"
2025-07-24,61.0286,11.3144,1753315200000,3872291607259.01,206846395648.84,1109535776763.79,140245207635.96,842924430791.57,1509084517898.72,NA,9455,105917,836,35408,10703,NA,"2277025"
2025-07-25,61.006,11.5931,1753401600000,3860448257469.04,202459763682.83,1148892332890.86,129837713034.37,874543619663.52,1505344259784.03,NA,9454,106001,836,35412,10708,NA,"2278465"
2025-07-26,60.5837,11.6435,1.753488e+12,3863480415856.83,224610104100.87,1208059027901.79,119743523988.8,742476737139.51,1522840890910.37,NA,9462,106152,835,35425,10767,NA,"2279905"
2025-07-27,60.5204,11.6471,1753574400000,3877931493684.97,123026511607.07,554593671653.47,74520582503.83,413136553214.74,1530991330438.01,NA,9461,106173,835,35427,10772,NA,"2281345"
2025-07-28,60.1961,11.8462,1753660800000,3948544615623.41,140164426843.02,687704300156.9,85484177807.76,508952674980.76,1571672842488.61,NA,9457,106067,835,35430,10775,NA,"2282785"
2025-07-29,60.6019,11.8165,1753747200000,3873826505516.51,175973832451.87,921874529560.08,110632039949.14,687233281609.94,1526214194187.31,NA,9469,106134,834,35448,10779,NA,"2284225"
2025-07-30,60.6566,11.8368,1753833600000,3868437749046.61,172177478755.85,943179827258.69,103721382260.09,690343577946.66,1521974726811.33,NA,9472,106328,835,35456,10781,NA,"2285665"
2025-07-31,60.7898,11.9188,1.75392e+12,3857231591412.11,169988516378.55,902566334837.33,101146216511.82,633883665507.87,1512427254303.26,NA,9483,106611,834,35469,10789,NA,"2287105"
2025-08-01,60.9352,11.8055,1754006400000,3780087321041.26,163829760262.55,816601757760.95,94482366559.79,572821303335.89,1476682189118.96,NA,9479,106726,834,35482,10795,NA,"2288545"
2025-08-02,61.2459,11.4356,1754092800000,3681223544371.78,211187714740.87,1169571307994.42,119902780036.17,803881440022.87,1426625440756.88,NA,9483,106779,834,35496,10796,NA,"2289985"
2025-08-03,61.728,11.2892,1754179200000,3627818740391.8,134865563143.77,691658197001.11,77977523889.97,508215697142.05,1388437840077.79,NA,9480,106639,836,35498,10801,NA,"2291425"
2025-08-04,61.3709,11.3979,1754265600000,3703975645932.46,106538229871.39,501117831301.47,58443722704.05,362781302553.25,1430814193078.16,NA,9476,106555,836,35499,10801,NA,"2292865"
2025-08-05,60.6389,11.8898,1.754352e+12,3776771547549.3,118300822841.16,672132068612.65,82518763809.24,517305860660.29,1486578070784.63,NA,9470,106438,837,35510,10804,NA,"2294305"
2025-08-06,61.0555,11.7192,1754438400000,3720352203083.95,146666065520.78,771656012591.23,85655518858.86,556466511283.82,1448872205022.5,NA,9471,106653,837,35520,10806,NA,"2295745"
2025-08-07,60.886,11.8267,1754524800000,3759963070600.88,129620515189.43,640965127271.46,73255990483.75,454260200134.08,1470671622557.68,NA,9468,106796,837,35538,10813,NA,"2297185"
2025-08-08,60.2129,12.161,1754611200000,3884377153423.13,163260312499.02,837943053749.9,99186953511.04,603990557082.81,1545479287426.97,NA,9470,106755,839,35551,10833,NA,"2298625"
2025-08-09,59.7298,12.4473,1754697600000,3888254278468.31,174127637251.13,967718158315.42,114411953388.65,784790609759.29,1565806033275.25,NA,9481,106967,839,35567,10835,NA,"2300065"
2025-08-10,59.0473,13.1048,1.754784e+12,3927105101686.92,157916204287.68,803718703415.7,103938952069.62,642138948340.91,1608257003250.11,NA,9480,107061,839,35570,10837,NA,"2301505"
2025-08-11,59.6591,12.8977,1754870400000,3980340328098.71,161383807766.26,792707219465.08,96621110512.61,564770683310.94,1605703954127.4,NA,9463,106918,839,35573,10838,NA,"2302945"
2025-08-12,59.9163,12.9348,1754956800000,3943808853058.7,214864335667.67,1110678857336.74,124342774082.3,751541698510.64,1580823185708.84,NA,9477,106970,838,35609,10841,NA,"2304385"
2025-08-13,58.9044,13.6472,1755043200000,4060031322321.97,208784679151.96,1054836920314.03,135462037664.03,805484661277.16,1668493664461.08,NA,9490,107156,838,35622,10848,NA,"2305825"
2025-08-14,58.8472,13.7515,1755129600000,4172149391652.69,244520534392.06,1228390727658.94,153637530503.26,884137110436.54,1716955637075.87,NA,9504,107297,840,35641,10851,NA,"2307265"
2025-08-15,58.8495,13.7145,1.755216e+12,4004132426774.25,287210632784.18,1480100545370.26,183243818265.6,1057469408059.57,1647720284896.85,NA,9506,107031,839,35651,10854,NA,"2308705"
2025-08-16,58.9661,13.5267,1755302400000,3963573258872.9,194058123381.58,970302906992.5,125964197758.62,734828456590.37,1626406897537.74,NA,9516,107162,842,35659,10862,NA,"2310145"
2025-08-17,58.8529,13.4438,1755388800000,3973562525362.8,120552947110.1,521410718679.41,72499303159.48,404768447379.85,1635004746271.23,NA,9522,107041,841,35663,10866,NA,"2311585"
2025-08-18,58.631,13.5415,1755475200000,3988427090708.63,127530322364.43,604702745058.22,81688229998.36,481315065678.98,1649973715281.75,NA,9517,106956,841,35664,10870,NA,"2313025"
2025-08-19,58.9897,13.2711,1755561600000,3923496984498.12,194164417238.39,972996855157.4,121392863163.42,718256801819.03,1609037727723,NA,9533,107045,842,35792,10874,NA,"2314465"
2025-08-20,59.3228,12.9863,1.755648e+12,3786913651750.15,189877271744.19,937574403556.29,117704430297.3,692030356800.22,1540409779694.6,NA,9538,107376,842,35804,10881,NA,"2315905"
2025-08-21,58.5738,13.4717,1755734400000,3884119772887.84,184546966061.63,928099480055.22,116026468997.03,701960058658.7,1609044015486.72,NA,9539,107390,842,35815,10886,NA,"2317345"
2025-08-22,58.7533,13.3807,1755820800000,3810520784548.13,147195334224.23,721589601624.64,89375881798.55,537782420129.86,1571714581695.2,NA,9544,107481,842,35828,10893,NA,"2318785"
2025-08-23,57.5895,14.4298,1755907200000,4040858970682.4,245748611645.15,1283896317099.4,164000367883.58,971318432476.68,1713749464694.14,NA,9541,107693,842,35836,10900,NA,"2320225"
2025-08-24,57.4676,14.4228,1755993600000,3997638084457.27,151380520201.56,681711516859.12,96727906802.79,525284266156.11,1700291379396.41,NA,9539,107737,842,35839,10904,NA,"2321665"
2025-08-25,57.1651,14.5985,1.75608e+12,3952051896250.28,200007749171.23,967120820331.82,126481484979.9,727687761884.53,1692855824671.2,NA,9534,107613,842,35840,10905,NA,"2323105"
2025-08-26,58.0185,13.9712,1756166400000,3779490353606.92,230429510799.95,1169347657374.22,144675635298.96,845125783968.83,1586686279442.06,NA,9526,107312,840,35855,10909,NA,"2324545"
2025-08-27,57.4464,14.3312,1756252800000,3875088960828.19,188281805222.04,905957842082.77,118877666150.15,662208443805.16,1648989314908.32,NA,9526,106959,840,35868,10912,NA,"2325985"
2025-08-28,57.5426,14.1271,1756339200000,3849439690642.03,173365765044.11,856918486345.44,111386093016.06,648456084402.39,1634371818493.53,NA,9533,107139,841,35878,10912,NA,"2327425"
2025-08-29,57.5132,13.9689,1756425600000,3897230544082.87,161840758401.64,762120782108.08,102501245404.03,574558478732.09,1655807233648.57,NA,9532,108310,845,35890,10923,NA,"2328865"
2025-08-30,57.3532,13.9829,1.756512e+12,3763781119268.45,199681440424.94,1016701064143.79,121851282143.6,731786041437.68,1605132159022.3,NA,9532,108498,846,35902,10928,NA,"2330305"
2025-08-31,57.3714,13.9798,1756598400000,3777244254407.55,120610489953.98,499846947182.91,69123396390.95,371320424052.7,1610187809128.68,NA,9526,108465,845,35904,10931,NA,"2331745"
2025-09-01,57.3442,14.0984,1756684800000,3758950865270.84,117896818454.78,534496828463.47,69899927047.63,395405645270.82,1603410478084.52,NA,9507,108375,845,35904,10934,NA,"2333185"
2025-09-02,57.8286,13.8426,1756771200000,3762088070214.27,173061948360.64,861948695546.88,106059872685.31,612863413041.28,1586523436313.49,NA,9511,108632,845,35912,10938,NA,"2334625"
2025-09-03,57.8243,13.6319,1756857600000,3830057403802.4,176584656133.48,913977006052.89,101779311152.81,618213698261.6,1615354606867.55,NA,9500,108702,846,35925,10940,NA,"2336065"
2025-09-04,57.6162,13.9122,1.756944e+12,3862052276812.46,149981002753.64,682456071584.59,88849059270.5,484134787754.7,1636885169362.97,NA,9582,108540,846,35938,10943,NA,"2337505"
2025-09-05,58.0284,13.6547,1757030400000,3800304306576.44,144858025339.47,728306007835.97,84739699042.64,516250460390.55,1595048982929.45,NA,9569,108839,847,35951,10948,NA,"2338945"
2025-09-06,57.8475,13.6459,1757116800000,3809690437352.44,163021076244.28,904050227465.66,102816208623.34,615396536364.63,1605881098794.77,NA,9542,108932,848,35957,10950,NA,"2340385"
2025-09-07,57.8583,13.597,1757203200000,3794143819617.98,77185980961.78,389794484066.11,55280883482.16,305809792587.67,1598915174772.28,NA,9536,108927,848,35958,10952,NA,"2341825"
2025-09-08,57.7037,13.5455,1757289600000,3836663835419.05,84794676622.46,425011635521.22,60186143510.29,326790946633.86,1622765011763.72,NA,9525,108896,847,35960,10953,NA,"2343265"
2025-09-09,57.5593,13.4075,1.757376e+12,3877964626711.72,140453607287.71,720095231762.88,100323869107.85,549183293147.18,1645833459041.56,NA,9523,109151,847,35970,10958,NA,"2344705"
2025-09-10,57.3952,13.439,1757462400000,3870761701942.21,151088280343.43,777136078906.31,105101391776.14,566045343193.23,1649131997510.85,NA,9508,109556,848,35984,10963,NA,"2346145"
2025-09-11,57.5844,13.3162,1757548800000,3942094066374.19,162162623480.29,812483133481.56,105842551176.25,571435086544.75,1672062326205.95,NA,9507,110100,848,36002,10964,NA,"2347585"
2025-09-12,57.4948,13.456,1757635200000,4001901923620.56,149620558090.15,776304531621.34,103938466446.77,571993984909.19,1701016203935.44,NA,9498,110162,848,36019,10968,NA,"2349025"
2025-09-13,56.8154,13.9814,1757721600000,4070516921201.28,173951302295.83,878387118300.21,119190746563.62,658894725715.73,1757834454147.83,NA,9513,110485,848,36033,10973,NA,"2350465"
2025-09-14,56.7359,13.8408,1.757808e+12,4071141488937.63,144149045856.46,675341676603.55,109602519971.08,562384881366.39,1761341289078.29,NA,9510,110580,848,36035,10973,NA,"2351905"
2025-09-15,57.0097,13.7976,1757894400000,4032044654711,129734731905.19,648485952947.21,96934979367.65,535228068083.63,1733390008632.16,NA,9483,110479,848,36036,10975,NA,"2353345"
2025-09-16,57.3892,13.635,1757980800000,4006446451887.87,170521375033.3,890626338422.92,117574451096.62,676289082791.14,1707179715291.2,NA,9485,110813,850,36048,11083,NA,"2354785"
2025-09-17,57.5188,13.4332,1758067200000,4046883226054.64,142237773441.32,711351182489.68,96944029250.63,526231724154.61,1719162570386.22,NA,9501,110953,850,36060,11100,NA,"2356225"
2025-09-18,56.9077,13.5961,1758153600000,4077209274237.12,188111014235.81,967462928002.2,127584818438.13,690978122001.28,1756964782919.34,NA,9496,111138,850,36071,11103,NA,"2357665"
2025-09-19,56.9472,13.5195,1.75824e+12,4097611382320.37,171555814979.4,759290900657.08,122100271799.95,556080561227.81,1764137543670.82,NA,9515,111310,850,36089,11123,NA,"2359105"
2025-09-20,57.2351,13.4008,1758326400000,4027179557845.82,137251023388.71,682224187502.36,98422566118.33,517021626557.67,1722219301372.9,NA,9525,111508,852,36098,11134,NA,"2360545"
2025-09-21,57.0694,13.3915,1758412800000,4040165764283.03,95684493569.95,393557313381.27,72822085601.37,318259714907.76,1734468049105.11,NA,9526,111550,852,36102,11140,NA,"2361985"
2025-09-22,57.1508,13.3623,1758499200000,4019479262530.72,104715579283.52,433589556754.54,82214784456.41,356408999755.35,1722315920302.79,NA,9524,111438,851,36105,11142,NA,"2363425"
2025-09-23,57.7248,13.034,1758585600000,3892285391346.74,235217896157.61,1083024909499.77,164561317292.61,797138506472.52,1645469909458.52,NA,9536,111625,850,36117,11146,NA,"2364865"
2025-09-24,57.719,13.0017,1.758672e+12,3866807940007.29,158534002973.27,739670910270.73,111368676479.11,540410234991.88,1634925996749.94,NA,9535,111777,850,36130,11153,NA,"2366305"
2025-09-25,57.8942,12.8532,1758758400000,3900714237081.73,156619241744.33,730208074727.9,108574663839.92,516473003885.82,1642427566629.09,NA,9533,111896,850,36137,11166,NA,"2367745"
2025-09-26,58.3411,12.5468,1758844800000,3724052157508.57,245740991618.15,1205074710190.9,170196480102.39,869218818139.04,1551399089201.74,NA,9524,111839,851,36141,11168,NA,"2369185"
2025-09-27,57.754,12.8694,1758931200000,3785100578979.93,188427990097.71,872832444255.26,130663879268.62,630170825676.09,1599054452690.11,NA,9531,112185,851,36144,11171,NA,"2370625"
2025-09-28,57.771,12.8223,1759017600000,3783381657744.54,100361144612.16,439463837901.94,74057438369,332819783269.62,1597683920141.51,NA,9519,112273,851,36145,11173,NA,"2372065"
2025-09-29,57.7738,12.9262,1.759104e+12,3868622810249.71,111808311929.34,600229101609.16,78432789952.01,399945672710.47,1633572392843.74,NA,9515,112193,851,36148,11176,NA,"2373505"
2025-09-30,58.0413,12.9607,1759190400000,3927591899491.65,177176921337.5,837578730182.13,117702341134.27,568651599262.83,1647965221011.95,NA,9518,112271,853,36162,11181,NA,"2374945"
2025-10-01,58.2793,12.8316,1759276800000,3899878206959.86,170101446884.8,828842154788.21,111137407921.96,557488497651.98,1627056054235.16,NA,9514,112439,853,36173,11186,NA,"2376385"
2025-10-02,58.313,12.9532,1759363200000,4054434829623.38,194134474126.99,976766777243.65,122774249357.95,623385126709.22,1690170878297.93,NA,9508,112430,853,36179,11187,NA,"2377825"
2025-10-03,57.9579,13.0578,1759449600000,4147788703177.12,204283433928.23,1023089597891.47,132408888463.71,680482930651.28,1743816652272.06,NA,9513,112388,853,36190,11191,NA,"2379265"
2025-10-04,58.0396,12.9805,1.759536e+12,4198276257821.33,217884525773.72,1071480803319.68,133956203110.02,676243100683.01,1761615022818.05,NA,9515,112601,853,36195,11204,NA,"2380705"
2025-10-05,58.4075,12.9725,1759622400000,4176964075761.32,118895585187.86,628701438399.91,82123372461.96,413106951008.66,1737304797499.49,NA,9513,112449,853,36197,11208,NA,"2382145"
2025-10-06,58.5459,12.9641,1759708800000,4203977685865.46,188382223415.84,961509588197.67,114693705056.07,570961625657.15,1742720651577.55,NA,9500,112280,853,36198,11212,NA,"2383585"
2025-10-07,58.1387,13.2302,1759795200000,4276096147344.24,203069961391.44,933811206072.66,130948426629.4,625689352212.11,1790029900067.38,NA,9512,112303,853,36214,11223,NA,"2385025"
2025-10-08,58.225,12.9241,1759881600000,4156729862708.31,232638702938,1108090878282.02,156471648923.5,756603806904.56,1736474593113.62,NA,9524,112525,856,36232,11232,NA,"2386465"
2025-10-09,58.2586,12.9491,1.759968e+12,4219881862458.85,193057155783.26,862629960869.75,127711272190.55,585995345603.63,1761436372042.95,NA,9521,112490,856,36248,11242,NA,"2387905"
2025-10-10,58.5943,12.7389,1760054400000,4140370931751.28,211711221331.15,996304292235.84,137055474726.7,669339610770.95,1714348043554.29,NA,9534,112671,856,36265,11252,NA,"2389345"
2025-10-11,60.1327,12.358,1760140800000,3749317655375.35,417331388487.48,1933999406472.07,264177768719.3,1290742529713.67,1494751205571.87,NA,9549,112919,857,36283,11256,NA,"2390785"
2025-10-12,59.8352,12.264,1760227200000,3691252258730.43,296052259501.3,1147513457300.22,185311179045.09,799722856667.95,1482585431506.73,NA,9544,113007,857,36285,11261,NA,"2392225"
2025-10-13,58.8017,12.8715,1760313600000,3902591403361.21,262597668722.59,1273330572493.9,168478077759.62,893460119330.07,1607801917477.47,NA,9537,112965,857,36286,11265,NA,"2393665"
2025-10-14,58.3302,13.0081,1.7604e+12,3939084414401.06,234109459252.65,1216405619865.75,162468902507.03,885943225699.84,1641409520148.39,NA,9527,112986,858,36296,11271,NA,"2395105"
2025-10-15,58.5948,12.9429,1760486400000,3847725242515.07,267487194252.09,1431708989861.2,175180424680.24,995716629722.69,1593158667669.66,NA,9512,113374,862,36303,11275,NA,"2396545"
2025-10-16,58.8506,12.8239,1760572800000,3752771974745.55,204264857004.22,979440028282.55,132164091843.67,694300623762.47,1544244342665.84,NA,9511,114262,868,36308,11279,NA,"2397985"
2025-10-17,58.8603,12.8292,1760659200000,3664296743180.6,222364951392.6,1091470596612.98,135065077740.61,723966557815.22,1507480969498.18,NA,9505,114717,869,36318,11289,NA,"2399425"
2025-10-18,58.9681,12.8512,1760745600000,3599873305696.44,245028901764.81,1191756339606.6,145326351131.86,775146332228.29,1477096979163.14,NA,9494,114853,872,36325,11300,NA,"2400865"
2025-10-19,58.7614,12.9101,1.760832e+12,3637138018596.93,110794138685.79,486671996152.99,73017615934.26,347991903365.29,1499903320229.98,NA,9480,114837,872,36325,11301,NA,"2402305"
2025-10-20,58.8992,12.7555,1760918400000,3678341634508.39,135742396996.42,680754560197.4,88092344160.25,467116605975.01,1511828940678.61,NA,9457,114572,873,36325,11306,NA,"2403745"
2025-10-21,58.9732,12.8511,1761004800000,3738741078709.74,169099320694.49,812838728382.21,105563519359.25,541842416106.05,1533885254666.62,NA,9453,114694,875,36338,11311,NA,"2405185"
2025-10-22,59.0672,12.7813,1761091200000,3660221077917.81,229137936282.69,1146771457707.05,127718251530.88,710070293926.28,1498230823146.38,NA,9441,114577,877,36347,11316,NA,"2406625"
2025-10-23,59.2247,12.6808,1761177600000,3623935438825.19,197278838912.11,941700030709.56,116479668347.04,600667569829.98,1477670600531.63,NA,9427,114650,877,36358,11335,NA,"2408065"
2025-10-24,59.268,12.5691,1.761264e+12,3703709473490.72,155527002516.8,739638295141.62,100976025210.24,495439734509.95,1508593730043.97,NA,9430,114739,876,36364,11339,NA,"2409505"
2025-10-25,59.1298,12.684,1761350400000,3744347471368.37,144348346916.44,713375544852.94,96542228905.3,489909332212.22,1530322914178.22,NA,9428,115060,877,36373,11347,NA,"2410945"
2025-10-26,59.086,12.6655,1761436800000,3767718805606.62,84273754265.55,407564937865.08,59559705306.77,305085360400.53,1541525142857.16,NA,9413,115058,877,36373,11353,NA,"2412385"
2025-10-27,58.9506,12.9573,1761523200000,3873674588309.92,123807275190.99,628588821348.8,82148486542.09,433389971394.71,1590120850319.8,NA,9397,114788,877,36376,11355,NA,"2413825"
2025-10-28,59.0789,12.9107,1761609600000,3851991443223.37,169984114696.53,822272561255.17,108241312018.76,574904875016.97,1576275674569.94,NA,9398,114768,878,36396,11363,NA,"2415265"
2025-10-29,59.3306,12.6602,1.761696e+12,3795223610355.91,172991008417.65,848416341320.13,108888824838.1,576425293019.63,1543493838059.66,NA,9416,115096,882,36412,11368,NA,"2416705"
2025-10-30,58.8832,12.6402,1761782400000,3727456158702.79,168775355737.64,912077986290.62,106613612819.51,588093468870.96,1532612293056.57,NA,9412,115402,884,36421,11371,NA,"2418145"
2025-10-31,59.2555,12.5981,1761868800000,3644635239380.09,186433740224.94,1031165513894.46,116764334225.81,659220826342.93,1484989243319.39,NA,9380,114950,884,36436,11376,NA,"2419585"
2025-11-01,59.2483,12.5917,1761955200000,3687696202680.25,162383279578.24,795584063682.16,102295013212.36,509423611964.94,1502798552452.97,NA,9386,115369,888,36449,11385,NA,"2421025"
2025-11-02,59.2036,12.6108,1762041600000,3707325180562.38,88831043085.34,403262376094.4,63013386490.97,297285819976.97,1512456972856.04,NA,9380,115407,888,36449,11388,NA,"2422465"
2025-11-03,59.2448,12.6731,1.762128e+12,3723628148439.64,104021467218.44,507485075011.54,69737291248.12,356252007647.81,1517570582161.11,NA,9351,115285,888,36450,11393,NA,"2423905"
2025-11-04,60.1276,12.3025,1762214400000,3534206605351.27,212062696371.79,1074875925702.09,139223419727.25,746590763857.52,1409172833621.66,NA,9347,115520,889,36458,11395,NA,"2425345"
2025-11-05,60.1201,11.7897,1762300800000,3368737767516.78,290948210234.43,1409123125765.89,179997715876.31,952973586053.39,1343448206667.72,NA,9348,115867,889,36463,11399,NA,"2426785"
2025-11-06,59.907,11.9512,1762387200000,3458865996569.55,197660680881.44,879957284779.7,120059035521.31,586360127366.29,1386764489539.09,NA,9347,116116,889,36473,11401,NA,"2428225"
2025-11-07,59.9145,11.857,1762473600000,3371986733027.51,166736639486.24,795247819405.09,103180515976.27,527389602090.37,1351677978550.06,NA,9345,116363,889,36480,11406,NA,"2429665"
2025-11-08,59.2964,11.9268,1.76256e+12,3475899478372.93,222982440117.36,957709493510.54,130823276122.26,638720883383.02,1414814708481.46,NA,9348,116576,889,36488,11412,NA,"2431105"
2025-11-09,59.2883,11.9267,1762646400000,3441080584438.74,139677780571.14,578181455208.16,88222331189.38,415139715515.7,1400921032608.82,NA,9336,116655,889,36488,11413,NA,"2432545"
2025-11-10,59.2195,12.2617,1762732800000,3527376685155.67,145822784627.24,636666780230.43,86171121749.5,427429543091.26,1438483137890.13,NA,9320,116577,889,36491,11416,NA,"2433985"
2025-11-11,59.2666,12.0704,1762819200000,3567270051349.99,176675860282.66,745730439352.85,107487176451.06,499150487679.61,1453069207677.11,NA,9316,116593,891,36502,11422,NA,"2435425"
2025-11-12,59.491,11.9363,1762905600000,3454136912294.99,177369935688.4,776102403678.65,106522716748.29,513474236982.23,1399235498519.6,NA,9311,116676,892,36514,11428,NA,"2436865"
2025-11-13,59.24,12.0341,1.762992e+12,3423467037517.58,162043597354.67,769445755495.33,97660975670.52,508552955997.58,1395404187662.15,NA,9303,116807,892,36518,11434,NA,"2438305"
2025-11-14,59.4296,11.6592,1763078400000,3346329391947.81,219786929402.36,1044369433245.11,118264483461.63,644027714194.68,1357618677707.89,NA,9251,116696,893,36526,11436,NA,"2439745"
2025-11-15,58.8293,11.7055,1763164800000,3203271709223.11,234817175345.49,1116013722723.15,120132684844.06,661399771763.11,1318810921984.91,NA,9244,116921,893,36535,11443,NA,"2441185"
2025-11-16,58.7952,11.7892,1763251200000,3241911688566.6,103180573421.59,488447624357.67,64724302460.32,319246642130.21,1335822898182.13,NA,9240,116859,892,36536,11448,NA,"2442625"
2025-11-17,58.8049,11.6851,1763337600000,3195192164876.78,157104836334,755441758808.58,86031348943.43,502876225808.39,1316261688032.22,NA,9237,116401,892,36538,11449,NA,"2444065"
2025-11-18,58.7592,11.6771,1.763424e+12,3126931383746.27,203131673856.93,914708851745.72,108929422895.89,568868297457.41,1289571568603.06,NA,9227,116607,894,36540,11451,NA,"2445505"
2025-11-19,58.3588,11.8608,1763510400000,3177409320943.4,207665190806.42,928759249650.98,106023124492.27,555300247687.51,1323112582370.28,NA,9215,116415,894,36549,11454,NA,"2446945"
2025-11-20,58.611,11.7191,1763596800000,3113320924061.28,180909960424.15,919698268067.14,100566273693.22,579594920074.65,1288571424400.57,NA,9208,116349,893,36552,11458,NA,"2448385"
2025-11-21,58.2184,11.5192,1763683200000,2965135089214.47,205707205214.66,1014283886841.11,110849822855.38,613090494246.55,1238882222435.77,NA,9199,116306,894,36556,11460,NA,"2449825"
2025-11-22,58.4373,11.4898,1763769600000,2904895832898.94,262183342152.65,1300811368110.93,133161977223.85,762180467740.83,1207353867211.85,NA,9186,116363,893,36558,11463,NA,"2451265"
2025-11-23,58.3639,11.543,1.763856e+12,2894335861303.77,101140126165.93,461848898114.34,60372503181.07,312378230402.74,1205088611099.84,NA,9170,116344,893,36559,11466,NA,"2452705"
2025-11-24,58.6059,11.4412,1763942400000,2955026694506.42,122532435842.49,556342329630.07,64279099152.49,341521696930.48,1223205892117.97,NA,9155,116252,893,36560,11467,NA,"2454145"
2025-11-25,58.1036,11.7563,1764028800000,3031240619876.72,162468676225.77,811220971233.52,87993307302.01,499429689058.65,1269980624740.53,NA,9155,116306,895,36569,11500,NA,"2455585"
2025-11-26,57.8378,11.8515,1764115200000,3013140717682.51,140402884916.42,700261068341.82,75626426011.46,459032091638.16,1270406672424.41,NA,9153,116284,895,36580,11509,NA,"2457025"
2025-11-27,58.2653,11.7888,1764201600000,3099796507303.76,139920152857.87,710014267744.94,73424350949.85,457321496589.93,1293691426363.83,NA,9141,116290,902,36583,11515,NA,"2458465"
2025-11-28,58.5707,11.6986,1.764288e+12,3110368201688.38,118289959188.66,562709044512.3,61194646046.36,359831946437.26,1288605047932.51,NA,9147,116275,903,36598,11524,NA,"2459905"
2025-11-29,58.5733,11.8157,1764374400000,3097354048626.7,130062590231.39,690560997449.82,69169837238.45,446110768677.47,1283132816915.47,NA,9146,116390,903,36607,11528,NA,"2461345"
2025-11-30,58.7277,11.696,1764460800000,3086627556076.25,84158288425.61,407927615040.64,46211639842.56,287735137058.95,1273921216339.12,NA,9130,116379,903,36608,11529,NA,"2462785"
2025-12-01,58.7201,11.7561,1764547200000,3071711460766.56,84354417578.23,389248229052.46,45850596769.43,259935038010.83,1267999997288.33,NA,9118,116300,903,36611,11530,NA,"2464225"
2025-12-02,58.7584,11.5281,1764633600000,2931539712013.4,181784971722.91,930894010738.45,93782455084.37,526579808476.4,1209014007708.27,NA,9106,116272,903,36620,11547,NA,"2465665"
2025-12-03,58.9377,11.6979,1.76472e+12,3093030885993.87,156821898412.51,781159558533.12,78265888367.88,446553710502.77,1270068328736.79,NA,9098,116165,903,36622,11549,NA,"2467105"
2025-12-04,58.6235,12.0967,1764806400000,3181627825841.59,158576614193.74,787422547914.39,81151389277.82,466488842091.4,1316446756602.8,NA,9090,116117,903,36632,11558,NA,"2468545"
2025-12-05,58.7347,12.0832,1764892800000,3130735049271.67,134990550313.45,663936107930.22,70454709867.34,413885434810.13,1291905760153.62,NA,9079,115940,902,36635,11566,NA,"2469985"
2025-12-06,58.6388,11.998,1764979200000,3041893784254.5,135627956125.7,706013572907.42,72233709356.11,428321995455.98,1258162898540.44,NA,9082,115997,904,36641,11575,NA,"2471425"
2025-12-07,58.5287,12.0539,1765065600000,3043695850628.64,78629766912.27,340205656612.39,40638571412.86,221828698204.75,1262259401215.32,NA,9071,116050,904,36641,11577,NA,"2472865"
2025-12-08,58.8308,12.0445,1.765152e+12,3067794380088.19,104609886385.11,568078187045.08,57162391855.59,363552400980.67,1262985983323.09,NA,9056,115880,904,36641,11580,NA,"2474305"
2025-12-09,58.5777,12.2115,1765238400000,3088492345273.68,123122589868.5,613391722731.07,65741946691.62,377270553310.09,1279324324364.75,NA,9052,115880,904,36651,11583,NA,"2475745"
2025-12-10,58.4563,12.6625,1765324800000,3165260348352.59,147808606858.04,748435393423.19,80934747889.85,468024898546.17,1314965132676.98,NA,9041,116303,905,36665,11588,NA,"2477185"
2025-12-11,58.47,12.7726,1765411200000,3141462062831.25,144916697303.25,710981355054.55,79516155478.96,447711345672.89,1304649038438.18,NA,9031,116341,905,36669,11590,NA,"2478625"
2025-12-12,58.8375,12.4485,1765497600000,3138717203208.4,140955430663.96,732241833401.11,76421278429.63,451770419262.2,1291974320527.48,NA,9032,116303,905,36677,11594,NA,"2480065"
2025-12-13,58.7909,12.1467,1.765584e+12,3064936086159.75,146860462471,639651471167.59,66574189157.72,394676001078.11,1263031747606.03,NA,9021,116782,905,36686,11597,NA,"2481505"
2025-12-14,58.5981,12.2284,1765670400000,3075544208039.34,102053589995.9,319571687056.92,37821523315.76,203496490029.87,1273333149970.09,NA,9012,116800,905,36686,11604,NA,"2482945"
2025-12-15,58.4691,12.2741,1765756800000,3010235906439.55,96448069081.47,425627033248.43,45938711404.44,264490841567.76,1250179460967.51,NA,8999,116700,905,36687,11608,NA,"2484385"
2025-12-16,58.464,12.1242,1765843200000,2950968811410.86,118899883205.97,702764349315.28,73337180821.76,448840386410.27,1225712951174.97,NA,9002,116600,906,36692,11611,NA,"2485825"
2025-12-17,58.7923,11.9907,1765929600000,2982808459352.01,104463664213.13,561472133054.1,63201009102.9,366572441574.55,1229146776097.91,NA,8996,116659,906,36700,11618,NA,"2487265"
2025-12-18,59.1378,11.751,1.766016e+12,2908913333027.86,115169674942.15,698781203600.26,71011323096.25,433990105171.82,1188647004887.05,NA,8998,117046,907,36705,11623,NA,"2488705"
2025-12-19,59.2564,11.8501,1766102400000,2879542664557.9,130093541518.32,748108795267.35,77428558033.87,456628992586.52,1173228716005.71,NA,9001,117139,906,36711,11626,NA,"2490145"
2025-12-20,58.9865,12.0534,1766188800000,2981811194912.08,124314566536.95,654835832677.09,77583842213.67,414122777816.84,1222945470623.93,NA,8994,117497,906,36713,11630,NA,"2491585"
2025-12-21,58.976,12.0158,1766275200000,2990613320545.69,54411472214.62,251500773424.15,39742649974.76,187494862825.18,1226869481275.87,NA,8990,117529,906,36716,11630,NA,"2493025"
2025-12-22,59.0295,12.0858,1766361600000,2997407400024.44,68983001077.75,342061105389.31,49164634217.82,240299409702.15,1228052562958.16,NA,8977,117407,906,36717,11632,NA,"2494465"
2025-12-23,59.0177,12.119,1.766448e+12,2994312469900.24,103385813710.36,583721004280.1,65339254663.05,373348638749.19,1227139503037.72,NA,8968,117420,906,36719,11637,NA,"2495905"
2025-12-24,59.0224,12.0926,1766534400000,2957176632218.16,102088658647.57,566035060893.2,58399405970,372095947526.74,1211779488751.39,NA,8967,117370,906,36725,11643,NA,"2497345"
2025-12-25,59.1383,12.0186,1766620800000,2957884186914.29,75158900610.56,421988591775.04,49615119124.27,296446574875.9,1208640648593.28,NA,8960,117147,906,36730,11648,NA,"2498785"
2025-12-26,59.3462,11.9396,1766707200000,2934700277588.46,64300755845.82,353977745713.54,44345939247.6,259314502512.74,1193068529471.1,NA,8962,116933,906,36739,11651,NA,"2500225"
2025-12-27,59.1404,11.9801,1766793600000,2947572443450.84,97040599006.26,540428908021.48,54585681279.59,338508904986.83,1204365123193.13,NA,8943,116950,906,36741,11655,NA,"2501665"
2025-12-28,58.9539,11.9616,1.76688e+12,2973923395929.38,48195628249.64,257100963329.39,34453273572.45,204140627143.87,1220678530943.57,NA,8935,116900,906,36742,11658,NA,"2503105"
2025-12-29,58.9301,11.9555,1766966400000,2976710235974.97,52358732248.91,279552290155.16,37200828379.77,212279878331.48,1222532159391.43,NA,8919,116800,906,36742,11662,NA,"2504545"
2025-12-30,58.9435,11.9994,1767052800000,2951927310595.86,117125977919.13,677880648766.26,68712655004.34,421820807289.87,1211957655822.94,NA,8926,116743,906,36751,11667,NA,"2505985"
2025-12-31,59.0733,11.9972,1767139200000,2988937415573.34,90083989817.52,457441675390.93,54493279593.77,285925136082.84,1223272694005.65,NA,8927,116926,907,36759,11669,NA,"2507425"
2026-01-01,58.9858,12.0872,1767225600000,2962686913811.92,87825284543.53,418245352083.14,53992043417.74,274043528056.2,1215122456354.41,NA,8919,116836,909,36760,11677,NA,"2508865"
2026-01-02,58.9757,12.0527,1.767312e+12,3004534871630.71,60763165835.69,278837676240.9,41914710645.56,200944530848.22,1232588723872.37,NA,8914,116758,909,36760,11677,NA,"2510305"
2026-01-03,58.5264,12.2859,1767398400000,3069214747084.34,118434512841.52,641806591012.39,72038196068.14,406051215195.76,1272914660437.1,NA,8921,116836,912,36761,11678,NA,"2511745"
2026-01-04,58.5689,12.2122,1767484800000,3089360589368.91,67206026264.46,328055366823.14,46426013674.85,234752555688.66,1279954767248.82,NA,8917,116825,912,36766,11679,NA,"2513185"
2026-01-05,58.5183,12.151,1767571200000,3121302203496.37,80698829864.05,393296509600.01,53923831388.23,273211152557.2,1294769461896.43,NA,8910,116790,912,36768,11682,NA,"2514625"
2026-01-06,58.4391,12.1358,1767657600000,3208060885996.93,133240409078.8,704522799812.82,79856849462.51,440546627678.25,1333298476245.82,NA,8903,117258,913,36772,11692,NA,"2516065"
2026-01-07,58.229,12.3743,1.767744e+12,3214487569219.65,137384919078.81,728167968544.93,84950887572.08,469481436502.34,1342723045395.63,NA,8895,117366,913,36775,11695,NA,"2517505"
2026-01-08,58.3237,12.2238,1767830400000,3126397327476.89,110297322167.36,608683175957.56,66836026760.85,392390783086.82,1302967126681.89,NA,8899,117496,913,36876,11696,NA,"2518945"
2026-01-09,58.5242,12.0608,1767916800000,3106463656563.03,112093617884.01,616514585950.04,69708231896.54,389498745537.91,1288430532805.17,NA,9000,117746,913,36882,11697,NA,"2520385"
2026-01-10,58.5158,12.0451,1768003200000,3089606517552.13,97780395048.9,539481221733.16,59473509061.49,337330738352.94,1281699869412.99,NA,9004,117728,913,36890,11701,NA,"2521825"
2026-01-11,58.4788,12.0505,1768089600000,3087244401681.41,45505426812.24,203674341208.56,33118974279.15,151583664281.59,1281859727326.72,NA,8997,117711,913,36892,11705,NA,"2523265"
2026-01-12,58.4756,12.1307,1.768176e+12,3102959243476.82,58339682476.26,284679089750.03,41174058996.51,206324916211.71,1288483676656.53,NA,8990,117652,913,36895,11705,NA,"2524705"
2026-01-13,58.6883,12.0246,1768262400000,3103751137437.92,107121690382.23,661636476357.65,65775784878.77,400803016236.21,1282210941855.71,NA,8985,117726,913,36904,11706,NA,"2526145"
2026-01-14,58.6414,12.3481,1768348800000,3247757333484.21,137333657852.9,712257493264.09,82352877653.77,430379790159.4,1343227827457.74,NA,8979,117738,913,36913,11709,NA,"2527585"
2026-01-15,58.9718,12.3316,1768435200000,3283479128666.19,153765682434.14,729323169074.44,93176362678.02,456893292787.42,1347153817993.56,NA,8974,117651,913,36918,11717,NA,"2529025"
2026-01-16,59.0676,12.3896,1768521600000,3231735580943.48,129201591559.75,626070823965.15,76117173122.17,397338097225.87,1322825899485,NA,8972,118079,914,36924,11722,NA,"2530465"
2026-01-17,59.0675,12.3111,1.768608e+12,3230505135067.08,96789608709.11,450373194252.97,63542098177.24,294593989290.56,1322326763889.72,NA,8972,118272,915,36931,11732,NA,"2531905"
2026-01-18,58.9283,12.387,1768694400000,3224199088328.39,59037250962.23,264756125251.8,43016404099.92,193228216366.06,1324232694445.83,NA,8968,118393,915,36935,11735,NA,"2533345"
2026-01-19,58.9582,12.4839,1768780800000,3173322436541.21,68899775009.91,335726438390.69,48084499338.35,237472911262.92,1302387680685.13,NA,8964,118341,915,36938,11736,NA,"2534785"
2026-01-20,59.0704,12.2855,1768867200000,3130750940939.45,120236477334.26,545158214939.95,81043693865.37,371033753311.7,1281405262255.57,NA,8965,118312,915,36944,11741,NA,"2536225"
2026-01-21,59.1367,11.8759,1768953600000,2983907165594,140673192204.51,715486720112.7,87668806626.76,443462617545.92,1219323265887.25,NA,8964,118518,915,36953,11750,NA,"2537665"
2026-01-22,59.0726,11.8966,1.76904e+12,3022772747468.19,146424590620.46,752581998452.58,90090085460.58,472388370217.5,1237143791165.11,NA,8964,118568,915,36960,11752,NA,"2539111"
2026-01-23,59.2235,11.7951,1769126400000,3018034650925.23,99620652811.76,480747321144.13,64070451561.27,318451696225.84,1230650360866.12,NA,8965,118924,915,36975,11753,NA,"2540551"
2026-01-24,59.2154,11.8028,1769212800000,3019706207536.56,110344345214.97,504509381085.36,71343497689.1,325142101485.54,1231573941930.9,NA,8968,119232,917,36980,11755,NA,"2541991"
2026-01-25,59.1336,11.8211,1769299200000,3010541590050.43,53608532603.16,215107625961.26,39049688461.26,158109045192.23,1230300184645.04,NA,8972,119339,917,36984,11756,NA,"2543431"
2026-01-26,59.2585,11.6416,1769385600000,2919003314601.78,102101281264.06,499359126252.78,66055023221.09,323445217977.29,1189246679871.1,NA,8966,119249,917,36984,11757,NA,"2544871"
2026-01-27,59.0879,11.8348,1.769472e+12,2984538775089.33,119519166869.86,571581033803.57,74189154759.56,377923619479.5,1221036759614.94,NA,8967,118945,917,36987,11760,NA,"2546311"
2026-01-28,58.9068,12.0674,1769558400000,3022867412017.49,117064497915.55,525806164237.03,78327427473.51,350569583626.04,1242192762026.1,NA,8957,118916,918,36991,11763,NA,"2547751"
2026-01-29,58.9858,12.0115,1769644800000,3020556483515.94,104472125797.37,516414462257.97,64619419215.6,328122607343.44,1238857737260.64,NA,8964,118946,918,37002,11765,NA,"2549191"
2026-01-30,58.7564,11.8277,1769731200000,2875687027669.77,156961595857.26,768727103884.77,92207980012.89,476132096495.84,1186037809655.7,NA,8973,119100,918,37016,11771,NA,"2550631"
2026-01-31,59.1663,11.48,1769817600000,2841155122820.61,170679744443.46,910876932015.88,98695165220.73,571296141351.12,1160148426614.93,NA,9001,119493,918,37053,11774,NA,"2552075"
2026-02-01,59.0654,11.1014,1.769904e+12,2660524317026.48,180978003026.74,961244747599.53,110495726084.48,613674227116.44,1089076026478.01,NA,8999,119803,919,37056,11776,NA,"2553515"
2026-02-02,59.353,10.5656,1769990400000,2590179375124.41,140064859446.3,719090953529.84,86800099455.15,472835195887.46,1052830439380.62,NA,8983,119741,919,37056,11778,NA,"2554955"
2026-02-03,59.3776,10.686,1770076800000,2648043207932.09,207243386161.24,974736711219.39,132101450295.61,633332870588.87,1075698391288.52,NA,8961,119858,919,37060,11783,NA,"2556395"
2026-02-04,59.0594,10.5117,1770163200000,2559559718481.03,169163101986.87,956053348745.32,100907037361.17,595483160430.43,1047898277978.45,NA,8949,120131,921,37068,11787,NA,"2557835"
2026-02-05,58.868,10.4354,1770249600000,2479257387783.53,165877704079.23,916214163688.99,98670063152.08,578844947905.2,1019768237853.14,NA,8947,120093,922,37071,11792,NA,"2559275"
2026-02-06,57.9165,10.1564,1.770336e+12,2165376390515.56,268871243551.13,1509971271086.61,143345552616.77,875436859505.76,911266139431.44,NA,8949,120030,922,37080,11795,NA,"2560715"
2026-02-07,58.7204,10.3696,1770422400000,2400781264841.82,259063111510.54,1300973417716.12,144278267270.62,750289445936.13,991033932988.25,NA,8946,119395,922,37081,11796,NA,"2562155"
2026-02-08,58.3231,10.6228,1770508800000,2374499382435.29,148521174713.63,808745011730.01,86176213815.38,515916132167.91,989617481518.62,NA,8941,119306,922,37083,11798,NA,"2563595"
2026-02-09,58.7483,10.543,1770595200000,2390772306664.45,89356096829.7,496982223585.44,49621821923.19,313302574251.95,986233570996.22,NA,8924,119151,923,37083,11801,NA,"2565035"
2026-02-10,58.6644,10.6286,1770681600000,2389099143159.16,117123248524.14,649667898856.63,65133626496.39,398343867504.9,987548992200,NA,8917,118916,923,37087,11805,NA,"2566475"
2026-02-11,58.7084,10.4096,1.770768e+12,2342019545304.21,98367408888.61,537203083929.62,57778577414.4,334656307977.04,967058341718.03,NA,8911,118816,923,37093,11806,NA,"2567915"
2026-02-12,58.5552,10.2421,1770854400000,2287353016865.78,115219192597.5,663112192995.47,65466689180.42,395592007104.85,947989503945.1,NA,8906,118582,923,37101,11811,NA,"2569355"
2026-02-13,58.1676,10.3253,1770940800000,2275136543637.08,103392850398.92,556469270758.79,58676283008.45,336393948306.51,951745350683.32,NA,8885,118549,923,37106,11812,NA,"2570795"
2026-02-14,58.4235,10.4939,1771027200000,2355867536230.18,96735550296.98,517891261706.27,55918867192.21,314244932325.58,979486750610.5,NA,8878,118579,923,37111,11813,NA,"2572235"
2026-02-15,58.0978,10.4877,1771113600000,2400255908414.88,84112476525.57,381850347329.7,48097861544.02,247490579548.74,1005760925430.43,NA,8856,118529,923,37111,11815,NA,"2573675"
2026-02-16,58.4728,10.0888,1.7712e+12,2351359325805.8,110448343528.66,504163659316.93,70256135484.57,337719251521.76,976454781455.06,NA,8838,118103,923,37111,11816,NA,"2575115"
2026-02-17,58.2925,10.2128,1771286400000,2361037352302.79,85502557076.49,436050018239.33,51883416206.3,277138436241.83,984729276972.09,NA,8830,117831,923,37117,11818,NA,"2576555"
2026-02-18,57.9461,10.3259,1771372800000,2328042922228.27,87687984066.52,444954552134.66,52766328306.91,282788423990.04,979032205746.52,NA,8817,117626,923,37118,11820,NA,"2577995"
2026-02-19,57.9903,10.2993,1771459200000,2290230419094.46,82750968402.52,447892621898.56,49657181128.08,281175254081.38,962118453461.35,NA,8801,117350,923,37120,11826,NA,"2579435"
2026-02-20,58.2124,10.2254,1771545600000,2299600581997.44,77789573607.96,408844220256.14,46298454502.2,256292189247.7,960947711397.54,NA,8785,117087,923,37121,11830,NA,"2580875"
2026-02-21,58.2733,10.1849,1.771632e+12,2332894416878.06,103595062645.11,533973010958.38,56086797672.05,315504857658.01,973440698617.86,NA,8770,116561,923,37126,11834,NA,"2582315"
2026-02-22,58.2659,10.209,1771718400000,2333014242991.92,52441277099.53,263781788772.95,34085707300.31,170828512787.67,973661559774.4,NA,8751,116476,923,37128,11834,NA,"2583755"
2026-02-23,58.4373,10.2088,1771804800000,2314274534973.84,49466536618.87,269262553814.54,31569694533.91,178745596872.71,961874038116.51,NA,8742,116356,923,37130,11839,NA,"2585195"
2026-02-24,58.0576,10.0634,1771891200000,2225518171446.21,115501385951.95,620559811331.22,64362429035.47,363675714386.25,933436312488.56,NA,8744,116305,923,37136,11840,NA,"2586635"
2026-02-25,57.8675,10.1005,1771977600000,2213549044343.99,92071655380.71,513281870812.62,51216244142.77,304133784595.62,932622967540.91,NA,8742,116388,923,37140,11845,NA,"2588075"
2026-02-26,57.9181,10.5718,1.772064e+12,2346452096651.67,126676168986.89,728111928654.67,73046791392.07,442991346618.66,987431302966.93,NA,8745,116311,923,37157,11847,NA,"2589515"
2026-02-27,57.9748,10.5141,1772150400000,2326893457092.33,104282252961.48,534379082858.07,61293848419.38,339807778319.42,977880943348.24,NA,8739,116418,924,37164,11850,NA,"2590955"
2026-02-28,57.9767,10.2545,1772236800000,2271948950710.83,97314040428,530692094322.35,57030664761.11,328146588411.25,954748435746.46,NA,8735,116631,924,37169,11860,NA,"2592395"
2026-03-01,58.1458,10.2941,1772323200000,2304037439470.58,102407056705.14,599699636117.64,60372575561.59,363350280722.22,964336437205.97,NA,8737,116678,924,37172,11862,NA,"2593835"
2026-03-02,57.9156,10.3107,1772409600000,2270028628658.73,100208703972.67,562249410552.04,59464447619.53,356020838419.3,955328992210.59,NA,8725,116650,924,37173,11866,NA,"2595275"
2026-03-03,58.4597,10.3972,1.772496e+12,2353233659996.14,127249408045.28,675796125893.63,70551194213.27,406983131624.66,977540447741.08,NA,8726,116644,924,37175,11866,NA,"2596715"
2026-03-04,58.5303,10.2545,1772582400000,2333680512743.56,113100447428.66,653149931145.75,65153527512.71,404517510444.81,967770597810.35,NA,8717,116630,924,37179,11870,NA,"2598155"
2026-03-05,59.1958,10.4511,1772668800000,2455986104085.64,155254645778.52,798794671799.99,80173676171.44,448500469655.49,1002146549751.55,NA,8711,116665,924,37182,11872,NA,"2599595"
2026-03-06,58.8972,10.3957,1772755200000,2406044730645.46,111679151937.16,582037611684.32,60501460937.37,345035079088.4,988951524799.27,NA,8706,116733,925,37187,11876,NA,"2601035"
2026-03-07,58.5263,10.2576,1772841600000,2328054756450.63,96288970822.43,539871270787.71,52517149179.88,320832868875.24,965530952480.31,NA,8702,116788,925,37189,11884,NA,"2602475"
2026-03-08,58.3604,10.312,1.772928e+12,2304947749107.55,55500143083.5,283840778758.12,32243210457.59,178699760836.7,959770928119.26,NA,8694,116762,925,37189,11887,NA,"2603915"
2026-03-09,58.1218,10.2975,1773014400000,2270115604214.35,75155532368.54,408909971418.68,41958706242.49,249172157760.59,950683184878.84,NA,8674,116551,925,37191,11892,NA,"2605355"
2026-03-10,58.544,10.2939,1773100800000,2337499887152.53,108743480148.8,584283156997.13,59238538577.87,350414540176.06,969033135312.65,NA,8661,117066,928,37195,11899,NA,"2606795"
2026-03-11,58.776,10.3301,1773187200000,2380086793505.14,114831821515.66,615499761721.23,60826424901.2,354687775322.8,981166774469.83,NA,8657,117073,928,37198,11902,NA,"2608235"
2026-03-12,58.7023,10.3538,1773273600000,2392060343614.59,99042740510.16,511457942497.82,53804846451.4,304392921583.88,987866369529.53,NA,8655,116752,928,37205,11908,NA,"2609675"
2026-03-13,58.6906,10.4158,1.77336e+12,2402712055027.06,95642849028.47,510406978198.45,54771509863.41,315290232162.77,992544776456.13,NA,8641,116006,928,37206,11911,NA,"2611115"
2026-03-14,58.7378,10.4517,1773446400000,2416336264579.12,133610216933.08,706228181621.06,72442868669.66,414547717561.15,997033638124.36,NA,8643,116132,928,37209,11914,NA,"2612555"
2026-03-15,58.7661,10.4403,1773532800000,2423903250372.04,56565868132.69,281311473508.72,34282390078.76,187333624487.7,999469318121.4,NA,8637,116286,928,37209,11917,NA,"2613995"
2026-03-16,58.826,10.6183,1773619200000,2475733149082.16,71747227317.25,390356034305.11,43749486191.04,252152784878.17,1019358243434.64,NA,8627,116141,928,37210,11918,NA,"2615435"
2026-03-17,58.5796,11.1016,1773705600000,2556327401344.12,141022295063.7,748579917654.22,85451125680.65,480697712472.69,1058841168738.12,NA,8611,116104,929,37212,11924,NA,"2616875"
2026-03-18,58.4988,11.0675,1.773792e+12,2528135919069.45,115375647270,596569765568.94,65867450089.71,365927227718.9,1049207254477.33,NA,8600,116257,929,37216,11928,NA,"2618315"
2026-03-19,58.3076,10.8803,1773878400000,2444340754170.12,111146167690.46,623659390319.21,64921649494.44,398899353637.42,1019103812431.16,NA,8589,116203,929,37238,11931,NA,"2619755"
2026-03-20,58.2034,10.7365,1773964800000,2402862731735.62,105176508223.04,585532065602.37,60545849725.08,370151349118.94,1004315773498.37,NA,8583,116231,929,37245,11936,NA,"2621195"
2026-03-21,58.362,10.719,1774051200000,2417008969944.12,89063741072.33,506417181762.73,50773672335.5,316664924030.88,1006393543508.29,NA,8578,116356,929,37248,11947,NA,"2622635"
2026-03-22,58.1525,10.6095,1774137600000,2367252863106.9,51189301598.43,267830961316.37,30062805456.2,181094193560.48,990636749441.49,NA,8575,116132,929,37252,11949,NA,"2624075"
2026-03-23,58.0662,10.6021,1.774224e+12,2337308374320.64,74978674405.1,419765319399.41,44880433662.9,272131358922.28,980122065883.07,NA,8559,116089,929,37254,11953,NA,"2625515"
2026-03-24,58.4511,10.7035,1774310400000,2426522821630.58,124726403123.08,781851634497.73,73221023039.55,509953058931.02,1008193683662.87,NA,8548,116582,931,37321,11958,NA,"2626955"
2026-03-25,58.349,10.7618,1774396800000,2417642258268.2,95659652802.62,543870751569.91,55480626118.23,342085875219.36,1006971535581.53,NA,8601,116697,932,37327,11964,NA,"2628395"
2026-03-26,58.4225,10.7175,1774483200000,2441585324140.87,87676550779.9,492138395588.68,52267050463.98,311595259988.2,1015150505013.08,NA,8594,116499,932,37331,11972,NA,"2629835"
2026-03-27,58.3307,10.5364,1774569600000,2358801733778.56,93245872627.93,519115140418.68,54282611253.97,322330126310.38,982896924478.77,NA,8580,116432,932,37332,11973,NA,"2631275"
2026-03-28,57.9639,10.4956,1.774656e+12,2290037061438.48,100849309238.08,508462481306.17,54367264053.27,300087048387.02,962642795024.83,NA,8574,116468,932,37336,11978,NA,"2632715"
2026-03-29,57.9106,10.4967,1774742400000,2291589340168.25,52390550786.89,270807913426.66,31466022210.22,174158864608.18,964515436588.72,NA,8573,116392,932,37336,11981,NA,"2634155"
2026-03-30,57.8964,10.4974,1774828800000,2279499711125.01,54318895460.3,305967200951.04,32671780424.26,193566116365.8,959752381422.92,NA,8565,116294,932,37337,11982,NA,"2635595"
2026-03-31,58.003,10.6148,1774915200000,2301333098946.08,88721282138.69,494220310747.24,51026177386.77,304851100419.59,966490818901.75,NA,8553,116275,932,37339,11985,NA,"2637035"
2026-04-01,58.1975,10.8272,1775001600000,2345871850149.12,99801061877.86,575929287574.43,56802591736.03,344459491895.6,980633328450.84,NA,8549,116273,933,37341,11990,NA,"2638475"
2026-04-02,58.0117,10.9932,1.775088e+12,2348541924002.81,93278546832.66,480026917312.92,56817171775.79,310051383842.56,986111943160.98,NA,8534,116263,932,37343,11993,NA,"2639915"
2026-04-03,58.1008,10.7751,1775174400000,2303738300226.11,97407802976.57,531106756015.87,58080041574.18,341655055183.91,965248363502.96,NA,8518,116231,933,37347,11993,NA,"2641355"
2026-04-04,58.084,10.7472,1775260800000,2306147704170.02,59592298894.33,277900345987.91,36777915045.38,181997985019.76,966644496473.93,NA,8508,115951,933,37353,11996,NA,"2642795"
2026-04-05,58.0873,10.7522,1775347200000,2318250643816.9,44130005627.51,202478471246.47,28250462283.39,140141225195.4,971641457420.01,NA,8503,115931,934,37355,12001,NA,"2644235"
2026-04-06,58.4894,10.784,1775433600000,2360161314748.85,56293830933.53,308602959548.85,33320141273.16,197219469590.3,979716343340.71,NA,8496,115833,934,37356,12006,NA,"2645675"
2026-04-07,58.5454,10.8067,1.77552e+12,2353816237677.66,91804299363.63,473823150742.4,52261408813.91,291829458187.67,975765070721.4,NA,8484,115484,934,37360,12009,NA,"2647115"
2026-04-08,58.7047,11.0291,1775606400000,2452418042126.31,107549855877.7,607278315989.45,62898923976.41,374344623366.29,1012732636680.13,NA,8473,115421,934,37363,12012,NA,"2648555"
2026-04-09,58.8573,10.9319,1775692800000,2417860235358.74,102130642915.51,527206712186.88,59689457109.28,327320938795.43,994773263040.13,NA,8467,115303,934,37370,12019,NA,"2649995"
2026-04-10,58.9868,10.8514,1775779200000,2435400628513.6,93725019364.92,505576385688.39,54924062215.5,308473859059.46,998836920172.85,NA,8454,114701,935,37375,12024,NA,"2651435"
2026-04-11,59.1501,10.9745,1775865600000,2469200620759.58,99348099625.57,478291818238.36,61626053332.52,301344421521.54,1008666942344.91,NA,8450,114711,935,37379,12030,NA,"2652875"
2026-04-12,59.0471,11.1385,1.775952e+12,2476315972549.09,72423026352.99,328692843357.39,49136790554.03,228590518268.45,1014122729607.32,NA,8443,114729,935,37382,12034,NA,"2654315"
2026-04-13,58.8005,10.9855,1776038400000,2408226487937.34,75889437382.64,403687768784.14,46007318576.88,259497850156.35,992176763823.08,NA,8432,114668,935,37382,12034,NA,"2655755"
2026-04-14,59.0885,11.3411,1776124800000,2522246699219.07,116615554405.32,599536326039.1,64335037859.93,367935036604.85,1031889111538.69,NA,8422,114261,935,37383,12037,NA,"2657195"
2026-04-15,59.1771,11.1756,1776211200000,2509003792463.73,156313384404.94,627153377184.05,102774852591.48,407716498035.38,1024249008371.35,NA,8384,113691,935,37384,12041,NA,"2658635"
2026-04-16,59.1553,11.251,1776297600000,2531413658600.72,132540939640.89,504514269628.03,94450431925.36,339122506839.29,1033948845111.58,NA,8375,113618,934,37386,12046,NA,"2660075"
2026-04-17,58.8656,11.0914,1.776384e+12,2555696804792.52,152063229025.18,599475383230.42,110751503999.43,413041309523.91,1051271249122.89,NA,8369,113754,934,37392,12048,NA,"2661515"
2026-04-18,59.1738,11.1987,1776470400000,2609181803991.12,175737309975.42,715950255949.79,121598101504.67,455449926360.36,1065229223946.64,NA,8384,113995,934,37396,12049,NA,"2662955"
2026-04-19,59.3544,11.1102,1776556800000,2553835239177.74,119941767425.53,428025611411.6,93928806919.76,304605732152.69,1038020887888.97,NA,8389,113929,934,37399,12051,NA,"2664395"
2026-04-20,59.2437,10.9528,1776643200000,2494934725428.5,125226986402.94,551177366200.31,94294934969.12,400390117262.25,1016844185378.71,NA,8416,114030,934,37402,12054,NA,"2665835"
2026-04-21,59.5635,10.9571,1776729600000,2549700499846.87,143239222439.11,552456123849.41,103565092131.25,361296480911.09,1031008653329.45,NA,8434,114015,935,37406,12057,NA,"2667275"
2026-04-22,59.6048,10.9561,1.776816e+12,2564248543217.03,132812492740.4,541497630715.71,96358596923.38,349015961325.97,1035833994085.24,NA,8436,114049,935,37414,12059,NA,"2668715"
2026-04-23,59.9697,10.9831,1776902400000,2610474995048.88,153159227771.81,604693751170.39,104827752792.14,375142098356.31,1044982111852.06,NA,8483,114116,935,37417,12064,NA,"2670155"
2026-04-24,60.0894,10.7907,1776988800000,2607747464829.18,145436855836.39,572676642196.72,105090654318.88,366576555387.93,1040768539941.5,NA,8498,114112,936,37421,12082,NA,"2671595"
2026-04-25,59.9157,10.7986,1777075200000,2588159839378.11,132755908140.27,442358716502.77,99971682405,295645688769.72,1037446438344.63,NA,8514,114267,936,37427,12089,NA,"2673035"
2026-04-26,59.9978,10.8058,1777161600000,2590201307560.45,98340939748.37,265651919935.27,81639492158.91,202101769634.5,1036138506593.08,NA,8512,114206,936,37427,12091,NA,"2674475"
2026-04-27,60.0425,10.9046,1.777248e+12,2623120725227.89,105813368650.73,341767359342.54,84329301735.52,241759957785.99,1048132156372.87,NA,8501,114019,936,37427,12093,NA,"2675915"
2026-04-28,60.0384,10.7737,1777334400000,2580083139361.93,141380491667.22,524071699840.37,103245967199.23,344743362154.49,1031043199008.44,NA,8499,114187,937,37428,12098,NA,"2677355"
2026-04-29,59.8556,10.8189,1777420800000,2553807030321.88,119150659303.05,411480518919.86,87094059288.74,281676031119.5,1025210090372.24,NA,8489,113695,936,37432,12104,NA,"2678795"
2026-04-30,59.8359,10.7249,1777507200000,2535273210987.7,138991149954.67,574167858546.24,97531664556.63,378522727581.37,1018268821746.29,NA,8488,113862,936,37437,12109,NA,"2680235"
2026-05-01,60.0353,10.7003,1777593600000,2544943244677.18,122132606594,414068645301.27,92634539047.11,287277969962.17,1017078390174.99,NA,8484,113971,938,37440,12113,NA,"2681675"
2026-05-02,60.3784,10.6812,1.77768e+12,2593241053229.18,131594709547.81,476397324768.87,92428371661.87,299242472312.95,1027483308453.6,NA,8489,114018,938,37443,12114,NA,"2683115"
2026-05-03,60.4187,10.7236,1777766400000,2606994034907.71,90283275543.91,278471011196.58,73526342518.22,206820676501.34,1031880965598.94,NA,8489,114035,938,37444,12115,NA,"2684555"
2026-05-04,60.3608,10.7564,1777852800000,2605472227794.47,94293269792,326338782531.48,73748024625.28,232726430943.95,1032787612110.75,NA,8482,113735,938,37445,12116,NA,"2685995"
2026-05-05,60.5702,10.7319,1777939200000,2638846176828.43,169914137705.88,721046049231.54,115592183326.7,439098636074.85,1040491172899.02,NA,8482,113726,938,37454,12120,NA,"2687435"
2026-05-06,60.5409,10.6461,1778025600000,2676466285954.24,145740607836.76,558767709290.81,106041549663.67,365450506096.05,1056108580453.35,NA,8483,113652,939,37469,12122,NA,"2688875"
2026-05-07,60.4407,10.516,1.778112e+12,2697883510640.86,154228720016.31,669414508527.67,112476796908.86,448375942460.84,1067264108571,NA,8473,113634,940,37471,12127,NA,"2690315"
2026-05-08,60.3362,10.4109,1778198400000,2655783201562.67,140816374676.55,641724676002.08,163885181522.4,459456401155.79,1053385228898.97,NA,8467,113790,941,37482,12128,NA,"2693848"
2026-05-09,60.0308,10.4086,1778284800000,2675049580817.23,96636527651.12,468962158950.92,62847981772.69,315342208198.03,1069195458965.91,NA,8465,114105,941,37487,12128,NA,"2695215"
2026-05-10,60.1535,10.4554,1778371200000,2685463231291.39,63141179913.23,305627352402.5,45038646223.55,220302895129.46,1070062579725.43,NA,8462,114130,941,37490,12129,NA,"2696655"
2026-05-11,60.1625,10.4558,1778457600000,2734766909991.24,88191883389.77,434164327789.32,61223116107.45,304690819557.89,1089463770137.03,NA,8446,114062,941,37491,12132,NA,"2698095"
2026-05-12,60.1544,10.3761,1.778544e+12,2720943662604.91,91432944989.05,487319082272.54,59023984974.55,324935619021.36,1084176824990.1,NA,8442,114086,941,37494,12134,NA,"2699535"
2026-05-13,60.1625,10.2461,1778630400000,2679082987828.19,87671766735.68,488310735334.85,55485655143.93,322721426842.53,1067278525247.89,NA,8441,114037,941,37503,12137,NA,"2700975"
2026-05-14,59.998,10.295,1778716800000,2646588235842.2,93672631636.92,512355196169.61,59597506411.37,332262752639.54,1058688490488.47,NA,8441,114103,941,37511,12141,NA,"2702415"
2026-05-15,60.2425,10.2177,1778803200000,2695026436853.4,105773258619.31,567763479185.82,62041686740.46,348479104589.71,1071474719297.56,NA,8439,114115,941,37515,12142,NA,"2703855"
2026-05-16,60.1658,10.194,1778889600000,2632157588765.3,96509231550.89,527508789573.46,58326425565.33,335730705127.34,1048497639244.91,NA,8442,114231,941,37518,12145,NA,"2705295"
2026-05-17,60.1942,10.1195,1.778976e+12,2599699928514.64,65558649851.33,323613502711.07,39662872123.21,209689399155.46,1034832382771.61,NA,8434,114125,941,37519,12149,NA,"2706735"
2026-05-18,60.2516,9.9817,1779062400000,2573828230574.09,57065924330.68,315440722454.84,36163132768.99,208154003482.75,1023054885448.68,NA,8423,114033,941,37519,12153,NA,"2708175"
2026-05-19,60.114,10.0179,1779148800000,2564248072727.97,100202338712.23,572349779334.9,58684362115.55,355231132881.72,1022774831643.27,NA,8422,114121,944,37529,12159,NA,"2709615"
2026-05-20,60.2126,9.9725,1779235200000,2553453440138.83,70080826675.31,400608818695.49,44049030652.15,267065078797.74,1015953445431.07,NA,8417,114320,945,37535,12160,NA,"2711055"
2026-05-21,60.1647,9.9534,1779321600000,2579317177822.19,75691936284.41,419338873052.01,48953438352.96,278051879130.62,1027478836055.36,NA,8419,114284,946,37542,12167,NA,"2712495"
2026-05-22,59.9798,9.933,1.779408e+12,2589823180309.06,80066673817.35,468802962178.33,52925372598.89,314703579310.86,1036451805542.12,NA,8413,114206,946,37551,12174,NA,"2713935"
2026-05-23,59.8595,9.8628,1779494400000,2525702422897.51,79851239254.97,451306468143.54,51929788519.91,302863699779.49,1013828767719.78,NA,8409,114373,946,37558,12181,NA,"2715375"
2026-05-24,59.9206,9.96,1779580800000,2563132063824.95,80932213661.56,483038404532.12,50965668007.3,308773064574.25,1027289129719.84,NA,8399,114344,946,37560,12181,NA,"2716815"
2026-05-25,60.0834,9.864,1779667200000,2566624473248.23,59930319182.34,348024337128.55,39357483396.64,232387948284.37,1024510124697.79,NA,8375,114214,946,37567,12183,NA,"2718255"
2026-05-26,60.0261,9.8788,1779753600000,2579108875863.71,63672949547.84,331153899858.44,43864045232.8,229647725867.96,1030969451243.55,NA,8365,114173,947,37573,12191,NA,"2719695"
2026-05-27,59.8726,9.8502,1.77984e+12,2537380279586.97,95801714921.59,512549472826.29,59726744467.41,322109233155.61,1018184711714.91,NA,8362,114113,947,37580,12197,NA,"2721135"
2026-05-28,59.7148,9.7841,1779926400000,2494110418135.96,88507992545.82,458722100825.18,54644160829.25,294872989875.07,1004757349349.85,NA,8278,113635,947,37582,12201,NA,"2722575"
2026-05-29,59.6052,9.8008,1780012800000,2471704057218.53,100932002319.54,528479739894.67,60783596136.24,335822578509.2,998440971281.96,NA,8274,113678,947,37602,12206,NA,"2724015"
2026-05-30,59.476,9.8234,1780099200000,2471692542303.36,89619325334.18,485432137740.17,55084629027.16,313712500293.18,1001629462331.66,NA,8274,113733,948,37610,12209,NA,"2725455"
2026-05-31,59.298,9.7785,1780185600000,2492142106415.57,60420493223.47,268736050622.92,40861234322.63,196232688792.37,1014352113831.74,NA,8271,113593,948,37610,12211,NA,"2726895"
2026-06-01,59.2305,9.718,1.780272e+12,2488888162967.24,58256214746.94,309243145336.52,40801325104.09,219025000987.12,1014706136051.94,NA,8268,113543,948,37612,12212,NA,"2728335"
2026-06-02,58.6363,9.9209,1780358400000,2437223359354.95,111676315856.1,588147159589.13,68299562868.42,368404564296.24,1008125810874.81,NA,8265,113472,947,37617,12214,NA,"2729775"
2026-06-03,58.0881,9.7457,1780444800000,2300212605026.85,129507676340.47,715174886974.33,74538674812.53,416273892916.98,964063864736.67,NA,8260,113490,947,37623,12217,NA,"2731215"
2026-06-04,57.3313,9.768,1780531200000,2237946263880.01,124511765298.87,644679619604.04,77099002576.04,395713479548.41,954903249173.79,NA,8264,113481,947,37627,12219,NA,"2732655"
2026-06-05,57.9126,9.6716,1780617600000,2207931253100.38,145820894025.94,773006182279.45,81990980353.96,440083946779.63,929259942150.89,NA,8259,113599,947,37635,12221,NA,"2734095"
2026-06-06,58.1748,9.0895,1.780704e+12,2100508271053.51,170408905760.01,922856254750.96,98831760362.3,559582345636.06,878541718639.68,NA,8254,113756,947,37704,12223,NA,"2735535"
2026-06-07,58.2034,9.0348,1780790400000,2095567529990.77,82554271665.47,452170073561.52,51596464428.32,298510910327.23,875876684888.05,NA,8240,113700,947,37705,12229,NA,"2736975"
2026-06-08,58.2393,9.3566,1780876800000,2177252270206.05,84770964184.35,483644316727.48,48761262893.36,294332055498.14,909235114460.33,NA,8233,113616,947,37705,12230,NA,"2738415"
2026-06-09,58.1216,9.3773,1780963200000,2175066240501.42,88094734740.6,493482543201.54,53957109397.5,319336382030.3,910882589862.55,NA,8229,113156,947,37719,12238,NA,"2739855"
2026-06-10,58.0509,9.288,1781049600000,2128413723824.95,90795386813.48,514967194521.23,50650709591.56,315619623673.01,892849640671.67,NA,8238,113659,947,37722,12239,NA,"2741295"
2026-06-11,58.2979,9.2563,1.781136e+12,2112501235963.05,74665250032.66,485672100575.14,47169656203.27,314661692999.01,880957305983.99,NA,8221,113651,947,37726,12243,NA,"2742735"
2026-06-12,58.4698,9.2621,1781222400000,2178294183422.07,77601686072.6,470333316926.37,48284146079.4,300660331780.52,904650297152.87,NA,8207,113019,947,37732,12247,NA,"2744175"
2026-06-13,58.5673,9.2417,1781308800000,2174442338532.04,72791448188.8,402369158106.69,45909799197.62,264958320520.05,900929352791.69,NA,8199,113124,947,37737,12252,NA,"2745615"
2026-06-14,58.6627,9.2132,1781395200000,2200815491046.22,49022759173.39,243298723662.64,32063879937.68,162683611854.16,909758103268.22,NA,8189,113123,947,37739,12254,NA,"2747055"
2026-06-15,58.7646,9.2862,1781481600000,2241187979870.29,56656033140.73,309259036323.44,35084105807.79,195001946271.95,924162983097.49,NA,8178,113027,947,37739,12258,NA,"2748495"
2026-06-16,58.5397,9.5443,1.781568e+12,2269630890145.72,91630885146.77,502466654158.27,58703571916.72,337180080645.69,940994823812.19,NA,8167,112911,947,37741,12267,NA,"2749935"
2026-06-17,58.4218,9.6008,1781654400000,2250755772515.81,75577135511.46,450058635255.2,50511572766.26,313979850392.15,935824401971.27,NA,8150,113079,947,38016,12277,NA,"2751375"
2026-06-18,58.2482,9.5161,1781740800000,2217319048570.16,83055560428.28,518749972175.91,51766124268.42,334483325926.68,925769965966.51,NA,8143,113173,947,38018,12280,NA,"2752815"
2026-06-19,58.0882,9.5055,1781827200000,2170175971581.07,78073735647.14,469820724214.39,47652611103.78,301556556537.83,909559277878.93,NA,8129,113168,947,38024,12280,NA,"2754255"
2026-06-20,58.336,9.4583,1781913600000,2182306409683.16,58254648795.67,315684074356.23,35900307948.66,206366748391.23,909235357674.37,NA,8113,113157,947,38024,12283,NA,"2755695"
2026-06-21,58.4439,9.526,1.782e+12,2203420325058.28,50142890671.82,276226459999.6,32660193737.56,180901594959.77,915655835531.47,NA,8106,113135,947,38025,12283,NA,"2757135"
2026-06-22,58.3109,9.4631,1782086400000,2174113833422.87,48764942736.07,257315248479.79,33024731131.27,170427522375.95,906368371453.1,NA,8086,112818,947,38031,12293,NA,"2758575"
