,date,btc_market_cap,eth_market_cap,sol_market_cap
0,2019-06-22,189903000000.0,32829967498.063015,
1,2019-06-23,191862000000.0,32678967559.22677,
2,2019-06-24,195616000000.0,33029142293.693962,
3,2019-06-25,208477000000.0,33712941350.723263,
4,2019-06-26,228718000000.0,35622224378.25488,
5,2019-06-27,197561000000.0,31273107004.01961,
6,2019-06-28,219782000000.0,33008442823.760014,
7,2019-06-29,212446000000.0,33981728796.261288,
8,2019-06-30,192874000000.0,31119231428.592224,
9,2019-07-01,188037000000.0,31358150645.906715,
10,2019-07-02,191553000000.0,31010994764.301292,
11,2019-07-03,212676000000.0,32240876010.828884,
12,2019-07-04,198910000000.0,30262788950.349937,
13,2019-07-05,195754000000.0,30733145888.12624,
14,2019-07-06,199514000000.0,30674484352.699688,
15,2019-07-07,203955000000.0,32699604437.938457,
16,2019-07-08,219350000000.0,33465046667.67727,
17,2019-07-09,223998000000.0,32937024307.04764,
18,2019-07-10,215611000000.0,30846041550.50565,
19,2019-07-11,201166000000.0,28585400222.196957,
20,2019-07-12,210423000000.0,29479848133.59564,
21,2019-07-13,202136000000.0,28715802122.731354,
22,2019-07-14,183205000000.0,24620036079.467262,
23,2019-07-15,194686000000.0,24649142143.778496,
24,2019-07-16,168773000000.0,21276224384.661453,
25,2019-07-17,172424000000.0,22554541098.75768,
26,2019-07-18,190352000000.0,24301691735.605152,
27,2019-07-19,187736000000.0,23640569440.678127,
28,2019-07-20,193642000000.0,24674808190.528713,
29,2019-07-21,188800000000.0,24143062344.98984,
30,2019-07-22,183985000000.0,23219687067.907722,
31,2019-07-23,175947000000.0,22724829164.16559,
32,2019-07-24,174647000000.0,23207950403.57838,
33,2019-07-25,176526000000.0,23509546169.815243,
34,2019-07-26,175466000000.0,23483274720.00602,
35,2019-07-27,168528000000.0,22124446641.484188,
36,2019-07-28,170029000000.0,22585779155.89168,
37,2019-07-29,169593000000.0,22579327589.40239,
38,2019-07-30,171129000000.0,22495310915.823956,
39,2019-07-31,179532000000.0,23361413630.406025,
40,2019-08-01,185646000000.0,23285619423.541008,
41,2019-08-02,187974000000.0,23322218921.28768,
42,2019-08-03,193009000000.0,23771856555.667267,
43,2019-08-04,196176000000.0,23877047361.406273,
44,2019-08-05,210548000000.0,24899592670.507587,
45,2019-08-06,204023000000.0,24198369709.733223,
46,2019-08-07,213759000000.0,24235088740.577576,
47,2019-08-08,213264000000.0,23649176097.23058,
48,2019-08-09,211857000000.0,22501234307.962177,
49,2019-08-10,201970000000.0,22129365881.685932,
50,2019-08-11,206038000000.0,23147539268.851048,
51,2019-08-12,203459000000.0,22633641566.054382,
52,2019-08-13,194227000000.0,22381718196.34567,
53,2019-08-14,179185000000.0,20000577353.160686,
54,2019-08-15,184312000000.0,20178602496.90206,
55,2019-08-16,185462000000.0,19919380356.037617,
56,2019-08-17,182511000000.0,19918647877.887325,
57,2019-08-18,184747000000.0,20904498669.456806,
58,2019-08-19,194659000000.0,21772683346.41552,
59,2019-08-20,192656000000.0,21125796104.068176,
60,2019-08-21,180610000000.0,20030715888.05352,
61,2019-08-22,181037000000.0,20580981260.989574,
62,2019-08-23,186322000000.0,20908891035.8392,
63,2019-08-24,181563000000.0,20534428091.11294,
64,2019-08-25,180747000000.0,20022256818.774483,
65,2019-08-26,185461000000.0,20266135562.6101,
66,2019-08-27,181999000000.0,20087406894.27063,
67,2019-08-28,174079000000.0,18616380728.084164,
68,2019-08-29,169756000000.0,18141390570.356873,
69,2019-08-30,171483000000.0,18104623787.74059,
70,2019-08-31,171992000000.0,18516138666.279892,
71,2019-09-01,174839000000.0,18414566771.441406,
72,2019-09-02,185861000000.0,19209517444.378284,
73,2019-09-03,190205000000.0,19282244288.95315,
74,2019-09-04,189483000000.0,18800078619.011795,
75,2019-09-05,189554000000.0,18782179700.468437,
76,2019-09-06,185108000000.0,18212987608.112083,
77,2019-09-07,188061000000.0,19190121634.734825,
78,2019-09-08,186517000000.0,19549632536.92629,
79,2019-09-09,185200000000.0,19528792898.733322,
80,2019-09-10,180800000000.0,19338232334.94536,
81,2019-09-11,181830000000.0,19175143062.074368,
82,2019-09-12,186537000000.0,19477782328.50528,
83,2019-09-13,185517000000.0,19552152884.762524,
84,2019-09-14,185861000000.0,20317552193.333668,
85,2019-09-15,184854000000.0,20411445865.960472,
86,2019-09-16,184006000000.0,21274654940.357323,
87,2019-09-17,182910000000.0,22555219204.008045,
88,2019-09-18,182314000000.0,22712561546.872314,
89,2019-09-19,184257000000.0,23884102356.11401,
90,2019-09-20,182513000000.0,23416295173.660477,
91,2019-09-21,179235000000.0,23236426290.194546,
92,2019-09-22,180343000000.0,22759678484.880344,
93,2019-09-23,174004000000.0,21702858131.14574,
94,2019-09-24,154645000000.0,18168842882.31674,
95,2019-09-25,151257000000.0,18322746777.25766,
96,2019-09-26,145306000000.0,17946395183.495243,
97,2019-09-27,147031000000.0,18784808982.002388,
98,2019-09-28,147317000000.0,18756413719.296352,
99,2019-09-29,144864000000.0,18332909635.272854,
100,2019-09-30,148791000000.0,19377477323.72663,
101,2019-10-01,149383000000.0,19069664710.307625,
102,2019-10-02,150275000000.0,19516768985.60144,
103,2019-10-03,148331000000.0,18948288166.706306,
104,2019-10-04,146767000000.0,19032534194.19834,
105,2019-10-05,146336000000.0,19030548229.83109,
106,2019-10-06,141192000000.0,18349133895.167767,
107,2019-10-07,147884000000.0,19555738141.314304,
108,2019-10-08,147255000000.0,19522197331.959583,
109,2019-10-09,154611000000.0,20990074314.28429,
110,2019-10-10,154262000000.0,20705717244.41888,
111,2019-10-11,149096000000.0,19554700913.817116,
112,2019-10-12,149721000000.0,19494162670.542446,
113,2019-10-13,149151000000.0,19621422029.848366,
114,2019-10-14,150157000000.0,20169516275.236813,
115,2019-10-15,146830000000.0,19497412495.622784,
116,2019-10-16,144024000000.0,18927980712.435215,
117,2019-10-17,145273000000.0,19154729973.641537,
118,2019-10-18,143252000000.0,18730861328.932087,
119,2019-10-19,143072000000.0,18568974273.58357,
120,2019-10-20,147861000000.0,18958103063.058914,
121,2019-10-21,147839000000.0,18853355079.83965,
122,2019-10-22,144570000000.0,18537783832.04837,
123,2019-10-23,134302000000.0,17464225552.303925,
124,2019-10-24,134251000000.0,17434007116.006287,
125,2019-10-25,155919000000.0,19616667018.47453,
126,2019-10-26,166615000000.0,19462917786.90324,
127,2019-10-27,172189000000.0,19990792916.262955,
128,2019-10-28,167897000000.0,19802719295.022167,
129,2019-10-29,169932000000.0,20673565380.73451,
130,2019-10-30,165472000000.0,19857659659.467438,
131,2019-10-31,164990000000.0,19768355318.52862,
132,2019-11-01,166738000000.0,19871724343.50992,
133,2019-11-02,167633000000.0,19834747308.111164,
134,2019-11-03,166016000000.0,19718787480.558216,
135,2019-11-04,169795000000.0,20168648362.295105,
136,2019-11-05,168231000000.0,20516176155.58626,
137,2019-11-06,168683000000.0,20772345043.562206,
138,2019-11-07,166099000000.0,20255795747.492107,
139,2019-11-08,158550000000.0,19961856525.120106,
140,2019-11-09,158915000000.0,20064530525.07171,
141,2019-11-10,163118000000.0,20509833608.791107,
142,2019-11-11,157189000000.0,20010251811.889503,
143,2019-11-12,158572000000.0,20246864946.49676,
144,2019-11-13,158186000000.0,20407190283.77138,
145,2019-11-14,156012000000.0,20054975322.906975,
146,2019-11-15,152790000000.0,19538785387.741634,
147,2019-11-16,153019000000.0,19790470061.03668,
148,2019-11-17,153531000000.0,19960271731.536537,
149,2019-11-18,147741000000.0,19336305595.120907,
150,2019-11-19,146551000000.0,19053218116.264065,
151,2019-11-20,145838000000.0,18944016603.379753,
152,2019-11-21,137468000000.0,17460004106.596848,
153,2019-11-22,131436000000.0,16272181579.667791,
154,2019-11-23,132302000000.0,16551224892.86039,
155,2019-11-24,125427000000.0,15384925842.0488,
156,2019-11-25,128974000000.0,15928557854.38412,
157,2019-11-26,129462000000.0,16080446911.775074,
158,2019-11-27,136003000000.0,16658918897.407133,
159,2019-11-28,134380000000.0,16417439365.284271,
160,2019-11-29,140023000000.0,16772143453.185652,
161,2019-11-30,136574000000.0,16530372699.186825,
162,2019-12-01,134084000000.0,16463023771.829067,
163,2019-12-02,132299000000.0,16211635736.35005,
164,2019-12-03,132098000000.0,16040743767.687872,
165,2019-12-04,130459000000.0,15850140690.03164,
166,2019-12-05,133893000000.0,16104831824.58484,
167,2019-12-06,136260000000.0,16180321474.759104,
168,2019-12-07,135873000000.0,16053119230.46428,
169,2019-12-08,136193000000.0,16416556592.389666,
170,2019-12-09,132793000000.0,16041386977.228628,
171,2019-12-10,130850000000.0,15860338259.439938,
172,2019-12-11,130291000000.0,15582716246.515211,
173,2019-12-12,130165000000.0,15759013989.97741,
174,2019-12-13,131119000000.0,15746101129.489502,
175,2019-12-14,127987000000.0,15447473408.06576,
176,2019-12-15,128728000000.0,15499305925.048939,
177,2019-12-16,124595000000.0,14419764992.528624,
178,2019-12-17,119658000000.0,13236580486.015429,
179,2019-12-18,131897000000.0,14477443934.213896,
180,2019-12-19,129390000000.0,13929807827.812023,
181,2019-12-20,130108000000.0,13971749476.510723,
182,2019-12-21,129331000000.0,13850973416.661491,
183,2019-12-22,135489000000.0,14393262381.728577,
184,2019-12-23,132648000000.0,13931799754.97065,
185,2019-12-24,131101000000.0,13915906116.501743,
186,2019-12-25,130307000000.0,13614669721.513311,
187,2019-12-26,130382000000.0,13662560948.78117,
188,2019-12-27,131167000000.0,13759076458.52781,
189,2019-12-28,132439000000.0,13962785724.476667,
190,2019-12-29,133993000000.0,14684126312.21448,
191,2019-12-30,131067000000.0,14319936658.825958,
192,2019-12-31,129958000000.0,14018445703.988405,
193,2020-01-01,130029000000.0,14178270421.921019,
194,2020-01-02,125986000000.0,13826867612.653484,
195,2020-01-03,132682000000.0,14599804719.65949,
196,2020-01-04,133202000000.0,14628869157.81454,
197,2020-01-05,133261000000.0,14732412456.03946,
198,2020-01-06,140901000000.0,15717379574.559843,
199,2020-01-07,147633000000.0,15638597613.345484,
200,2020-01-08,146265000000.0,15381069898.771856,
201,2020-01-09,141877000000.0,15011842480.594463,
202,2020-01-10,147568000000.0,15703468328.260777,
203,2020-01-11,145807000000.0,15602393300.428144,
204,2020-01-12,148230000000.0,15888481562.367712,
205,2020-01-13,147471000000.0,15722557461.083925,
206,2020-01-14,160347000000.0,18143435606.12317,
207,2020-01-15,160023000000.0,18124467268.37728,
208,2020-01-16,158355000000.0,17929895452.403725,
209,2020-01-17,161894000000.0,18695250628.24056,
210,2020-01-18,162195000000.0,19139317798.63109,
211,2020-01-19,157835000000.0,18236076930.535244,
212,2020-01-20,156923000000.0,18253204510.555267,
213,2020-01-21,158658000000.0,18500897551.820377,
214,2020-01-22,157167000000.0,18325323198.820892,
215,2020-01-23,152067000000.0,17738141323.824425,
216,2020-01-24,153120000000.0,17750311613.296627,
217,2020-01-25,151707000000.0,17563648536.175957,
218,2020-01-26,155889000000.0,18292195655.851025,
219,2020-01-27,161871000000.0,18598192538.25385,
220,2020-01-28,169076000000.0,19185219796.01567,
221,2020-01-29,169357000000.0,19121982127.946495,
222,2020-01-30,172959000000.0,20173230026.184807,
223,2020-01-31,170219000000.0,19727532199.85916,
224,2020-02-01,170683000000.0,20102199224.117313,
225,2020-02-02,169927000000.0,20634323242.760967,
226,2020-02-03,168860000000.0,20740233582.51918,
227,2020-02-04,166727000000.0,20626148419.76395,
228,2020-02-05,175232000000.0,22474755226.697063,
229,2020-02-06,177274000000.0,23323999289.47683,
230,2020-02-07,178401000000.0,24424319297.757828,
231,2020-02-08,180439000000.0,24549066763.908558,
232,2020-02-09,184822000000.0,25044743521.801567,
233,2020-02-10,179766000000.0,24573391617.75849,
234,2020-02-11,187063000000.0,26057807917.567142,
235,2020-02-12,188683000000.0,29241231904.20878,
236,2020-02-13,186432000000.0,29386384295.138535,
237,2020-02-14,188747000000.0,31242756917.938057,
238,2020-02-15,180568000000.0,29074886159.376545,
239,2020-02-16,181321000000.0,28650052597.31488,
240,2020-02-17,176438000000.0,29254896719.761894,
241,2020-02-18,185791000000.0,31119410430.843903,
242,2020-02-19,175617000000.0,28655082917.488983,
243,2020-02-20,175233000000.0,28390259666.617573,
244,2020-02-21,176848000000.0,29192724331.862946,
245,2020-02-22,176383000000.0,28741137656.4129,
246,2020-02-23,181826000000.0,30195991897.405506,
247,2020-02-24,175921000000.0,29034229389.03716,
248,2020-02-25,170399000000.0,27299039944.245907,
249,2020-02-26,160470000000.0,24794413841.21872,
250,2020-02-27,160122000000.0,24873570824.521965,
251,2020-02-28,159620000000.0,25126637380.31679,
252,2020-02-29,156563000000.0,24187791274.59072,
253,2020-03-01,155843000000.0,24028268465.414288,
254,2020-03-02,162512000000.0,25413064966.13357,
255,2020-03-03,160021000000.0,24656438697.67116,
256,2020-03-04,159810000000.0,24645488218.32676,
257,2020-03-05,165418000000.0,25050745567.437977,
258,2020-03-06,166979000000.0,26870233371.789173,
259,2020-03-07,162454000000.0,26183899467.590214,
260,2020-03-08,148072000000.0,22304759581.86333,
261,2020-03-09,144194000000.0,22019869505.344463,
262,2020-03-10,144456000000.0,22099583051.436165,
263,2020-03-11,145006000000.0,21374382373.42447,
264,2020-03-12,90585702982.0,12142407753.818476,
265,2020-03-13,102805000000.0,14833124347.053228,
266,2020-03-14,93998247297.0,13438863731.076996,
267,2020-03-15,97906237673.0,13625115182.117708,
268,2020-03-16,91597647940.0,12150685925.345997,
269,2020-03-17,98984556813.0,12970898278.550419,
270,2020-03-18,98549332948.0,12961485399.65306,
271,2020-03-19,113380000000.0,15130251786.244404,
272,2020-03-20,112851000000.0,14490392135.65463,
273,2020-03-21,112890000000.0,14600089052.828814,
274,2020-03-22,106588000000.0,13492311428.732088,
275,2020-03-23,118587000000.0,14942935323.33988,
276,2020-03-24,123874000000.0,15366419445.988304,
277,2020-03-25,122329000000.0,15002403558.825708,
278,2020-03-26,123516000000.0,15281280819.357052,
279,2020-03-27,118708000000.0,14739954361.722431,
280,2020-03-28,113983000000.0,14449137200.997223,
281,2020-03-29,108013000000.0,13805846662.68518,
282,2020-03-30,117757000000.0,14659486151.110657,
283,2020-03-31,117687000000.0,14728117877.98116,
284,2020-04-01,121555000000.0,14988853750.11207,
285,2020-04-02,124305000000.0,15575195266.801167,
286,2020-04-03,123572000000.0,15640617341.301085,
287,2020-04-04,125561000000.0,15930519903.265596,
288,2020-04-05,124308000000.0,15781947108.521961,
289,2020-04-06,133611000000.0,18724591241.935223,
290,2020-04-07,131599000000.0,18131477641.717987,
291,2020-04-08,134994000000.0,19136147491.922146,
292,2020-04-09,133678000000.0,18805940059.12753,
293,2020-04-10,125638000000.0,17401879641.164467,
294,2020-04-11,126080000000.0,17501345211.614273,6244287.603841352
295,2020-04-12,127842000000.0,17748494749.077957,7247081.666323752
296,2020-04-13,125747000000.0,17369419396.38593,6272480.380791288
297,2020-04-14,125981000000.0,17571338460.463604,5365156.692380488
298,2020-04-15,121413000000.0,16904276680.161112,5126711.21727128
299,2020-04-16,130633000000.0,19119196833.544605,5527442.69576492
300,2020-04-17,129796000000.0,19039962026.433464,5305312.182146792
301,2020-04-18,133133000000.0,20797696180.25448,5434540.875572112
302,2020-04-19,131084000000.0,20039638790.1467,4849761.633956856
303,2020-04-20,125653000000.0,18912213343.399124,4280073.5720132
304,2020-04-21,125981000000.0,18967133744.99661,4658443.318301376
305,2020-04-22,130638000000.0,20196480809.97249,5499779.397580152
306,2020-04-23,137342000000.0,20538041917.77198,4978498.558267552
307,2020-04-24,137683000000.0,20759125508.81152,5004329.822721864
308,2020-04-25,138270000000.0,21443708770.93961,5193335.980870568
309,2020-04-26,140968000000.0,21809034229.86663,5098060.873943408
310,2020-04-27,142695000000.0,21756737684.677063,4580825.119326544
311,2020-04-28,142569000000.0,21859122510.61627,5276816.276521088
312,2020-04-29,160787000000.0,23845483196.444824,5925553.234311432
313,2020-04-30,158795000000.0,22907371395.435123,5609154.41307072
314,2020-05-01,162538000000.0,23555666502.519516,5765264.157688208
315,2020-05-02,164788000000.0,23715902068.617542,5693429.792564704
316,2020-05-03,163327000000.0,23270958475.09984,5471060.257334048
317,2020-05-04,163073000000.0,22927215245.064075,5344670.476877264
318,2020-05-05,164999000000.0,22699992399.743904,5179119.716206848
319,2020-05-06,170176000000.0,22464649297.780945,4999265.386048912
320,2020-05-07,183545000000.0,23603815690.46928,4848004.407672976
321,2020-05-08,181094000000.0,23542669489.959846,4873502.726268432
322,2020-05-09,175931000000.0,23363989710.70776,4862699.033311736
323,2020-05-10,160105000000.0,20791272244.728687,4300365.016894032
324,2020-05-11,157857000000.0,20591261825.070965,4131295.797333928
325,2020-05-12,162018000000.0,21048773157.38801,4291770.2915178
326,2020-05-13,171320000000.0,22173654763.00358,4423010.818349488
327,2020-05-14,180116000000.0,22575103268.25058,4583389.819401712
328,2020-05-15,171405000000.0,21644859091.988144,4459485.723208088
329,2020-05-16,172673000000.0,22279643089.313786,4778039.082088272
330,2020-05-17,177956000000.0,22976158264.50388,4926470.851363544
331,2020-05-18,178777000000.0,23830757524.145336,5214709.807336496
332,2020-05-19,179287000000.0,23730700380.862934,5018408.063210736
333,2020-05-20,174910000000.0,23287865900.473843,4655488.143231672
334,2020-05-21,166702000000.0,22082138726.668465,4845477.796992304
335,2020-05-22,168420000000.0,22989273349.49799,5086561.528854536
336,2020-05-23,168831000000.0,22976044258.13307,4859556.143624592
337,2020-05-24,161896000000.0,22474387553.356544,4418578.904915104
338,2020-05-25,163795000000.0,22689925624.28351,4817501.435616392
339,2020-05-26,162440000000.0,22311475364.552628,4597116.998537456
340,2020-05-27,168587000000.0,23051598054.833065,4720446.968687976
341,2020-05-28,175935000000.0,24374441209.91737,4605162.443582504
342,2020-05-29,173445000000.0,24533647804.275528,9469174.196604175
343,2020-05-30,178220000000.0,27069137962.451633,9579245.702479923
344,2020-05-31,173490000000.0,25724431777.72408,9361901.182454873
345,2020-06-01,187571000000.0,27687448289.737885,9445248.937696105
346,2020-06-02,174948000000.0,26368414415.3678,9276198.282973215
347,2020-06-03,177346000000.0,27122665148.657776,9596191.180879751
348,2020-06-04,180501000000.0,27094110010.11104,9587138.559756387
349,2020-06-05,177360000000.0,26727650423.334824,10786320.666323189
350,2020-06-06,177860000000.0,26919700848.018658,10159990.14679507
351,2020-06-07,179323000000.0,27186063925.314457,10026851.024105376
352,2020-06-08,179733000000.0,27365546538.830917,10915650.739694651
353,2020-06-09,179929000000.0,27186162009.235607,10746216.480205713
354,2020-06-10,181944000000.0,27565509589.522953,10584732.567569574
355,2020-06-11,170712000000.0,25699009813.52846,9340599.142357955
356,2020-06-12,174011000000.0,26398726362.155186,9709771.60995983
357,2020-06-13,174116000000.0,26505280836.43997,9970712.191613682
358,2020-06-14,171947000000.0,25845714345.74088,9561232.523881732
359,2020-06-15,173768000000.0,25744308659.47365,9343617.520786528
360,2020-06-16,175225000000.0,26186071399.158695,9536020.39978508
361,2020-06-17,173920000000.0,26027920560.961193,9535924.77072233
362,2020-06-18,172847000000.0,25768536507.19638,10140154.380119355
363,2020-06-19,170940000000.0,25487279250.576496,11228499.292281138
364,2020-06-20,172261000000.0,25506189587.945522,10659173.694237258
365,2020-06-21,170934000000.0,25359909906.779415,11084643.66126718
366,2020-06-22,178304000000.0,27106243519.32844,12025128.710132524
367,2020-06-23,176970000000.0,27076159108.44639,11658191.249586614
368,2020-06-24,171110000000.0,26176839521.0658,12162188.230774255
369,2020-06-25,170274000000.0,25912183719.27529,11759432.713624194
370,2020-06-26,168668000000.0,25611280453.337646,12175054.39027912
371,2020-06-27,165781000000.0,24611334416.419567,11753746.174881447
372,2020-06-28,167739000000.0,25031892287.059547,13124521.193731073
373,2020-06-29,169151000000.0,25433948895.178642,14088286.929999849
374,2020-06-30,168417000000.0,25180700310.10752,14331239.398507372
375,2020-07-01,170219000000.0,25788891585.621433,13744493.675393924
376,2020-07-02,167522000000.0,25296094249.332912,12807616.677865293
377,2020-07-03,167020000000.0,25120321315.106716,12698039.837036435
378,2020-07-04,168126000000.0,25543899870.398716,12889381.6115762
379,2020-07-05,167277000000.0,25413143560.3585,11428736.964413935
380,2020-07-06,172064000000.0,26924663763.201286,11720896.475726193
381,2020-07-07,170474000000.0,26686150449.03995,12414255.9729842
382,2020-07-08,173844000000.0,27563834142.56887,13123471.705848824
383,2020-07-09,170111000000.0,26987331364.791916,14021382.808851428
384,2020-07-10,171111000000.0,26921581001.064438,15095653.714339323
385,2020-07-11,170235000000.0,26731974636.121494,15263671.933526026
386,2020-07-12,171201000000.0,26958992964.07357,16786258.33412031
387,2020-07-13,170242000000.0,26740675922.918827,19472719.54640205
388,2020-07-14,170688000000.0,26890604805.98548,19836048.172795225
389,2020-07-15,169524000000.0,26641584708.01707,22487276.392737564
390,2020-07-16,168349000000.0,26104773435.08224,17607691.700419586
391,2020-07-17,168797000000.0,26029210801.81774,19721741.19815093
392,2020-07-18,169162000000.0,26374974502.32512,20625526.355379287
393,2020-07-19,169962000000.0,26763799000.76177,19673138.061467454
394,2020-07-20,169017000000.0,26431904007.293,18602726.18804348
395,2020-07-21,173107000000.0,27429317187.06535,21060974.172479376
396,2020-07-22,175745000000.0,29552124968.34903,22212715.772470396
397,2020-07-23,177190000000.0,30789027288.437176,23622978.782469586
398,2020-07-24,176072000000.0,31316836278.00613,22252993.86616712
399,2020-07-25,178928000000.0,34173444578.578663,28581445.273885135
400,2020-07-26,183205000000.0,34808491154.46768,35764510.87141275
401,2020-07-27,203735000000.0,36177533658.5409,39490788.041444674
402,2020-07-28,201866000000.0,35597800750.959694,41684128.56199417
403,2020-07-29,205033000000.0,35603316650.77604,38376669.23502784
404,2020-07-30,205406000000.0,37616080625.564606,41086010.65236357
405,2020-07-31,209156000000.0,38764530172.38144,37541047.13324222
406,2020-08-01,217642000000.0,43361593330.4842,37552023.6171224
407,2020-08-02,204672000000.0,41686217249.78186,42258703.16483463
408,2020-08-03,207303000000.0,43181956075.50196,43976285.46530614
409,2020-08-04,206697000000.0,43767048312.837875,46569310.30290089
410,2020-08-05,216280000000.0,44885865772.356285,43259863.955935806
411,2020-08-06,217173000000.0,44151144253.727196,53978768.85963624
412,2020-08-07,214041000000.0,42624978508.1502,53510990.33173819
413,2020-08-08,216710000000.0,43978548352.26044,65447429.75379876
414,2020-08-09,215567000000.0,43627708044.53012,70853044.8951226
415,2020-08-10,219083000000.0,44330962245.76909,83048729.66793111
416,2020-08-11,210275000000.0,42509009794.037254,90715773.73112777
417,2020-08-12,213661000000.0,43422196401.43864,105560074.30228285
418,2020-08-13,217326000000.0,47643532257.61292,105960201.2372635
419,2020-08-14,217355000000.0,49138658883.6942,99445983.62185425
420,2020-08-15,219075000000.0,48531291852.07669,95481724.97042874
421,2020-08-16,219691000000.0,48574110268.591194,100748668.38858736
422,2020-08-17,227385000000.0,48569085317.76444,93266048.06476349
423,2020-08-18,221430000000.0,47509323487.58529,102199602.3029266
424,2020-08-19,216716000000.0,45666945539.44811,90066072.7751182
425,2020-08-20,219139000000.0,46725405730.84063,101014230.9577666
426,2020-08-21,212819000000.0,43473343206.07392,92852936.8776949
427,2020-08-22,215741000000.0,44452200843.192696,95295269.69496097
428,2020-08-23,215443000000.0,44012367138.78997,103983281.81331556
429,2020-08-24,217408000000.0,45909467108.63924,104260812.96966302
430,2020-08-25,209792000000.0,43086001083.44212,102707625.154697
431,2020-08-26,211899000000.0,43398854775.01151,112646120.14584552
432,2020-08-27,209002000000.0,42955379762.60985,109318046.641112
433,2020-08-28,212950000000.0,44386475532.71301,128951872.22962828
434,2020-08-29,212276000000.0,44990635102.98346,129713757.75972612
435,2020-08-30,216133000000.0,48123612336.115005,143972133.95255136
436,2020-08-31,215761000000.0,49016753889.10611,155636948.37123725
437,2020-09-01,221167000000.0,54043001554.14368,142640639.59678173
438,2020-09-02,210908000000.0,49604706439.4126,135153105.5779564
439,2020-09-03,189613000000.0,43126064878.7356,117258130.80656461
440,2020-09-04,193511000000.0,43482808588.438774,118139183.92753436
441,2020-09-05,187175000000.0,37274408054.48287,86735270.57274534
442,2020-09-06,189488000000.0,39731784326.1546,103555762.86053263
443,2020-09-07,191615000000.0,39689378765.20791,97685400.74192256
444,2020-09-08,186834000000.0,37883840550.2409,84542482.32725206
445,2020-09-09,188960000000.0,39614236623.12765,120203538.8691846
446,2020-09-10,191031000000.0,41343847912.49755,118237811.85985725
447,2020-09-11,192010000000.0,42090063700.75738,119911240.14028049
448,2020-09-12,192942000000.0,43474037972.93866,117125372.8373966
449,2020-09-13,190838000000.0,41163062919.25454,112971783.13262507
450,2020-09-14,197138000000.0,42311901608.10819,115051965.96522968
451,2020-09-15,199306000000.0,40981011851.14145,106770575.86449692
452,2020-09-16,202810000000.0,41142006315.984886,93079396.58905408
453,2020-09-17,202229000000.0,43864015102.33902,106826909.0979833
454,2020-09-18,201942000000.0,43060084460.12367,114702550.42201002
455,2020-09-19,204795000000.0,43401541038.210365,112846734.8484447
456,2020-09-20,201984000000.0,41824882603.32649,106912427.9957194
457,2020-09-21,193378000000.0,38590167825.05769,104281863.21674412
458,2020-09-22,194579000000.0,38712898126.93146,110131001.49337976
459,2020-09-23,189288000000.0,36134668149.15297,107503326.61064708
460,2020-09-24,198652000000.0,39358014556.0892,119016591.69510458
461,2020-09-25,197636000000.0,39652509376.762024,121215629.63933226
462,2020-09-26,198728000000.0,39982772725.416565,120196233.23850982
463,2020-09-27,199048000000.0,40159044442.3825,122360444.38538608
464,2020-09-28,198477000000.0,40089110282.33383,115223612.02162527
465,2020-09-29,200591000000.0,40572242930.23919,116636091.24133956
466,2020-09-30,199327000000.0,40608069001.01995,115928307.55094124
467,2020-10-01,196271000000.0,39753638204.43729,115570032.47044958
468,2020-10-02,195603000000.0,39018189332.94325,106597777.02544507
469,2020-10-03,195346000000.0,39118896491.02566,104840718.51890457
470,2020-10-04,197390000000.0,39765280838.754944,103070250.57957044
471,2020-10-05,199381000000.0,39866190585.32463,109921542.04905204
472,2020-10-06,196128000000.0,38393439819.02707,89865250.80085382
473,2020-10-07,197448000000.0,38517272032.39445,95522903.39765328
474,2020-10-08,201814000000.0,39579494149.28636,99696691.39060512
475,2020-10-09,205001000000.0,41359367217.16903,107942249.0596692
476,2020-10-10,209246000000.0,41932940977.90237,102359265.43000774
477,2020-10-11,210652000000.0,42261276052.20113,102638376.05655289
478,2020-10-12,213812000000.0,43794329458.79846,109519245.88382564
479,2020-10-13,211723000000.0,43107369627.28657,102142198.4975272
480,2020-10-14,211404000000.0,42805800702.39239,100373205.99601965
481,2020-10-15,212997000000.0,42661073711.84296,98677228.39113288
482,2020-10-16,209978000000.0,41400056823.842995,93655058.76480232
483,2020-10-17,210430000000.0,41633142797.58399,95623625.58975853
484,2020-10-18,212790000000.0,42723797157.24873,96222988.17002407
485,2020-10-19,217544000000.0,42903166320.79833,89522183.21628672
486,2020-10-20,220954000000.0,41707584653.54216,82272912.35424095
487,2020-10-21,237988000000.0,44384831965.46309,82608280.44235682
488,2020-10-22,240759000000.0,46874253479.905846,85760909.67393106
489,2020-10-23,239953000000.0,46303400782.525,86775702.24482824
490,2020-10-24,242936000000.0,46640269106.96133,85285940.07306871
491,2020-10-25,241611000000.0,46020668226.0468,79837987.49242218
492,2020-10-26,242343000000.0,44585414597.01592,75546956.89565949
493,2020-10-27,253373000000.0,45726338651.34466,77431454.64891447
494,2020-10-28,246245000000.0,44018002202.64809,69617573.03467496
495,2020-10-29,249679000000.0,43783900656.96754,65615233.271892734
496,2020-10-30,252061000000.0,43427791352.17598,66137031.975055285
497,2020-10-31,255850000000.0,43771395808.051254,70667540.02253394
498,2020-11-01,254556000000.0,44794947443.517136,73496120.30768393
499,2020-11-02,251948000000.0,43471889989.27828,67684222.48713087
500,2020-11-03,259394000000.0,44009375960.33693,65030781.42252717
501,2020-11-04,261856000000.0,45515313895.00701,63998216.43123729
502,2020-11-05,289251000000.0,47243042416.891136,64342094.78333466
503,2020-11-06,289497000000.0,51718674196.7552,88232646.83002295
504,2020-11-07,275562000000.0,49495234269.28223,94241052.69325534
505,2020-11-08,287321000000.0,51609557493.426094,99048274.1177826
506,2020-11-09,283995000000.0,50388432680.79874,93107940.27213861
507,2020-11-10,283994000000.0,51182713291.54186,104682919.42378356
508,2020-11-11,291632000000.0,52630307643.98437,92145479.82382093
509,2020-11-12,301987000000.0,52483547934.63293,86803215.31351689
510,2020-11-13,302733000000.0,54043954188.11713,92602316.11731745
511,2020-11-14,298505000000.0,52460351696.62845,88389832.31521977
512,2020-11-15,296368000000.0,50968726410.22561,93735612.6689101
513,2020-11-16,310389000000.0,52439303240.279915,104266741.74246608
514,2020-11-17,327799000000.0,54764598181.229195,101148306.87795222
515,2020-11-18,330212000000.0,54407650003.92009,97435312.55304772
516,2020-11-19,330490000000.0,53467455292.36299,95106252.7362704
517,2020-11-20,346181000000.0,57833655429.958626,97045955.34613176
518,2020-11-21,346995000000.0,62130116927.1701,109058132.03542824
519,2020-11-22,342861000000.0,64155768064.07616,99412103.78762664
520,2020-11-23,340851000000.0,68941420584.19986,104915226.71928492
521,2020-11-24,355283000000.0,68649757667.68506,104090611.46546036
522,2020-11-25,347844000000.0,64532707820.2165,104012038.15329991
523,2020-11-26,317532000000.0,58878474304.649086,87397516.34387772
524,2020-11-27,317323000000.0,58731546980.198,85306961.87909709
525,2020-11-28,329286000000.0,61440808506.01331,87021002.67168178
526,2020-11-29,337569000000.0,65316285190.68381,88081285.81824803
527,2020-11-30,364932000000.0,69709797643.85445,90640464.89384611
528,2020-12-01,349286000000.0,66852274402.46885,91723438.29158856
529,2020-12-02,356622000000.0,68073554769.00777,97979314.43649566
530,2020-12-03,361379000000.0,70199089676.30096,97106649.89090632
531,2020-12-04,347712000000.0,65048717200.07958,86236547.50702192
532,2020-12-05,354813000000.0,67641822105.51344,91336936.36198814
533,2020-12-06,359317000000.0,68483549097.79226,85620207.71228129
534,2020-12-07,356100000000.0,67305861943.57245,84654738.7599713
535,2020-12-08,340501000000.0,63048370940.524605,77221232.81231855
536,2020-12-09,344857000000.0,65319035865.610565,77126901.68599828
537,2020-12-10,339677000000.0,63761025401.46218,73043422.53468022
538,2020-12-11,335364000000.0,62065585552.52408,67098476.54380361
539,2020-12-12,349335000000.0,64697278560.71465,69170381.0764852
540,2020-12-13,355716000000.0,67206113453.262794,72341882.93619542
541,2020-12-14,358161000000.0,66752768792.53065,73634573.59137274
542,2020-12-15,360887000000.0,67048839806.667,80964406.33294214
543,2020-12-16,396899000000.0,72430880317.73624,82545870.43703248
544,2020-12-17,423264000000.0,73189108080.59248,78020180.31310841
545,2020-12-18,428103000000.0,74247988547.10995,79059828.71132879
546,2020-12-19,443134000000.0,75134163428.5208,77849610.91614541
547,2020-12-20,437061000000.0,72733788308.76361,72801693.89623158
548,2020-12-21,426102000000.0,69778889327.48112,72025440.64152253
549,2020-12-22,441345000000.0,72251497111.775,69516213.09451652
550,2020-12-23,433013000000.0,67056518587.10221,56299211.896625355
551,2020-12-24,440474000000.0,69729451065.65901,63326278.15676084
552,2020-12-25,458358000000.0,71327143892.5478,67275815.2480199
553,2020-12-26,491992000000.0,72471574959.35635,61736626.8332569
554,2020-12-27,491137000000.0,78484945438.75719,61365034.22478988
555,2020-12-28,502469000000.0,83287062649.37086,70344725.32312712
556,2020-12-29,506062000000.0,83458671524.51183,77415209.71175234
557,2020-12-30,536072000000.0,85666191925.30298,71492892.37830806
558,2020-12-31,539413000000.0,84286915998.4485,70328922.85151228
559,2021-01-01,546097000000.0,83371600687.19344,85827028.59827167
560,2021-01-02,595233000000.0,88444643858.51671,84096226.01783957
561,2021-01-03,618596000000.0,112992827132.18095,100016233.91887544
562,2021-01-04,591196000000.0,117565039436.4192,114388479.57764204
563,2021-01-05,632335000000.0,125708935410.54224,100504159.86532368
564,2021-01-06,681267000000.0,136885230787.89243,90642185.65589225
565,2021-01-07,729136000000.0,139282787723.4794,110198133.506635
566,2021-01-08,758179000000.0,139260996522.61804,837941851.484563
567,2021-01-09,750691000000.0,146937430255.0707,891921191.819294
568,2021-01-10,712766000000.0,144495863161.77533,906496755.1938767
569,2021-01-11,655901000000.0,123668084991.43088,811539677.7225505
570,2021-01-12,626977000000.0,118649684439.8977,931796508.9557412
571,2021-01-13,693667000000.0,128840028066.72972,921541820.6851014
572,2021-01-14,726233000000.0,138530746462.8942,855896326.7147477
573,2021-01-15,682833000000.0,133408639741.2098,852691433.3917563
574,2021-01-16,672953000000.0,140722125057.08975,900992193.8012608
575,2021-01-17,670990000000.0,141943180977.9462,1016634432.2258956
576,2021-01-18,680774000000.0,143115130072.29443,993286574.5079548
577,2021-01-19,674404000000.0,158441290714.20105,954651455.6939293
578,2021-01-20,660769000000.0,156372297179.02094,975385115.4890748
579,2021-01-21,577214000000.0,129507384705.56018,786469643.1452247
580,2021-01-22,613773000000.0,141263668177.86368,872783366.7069244
581,2021-01-23,596122000000.0,140981872901.22742,913068465.507272
582,2021-01-24,599499000000.0,158666207761.335,946832713.8154426
583,2021-01-25,603316000000.0,151635834010.5561,968637485.2587376
584,2021-01-26,607456000000.0,155799929301.46567,1054021170.1960416
585,2021-01-27,565023000000.0,142556249174.7996,964278837.0858335
586,2021-01-28,623722000000.0,153539475089.36234,999839101.7291464
587,2021-01-29,635942000000.0,158322469086.54904,1004246200.7424845
588,2021-01-30,639395000000.0,157935796413.09116,1102432492.2992148
589,2021-01-31,617234000000.0,150797241403.19833,1113141762.1557608
590,2021-02-01,624941000000.0,156838168765.9368,1187632304.6482537
591,2021-02-02,662682000000.0,174513861659.0402,1377306508.7231116
592,2021-02-03,699619000000.0,190033689373.90472,1491340068.5853643
593,2021-02-04,691292000000.0,184201540613.4399,1683436244.3654344
594,2021-02-05,708388000000.0,197060852682.2544,1740075972.8509045
595,2021-02-06,732567000000.0,192871957551.13043,1598294182.446525
596,2021-02-07,726297000000.0,185142454684.4471,1747099686.4018211
597,2021-02-08,858908000000.0,199773626601.28152,2075222825.3200552
598,2021-02-09,866894000000.0,202924057060.05548,2062242386.9855769
599,2021-02-10,839556000000.0,200355536883.19623,2361858483.091825
600,2021-02-11,892023000000.0,204662692140.06433,2402846351.7985945
601,2021-02-12,885213000000.0,211664734859.76813,2438555269.793112
602,2021-02-13,879358000000.0,208589629984.54648,2302393829.5062075
603,2021-02-14,909605000000.0,207714210418.94653,2309317881.9757047
604,2021-02-15,896245000000.0,204982692181.99188,2332143709.8748016
605,2021-02-16,915482000000.0,204214365330.21365,2183500971.0943336
606,2021-02-17,972986000000.0,211650223122.31253,2169693761.304059
607,2021-02-18,962320000000.0,221675453100.14612,2370920201.5700016
608,2021-02-19,1040070000000.0,224983760125.45947,2982442770.1751695
609,2021-02-20,1040890000000.0,219477815079.26132,2632318065.43682
610,2021-02-21,1071480000000.0,221922796312.8702,2926197618.8580313
611,2021-02-22,1005410000000.0,203278778240.4755,3679906251.6413774
612,2021-02-23,904973000000.0,179409338129.0132,3984212422.7089114
613,2021-02-24,923775000000.0,185574336588.36377,4601753974.647311
614,2021-02-25,886564000000.0,171233323989.8063,3691903486.0296926
615,2021-02-26,861702000000.0,165608952712.3465,3605379712.248495
616,2021-02-27,854338000000.0,166975435622.9022,3498659187.542573
617,2021-02-28,845528000000.0,163704942653.35437,3515396858.8770247
618,2021-03-01,925256000000.0,179558027072.3106,3959146204.865072
619,2021-03-02,900507000000.0,171152187137.8795,3679245432.939055
620,2021-03-03,945028000000.0,181993705149.19095,3739392442.5766
621,2021-03-04,903730000000.0,176724272859.58728,3456552110.307085
622,2021-03-05,909885000000.0,175919793871.57,3322604547.4635878
623,2021-03-06,913094000000.0,190766560074.56247,3441737621.224343
624,2021-03-07,952597000000.0,197607984308.55408,3662991326.940088
625,2021-03-08,971328000000.0,209927379711.21436,3598675974.5026016
626,2021-03-09,1020810000000.0,214079929593.2745,3942704592.9125943
627,2021-03-10,1046540000000.0,207366478416.94223,3789468107.0731726
628,2021-03-11,1078880000000.0,210184142306.85693,4250307600.3291864
629,2021-03-12,1069360000000.0,203398966523.79745,3892430025.570377
630,2021-03-13,1143170000000.0,221677557285.12857,4095967444.3242254
631,2021-03-14,1117420000000.0,215600090797.89655,3934663312.686074
632,2021-03-15,1046890000000.0,206738489265.9592,3803310787.61656
633,2021-03-16,1054010000000.0,206768115393.5416,3645129569.1735306
634,2021-03-17,1094790000000.0,209314640015.8152,3797786647.0037246
635,2021-03-18,1077080000000.0,205055043542.5576,3808061788.123428
636,2021-03-19,1085290000000.0,208386004775.56375,3782492545.968957
637,2021-03-20,1086830000000.0,208683638250.06183,3813503846.1073136
638,2021-03-21,1071960000000.0,205482135437.129,3811604458.9012246
639,2021-03-22,1016130000000.0,194496539578.51947,3982678039.9953966
640,2021-03-23,1018240000000.0,192520012038.8084,3800307551.9060497
641,2021-03-24,981564000000.0,182767878811.71768,3663455674.2495856
642,2021-03-25,962049000000.0,183025561445.64017,3469628795.3626423
643,2021-03-26,1023150000000.0,195343197021.4768,3936247035.625921
644,2021-03-27,1045630000000.0,197952777813.34875,4444961818.66102
645,2021-03-28,1039960000000.0,194178474643.7484,4851059565.469501
646,2021-03-29,1074700000000.0,208719567360.97543,5057523003.5912075
647,2021-03-30,1095540000000.0,212170627657.7161,5150871238.575418
648,2021-03-31,1097600000000.0,220956711035.96652,5215549536.048317
649,2021-04-01,1098160000000.0,227249378741.12277,5122828961.820095
650,2021-04-02,1102180000000.0,246049640305.2276,5280584231.932229
651,2021-04-03,1069570000000.0,233518575129.3128,6112036883.047592
652,2021-04-04,1086790000000.0,239571330038.2073,6443774854.748782
653,2021-04-05,1097190000000.0,242152177160.04724,6149747906.447737
654,2021-04-06,1084700000000.0,244184904434.94528,6696184012.51416
655,2021-04-07,1050810000000.0,229042657476.37943,7224169088.478477
656,2021-04-08,1082550000000.0,239817114712.5645,7239337927.410685
657,2021-04-09,1084250000000.0,238403131317.16623,7451027758.973854
658,2021-04-10,1114190000000.0,245832239279.24332,7224482515.883966
659,2021-04-11,1119500000000.0,247498491172.93915,7508360478.740981
660,2021-04-12,1119050000000.0,247349314547.2733,7685177458.669738
661,2021-04-13,1185230000000.0,265279596891.74887,7455144039.386212
662,2021-04-14,1174530000000.0,280598077838.17346,7116357249.901143
663,2021-04-15,1181340000000.0,290940687884.01605,7516378934.671346
664,2021-04-16,1150390000000.0,280438974612.349,6853982062.376789
665,2021-04-17,1126320000000.0,270516207949.6435,6752952165.125918
666,2021-04-18,1053640000000.0,259149172175.356,8787624843.042606
667,2021-04-19,1042640000000.0,250531868807.23364,8596751966.43903
668,2021-04-20,1055310000000.0,269033028487.48752,8642297711.474617
669,2021-04-21,1009600000000.0,273165786098.98404,8782419476.538174
670,2021-04-22,969567000000.0,279636457122.6881,10612541350.80484
671,2021-04-23,952287000000.0,272435428978.75748,9948975122.08595
672,2021-04-24,939715000000.0,258533809757.1008,11128773185.202562
673,2021-04-25,914845000000.0,265959371176.24203,12911211367.754644
674,2021-04-26,1008280000000.0,292063340284.41833,11972386912.055023
675,2021-04-27,1028570000000.0,306007131815.5639,11730511223.069197
676,2021-04-28,1024140000000.0,316899844153.24756,12158556423.273722
677,2021-04-29,1001380000000.0,319281940840.3854,11490075123.13811
678,2021-04-30,1079460000000.0,320451004871.536,11611800811.839031
679,2021-05-01,1081790000000.0,341199273314.4269,13373909175.815697
680,2021-05-02,1057710000000.0,341604894651.492,12745378406.727673
681,2021-05-03,1070310000000.0,396975587827.20624,12579340018.513264
682,2021-05-04,1004570000000.0,378996598293.34766,11742115597.377518
683,2021-05-05,1072290000000.0,408095752550.10675,12209309499.357084
684,2021-05-06,1057110000000.0,405205643546.71326,11876016779.864355
685,2021-05-07,1072390000000.0,403179396604.93726,11714377260.385923
686,2021-05-08,1098540000000.0,450017619945.6576,12484696132.083864
687,2021-05-09,1090230000000.0,453464297377.38495,12078027859.041668
688,2021-05-10,1045680000000.0,457941556222.2896,11728913081.050589
689,2021-05-11,1059000000000.0,481332226085.5533,12212339492.740788
690,2021-05-12,953560000000.0,460506092741.7569,12266374144.320175
691,2021-05-13,923611000000.0,427155480764.7695,11087774345.990717
692,2021-05-14,935425000000.0,473498627376.73254,11699978014.803429
693,2021-05-15,880283000000.0,425568398498.654,11881057107.38496
694,2021-05-16,861131000000.0,413245749100.68054,12855830542.540417
695,2021-05-17,813826000000.0,380167139202.4431,12823484657.781015
696,2021-05-18,800712000000.0,390436471359.5423,15286667742.248854
697,2021-05-19,704416000000.0,293969345409.34686,9888425609.430115
698,2021-05-20,763508000000.0,322083681187.9949,12278465399.119907
699,2021-05-21,695669000000.0,279919817798.9427,10453194866.326385
700,2021-05-22,704448000000.0,269150072428.07004,8678779608.382294
701,2021-05-23,650754000000.0,244216529209.8596,6737363782.93804
702,2021-05-24,722918000000.0,304629768524.78546,8447695571.674719
703,2021-05-25,716169000000.0,312834574411.2242,8218854305.077625
704,2021-05-26,733669000000.0,332842129963.8001,9647049417.773245
705,2021-05-27,720895000000.0,318304372194.2758,9190744442.02442
706,2021-05-28,666370000000.0,280299272048.66876,7882083922.298832
707,2021-05-29,649269000000.0,265656136637.11423,7483229273.058432
708,2021-05-30,667460000000.0,277626187692.31226,7798562015.686554
709,2021-05-31,698587000000.0,313356864711.1268,8903817525.028212
710,2021-06-01,686420000000.0,304916083736.0441,8440514006.76299
711,2021-06-02,704765000000.0,315048918939.3085,9338716389.757544
712,2021-06-03,733280000000.0,331975922462.837,10877398807.936775
713,2021-06-04,690700000000.0,312347942010.27936,10232571006.613941
714,2021-06-05,663111000000.0,302591684255.8591,10641351697.587
715,2021-06-06,668965000000.0,314374548374.0545,11501780252.18626
716,2021-06-07,631622000000.0,302102920285.23645,10591724651.204441
717,2021-06-08,626970000000.0,292713796763.99225,11335741065.47556
718,2021-06-09,700011000000.0,302808431968.2496,11478258530.040026
719,2021-06-10,689795000000.0,288402172775.1121,11228674979.74937
720,2021-06-11,696554000000.0,272586196607.90952,9796955525.78288
721,2021-06-12,668176000000.0,276780659548.7467,10027874023.173653
722,2021-06-13,729206000000.0,291207119551.7317,10536436568.418451
723,2021-06-14,757905000000.0,299659402440.1484,10779218120.981613
724,2021-06-15,754175000000.0,296867703454.49695,10820479046.162985
725,2021-06-16,716940000000.0,274601356712.68207,10756555403.279251
726,2021-06-17,712343000000.0,275492310822.358,10672259087.268885
727,2021-06-18,669196000000.0,258793920980.74945,9983199048.764711
728,2021-06-19,666258000000.0,253027091156.45633,9632639952.196001
729,2021-06-20,667104000000.0,260958401602.146,9594667732.385143
730,2021-06-21,594328000000.0,221156818907.246,7316362119.169698
731,2021-06-22,607081000000.0,217368048857.95895,7204201287.289723
732,2021-06-23,629888000000.0,228391682192.211,8364897873.101944
733,2021-06-24,649558000000.0,231276342692.10727,8598013261.4224
734,2021-06-25,593814000000.0,211645935156.2448,7873278353.067232
735,2021-06-26,597720000000.0,209823786909.9196,7929658381.434444
736,2021-06-27,646766000000.0,228777127664.6652,8584369273.446173
737,2021-06-28,644337000000.0,242168915672.99268,8984292966.668694
738,2021-06-29,673551000000.0,252763171389.7162,9338085365.64736
739,2021-06-30,657295000000.0,264707059931.8276,9734826784.428448
740,2021-07-01,628065000000.0,246362916660.9373,9128598064.902351
741,2021-07-02,633293000000.0,250520854297.1321,9218768913.162472
742,2021-07-03,648408000000.0,258229918660.1462,9368089850.000313
743,2021-07-04,662822000000.0,271081287091.86084,9378389773.484264
744,2021-07-05,635778000000.0,258607334797.16888,9023638371.691225
745,2021-07-06,639785000000.0,270233436808.17932,9316343014.49674
746,2021-07-07,636208000000.0,270144856301.14087,9980311577.364477
747,2021-07-08,615385000000.0,247070410897.9537,9076311165.325384
748,2021-07-09,635950000000.0,251162680519.6578,9113803828.244848
749,2021-07-10,630279000000.0,246910154478.39865,8684656084.699978
750,2021-07-11,642455000000.0,249636374130.61456,8759806058.960562
751,2021-07-12,621417000000.0,237164062362.54865,8405478303.006086
752,2021-07-13,612192000000.0,226295178547.55612,7964610324.697829
753,2021-07-14,615152000000.0,232481722882.2172,8479140687.195778
754,2021-07-15,594731000000.0,223223253704.57028,7754404925.474668
755,2021-07-16,590030000000.0,219191266321.28915,7188452356.353714
756,2021-07-17,591789000000.0,221417439640.88968,7288754080.594779
757,2021-07-18,594815000000.0,220943143877.2812,7280945017.5076065
758,2021-07-19,579380000000.0,212740140345.97263,6712818448.524618
759,2021-07-20,558460000000.0,208458695314.2616,6430527363.993595
760,2021-07-21,602630000000.0,231855750187.41205,7227437218.804722
761,2021-07-22,606173000000.0,236020266918.83423,7542118021.199174
762,2021-07-23,627456000000.0,246768914672.90955,7695743014.355741
763,2021-07-24,641133000000.0,254579269015.9665,7788633714.842182
764,2021-07-25,659050000000.0,255555842038.18292,7645603446.586552
765,2021-07-26,702713000000.0,261861090746.45728,7721007431.119799
766,2021-07-27,734311000000.0,267157071638.9964,7607202070.206402
767,2021-07-28,749605000000.0,268449455274.12936,7578374974.705768
768,2021-07-29,752403000000.0,278697938206.3093,8568755164.863727
769,2021-07-30,784419000000.0,286543547319.3585,8771473519.319448
770,2021-07-31,784530000000.0,297456298847.72626,9926121461.771235
771,2021-08-01,750324000000.0,299753588681.0072,9317185571.263588
772,2021-08-02,737883000000.0,306254400700.593,9093215890.443544
773,2021-08-03,718855000000.0,293877809589.57086,9331842393.138287
774,2021-08-04,746778000000.0,319059704008.6274,9783131716.400404
775,2021-08-05,768738000000.0,330512670044.85046,10223526577.942514
776,2021-08-06,803493000000.0,337861305874.0871,10779537579.25057
777,2021-08-07,835356000000.0,367775945502.3324,10723543863.353333
778,2021-08-08,825776000000.0,354241101282.6027,10336903345.66075
779,2021-08-09,868889000000.0,369603194379.9655,10570975242.007996
780,2021-08-10,854340000000.0,367706310743.65497,11053957996.375568
781,2021-08-11,857913000000.0,370893941351.60895,11416601890.287443
782,2021-08-12,834088000000.0,355658382638.0473,11679184774.667183
783,2021-08-13,896339000000.0,388297302188.67017,12661538018.638735
784,2021-08-14,885236000000.0,382778287525.77625,12541500226.943892
785,2021-08-15,884349000000.0,387713411386.1756,15309321260.366028
786,2021-08-16,863930000000.0,369843079099.8949,17959469174.46892
787,2021-08-17,840103000000.0,353814228931.9481,18575734270.2987
788,2021-08-18,844667000000.0,356286406901.2662,21204484058.98061
789,2021-08-19,876507000000.0,371868795447.2904,20909798064.867474
790,2021-08-20,925285000000.0,384117812649.5508,22464863365.11757
791,2021-08-21,922139000000.0,379072829731.0852,21295355046.01862
792,2021-08-22,927700000000.0,380427079349.73206,20987104399.141598
793,2021-08-23,932026000000.0,389466640631.18616,21698720386.430176
794,2021-08-24,900793000000.0,373213236497.1329,20621256356.121796
795,2021-08-25,921072000000.0,378543390402.39246,20827287426.65421
796,2021-08-26,887061000000.0,365910514350.06024,22104718578.373768
797,2021-08-27,922034000000.0,383474900636.0345,25619889707.304214
798,2021-08-28,918393000000.0,380312490004.07605,28251625532.09724
799,2021-08-29,920240000000.0,378976854326.7013,27379934119.89839
800,2021-08-30,886021000000.0,379893741664.90625,32118863092.53552
801,2021-08-31,887818000000.0,402649951646.33527,31597866709.698704
802,2021-09-01,915488000000.0,445158547438.5879,32306499954.626793
803,2021-09-02,928335000000.0,444982792779.6674,37257242353.36372
804,2021-09-03,937614000000.0,459902963984.13165,42302327413.788925
805,2021-09-04,938770000000.0,456158761248.5337,40648241743.06091
806,2021-09-05,973198000000.0,464238619675.546,41547790176.00181
807,2021-09-06,990045000000.0,461265353502.19885,47758626209.1712
808,2021-09-07,881270000000.0,403080865360.8774,50867704885.79513
809,2021-09-08,868780000000.0,411925739786.2259,55763217461.46032
810,2021-09-09,873728000000.0,403174866150.8581,55313277437.80391
811,2021-09-10,842098000000.0,376359800664.1369,52289429627.82778
812,2021-09-11,848407000000.0,382868066061.18945,52079973432.73565
813,2021-09-12,868805000000.0,401534382020.43933,51464436191.06703
814,2021-09-13,846476000000.0,386520879010.2568,49520025513.0331
815,2021-09-14,884734000000.0,401856286283.35675,45906884036.56575
816,2021-09-15,906321000000.0,422044705384.189,46984876033.78247
817,2021-09-16,899404000000.0,419349764131.2592,45042725955.44111
818,2021-09-17,888464000000.0,399272982824.37274,43739813182.74326
819,2021-09-18,907142000000.0,402669757692.8117,50219474534.63977
820,2021-09-19,888642000000.0,390366032356.6192,45402934749.53608
821,2021-09-20,806574000000.0,348709579436.3116,39630827375.760155
822,2021-09-21,762781000000.0,322932353247.2332,36567530923.953705
823,2021-09-22,820242000000.0,360358100979.45215,44074332652.39108
824,2021-09-23,844443000000.0,370254001240.3877,44467963892.39037
825,2021-09-24,805749000000.0,345009620498.3309,41490862135.95672
826,2021-09-25,804506000000.0,345040478865.07513,40488938320.447075
827,2021-09-26,812002000000.0,358743186069.83905,40201750355.515175
828,2021-09-27,800091000000.0,347474740010.9945,40707700604.29644
829,2021-09-28,776166000000.0,331401047587.92804,39260221609.93481
830,2021-09-29,780538000000.0,334696238351.14355,40102162987.40926
831,2021-09-30,824401000000.0,353365924664.9895,41915174454.80221
832,2021-10-01,905355000000.0,388482734133.74286,47796912347.21104
833,2021-10-02,900018000000.0,399645460469.8039,50426468983.51812
834,2021-10-03,907800000000.0,402821372682.4954,51396792907.675064
835,2021-10-04,928297000000.0,399473012703.59894,49878621933.54391
836,2021-10-05,971091000000.0,414689329313.4267,48946860251.033585
837,2021-10-06,1043880000000.0,422749954698.35455,45993736371.46798
838,2021-10-07,1013510000000.0,422901066088.41266,45975270073.967705
839,2021-10-08,1015980000000.0,419624556565.2063,47419648932.129166
840,2021-10-09,1036320000000.0,421885219382.80255,47064242302.44083
841,2021-10-10,1030530000000.0,404504581668.1375,44379165189.67516
842,2021-10-11,1079350000000.0,414872519609.34625,43192303643.75388
843,2021-10-12,1058800000000.0,411582431059.0302,45582352656.3793
844,2021-10-13,1080570000000.0,424162427468.6494,44429566025.28094
845,2021-10-14,1081290000000.0,446493846534.07135,44956415836.70649
846,2021-10-15,1157890000000.0,455409358275.7062,48762237011.60024
847,2021-10-16,1148260000000.0,452518766564.9624,47424938067.63841
848,2021-10-17,1158300000000.0,452526971608.11896,47867931891.27847
849,2021-10-18,1168060000000.0,441922247575.70966,47230046842.38388
850,2021-10-19,1211730000000.0,457187787658.938,46935071691.4418
851,2021-10-20,1245170000000.0,490084350761.55664,52320211102.44443
852,2021-10-21,1175720000000.0,479729688304.4317,56629717267.32957
853,2021-10-22,1145180000000.0,469207119691.7057,59241879884.68112
854,2021-10-23,1154650000000.0,490983764618.0949,59328716787.46454
855,2021-10-24,1147460000000.0,481243020708.86176,60865734672.629395
856,2021-10-25,1188350000000.0,497568588683.75085,63453676916.68188
857,2021-10-26,1138690000000.0,487733424859.8293,60183733453.117294
858,2021-10-27,1104230000000.0,466176756878.8054,55432555287.54253
859,2021-10-28,1142030000000.0,505339339052.36646,58666003462.314156
860,2021-10-29,1173500000000.0,521273243322.2917,60254162736.98373
861,2021-10-30,1164370000000.0,509301466939.777,58220959833.16248
862,2021-10-31,1158590000000.0,507306510443.04694,61052846661.10618
863,2021-11-01,1152210000000.0,511123806098.5908,61363332233.486
864,2021-11-02,1188720000000.0,541972998266.0067,65652665596.22833
865,2021-11-03,1187480000000.0,543511344995.957,72966328766.902
866,2021-11-04,1158080000000.0,536097238048.8056,74664172499.44281
867,2021-11-05,1150810000000.0,529214179763.1384,71336405574.77235
868,2021-11-06,1159350000000.0,533385828883.4528,77801469584.53316
869,2021-11-07,1189380000000.0,544990280197.5723,75236367737.37805
870,2021-11-08,1274300000000.0,568924305550.7672,75170801226.11449
871,2021-11-09,1265940000000.0,560063743836.3357,72510764530.23433
872,2021-11-10,1221860000000.0,546437906944.66736,70205762029.16704
873,2021-11-11,1225830000000.0,559250915932.3672,71126562918.85825
874,2021-11-12,1209210000000.0,551625921749.5256,69297499924.68547
875,2021-11-13,1215280000000.0,549579548899.7511,72820528390.01515
876,2021-11-14,1227320000000.0,545448741751.7253,72033129819.36324
877,2021-11-15,1203250000000.0,540763337072.86285,72152207020.34258
878,2021-11-16,1138550000000.0,501141644885.5255,66803864849.21008
879,2021-11-17,1135430000000.0,504922072169.2345,66088021573.98075
880,2021-11-18,1072060000000.0,471840692520.21857,59129742885.78466
881,2021-11-19,1095140000000.0,508077138723.6221,65135505032.9752
882,2021-11-20,1127950000000.0,522562372643.03455,66121760045.04174
883,2021-11-21,1114470000000.0,510415795085.1393,70602994244.2456
884,2021-11-22,1064510000000.0,485209208325.7296,65813094545.40232
885,2021-11-23,1088320000000.0,515040413718.0401,67437553587.911736
886,2021-11-24,1078920000000.0,504887588436.0942,62415251328.07752
887,2021-11-25,1114230000000.0,536230882409.8071,63954071768.18292
888,2021-11-26,1015930000000.0,480122614037.92096,58579480465.30944
889,2021-11-27,1031750000000.0,484312897329.09033,58556386011.45792
890,2021-11-28,1081140000000.0,508563374295.89136,61018162548.162125
891,2021-11-29,1093880000000.0,527268875430.1648,62274952040.91154
892,2021-11-30,1078380000000.0,550637454947.6888,63607768953.215515
893,2021-12-01,1080000000000.0,543524391893.60706,69751811457.67288
894,2021-12-02,1068760000000.0,536826738375.9084,71314463104.41528
895,2021-12-03,1013820000000.0,501950455625.86255,64939609186.24648
896,2021-12-04,928649000000.0,485975743700.7802,61442318785.982994
897,2021-12-05,931857000000.0,497037557439.9263,59843816167.283264
898,2021-12-06,954738000000.0,515047286808.5363,59431803350.0096
899,2021-12-07,955530000000.0,510575522725.0278,58083521828.059166
900,2021-12-08,954184000000.0,525290545577.2613,59639627515.02677
901,2021-12-09,905811000000.0,493307298076.08185,56194155944.48165
902,2021-12-10,896400000000.0,466580388826.6472,52422292227.08204
903,2021-12-11,932059000000.0,484195469547.6761,52792397189.00529
904,2021-12-12,947504000000.0,491539871850.7801,53483735665.15884
905,2021-12-13,884212000000.0,449700993532.1957,48122921278.2172
906,2021-12-14,912742000000.0,457195170219.0074,49401817990.38276
907,2021-12-15,922955000000.0,476824331007.31494,54755685093.31754
908,2021-12-16,900937000000.0,471868274533.29486,54571767092.48569
909,2021-12-17,875849000000.0,461467432859.418,54112928397.35253
910,2021-12-18,886675000000.0,471075149342.3857,56371523926.08345
911,2021-12-19,886174000000.0,467767205843.4809,55755445840.99601
912,2021-12-20,887698000000.0,468070500191.63855,53701640923.36322
913,2021-12-21,927961000000.0,478738513441.06805,55493458530.28913
914,2021-12-22,920637000000.0,473530386621.1456,55037941285.442245
915,2021-12-23,958893000000.0,487505837297.30334,58606822318.90995
916,2021-12-24,960282000000.0,480823952166.20166,58757035992.534485
917,2021-12-25,956672000000.0,487387760827.43774,59706856375.68868
918,2021-12-26,960649000000.0,483927864836.3702,61186703259.31208
919,2021-12-27,960656000000.0,480896058220.51056,60684563845.24354
920,2021-12-28,901632000000.0,452615924742.8088,55235955369.067375
921,2021-12-29,878923000000.0,432752336074.8023,52938916706.81323
922,2021-12-30,890922000000.0,441053499218.8172,53265712535.20207
923,2021-12-31,876821000000.0,438595523502.49146,52777731348.8376
924,2022-01-01,899656000000.0,447462013623.74725,55096952719.25208
925,2022-01-02,895783000000.0,455997875531.03406,54528122270.76384
926,2022-01-03,878819000000.0,448086088154.4558,52731246960.84625
927,2022-01-04,868502000000.0,451850977336.10144,52006481197.654816
928,2022-01-05,823605000000.0,422034943094.70825,47896581832.77338
929,2022-01-06,816347000000.0,406313567619.8228,46653912942.34688
930,2022-01-07,785502000000.0,379796902293.12823,42259706226.12842
931,2022-01-08,790969000000.0,368260810753.29755,44456708541.57564
932,2022-01-09,792648000000.0,375681581315.202,43799691315.95565
933,2022-01-10,791368000000.0,366795668669.43695,42305594590.44746
934,2022-01-11,809409000000.0,386143362959.58954,43686690250.96281
935,2022-01-12,832027000000.0,401779582309.25073,47342641971.02508
936,2022-01-13,806813000000.0,387556155609.86096,45720397763.209885
937,2022-01-14,815866000000.0,394230560105.41675,45557399039.80318
938,2022-01-15,817879000000.0,397341078928.95544,46404620791.25337
939,2022-01-16,817207000000.0,399994364841.27545,46467067262.74536
940,2022-01-17,799126000000.0,382732247849.02155,43946557991.511154
941,2022-01-18,803334000000.0,377373340871.7482,44398207662.228966
942,2022-01-19,791185000000.0,370218178888.3115,42782076753.350204
943,2022-01-20,771698000000.0,359106966050.10333,40460285501.75991
944,2022-01-21,691002000000.0,305867336707.89966,35208284390.72064
945,2022-01-22,662706000000.0,286316598671.52295,29657173243.661926
946,2022-01-23,686874000000.0,302172842768.25476,31368470602.35094
947,2022-01-24,694267000000.0,290950074067.8437,28897611818.668396
948,2022-01-25,699848000000.0,293280982196.5538,29917541273.59028
949,2022-01-26,697482000000.0,294355178400.0866,29077285672.59955
950,2022-01-27,701226000000.0,287887135558.99347,28098895123.75393
951,2022-01-28,715404000000.0,303783438037.6304,28681087258.940643
952,2022-01-29,721492000000.0,309504705064.8011,30172068447.96188
953,2022-01-30,719542000000.0,311611781045.8268,29453575044.56998
954,2022-01-31,728654000000.0,320685972662.8686,31399134906.03346
955,2022-02-01,734851000000.0,333772996179.28937,34721850140.23634
956,2022-02-02,699921000000.0,320804277762.96674,32051558783.13447
957,2022-02-03,702141000000.0,318930248114.316,31769540056.405525
958,2022-02-04,778390000000.0,354710230881.4213,35014298646.1361
959,2022-02-05,786546000000.0,360446172476.032,35984692980.02121
960,2022-02-06,802678000000.0,364280977182.0347,36246775198.62348
961,2022-02-07,831728000000.0,375792526382.54767,37197610193.64159
962,2022-02-08,837042000000.0,373596019393.1015,36127904651.063736
963,2022-02-09,841588000000.0,387391694808.8667,36249413115.94902
964,2022-02-10,826640000000.0,368175105896.7726,33870575660.893967
965,2022-02-11,802855000000.0,349512329110.4085,30596103793.44284
966,2022-02-12,799407000000.0,347969047007.86426,30404872409.54228
967,2022-02-13,799876000000.0,344404747012.32733,29596291513.247936
968,2022-02-14,808459000000.0,351091999111.234,30651951526.17087
969,2022-02-15,843872000000.0,379707277017.2597,33304982236.553368
970,2022-02-16,835461000000.0,375596788399.1691,32719587236.827274
971,2022-02-17,769983000000.0,345432461079.7069,29911431791.712814
972,2022-02-18,759293000000.0,333118647152.7562,28808591444.441826
973,2022-02-19,760306000000.0,329911271374.2316,29160339785.803127
974,2022-02-20,731060000000.0,315445971599.4309,29231683517.960945
975,2022-02-21,703529000000.0,308599649104.6404,26721007529.82435
976,2022-02-22,724506000000.0,315498757508.3708,27602805922.37369
977,2022-02-23,707580000000.0,310215506609.2364,27199802282.616695
978,2022-02-24,726117000000.0,310521172966.33014,28410356357.50051
979,2022-02-25,745875000000.0,333846681917.4296,29906986418.443714
980,2022-02-26,740839000000.0,332578204835.9235,28815736090.453217
981,2022-02-27,714469000000.0,313073255237.77185,27257589080.429115
982,2022-02-28,819110000000.0,349034662717.02704,31790678156.295288
983,2022-03-01,841067000000.0,355669768058.27325,31506377048.23152
984,2022-03-02,834474000000.0,353928244634.3926,32318279331.351448
985,2022-03-03,806208000000.0,339867073415.80634,30691995646.21912
986,2022-03-04,741995000000.0,313650455450.1037,28016987169.91585
987,2022-03-05,747294000000.0,319086026336.09045,28712376829.038376
988,2022-03-06,728642000000.0,306540745606.19604,26854797029.866535
989,2022-03-07,723880000000.0,299755147815.5038,26102090492.1804
990,2022-03-08,734898000000.0,308990995337.752,26409950388.62068
991,2022-03-09,796877000000.0,326912722910.6458,28367501512.411583
992,2022-03-10,749331000000.0,313094963763.9914,26827830746.94068
993,2022-03-11,736898000000.0,307278501308.7958,25832900013.34672
994,2022-03-12,739318000000.0,309180622034.75275,26375917286.00454
995,2022-03-13,717664000000.0,301817186381.12445,25449006308.745834
996,2022-03-14,752641000000.0,310593577010.49493,26186055673.08397
997,2022-03-15,747132000000.0,314450942253.10706,26836912140.077488
998,2022-03-16,780293000000.0,332203928803.60547,27940404168.768967
999,2022-03-17,777762000000.0,337894847790.8667,28422760165.274193
1000,2022-03-18,794127000000.0,353518405843.05927,29049157216.96137
1001,2022-03-19,801134000000.0,353909041695.01965,29632759884.050823
1002,2022-03-20,784115000000.0,343504432844.2698,28432456982.048862
1003,2022-03-21,779781000000.0,347924352426.2933,28402397991.937035
1004,2022-03-22,804863000000.0,357366404958.8197,29069338572.03381
1005,2022-03-23,811569000000.0,362748938526.52295,30353741887.520138
1006,2022-03-24,835165000000.0,373471258566.97034,33011272989.437565
1007,2022-03-25,842279000000.0,372838208760.3812,31773707338.32897
1008,2022-03-26,845606000000.0,377827574464.24286,33101674756.415386
1009,2022-03-27,888527000000.0,395059365980.0612,34741183073.45392
1010,2022-03-28,897046000000.0,402040765729.13696,34747224500.04094
1011,2022-03-29,901654000000.0,408357134451.7341,36222031753.32461
1012,2022-03-30,895232000000.0,407246804912.9766,39195339151.127846
1013,2022-03-31,865613000000.0,394402092425.9776,40158423819.983604
1014,2022-04-01,878726000000.0,414245979160.4055,43758744003.83171
1015,2022-04-02,872868000000.0,414947392107.5312,43353067897.74202
1016,2022-04-03,882421000000.0,423356636901.31976,44478030545.49885
1017,2022-04-04,886687000000.0,423869947210.8103,43149296839.251755
1018,2022-04-05,868302000000.0,411885919936.038,41384554521.88217
1019,2022-04-06,822959000000.0,382871342185.5314,37162434514.465935
1020,2022-04-07,828020000000.0,389467375291.86847,38726717661.6891
1021,2022-04-08,802457000000.0,383205538887.89386,35633343201.26004
1022,2022-04-09,811215000000.0,391933374074.7049,36877000569.09689
1023,2022-04-10,803339000000.0,387184916682.34955,36696993155.81012
1024,2022-04-11,751665000000.0,359212086076.7873,32686267054.177998
1025,2022-04-12,762198000000.0,364385911108.14886,33832017715.545284
1026,2022-04-13,782319000000.0,375329424982.4922,34394109915.355
1027,2022-04-14,758852000000.0,363484114851.3332,33032852396.638878
1028,2022-04-15,770500000000.0,365877349625.62915,33201484841.821476
1029,2022-04-16,768872000000.0,369087826548.19727,34078940200.014088
1030,2022-04-17,754933000000.0,360805362819.1369,33415713900.742672
1031,2022-04-18,776158000000.0,368278797314.41943,34035488876.905666
1032,2022-04-19,788949000000.0,373875780995.58374,36125101892.452614
1033,2022-04-20,787193000000.0,370804390311.73785,35242874566.78256
1034,2022-04-21,769393000000.0,359494116987.53033,33885940921.59042
1035,2022-04-22,755752000000.0,357080346808.24335,33569793448.954075
1036,2022-04-23,752828000000.0,354406095501.21533,33684640518.604572
1037,2022-04-24,751521000000.0,352367966927.3084,33146649107.20886
1038,2022-04-25,769863000000.0,363017277578.3089,33785829787.89509
1039,2022-04-26,724232000000.0,337646454897.6437,31883358161.45544
1040,2022-04-27,746062000000.0,347985304682.79047,32809147500.501965
1041,2022-04-28,756176000000.0,353720943190.65405,32738663262.259567
1042,2022-04-29,734549000000.0,339475946470.1008,31347708698.500626
1043,2022-04-30,717549000000.0,329156348874.12494,28273857174.12093
1044,2022-05-01,731762000000.0,341175452818.9055,29958667097.358555
1045,2022-05-02,733836000000.0,345125611068.8355,29321383421.631172
1046,2022-05-03,717477000000.0,335440828862.2165,28652611280.709473
1047,2022-05-04,754382000000.0,354277795660.131,30902694563.78325
1048,2022-05-05,694665000000.0,331377458641.35425,28245935207.517258
1049,2022-05-06,685963000000.0,325482729730.4156,27347955311.358997
1050,2022-05-07,675827000000.0,318163134631.90216,26472251687.211273
1051,2022-05-08,648264000000.0,304090299467.98755,25190600721.80292
1052,2022-05-09,579754000000.0,272537857326.37253,21434934559.299095
1053,2022-05-10,589925000000.0,282825657376.8984,22415724560.27341
1054,2022-05-11,548186000000.0,249698380426.19403,16772334182.190351
1055,2022-05-12,552665000000.0,236465889627.96216,15030283177.731176
1056,2022-05-13,557553000000.0,243446671953.59784,16483109389.16744
1057,2022-05-14,572165000000.0,247946859793.88425,17617489467.8929
1058,2022-05-15,593719000000.0,258345620834.8336,19711959025.115997
1059,2022-05-16,569124000000.0,244320114332.4997,18157443633.385303
1060,2022-05-17,579601000000.0,252835014001.82608,19243205920.76212
1061,2022-05-18,547884000000.0,232096764910.0308,16868357193.850126
1062,2022-05-19,576220000000.0,243645372231.2092,17538782537.791027
1063,2022-05-20,556558000000.0,237104421494.0905,16851257989.883743
1064,2022-05-21,560311000000.0,238549242171.84888,17064856450.792137
1065,2022-05-22,577702000000.0,247130959871.59573,17888899923.497368
1066,2022-05-23,554038000000.0,238218263509.6816,16642094918.417269
1067,2022-05-24,564647000000.0,239112495204.015,16851089685.00507
1068,2022-05-25,563404000000.0,235090092905.5696,16323477791.974363
1069,2022-05-26,558768000000.0,218591374583.3834,14826427095.511515
1070,2022-05-27,545069000000.0,208165229119.1452,13888421645.904188
1071,2022-05-28,553352000000.0,216942111247.90784,15069133998.968552
1072,2022-05-29,560705000000.0,219069721204.6877,15223996753.756964
1073,2022-05-30,604667000000.0,241526869241.3431,16038703888.846867
1074,2022-05-31,606515000000.0,235602013781.60263,15581445232.356691
1075,2022-06-01,568330000000.0,221145874083.43643,13690608377.042944
1076,2022-06-02,581283000000.0,222107306455.85913,13917709858.746061
1077,2022-06-03,565268000000.0,214620701244.50775,12961563114.781467
1078,2022-06-04,567767000000.0,217755960034.3364,13172140346.712143
1079,2022-06-05,570138000000.0,218581911523.6266,13102371023.121136
1080,2022-06-06,597196000000.0,224823040845.44983,14412765221.657663
1081,2022-06-07,594201000000.0,219457975480.186,13419058708.382673
1082,2022-06-08,576190000000.0,217293999357.56848,13251217911.08752
1083,2022-06-09,573098000000.0,216429811470.61697,13642166188.782032
1084,2022-06-10,554175000000.0,201351016647.2203,12696351938.524193
1085,2022-06-11,540674000000.0,185261478930.206,11576697530.923023
1086,2022-06-12,511521000000.0,175574210345.81076,10604543024.272455
1087,2022-06-13,425479000000.0,144430654812.88116,9442951383.537693
1088,2022-06-14,420857000000.0,146066594196.06732,10119390803.940771
1089,2022-06-15,429418000000.0,148865676425.0724,11745382283.7103
1090,2022-06-16,387288000000.0,128706846154.83586,10228355295.158323
1091,2022-06-17,390254000000.0,131744481000.19676,10563434222.648409
1092,2022-06-18,362596000000.0,120337019924.0372,10840029278.91068
1093,2022-06-19,390809000000.0,136299547861.0235,11665884229.478502
1094,2022-06-20,392340000000.0,136072433439.15392,12042683531.23714
1095,2022-06-21,394585000000.0,136379167784.41676,12377249253.971846
1096,2022-06-22,381533000000.0,127623165236.84496,11747945087.02986
1097,2022-06-23,402415000000.0,138823650847.41077,13068154592.425703
1098,2022-06-24,406288000000.0,149651322307.27896,14532446760.503057
1099,2022-06-25,409534000000.0,150701258945.9857,14485872722.141285
1100,2022-06-26,401891000000.0,146076143695.3649,13552810978.9268
1101,2022-06-27,395889000000.0,144959050958.28967,13211696204.296516
1102,2022-06-28,386599000000.0,138651317703.27032,12095767964.086157
1103,2022-06-29,383140000000.0,132963968244.80232,11574460102.740429
1104,2022-06-30,368886000000.0,126388681433.44511,11304742983.375082
1105,2022-07-01,369077000000.0,129382045152.85217,11337970814.460226
1106,2022-07-02,366994000000.0,127466552086.3607,11437257688.693317
1107,2022-07-03,367863000000.0,128338498454.1918,11458033640.85787
1108,2022-07-04,386008000000.0,137493330350.96127,12588583929.528164
1109,2022-07-05,385397000000.0,135643268936.77174,12150703566.041344
1110,2022-07-06,392426000000.0,142289769651.10773,12744046398.052383
1111,2022-07-07,413258000000.0,148095582469.43347,13212260420.608706
1112,2022-07-08,416379000000.0,147252454983.8383,13266162668.49494
1113,2022-07-09,412034000000.0,145539556071.01944,13141288142.112392
1114,2022-07-10,397661000000.0,139595105286.28983,12657506009.994965
1115,2022-07-11,381264000000.0,131180970498.21152,11559616579.12009
1116,2022-07-12,369211000000.0,124468148531.8646,11356872088.38364
1117,2022-07-13,384815000000.0,132810600835.53915,12036686678.094776
1118,2022-07-14,392416000000.0,142501378634.28723,12797893092.230574
1119,2022-07-15,397755000000.0,147862861201.80948,12945316361.621162
1120,2022-07-16,404740000000.0,161898074874.31604,13673548332.222338
1121,2022-07-17,397720000000.0,161042677262.54767,13400025844.217169
1122,2022-07-18,425957000000.0,187784269382.8644,14762621392.467062
1123,2022-07-19,446324000000.0,185071227164.6978,15550575061.539928
1124,2022-07-20,444620000000.0,182394258325.29907,14570642995.654734
1125,2022-07-21,442183000000.0,189040447758.24677,14945843495.208332
1126,2022-07-22,433679000000.0,184039520152.13052,14038592402.096909
1127,2022-07-23,429465000000.0,185722279885.09375,13857954587.262856
1128,2022-07-24,432712000000.0,192081070084.68048,14231136503.844072
1129,2022-07-25,410896000000.0,175134039522.4514,12878690289.07076
1130,2022-07-26,404641000000.0,171503988789.60364,12479386820.523548
1131,2022-07-27,437459000000.0,195618477081.88184,13878012637.723372
1132,2022-07-28,455445000000.0,206699861506.0605,14841136205.95508
1133,2022-07-29,457609000000.0,209293599216.16647,14696130017.982847
1134,2022-07-30,451376000000.0,202942892711.77377,15130487071.28218
1135,2022-07-31,446289000000.0,201743475471.09503,14706434809.408232
1136,2022-08-01,445839000000.0,196148217662.8583,14442770771.921919
1137,2022-08-02,440125000000.0,196738193541.3911,14056173029.94232
1138,2022-08-03,435911000000.0,193842480820.06668,13325623790.885263
1139,2022-08-04,432464000000.0,192751365272.67255,13446810793.272936
1140,2022-08-05,444345000000.0,207011729594.71265,14012547076.13854
1141,2022-08-06,439537000000.0,203426121206.5802,13899852079.040571
1142,2022-08-07,442568000000.0,203683726238.9305,14069149395.142357
1143,2022-08-08,455017000000.0,213137617470.67883,14628589452.018183
1144,2022-08-09,443236000000.0,204513458639.6096,14071986077.305223
1145,2022-08-10,457342000000.0,222160021018.10425,14703391151.518768
1146,2022-08-11,457582000000.0,225460791360.47525,14872600195.396263
1147,2022-08-12,466433000000.0,234686968664.784,15773250463.24398
1148,2022-08-13,467028000000.0,237884895755.7296,16234958386.669697
1149,2022-08-14,464908000000.0,232526921581.58096,15679988435.624435
1150,2022-08-15,460525000000.0,228395240381.76944,15224512425.665842
1151,2022-08-16,456433000000.0,225406968459.0372,15045535060.99184
1152,2022-08-17,446273000000.0,220217733005.60477,14110964303.132812
1153,2022-08-18,444089000000.0,222162162233.02756,13844476504.484556
1154,2022-08-19,399846000000.0,194148408800.61887,12551779293.740236
1155,2022-08-20,404457000000.0,189365255440.7473,12267002823.562784
1156,2022-08-21,412269000000.0,194866986616.33984,12772310352.620373
1157,2022-08-22,407451000000.0,193266422629.18716,12299372967.44546
1158,2022-08-23,411935000000.0,200014522872.45285,12461563827.201405
1159,2022-08-24,409863000000.0,199420136290.53983,12252980776.951353
1160,2022-08-25,412998000000.0,203812887616.62628,12322138080.428753
1161,2022-08-26,387350000000.0,181434856347.40103,11081612271.933184
1162,2022-08-27,383504000000.0,179537803748.47623,11023542339.036308
1163,2022-08-28,376435000000.0,173310239277.9351,10706836690.846748
1164,2022-08-29,387886000000.0,186485621714.2859,11316555026.616096
1165,2022-08-30,379381000000.0,184017700743.3762,11013367188.485893
1166,2022-08-31,383213000000.0,186702201725.38525,10978611579.483929
1167,2022-09-01,384777000000.0,190888312535.4319,11025551724.839636
1168,2022-09-02,381798000000.0,189734628357.319,10900246136.84548
1169,2022-09-03,379038000000.0,187163209616.6099,10870335168.46311
1170,2022-09-04,382081000000.0,189707601426.45963,11209860854.283997
1171,2022-09-05,378962000000.0,194188589550.14188,11257168511.175957
1172,2022-09-06,360763000000.0,188508492333.94424,10829789499.823406
1173,2022-09-07,369333000000.0,196738736001.70807,11476078134.231064
1174,2022-09-08,369852000000.0,196843473153.61243,11848892073.98784
1175,2022-09-09,409001000000.0,206855125688.02124,12236544007.208876
1176,2022-09-10,415768000000.0,214374253925.60724,12435811633.206907
1177,2022-09-11,416120000000.0,211829656693.7776,12317738145.692892
1178,2022-09-12,428244000000.0,206107986215.76984,13206721353.912733
1179,2022-09-13,386144000000.0,189657949313.8574,11685000031.33824
1180,2022-09-14,387718000000.0,196873505402.55417,12029056312.487753
1181,2022-09-15,377211000000.0,177466041441.12543,11704676784.112787
1182,2022-09-16,378085000000.0,172365522358.09573,11380727180.283085
1183,2022-09-17,385362000000.0,177125023349.09677,11949039973.574364
1184,2022-09-18,372098000000.0,161287755613.91766,11019967389.983946
1185,2022-09-19,374624000000.0,166325673840.3571,11594937867.03739
1186,2022-09-20,361518000000.0,159589828424.99985,11125431279.220556
1187,2022-09-21,354521000000.0,150650855803.4557,10885119789.722216
1188,2022-09-22,371928000000.0,160261526581.78217,11475871267.725397
1189,2022-09-23,370264000000.0,160558892176.9305,11964328782.121813
1190,2022-09-24,362576000000.0,158896424274.62927,11851781023.558512
1191,2022-09-25,360072000000.0,156205742131.6713,11477686360.679428
1192,2022-09-26,367906000000.0,161033757555.9048,11960481012.144312
1193,2022-09-27,366116000000.0,160588015836.27005,11641943099.212135
1194,2022-09-28,372804000000.0,161646207323.04584,11813734642.21791
1195,2022-09-29,374468000000.0,161002809571.09564,12043364625.16726
1196,2022-09-30,372461000000.0,160228269149.5198,11769197836.69747
1197,2022-10-01,370117000000.0,158330353388.5125,11522771197.050564
1198,2022-10-02,364455000000.0,154164495265.5377,11389326157.896145
1199,2022-10-03,376322000000.0,159959950062.33475,11732166756.940523
1200,2022-10-04,389884000000.0,164628922077.3633,12105843720.11002
1201,2022-10-05,386361000000.0,163403639632.44495,12081596408.9274
1202,2022-10-06,382462000000.0,163272498858.05936,11845823856.15745
1203,2022-10-07,374594000000.0,161026667580.5144,11723402374.939947
1204,2022-10-08,372253000000.0,158977517082.57767,11592073458.110472
1205,2022-10-09,372512000000.0,159663504538.31155,11732687404.559196
1206,2022-10-10,367279000000.0,156189511047.0545,11447003556.902887
1207,2022-10-11,365090000000.0,154574232467.10703,10988560359.218828
1208,2022-10-12,367365000000.0,156534294830.83926,11134466125.49372
1209,2022-10-13,371810000000.0,155774729517.82922,10927908431.879955
1210,2022-10-14,367797000000.0,156896055886.10977,10734254873.143476
1211,2022-10-15,365748000000.0,154211401607.02725,10593033152.008364
1212,2022-10-16,369447000000.0,157933802803.2956,10794625338.793543
1213,2022-10-17,375127000000.0,160587042380.55267,11168988211.676905
1214,2022-10-18,371010000000.0,158047844455.30817,10805665803.001152
1215,2022-10-19,367013000000.0,154836953853.95813,10371585239.48224
1216,2022-10-20,365136000000.0,154503753318.30597,10053006083.891651
1217,2022-10-21,367868000000.0,156667973656.75317,10069004535.535488
1218,2022-10-22,368515000000.0,158405231109.28345,10035465758.892256
1219,2022-10-23,375396000000.0,164375713734.64368,10483919903.798029
1220,2022-10-24,371118000000.0,162048516140.45447,10147073185.3473
1221,2022-10-25,385593000000.0,176118404475.41998,11079784300.469416
1222,2022-10-26,399081000000.0,189371711029.124,11221377976.803505
1223,2022-10-27,389182000000.0,182564360058.11023,10992273062.43848
1224,2022-10-28,395426000000.0,187527706055.398,11529015661.266756
1225,2022-10-29,399271000000.0,195111981132.13147,11775699507.167597
1226,2022-10-30,395696000000.0,191570560532.91733,11783692590.493685
1227,2022-10-31,393298000000.0,189364858671.58688,11711472223.147411
1228,2022-11-01,393188000000.0,190457152433.17657,11580382407.44969
1229,2022-11-02,386763000000.0,183143533797.1761,11060885779.031412
1230,2022-11-03,387735000000.0,184375607454.03976,11068153674.31496
1231,2022-11-04,406169000000.0,198232210525.47,12130899553.08772
1232,2022-11-05,408609000000.0,196132802828.8548,13204127414.144104
1233,2022-11-06,402166000000.0,189820139323.862,11752102928.613567
1234,2022-11-07,394921000000.0,188915601440.31485,10599615663.541323
1235,2022-11-08,355623000000.0,160521438673.04935,8676567997.577435
1236,2022-11-09,302592000000.0,131732035338.88084,5031554853.009615
1237,2022-11-10,336852000000.0,156382786466.86844,6354426199.534254
1238,2022-11-11,324871000000.0,154370382545.70248,5831336009.205996
1239,2022-11-12,322089000000.0,150885371563.908,5292983738.554544
1240,2022-11-13,313449000000.0,147045448080.50482,4790433655.765043
1241,2022-11-14,319397000000.0,149525532377.3867,5062106663.2306185
1242,2022-11-15,323753000000.0,150589208252.0613,5162158795.274045
1243,2022-11-16,320005000000.0,146400514652.84616,5173662432.3534565
1244,2022-11-17,320319000000.0,144583952333.06366,4934316808.532481
1245,2022-11-18,320072000000.0,145759702830.52377,4789009401.127591
1246,2022-11-19,320748000000.0,146859811395.07092,4672499910.066821
1247,2022-11-20,312135000000.0,137343923399.7264,4432821385.019972
1248,2022-11-21,303142000000.0,133487851040.08632,4300244579.051151
1249,2022-11-22,310741000000.0,136758176559.14368,4500464273.296924
1250,2022-11-23,318463000000.0,142590810636.49655,5192940750.68504
1251,2022-11-24,318659000000.0,144943507657.5889,5282504087.446578
1252,2022-11-25,317498000000.0,144507116149.05484,5107100553.417077
1253,2022-11-26,316093000000.0,145201594968.9406,5138534968.921292
1254,2022-11-27,315863000000.0,144243886399.53543,5125953274.313238
1255,2022-11-28,311582000000.0,140876232463.897,4842708397.767193
1256,2022-11-29,316025000000.0,146681706075.29224,4857355971.509944
1257,2022-11-30,330143000000.0,156439174233.16183,5135063821.925185
1258,2022-12-01,326014000000.0,153748865390.18265,4894349603.785447
1259,2022-12-02,328218000000.0,155817610593.45514,4989150222.844574
1260,2022-12-03,324856000000.0,149558296738.57144,4837401930.065004
1261,2022-12-04,329141000000.0,154271534374.34753,4984117531.980526
1262,2022-12-05,326073000000.0,151680522150.5194,5028509546.642685
1263,2022-12-06,328187000000.0,153086019858.32025,5192203010.628279
1264,2022-12-07,323929000000.0,148550759710.7174,4928568621.764896
1265,2022-12-08,331315000000.0,154466332035.27045,4992898408.1776495
1266,2022-12-09,329500000000.0,152245831996.1244,4973346011.093065
1267,2022-12-10,329287000000.0,152675426912.52493,4969425390.41689
1268,2022-12-11,328729000000.0,152227322423.17706,4911481649.002533
1269,2022-12-12,330690000000.0,153638883560.38788,4880016687.716369
1270,2022-12-13,341849000000.0,159137465163.9203,5064633467.583964
1271,2022-12-14,342537000000.0,157660628983.85828,5183686343.579695
1272,2022-12-15,333597000000.0,152355085028.3561,5134623952.688588
1273,2022-12-16,319417000000.0,140353627841.1495,4485765300.777986
1274,2022-12-17,322668000000.0,143069532308.98923,4578311636.6837845
1275,2022-12-18,322715000000.0,143107602573.73636,4569633814.92858
1276,2022-12-19,315959000000.0,140665451665.75745,4373729304.704422
1277,2022-12-20,325163000000.0,146770708644.07892,4502553571.096238
1278,2022-12-21,323229000000.0,146118792245.0679,4440409580.005489
1279,2022-12-22,323508000000.0,146657546492.4342,4309266534.465273
1280,2022-12-23,322873000000.0,147021932446.74493,4318585318.012658
1281,2022-12-24,323986000000.0,147108158613.7257,4199943746.6057167
1282,2022-12-25,323750000000.0,146771279791.55923,4178850525.436119
1283,2022-12-26,324824000000.0,147566902232.7732,4142909188.951519
1284,2022-12-27,321354000000.0,146024675445.80725,4065303481.1135817
1285,2022-12-28,318237000000.0,143196887559.98257,3589878791.185904
1286,2022-12-29,320069000000.0,144741406008.8615,3503371643.7388062
1287,2022-12-30,319374000000.0,144459742813.56216,3629447498.35242
1288,2022-12-31,318052000000.0,144067764438.89563,3657793437.723972
1289,2023-01-01,319658000000.0,144631162344.8579,3664833086.3117614
1290,2023-01-02,321251000000.0,146418862658.71585,4155039721.408771
1291,2023-01-03,320909000000.0,146345398724.44888,4901142333.395536
1292,2023-01-04,324357000000.0,151370979954.06375,4953432491.869241
1293,2023-01-05,323919000000.0,150674869902.11508,4937557726.646497
1294,2023-01-06,326497000000.0,152977004449.93304,4955727602.30755
1295,2023-01-07,326222000000.0,152283661093.0956,4815989744.662321
1296,2023-01-08,328485000000.0,154830594143.62695,5181793564.188844
1297,2023-01-09,330871000000.0,159167427818.2867,6013371835.064232
1298,2023-01-10,335732000000.0,160979294463.496,6000787222.797295
1299,2023-01-11,343450000000.0,166384893813.8375,6055605450.303105
1300,2023-01-12,363419000000.0,170799099477.89423,6147464807.953187
1301,2023-01-13,382678000000.0,174744256542.2501,6751799839.191677
1302,2023-01-14,404698000000.0,187000311906.47583,9016149430.748728
1303,2023-01-15,402122000000.0,187088046790.69235,8474737255.792318
1304,2023-01-16,408007000000.0,190176202259.30756,8749928205.8792
1305,2023-01-17,407986000000.0,189240371250.63907,8533404705.538307
1306,2023-01-18,398978000000.0,183187985711.83017,7751686609.872864
1307,2023-01-19,405974000000.0,186844427095.9108,7933419963.078573
1308,2023-01-20,436606000000.0,199828599545.74707,9467515927.66916
1309,2023-01-21,439370000000.0,196218797159.63556,9167216343.87878
1310,2023-01-22,437715000000.0,196235164298.2324,8999819365.705105
1311,2023-01-23,441836000000.0,196195240438.40045,9048512777.69094
1312,2023-01-24,435732000000.0,187253877217.22617,8456377119.832713
1313,2023-01-25,445347000000.0,193760396528.01215,9121982932.845436
1314,2023-01-26,443437000000.0,193060918033.10037,9037702151.711464
1315,2023-01-27,444652000000.0,192588456905.4684,9046825105.658989
1316,2023-01-28,443485000000.0,189233678846.9346,8890067908.775385
1317,2023-01-29,458277000000.0,198405503605.808,9718379004.524157
1318,2023-01-30,439495000000.0,188727305412.66397,8891453049.21973
1319,2023-01-31,445889000000.0,190996616460.86127,8895406150.98242
1320,2023-02-01,457417000000.0,197875615571.1692,9295032356.24541
1321,2023-02-02,453166000000.0,198408879327.12595,9058295260.386274
1322,2023-02-03,452034000000.0,200729394421.10516,9201134506.088675
1323,2023-02-04,450312000000.0,201383218298.405,9096867630.077072
1324,2023-02-05,442653000000.0,196569637354.61227,8763499028.890038
1325,2023-02-06,438585000000.0,194538516380.5541,8450122561.158029
1326,2023-02-07,448656000000.0,201581582828.09024,8899695836.878986
1327,2023-02-08,442337000000.0,198870164389.72055,8661822964.536118
1328,2023-02-09,420770000000.0,186261433092.9121,7662247951.134644
1329,2023-02-10,416980000000.0,182477925643.1686,7558903807.237705
1330,2023-02-11,421711000000.0,185599899834.3816,7809818332.055641
1331,2023-02-12,419944000000.0,182416307097.96408,8058512709.525469
1332,2023-02-13,420478000000.0,181506273122.5412,7792922566.1525135
1333,2023-02-14,428672000000.0,187676560427.0055,8192808015.440136
1334,2023-02-15,468862000000.0,201583485592.25824,8971794076.64177
1335,2023-02-16,458041000000.0,198088994602.68472,8397967348.99372
1336,2023-02-17,474754000000.0,204369338624.49496,8721346034.202606
1337,2023-02-18,475343000000.0,203749745600.43228,8876785328.15243
1338,2023-02-19,470168000000.0,202815214846.43784,9434772513.750574
1339,2023-02-20,478506000000.0,204943522300.90775,9867942658.884024
1340,2023-02-21,470859000000.0,199424887941.10797,9406519136.82803
1341,2023-02-22,466318000000.0,197837642934.12225,9145624905.32935
1342,2023-02-23,461443000000.0,198732905841.7349,9026126527.628304
1343,2023-02-24,447297000000.0,193778467455.79065,8712588679.04484
1344,2023-02-25,447008000000.0,192040606077.4654,8470941853.540909
1345,2023-02-26,454403000000.0,197661843610.38928,8798788348.560354
1346,2023-02-27,453696000000.0,196823869747.27304,8581513690.453642
1347,2023-02-28,446801000000.0,193574258356.1793,8298938561.059904
1348,2023-03-01,455791000000.0,200205191681.70392,8505964699.933363
1349,2023-03-02,453102000000.0,198534926171.7532,8330651051.115949
1350,2023-03-03,431501000000.0,189052510299.8972,8106739548.031269
1351,2023-03-04,431218000000.0,188654946497.9141,7923941396.98031
1352,2023-03-05,432892000000.0,188381512114.99875,7941624930.968352
1353,2023-03-06,432815000000.0,188851114156.3885,7897937567.234402
1354,2023-03-07,428198000000.0,187945200100.0465,7730424640.5672035
1355,2023-03-08,419082000000.0,184834261161.6404,7060094666.635117
1356,2023-03-09,392998000000.0,173078803559.21075,6624342824.185887
1357,2023-03-10,390902000000.0,172772944066.806,7001063341.442327
1358,2023-03-11,397579000000.0,177961947384.25787,6964990594.467221
1359,2023-03-12,426200000000.0,191121420701.53293,7759690094.433523
1360,2023-03-13,466564000000.0,202117918720.258,7809204038.002181
1361,2023-03-14,478459000000.0,205610948586.18817,8028280381.372787
1362,2023-03-15,471542000000.0,199409706301.5732,7403428529.352298
1363,2023-03-16,483801000000.0,202036528031.25073,7561877766.197459
1364,2023-03-17,530332000000.0,215738085053.50195,8269443327.286681
1365,2023-03-18,521376000000.0,212526112153.85132,8150406559.794845
1366,2023-03-19,544578000000.0,217028000388.15756,8452299762.208239
1367,2023-03-20,537824000000.0,209273954046.37848,8538333036.9304495
1368,2023-03-21,544391000000.0,217430239713.355,8682506473.465246
1369,2023-03-22,528354000000.0,209380797426.5336,8249960489.923855
1370,2023-03-23,548602000000.0,219133913883.98477,8531108659.043168
1371,2023-03-24,530781000000.0,210929669893.77667,7935076749.134618
1372,2023-03-25,531288000000.0,209885234403.7056,7843474261.33869
1373,2023-03-26,542146000000.0,214232035299.286,8069725432.726222
1374,2023-03-27,524884000000.0,206560173685.3881,7636076834.955826
1375,2023-03-28,527402000000.0,213793030001.47644,7864447028.5703535
1376,2023-03-29,548792000000.0,216179520194.9649,8125178085.988205
1377,2023-03-30,541708000000.0,215822138808.9152,7903054981.308434
1378,2023-03-31,551269000000.0,219698836791.4112,8178408617.330802
1379,2023-04-01,550906000000.0,219504973507.43765,8141406480.367091
1380,2023-04-02,544500000000.0,216171582156.84247,7917129147.218979
1381,2023-04-03,538513000000.0,218149738096.07132,7896655833.9569025
1382,2023-04-04,543621000000.0,225015339219.6612,8068357447.53385
1383,2023-04-05,545126000000.0,230184395803.50565,8121269982.696524
1384,2023-04-06,542419000000.0,225480148405.9296,7980771199.610462
1385,2023-04-07,540275000000.0,224784733520.31985,7928713312.7570915
1386,2023-04-08,540827000000.0,223024925618.27487,7772642799.507211
1387,2023-04-09,548468000000.0,224158446459.94,7882194459.1647215
1388,2023-04-10,574215000000.0,230293379927.66168,8116021006.846431
1389,2023-04-11,585061000000.0,227836674834.6392,8946435513.315498
1390,2023-04-12,578627000000.0,231455256713.9236,9329397270.73982
1391,2023-04-13,587514000000.0,242182344356.7818,9563121801.975348
1392,2023-04-14,589245000000.0,253148289413.88928,9708298783.93237
1393,2023-04-15,587010000000.0,251787744275.62863,9444162021.387503
1394,2023-04-16,586476000000.0,254556551027.83792,9928043127.828
1395,2023-04-17,570182000000.0,248602437767.43237,9657790058.243536
1396,2023-04-18,587573000000.0,251009190518.60233,9730716247.865204
1397,2023-04-19,557223000000.0,231129956947.47305,8880059310.330063
1398,2023-04-20,546692000000.0,231885569778.41092,8701322575.653513
1399,2023-04-21,528152000000.0,222744186732.56607,8349980380.392716
1400,2023-04-22,538541000000.0,225847901016.29904,8570724372.355266
1401,2023-04-23,534254000000.0,224309626646.7441,8431976098.587731
1402,2023-04-24,532643000000.0,221903645257.1856,8403401981.310803
1403,2023-04-25,547813000000.0,224930771243.80453,8600252590.619768
1404,2023-04-26,549414000000.0,224787351438.22583,8356161128.68412
1405,2023-04-27,570368000000.0,229896733350.8117,8767934899.202585
1406,2023-04-28,568171000000.0,228034427110.43835,9176987287.506176
1407,2023-04-29,565695000000.0,229465097244.52127,9099307456.972326
1408,2023-04-30,568442000000.0,227017458283.97336,9039207776.346586
1409,2023-05-01,544323000000.0,220539163468.20673,8648706061.572449
1410,2023-05-02,555500000000.0,225414891358.4834,8760684761.182426
1411,2023-05-03,562387000000.0,229352550798.65195,8748435055.614946
1412,2023-05-04,558749000000.0,225962157131.41467,8569135593.949152
1413,2023-05-05,572275000000.0,240221485070.9142,9004351944.619524
1414,2023-05-06,559642000000.0,228741670543.5937,8664951685.654854
1415,2023-05-07,557002000000.0,228713293235.59647,8684588029.057178
1416,2023-05-08,536991000000.0,222667341959.90503,8158139256.021862
1417,2023-05-09,535372000000.0,222405391895.72235,8167834306.001389
1418,2023-05-10,535468000000.0,221695021098.3408,8289991316.088246
1419,2023-05-11,522718000000.0,216041529963.318,7991615407.250107
1420,2023-05-12,518619000000.0,217503571684.53647,8255224241.500544
1421,2023-05-13,519961000000.0,216494108423.1793,8267982359.86053
1422,2023-05-14,521474000000.0,216440058465.88147,8283331074.600018
1423,2023-05-15,527574000000.0,218773174730.95923,8320019596.158867
1424,2023-05-16,523610000000.0,219371536039.35303,8180790633.084347
1425,2023-05-17,530907000000.0,219185718413.52652,8338856693.73211
1426,2023-05-18,520127000000.0,216967095119.5865,8057383742.361862
1427,2023-05-19,521047000000.0,218085944881.81903,8055524409.480825
1428,2023-05-20,525168000000.0,218820170137.21887,8023578666.724621
1429,2023-05-21,518917000000.0,217270664396.93115,7780293544.681741
1430,2023-05-22,520524000000.0,218677538663.1316,7744573140.7147455
1431,2023-05-23,527682000000.0,223047178206.50552,7942586184.099399
1432,2023-05-24,510548000000.0,216616744816.57043,7614979248.068389
1433,2023-05-25,513350000000.0,217307417207.5036,7632297814.461986
1434,2023-05-26,517941000000.0,219984074540.56564,7674296490.446043
1435,2023-05-27,520567000000.0,220165395462.9602,8086922998.134465
1436,2023-05-28,544687000000.0,229845179931.37875,8254452250.921912
1437,2023-05-29,538270000000.0,227868103612.9265,8164142965.257862
1438,2023-05-30,537279000000.0,228583318051.1638,8419637610.849951
1439,2023-05-31,527712000000.0,225224188141.23596,8247032358.694074
1440,2023-06-01,520129000000.0,223888077608.1118,8129775580.224573
1441,2023-06-02,528487000000.0,229302566318.54208,8433888378.100362
1442,2023-06-03,525105000000.0,227486304235.62875,8395468790.196158
1443,2023-06-04,526657000000.0,227524808293.04044,8699627015.33196
1444,2023-06-05,500066000000.0,217957179471.816,7967383486.968408
1445,2023-06-06,527781000000.0,226422244245.57452,8113452027.683117
1446,2023-06-07,510852000000.0,220255547039.65015,7410504566.8384285
1447,2023-06-08,514406000000.0,222095901214.53036,7529158876.632822
1448,2023-06-09,513443000000.0,221035198753.60748,6883249633.37524
1449,2023-06-10,501687000000.0,210749678297.83728,6253793898.579314
1450,2023-06-11,502557000000.0,210619176276.21515,6184371338.682196
1451,2023-06-12,502583000000.0,209490380053.5375,6066292208.48466
1452,2023-06-13,502105000000.0,208825046808.96304,5979953891.595765
1453,2023-06-14,486933000000.0,198393069441.9162,5771912120.233701
1454,2023-06-15,495907000000.0,200034089144.76065,5881594073.495292
1455,2023-06-16,510924000000.0,206367671480.5963,6111816968.406043
1456,2023-06-17,514486000000.0,207680438091.31177,6248601608.096037
1457,2023-06-18,511402000000.0,206780331722.93488,6160444358.046545
1458,2023-06-19,519657000000.0,208563869293.98416,6385318502.317927
1459,2023-06-20,549322000000.0,215149680038.7828,6627128467.84796
1460,2023-06-21,584165000000.0,227708053477.5396,6910500368.163364
1461,2023-06-22,581335000000.0,225299240007.416,6661310832.1661
1462,2023-06-23,594672000000.0,227364207214.49963,6831580169.480986
1463,2023-06-24,592962000000.0,225501426950.6089,6645691545.942752
1464,2023-06-25,591407000000.0,228343872529.68103,6780663425.863044
1465,2023-06-26,587329000000.0,223264171389.78305,6494454276.004457
1466,2023-06-27,595339000000.0,227028739500.00217,6637033627.338503
1467,2023-06-28,584435000000.0,219901509250.8904,6405309493.191141
1468,2023-06-29,591381000000.0,222791857816.12335,7185754878.437477
1469,2023-06-30,591870000000.0,232582630060.47055,7581542759.43897
1470,2023-07-01,593787000000.0,231199603154.9496,7429898155.199638
1471,2023-07-02,594055000000.0,232695770564.88455,7799019934.378919
1472,2023-07-03,604595000000.0,234931951481.85587,7683314782.943038
1473,2023-07-04,598109000000.0,233030635317.8988,7731052731.210682
1474,2023-07-05,592270000000.0,229876420441.60837,7609886272.390091
1475,2023-07-06,582238000000.0,222928485487.9876,8001286914.579219
1476,2023-07-07,589064000000.0,224719539795.79205,8607897295.004265
1477,2023-07-08,587810000000.0,224079060591.2815,8776277541.440022
1478,2023-07-09,585894000000.0,223905510266.8933,8586163808.83131
1479,2023-07-10,590421000000.0,226033060031.856,8581105198.808986
1480,2023-07-11,594755000000.0,225795456512.43033,8871458026.81726
1481,2023-07-12,590301000000.0,224980493614.926,8851781061.87305
1482,2023-07-13,610709000000.0,240658434910.5034,10406848158.85277
1483,2023-07-14,588894000000.0,232616209465.4456,10757317867.534843
1484,2023-07-15,588536000000.0,232081375473.83,11037533055.11776
1485,2023-07-16,587763000000.0,231333578971.6936,11017404314.245089
1486,2023-07-17,585732000000.0,229857184771.7656,10820243011.686747
1487,2023-07-18,579773000000.0,228069290991.46817,10269785947.995481
1488,2023-07-19,581304000000.0,227121371237.95908,10629639325.32472
1489,2023-07-20,579245000000.0,227414125729.3738,10234265973.965399
1490,2023-07-21,581487000000.0,227424156410.281,10321913629.249693
1491,2023-07-22,577742000000.0,223864068558.88947,9895777185.91983
1492,2023-07-23,584387000000.0,226922484793.9405,10010867327.921385
1493,2023-07-24,567150000000.0,222349810359.36832,9459600018.532995
1494,2023-07-25,568012000000.0,223266809447.0284,9396247137.59628
1495,2023-07-26,570764000000.0,225071205042.60135,10184644068.098013
1496,2023-07-27,567682000000.0,223445687898.24185,10143197656.257734
1497,2023-07-28,569936000000.0,225365609704.5624,10053550445.268543
1498,2023-07-29,570819000000.0,226085270830.54147,10185849054.569515
1499,2023-07-30,568947000000.0,223741970741.5192,9808686706.227362
1500,2023-07-31,568140000000.0,223078341415.0411,9595563872.372978
1501,2023-08-01,573607000000.0,224372031272.64407,9666843100.771242
1502,2023-08-02,566700000000.0,220952063489.38824,9363083821.09363
1503,2023-08-03,567685000000.0,220666142198.95557,9172068642.003569
1504,2023-08-04,565086000000.0,219465064489.20245,9222633638.861511
1505,2023-08-05,565027000000.0,220554236422.46317,9155322176.93271
1506,2023-08-06,564957000000.0,219536049905.9618,9390128991.155825
1507,2023-08-07,567248000000.0,219401681690.7442,9329815834.969456
1508,2023-08-08,579241000000.0,223104292272.0632,9815108003.900969
1509,2023-08-09,575440000000.0,222934470328.97736,9897225594.642385
1510,2023-08-10,572498000000.0,222396101484.26727,9985516059.064724
1511,2023-08-11,571931000000.0,221871792229.53244,9966149969.504225
1512,2023-08-12,572269000000.0,222109483864.4908,10105729638.681671
1513,2023-08-13,569777000000.0,220945647588.33588,9847273796.37204
1514,2023-08-14,572192000000.0,221529819915.20767,10209290059.5379
1515,2023-08-15,567527000000.0,219518458611.84695,9683652049.266735
1516,2023-08-16,559516000000.0,217089997741.6747,9254726498.129555
1517,2023-08-17,518803000000.0,202902804373.22723,8877604906.685843
1518,2023-08-18,506701000000.0,199504133400.22012,8680082925.173014
1519,2023-08-19,507825000000.0,200353373643.55,8910312653.465378
1520,2023-08-20,509453000000.0,202383126946.1949,8866899049.557129
1521,2023-08-21,508554000000.0,200427243609.1604,8651143270.44025
1522,2023-08-22,505648000000.0,196177590774.704,8362479448.094311
1523,2023-08-23,514897000000.0,201821692548.34717,8830418596.029396
1524,2023-08-24,508586000000.0,199151852081.58765,8555308371.132534
1525,2023-08-25,506937000000.0,198710216025.24652,8310481245.878672
1526,2023-08-26,506283000000.0,197867662489.18372,8265763650.924302
1527,2023-08-27,507867000000.0,199168619640.72452,8475182944.467822
1528,2023-08-28,508215000000.0,198696254495.1664,8390607513.781251
1529,2023-08-29,538782000000.0,207610640231.3471,8873369050.821512
1530,2023-08-30,531542000000.0,204975442293.435,8512148378.563523
1531,2023-08-31,505391000000.0,197836663134.69028,8053976163.968899
1532,2023-09-01,502452000000.0,195801737433.74744,7884424758.69897
1533,2023-09-02,503753000000.0,196778798794.66235,7959226823.319671
1534,2023-09-03,505613000000.0,196620775196.84943,8001227411.09708
1535,2023-09-04,502463000000.0,195642848013.53928,7945529390.65601
1536,2023-09-05,502153000000.0,196282142737.3509,8286076891.790507
1537,2023-09-06,501636000000.0,196243689196.9484,8019958163.375241
1538,2023-09-07,510536000000.0,197889484437.4811,8131669768.528576
1539,2023-09-08,504601000000.0,196724082426.01923,8027358512.195039
1540,2023-09-09,504427000000.0,196519048834.72107,7965549837.250975
1541,2023-09-10,503221000000.0,194445077220.15823,7508388034.105402
1542,2023-09-11,489677000000.0,186264903624.80597,7255589315.601297
1543,2023-09-12,503820000000.0,191634667308.3861,7373235575.390702
1544,2023-09-13,510997000000.0,193282784730.12152,7553037786.337789
1545,2023-09-14,517435000000.0,195664589759.2125,7753351136.924659
1546,2023-09-15,519733000000.0,197636648345.33795,7894549310.522393
1547,2023-09-16,517484000000.0,196530712474.313,7861613578.888893
1548,2023-09-17,516473000000.0,194831590954.7622,7724977146.239907
1549,2023-09-18,521609000000.0,196885212353.6365,8087242644.2727585
1550,2023-09-19,530413000000.0,197588243213.248,8243468469.915307
1551,2023-09-20,528845000000.0,195087312529.35977,8347682604.3511715
1552,2023-09-21,517920000000.0,190522492983.44608,8017758208.803525
1553,2023-09-22,518129000000.0,191598085284.9854,8022337311.902544
1554,2023-09-23,518045000000.0,191515391237.08984,8028702134.973336
1555,2023-09-24,512435000000.0,190110835149.95688,7984596080.23587
1556,2023-09-25,512502000000.0,190871379228.88977,7998384322.167101
1557,2023-09-26,510687000000.0,191412540768.78745,7841199286.520493
1558,2023-09-27,513469000000.0,191947614328.6216,7884077345.249179
1559,2023-09-28,527092000000.0,198733841734.54013,8233324460.277874
1560,2023-09-29,524734000000.0,200498731861.9883,8382577236.445898
1561,2023-09-30,526054000000.0,200930672588.47455,8831578970.668808
1562,2023-10-01,545041000000.0,208196727272.64783,9902619327.176104
1563,2023-10-02,537572000000.0,199980015285.864,9654210449.774307
1564,2023-10-03,535127000000.0,199226162134.8872,9719444134.246271
1565,2023-10-04,542139000000.0,198273403610.5844,9577670152.222355
1566,2023-10-05,534928000000.0,193951448977.6497,9389580992.021341
1567,2023-10-06,545009000000.0,197887215086.51007,9681336639.032162
1568,2023-10-07,545638000000.0,196617200962.46277,9630822479.000769
1569,2023-10-08,544958000000.0,196360271118.12457,9623239932.984392
1570,2023-10-09,538253000000.0,189937520756.6237,9154877132.563568
1571,2023-10-10,534933000000.0,188590185041.92783,9170452669.939337
1572,2023-10-11,523418000000.0,188229678775.9947,9099974754.401054
1573,2023-10-12,521751000000.0,184959840850.65372,8850022831.258224
1574,2023-10-13,523751000000.0,186424400669.8662,9076833624.476131
1575,2023-10-14,524156000000.0,187076062831.47836,9156777270.988308
1576,2023-10-15,529416000000.0,187154505875.5702,9122595517.168377
1577,2023-10-16,556307000000.0,192532539510.54053,9988105056.938255
1578,2023-10-17,554894000000.0,188241928074.6772,9979327706.213608
1579,2023-10-18,552873000000.0,188017036076.20523,9770828532.137337
1580,2023-10-19,559970000000.0,188382228106.08545,10353687428.487143
1581,2023-10-20,579799000000.0,193092067738.50687,11299213889.8392
1582,2023-10-21,584070000000.0,195881958466.72443,12239039611.696953
1583,2023-10-22,585301000000.0,200005686456.2696,12073569712.952763
1584,2023-10-23,643306000000.0,212038377667.30328,13277498823.123665
1585,2023-10-24,661433000000.0,214632632796.0492,12571529178.3235
1586,2023-10-25,673325000000.0,214828864107.11743,13534345081.135792
1587,2023-10-26,667358000000.0,217027499336.54572,13722569034.534536
1588,2023-10-27,661834000000.0,214164643632.71823,13272558131.134825
1589,2023-10-28,665668000000.0,213620559747.57108,13249178494.180643
1590,2023-10-29,675129000000.0,216207966966.62808,13763115878.108845
1591,2023-10-30,673611000000.0,217612477072.85696,14645161810.42172
1592,2023-10-31,676403000000.0,218114032484.21677,16039262756.955067
1593,2023-11-01,691974000000.0,222027275405.7628,17328917841.551388
1594,2023-11-02,681284000000.0,216391070925.5904,16810768458.527365
1595,2023-11-03,677903000000.0,220406219446.31696,16589861338.052465
1596,2023-11-04,685411000000.0,223642462356.1477,17806418704.937614
1597,2023-11-05,685720000000.0,228094907098.5377,17345812149.790646
1598,2023-11-06,684051000000.0,228374429493.44232,17608310170.851498
1599,2023-11-07,691907000000.0,226850590273.92023,18072942402.324413
1600,2023-11-08,699349000000.0,227626509906.70776,18233136875.51977
1601,2023-11-09,716525000000.0,254463307871.49216,19037621460.673443
1602,2023-11-10,730080000000.0,250243645420.14728,23927518224.129463
1603,2023-11-11,722544000000.0,246098347073.84216,23777177393.06294
1604,2023-11-12,724016000000.0,245928881822.56616,23633184728.73628
1605,2023-11-13,714085000000.0,248042513646.97012,22047841509.31808
1606,2023-11-14,695498000000.0,238409318387.72968,24042779752.77692
1607,2023-11-15,739497000000.0,247283034167.92496,27585020201.60708
1608,2023-11-16,706697000000.0,235658410044.707,24269161416.649807
1609,2023-11-17,714729000000.0,235561163786.06152,24688550401.996437
1610,2023-11-18,714914000000.0,235984545175.90585,24729499612.27725
1611,2023-11-19,731861000000.0,241681699406.0296,26053688122.91047
1612,2023-11-20,733335000000.0,243423940840.26044,23886289411.680973
1613,2023-11-21,704422000000.0,233954030002.9051,22079123906.832844
1614,2023-11-22,731199000000.0,248246148100.05035,24350389348.513527
1615,2023-11-23,729448000000.0,248100701272.6529,23965482649.758984
1616,2023-11-24,737441000000.0,250029953951.22885,24052730266.412247
1617,2023-11-25,739070000000.0,250657103814.2409,24880493308.02432
1618,2023-11-26,732902000000.0,248351451795.8585,24395064723.86544
1619,2023-11-27,727979000000.0,243765969061.52155,23309881973.27046
1620,2023-11-28,739729000000.0,246470595926.9052,24594530350.084057
1621,2023-11-29,740123000000.0,243956120965.50555,25077987693.03596
1622,2023-11-30,737530000000.0,246619094048.85696,25070003518.02384
1623,2023-12-01,756941000000.0,250834195560.08868,25374524512.32921
1624,2023-12-02,771821000000.0,260284806714.50803,26863172897.87083
1625,2023-12-03,781944000000.0,263743103341.98032,26786029921.440098
1626,2023-12-04,819776000000.0,269086702691.9668,26052148075.145924
1627,2023-12-05,862005000000.0,275515002256.52545,25810762196.796932
1628,2023-12-06,855761000000.0,268308751200.552,26524761648.558426
1629,2023-12-07,846736000000.0,283061296004.4849,28726711342.27167
1630,2023-12-08,864814000000.0,283641599334.8588,31743252884.2615
1631,2023-12-09,855753000000.0,281550561198.5147,30900689590.67109
1632,2023-12-10,855652000000.0,282637883140.8061,31633385285.083263
1633,2023-12-11,806329000000.0,267104871475.65567,29877126456.833195
1634,2023-12-12,811405000000.0,264623465227.2357,29258179882.5208
1635,2023-12-13,840243000000.0,271788076576.3001,30192030349.4674
1636,2023-12-14,842123000000.0,278837850954.86646,32380228750.376335
1637,2023-12-15,821517000000.0,267040010000.44128,31218697036.157394
1638,2023-12-16,825965000000.0,267423490786.41852,31378677848.84932
1639,2023-12-17,810844000000.0,264454392013.12985,30425276171.787437
1640,2023-12-18,834509000000.0,266349880088.8473,31815601533.75809
1641,2023-12-19,827432000000.0,261559820244.98193,31087664791.321125
1642,2023-12-20,853574000000.0,263932804444.8275,35036663019.85202
1643,2023-12-21,858802000000.0,268952393161.21133,40194966590.61004
1644,2023-12-22,861570000000.0,279591058545.9109,41860745448.45233
1645,2023-12-23,856902000000.0,277750377161.77527,46118035286.323845
1646,2023-12-24,843809000000.0,272603116920.69687,48172931737.8224
1647,2023-12-25,854154000000.0,273329024351.75684,51721113887.203285
1648,2023-12-26,832014000000.0,267943547602.7716,47750956080.83984
1649,2023-12-27,850570000000.0,285865435493.34454,45875080047.466225
1650,2023-12-28,835601000000.0,282605908433.2296,43905833232.37003
1651,2023-12-29,822472000000.0,275935092579.749,45384342620.051186
1652,2023-12-30,826544000000.0,275669970152.0582,43740578948.215904
1653,2023-12-31,826830000000.0,273905566501.14816,43418980191.00786
1654,2024-01-01,862760000000.0,282122400852.43884,46889271222.921974
1655,2024-01-02,880267000000.0,283349342548.6692,45965121373.67985
1656,2024-01-03,837847000000.0,265289716259.71463,42328208656.12072
1657,2024-01-04,866822000000.0,273083090124.15,45142664730.13589
1658,2024-01-05,864826000000.0,272534865557.8572,42999440472.631966
1659,2024-01-06,860391000000.0,269084549870.25775,40251656678.05643
1660,2024-01-07,858983000000.0,266625527225.41385,38331460582.58518
1661,2024-01-08,920480000000.0,280307923268.4032,42213718220.549034
1662,2024-01-09,902935000000.0,281190323472.17505,42656026701.21748
1663,2024-01-10,917362000000.0,311378088518.29443,44405860402.447136
1664,2024-01-11,908833000000.0,314726164915.4739,43228498200.60106
1665,2024-01-12,839054000000.0,302756684709.2141,39505708633.02326
1666,2024-01-13,839677000000.0,310070118098.5144,41355098832.918365
1667,2024-01-14,820929000000.0,297941348780.2669,40857224994.601074
1668,2024-01-15,833521000000.0,301985209964.1662,40787307158.56172
1669,2024-01-16,846143000000.0,311338731226.7594,42256799362.39548
1670,2024-01-17,836729000000.0,303399147121.20526,43920742459.57839
1671,2024-01-18,808782000000.0,296451087657.63153,40835295632.67434
1672,2024-01-19,815580000000.0,299250948034.2488,40379284926.8422
1673,2024-01-20,816828000000.0,296805630278.2024,40087799025.01379
1674,2024-01-21,814284000000.0,294980412813.08966,39438898600.636055
1675,2024-01-22,775895000000.0,277873799554.9512,36183115130.7555
1676,2024-01-23,779075000000.0,269077240535.63113,36286611288.08817
1677,2024-01-24,786261000000.0,268436335054.32657,38396331023.04676
1678,2024-01-25,782688000000.0,266569075426.62772,37622046133.05915
1679,2024-01-26,820833000000.0,272434339372.81805,39931839514.0518
1680,2024-01-27,826062000000.0,272403932147.76004,40763004801.33608
1681,2024-01-28,823317000000.0,271018101613.57388,41492886805.22198
1682,2024-01-29,847586000000.0,278211111160.66394,43940840391.317184
1683,2024-01-30,842366000000.0,282226807740.16284,44402173370.960396
1684,2024-01-31,835331000000.0,274522114329.87607,42228093083.03071
1685,2024-02-01,843819000000.0,276441100504.09827,42517772061.38178
1686,2024-02-02,846509000000.0,277165487698.4974,43797841016.00368
1687,2024-02-03,843165000000.0,275800925353.4493,42630753434.71308
1688,2024-02-04,835240000000.0,274921938854.186,41618575284.38993
1689,2024-02-05,836123000000.0,276034746258.0777,41644138706.09696
1690,2024-02-06,845649000000.0,285343553711.314,42294412891.86023
1691,2024-02-07,868265000000.0,291409081051.98785,44040131366.592354
1692,2024-02-08,889483000000.0,291067917628.4944,44977233722.1538
1693,2024-02-09,925723000000.0,299343923104.9748,46852786049.65495
1694,2024-02-10,937859000000.0,300505173876.8045,47669565577.2824
1695,2024-02-11,945909000000.0,300967240026.8601,46958405475.02855
1696,2024-02-12,981060000000.0,319034101549.6513,48816471430.37217
1697,2024-02-13,974015000000.0,317054903874.84705,49128171945.57192
1698,2024-02-14,1017560000000.0,333994452390.63574,51232220797.2752
1699,2024-02-15,1019460000000.0,339522913242.0298,49611165583.48709
1700,2024-02-16,1023800000000.0,336793505486.2945,48618099092.12751
1701,2024-02-17,1014370000000.0,334859242523.59814,48052822851.36347
1702,2024-02-18,1023710000000.0,345742965358.2072,49503755597.88061
1703,2024-02-19,1017010000000.0,354310304298.14044,49137436417.81904
1704,2024-02-20,1026930000000.0,362194013961.01886,47899926944.04827
1705,2024-02-21,1015910000000.0,356290454157.8148,46328970253.309166
1706,2024-02-22,1007080000000.0,357182494341.5916,44955167329.88551
1707,2024-02-23,997244000000.0,351255707160.16846,44058984686.47658
1708,2024-02-24,1012790000000.0,359290266092.7063,45949011448.63109
1709,2024-02-25,1016140000000.0,373894929982.3372,45605100077.95301
1710,2024-02-26,1071280000000.0,381600198124.69617,48501018143.177765
1711,2024-02-27,1120380000000.0,389826153429.74225,47767800193.413315
1712,2024-02-28,1226700000000.0,405710940104.2227,51958602852.30956
1713,2024-02-29,1205820000000.0,402534241823.4974,55682628423.40732
1714,2024-03-01,1228060000000.0,413088241843.05457,57740964019.336075
1715,2024-03-02,1218790000000.0,410926715980.45593,57443939918.65488
1716,2024-03-03,1237340000000.0,418381639156.2308,57720106450.56524
1717,2024-03-04,1337590000000.0,436182165198.4616,58799067808.8463
1718,2024-03-05,1256290000000.0,426827056421.10376,55634062946.526
1719,2024-03-06,1298660000000.0,458977455705.77264,57970276608.39342
1720,2024-03-07,1317710000000.0,464706063596.312,63991494446.840576
1721,2024-03-08,1342800000000.0,467894214146.4256,64362660401.56434
1722,2024-03-09,1345990000000.0,470131026095.90607,64139423747.73337
1723,2024-03-10,1353520000000.0,465083705768.34595,63803107788.2754
1724,2024-03-11,1418740000000.0,489163054444.07697,65957796193.10602
1725,2024-03-12,1403780000000.0,476921062806.7065,66695734830.31005
1726,2024-03-13,1436250000000.0,480926089496.09454,72615944490.6689
1727,2024-03-14,1405340000000.0,466295497032.4428,77995011036.22444
1728,2024-03-15,1364510000000.0,448751185432.0417,81491103713.28682
1729,2024-03-16,1286120000000.0,422628587594.05273,80340663604.11348
1730,2024-03-17,1342230000000.0,436907464083.2458,89755210666.21622
1731,2024-03-18,1332180000000.0,423874467732.5872,87377320637.7707
1732,2024-03-19,1218190000000.0,380149663752.93054,75246449037.80698
1733,2024-03-20,1333830000000.0,422561190131.2162,85038435902.39618
1734,2024-03-21,1286830000000.0,419009182489.66,79571168237.02382
1735,2024-03-22,1248190000000.0,398269280501.7943,76826397076.6654
1736,2024-03-23,1265440000000.0,402812763269.81775,77117048828.33275
1737,2024-03-24,1323080000000.0,414891248894.92694,81891628971.59683
1738,2024-03-25,1377280000000.0,431779777754.853,84243567867.39636
1739,2024-03-26,1377900000000.0,431458699260.0729,84935885338.65038
1740,2024-03-27,1362170000000.0,420058822313.68414,82469515311.1075
1741,2024-03-28,1392890000000.0,428199861962.7668,84376810104.58301
1742,2024-03-29,1375060000000.0,422208991443.94293,85458592299.79906
1743,2024-03-30,1370130000000.0,420989815611.34406,86405424747.82089
1744,2024-03-31,1400970000000.0,437624238890.7229,89923397506.15508
1745,2024-04-01,1372780000000.0,421506592830.7776,85732059587.61546
1746,2024-04-02,1289090000000.0,394193207698.829,80852266048.71434
1747,2024-04-03,1300890000000.0,398306604794.223,82604914820.39441
1748,2024-04-04,1346350000000.0,399566794560.571,81659709755.68774
1749,2024-04-05,1335920000000.0,399169892230.85297,77831600202.78362
1750,2024-04-06,1360200000000.0,404415872829.3983,79750236443.37901
1751,2024-04-07,1365320000000.0,413938075458.5,79861253578.8148
1752,2024-04-08,1411050000000.0,444279636458.4236,80517816922.08905
1753,2024-04-09,1359200000000.0,420156171049.3542,76885314247.58435
1754,2024-04-10,1388880000000.0,425207436099.62195,77258825486.40031
1755,2024-04-11,1378460000000.0,420738442885.3698,76882536259.77005
1756,2024-04-12,1320490000000.0,388420019365.292,68194256998.829124
1757,2024-04-13,1270430000000.0,363860651783.24664,62392048542.51749
1758,2024-04-14,1292090000000.0,379284601606.2605,67716799120.70407
1759,2024-04-15,1247760000000.0,372582832615.29346,61846547891.77201
1760,2024-04-16,1255520000000.0,370830658627.9712,61046499622.15789
1761,2024-04-17,1207150000000.0,358393130555.787,59209941184.24792
1762,2024-04-18,1250240000000.0,368356778643.29755,63589108103.81202
1763,2024-04-19,1255260000000.0,366936725848.6189,63655414613.30072
1764,2024-04-20,1277870000000.0,378894956613.2718,67331071348.656845
1765,2024-04-21,1279090000000.0,377946226735.56213,66440740030.50808
1766,2024-04-22,1318030000000.0,384924381556.55054,70319516128.03328
1767,2024-04-23,1307050000000.0,386365473967.24664,69240147032.50795
1768,2024-04-24,1263860000000.0,382366755335.85126,65896955607.21297
1769,2024-04-25,1270300000000.0,385463825139.90424,64846043095.95698
1770,2024-04-26,1255800000000.0,381991092357.9341,62282181722.61277
1771,2024-04-27,1248970000000.0,397034630683.4472,63252813737.73272
1772,2024-04-28,1240120000000.0,398237376272.60297,61608208892.65613
1773,2024-04-29,1258460000000.0,393065869842.597,61664390925.90713
1774,2024-04-30,1194050000000.0,367682786339.86993,56776553607.376434
1775,2024-05-01,1144950000000.0,362550779873.88464,60060790617.04957
1776,2024-05-02,1165230000000.0,364782865518.06976,61742956396.44636
1777,2024-05-03,1240350000000.0,373173556399.9894,64388479913.72052
1778,2024-05-04,1258050000000.0,374315718317.3792,65412585370.60406
1779,2024-05-05,1261750000000.0,376959283381.5205,65190438575.465225
1780,2024-05-06,1245250000000.0,368402929643.13257,68477829587.91311
1781,2024-05-07,1228900000000.0,362059235910.264,66473062050.77436
1782,2024-05-08,1202970000000.0,356750325770.7316,63646123038.30877
1783,2024-05-09,1240800000000.0,364450873966.0919,68226102661.058304
1784,2024-05-10,1199430000000.0,349609099394.9157,65597926897.38264
1785,2024-05-11,1198410000000.0,349669754574.91486,65235649447.341125
1786,2024-05-12,1210020000000.0,351982626304.23645,64360391722.59361
1787,2024-05-13,1238720000000.0,354147364994.61346,66064074677.972244
1788,2024-05-14,1212520000000.0,346052245550.3492,63746266373.74591
1789,2024-05-15,1305640000000.0,363811225842.9392,70827402384.28418
1790,2024-05-16,1285730000000.0,353304747306.58124,71426498497.80602
1791,2024-05-17,1318990000000.0,371464833446.66187,76023815418.33093
1792,2024-05-18,1319440000000.0,375086393662.55347,77412920064.39516
1793,2024-05-19,1305320000000.0,368794080619.5132,76375003896.4905
1794,2024-05-20,1402730000000.0,439884690504.3802,83588137798.88672
1795,2024-05-21,1383360000000.0,456106825442.5723,80012073476.37962
1796,2024-05-22,1360880000000.0,449392904402.70935,79384826280.87816
1797,2024-05-23,1334990000000.0,452517063622.6624,78963591325.07504
1798,2024-05-24,1351770000000.0,447847012180.60254,75349221413.57343
1799,2024-05-25,1365080000000.0,450259632220.9267,75628506062.18701
1800,2024-05-26,1348610000000.0,459450986620.48975,73343898391.09886
1801,2024-05-27,1366440000000.0,467049922607.4872,76308399750.44272
1802,2024-05-28,1346660000000.0,461919108684.3941,75837031672.01155
1803,2024-05-29,1331730000000.0,452912393131.7498,77350693839.1413
1804,2024-05-30,1347350000000.0,450228945354.88873,76800790932.0055
1805,2024-05-31,1327730000000.0,451182700927.60547,76097913707.79245
1806,2024-06-01,1334390000000.0,458140349387.2389,76258962884.25887
1807,2024-06-02,1336220000000.0,454294618275.7816,75063543169.68141
1808,2024-06-03,1356500000000.0,452640610993.2842,75770636419.77048
1809,2024-06-04,1390430000000.0,458017579011.95294,78884931833.86119
1810,2024-06-05,1400980000000.0,464166845424.93536,79757823562.97198
1811,2024-06-06,1395100000000.0,457988435856.3068,78374201514.41934
1812,2024-06-07,1366550000000.0,442138888716.5936,74746574729.79965
1813,2024-06-08,1366050000000.0,442152755466.588,72798792430.43799
1814,2024-06-09,1372670000000.0,445229407740.1565,74619998477.69751
1815,2024-06-10,1369190000000.0,440495172319.8544,73184508073.11034
1816,2024-06-11,1327870000000.0,420263287553.2351,68824683053.18027
1817,2024-06-12,1344570000000.0,427850136260.17615,71404894520.5473
1818,2024-06-13,1316400000000.0,416943839470.4315,68025603668.29232
1819,2024-06-14,1300630000000.0,418119475608.7145,65999777034.79665
1820,2024-06-15,1305040000000.0,428670615630.17926,67096545440.79375
1821,2024-06-16,1313300000000.0,434924567547.09406,69556963706.08795
1822,2024-06-17,1310610000000.0,421685985056.8104,66175409261.954735
1823,2024-06-18,1283600000000.0,417872969228.48834,63293331261.914925
1824,2024-06-19,1279030000000.0,435008383218.2284,62441141576.84119
1825,2024-06-20,1279430000000.0,429514901459.814,61701338094.99292
1826,2024-06-21,1263440000000.0,430200492114.91895,62056761145.02425
1827,2024-06-22,1266850000000.0,427504036855.55817,61726173744.445564
1828,2024-06-23,1248870000000.0,418179788014.0402,59440787625.14881
1829,2024-06-24,1188050000000.0,409339871034.66907,60978834087.073654
1830,2024-06-25,1217280000000.0,407649019137.05096,63040293107.59422
1831,2024-06-26,1198670000000.0,404870838737.6036,63185660733.23863
1832,2024-06-27,1214000000000.0,413872748801.0571,68989499524.6785
1833,2024-06-28,1189060000000.0,405339837106.91766,64583784607.150375
1834,2024-06-29,1200630000000.0,405438157991.8674,64726637402.104515
1835,2024-06-30,1237600000000.0,413181690050.30554,67747022170.71615
1836,2024-07-01,1239040000000.0,413159536958.3671,67682168149.41814
1837,2024-07-02,1223150000000.0,410826535999.4816,71225958512.32457
1838,2024-07-03,1187430000000.0,395990075516.50055,65081732185.93482
1839,2024-07-04,1132250000000.0,370279528851.1615,59763914923.02888
1840,2024-07-05,1118510000000.0,358931080579.74945,62263571565.96605
1841,2024-07-06,1148840000000.0,368754788959.8036,66324703793.00565
1842,2024-07-07,1106520000000.0,352526444078.36694,61306907059.2407
1843,2024-07-08,1117940000000.0,363062180515.0858,64702786067.6961
1844,2024-07-09,1143380000000.0,368323316755.0459,65573039812.25114
1845,2024-07-10,1138260000000.0,372774032895.4976,65774040363.29648
1846,2024-07-11,1130100000000.0,372261780810.5999,63102535695.42752
1847,2024-07-12,1140980000000.0,376299758456.4468,64567497174.09279
1848,2024-07-13,1169980000000.0,382495082094.02106,65972688411.80346
1849,2024-07-14,1203230000000.0,391495458602.55743,68712354601.54523
1850,2024-07-15,1276590000000.0,419311053576.0017,73982653898.29402
1851,2024-07-16,1284540000000.0,414358339223.32367,74708963809.07704
1852,2024-07-17,1266470000000.0,408037244938.40894,72288438774.58669
1853,2024-07-18,1262220000000.0,412493466641.01514,73945623249.70346
1854,2024-07-19,1316930000000.0,421680339759.111,78592740593.0944
1855,2024-07-20,1325430000000.0,423257289707.96,80769408870.92378
1856,2024-07-21,1342650000000.0,424455868877.7538,85568346851.54483
1857,2024-07-22,1332400000000.0,413818526229.7178,83018254335.9993
1858,2024-07-23,1300500000000.0,418729326823.45966,80147214775.3418
1859,2024-07-24,1289430000000.0,400580072851.4344,82415917286.85031
1860,2024-07-25,1296730000000.0,381589693562.8492,79785239856.31586
1861,2024-07-26,1339980000000.0,394246952088.68,85063256370.68454
1862,2024-07-27,1343270000000.0,391289023889.6344,85794930017.23837
1863,2024-07-28,1345150000000.0,393270203995.63873,85777973713.36674
1864,2024-07-29,1319460000000.0,399585554123.37195,84963667486.8766
1865,2024-07-30,1306070000000.0,393946172154.4366,83258861816.03438
1866,2024-07-31,1276570000000.0,388611449914.2184,80007021956.86102
1867,2024-08-01,1286220000000.0,385192821278.37933,77878278256.62651
1868,2024-08-02,1213800000000.0,358950212683.07715,71051245869.37196
1869,2024-08-03,1197670000000.0,349308437824.10614,66546804053.34561
1870,2024-08-04,1150690000000.0,324503790934.64514,64445110781.5244
1871,2024-08-05,1072510000000.0,292739455516.4519,60848124739.69438
1872,2024-08-06,1106160000000.0,295674174238.3305,67057766836.48161
1873,2024-08-07,1088070000000.0,282159594931.82416,67625605062.010284
1874,2024-08-08,1221890000000.0,323098498142.9224,75698063599.41002
1875,2024-08-09,1198470000000.0,311832667013.4708,72660846719.93431
1876,2024-08-10,1201470000000.0,313512053026.21735,71805659374.27051
1877,2024-08-11,1161320000000.0,307759540957.2127,66053574055.23101
1878,2024-08-12,1172360000000.0,328193528602.75995,68366562969.4933
1879,2024-08-13,1194930000000.0,325030951707.21826,68477961635.49704
1880,2024-08-14,1161490000000.0,320739932258.368,67227534044.86631
1881,2024-08-15,1137890000000.0,309557808310.6675,66831591686.80469
1882,2024-08-16,1163250000000.0,312058538306.77747,64923991466.56098
1883,2024-08-17,1172900000000.0,314191571178.75336,66055998430.73456
1884,2024-08-18,1160660000000.0,315714764956.1024,66767333605.78352
1885,2024-08-19,1172890000000.0,316582668461.04694,67199360822.06837
1886,2024-08-20,1167230000000.0,310104449628.1628,66513281503.38214
1887,2024-08-21,1206930000000.0,316160382425.7335,66517022097.38202
1888,2024-08-22,1192380000000.0,315554208327.92554,66816825177.23071
1889,2024-08-23,1265710000000.0,332740410287.0018,71385175855.43196
1890,2024-08-24,1264090000000.0,332258755415.04126,74561215838.43822
1891,2024-08-25,1273490000000.0,331800805191.60767,74372458774.0093
1892,2024-08-26,1243620000000.0,323163521910.0208,73379377268.85736
1893,2024-08-27,1175810000000.0,296097931294.3868,68650816515.76275
1894,2024-08-28,1167000000000.0,304291905057.2832,67087447930.22348
1895,2024-08-29,1171750000000.0,304015013008.26416,65212523044.88514
1896,2024-08-30,1167890000000.0,303969392481.4924,64391759036.954285
1897,2024-08-31,1164300000000.0,302363914557.35675,63042226474.33744
1898,2024-09-01,1132520000000.0,291849130755.4431,60057127704.74258
1899,2024-09-02,1168290000000.0,305409123652.8774,63014170935.41752
1900,2024-09-03,1138270000000.0,293528763440.9611,59797451960.95581
1901,2024-09-04,1146110000000.0,295112824351.1203,62418685124.01407
1902,2024-09-05,1108210000000.0,284800624151.6796,60368322226.60871
1903,2024-09-06,1063330000000.0,267169599560.03436,58314200040.23735
1904,2024-09-07,1067850000000.0,273082374885.02255,59479665838.86826
1905,2024-09-08,1083530000000.0,276742097682.83514,60790190313.36132
1906,2024-09-09,1128530000000.0,284204272008.22235,63117947291.79084
1907,2024-09-10,1139000000000.0,287515985689.5623,63440854311.278946
1908,2024-09-11,1133980000000.0,281840669833.9949,61981116603.3218
1909,2024-09-12,1148130000000.0,284254914785.7196,63733680676.9126
1910,2024-09-13,1195810000000.0,293939691869.6684,64969531899.99684
1911,2024-09-14,1185370000000.0,290866262845.684,64205723831.15425
1912,2024-09-15,1168060000000.0,279091525393.0484,61567484402.186134
1913,2024-09-16,1150260000000.0,276197325237.6614,61568775098.199974
1914,2024-09-17,1190010000000.0,281241830391.209,61528727560.66641
1915,2024-09-18,1211140000000.0,283860992928.3342,62344085690.963066
1916,2024-09-19,1244520000000.0,297059421090.1284,66781613606.59314
1917,2024-09-20,1247690000000.0,307449528245.60474,68712082295.181694
1918,2024-09-21,1251940000000.0,313470281364.7388,69989248251.36833
1919,2024-09-22,1256000000000.0,310628574513.00055,67819642074.62571
1920,2024-09-23,1251370000000.0,318674386638.46356,67841649635.46536
1921,2024-09-24,1271290000000.0,319587259282.8504,71725345477.92032
1922,2024-09-25,1245970000000.0,309907674684.2605,69288564973.36304
1923,2024-09-26,1285470000000.0,316518093029.7483,72792225185.7383
1924,2024-09-27,1299530000000.0,324762693488.61633,73935776900.63387
1925,2024-09-28,1299610000000.0,321935193379.6911,73404843189.79556
1926,2024-09-29,1296620000000.0,319723816990.84015,74312581780.90839
1927,2024-09-30,1250060000000.0,312501390326.3073,71636336697.86488
1928,2024-10-01,1202630000000.0,294880723026.1728,67907610459.92199
1929,2024-10-02,1199260000000.0,285044487160.37213,65895257668.32641
1930,2024-10-03,1200850000000.0,282810345144.2385,64019751184.16829
1931,2024-10-04,1226320000000.0,290712680716.81287,66964575627.16702
1932,2024-10-05,1225920000000.0,290621281106.65814,66796852075.0883
1933,2024-10-06,1240950000000.0,293535368586.3768,68554811502.782326
1934,2024-10-07,1233600000000.0,292105411807.51746,67751641200.18373
1935,2024-10-08,1227900000000.0,293675663146.59265,67213121383.93331
1936,2024-10-09,1198060000000.0,284959290817.37445,65369323458.25169
1937,2024-10-10,1190300000000.0,286759996624.8332,65137629158.9882
1938,2024-10-11,1234630000000.0,293450266331.4725,68296679525.592415
1939,2024-10-12,1249290000000.0,298334795251.7933,68826686937.86089
1940,2024-10-13,1240560000000.0,296758798235.2238,69192945529.62746
1941,2024-10-14,1306410000000.0,316720189253.7488,73918853274.37834
1942,2024-10-15,1323130000000.0,313063867728.61444,72486658225.39719
1943,2024-10-16,1337570000000.0,314445197021.28906,72499675638.5002
1944,2024-10-17,1331180000000.0,313394685702.6456,70631777170.21829
1945,2024-10-18,1352020000000.0,317996890899.2264,72758005822.40285
1946,2024-10-19,1351410000000.0,318992244883.1548,74949074443.4125
1947,2024-10-20,1364380000000.0,330599894139.8642,78518396743.18443
1948,2024-10-21,1333340000000.0,321118073294.38354,78232225104.91313
1949,2024-10-22,1333090000000.0,315819972253.4347,78747369583.0714
1950,2024-10-23,1317720000000.0,303592857983.4071,80478044820.9855
1951,2024-10-24,1347090000000.0,304855657771.0415,83312005185.57683
1952,2024-10-25,1310160000000.0,290781092108.9892,76856628613.86
1953,2024-10-26,1325250000000.0,298655345462.1969,80246633644.52336
1954,2024-10-27,1344600000000.0,302020887542.47394,83165541844.52628
1955,2024-10-28,1381460000000.0,308971841236.7553,83822770453.82446
1956,2024-10-29,1437190000000.0,317289082193.0026,84250174804.8949
1957,2024-10-30,1432700000000.0,320381211350.3736,82458300653.38704
1958,2024-10-31,1391550000000.0,303157280934.12604,79400714251.66664
1959,2024-11-01,1374110000000.0,302523515898.81696,78119412847.98064
1960,2024-11-02,1369360000000.0,299683216030.0076,78005112509.27515
1961,2024-11-03,1359520000000.0,295559999346.4496,76469012638.78893
1962,2024-11-04,1340490000000.0,288589862212.7695,74231396599.08035
1963,2024-11-05,1375310000000.0,292485053033.92065,78578794357.12128
1964,2024-11-06,1497130000000.0,327893613456.6362,88257656259.50748
1965,2024-11-07,1502630000000.0,348236785234.66,92229422766.75735
1966,2024-11-08,1513260000000.0,356473204842.87726,94062833390.52711
1967,2024-11-09,1519060000000.0,378117605355.8424,94839927660.3463
1968,2024-11-10,1590500000000.0,383847446050.59406,99106345791.68777
1969,2024-11-11,1757700000000.0,405854576069.8764,104974785029.26404
1970,2024-11-12,1741690000000.0,391995447684.69275,100394631594.32175
1971,2024-11-13,1787630000000.0,384260552647.93994,101464761159.78804
1972,2024-11-14,1725060000000.0,368063065032.7521,98633728953.62274
1973,2024-11-15,1802940000000.0,372999990930.6117,103450842807.7802
1974,2024-11-16,1791680000000.0,377444693880.14294,101880237011.91946
1975,2024-11-17,1775210000000.0,369716399850.4484,111848609785.93022
1976,2024-11-18,1792160000000.0,384013892762.1376,113426925977.64888
1977,2024-11-19,1825170000000.0,374734558905.42175,112729689134.8744
1978,2024-11-20,1862930000000.0,370118590042.61786,112082534348.70934
1979,2024-11-21,1949740000000.0,405274140554.1141,121972174978.6082
1980,2024-11-22,1957560000000.0,400466809725.34406,121562153436.84952
1981,2024-11-23,1933240000000.0,409139980536.3945,120898787447.8634
1982,2024-11-24,1938690000000.0,405110974033.5916,120333593907.30592
1983,2024-11-25,1846970000000.0,413066275309.5,111715819134.72908
1984,2024-11-26,1817980000000.0,400373850710.22687,109487901546.16045
1985,2024-11-27,1899420000000.0,441899397095.35376,115043406996.6516
1986,2024-11-28,1894480000000.0,431665489704.0188,112902254461.4884
1987,2024-11-29,1927400000000.0,433043067177.2505,115743017048.77492
1988,2024-11-30,1908930000000.0,447210445391.72296,113101635389.31207
1989,2024-12-01,1928890000000.0,447562959326.3833,113047251162.78165
1990,2024-12-02,1894440000000.0,438054446992.7284,107005940572.55072
1991,2024-12-03,1900100000000.0,436472202838.602,111656101123.36871
1992,2024-12-04,1957690000000.0,463059081199.80865,108619097027.55804
1993,2024-12-05,1918690000000.0,457039635210.60266,112846163285.08336
1994,2024-12-06,1978130000000.0,483389590864.35114,112636532071.29861
1995,2024-12-07,1978620000000.0,482514162581.6868,113750283907.97713
1996,2024-12-08,1994870000000.0,481968002552.3676,112722755107.39313
1997,2024-12-09,1927410000000.0,447348984592.88,103764544136.59753
1998,2024-12-10,1916530000000.0,437499404896.4333,101896220063.31216
1999,2024-12-11,2005360000000.0,462128853907.88806,108338330880.78328
2000,2024-12-12,1981240000000.0,466970709437.50256,108749778776.87753
2001,2024-12-13,2005050000000.0,470393468396.153,107437258370.32632
2002,2024-12-14,2006620000000.0,465957016054.6481,105301984837.19144
2003,2024-12-15,2069720000000.0,475484751507.8404,107188327318.03384
2004,2024-12-16,2095590000000.0,481213190114.25055,103738431406.3748
2005,2024-12-17,2100790000000.0,467074462543.84674,106797736375.85815
2006,2024-12-18,1989050000000.0,438024990239.7329,98730548027.05681
2007,2024-12-19,1934200000000.0,413135038839.5737,93288870094.79622
2008,2024-12-20,1932670000000.0,418154712581.70654,92888953412.5546
2009,2024-12-21,1922340000000.0,400968833249.54266,86600568524.8708
2010,2024-12-22,1883890000000.0,394888544701.998,86460558299.16812
2011,2024-12-23,1877040000000.0,412260258126.56067,91208486211.47731
2012,2024-12-24,1953060000000.0,420967753776.54016,94588006202.00385
2013,2024-12-25,1964930000000.0,420491576181.9022,94566008015.55711
2014,2024-12-26,1893550000000.0,400559541844.02905,90136894362.46371
2015,2024-12-27,1865700000000.0,400188524374.1506,88105563489.15718
2016,2024-12-28,1883640000000.0,409229362091.69305,93400877732.18874
2017,2024-12-29,1850700000000.0,403192824772.33417,90836677779.44049
2018,2024-12-30,1832240000000.0,404228820922.00146,91392902641.76233
2019,2024-12-31,1849440000000.0,401463358079.3976,90841217926.90169
2020,2025-01-01,1870600000000.0,403690743204.28094,93547012465.66544
2021,2025-01-02,1918080000000.0,415346383360.2749,100290045651.26263
2022,2025-01-03,1943270000000.0,434463759032.4521,105101328750.23828
2023,2025-01-04,1945480000000.0,440674480814.0526,104643073681.68684
2024,2025-01-05,1949180000000.0,438312575485.1107,103163190447.26158
2025,2025-01-06,2023800000000.0,443715190879.36334,105440512694.73776
2026,2025-01-07,1920750000000.0,407509137794.4424,97952876177.7938
2027,2025-01-08,1882450000000.0,400645272987.96295,95576177777.49217
2028,2025-01-09,1829150000000.0,387615632326.9648,89527114869.2475
2029,2025-01-10,1876990000000.0,393941127407.79926,90868569973.66788
2030,2025-01-11,1874000000000.0,395964761485.0178,91050827589.61143
2031,2025-01-12,1869040000000.0,392572494342.54614,90988320271.58873
2032,2025-01-13,1869520000000.0,377514137133.4156,88638023982.14519
2033,2025-01-14,1912990000000.0,388780405180.21423,90991355463.71187
2034,2025-01-15,1984440000000.0,414628137082.5067,99496932374.37584
2035,2025-01-16,1980630000000.0,398017301307.8183,102135587251.44942
2036,2025-01-17,2066230000000.0,419203510471.9932,107010330021.81938
2037,2025-01-18,2068290000000.0,398058419708.83325,127074338259.9148
2038,2025-01-19,2000110000000.0,386095430491.2701,120273654143.857
2039,2025-01-20,2032540000000.0,395905296121.8514,119110428662.56567
2040,2025-01-21,2099930000000.0,400383972870.7453,121371415595.08772
2041,2025-01-22,2056450000000.0,390383064977.5108,124915411566.68506
2042,2025-01-23,2064290000000.0,401974762493.2052,123367011669.40396
2043,2025-01-24,2074870000000.0,398917343731.3414,123352660218.54144
2044,2025-01-25,2077890000000.0,400493574611.9228,125380540386.10268
2045,2025-01-26,2037650000000.0,390563850305.2809,117790657973.409
2046,2025-01-27,2019350000000.0,382071101200.7793,114230165682.38142
2047,2025-01-28,2004150000000.0,370058815290.27246,110123308575.97656
2048,2025-01-29,2059290000000.0,376443382667.7896,111593835482.30276
2049,2025-01-30,2080530000000.0,392375634082.14813,116644445259.61314
2050,2025-01-31,2026590000000.0,396814870091.3769,112484272860.72453
2051,2025-02-01,1993870000000.0,376012172545.3169,104188721483.58568
2052,2025-02-02,1930800000000.0,342792048728.1418,98155225819.7329
2053,2025-02-03,2013250000000.0,346814810214.20935,105366872387.2466
2054,2025-02-04,1939290000000.0,328262958308.4955,100352464011.86871
2055,2025-02-05,1913780000000.0,335160135916.32306,95514816088.62704
2056,2025-02-06,1913460000000.0,323628910992.24084,92175141509.72032
2057,2025-02-07,1910390000000.0,314935563930.85333,93429089194.51703
2058,2025-02-08,1914790000000.0,317859233670.8273,97495518968.61699
2059,2025-02-09,1909020000000.0,316212338726.6321,97340334326.34402
2060,2025-02-10,1930180000000.0,320494606410.00214,97534644034.4909
2061,2025-02-11,1899130000000.0,313877451445.11694,96621668685.9265
2062,2025-02-12,1937830000000.0,330118270561.10614,95831088416.4641
2063,2025-02-13,1913650000000.0,322442057791.0154,94847172535.53603
2064,2025-02-14,1931130000000.0,328496187938.47845,97402815162.96909
2065,2025-02-15,1934530000000.0,324782785341.2585,95009703449.90411
2066,2025-02-16,1906800000000.0,320913032171.1076,92029782663.44006
2067,2025-02-17,1899080000000.0,330722128876.68726,86925989008.65671
2068,2025-02-18,1892250000000.0,321535874843.2336,82528071274.97269
2069,2025-02-19,1916160000000.0,327695401270.3757,82631541929.32062
2070,2025-02-20,1950780000000.0,330418474545.26245,85870971211.4359
2071,2025-02-21,1904360000000.0,320180174278.4829,82491474031.97208
2072,2025-02-22,1915440000000.0,333523273939.7149,84168502962.97726
2073,2025-02-23,1905290000000.0,340221287058.2409,81961783846.40007
2074,2025-02-24,1821610000000.0,303772851237.91284,69355407330.73228
2075,2025-02-25,1760180000000.0,301352756755.5116,71644683174.43394
2076,2025-02-26,1665400000000.0,280988404361.10114,67025410789.45001
2077,2025-02-27,1678080000000.0,277143339345.46326,68418220562.174965
2078,2025-02-28,1670560000000.0,268881001422.53696,73602945025.35165
2079,2025-03-01,1702340000000.0,266357211195.4966,71229455844.83621
2080,2025-03-02,1870620000000.0,303790948199.94104,90281385717.91214
2081,2025-03-03,1711770000000.0,259693203158.91125,72594835849.8004
2082,2025-03-04,1731790000000.0,261683111086.13385,73535842731.42093
2083,2025-03-05,1797190000000.0,270250737597.0729,74231246193.51196
2084,2025-03-06,1789350000000.0,266067445976.29608,73035290405.8543
2085,2025-03-07,1716640000000.0,257438712586.5446,70532094186.7102
2086,2025-03-08,1709100000000.0,265283772518.64328,69682049400.1516
2087,2025-03-09,1599580000000.0,243091973888.3576,64378590811.08254
2088,2025-03-10,1567060000000.0,226695374405.60425,60518016744.01138
2089,2025-03-11,1641300000000.0,231924504004.17368,63810386154.87516
2090,2025-03-12,1658850000000.0,229939249197.5447,64217554155.55413
2091,2025-03-13,1608910000000.0,224758457600.47067,62825512949.27901
2092,2025-03-14,1668370000000.0,230935626599.208,68189286878.372055
2093,2025-03-15,1673300000000.0,233948425616.65265,69194360907.44917
2094,2025-03-16,1636430000000.0,227325896685.1202,64204111377.92611
2095,2025-03-17,1666650000000.0,232538624398.85757,65378465700.84456
2096,2025-03-18,1640240000000.0,232861275335.37247,63866359918.22018
2097,2025-03-19,1721490000000.0,248119847477.5312,69034723981.19272
2098,2025-03-20,1668970000000.0,238624291280.96045,65131562824.16328
2099,2025-03-21,1667910000000.0,237169672840.928,65459951647.068794
2100,2025-03-22,1663020000000.0,238697881903.12067,65487373315.295006
2101,2025-03-23,1701540000000.0,241013285910.34048,67394466727.471115
2102,2025-03-24,1732570000000.0,250189938280.6104,71695187079.2261
2103,2025-03-25,1734600000000.0,249133112997.20248,73523770728.56627
2104,2025-03-26,1723010000000.0,241938967310.37717,69971622458.07544
2105,2025-03-27,1730490000000.0,241695339185.52457,70815198703.60136
2106,2025-03-28,1672940000000.0,228749806660.61945,66160295668.88841
2107,2025-03-29,1637030000000.0,220015933962.03177,63557816105.340645
2108,2025-03-30,1631490000000.0,217511108954.4753,63754093152.98836
2109,2025-03-31,1636390000000.0,220006577336.17496,64033663727.04332
2110,2025-04-01,1691300000000.0,230247946676.44467,65000337238.07954
2111,2025-04-02,1638330000000.0,216642857719.4457,60704830216.93325
2112,2025-04-03,1645840000000.0,218825656822.33127,59891123867.78813
2113,2025-04-04,1662600000000.0,218764347965.9309,62814704878.238335
2114,2025-04-05,1653280000000.0,217559524568.40533,61565751353.72597
2115,2025-04-06,1547080000000.0,189342546990.54605,54256961241.69357
2116,2025-04-07,1576340000000.0,188277124160.52185,55195315583.49533
2117,2025-04-08,1515430000000.0,177522858597.85297,54287140754.73682
2118,2025-04-09,1641890000000.0,200673495123.9628,61305284254.31649
2119,2025-04-10,1579170000000.0,183705103465.4264,58129682008.24995
2120,2025-04-11,1654650000000.0,188934375324.18237,62358303493.16175
2121,2025-04-12,1692590000000.0,198698532907.38196,68193560924.8416
2122,2025-04-13,1658880000000.0,192289658794.8651,66036913893.61363
2123,2025-04-14,1679170000000.0,195931479773.29135,66920223990.21342
2124,2025-04-15,1660990000000.0,191995125325.2828,65288256444.29593
2125,2025-04-16,1670560000000.0,190424983414.23044,67830273402.85633
2126,2025-04-17,1686270000000.0,191250367664.19128,69541211531.21843
2127,2025-04-18,1676270000000.0,191810451312.47473,69112197459.73492
2128,2025-04-19,1690000000000.0,194902848420.01974,72084209901.99841
2129,2025-04-20,1689580000000.0,191348693522.95895,71062665056.26753
2130,2025-04-21,1734460000000.0,190349300720.0562,70362006544.06801
2131,2025-04-22,1856300000000.0,212205514777.26248,76956211613.1779
2132,2025-04-23,1860320000000.0,217016923677.4247,78246011546.12605
2133,2025-04-24,1863410000000.0,213599085875.21793,78747458645.39494
2134,2025-04-25,1881750000000.0,216028609726.54095,78093311461.31975
2135,2025-04-26,1880270000000.0,219712514615.1536,77150099802.16609
2136,2025-04-27,1862800000000.0,216499722213.1439,76760309688.7424
2137,2025-04-28,1887720000000.0,217288153706.4764,76568471750.17975
2138,2025-04-29,1868640000000.0,216454000756.59723,75593146102.68425
2139,2025-04-30,1871350000000.0,216740699821.12476,76490626180.1936
2140,2025-05-01,1914580000000.0,221927431846.90128,78022647092.07332
2141,2025-05-02,1923160000000.0,222306843138.49847,76645973965.7924
2142,2025-05-03,1905370000000.0,221597546191.99524,76085121466.46533
2143,2025-05-04,1874320000000.0,218437860134.9352,74637302765.73018
2144,2025-05-05,1883810000000.0,220026544805.69208,76155155387.50801
2145,2025-05-06,1920090000000.0,219036254028.60727,75958386176.9687
2146,2025-05-07,1929260000000.0,219075391164.86328,76476079606.25443
2147,2025-05-08,2047130000000.0,264774758450.8445,84753323679.74875
2148,2025-05-09,2044620000000.0,282779929856.4966,89704620713.27188
2149,2025-05-10,2077280000000.0,312043486572.7668,91983708947.36082
2150,2025-05-11,2065280000000.0,302749495347.47614,89682934670.5349
2151,2025-05-12,2044350000000.0,301051163667.6132,90524673526.26285
2152,2025-05-13,2068750000000.0,323133354498.6421,95604251460.96185
2153,2025-05-14,2057400000000.0,314264995942.7461,91587860475.8496
2154,2025-05-15,2060300000000.0,306733379344.2516,87619202767.17738
2155,2025-05-16,2057360000000.0,307459313578.1138,87243437862.25243
2156,2025-05-17,2049900000000.0,298754559881.7525,86241653559.00536
2157,2025-05-18,2106030000000.0,297706523604.0256,89249924423.80498
2158,2025-05-19,2098090000000.0,305013045268.2629,86702506047.44974
2159,2025-05-20,2123590000000.0,304875860842.39276,87648230062.84259
2160,2025-05-21,2179570000000.0,308819477576.416,90401721055.4013
2161,2025-05-22,2214820000000.0,320823107800.3686,93387442617.9184
2162,2025-05-23,2131720000000.0,304453743448.9744,90662522540.86327
2163,2025-05-24,2144200000000.0,305395241737.016,91567984023.52115
2164,2025-05-25,2164070000000.0,307488664060.1243,91100012421.57741
2165,2025-05-26,2173210000000.0,309291233340.0605,90877845344.25113
2166,2025-05-27,2167180000000.0,321302832745.0627,91952220877.3036
2167,2025-05-28,2143960000000.0,323197087481.9875,89591187035.29434
2168,2025-05-29,2101050000000.0,317914392267.70154,86802858400.75858
2169,2025-05-30,2066290000000.0,304863953144.958,81457558146.12682
2170,2025-05-31,2080800000000.0,305741718272.016,81880089207.03601
2171,2025-06-01,2101550000000.0,306547295531.875,82331362863.05956
2172,2025-06-02,2104560000000.0,314895185336.8973,81961908426.29126
2173,2025-06-03,2096350000000.0,313287534023.94586,81228465091.34155
2174,2025-06-04,2082460000000.0,315079936490.4716,80164801866.32448
2175,2025-06-05,2020620000000.0,292301260891.19867,75784475677.77238
2176,2025-06-06,2075350000000.0,299383991438.2626,77629538986.8749
2177,2025-06-07,2100530000000.0,305076491922.1864,78747278875.9723
2178,2025-06-08,2101420000000.0,302963091111.844,80070077849.47864
2179,2025-06-09,2190320000000.0,323140399028.4544,84310315619.06204
2180,2025-06-10,2187910000000.0,338774503470.4132,86526455930.21503
2181,2025-06-11,2159570000000.0,334952789201.36255,84457319103.08032
2182,2025-06-12,2107010000000.0,320268534833.0013,80206243230.52866
2183,2025-06-13,2107560000000.0,311223499496.0085,78069172637.95555
2184,2025-06-14,2096480000000.0,305798355138.67554,76358694082.19025
2185,2025-06-15,2097380000000.0,307427282125.4081,80517167317.91304
2186,2025-06-16,2131790000000.0,309652305866.33124,80275759646.76535
2187,2025-06-17,2079800000000.0,303420275939.61584,78024905796.32932
2188,2025-06-18,2083480000000.0,304517536633.3506,77421926106.18521
2189,2025-06-19,2081420000000.0,304583606505.09674,77603321380.31914
2190,2025-06-20,2053220000000.0,290112235463.73254,73796709298.54938
2191,2025-06-21,2018940000000.0,273556899808.99783,71110017891.89433
2192,2025-06-22,2006080000000.0,268886065933.88345,70032835157.71342
2193,2025-06-23,2097530000000.0,292317870454.63293,76906561557.37457
2194,2025-06-24,2106850000000.0,294938705801.3416,77322794510.89783
2195,2025-06-25,2133550000000.0,291897530517.4165,76097864168.35782
2196,2025-06-26,2127790000000.0,291566574913.9397,74297843312.949
2197,2025-06-27,2129390000000.0,292384187996.49634,75993487666.68065
2198,2025-06-28,2134730000000.0,294336951743.2477,80605131994.58263
2199,2025-06-29,2154730000000.0,302184015707.95496,81878994002.8509
2200,2025-06-30,2130770000000.0,300462270286.07965,82914786038.56737
2201,2025-07-01,2099270000000.0,289807752732.876,78454776843.1268
2202,2025-07-02,2166150000000.0,311446304631.2529,81501147619.59242
2203,2025-07-03,2180220000000.0,312696715871.3392,81471685752.7184
2204,2025-07-04,2149430000000.0,303010727230.07776,79010540386.24
2205,2025-07-05,2152730000000.0,304020981114.40564,78979057554.8808
2206,2025-07-06,2171380000000.0,310212626369.50415,81219382017.83922
2207,2025-07-07,2152930000000.0,306956780751.80927,79548711769.8293
2208,2025-07-08,2167050000000.0,315726720945.60144,81271651287.32584
2209,2025-07-09,2216030000000.0,335089604637.5809,84310394941.24771
2210,2025-07-10,2304740000000.0,356166032465.4708,87842495485.84627
2211,2025-07-11,2339500000000.0,357156109295.9608,87166956708.34259
2212,2025-07-12,2334860000000.0,354951968365.6074,86012168364.61668
2213,2025-07-13,2365100000000.0,358480615260.2574,86310969300.88794
2214,2025-07-14,2384470000000.0,363567813079.53217,86953175128.0925
2215,2025-07-15,2341550000000.0,378183784602.3882,87898559998.09033
2216,2025-07-16,2361890000000.0,406362133767.97345,93068236476.5944
2217,2025-07-17,2377290000000.0,421219619169.6327,94735936081.7056
2218,2025-07-18,2346640000000.0,427608247678.7587,95336494002.68369
2219,2025-07-19,2345700000000.0,433613401133.1204,95101139153.49875
2220,2025-07-20,2333750000000.0,453281968778.9066,97363183809.68349
2221,2025-07-21,2336330000000.0,454589632727.621,105655689931.37273
2222,2025-07-22,2388820000000.0,452174224418.4825,110230644294.24896
2223,2025-07-23,2360680000000.0,438128712752.18976,102007171197.36629
2224,2025-07-24,2355290000000.0,447779715965.1321,98436392696.65977
2225,2025-07-25,2338290000000.0,449354425890.39496,100260015441.4843
2226,2025-07-26,2347570000000.0,451864736253.88257,99506265205.6211
2227,2025-07-27,2376570000000.0,466367055469.3481,101381980824.95572
2228,2025-07-28,2348450000000.0,457603594903.3681,98542551473.4438
2229,2025-07-29,2345500000000.0,457599534577.5916,97583379843.164
2230,2025-07-30,2342780000000.0,458804689313.58875,95562362634.24669
2231,2025-07-31,2305330000000.0,446803862987.45135,92724264710.14429
2232,2025-08-01,2254320000000.0,420349402377.4771,87420896340.1767
2233,2025-08-02,2239720000000.0,409631223107.2574,85134974182.26146
2234,2025-08-03,2273960000000.0,422987378896.30457,87270549752.83226
2235,2025-08-04,2292650000000.0,448935137833.28235,91199058188.10297
2236,2025-08-05,2271040000000.0,436254253165.52386,88391948870.16513
2237,2025-08-06,2289470000000.0,444454714800.6066,90548819214.682
2238,2025-08-07,2337490000000.0,471278836603.87646,94312875483.52953
2239,2025-08-08,2323530000000.0,484799510006.38007,95475303164.8576
2240,2025-08-09,2319030000000.0,514453123615.2504,97173214111.95287
2241,2025-08-10,2372360000000.0,512858410761.8883,98545698336.05408
2242,2025-08-11,2363510000000.0,510314491619.28485,94357759847.72752
2243,2025-08-12,2391680000000.0,555190337506.1343,103631143800.34326
2244,2025-08-13,2457160000000.0,574673719171.6306,109019896360.18584
2245,2025-08-14,2359060000000.0,550523513680.3712,104031302690.89896
2246,2025-08-15,2335250000000.0,534736197937.7785,100143950845.03062
2247,2025-08-16,2338310000000.0,533851852572.1609,102221071040.89856
2248,2025-08-17,2341140000000.0,541702071636.7956,103538987089.90459
2249,2025-08-18,2315540000000.0,521642201937.51135,99052482475.45549
2250,2025-08-19,2247370000000.0,494119330778.55646,95669599977.62675
2251,2025-08-20,2275120000000.0,523588767400.0821,101151841833.31004
2252,2025-08-21,2236740000000.0,509698443622.681,97413475804.47624
2253,2025-08-22,2325460000000.0,583151048579.4227,108041191516.25092
2254,2025-08-23,2295250000000.0,576784940908.6205,110316173792.76526
2255,2025-08-24,2260170000000.0,577856128576.3778,111454243923.85806
2256,2025-08-25,2192000000000.0,528396490053.81354,101037850221.4831
2257,2025-08-26,2228010000000.0,555490123261.3042,106077495152.6254
2258,2025-08-27,2215260000000.0,544030708746.29504,110006157735.9186
2259,2025-08-28,2239780000000.0,543669402945.378,115944573124.43324
2260,2025-08-29,2160030000000.0,527101644708.69714,110722313846.86041
2261,2025-08-30,2165510000000.0,527742694199.07056,109611302287.82132
2262,2025-08-31,2157010000000.0,530700466106.1233,108930406945.3198
2263,2025-09-01,2170520000000.0,519108501638.28467,106276322637.91055
2264,2025-09-02,2213360000000.0,521734233018.40015,113065730653.3185
2265,2025-09-03,2226150000000.0,537848131324.92175,113857287491.1106
2266,2025-09-04,2208630000000.0,521073442631.8664,109944802540.0158
2267,2025-09-05,2204960000000.0,520091331708.84576,110239063988.62726
2268,2025-09-06,2195690000000.0,516275101796.1122,108446448974.3186
2269,2025-09-07,2216930000000.0,520975838288.4246,112019045676.43552
2270,2025-09-08,2233010000000.0,519649796085.47217,116015480627.9528
2271,2025-09-09,2220600000000.0,520206765581.6788,117728440370.70592
2272,2025-09-10,2269350000000.0,524898221352.14,121493005788.56313
2273,2025-09-11,2299580000000.0,538582423006.3189,123984576957.44208
2274,2025-09-12,2313650000000.0,567660218930.5758,131266295290.07166
2275,2025-09-13,2310030000000.0,563251165081.3281,131582559157.89928
2276,2025-09-14,2298740000000.0,556435859782.9038,130561956429.81172
2277,2025-09-15,2299300000000.0,546082583809.82086,126932290345.4805
2278,2025-09-16,2326800000000.0,543995482355.4452,128811806831.0981
2279,2025-09-17,2322420000000.0,554642419299.3009,132915423340.88467
2280,2025-09-18,2331200000000.0,553590647575.6953,134211680386.308
2281,2025-09-19,2303330000000.0,538775458336.00494,129243186185.45424
2282,2025-09-20,2306180000000.0,541230228251.6108,130055578195.42336
2283,2025-09-21,2297570000000.0,537437903197.2973,128523259105.30148
2284,2025-09-22,2245910000000.0,507510990335.0417,119669535227.94336
2285,2025-09-23,2232620000000.0,503388573227.7908,116476466643.35033
2286,2025-09-24,2258030000000.0,501298462230.8494,115039272489.64252
2287,2025-09-25,2175220000000.0,467772524596.3157,104940557421.94006
2288,2025-09-26,2185290000000.0,486642112344.76624,111151550044.0971
2289,2025-09-27,2184850000000.0,485241655145.52673,110682337538.77428
2290,2025-09-28,2235220000000.0,499286425699.7373,114414271500.7838
2291,2025-09-29,2278520000000.0,509418795565.5042,115834386147.45668
2292,2025-09-30,2271230000000.0,499837162674.9064,113393404372.50565
2293,2025-10-01,2359370000000.0,523643029396.22705,120112389975.751
2294,2025-10-02,2402520000000.0,540580981424.4237,127404915265.04623
2295,2025-10-03,2438180000000.0,545554251285.2788,126730781305.93208
2296,2025-10-04,2438810000000.0,541803063897.9325,124227254103.69154
2297,2025-10-05,2461610000000.0,545344752236.61835,124735476624.3584
2298,2025-10-06,2487530000000.0,566792338320.261,127014297190.03107
2299,2025-10-07,2423020000000.0,538816814849.5438,120541504494.98468
2300,2025-10-08,2459360000000.0,546683582865.0299,125023821405.63434
2301,2025-10-09,2423780000000.0,527336416239.58325,120524201060.63943
2302,2025-10-10,2267340000000.0,466764241141.8977,104474558798.65482
2303,2025-10-11,2211340000000.0,452619159775.3481,97281071779.62083
2304,2025-10-12,2295320000000.0,500610762521.2757,107511772965.17372
2305,2025-10-13,2298890000000.0,512916476072.16974,113893419421.61444
2306,2025-10-14,2259080000000.0,499112194565.74,110881041777.751
2307,2025-10-15,2209990000000.0,480896897615.407,106138230413.10776
2308,2025-10-16,2155610000000.0,469531442533.6076,100821988273.94691
2309,2025-10-17,2125520000000.0,463309195661.3869,99707438298.41078
2310,2025-10-18,2136030000000.0,469357162192.20447,102525258861.99074
2311,2025-10-19,2167240000000.0,481374494460.8556,102776748829.74248
2312,2025-10-20,2205800000000.0,480639038651.46014,103856616021.96834
2313,2025-10-21,2167220000000.0,468479169297.9261,101879994753.07828
2314,2025-10-22,2146680000000.0,458540202177.7071,98378351971.38234
2315,2025-10-23,2194450000000.0,465424423006.1053,104540072597.74419
2316,2025-10-24,2213720000000.0,474698217996.6975,106288165510.58272
2317,2025-10-25,2225530000000.0,477364265831.1463,106677788045.3348
2318,2025-10-26,2284260000000.0,502860618933.6666,110047640000.22713
2319,2025-10-27,2274960000000.0,497145804032.98206,109067232034.8833
2320,2025-10-28,2252940000000.0,480906130929.79016,106772049278.17957
2321,2025-10-29,2197660000000.0,471066010676.63416,106817150822.94824
2322,2025-10-30,2154110000000.0,457576430976.8292,101087959825.61147
2323,2025-10-31,2184730000000.0,464825667855.82007,103016778934.12686
2324,2025-11-01,2193800000000.0,467305947260.5888,102852662280.93166
2325,2025-11-02,2201510000000.0,469873059108.19135,103230759431.23776
2326,2025-11-03,2123920000000.0,433991547086.0165,91582491175.43184
2327,2025-11-04,2021330000000.0,396217496468.61224,85674809651.81122
2328,2025-11-05,2072510000000.0,413753734150.2606,89898040771.34428
2329,2025-11-06,2019170000000.0,398743597063.2221,85453206329.25996
2330,2025-11-07,2062920000000.0,414964781250.00415,89610418667.22287
2331,2025-11-08,2041160000000.0,411009207994.54114,87537116061.40414
2332,2025-11-09,2088080000000.0,431660395753.3954,91008851580.64929
2333,2025-11-10,2115970000000.0,430957994482.85034,92791000147.9666
2334,2025-11-11,2054020000000.0,412748915502.4381,85863045531.64537
2335,2025-11-12,2028310000000.0,411639311681.4573,84909757799.14961
2336,2025-11-13,1995500000000.0,391984794502.43646,80482224545.35979
2337,2025-11-14,1885180000000.0,375646787922.7149,76905964743.04807
2338,2025-11-15,1905940000000.0,382598439848.92645,77398043325.173
2339,2025-11-16,1878830000000.0,373012682591.0937,76092207639.45226
2340,2025-11-17,1833520000000.0,364275580224.1413,72391164430.44193
2341,2025-11-18,1852110000000.0,376263151979.22687,78037067337.00438
2342,2025-11-19,1821880000000.0,363951103948.4048,75676067055.82219
2343,2025-11-20,1733930000000.0,343353111720.894,74311030648.24747
2344,2025-11-21,1694760000000.0,332763302257.515,71593880081.54921
2345,2025-11-22,1691310000000.0,334584166314.328,71340201302.09113
2346,2025-11-23,1733310000000.0,338221491595.5676,73157290266.08861
2347,2025-11-24,1763370000000.0,357097494412.60626,77475885492.52599
2348,2025-11-25,1744610000000.0,357565015751.3603,77854769114.08495
2349,2025-11-26,1804770000000.0,365026701669.5892,79921068105.351
2350,2025-11-27,1822540000000.0,363901966722.6834,78780484992.91206
2351,2025-11-28,1815670000000.0,366363081129.23334,76963323966.60223
2352,2025-11-29,1812760000000.0,361039947317.0657,76103050208.84413
2353,2025-11-30,1808120000000.0,362401608766.5696,75573768367.74919
2354,2025-12-01,1726290000000.0,338525714594.11865,71028553579.59798
2355,2025-12-02,1826570000000.0,362494388893.0963,77735931273.1292
2356,2025-12-03,1868140000000.0,384988654995.90344,81176895274.36739
2357,2025-12-04,1840170000000.0,378558883485.5329,77833519295.31357
2358,2025-12-05,1781820000000.0,364675448000.0524,74494325420.2701
2359,2025-12-06,1779630000000.0,366457338776.35114,73891859478.54129
2360,2025-12-07,1797620000000.0,367891162050.9758,73686618871.95122
2361,2025-12-08,1809750000000.0,377190691770.9931,74672575640.71356
2362,2025-12-09,1852420000000.0,401424953577.2528,77617719139.27754
2363,2025-12-10,1838370000000.0,401892122056.1921,76764388987.39581
2364,2025-12-11,1848810000000.0,390748149000.8584,76590803018.21213
2365,2025-12-12,1803100000000.0,372682403328.8153,74471869593.2683
2366,2025-12-13,1801420000000.0,375949292119.74554,74788813246.40747
2367,2025-12-14,1758560000000.0,369411073607.52875,72748304235.62021
2368,2025-12-15,1723790000000.0,357524755128.26074,71616017456.43327
2369,2025-12-16,1751770000000.0,357049334389.2042,72333358884.65108
2370,2025-12-17,1718010000000.0,341167235246.4701,69179028205.4871
2371,2025-12-18,1705570000000.0,341153629289.6492,67168348131.28204
2372,2025-12-19,1760180000000.0,359728301906.76904,70997484878.89209
2373,2025-12-20,1762710000000.0,359123115841.2903,70687000408.47253
2374,2025-12-21,1767560000000.0,362198163077.2337,70799667616.86012
2375,2025-12-22,1766420000000.0,362660280477.0528,70669190669.29913
2376,2025-12-23,1744320000000.0,357650120651.1093,69640089511.96767
2377,2025-12-24,1749550000000.0,355655750204.6716,68975284097.0702
2378,2025-12-25,1741720000000.0,350644815120.73596,67845951185.98681
2379,2025-12-26,1743820000000.0,353163815182.25073,68743757402.49849
2380,2025-12-27,1751070000000.0,355121478422.0952,70003265392.8037
2381,2025-12-28,1752150000000.0,355577573188.3152,70153370705.78313
2382,2025-12-29,1739930000000.0,354107676974.60474,69316600807.72409
2383,2025-12-30,1765830000000.0,358367374381.821,70186453685.15594
2384,2025-12-31,1747660000000.0,358238005980.3975,70125503054.8712
2385,2026-01-01,1771000000000.0,362192027246.5644,71329715373.7179
2386,2026-01-02,1796130000000.0,377082496182.4104,74476080817.07706
2387,2026-01-03,1809310000000.0,377201195483.1576,75113630004.62654
2388,2026-01-04,1824560000000.0,378996076766.9647,75469147083.53455
2389,2026-01-05,1876310000000.0,389802644560.4537,77902515216.83495
2390,2026-01-06,1868870000000.0,397211327459.0173,79431242519.84999
2391,2026-01-07,1821670000000.0,381809454671.85046,76847894315.05113
2392,2026-01-08,1819470000000.0,375253093195.06384,78127969183.33327
2393,2026-01-09,1808380000000.0,372343750649.46765,76659307072.33156
2394,2026-01-10,1805750000000.0,371987887442.4087,76566107923.5933
2395,2026-01-11,1812010000000.0,375667997171.74054,78511901175.45676
2396,2026-01-12,1820510000000.0,373076196647.4756,78517005191.35098
2397,2026-01-13,1903720000000.0,400983889804.60706,82258561814.78087
2398,2026-01-14,1938510000000.0,405111613845.66016,82854907016.97218
2399,2026-01-15,1908620000000.0,400047456685.6065,80402273273.36284
2400,2026-01-16,1907530000000.0,397738800498.2166,81901809426.66774
2401,2026-01-17,1899930000000.0,399128071435.4816,81249292909.05098
2402,2026-01-18,1883080000000.0,398525238548.7136,78711050645.93106
2403,2026-01-19,1848460000000.0,384424659896.7162,75459867040.0719
2404,2026-01-20,1762800000000.0,354578659527.41034,71201207845.32257
2405,2026-01-21,1790070000000.0,361115192844.4796,73391492131.7575
2406,2026-01-22,1786030000000.0,355794582646.666,72573837699.5938
2407,2026-01-23,1786960000000.0,356241209591.52655,72013408353.85167
2408,2026-01-24,1781910000000.0,356128590881.5642,71932128135.82452
2409,2026-01-25,1727200000000.0,338768274906.0145,67259754195.21434
2410,2026-01-26,1765030000000.0,353656355568.63824,70321098040.78137
2411,2026-01-27,1783510000000.0,364837992936.4362,72010076671.69719
2412,2026-01-28,1781890000000.0,363101825977.4944,70826606929.8614
2413,2026-01-29,1688860000000.0,340181306549.0913,66544087857.7948
2414,2026-01-30,1678840000000.0,325831353763.3768,66329025415.89523
2415,2026-01-31,1572670000000.0,295006118551.6256,59638615050.554016
2416,2026-02-01,1536890000000.0,274003148492.64853,57041300397.25282
2417,2026-02-02,1572970000000.0,283101157973.9489,59210060010.79936
2418,2026-02-03,1512380000000.0,269319527013.5023,55373199661.8756
2419,2026-02-04,1460640000000.0,259176762014.6872,52099152370.37898
2420,2026-02-05,1268910000000.0,223287604057.51956,44765777731.79487
2421,2026-02-06,1411890000000.0,249120675680.03287,49723127684.388664
2422,2026-02-07,1382310000000.0,251802715901.83487,49590318424.61761
2423,2026-02-08,1409450000000.0,252707805801.54233,49350951145.62936
2424,2026-02-09,1403930000000.0,254302706151.4068,49297391404.43421
2425,2026-02-10,1372880000000.0,243468014556.33908,46969628597.297615
2426,2026-02-11,1338950000000.0,234150664612.75183,44983205464.56566
2427,2026-02-12,1323630000000.0,234729727862.31876,44413835728.50963
2428,2026-02-13,1376420000000.0,247240161558.00763,47857321493.887856
2429,2026-02-14,1395180000000.0,251841701776.53152,50120868692.14113
2430,2026-02-15,1371870000000.0,236591282557.09467,48729539322.65299
2431,2026-02-16,1374260000000.0,240949454555.05487,49029022632.318016
2432,2026-02-17,1348780000000.0,240471341200.52432,48324737555.07104
2433,2026-02-18,1327020000000.0,235576434260.26584,46280028010.3864
2434,2026-02-19,1338080000000.0,235092122748.02853,46781248307.37643
2435,2026-02-20,1359010000000.0,237414652145.85938,48014603036.80512
2436,2026-02-21,1359900000000.0,238311929952.07327,48458997166.2256
2437,2026-02-22,1350520000000.0,235687116110.6905,47015314262.237076
2438,2026-02-23,1293370000000.0,224103328942.5963,44312070171.76873
2439,2026-02-24,1282080000000.0,223935072856.7122,45055591940.40441
2440,2026-02-25,1360380000000.0,248298719110.57968,50012670463.09048
2441,2026-02-26,1350040000000.0,244819829245.48096,48862723999.32749
2442,2026-02-27,1316970000000.0,232900652484.98032,46528236744.915504
2443,2026-02-28,1339030000000.0,236977892641.64584,47955708968.2745
2444,2026-03-01,1314420000000.0,233957889326.002,47615858525.08386
2445,2026-03-02,1378220000000.0,245390041301.50848,49463027489.28991
2446,2026-03-03,1368420000000.0,239840232932.18817,49620741886.92069
2447,2026-03-04,1453160000000.0,256781404050.40576,51814697757.76813
2448,2026-03-05,1419600000000.0,250633337037.93472,50621951214.553535
2449,2026-03-06,1364420000000.0,239279806038.23825,48328657716.35917
2450,2026-03-07,1346230000000.0,237809902198.10425,47407592340.73515
2451,2026-03-08,1324010000000.0,234493964841.25143,46702015695.808174
2452,2026-03-09,1370550000000.0,241023029128.39935,48598988323.65192
2453,2026-03-10,1397840000000.0,245602776123.08255,48929012712.869194
2454,2026-03-11,1406010000000.0,248114805231.22128,49516429464.19922
2455,2026-03-12,1410830000000.0,250911124894.47635,49640860975.80847
2456,2026-03-13,1418700000000.0,252498879935.86505,50335475942.37667
2457,2026-03-14,1422850000000.0,253010466194.80392,50279816030.36557
2458,2026-03-15,1454400000000.0,262844318468.71893,52676725814.61215
2459,2026-03-16,1494670000000.0,283790399482.6051,54888517823.22735
2460,2026-03-17,1481940000000.0,280405332124.5782,54215388149.55695
2461,2026-03-18,1425300000000.0,265580356841.31912,51432305567.51144
2462,2026-03-19,1399190000000.0,258041714815.53,50779973493.7911
2463,2026-03-20,1410420000000.0,259074652356.0299,51372573645.85315
2464,2026-03-21,1394360000000.0,256421328909.59503,50861339582.15217
2465,2026-03-22,1360570000000.0,248402035115.14328,49418939670.88475
2466,2026-03-23,1414740000000.0,259261126939.0044,52220295804.257774
2467,2026-03-24,1412420000000.0,260339047128.61624,51980225661.59104
2468,2026-03-25,1425840000000.0,261723498586.8149,52429130812.81849
2469,2026-03-26,1374670000000.0,248507753029.49832,49450340837.87886
2470,2026-03-27,1324480000000.0,240043230983.48068,47422206304.095535
2471,2026-03-28,1327310000000.0,240706570570.62125,46958132755.04832
2472,2026-03-29,1319890000000.0,239315916200.74316,46548446231.22652
2473,2026-03-30,1333620000000.0,244132320461.15256,47176889227.07647
2474,2026-03-31,1364930000000.0,253624848886.62793,47527447415.07082
2475,2026-04-01,1363000000000.0,258385671863.206,46527959712.34327
2476,2026-04-02,1338850000000.0,248191710732.53433,45205500084.65296
2477,2026-04-03,1338550000000.0,247612775096.75967,45988545143.99252
2478,2026-04-04,1346650000000.0,249135836325.8505,46265921986.98866
2479,2026-04-05,1379230000000.0,254765403183.96588,46824364331.25031
2480,2026-04-06,1375680000000.0,253675504790.3364,45829266685.92552
2481,2026-04-07,1442030000000.0,271302397585.3056,49212939903.21723
2482,2026-04-08,1422610000000.0,264148412050.43033,47379446859.67871
2483,2026-04-09,1436730000000.0,264343877527.30508,47845242398.1945
2484,2026-04-10,1459900000000.0,270895207393.28455,48719897552.81517
2485,2026-04-11,1463410000000.0,276002188233.60944,48791334140.662445
2486,2026-04-12,1414730000000.0,264330368419.46292,46825440051.98455
2487,2026-04-13,1493770000000.0,286422177728.19507,49687924599.073746
2488,2026-04-14,1484620000000.0,280390715026.9749,48206611039.61733
2489,2026-04-15,1496430000000.0,284441677905.4719,48818867201.47753
2490,2026-04-16,1503140000000.0,283579018389.12305,51217878222.746605
2491,2026-04-17,1543590000000.0,292345519519.959,51101593446.96274
2492,2026-04-18,1517150000000.0,284097153499.0907,49639256925.95536
2493,2026-04-19,1479420000000.0,273467852129.69647,48085674431.063484
2494,2026-04-20,1517670000000.0,279249858497.88245,49108477386.043755
2495,2026-04-21,1523570000000.0,280448894111.8985,49402290969.78744
2496,2026-04-22,1567850000000.0,287453797947.1876,50086693564.79261
2497,2026-04-23,1566200000000.0,281268180123.6536,49554840072.07257
2498,2026-04-24,1550420000000.0,279470395534.3292,49660004470.18507
2499,2026-04-25,1554070000000.0,279911338312.4642,49600327679.889435
2500,2026-04-26,1572410000000.0,285890578556.5678,50038772793.93344
2501,2026-04-27,1546770000000.0,277335300263.79785,48773160979.00072
2502,2026-04-28,1527560000000.0,276074084854.31287,48336065334.42061
2503,2026-04-29,1517570000000.0,272043906643.29272,47796555654.81638
2504,2026-04-30,1527700000000.0,272346459660.91272,47808787488.11223
2505,2026-05-01,1564440000000.0,276714243701.31854,48216082428.764046
2506,2026-05-02,1576090000000.0,279863764746.2662,48616202269.94361
2507,2026-05-03,1574830000000.0,280723743485.02905,48423786186.18729
2508,2026-05-04,1598400000000.0,283302315397.19794,48464692381.46575
2509,2026-05-05,1620640000000.0,284899989715.606,49765365956.14087
2510,2026-05-06,1629350000000.0,283443321170.61633,51358571772.91904
2511,2026-05-07,1601830000000.0,276407275317.46936,50921462985.602165
2512,2026-05-08,1605690000000.0,278348412779.0506,53063664045.75064
2513,2026-05-09,1615420000000.0,280764697877.39526,53783511743.2462
2514,2026-05-10,1647370000000.0,286605382020.5215,55707072829.12192
2515,2026-05-11,1636550000000.0,282295676342.83325,56202902638.3378
2516,2026-05-12,1612780000000.0,274865564079.33597,54570908069.55189
2517,2026-05-13,1588100000000.0,272414353761.0555,52662264976.33925
2518,2026-05-14,1625870000000.0,276230079161.94,53367783692.57374
2519,2026-05-15,1583600000000.0,268291684796.1256,51566960702.01116
2520,2026-05-16,1565630000000.0,263155951056.23328,50042047558.47805
2521,2026-05-17,1552310000000.0,258647057667.46115,49289990783.44479
2522,2026-05-18,1541870000000.0,257084534539.95508,49364880668.25276
2523,2026-05-19,1538550000000.0,254889203783.1455,48747853075.2174
2524,2026-05-20,1550620000000.0,256477457616.7204,49667895242.687775
2525,2026-05-21,1554400000000.0,257318079903.6456,50362844092.36921
2526,2026-05-22,1513810000000.0,249429079004.99524,48855797113.08988
2527,2026-05-23,1534930000000.0,255391021545.79504,49507049208.74172
2528,2026-05-24,1541600000000.0,253081119536.97083,49250885786.38777
2529,2026-05-25,1547510000000.0,254552179276.0717,49132349796.64924
2530,2026-05-26,1518930000000.0,250016301769.30704,48351832739.662125
2531,2026-05-27,1487970000000.0,243799361585.062,47582393478.06293
2532,2026-05-28,1472610000000.0,242075512494.14764,47423868115.345314
2533,2026-05-29,1469090000000.0,242427272176.9792,47342397241.63725
2534,2026-05-30,1477310000000.0,243647582159.56607,47728667623.26586
2535,2026-05-31,1474690000000.0,241821176181.81024,47556855497.31448
2536,2026-06-01,1429190000000.0,241585841883.19904,46978714822.06089
2537,2026-06-02,1333320000000.0,223744304983.94687,42635403232.055046
2538,2026-06-03,1287090000000.0,219137065663.51535,41441041985.07157
2539,2026-06-04,1275220000000.0,213076159940.86328,39653044476.86501
2540,2026-06-05,1220510000000.0,190282592047.7129,36701922398.92388
2541,2026-06-06,1217810000000.0,188813620397.2073,35909318373.2922
2542,2026-06-07,1265630000000.0,202997445538.13205,38310110344.50643
2543,2026-06-08,1264660000000.0,204495996109.14587,38712097873.93032
2544,2026-06-09,1235220000000.0,197522266390.73785,37612778590.135056
2545,2026-06-10,1231100000000.0,195421631715.8624,36522156574.98399
2546,2026-06-11,1271990000000.0,201810879555.6743,38719813408.987114
2547,2026-06-12,1272150000000.0,200673713944.31808,38634817988.76185
2548,2026-06-13,1291170000000.0,202731056793.5934,39957024236.03652
2549,2026-06-14,1315090000000.0,207854507556.8993,41080763463.46632
2550,2026-06-15,1327290000000.0,216050774490.39563,42826169358.1283
2551,2026-06-16,1315600000000.0,216272627905.89536,42658375668.87932
2552,2026-06-17,1290830000000.0,210862747836.97412,41729328243.546616
2553,2026-06-18,1259480000000.0,206093151323.49368,40334754059.07209
2554,2026-06-19,1268980000000.0,205947166499.3312,40280212110.679276
2555,2026-06-20,1287310000000.0,209904293466.9969,42497313902.72223
2556,2026-06-21,1270200000000.0,205997487375.33713,42094561561.105255
