date,btc_open,btc_high,btc_low,btc_close,btc_volume,btc_trades,eth_open,eth_high,eth_low,eth_close,eth_volume,eth_trades,sol_open,sol_high,sol_low,sol_close,sol_volume,sol_trades,btc_funding_rate,eth_funding_rate,sol_funding_rate,btc_market_cap,eth_market_cap,sol_market_cap,fear_greed,btc_dominance,eth_dominance,USD_total_market_cap,USD_total_volume24h,USD_altcoin_market_cap,USD_altcoin_volume24h
2021-01-01,28923.63,29600.0,28624.57,29331.69,54182.925011,1314910.0,736.42,749.0,714.29,728.91,675114.09329,483671.0,1.5088,1.86,1.499,1.8421,4421991.45,55297.0,0.0002784866666666,0.0005081166666666,-0.0015012366666666,546097000000.0,83371600687.19344,85827028.59827167,94.0,70.4528,11.0002,765312965839.57,167124239672.76,226128333016.9,120364754194.39
2021-01-02,29331.7,33300.0,28946.53,32178.33,129993.873362,2245922.0,728.91,787.69,714.91,774.56,1352618.57668,824134.0,1.8421,2.0,1.7116,1.7999,5253819.62,66430.0,0.0004854066666666,0.0006133033333333,-0.0003947933333333,595233000000.0,88444643858.51671,84096226.01783957,94.0,70.6696,10.7852,772481366071.7,161674914466.97,226571863481.16,120949191585.31
2021-01-03,32176.45,34778.11,31962.99,33000.05,120957.56675,2369698.0,774.44,1011.07,768.71,978.28,2813603.88615,1636501.0,1.7998,2.38,1.7973,2.1779,8318341.13,113481.0,0.0013126933333333,0.0010263533333333,-0.0010363433333333,618596000000.0,112992827132.18095,100016233.91887544,93.0,71.798,10.635,831050843622.62,232555411727.42,234373153964.24,164840617099.97
2021-01-04,33000.05,33600.0,28130.0,31988.71,140899.88569,2642408.0,978.33,1162.97,890.0,1041.43,4245010.94004,2477862.0,2.1789,2.4989,1.86,2.4909,7800814.8,122009.0,0.0015224833333333,0.0025199366666666,-0.00177702,591196000000.0,117565039436.4192,114388479.57764204,94.0,69.5703,12.7394,876589922892.12,320443594023.47,266743909000.28,241476657509.47
2021-01-05,31989.75,34360.0,29900.0,33949.53,116049.997038,2526851.0,1041.45,1134.6,974.45,1099.56,2706995.67525,1960503.0,2.4911,2.5093,2.0621,2.1636,6702006.99,102299.0,0.00066136,0.0008279566666666,-0.00478345,632335000000.0,125708935410.54224,100504159.86532368,93.0,68.3439,13.649,869548486452.6,174321177974.47,275265367503.25,93137867853.53
2021-01-06,33949.53,36939.21,33288.0,36769.36,127139.20131,2591783.0,1100.16,1213.0,1057.26,1208.42,2390136.59334,1600888.0,2.1636,2.189,1.9017,1.9414,8451529.47,88678.0,0.0016215133333333,0.0021931866666666,-0.0075,681267000000.0,136885230787.89244,90642185.65589224,95.0,68.7089,13.6515,920624311572.56,141977339323.72,288073219694.45,74347818278.41
2021-01-07,36769.36,40365.0,36300.0,39432.28,132825.700437,2814686.0,1208.75,1289.0,1131.0,1224.87,1972922.82059,1402699.0,1.9404,2.65,1.9214,2.3635,30861006.24,271878.0,0.0011430033333333,0.0015235666666666,-0.005,729136000000.0,139282787723.4794,110198133.506635,91.0,68.5012,13.7656,1000232390769.68,164039168270.47,315061491732.38,88820306474.56
2021-01-08,39432.48,41950.0,36500.0,40582.81,139789.957499,2925632.0,1224.86,1273.75,1065.0,1216.93,2131172.92341,1718817.0,2.3655,3.8,2.175,3.2214,29866396.67,221673.0,0.0014581766666666,0.00128851,-3.378000000000001e-05,758179000000.0,139260996522.61804,837941851.484563,93.0,69.6016,13.2963,1052206214274.87,180029012156.19,319853731563.5,95355878084.03
2021-01-09,40586.96,41380.0,38720.0,40088.22,75785.979675,1998156.0,1216.72,1304.37,1171.36,1276.0,1448871.11514,1131871.0,3.212,3.6998,2.93,3.3829,9881188.65,109729.0,0.0009227133333333,0.0009773666666666,0.00074452,750691000000.0,146937430255.0707,891921191.819294,93.0,70.3697,12.9469,1078151392864.04,177851128738.93,319459652900.33,90555211397.29
2021-01-10,40088.22,41350.0,35111.11,38150.02,118209.544503,2628050.0,1276.0,1348.33,1170.0,1254.25,1951179.35003,1437486.0,3.3734,3.7517,3.1556,3.449,5819813.51,70395.0,0.00106408,0.0022316333333333,0.0019992766666666,712766000000.0,144495863161.77533,906496755.1938767,94.0,68.8379,13.4529,1088240613852.74,143317089479.62,339118604537.97,81336513807.15
2021-01-11,38150.02,38264.74,30420.0,35404.47,249131.539943,4431451.0,1254.24,1260.0,915.0,1087.01,4068784.65678,2557613.0,3.4455,3.5282,2.5795,3.1016,8734261.68,92843.0,0.0007382766666666,0.0009449266666666,0.0004057166666666,655901000000.0,123668084991.43088,811539677.7225505,90.0,68.1367,13.7675,1047705851913.44,184458707534.94,333833273193.98,104369884199.12
2021-01-12,35410.37,36628.0,32531.0,34051.24,133948.151996,2674145.0,1087.0,1150.02,1006.33,1050.16,2302645.34052,1516625.0,3.1016,3.88,3.058,3.6354,7075911.68,155651.0,0.0004644199999999,0.0003771433333333,5.308333333333333e-05,626977000000.0,118649684439.8977,931796508.9557412,84.0,69.1322,13.0059,957506510510.2,244799025184.36,295561598183.2,121415911174.4
2021-01-13,34049.15,37850.0,32380.0,37371.38,124477.914938,2514289.0,1050.36,1137.65,987.48,1129.89,1564202.39081,1123983.0,3.6354,3.637,3.2633,3.5242,5123655.8,99621.0,0.0003596266666666,0.0002989166666666,0.0002306366666666,693667000000.0,128840028066.72972,921541820.6851014,78.0,68.5632,12.9539,919926156837.37,155615242438.11,289195266120.32,80807921487.46
2021-01-14,37371.38,40100.0,36701.23,39144.5,102950.389421,2297466.0,1129.79,1247.55,1086.7,1231.62,1555737.38556,1255769.0,3.5243,3.5955,3.1814,3.2921,6422109.73,96919.0,0.0007315366666666,0.0005958133333333,0.0005007966666666,726233000000.0,138530746462.8942,855896326.7147477,83.0,68.905,12.8109,1007426555868.52,132229001782.59,313259647528.54,62881814906.34
2021-01-15,39145.21,39747.76,34408.0,36742.22,118300.920916,2560801.0,1231.89,1256.98,1069.42,1168.53,1944038.83738,1519266.0,3.2921,3.4489,2.9618,3.2475,4812542.83,74648.0,0.0007943199999999,0.0005684133333333,0.0003995233333333,682833000000.0,133408639741.2098,852691433.3917563,88.0,68.831,13.1571,1059027014104.1,132492785124.05,330088582765.22,68920287324.02
2021-01-16,36737.43,37950.0,35357.8,35994.98,86348.431508,2066363.0,1168.48,1298.0,1151.77,1227.83,1575384.43797,1252473.0,3.2479,3.7081,3.2463,3.4247,8562549.63,124687.0,0.00037023,0.00073845,0.0011492633333333,672953000000.0,140722125057.08975,900992193.8012608,84.0,68.0186,13.2956,1005282606669.72,149530603908.59,321503282617.04,81823520491.17
2021-01-17,35994.98,36852.5,33850.0,35828.61,80157.727384,1860642.0,1227.83,1269.02,1165.0,1232.45,1317285.00579,1121278.0,3.4251,3.9876,3.3,3.8268,8531899.81,105174.0,0.0002446166666666,0.0006921766666666,0.00075941,670990000000.0,141943180977.9462,1016634432.2258956,79.0,66.53,13.9412,1012362471103.07,135680686064.59,338837823945.78,77964874037.22
2021-01-18,35824.99,37469.83,34800.0,36631.27,70698.11875,1707766.0,1232.5,1260.75,1182.58,1258.45,998050.11073,940604.0,3.8243,4.17,3.6167,3.7868,6226924.77,78131.0,0.0006941533333333,0.00082319,0.00113757,680774000000.0,143115130072.29443,993286574.5079548,79.0,66.1606,13.9799,1007051878926.17,121675774736.41,340780301985.17,69267399902.92
2021-01-19,36622.46,37850.0,35844.06,35891.49,79611.307769,1939371.0,1258.52,1438.3,1251.49,1365.36,2278852.55758,1840481.0,3.7873,4.0498,3.6,3.6287,4768719.77,64919.0,0.0012007566666666,0.00173016,0.0008454666666666,674404000000.0,158441290714.20105,954651455.6939292,80.0,66.2562,13.9593,1030379574330.94,110191430518.12,347688788785.38,60602447207.82
2021-01-20,35901.94,36415.31,33400.0,35468.23,89368.422918,2234539.0,1365.36,1407.93,1235.42,1376.99,2219137.62144,1852253.0,3.6288,3.7413,3.34,3.7166,4801640.28,74604.0,0.0004087566666666,0.0009171333333333,-4.906999999999999e-05,660769000000.0,156372297179.02094,975385115.4890748,78.0,65.1071,15.2803,1032869171007.11,142055504111.51,360397879486.37,84696321432.5
2021-01-21,35468.23,35600.0,30071.0,30850.13,131803.182926,2820752.0,1376.72,1390.0,1086.0,1110.96,2254164.80365,1823458.0,3.7199,3.7411,2.9717,2.9899,4375407.94,60277.0,0.0003900799999999,0.00046079,-1.0083333333333332e-05,577214000000.0,129507384705.56018,786469643.1452247,75.0,64.5811,15.4345,1025653410835.52,152550937127.47,363275202814.53,85689517696.61
2021-01-22,30851.99,33826.53,28850.0,32945.17,142971.684049,2707810.0,1111.98,1273.79,1042.31,1232.62,2020593.21673,1652010.0,2.9893,3.4992,2.5295,3.3352,6481502.65,83968.0,0.0001,0.0001566266666666,-0.0002433366666666,613773000000.0,141263668177.86368,872783366.7069244,40.0,64.8111,14.4944,885703222647.15,161255657777.05,311669077392.3,85476382842.2
2021-01-23,32950.0,33456.0,31390.16,32078.0,64595.287675,1700056.0,1232.61,1272.44,1195.9,1233.6,1009545.08258,932871.0,3.3302,3.6,3.3056,3.5079,2269454.7,33884.0,0.0001072733333333,0.0002146966666666,0.0001,596122000000.0,140981872901.22742,913068465.507272,74.0,64.5717,14.8801,949923044916.44,158724977471.27,336541557105.93,81545729587.62
2021-01-24,32078.0,33071.0,30900.0,32259.9,57978.037966,1528287.0,1233.46,1398.83,1220.0,1392.51,1510879.53817,1313986.0,3.5018,3.79,3.4781,3.6278,2457759.67,32628.0,0.0002191866666666,0.0008202533333333,0.0001134566666666,599499000000.0,158666207761.335,946832713.8154426,70.0,63.706,15.0298,936376288463.76,107038040266.94,339848340613.81,58679540907.73
2021-01-25,32259.45,34875.0,31910.0,32254.2,88499.226921,2106548.0,1392.19,1475.0,1293.69,1317.88,1885441.31289,1661512.0,3.6287,3.9928,3.4398,3.7038,6791542.33,82263.0,0.00034889,0.00083247,0.0004764466666666,603316000000.0,151635834010.5561,968637485.2587376,74.0,62.3748,16.5296,963889593144.28,113214077395.04,362665478312.33,64576772968.86
2021-01-26,32254.19,32921.88,30837.37,32467.77,84972.20691,2010392.0,1317.6,1378.49,1244.56,1365.97,1682923.65799,1423178.0,3.7036,4.097,3.6478,4.041,6618303.9,75426.0,0.0001116866666666,0.0002532933333333,0.0001,607456000000.0,155799929301.46567,1054021170.1960416,71.0,63.1847,15.8903,952725120616.35,134284000028.15,350748487003.21,74388701820.86
2021-01-27,32464.01,32557.29,29241.72,30366.15,95911.961711,2065953.0,1366.54,1373.9,1207.0,1239.03,2009772.08358,1737296.0,4.0418,4.0422,3.5114,3.675,2491757.82,38794.0,0.0001,0.0001878066666666,0.0001,565023000000.0,142556249174.7996,964278837.0858335,78.0,62.9842,16.1089,962965946229.64,132777082522.17,356449658202.88,72527710506.7
2021-01-28,30362.19,33783.98,29842.1,33364.86,92621.145617,2060660.0,1238.93,1360.0,1217.23,1329.69,1365269.71962,1275024.0,3.664,3.96,3.6,3.81,2055425.01,33822.0,0.0001408733333333,0.00027226,0.0001741533333333,623722000000.0,153539475089.36234,999839101.7291464,55.0,62.8927,15.9226,899608105524.53,136309454820.55,333819901148.46,73831820529.08
2021-01-29,33368.18,38531.9,31915.4,34252.2,231827.005626,4403349.0,1329.44,1436.9,1285.35,1379.5,2253963.18682,1714076.0,3.8092,3.912,3.6,3.8293,2992168.86,42872.0,0.0008053066666666,0.0013854133333333,0.0006423133333333,635942000000.0,158322469086.54904,1004246200.7424845,77.0,63.3916,15.5296,981399142368.02,142638847963.5,359274789364.93,66354523110.34
2021-01-30,34246.28,34933.0,32825.0,34262.88,84889.68134,2201040.0,1379.56,1406.0,1326.41,1378.05,1040042.2363,1013174.0,3.8301,4.3179,3.7667,4.228,3944655.04,61647.0,0.00041612,0.0006823666666666,0.0006699633333333,639395000000.0,157935796413.09116,1102432492.2992148,76.0,63.2399,15.7046,1008115569246.02,237763757633.95,370583882101.83,119704150098.72
2021-01-31,34262.89,34342.69,32171.67,33092.98,68742.280384,1707064.0,1378.04,1380.74,1281.12,1312.55,958704.85571,828176.0,4.228,4.805,4.154,4.2525,5438870.48,94648.0,0.0004843166666666,0.0010028133333333,0.0011015766666666,617234000000.0,150797241403.19833,1113141762.1557608,78.0,62.6685,15.4778,1018463731294.19,153684257076.48,380207622033.53,88620668738.57
2021-02-01,33092.97,34717.27,32296.16,33526.37,82718.276882,1810492.0,1312.45,1377.99,1269.99,1374.17,1096397.91862,915584.0,4.2568,4.617,4.1075,4.6148,2097052.47,43670.0,0.00039447,0.00047379,0.00028593,624941000000.0,156838168765.9368,1187632304.6482537,77.0,62.2892,15.2092,990275887106.73,134883270003.64,373441374708.94,82202014398.77
2021-02-02,33517.09,35984.33,33418.0,35466.24,78056.65988,1789672.0,1374.09,1547.9,1360.28,1511.87,1944227.99878,1614541.0,4.6148,5.4026,4.4632,5.2331,5278922.61,107720.0,0.0006774866666666,0.0011231633333333,0.00092155,662682000000.0,174513861659.0402,1377306508.7231116,76.0,61.994,15.5938,1006449250810.23,158462046846.98,382510675865.07,97055820847.42
2021-02-03,35472.71,37662.63,35362.38,37618.87,80784.333663,1881740.0,1511.93,1669.35,1508.39,1664.49,1535869.88801,1384979.0,5.243,5.783,5.0513,5.7311,3977458.72,79473.0,0.0007779633333333,0.0015846,0.00126416,699619000000.0,190033689373.90472,1491340068.5853643,78.0,62.045,16.2774,1065615072249.44,151102833655.03,404453728533.2,87973683268.25
2021-02-04,37620.26,38708.27,36161.95,36936.66,92080.735898,2211866.0,1664.67,1695.2,1554.44,1595.67,1646502.32962,1507993.0,5.7339,6.5426,5.5676,6.4085,5609382.39,102732.0,0.00055095,0.0014221,0.0014239233333333,691292000000.0,184201540613.4399,1683436244.3654344,80.0,61.57,16.7886,1132177735792.22,144177129930.67,435095867448.11,83014472540.57
2021-02-05,36936.65,38310.12,36570.0,38290.24,66681.334275,1853253.0,1595.53,1760.49,1591.0,1719.19,1194123.29946,1326415.0,6.4181,7.1438,6.4086,6.7005,4235525.49,95696.0,0.0007687566666666,0.0014854366666666,0.0021305399999999,708388000000.0,197060852682.2544,1740075972.8509045,81.0,61.3403,16.2912,1121071194215.43,171880746244.4,433402556056.55,103022864677.47
2021-02-06,38289.32,40955.51,38215.94,39186.94,98757.311183,2291646.0,1718.95,1743.67,1642.94,1676.35,1149808.33101,1152167.0,6.7001,6.8181,5.7,6.1225,5040208.25,112912.0,0.0006899333333333,0.0012269766666666,0.0015265066666666,732567000000.0,192871957551.13043,1598294182.446525,84.0,60.2552,16.7342,1176650523167.46,156414407919.21,467657100810.2,97908897260.57
2021-02-07,39181.01,39700.0,37351.0,38795.69,84363.679763,1976357.0,1676.35,1693.0,1490.46,1611.62,1281734.86814,1263737.0,6.1219,6.8807,5.75,6.6976,5111066.89,100168.0,0.0010895766666666,0.0009599366666666,0.0002977233333333,726297000000.0,185142454684.4471,1747099686.4018211,86.0,61.1832,16.0859,1194592738676.8,164318443394.79,463702634501.52,92963409233.42
2021-02-08,38795.69,46794.45,37988.89,46374.87,138597.536914,3230961.0,1611.46,1775.57,1563.89,1750.15,1339777.09536,1372788.0,6.6931,8.078,6.4554,7.855,6719151.08,119254.0,0.00122049,0.0011142833333333,0.00106754,858908000000.0,199773626601.28152,2075222825.3200552,83.0,61.1644,15.603,1184569745811.79,171306699712.46,460034487940.96,105792008440.68
2021-02-09,46374.86,48142.19,44961.09,46420.42,115499.861712,3119034.0,1749.68,1821.88,1708.49,1769.13,1185071.89593,1173421.0,7.8651,8.4945,7.55,7.8005,4803489.37,92202.0,0.00159619,0.0018803233333333,0.0026697466666666,866894000000.0,202924057060.05548,2062242386.9855769,95.0,63.3904,14.7526,1356473377047.12,211946253650.01,496599072434.26,110802234251.86
2021-02-10,46420.42,47310.0,43727.0,44807.58,97154.1822,2891592.0,1769.14,1837.86,1680.0,1740.78,1219932.25474,1279140.0,7.8005,9.09,7.26,9.09,4419421.79,103167.0,0.0013735333333333,0.00153335,0.00229951,839556000000.0,200355536883.19623,2361858483.091825,92.0,62.5384,14.636,1384154619947.43,208763683230.2,518525775114.27,116852910124.63
2021-02-11,44807.58,48678.9,43994.02,47969.51,89561.081454,2570949.0,1740.76,1819.0,1703.44,1785.62,735079.82699,935602.0,9.0897,9.7425,8.72,9.2004,5694878.77,123562.0,0.0011130733333333,0.0010613533333333,0.0014768,892023000000.0,204662692140.0644,2402846351.7985945,93.0,61.0014,14.5752,1370856155170.38,226885051713.53,534614894535.51,139607727700.61
2021-02-12,47968.66,48985.8,46125.0,47287.6,85870.035697,2418841.0,1785.83,1864.88,1739.88,1840.26,909600.20653,996495.0,9.2058,9.93,9.0353,9.2,2867258.84,74162.0,0.0011997833333333,0.0009882833333333,0.0012513266666666,885213000000.0,211664734859.76813,2438555269.793112,92.0,61.6307,14.1325,1445387833199.8,196533919942.38,554584817406.62,115120166561.24
2021-02-13,47298.15,48150.0,46202.53,47153.69,63768.097399,2058823.0,1840.24,1871.72,1765.0,1814.96,767589.07285,853189.0,9.2007,9.5117,8.658,8.7441,3487478.68,80835.0,0.0011918466666666,0.0016534666666666,0.0019687566666666,879358000000.0,208589629984.54648,2302393829.5062075,92.0,60.1672,14.3662,1471565274739.58,199354538960.94,586165706497.43,122892698038.44
2021-02-14,47156.78,49707.43,47014.17,48577.79,73735.475533,2090070.0,1815.25,1850.0,1784.11,1800.42,675261.77873,714827.0,8.7448,9.23,8.5293,8.7158,2889949.04,72201.0,0.0012690733333333,0.0013728899999999,0.0025375466666666,909605000000.0,207714210418.94653,2309317881.9757047,95.0,59.5947,14.1296,1472225150017.07,207685526841.64,594856368563.62,137486618774.05
2021-02-15,48580.47,49010.92,45570.79,47911.1,79398.156784,2313155.0,1800.03,1835.72,1655.67,1779.25,1053474.57879,1086589.0,8.7234,9.38,7.7,8.8516,3424896.19,74311.0,0.0007553666666666,0.0005814433333333,0.00028806,896245000000.0,204982692181.99188,2332143709.8748016,93.0,60.9341,13.9017,1489533291681.0,189560253079.69,581898850467.23,118295686923.93
2021-02-16,47911.1,50689.18,47003.62,49133.45,88813.266298,2199849.0,1779.33,1827.28,1724.0,1781.99,817493.47513,826125.0,8.866,9.0,7.9601,8.3002,2257217.69,49157.0,0.0012165466666666,0.00110621,0.0010551933333333,915482000000.0,204214365330.21365,2183500971.0943336,95.0,61.0149,13.924,1464258536313.8,216272304969.28,570843276570.19,139263809598.88
2021-02-17,49133.45,52618.74,48947.0,52119.71,85743.637818,2514374.0,1781.99,1855.0,1733.01,1849.88,795711.63311,862461.0,8.3035,8.45,7.5182,8.2357,3331645.44,71460.0,0.0011487133333333,0.0014370866666666,0.0008407699999999,972986000000.0,211650223122.31253,2169693761.304059,95.0,61.5149,13.7089,1490946011412.48,188285633185.66,573792154718.48,111316233592.07
2021-02-18,52117.67,52530.0,50901.9,51552.6,60758.046954,1891592.0,1849.7,1950.5,1849.69,1939.61,937227.10191,1053661.0,8.2412,9.32,8.23,8.9771,2479859.19,63813.0,0.0013746466666666,0.00172004,0.0011422733333333,962320000000.0,221675453100.1461,2370920201.5700016,91.0,61.8264,13.4713,1571730150472.86,191801867278.34,599986152891.15,111051147235.46
2021-02-19,51552.61,56368.0,50710.2,55906.0,79659.77802,2339215.0,1938.91,1972.82,1891.0,1955.0,793404.4115,988320.0,8.988,11.85,8.5257,11.4912,7106323.06,170333.0,0.00101524,0.0013028233333333,0.0008892966666666,1040070000000.0,224983760125.45947,2982442770.175169,93.0,60.654,14.0058,1587960801799.29,138297572149.71,624799222289.43,86275969012.89
2021-02-20,55906.0,57700.46,53863.93,55841.19,80948.205314,2642846.0,1955.46,2042.34,1803.14,1913.0,1261315.81279,1329067.0,11.4845,11.8327,9.754,9.9869,4731324.37,110824.0,0.0013177266666666,0.0019066166666666,0.00183245,1040890000000.0,219477815079.2613,2632318065.43682,91.0,60.9757,13.1823,1706551988686.55,166915431853.1,665970624072.24,103531990434.29
2021-02-21,55841.19,58352.8,55477.59,57408.57,58166.708511,1950533.0,1912.9,1976.31,1883.01,1933.53,756568.19743,895138.0,9.9849,11.6707,9.8101,11.0753,3694265.15,92042.0,0.0010839966666666,0.00067433,0.0009576533333333,1071480000000.0,221922796312.8702,2926197618.858032,91.0,61.5163,12.9659,1699848120501.44,192679832452.38,654164884407.69,124521074482.3
2021-02-22,57412.35,57508.47,47622.0,54087.67,134019.434944,3313083.0,1933.54,1936.29,1551.0,1777.58,1807244.98099,1799926.0,11.0738,14.8,9.1,14.4191,14711670.8,307004.0,0.00095565,0.0005318266666666,0.00053781,1005410000000.0,203278778240.4755,3679906251.6413774,94.0,61.4551,12.7395,1744111720940.62,145089923751.24,672265773868.39,93197529528.94
2021-02-23,54087.67,54183.59,44892.56,48891.0,169375.025051,3825196.0,1777.42,1782.39,1355.0,1577.89,2547837.82068,2396626.0,14.4176,15.8888,11.47,15.2244,24306320.76,548657.0,0.00022616,0.0001538933333333,-0.00031486,904973000000.0,179409338129.0132,3984212422.708912,94.0,61.3438,12.4133,1647603133821.13,232632635406.34,636900254057.51,140679715135.26
2021-02-24,48891.0,51374.99,46988.69,49676.2,91881.209252,2194532.0,1577.79,1712.7,1500.2,1623.39,1384388.81727,1319936.0,15.2389,18.2052,14.7917,17.1691,10777544.75,248041.0,0.0003302666666666,0.0002717466666666,0.0001728933333333,923775000000.0,185574336588.36377,4601753974.647311,76.0,61.8556,12.2295,1467056625531.13,261706706377.61,559599886400.05,155714954109.52
2021-02-25,49676.21,52041.73,46674.34,47073.73,83310.673121,2305679.0,1623.16,1671.59,1459.16,1481.75,1032670.79409,1110019.0,17.1745,17.69,13.6579,13.8442,9520373.92,210627.0,0.0002333533333333,0.00024316,0.00019475,886564000000.0,171233323989.8063,3691903486.0296926,79.0,61.2704,12.3395,1510602884475.79,171777263157.76,585050237585.6,108067972048.02
2021-02-26,47073.73,48424.11,44106.78,46276.87,109423.200663,2371766.0,1482.08,1562.25,1400.0,1444.59,1355973.29378,1298739.0,13.8565,15.5083,13.1,13.5962,8029513.17,188509.0,0.0001,0.0002086266666666,0.0001,861702000000.0,165608952712.3465,3605379712.248495,55.0,61.6063,11.8802,1430592091566.2,142819282110.83,549257074017.22,88328074738.25
2021-02-27,46276.88,48394.0,45000.0,46106.43,66060.834292,1757720.0,1444.56,1529.0,1425.0,1458.13,927423.0475,954919.0,13.5864,14.8359,13.01,13.1916,6232463.19,166289.0,0.0002825733333333,0.00030047,0.0001126733333333,854338000000.0,166975435622.9022,3498659187.542573,56.0,61.2638,11.7733,1408473597631.53,455253020446.06,545589568857.08,102167250832.29
2021-02-28,46103.67,46638.46,43000.0,45135.66,83055.369042,1838345.0,1458.27,1468.75,1293.18,1419.18,1410207.56284,1190546.0,13.1853,13.7739,11.417,13.0887,7231344.75,181689.0,0.0001923533333333,0.0001,0.0001,845528000000.0,163704942653.35437,3515396858.8770247,55.0,60.6459,11.8177,1421511102160.5,128030108281.81,559423594029.18,82076121250.52
2021-03-01,45134.11,49790.0,44950.53,49587.03,85086.111648,2147223.0,1418.67,1572.0,1409.91,1569.86,1094695.17839,989006.0,13.08,15.5469,13.0102,14.9855,5511248.26,155523.0,0.00012307,0.0003084866666666,0.0002023633333333,925256000000.0,179558027072.3106,3959146204.865072,38.0,60.9004,11.7711,1380689031695.14,140673015102.24,539844527303.61,87264517764.69
2021-03-02,49595.76,50200.0,47047.6,48440.65,64221.06214,1855583.0,1570.0,1602.9,1455.52,1486.78,1061142.38743,966176.0,14.9989,15.25,13.3544,13.9438,4128426.11,111524.0,0.0001,0.0004146833333333,0.00032216,900507000000.0,171152187137.8795,3679245432.939055,78.0,61.0605,11.8634,1515177964309.47,129331510686.43,590002747122.47,75336449591.68
2021-03-03,48436.61,52640.0,48100.71,50349.37,81035.913705,2242131.0,1486.79,1656.94,1475.47,1567.69,1054846.31471,1237215.0,13.9546,14.738,13.7018,14.0742,3277327.93,96740.0,0.0002169266666666,0.00035697,0.0006492466666666,945028000000.0,181993705149.1909,3739392442.5766,78.0,60.9434,11.5844,1479787789839.6,124739563455.68,577954203077.2,77196525317.27
2021-03-04,50349.37,51773.88,47500.0,48374.09,82649.716829,2291936.0,1567.68,1624.87,1506.36,1539.23,946365.67088,1125118.0,14.0936,14.2737,12.736,13.0508,2764372.37,75817.0,0.0001,0.0003218,0.0004145166666666,903730000000.0,176724272859.58728,3456552110.307085,84.0,61.0884,11.7428,1543748682020.24,129121018461.24,600697752802.69,75860498818.87
2021-03-05,48374.09,49448.93,46300.0,48751.71,78192.496372,2054216.0,1539.22,1548.96,1441.66,1528.31,910786.28976,1000913.0,13.0649,13.0992,12.1251,12.5382,2069391.25,58681.0,0.0001,0.0001914866666666,0.00015892,909885000000.0,175919793871.57,3322604547.463588,77.0,60.6724,11.8701,1492279202668.93,137051382398.95,586877589675.58,84718042995.55
2021-03-06,48746.81,49200.0,47070.0,48882.2,44399.234242,1476474.0,1528.08,1671.58,1513.03,1650.35,1013300.93928,1188531.0,12.5507,13.31,11.9,13.0421,3061674.23,89887.0,0.0001,0.0004062633333333,0.0004449566666666,913094000000.0,190766560074.56247,3441737621.224343,77.0,60.7347,11.7271,1502552865324.52,118697130190.25,589981800439.65,70116806698.63
2021-03-07,48882.2,51450.03,48882.2,50971.75,55235.028032,1758101.0,1650.68,1734.16,1630.35,1726.16,848470.78136,1166072.0,13.0443,14.014,12.7049,13.8174,2999418.25,85302.0,0.0001253533333333,0.0004889533333333,0.00068594,952597000000.0,197607984308.55408,3662991326.940088,76.0,60.0835,12.5427,1518551847557.71,93176734777.41,606152815701.3,58801777324.29
2021-03-08,50959.11,52402.78,49274.67,52375.17,66987.359664,1999401.0,1726.46,1843.59,1664.96,1833.18,1149711.39987,1407402.0,13.8174,13.906,12.996,13.6028,2116684.52,63521.0,0.00014919,0.0003743433333333,0.0007525733333333,971328000000.0,209927379711.2144,3598675974.5026016,81.0,60.3591,12.5226,1585196572691.68,103042841496.9,628386529773.87,59918726999.35
2021-03-09,52375.18,54895.0,51789.41,54884.5,71656.737076,2194398.0,1833.22,1870.77,1798.2,1870.51,857229.47855,1196670.0,13.608,14.9921,13.1985,14.839,2594490.9,73810.0,0.0005714433333333,0.0006724366666666,0.0013795033333333,1020810000000.0,214079929593.2745,3942704592.9125934,81.0,60.0369,12.9956,1623367549044.83,123853327399.99,648748592643.35,75230143760.86
2021-03-10,54874.67,57387.69,53005.0,55851.59,84749.238943,2647284.0,1870.5,1877.69,1757.0,1795.12,937230.62831,1098051.0,14.85,15.2118,14.0525,14.2048,1943926.1,60520.0,0.0004328166666666,0.00071877,0.0011852466666666,1046540000000.0,207366478416.94223,3789468107.0731726,68.0,59.9459,12.5932,1704294520581.81,133751159450.26,682639581550.77,82863002091.94
2021-03-11,55851.59,58150.0,54272.82,57773.16,81914.812859,2509970.0,1795.28,1846.7,1725.0,1825.78,909011.4961,1023958.0,14.2011,16.3222,13.67,16.031,4125742.57,103981.0,0.0009355833333333,0.0006476366666666,0.0006427866666666,1078880000000.0,210184142306.85693,4250307600.3291855,73.0,61.1765,12.1233,1708422615326.76,134140394089.13,663268736463.66,76817237659.41
2021-03-12,57773.15,58081.51,54962.84,57221.72,73405.406047,2489931.0,1825.78,1841.88,1719.72,1766.1,869564.6361,1126153.0,16.0519,16.5,14.0803,14.5597,3678388.38,110363.0,0.0007344933333333,0.0007978233333333,0.0006986633333333,1069360000000.0,203398966523.79745,3892430025.570377,70.0,61.5417,11.9855,1751033647877.46,131978421610.65,673418610930.81,75179859904.34
2021-03-13,57221.72,61844.0,56078.23,61188.39,83245.091346,2559002.0,1766.13,1944.3,1727.75,1922.35,926283.22642,1265904.0,14.5532,15.4072,13.8439,15.3033,2632320.37,74627.0,0.0005517166666666,0.0007517366666666,0.00088798,1143170000000.0,221677557285.12857,4095967444.3242254,74.0,61.8837,11.7874,1728235544521.7,139845647304.46,658739347316.53,84160076259.45
2021-03-14,61188.38,61724.79,58966.78,58968.31,52601.05275,1829769.0,1922.35,1933.1,1836.0,1848.1,637963.63627,963564.0,15.2902,15.376,14.3399,14.4605,1750244.94,57342.0,0.0009383,0.00110293,0.0012320333333333,1117420000000.0,215600090797.8965,3934663312.686074,78.0,62.059,12.0273,1841094129185.99,148672539842.08,698529119878.71,88153378226.81
2021-03-15,58976.08,60633.43,54600.0,55605.2,102771.427298,2683815.0,1848.1,1891.76,1730.0,1793.48,1025326.79658,1496415.0,14.461,14.8214,13.6179,14.1577,2020949.93,63118.0,0.0006766533333333,0.0005729533333333,0.0009850266666666,1046890000000.0,206738489265.9592,3803310787.61656,76.0,61.9431,11.9615,1789792456499.14,117865928232.09,681139401174.69,73965505441.27
2021-03-16,55605.2,56938.29,53271.34,56900.75,77986.694355,2241208.0,1793.99,1819.5,1711.68,1805.12,764993.40147,987906.0,14.1586,14.2933,13.1389,13.6392,2501657.49,74993.0,0.00033036,0.0003177366666666,0.00072123,1054010000000.0,206768115393.5416,3645129569.1735306,71.0,61.0555,12.0653,1707276189268.97,153414047450.51,664889700189.37,86968239304.26
2021-03-17,56900.74,58974.73,54123.69,58912.97,70421.620841,2204296.0,1805.01,1838.88,1741.18,1823.58,658349.44843,872416.0,13.6379,14.2685,13.0326,14.2018,1703006.56,56596.0,0.00026392,0.00043668,0.0009098166666666,1094790000000.0,209314640015.8152,3797786647.0037246,71.0,60.7882,11.928,1738831316438.59,143465062404.9,681826836285.12,84300607506.94
2021-03-18,58912.97,60129.97,57023.0,57648.16,66580.406675,2040947.0,1823.58,1850.0,1759.04,1776.08,603721.61056,783517.0,14.1987,14.75,13.957,14.204,1576671.71,53867.0,0.0003069033333333,0.0006844666666666,0.0014276166666666,1077080000000.0,205055043542.5576,3808061788.123428,72.0,60.9259,11.6385,1801671789498.99,140430860674.19,703986333580.11,80218981609.28
2021-03-19,57641.0,59468.0,56270.74,58030.01,52392.652961,1885830.0,1775.92,1840.61,1733.47,1809.1,500258.42875,703977.0,14.2153,14.4883,13.8554,14.1552,1461762.29,46881.0,0.00026051,0.00019254,0.00028829,1085290000000.0,208386004775.5637,3782492545.968957,71.0,60.9504,11.5851,1771215330271.86,129645807572.16,691652928985.98,73887449025.42
2021-03-20,58030.01,59880.0,57820.17,58102.28,44476.941776,1724131.0,1809.01,1868.83,1800.86,1806.1,451556.10639,743672.0,14.1588,14.9793,14.09,14.1894,1393209.56,52559.0,0.00047556,0.0007185233333333,0.0001663533333333,1086830000000.0,208683638250.06183,3813503846.1073136,75.0,60.4699,11.6196,1800100265836.79,117543420876.99,711582044127.47,68493382221.64
2021-03-21,58100.02,58589.1,55450.11,57351.56,48564.470274,1773546.0,1806.57,1817.16,1747.0,1782.98,465953.98749,748800.0,14.1788,14.3636,13.638,14.3372,1191850.82,43656.0,0.0002791366666666,0.0003244266666666,0.0001090399999999,1071960000000.0,205482135437.129,3811604458.9012246,73.0,60.5572,11.6167,1797970179884.56,120482799718.51,709170353179.2,70157833378.33
2021-03-22,57351.56,58430.73,53650.0,54083.25,62581.626169,1927345.0,1783.23,1807.51,1655.15,1680.97,582727.49081,879976.0,14.3372,16.59,14.1697,14.7964,5102991.54,157441.0,0.0004881933333333,0.00047124,4.262333333333333e-05,1016130000000.0,194496539578.51947,3982678039.9953966,70.0,60.2432,11.5562,1781647327529.74,113914702301.46,708326140033.27,61911015986.13
2021-03-23,54083.25,55830.9,53000.0,54340.89,59789.365427,1740349.0,1681.17,1721.17,1650.0,1668.08,577213.99589,654415.0,14.7962,15.227,14.0146,14.1552,2004427.43,62202.0,0.0003102466666666,0.0002099633333333,9.129e-05,1018240000000.0,192520012038.8084,3800307551.9060497,66.0,59.8264,11.4484,1701640874999.6,127708449642.38,683610921460.12,71195944945.74
2021-03-24,54342.8,57200.0,51700.0,52303.65,83537.465021,2401988.0,1668.2,1740.86,1536.92,1581.84,753834.52393,994542.0,14.1433,15.3719,13.5842,13.5973,2317339.72,76944.0,0.0003214766666666,0.0003431766666666,0.0001,981564000000.0,182767878811.71768,3663455674.2495856,65.0,59.8703,11.3303,1707727162944.86,129923304356.64,685305023211.81,73437483900.66
2021-03-25,52303.66,53287.0,50427.56,51293.78,87400.534538,2099425.0,1581.88,1622.0,1549.4,1585.74,701697.00258,778215.0,13.5844,13.7329,12.47,12.9787,2292323.1,71423.0,0.0001060933333333,0.00018646,0.0001,962049000000.0,183025561445.64017,3469628795.3626423,60.0,60.274,11.2315,1634570685516.3,146466168744.48,649349037776.57,76009836687.04
2021-03-26,51293.78,55073.46,51214.6,55025.59,63813.774692,1773150.0,1585.83,1699.93,1585.79,1698.84,515470.92907,650812.0,12.9789,14.7921,12.3043,14.7664,2972281.77,94547.0,0.00012,0.0002081033333333,0.0001717866666666,1023150000000.0,195343197021.4768,3936247035.625921,54.0,59.4432,11.3191,1623529674149.42,142683958716.3,658451526347.18,74540610001.51
2021-03-27,55025.59,56700.36,53950.0,55817.14,50105.475055,1528776.0,1698.84,1732.67,1666.41,1712.63,443845.49957,516929.0,14.7751,16.8,14.7173,16.4589,4053893.7,116137.0,0.0001,0.0001999633333333,0.0001959833333333,1045630000000.0,197952777813.34875,4444961818.66102,65.0,59.3271,11.3102,1734484004138.44,122050569883.64,705465097108.54,65415716943.13
2021-03-28,55817.14,56559.75,54691.84,55777.63,39050.387511,1551283.0,1712.52,1725.66,1661.4,1687.01,348895.51314,512231.0,16.4516,19.38,16.3049,18.0645,7200727.49,218108.0,0.0001,0.0002890533333333,0.0004995433333333,1039960000000.0,194178474643.7484,4851059565.469501,74.0,59.5427,11.2707,1755880628770.7,109051738578.35,710381524219.84,61774250571.99
2021-03-29,55777.65,58405.82,54800.01,57635.47,67857.937398,1983437.0,1687.16,1841.0,1677.85,1816.74,647724.46387,846836.0,18.0645,19.0,17.6439,18.9504,3064381.78,101831.0,0.0001272366666666,0.0005002366666666,0.0007968433333333,1074700000000.0,208719567360.97543,5057523003.591208,72.0,59.424,11.0899,1758110718730.48,104824838770.7,713370235535.78,56989767361.91
2021-03-30,57635.46,59368.0,57071.35,58746.57,55122.443122,1612744.0,1816.76,1859.13,1786.3,1840.46,568842.00526,856093.0,18.9504,20.87,18.9105,19.0685,3808354.1,124415.0,0.00047595,0.0005577,0.0009997566666666,1095540000000.0,212170627657.7161,5150871238.575418,72.0,59.0507,11.4907,1825801906631.66,127188399468.76,747652331787.5,69560108169.61
2021-03-31,58746.57,59800.0,56769.0,58740.55,60975.542666,1928224.0,1840.41,1947.29,1768.15,1919.37,746995.8591,1040362.0,19.0645,19.8154,18.0,19.3861,2784733.45,97083.0,0.00070019,0.0007406333333333,0.0006737566666666,1097600000000.0,220956711035.9665,5215549536.048317,76.0,59.0175,11.4185,1863981199793.12,125685877328.63,763906284092.84,71535778711.7
2021-04-01,58739.46,59490.0,57935.45,58720.44,47415.61722,1594431.0,1919.37,1984.77,1885.02,1968.05,741585.07266,994836.0,19.3818,20.3583,18.7433,19.0443,2230609.34,75608.0,0.0008548533333333,0.0011025266666666,0.00097463,1098160000000.0,227249378741.1228,5122828961.820095,74.0,58.5257,11.7638,1879792110128.97,163117996908.1,779629770782.01,97622031069.47
2021-04-02,58720.45,60200.0,58428.57,58950.01,47382.418781,1666356.0,1968.05,2146.0,1948.48,2133.69,846197.93215,1218698.0,19.0443,19.8003,18.345,19.7501,1773300.55,61912.0,0.00093083,0.00096273,0.00101075,1102180000000.0,246049640305.2276,5280584231.932229,74.0,57.9703,11.9775,1903824109713.87,163676633225.68,800172439173.37,102004892530.95
2021-04-03,58950.01,59791.72,56880.0,57051.94,47409.852113,1606805.0,2133.69,2138.12,1996.3,2008.52,770176.32192,1107620.0,19.7513,23.8476,19.7228,22.5,6266319.5,209602.0,0.0009080766666666,0.0010416866666666,0.00133458,1069570000000.0,233518575129.3128,6112036883.047592,73.0,56.9111,12.6812,1948275550271.01,161115894959.99,839490392980.03,102397633301.75
2021-04-04,57051.95,58492.85,56388.0,58202.01,41314.081973,1499113.0,2008.59,2091.83,1975.24,2075.69,514345.76554,818926.0,22.4672,25.5309,21.9867,23.7755,5274539.83,193109.0,0.0004236866666666,0.00068261,0.0003564333333333,1086790000000.0,239571330038.2073,6443774854.748782,74.0,57.159,12.4308,1882423093695.86,162198933895.23,806448609370.22,102574240420.71
2021-04-05,58202.01,59272.0,56777.77,59129.99,54258.01579,2035877.0,2075.7,2130.64,2002.15,2107.38,684923.61494,947978.0,23.7755,24.78,22.7664,22.9717,2821214.21,112164.0,0.0004002999999999,0.0007756733333333,0.0007781066666666,1097190000000.0,242152177160.04724,6149747906.447737,71.0,56.2923,12.3867,1949002578558.65,145257022241.68,851864982157.45,94499503332.76
2021-04-06,59129.99,59495.24,57413.02,57991.15,54201.000727,1960513.0,2107.43,2151.0,2044.65,2112.21,673386.05575,1106761.0,22.9876,25.3,21.7554,25.0548,3326493.23,141766.0,0.00079567,0.00095699,0.00112446,1084700000000.0,244184904434.94528,6696184012.51416,75.0,55.7368,12.2894,1976828143329.49,192034307844.73,875008169959.13,131338661093.48
2021-04-07,57990.03,58655.0,55473.0,55953.45,71228.405659,2206433.0,2112.22,2129.01,1930.01,1963.47,892984.90422,1229155.0,25.0548,27.5203,22.9078,26.5385,7815658.63,296563.0,0.00055006,0.0005054933333333,0.0001,1050810000000.0,229042657476.37943,7224169088.478477,72.0,54.8009,12.3223,1984148829242.77,211536479485.84,896817919633.74,145459129207.01
2021-04-08,55953.44,58153.31,55700.0,58077.52,44283.147019,1661080.0,1963.46,2084.61,1947.35,2080.46,501355.998,911403.0,26.537,27.9951,25.6431,26.9384,4209553.61,170594.0,0.0003065066666666,0.00026666,0.0001955,1082550000000.0,239817114712.5645,7239337927.410685,73.0,55.7265,12.0986,1881979289294.0,219869853167.62,833218502837.05,144234198179.44
2021-04-09,58077.52,58894.9,57654.0,58142.54,40831.884911,1615962.0,2080.39,2100.0,2047.57,2066.87,426387.4379,645172.0,26.9261,29.0,26.7097,27.6172,3037133.3,144968.0,0.0002256566666666,0.0004875266666666,0.00015744,1084250000000.0,238403131317.16623,7451027758.973854,70.0,55.0741,12.1876,1977830891895.14,142953119956.45,888557355256.71,89887605201.53
2021-04-10,58142.55,61500.0,57900.01,59769.13,69906.424117,2470398.0,2067.19,2200.0,2058.0,2133.49,655458.20894,1175161.0,27.6194,28.2948,25.9017,26.8021,2705997.06,132263.0,0.0009374499999999,0.0011330666666666,0.0006175933333333,1114190000000.0,245832239279.2433,7224482515.883966,70.0,54.9262,12.0731,1980748568310.93,122484326765.29,892799589361.33,75783098975.66
2021-04-11,59769.13,60699.0,59232.52,60002.43,41156.715391,1746102.0,2133.49,2165.02,2113.4,2151.36,392265.50773,830771.0,26.7993,28.649,25.5131,27.8517,2517685.81,126583.0,0.0009738666666666,0.0007778299999999,0.0006501566666666,1119500000000.0,247498491172.93915,7508360478.740981,76.0,54.6103,12.0566,2045405684064.1,158640312340.03,928402643100.69,100411738091.33
2021-04-12,59998.8,61300.0,59350.59,59860.0,56375.037117,1806298.0,2151.42,2203.46,2102.0,2137.69,579093.35694,914567.0,27.8598,29.9295,26.8049,28.5424,2842013.26,149081.0,0.0009816466666666,0.00110677,0.0008842166666666,1119050000000.0,247349314547.2733,7685177458.669738,74.0,54.2631,12.0153,2072661874926.67,142581800513.52,947970304178.41,96306073597.32
2021-04-13,59860.01,63777.77,59805.15,63575.0,82848.688746,2703735.0,2137.86,2318.0,2135.53,2299.19,782608.6209,1288668.0,28.5266,28.8162,26.2616,27.4507,2275774.43,114743.0,0.0009889,0.00110854,0.00111235,1185230000000.0,265279596891.74887,7455144039.386212,74.0,53.794,11.878,2080396210743.75,151460437918.49,961268880041.06,99617520842.04
2021-04-14,63575.01,64854.0,61301.0,62959.53,82616.343993,2645625.0,2299.19,2447.29,2281.33,2432.6,972931.60866,1554097.0,27.4571,27.5613,24.7,26.4067,3623963.28,165111.0,0.00101287,0.00150669,0.0009730533333333,1174530000000.0,280598077838.17346,7116357249.901143,75.0,54.0325,12.0946,2197811709903.58,193839805893.63,1010278963201.48,123891952924.23
2021-04-15,62959.53,63800.0,62020.0,63159.98,51649.70034,1938028.0,2432.59,2543.47,2400.0,2514.04,681950.96645,1462768.0,26.4182,28.2,25.4479,27.7816,2146653.64,113692.0,0.0008958033333333,0.00109507,0.0010076166666666,1181340000000.0,290940687884.01605,7516378934.671346,79.0,53.0721,12.6606,2217887624034.03,235242383393.08,1040808286625.87,157739356266.17
2021-04-16,63158.74,63520.61,60000.0,61334.8,91764.139884,2639940.0,2514.04,2548.29,2300.0,2422.67,999163.75205,1679215.0,27.7946,28.2571,24.8547,25.2996,2673912.32,125994.0,0.0011506266666666,0.00130212,0.0010519133333333,1150390000000.0,280438974612.349,6853982062.376789,78.0,52.3264,12.8665,2259233680547.6,188963558142.96,1077057819043.82,128010728899.11
2021-04-17,61334.81,62506.05,59580.91,60006.66,58912.256128,2268816.0,2422.38,2495.0,2310.0,2317.6,624232.25568,1242299.0,25.2926,26.7914,24.8181,24.85,2442737.39,113942.0,0.00065495,0.0007952266666666,0.0009432933333333,1126320000000.0,270516207949.6435,6752952165.125918,76.0,51.451,12.5584,2237628557667.6,308040023462.59,1086345496773.94,223714142041.61
2021-04-18,60006.67,60499.0,50931.3,56150.01,124882.131824,3444089.0,2317.65,2340.0,1946.8,2235.64,1475383.69204,2113566.0,24.8517,32.99,21.1,32.3358,11699397.05,560886.0,0.00050024,0.0003958499999999,8.638333333333332e-05,1053640000000.0,259149172175.356,8787624843.042606,79.0,51.6228,12.3422,2198602921303.39,239650692830.02,1063622685018.81,173497386771.82
2021-04-19,56150.01,57526.81,54221.58,55633.14,78229.042267,2390527.0,2235.65,2300.0,2080.0,2161.12,820592.26555,1411498.0,32.3324,36.095,29.8066,31.4711,12075270.9,599790.0,0.0001,0.0002397333333333,0.00024902,1042640000000.0,250531868807.23364,8596751966.43903,74.0,51.2376,12.6002,2049504342804.95,300690499650.8,999386938060.65,203258354113.22
2021-04-20,55633.14,57076.24,53329.96,56425.0,72744.482151,2148820.0,2161.12,2346.62,2055.0,2330.03,992240.809,1478664.0,31.5303,32.8,28.81,31.7028,7036100.92,319269.0,0.0001,0.0001375966666666,0.0003816633333333,1055310000000.0,269033028487.48752,8642297711.474617,73.0,51.699,12.4189,2013020032223.88,225776133997.89,972309058059.15,160477435558.59
2021-04-21,56425.0,56757.91,53536.02,53787.63,66984.756909,2134946.0,2330.26,2469.54,2235.16,2357.06,1177885.8617,1905822.0,31.6939,35.1801,30.1101,32.5534,6573327.09,343021.0,0.0001,0.0001,0.00016372,1009600000000.0,273165786098.98404,8782419476.538174,73.0,50.9968,13.0104,2068523587315.62,229497301644.32,1013642032031.51,161640669353.92
2021-04-22,53787.62,55521.48,50500.0,51690.96,104656.631337,2744621.0,2357.06,2644.47,2303.44,2397.94,2220753.09746,3110597.0,32.5965,41.1587,31.4586,38.9,14017530.86,709708.0,0.0001,0.00014822,0.0001,969567000000.0,279636457122.6881,10612541350.80484,65.0,50.4943,13.6825,1994278314257.17,179642303211.82,987281040081.17,124787353821.54
2021-04-23,51690.95,52131.85,47500.0,51125.14,132230.780719,2888237.0,2397.94,2442.89,2107.0,2367.39,2532242.44185,2790382.0,38.8718,41.74,31.4936,37.3893,14705148.48,617636.0,0.0002253933333333,0.00030081,0.0001417233333333,952287000000.0,272435428978.75748,9948975122.08595,55.0,50.4688,14.4998,1916829750697.46,226959790955.32,949427920591.97,152170176451.54
2021-04-24,51110.56,51166.22,48657.14,50047.84,55361.512573,1164985.0,2367.39,2368.74,2154.8,2213.35,997688.94623,1275474.0,37.3018,43.6397,34.5861,40.8401,9722785.06,510976.0,0.00018144,0.00016797,0.0001,939715000000.0,258533809757.1008,11128773185.202562,37.0,50.3437,14.4176,1896561955270.02,267844058775.64,941761966380.98,181189394680.25
2021-04-25,50047.84,50567.91,46930.0,49066.77,58255.645004,1475479.0,2214.08,2356.64,2168.0,2320.49,857517.38218,1307545.0,40.8525,48.644,40.572,47.405,11964753.801,701331.0,0.0002341933333333,0.0001,0.0001020666666666,914845000000.0,265959371176.24203,12911211367.754644,31.0,51.2053,13.997,1826281250070.77,143290977318.89,891128444702.94,94294769791.63
2021-04-26,49066.76,54356.62,48753.44,54001.39,86310.802124,2174544.0,2320.44,2542.8,2303.64,2532.6,1076469.01367,1852607.0,47.395,48.499,43.267,43.878,11079170.602,697927.0,0.0001,0.0001,0.0001,1008280000000.0,292063340284.41833,11972386912.055023,27.0,50.2333,14.6664,1824757624647.65,127311587950.35,908121730748.97,81103991967.81
2021-04-27,54001.38,55460.0,53222.0,55011.97,54064.034675,1568666.0,2532.06,2680.0,2480.29,2666.13,771728.46451,1255607.0,43.884,46.606,42.5,43.147,7101848.718,487171.0,0.0001,0.00020221,0.0004174033333333,1028570000000.0,306007131815.5639,11730511223.069197,50.0,50.0009,14.5083,2019390396279.5,160865425588.5,1009677507850.95,102608178998.44
2021-04-28,55011.97,56428.0,53813.16,54846.22,55130.459015,1830042.0,2666.13,2760.0,2559.44,2748.24,999383.1852,1587100.0,43.147,46.962,40.516,44.833,7855066.319,560767.0,0.0001,0.0002111833333333,0.0003596666666666,1024140000000.0,316899844153.2476,12158556423.273722,59.0,49.2961,14.7411,2085563671994.19,145098174112.29,1057462798113.64,95627822094.26
2021-04-29,54846.23,55195.84,52330.94,53555.0,52486.019455,1763676.0,2748.23,2798.0,2668.0,2757.04,863890.01069,1379738.0,44.831,46.233,40.906,42.484,5805381.221,416105.0,0.0001,0.0001,0.0002351266666666,1001380000000.0,319281940840.3854,11490075123.13811,52.0,48.9268,15.1653,2094349280175.74,151727679331.87,1069652225640.27,103726262628.99
2021-04-30,53555.0,57963.0,53013.01,57694.27,68578.910045,2267648.0,2757.04,2798.3,2723.09,2772.42,695339.20482,1382521.0,42.452,44.313,41.21,42.786,3302673.311,258432.0,0.0001,0.0002583,0.0003295766666666,1079460000000.0,320451004871.536,11611800811.839031,51.0,48.2182,15.3568,2076747433317.0,136793042461.92,1075376340909.8,90710634070.17
2021-05-01,57697.25,58458.07,56956.14,57800.37,42600.351836,1743013.0,2772.42,2954.28,2743.41,2944.77,690260.07741,1437394.0,42.786,49.88,42.001,49.67,5804048.045,476481.0,0.0001790166666666,0.0001913899999999,0.0006518599999999,1081790000000.0,341199273314.4269,13373909175.815697,68.0,49.0324,14.5665,2202189769327.3,144779478387.96,1122403734280.11,92385336120.7
2021-05-02,57797.35,57911.02,56035.25,56578.21,36812.878863,1371638.0,2944.83,2985.0,2852.26,2949.56,571982.5445,1132280.0,49.646,49.99,45.904,46.897,3794411.245,321216.0,0.0003546233333333,0.00024391,0.0005492133333333,1057710000000.0,341604894651.492,12745378406.727673,66.0,48.1702,15.186,2244084268334.95,133721460219.21,1163105473403.63,90891288908.48
2021-05-03,56578.21,58981.44,56435.0,57169.39,57649.931286,2102128.0,2949.33,3454.0,2949.32,3431.04,1329088.0628,2502746.0,46.926,49.0,44.774,45.912,3686007.369,313751.0,0.00047936,0.00027209,0.0004770466666666,1070310000000.0,396975587827.20624,12579340018.513264,61.0,47.8168,15.4294,2213766969074.5,125314942137.82,1155214307471.9,87178060725.71
2021-05-04,57169.39,57200.0,53046.69,53200.01,85324.625903,2492629.0,3431.04,3527.0,3160.0,3239.01,1826039.38558,3634236.0,45.935,47.81,42.26,42.636,4180557.381,342455.0,0.0004319033333333,0.0005801033333333,0.0005721799999999,1004570000000.0,378996598293.34766,11742115597.377518,68.0,46.258,17.1583,2312368990373.25,167204217435.2,1242712864799.23,115485419247.11
2021-05-05,53205.05,58069.82,52900.0,57436.11,77263.923439,2378119.0,3239.01,3549.34,3200.23,3524.26,1174816.73588,2224441.0,42.636,46.0,42.305,44.98,2772821.523,229512.0,0.0003296433333333,0.0006821966666666,0.0005249933333333,1072290000000.0,408095752550.1068,12209309499.357084,48.0,45.7342,17.2141,2177702251591.46,252866697686.89,1181748054488.58,184365008029.58
2021-05-06,57436.11,58360.0,55200.0,56393.68,70181.671908,2459881.0,3524.33,3605.4,3376.47,3489.73,920592.57706,1703109.0,44.965,44.98,42.55,43.496,2337263.012,178097.0,0.0007653633333333,0.0008192433333333,0.0012270866666666,1057110000000.0,405205643546.71326,11876016779.864355,65.0,44.9585,17.075,2386883839277.0,265435714688.67,1313776821144.73,196243019618.29
2021-05-07,56393.68,58650.0,55241.63,57314.75,74542.747829,2361692.0,3489.74,3587.0,3353.23,3479.53,760544.64781,1382532.0,43.496,46.243,41.42,43.182,3259646.399,282796.0,0.0003836733333333,0.0003773466666666,0.0009876499999999,1072390000000.0,403179396604.93726,11714377260.385923,64.0,44.4769,17.0354,2371260683957.56,284705205267.1,1316596988004.26,215132691591.88
2021-05-08,57315.49,59500.0,56900.0,58862.05,69709.906028,2311378.0,3479.79,3958.33,3449.27,3910.26,1130467.54852,2146967.0,43.154,46.65,42.275,45.612,2539093.011,227222.0,0.0005069166666666,0.0004916133333333,0.0007654,1098540000000.0,450017619945.6576,12484696132.083864,67.0,45.0737,16.9544,2379475419702.69,267518828381.27,1306957188666.04,199077441382.09
2021-05-09,58866.53,59300.0,56235.66,58240.84,69806.11991,2170139.0,3910.26,3983.65,3726.08,3923.95,1000401.0082,2289303.0,45.632,47.15,42.6,44.33,3095018.717,253642.0,0.00052217,0.0005155366666666,0.00048084,1090230000000.0,453464297377.38495,12078027859.041668,73.0,44.6338,18.3501,2463506402007.01,218839699630.8,1363949981549.02,153459550541.5
2021-05-10,58240.83,59500.0,53400.0,55816.14,89586.34925,2575419.0,3923.95,4208.0,3650.0,3945.88,1505897.92612,3033133.0,44.33,45.89,39.0,42.854,2869549.017,252549.0,0.0007414733333333,0.0007030533333333,0.0008089,1045680000000.0,457941556222.2896,11728913081.050589,72.0,44.3289,18.5082,2456518166904.53,243951910748.73,1367571907713.19,178069903888.15
2021-05-11,55816.14,56862.43,54370.0,56670.02,64329.54055,1911480.0,3946.63,4180.22,3771.64,4173.45,1095927.10403,2290977.0,42.868,45.18,39.7,44.538,2758407.694,238856.0,0.0003868533333333,0.0003800733333333,0.0001905033333333,1059000000000.0,481332226085.5533,12212339492.740788,61.0,44.3493,19.4209,2354289970693.0,269499409229.87,1310178713262.24,197745607030.55
2021-05-12,56670.02,58000.01,48600.0,49631.32,99842.789836,2676826.0,4173.46,4372.72,3701.58,3823.21,1601842.74017,3188941.0,44.579,49.243,42.18,43.709,7592760.128,579441.0,0.00030052,0.00037281,0.00027005,953560000000.0,460506092741.7569,12266374144.320175,68.0,42.3958,19.308,2502801521503.85,237260535325.89,1441719655950.38,175940806241.94
2021-05-13,49537.15,51367.19,46000.0,49670.97,147332.002121,3570506.0,3810.15,4034.77,3500.0,3717.91,2068708.17427,3943562.0,43.394,45.501,37.43,41.049,7162647.061,497211.0,0.0001483366666666,0.0002189,0.0001403766666666,923611000000.0,427155480764.7695,11087774345.990717,31.0,42.1965,20.1111,2210077001195.96,252883647394.69,1277502525685.71,177593879184.91
2021-05-14,49671.92,51483.0,48799.75,49841.45,80082.204306,2095860.0,3717.92,4173.28,3691.35,4075.01,1153390.42631,2227244.0,41.051,44.897,39.901,42.7,3421838.277,254778.0,0.0003010933333333,0.0001,0.0001147966666666,935425000000.0,473498627376.7325,11699978014.803429,26.0,41.5677,19.2811,2237244955780.75,320296984198.08,1307272628218.34,223368229109.18
2021-05-15,49844.16,50700.0,46555.0,46762.99,89437.449359,2286791.0,4075.02,4134.05,3632.0,3646.68,1039174.88082,2055345.0,42.697,45.5,39.305,43.486,3357108.617,279668.0,0.0001342533333333,0.0004564733333333,0.0003599633333333,880283000000.0,425568398498.654,11881057107.38496,27.0,39.9721,20.2345,2335084960875.95,210942290777.58,1401702078589.02,155169118411.02
2021-05-16,46762.99,49795.89,43825.39,46431.5,114269.812775,2661295.0,3646.24,3879.0,3343.06,3582.1,1324065.65875,2532983.0,43.462,52.6,41.602,46.85,13162867.429,900493.0,0.00031042,0.0002088833333333,0.00038932,861131000000.0,413245749100.6805,12855830542.540417,20.0,40.2005,19.4073,2177512723943.98,212358673843.02,1302140779762.21,153236921748.14
2021-05-17,46426.83,46686.0,42001.0,43538.04,166657.172736,3216821.0,3581.81,3587.06,3102.0,3282.51,1904012.43998,2885352.0,46.85,51.985,43.01,46.708,13839076.478,909050.0,0.0004442766666666,0.00039706,0.0004677566666666,813826000000.0,380167139202.4431,12823484657.781015,27.0,40.0596,19.1486,2169168079472.59,210568489198.43,1300208235939.94,146554661842.26
2021-05-18,43538.02,45799.29,42250.02,42849.78,116979.860784,2561165.0,3282.25,3565.71,3240.0,3375.07,1287110.84143,2143887.0,46.747,58.38,46.051,55.977,12538546.698,867912.0,0.0003039166666666,0.00029973,0.0002652366666666,800712000000.0,390436471359.5423,15286667742.248854,21.0,40.2289,18.7789,2021563048922.92,231016632418.07,1208310557717.19,156027074619.01
2021-05-19,42849.78,43584.9,30000.0,36690.09,354347.243161,6331062.0,3375.08,3441.73,1888.0,2438.92,4309836.31939,5548968.0,55.969,57.691,26.5,34.988,22259967.849,1402768.0,-0.00014628,-0.0009767366666666,-0.0016759799999999,704416000000.0,293969345409.34686,9888425609.430117,23.0,39.2584,19.1569,2047589623111.84,187401765676.43,1243738417223.63,131202057348.64
2021-05-20,36671.23,42451.67,34850.0,40526.64,203017.596923,4269898.0,2438.92,2990.05,2155.0,2768.62,2942777.9301,4243052.0,34.987,53.0,32.0,44.42,17869805.908,1040786.0,0.0001,0.0001060933333333,0.0001039233333333,763508000000.0,322083681187.9949,12278465399.119907,11.0,43.7153,18.0457,1586428418885.85,375723146159.7,892916895346.44,249560724002.01
2021-05-21,40525.39,42200.0,33488.0,37252.01,202100.888258,3993336.0,2767.87,2938.54,2101.0,2430.98,2727031.93514,3676164.0,44.367,47.7,33.673,38.925,13740700.641,827866.0,5.5150000000000006e-05,0.0001,0.0001,695669000000.0,279919817798.9427,10453194866.326384,19.0,42.5661,18.0132,1787816617243.12,277060349562.83,1026812479711.45,188905032849.27
2021-05-22,37263.35,38829.0,35200.62,37449.73,126542.243689,2716691.0,2430.98,2485.0,2145.0,2294.87,1684318.01157,2484734.0,38.925,40.0,31.134,31.222,10122098.005,651683.0,-1.482666666666666e-05,0.0001,0.0001,704448000000.0,269150072428.07004,8678779608.382294,12.0,43.6864,17.6198,1597425646826.4,235966802078.69,899568613004.81,153947057004.61
2021-05-23,37458.51,38270.64,31111.01,34655.25,217136.046593,4082004.0,2295.45,2381.57,1728.74,2096.39,2914548.73125,3761018.0,31.222,32.4,19.117,24.536,25787150.864,1266144.0,-4.58e-06,0.0001,0.0001,650754000000.0,244216529209.8596,6737363782.93804,14.0,45.2667,17.1615,1552307006310.07,170375303170.08,849628859975.42,112958158466.69
2021-05-24,34681.44,39920.0,34031.0,38796.29,161630.893971,3510578.0,2096.63,2675.0,2079.94,2648.43,2186632.92245,3299296.0,24.53,32.19,24.496,31.416,15414302.323,771534.0,-5.45e-05,0.0001,0.0001,722918000000.0,304629768524.78546,8447695571.674719,10.0,45.907,17.2594,1418495270201.05,228287891301.26,767307301528.45,149746477988.63
2021-05-25,38810.99,39791.77,36419.62,38324.72,111996.228404,2508310.0,2647.92,2750.0,2378.54,2705.11,2115349.50445,2976859.0,31.42,33.195,25.915,29.973,10300933.608,577950.0,0.0001,0.0001,0.0001,716169000000.0,312834574411.2242,8218854305.077625,22.0,43.5643,18.4381,1661357595908.09,210578671955.14,937598765914.15,143226366041.27
2021-05-26,38324.72,40841.0,37800.44,39241.91,104780.773396,2432319.0,2705.1,2910.0,2643.0,2884.94,1583799.59251,2726537.0,29.985,37.25,28.858,35.43,10601343.234,656660.0,0.0001,0.0001,0.0001,733669000000.0,332842129963.8001,9647049417.773245,22.0,43.2494,18.8928,1658843816739.54,185853784915.43,941404201326.62,129683345135.18
2021-05-27,39241.92,40411.14,37134.27,38529.98,86547.158794,2102182.0,2884.82,2889.74,2633.68,2742.23,1099029.91206,1732113.0,35.427,35.594,30.976,33.747,5698854.676,369106.0,0.0001,0.0001,0.0001,720895000000.0,318304372194.2758,9190744442.02442,27.0,42.0176,19.1122,1751087019178.69,163148538731.82,1015321847850.0,111832386911.54
2021-05-28,38529.99,38877.83,34684.0,35663.49,135377.62972,2659178.0,2742.23,2762.45,2327.38,2412.1,1554584.61362,2184249.0,33.761,34.551,28.0,28.989,6370726.751,361849.0,0.0001,0.0001,0.0001,666370000000.0,280299272048.6688,7882083922.298832,21.0,42.561,18.7954,1691490891974.8,135805800862.11,971575728679.24,92558261827.61
2021-05-29,35661.79,37338.58,33632.76,34605.15,112663.092689,2169643.0,2412.34,2574.27,2204.1,2278.74,1379427.18851,1887733.0,28.993,30.066,25.7,27.388,3911549.6,213125.0,0.00010125,0.0001,0.0001,649269000000.0,265656136637.11423,7483229273.058432,18.0,43.0715,18.1036,1550715146762.87,158527175700.59,882798107168.34,103315457549.42
2021-05-30,34605.15,36488.0,33379.0,35641.27,73535.386967,1559892.0,2278.74,2476.42,2180.53,2385.98,1151113.19883,1519005.0,27.407,29.781,25.586,28.588,3964240.919,204751.0,0.0001,0.0001,0.0001,667460000000.0,277626187692.31226,7798562015.686554,10.0,43.6175,17.8072,1484497152534.16,127657075061.5,836996781015.51,82431201721.89
2021-05-31,35641.26,37499.0,34153.84,37253.81,94160.735289,1896359.0,2385.82,2720.0,2271.44,2706.15,1307958.04068,1849177.0,28.573,33.014,27.489,32.75,5173286.471,301346.0,0.0001,0.0001,0.0001,698587000000.0,313356864711.1268,8903817525.028212,18.0,43.2404,17.9633,1543725890384.16,102993035350.77,876212140211.31,71377190630.88
2021-06-01,37253.82,37894.81,35666.0,36693.09,81234.66377,1760417.0,2706.15,2740.0,2523.74,2634.57,1179577.10806,1790186.0,32.759,33.285,29.852,30.938,4046865.202,244478.0,0.0001,0.0001,0.0001,686420000000.0,304916083736.0441,8440514006.76299,20.0,42.1135,18.9459,1659100453454.15,119138090762.6,960395454246.36,80129390248.46
2021-06-02,36694.85,38225.0,35920.0,37568.68,67587.372495,1530915.0,2634.31,2802.99,2550.0,2706.22,970070.53563,1349232.0,30.931,35.129,30.402,33.994,4549289.133,257770.0,0.0001,0.0001,0.0001,704765000000.0,315048918939.3085,9338716389.757544,23.0,41.9713,18.6765,1635922584515.64,112534285923.18,949304045996.08,77918187320.33
2021-06-03,37568.68,39476.0,37170.0,39246.79,75889.106011,1949658.0,2706.21,2891.95,2662.4,2857.25,1024290.89423,1620340.0,33.994,41.523,33.736,39.602,7862225.094,502187.0,0.0001,0.0001,0.0001,733280000000.0,331975922462.837,10877398807.936775,24.0,41.5796,18.5792,1693469168939.95,111189461700.3,989331754334.22,78124607667.27
2021-06-04,39246.78,39289.07,35555.15,36829.0,91317.799245,1926311.0,2857.25,2860.0,2552.0,2689.51,1188314.11191,1775946.0,39.599,39.737,34.187,37.338,8825815.938,583340.0,0.00013522,0.0001,0.0001,690700000000.0,312347942010.27936,10232571006.61394,27.0,41.5235,18.76,1767339896058.76,112999898117.23,1033478837795.71,77566401342.67
2021-06-05,36829.15,37925.0,34800.0,35513.2,70459.62149,1463754.0,2689.54,2816.87,2552.23,2627.73,961824.12413,1670498.0,37.356,42.787,36.982,39.633,8654823.195,626772.0,0.0001,0.0001,0.0001,663111000000.0,302591684255.8591,10641351697.587,24.0,41.6159,18.8108,1660961801310.91,129514217618.62,969738182081.02,87635372729.66
2021-06-06,35516.07,36480.0,35222.0,35796.31,47650.206637,993430.0,2627.63,2745.0,2614.0,2711.92,673792.69369,1336460.0,39.663,43.4,38.912,42.205,6151664.294,396217.0,0.0001,0.0001,0.0001,668965000000.0,314374548374.0545,11501780252.18626,17.0,41.2765,18.9301,1612808480193.27,103981945713.85,947096814967.54,68040335430.65
2021-06-07,35796.31,36900.0,33300.0,33552.79,77574.952573,1532260.0,2711.92,2847.55,2570.0,2592.05,1152128.07856,1926275.0,42.2,44.2,37.8,38.235,8050031.335,532459.0,0.0001,0.0001,0.0001,631622000000.0,302102920285.23645,10591724651.20444,15.0,41.0008,19.2519,1636932562394.85,78104697076.19,965777804756.35,49189303423.4
2021-06-08,33556.96,34068.01,31000.0,33380.81,123251.189037,2074885.0,2592.05,2620.99,2304.91,2507.23,1693747.42759,2128256.0,38.2,42.596,33.6,41.245,16902544.675,963195.0,7.005000000000001e-05,0.0001,0.0001,626970000000.0,292713796763.99225,11335741065.47556,13.0,41.0136,19.6462,1533003950260.85,98361534914.85,904263506881.11,64681048837.51
2021-06-09,33380.8,37534.79,32396.82,37388.05,136607.597517,2601479.0,2507.43,2626.63,2405.28,2610.18,1276718.24011,1763686.0,41.245,44.0,39.291,42.032,10764252.936,731919.0,-3.4129999999999993e-05,0.0001,-2.2216666666666663e-05,700011000000.0,302808431968.2496,11478258530.040026,14.0,41.1667,19.2061,1522153846982.68,136894406682.96,895532889200.6,86995067207.24
2021-06-10,37388.05,38491.0,35782.0,36675.72,109527.284943,2231430.0,2610.2,2624.46,2425.11,2471.09,741237.49926,978237.0,42.032,43.097,39.459,41.105,5155108.071,354655.0,-2.55333333333333e-06,0.0001,0.0001,689795000000.0,288402172775.1121,11228674979.74937,21.0,42.8766,18.5877,1630806890792.87,129462236711.36,931572386735.3,75466984235.94
2021-06-11,36677.83,37680.4,35936.77,37331.98,78466.0053,1727645.0,2471.01,2497.99,2321.37,2354.01,587364.27358,885172.0,41.091,41.376,35.074,36.157,4760990.078,311982.0,5.796e-05,9.561e-05,0.0001,696554000000.0,272586196607.90952,9796955525.78288,21.0,43.5877,18.2058,1578378270924.34,103511580627.46,890398952617.92,59882835651.96
2021-06-12,37331.98,37463.63,34600.36,35546.11,87717.54999,1719650.0,2354.09,2454.53,2256.22,2370.74,767439.4984,1127302.0,36.131,37.64,34.1,36.476,5196242.998,312291.0,4.68666666666667e-06,0.0001,0.0001,668176000000.0,276780659548.7467,10027874023.173653,28.0,45.0222,17.6259,1551277554865.42,91340482256.6,852858521611.25,52652048046.52
2021-06-13,35546.12,39380.0,34757.0,39020.57,86921.025555,1894103.0,2370.64,2548.41,2308.41,2509.33,715948.75986,1217504.0,36.492,39.442,34.72,38.706,4063329.112,266808.0,1.9776666666666663e-05,0.0001,0.0001,729206000000.0,291207119551.7317,10536436568.418451,23.0,43.8802,18.1868,1517151283644.55,89266077914.49,851422321287.49,51323431905.55
2021-06-14,39020.56,41064.05,38730.0,40516.29,108522.391949,2185089.0,2509.33,2609.17,2461.0,2580.77,684183.55622,1118498.0,38.713,40.561,36.627,39.694,4590144.279,322569.0,5.618666666666667e-05,7.928333333333334e-05,0.0001,757905000000.0,299659402440.1484,10779218120.981611,28.0,44.9064,17.8991,1629650696539.94,90707282874.04,897832673168.45,50085858489.05
2021-06-15,40516.28,41330.0,39506.4,40144.04,80679.622838,1931890.0,2580.58,2640.0,2507.7,2543.54,599826.64933,1044834.0,39.7,41.741,39.154,39.536,3725999.561,278396.0,9.334e-05,0.0001,0.0001,754175000000.0,296867703454.49695,10820479046.162985,38.0,45.216,17.8625,1671750632515.21,100186848860.97,915852288158.13,52033487149.18
2021-06-16,40143.8,40527.14,38116.01,38349.01,87771.976937,2134897.0,2543.55,2556.19,2351.18,2367.89,624741.78358,896073.0,39.513,41.75,37.455,39.728,5055331.868,370363.0,0.0001,0.0001,0.0001,716940000000.0,274601356712.68207,10756555403.279251,33.0,45.5713,17.9225,1651468714192.19,89186212915.63,898873674694.08,48980976829.84
2021-06-17,38349.0,39559.88,37365.0,38092.97,79541.307119,1620210.0,2368.02,2460.5,2306.0,2373.28,560667.58566,961448.0,39.73,41.264,38.211,39.265,3274621.978,240293.0,0.0001,0.0001,0.0001,712343000000.0,275492310822.358,10672259087.268885,26.0,45.2909,17.3604,1586167060397.71,88200900526.0,867777950595.28,48988294771.77
2021-06-18,38092.97,38202.84,35129.29,35819.84,95228.042935,1809253.0,2373.28,2378.0,2139.0,2234.09,778905.20197,1067542.0,39.259,39.502,34.898,36.82,3777138.806,220838.0,5.229e-05,6.323666666666667e-05,0.0001,669196000000.0,258793920980.74945,9983199048.764711,25.0,45.0277,17.4238,1585439969106.78,79991535301.96,871552922769.48,42887371686.98
2021-06-19,35820.48,36457.0,34803.52,35483.72,68712.449461,1212278.0,2234.09,2278.82,2161.67,2164.67,496872.24997,763820.0,36.802,37.318,34.901,35.19,2216638.028,144081.0,-2.390333333333333e-05,-2.793e-05,8.428666666666668e-05,666258000000.0,253027091156.4564,9632639952.196,23.0,44.8044,17.3424,1499518129332.01,83144013075.39,827667893484.64,46924794416.08
2021-06-20,35483.72,36137.72,33336.0,35600.16,89878.17085,1691871.0,2165.34,2280.01,2040.68,2243.47,743883.64741,1035537.0,35.195,35.949,31.3,35.257,3938821.53,272007.0,5.210000000000004e-06,-6.344666666666667e-05,-3.041333333333333e-05,667104000000.0,260958401602.146,9594667732.385143,21.0,45.1011,17.0992,1477596721768.39,68649065199.63,811183959984.11,37449715455.93
2021-06-21,35600.17,35750.0,31251.23,31608.93,168778.873159,2688993.0,2243.49,2260.16,1865.54,1885.49,1629819.66576,2014010.0,35.248,35.499,25.925,26.59,8213916.627,471372.0,-3.8236666666666666e-05,-3.415333333333333e-05,-5.5830000000000006e-05,594328000000.0,221156818907.246,7316362119.169698,23.0,44.7603,17.5111,1492167308397.19,81971253320.94,824269410176.37,45323480153.99
2021-06-22,31614.12,33298.78,28805.0,32509.56,204208.179762,3113977.0,1885.27,1998.0,1700.48,1879.28,1695338.08052,1856357.0,26.597,28.813,20.187,26.958,15788825.956,745380.0,-4.9530000000000015e-05,4.558333333333333e-05,-0.00023652,607081000000.0,217368048857.9589,7204201287.289723,10.0,46.4365,17.2064,1276173404169.88,126542176910.78,683563733116.34,73730772228.68
2021-06-23,32509.56,34881.0,31683.0,33678.07,126966.100563,2026228.0,1879.29,2045.0,1821.95,1968.14,918612.30494,1141790.0,26.957,32.9,25.626,30.837,11966311.253,581052.0,-0.0001117366666666,-3.917333333333333e-05,-0.00020527,629888000000.0,228391682192.211,8364897873.101944,14.0,47.5107,17.0492,1282593465902.12,143327708005.56,673224397980.33,84340050689.7
2021-06-24,33675.07,35298.0,32286.57,34663.09,86625.80426,1531230.0,1967.95,2036.61,1884.79,1989.52,701231.67478,833337.0,30.835,33.0,28.481,31.141,7214092.912,347281.0,-5.549333333333333e-05,5.189333333333333e-05,-0.0001592233333333,649558000000.0,231276342692.10727,8598013261.4224,22.0,46.649,16.9384,1353218312400.25,103823866640.3,721956116886.44,62042837932.93
2021-06-25,34663.08,35500.0,31275.0,31584.45,116061.130356,2094932.0,1989.53,2019.99,1791.22,1808.82,858808.54767,1041338.0,31.144,32.989,27.949,28.641,7293143.176,363124.0,7.457333333333334e-05,9.069e-05,2.376e-05,593814000000.0,211645935156.2448,7873278353.067232,27.0,46.6353,16.6332,1394656334645.45,78900934271.92,744253609959.32,45723108591.5
2021-06-26,31576.09,32730.0,30151.0,32283.65,107820.375287,1814051.0,1808.97,1852.8,1717.32,1829.64,832315.14904,923226.0,28.619,30.181,26.659,29.698,6492984.234,285933.0,-0.00011507,-5.507e-05,-8.012e-05,597720000000.0,209823786909.9196,7929658381.434444,20.0,46.3339,16.4985,1278048997056.57,93436258117.52,685878906271.85,53219504556.91
2021-06-27,32283.65,34749.0,31973.45,34700.34,96613.244211,1799875.0,1829.84,1984.5,1804.26,1982.28,696055.79307,1091206.0,29.691,31.95,29.186,31.897,5851211.914,286416.0,-0.00034195,-0.0001569666666666,3.0776666666666666e-05,646766000000.0,228777127664.6652,8584369273.446173,22.0,46.6459,16.4185,1295821836507.49,83877945727.84,691374517233.44,45375213737.28
2021-06-28,34702.49,35297.71,33862.72,34494.89,82222.267819,1868627.0,1982.27,2145.0,1960.52,2084.41,1044244.68308,1657087.0,31.883,34.34,30.961,33.001,4996728.013,280145.0,3.4660000000000004e-05,1.1103333333333334e-05,0.0001,644337000000.0,242168915672.99268,8984292966.668694,25.0,47.0475,16.7025,1381613853117.83,75782275348.9,731599656902.44,40265730422.48
2021-06-29,34494.89,36600.0,34225.43,35911.73,90788.79622,1673802.0,2084.42,2245.0,2073.57,2165.33,831257.23277,1536044.0,33.018,35.837,32.665,33.97,4476285.792,276281.0,7.409666666666667e-05,9.113333333333331e-06,5.062e-05,673551000000.0,252763171389.7162,9338085365.64736,25.0,46.2802,17.3703,1395514135235.1,81339006029.05,749667037972.85,47686386795.45
2021-06-30,35911.72,36100.0,34017.55,35045.0,77152.197634,1301036.0,2165.46,2287.78,2087.99,2275.68,910583.6032,1464112.0,33.974,36.0,31.555,35.51,5361423.665,310774.0,0.0001,0.0001,0.0001,657295000000.0,264707059931.8276,9734826784.428448,28.0,46.2959,17.3452,1453057024141.87,92506924538.53,780351367877.88,54648196090.08
2021-07-01,35045.0,35057.57,32711.0,33504.69,71708.266112,1240681.0,2275.68,2275.93,2073.12,2106.41,787865.25137,1414518.0,35.51,35.567,32.17,33.271,4488924.899,263111.0,0.0001,8.284333333333334e-05,9.608e-05,628065000000.0,246362916660.9373,9128598064.902351,28.0,45.4903,18.354,1443740569103.02,89429950138.79,786979055819.38,55372973487.49
2021-07-02,33502.33,33977.04,32699.0,33786.55,56172.181378,1176457.0,2106.41,2160.0,2018.5,2154.13,672282.37476,862561.0,33.27,34.217,31.367,34.0,4324198.276,220159.0,2.0390000000000003e-05,-5.742333333333332e-05,0.0001,633293000000.0,250520854297.1321,9218768913.162472,21.0,45.4476,17.7656,1383828223983.63,84802808105.89,754911008865.32,46952087350.35
2021-07-03,33786.54,34945.61,33316.73,34669.13,43044.578641,1078278.0,2153.95,2240.0,2112.01,2226.99,569264.801,922576.0,34.001,35.406,33.217,34.498,3063406.141,177709.0,-4.962e-05,2.040333333333333e-05,0.0001,648408000000.0,258229918660.1462,9368089850.000313,24.0,45.3615,17.9148,1399096678469.44,78268790328.77,764445005396.07,39546773981.36
2021-07-04,34669.12,35967.85,34357.15,35286.51,43703.475789,1164970.0,2226.99,2389.93,2189.58,2322.69,590656.25069,1204553.0,34.497,35.531,33.533,34.28,2972213.418,175443.0,-2.5356666666666664e-05,0.0001,0.0001,662822000000.0,271081287091.86084,9378389773.484264,27.0,45.3256,18.0985,1433810438951.76,60476741421.23,783926670675.12,36096858574.9
2021-07-05,35288.13,35293.78,33125.55,33690.14,64123.874245,1109367.0,2322.69,2324.64,2157.32,2196.53,781806.31605,1264204.0,34.278,34.49,32.37,32.908,3008984.082,162015.0,3.186666666666667e-05,6.607333333333334e-05,0.0001,635778000000.0,258607334797.16888,9023638371.691223,29.0,45.0946,18.4496,1466939884287.63,63819227568.74,805429453609.16,38892203319.35
2021-07-06,33690.15,35118.88,33532.0,34220.01,58210.596349,1184687.0,2196.85,2350.0,2193.0,2322.5,785330.17152,1326163.0,32.908,35.041,32.883,34.226,3289698.061,184809.0,-6.678e-05,2.8496666666666664e-05,0.0001,639785000000.0,270233436808.1793,9316343014.49674,20.0,44.8845,18.1888,1408670057645.14,69049295622.53,776395562910.44,42344770362.31
2021-07-07,34220.02,35059.09,33777.77,33862.12,53807.521675,1041416.0,2322.51,2409.0,2291.9,2316.57,666501.35572,1113578.0,34.221,38.1,33.82,36.673,4609258.553,315663.0,2.2126666666666663e-05,7.680666666666666e-05,0.0001,636208000000.0,270144856301.14087,9980311577.364475,28.0,44.3434,18.7164,1447160819009.8,75267273556.26,805440025380.48,48759252380.13
2021-07-08,33862.11,33929.64,32077.0,32875.71,70136.48032,1257892.0,2316.25,2325.6,2084.79,2116.33,880265.04124,1234614.0,36.667,36.934,32.654,33.142,4495022.54,248044.0,-0.0001103366666666,5.854666666666667e-05,0.0001,615385000000.0,247070410897.9537,9076311165.325384,20.0,44.0697,18.7442,1441909752646.65,75072129288.99,806464179972.39,50268606833.73
2021-07-09,32875.71,34100.0,32261.07,33815.81,47153.939899,1236351.0,2116.32,2189.4,2046.51,2146.99,738611.36304,867603.0,33.134,34.46,31.976,33.315,2810263.602,153484.0,-0.00015698,7.490333333333333e-05,7.524333333333333e-05,635950000000.0,251162680519.6578,9113803828.244848,20.0,44.8654,17.9627,1373437544731.84,80965213324.67,757239112168.53,51050155312.08
2021-07-10,33815.81,34262.0,33004.78,33502.87,34761.175468,865508.0,2146.99,2194.82,2074.16,2110.69,499071.85904,646476.0,33.315,34.215,31.025,31.693,2838074.586,153306.0,2.612666666666667e-05,0.0001,0.0001,630279000000.0,246910154478.39865,8684656084.699978,20.0,45.1092,17.8151,1405548705051.49,74506102125.69,771516489076.42,47083941792.96
2021-07-11,33502.87,34666.0,33306.47,34258.99,31572.647448,952891.0,2110.68,2174.0,2081.02,2140.45,342294.40302,479138.0,31.716,32.568,31.3,32.182,1944815.804,104563.0,4.804e-05,0.0001,0.0001,642455000000.0,249636374130.61456,8759806058.960562,20.0,45.2282,17.7209,1389401173477.36,60710205299.21,761000421227.04,37740923183.42
2021-07-12,34259.0,34678.43,32658.34,33086.63,48181.403762,1176847.0,2140.54,2167.83,2006.68,2031.58,540630.10742,725803.0,32.173,32.696,30.011,30.77,2251239.269,131789.0,7.438e-05,0.0001,0.0001,621417000000.0,237164062362.54865,8405478303.006086,25.0,45.4364,17.6611,1413837577847.68,52379822196.46,771440114160.05,32269671843.66
2021-07-13,33086.94,33340.0,32202.25,32729.77,41126.361008,956053.0,2031.57,2047.35,1918.0,1940.15,647388.24969,902810.0,30.77,31.096,28.81,29.136,1837132.436,113493.0,6.684e-05,6.188e-05,0.0001,612192000000.0,226295178547.5561,7964610324.697829,20.0,45.4005,17.3425,1368394038633.56,63045285332.24,747135810919.1,38722144935.8
2021-07-14,32729.12,33114.03,31550.0,32820.02,46777.823484,1123129.0,1940.44,2019.18,1865.0,1994.58,690505.60937,936438.0,29.154,31.5,27.363,31.365,3434185.178,189105.0,-1.4533333333333308e-06,6.15e-05,0.0001,615152000000.0,232481722882.2172,8479140687.195778,21.0,45.8803,16.9315,1337726918122.82,59177331833.44,723974005401.8,40057702173.3
2021-07-15,32820.03,33185.25,31133.0,31880.0,51639.576353,1099367.0,1994.41,2042.88,1881.0,1919.51,645271.32563,865033.0,31.365,31.485,27.975,28.545,3643011.529,277654.0,2.2310000000000005e-05,8.551666666666668e-05,0.0001,594731000000.0,223223253704.57028,7754404925.474668,20.0,45.7574,17.2979,1345660454551.38,65556803013.86,729921766516.84,44181222809.78
2021-07-16,31874.49,32249.18,31020.0,31383.87,48499.864154,1067591.0,1919.54,1965.0,1850.0,1876.26,577068.89724,721120.0,28.562,29.478,26.196,26.271,2923575.792,163500.0,-1.4503333333333332e-05,8.928333333333334e-05,0.0001,590030000000.0,219191266321.28915,7188452356.353714,22.0,45.7394,17.1299,1305800227300.81,66098805742.36,708534939339.64,44755908430.98
2021-07-17,31383.86,31955.92,31164.31,31520.07,34012.242132,883442.0,1876.47,1919.19,1844.45,1899.59,430300.51578,576008.0,26.269,27.836,25.979,26.802,2122389.101,111395.0,2.674e-05,8.437666666666667e-05,0.0001,591789000000.0,221417439640.88968,7288754080.594779,15.0,46.1523,17.1669,1276125597537.53,65003817060.75,687164301923.36,41324922143.4
2021-07-18,31520.07,32435.0,31108.97,31778.56,35923.716186,760979.0,1899.5,1993.79,1877.1,1891.64,534837.63654,768528.0,26.789,27.756,26.233,26.673,1727601.788,88722.0,5.188666666666667e-05,0.0001,0.0001,594815000000.0,220943143877.2812,7280945017.5076065,19.0,46.9857,17.6185,1259003870112.32,54570461067.46,667452063906.51,35671462192.64
2021-07-19,31778.57,31899.0,30407.44,30839.65,47340.468499,846029.0,1891.65,1919.0,1805.0,1818.73,547419.93771,641063.0,26.679,26.71,23.975,24.509,3131177.977,147156.0,-1.8523333333333333e-05,3.996666666666666e-06,0.0001,579380000000.0,212740140345.97263,6712818448.524618,24.0,46.1019,17.0791,1294032244032.82,52262113679.86,697458855394.19,33472857794.21
2021-07-20,30839.65,31063.07,29278.0,29790.35,61034.049017,1062139.0,1818.73,1841.34,1706.0,1786.03,786257.272,943640.0,24.524,24.982,22.1,23.474,3555428.542,160712.0,-0.0001573166666666,-0.0001629766666666,-7.579999999999996e-06,558460000000.0,208458695314.2616,6430527363.993595,19.0,46.4633,17.0573,1245202814756.7,56374562154.26,666640934338.66,35936980019.86
2021-07-21,29790.34,32858.0,29482.61,32144.51,82796.265128,1415058.0,1786.03,2035.23,1747.55,1995.5,1115949.82033,1304423.0,23.484,27.461,22.8,26.7,4561993.007,243848.0,-0.0003144066666666,-0.0001806066666666,-6.433333333333345e-07,602630000000.0,231855750187.41205,7227437218.804722,10.0,46.4055,17.3151,1204677240889.18,66023270004.43,645640461034.97,42880152917.41
2021-07-22,32144.51,32591.35,31708.0,32287.83,46148.092433,1000742.0,1995.5,2046.0,1947.62,2024.56,768854.3659,1074800.0,26.706,28.17,25.91,27.699,2643783.144,161799.0,-4.508333333333333e-05,0.0001,0.0001,606173000000.0,236020266918.83423,7542118021.199174,21.0,46.1027,17.8114,1307987250061.45,81890599530.35,704969211262.43,53678283037.96
2021-07-23,32287.58,33650.0,31924.32,33634.09,50112.863626,1394786.0,2024.27,2130.9,1993.22,2124.25,708160.91322,1035643.0,27.7,28.713,26.385,28.516,3040520.321,173337.0,-5.877e-05,9.547666666666667e-05,0.0001,627456000000.0,246768914672.90955,7695743014.355741,23.0,45.7523,17.8527,1324921902082.75,64743820281.67,718739157537.13,45191113846.63
2021-07-24,33634.1,34500.0,33401.14,34258.14,47977.550138,1196914.0,2124.26,2199.5,2105.58,2184.75,633075.18592,1056670.0,28.53,29.548,28.013,28.616,2678108.81,177805.0,-0.0001040933333333,5.795333333333334e-05,0.0001,641133000000.0,254579269015.9665,7788633714.842182,22.0,45.9133,18.071,1372969711997.31,70364952896.46,742593457695.48,47797240551.4
2021-07-25,34261.51,35398.0,33851.12,35381.02,47852.928313,1245775.0,2184.9,2197.41,2105.93,2189.79,535630.27,941623.0,28.626,28.898,26.5,28.248,2350991.534,149087.0,-0.0001753033333333,4.482666666666667e-05,0.0001,659050000000.0,255555842038.1829,7645603446.586552,27.0,45.8902,18.222,1402256802749.15,73527008222.34,758758489544.13,51866291397.58
2021-07-26,35381.02,40550.0,35205.78,37237.6,152452.512724,3330102.0,2189.82,2433.65,2171.57,2228.08,1393738.163,2252910.0,28.247,31.115,27.83,28.184,6221691.897,372668.0,-0.0001161366666666,0.0001,0.0001,702713000000.0,261861090746.45728,7721007431.119799,26.0,46.5584,17.9517,1426244767009.43,65901911221.67,762207716379.49,45033406822.75
2021-07-27,37241.33,39542.61,36383.0,39457.87,88397.267015,1938478.0,2227.81,2319.26,2150.5,2299.49,906359.23478,1502763.0,28.183,28.95,26.893,28.103,3008374.757,163548.0,5.917333333333334e-05,0.0001,0.0001,734311000000.0,267157071638.9964,7607202070.206402,32.0,47.4942,17.6925,1472981630084.41,130817047763.4,773401312782.42,79838272460.81
2021-07-28,39456.61,40900.0,38772.0,40019.56,101344.528441,2631048.0,2299.47,2345.0,2243.15,2300.9,718202.57727,1287050.0,28.119,28.76,27.354,27.875,2329901.559,146025.0,5.987666666666667e-05,8.539333333333333e-05,0.0001,749605000000.0,268449455274.12936,7578374974.705768,50.0,48.2187,17.4971,1537614832648.81,97846185317.39,796196329205.44,62705249456.67
2021-07-29,40019.57,40640.0,39200.0,40016.48,53998.439283,1428738.0,2300.9,2400.0,2266.12,2382.92,499364.83496,1036449.0,27.891,31.888,27.319,31.235,3692050.445,252230.0,6.589666666666666e-05,8.574333333333333e-05,0.0001,752403000000.0,278697938206.3093,8568755164.863727,50.0,48.3594,17.31,1552331698844.43,92964434201.17,801633583097.35,54281773038.83
2021-07-30,40018.49,42316.71,38313.23,42206.37,73602.784805,1797012.0,2382.93,2471.7,2315.92,2461.81,762577.28797,1428312.0,31.238,33.084,29.91,32.354,4970660.009,330552.0,5.874333333333334e-05,0.0001,0.0001,784419000000.0,286543547319.3585,8771473519.319448,53.0,47.8309,17.7298,1570822811697.76,75178917742.71,819484214172.65,48005744597.65
2021-07-31,42206.36,42448.0,41000.15,41461.83,44849.791012,1565380.0,2461.77,2553.86,2420.68,2531.05,507601.05026,1007386.0,32.354,37.004,31.653,36.744,4320145.537,344714.0,0.0001,0.0001,0.0001,784530000000.0,297456298847.72626,9926121461.771236,60.0,48.4894,17.6277,1634296830979.41,88471091517.98,841835302876.58,55374583265.08
2021-08-01,41461.84,42599.0,39422.01,39845.44,53953.186326,1603964.0,2531.1,2697.61,2511.24,2555.69,853495.94078,1810440.0,36.742,36.822,33.165,34.165,3490975.158,263547.0,0.0001,0.0001,0.0001,750324000000.0,299753588681.0072,9317185571.263588,60.0,47.5896,18.0899,1635499465717.85,75378684765.9,857172163107.64,49589151133.14
2021-08-02,39850.27,40480.01,38690.0,39147.82,50837.351954,1162878.0,2555.5,2666.0,2507.0,2606.93,726701.84952,1596914.0,34.178,35.95,33.0,33.167,3105881.294,231008.0,0.0001,0.0001,0.0001,737883000000.0,306254400700.593,9093215890.443544,48.0,46.7104,18.6462,1605291730562.67,82987225975.1,855454161215.38,56327603810.37
2021-08-03,39146.86,39780.0,37642.03,38207.05,57117.435853,1379871.0,2606.92,2632.44,2442.32,2509.04,792960.84375,1701919.0,33.177,35.9,32.327,34.105,3490191.638,258744.0,0.0001,6.919666666666667e-05,0.0001,718855000000.0,293877809589.57086,9331842393.138288,48.0,45.9907,19.0772,1599832267571.21,77237872681.51,864057592807.77,51644523064.76
2021-08-04,38207.04,39969.66,37508.56,39723.18,52329.35243,1220555.0,2508.51,2772.71,2457.68,2724.78,954590.7536,1839302.0,34.094,36.658,33.236,35.76,2847838.669,228451.0,7.090666666666667e-05,6.554333333333333e-05,0.0001,746778000000.0,319059704008.6274,9783131716.400404,42.0,45.8815,18.7494,1562901785892.3,78104822543.75,845818943787.06,51925334197.39
2021-08-05,39723.17,41350.0,37332.7,40862.46,84343.755621,1913281.0,2724.55,2843.98,2529.91,2826.99,1307720.20654,2690052.0,35.757,38.267,35.5,37.353,4059371.083,344784.0,0.0001,0.0001,0.0001006466666666,768738000000.0,330512670044.85046,10223526577.942514,50.0,45.6193,19.4909,1635780430423.28,81014998384.55,889548189103.1,55651510671.05
2021-08-06,40862.46,43392.43,39853.86,42836.87,75753.941347,2223356.0,2827.01,2946.75,2720.06,2891.58,825399.48637,1873337.0,37.354,40.4,35.611,39.525,3951317.574,314800.0,0.0001,0.0001,0.0001,803493000000.0,337861305874.0871,10779537579.25057,52.0,45.7286,19.7119,1678061403940.65,99435926118.23,910707450804.41,64249796797.13
2021-08-07,42836.87,44700.0,42446.41,44572.54,73396.740808,2258213.0,2891.54,3171.0,2865.5,3160.31,1205277.10095,2318608.0,39.502,40.5,37.502,39.469,3561767.701,281258.0,0.0001,0.00012734,0.0002983566666666,835356000000.0,367775945502.3324,10723543863.353333,69.0,46.3415,19.4928,1735655255290.46,100225078506.64,931326308289.5,62000645855.67
2021-08-08,44572.54,45310.0,43261.0,43794.37,69329.092698,1857112.0,3160.48,3189.99,2949.03,3011.85,966349.70579,1771162.0,39.454,39.549,36.896,37.65,2030535.723,166083.0,0.0001,0.00011209,0.0002623833333333,825776000000.0,354241101282.6027,10336903345.66075,74.0,45.6989,20.1943,1831731527441.35,120756240043.19,994650894924.8,80737422488.31
2021-08-09,43794.36,46454.15,42779.0,46253.4,74587.884845,2130595.0,3011.84,3186.0,2893.23,3160.52,1129584.61614,2114151.0,37.653,39.999,36.351,38.646,2128198.741,194058.0,0.0001,0.0001513166666666,0.0001074433333333,868889000000.0,369603194379.9655,10570975242.007996,65.0,46.347,19.8696,1774501349978.63,105730122702.38,952072530991.34,69428732904.74
2021-08-10,46248.87,46700.0,44589.46,45584.99,53814.643421,1951330.0,3160.51,3233.0,3051.22,3141.66,880675.74443,1824522.0,38.646,41.678,38.183,40.64,2603195.665,287480.0,0.0001,0.0002191133333333,0.0001868666666666,854340000000.0,367706310743.65497,11053957996.375568,71.0,46.6252,19.8579,1864264417198.56,111432014017.97,995047063361.63,72703570466.86
2021-08-11,45585.0,46743.47,45341.14,45511.0,52734.901977,1862925.0,3141.14,3274.0,3120.27,3160.5,732546.60433,1786853.0,40.639,43.729,40.605,41.621,2512250.555,297388.0,0.0001,0.0002628666666666,0.0002971899999999,857913000000.0,370893941351.60895,11416601890.287443,70.0,45.8055,19.6748,1869799155703.19,107126726065.94,1013328414796.88,73576870642.23
2021-08-12,45510.67,46218.12,43770.0,44399.0,55266.108781,1623329.0,3160.4,3239.0,2979.29,3045.96,737628.45808,1587719.0,41.619,43.401,39.316,41.102,2413664.412,247558.0,0.0001,0.0001406233333333,0.0001892066666666,834088000000.0,355658382638.0473,11679184774.667185,70.0,45.0171,19.4785,1901686429134.03,125916640589.3,1045602531800.43,91606631047.27
2021-08-13,44400.06,47886.0,44217.39,47800.0,48239.370431,1804716.0,3046.11,3327.83,3033.8,3322.32,579333.40323,1311322.0,41.105,44.911,40.668,44.83,2281339.99,262966.0,0.0001,0.00020732,0.0001100266666666,896339000000.0,388297302188.67017,12661538018.638737,70.0,44.9232,19.211,1858196176272.52,119046367159.67,1023435165395.2,85317074633.16
2021-08-14,47799.99,48144.0,45971.03,47068.51,46114.359022,1849556.0,3322.33,3330.98,3200.0,3263.16,486102.53787,1014420.0,44.859,44.874,42.727,44.14,1548818.722,169775.0,0.0001,0.00028897,0.0001706299999999,885236000000.0,382778287525.77625,12541500226.943892,76.0,44.7894,19.403,2005227678476.43,106841841663.6,1107098812288.54,75104410612.64
2021-08-15,47068.5,47372.27,45500.0,46973.82,42110.711334,1580122.0,3263.16,3320.0,3111.13,3307.09,565579.67765,1224556.0,44.124,54.8,43.361,53.531,6264283.565,762990.0,0.0001,0.00020921,0.0002988033333333,884349000000.0,387713411386.1756,15309321260.366028,71.0,44.2688,19.1384,1998619494676.87,110602206348.3,1113854744167.3,79386058679.18
2021-08-16,46973.82,48053.83,45660.0,45901.29,52480.574014,1655378.0,3307.35,3335.0,3135.22,3146.53,635667.05422,1940766.0,53.515,69.132,52.269,62.016,15014364.928,1780255.0,0.00011308,0.0001526433333333,0.0005902933333333,863930000000.0,369843079099.8949,17959469174.46892,72.0,43.7686,19.2045,2018285326179.09,111808041373.53,1134910451179.79,80825977065.86
2021-08-17,45901.3,47160.0,44376.0,44695.95,57039.341629,1781303.0,3147.18,3290.0,2991.89,3011.72,804996.06971,1644472.0,62.042,75.155,58.822,64.123,14953825.95,1623203.0,0.0001,0.0001,0.0006424233333333,840103000000.0,353814228931.9481,18575734270.2987,72.0,43.8888,18.7593,1966489225457.42,119834487459.51,1103421624421.24,87076788923.37
2021-08-18,44695.95,46000.0,44203.28,44705.29,54099.415985,1656723.0,3011.73,3125.81,2950.0,3014.55,625103.25568,1093813.0,64.135,80.5,59.722,72.663,15022132.453,2024408.0,0.0001,0.0001,0.0001,844667000000.0,356286406901.2662,21204484058.98061,73.0,44.2341,18.5887,1898164006594.37,124747048015.51,1058529005269.07,91296401672.72
2021-08-19,44699.37,47033.0,43927.7,46760.62,53411.75392,1774382.0,3014.18,3188.0,2958.33,3184.12,634769.92174,1297759.0,72.659,75.436,68.24,72.764,7819221.598,1229491.0,0.0001,0.0001,0.0002445366666666,876507000000.0,371868795447.2904,20909798064.86748,70.0,43.8868,18.4652,1915630974639.44,115320635254.52,1074922038164.7,83117234161.87
2021-08-20,46760.62,49382.99,46622.99,49322.47,56850.352228,1950404.0,3184.11,3300.0,3177.16,3284.82,558127.4554,1137843.0,72.8,80.0,70.873,78.643,5705076.722,779153.0,0.0001192033333333,0.0002501666666666,0.0004180566666666,925285000000.0,384117812649.5508,22464863365.11757,70.0,43.5597,18.4994,2015577125330.44,115136959521.11,1137597442512.88,77921283618.62
2021-08-21,49322.47,49757.04,48222.0,48821.87,46745.136584,2069725.0,3284.81,3309.16,3207.0,3223.43,421156.09084,777622.0,78.684,82.0,72.6,73.801,5131799.362,1226816.0,0.00015569,0.0001891533333333,0.0004496133333333,922139000000.0,379072829731.0852,21295355046.01862,78.0,44.0293,18.2959,2105331098043.51,110968374364.09,1178368737468.62,76259695955.61
2021-08-22,48821.88,49500.0,48050.0,49239.22,37007.887795,1610192.0,3223.36,3272.0,3126.42,3238.0,406479.07654,803263.0,73.852,77.6,71.244,72.775,2862187.053,487572.0,0.0001160433333333,0.0001688866666666,0.0001905733333333,927700000000.0,380427079349.73206,20987104399.1416,76.0,44.1375,18.1719,2080789866038.47,110777880609.12,1162381501250.65,70193984975.89
2021-08-23,49239.22,50500.0,49029.0,49488.85,52462.541954,2143309.0,3238.0,3377.89,3230.02,3321.28,602103.44614,1520784.0,72.751,76.81,71.545,75.623,4150780.595,562013.0,0.0002438766666666,0.0005289433333333,0.0003036933333333,932026000000.0,389466640631.18616,21698720386.430176,79.0,44.0459,18.0642,2103254071104.22,91573004077.69,1176855836685.37,66211614672.14
2021-08-24,49488.85,49860.0,47600.0,47674.01,51014.594748,1692896.0,3321.28,3357.85,3147.31,3170.62,540480.07853,984324.0,75.647,79.45,68.5,70.527,6792636.137,1023089.0,0.0002688266666666,0.0003964133333333,0.0004510933333333,900793000000.0,373213236497.1329,20621256356.1218,79.0,43.3802,18.1507,2147406305136.86,117101255882.68,1215857564125.55,82788477741.51
2021-08-25,47674.01,49264.3,47126.28,48973.32,44655.830342,1559186.0,3170.63,3248.0,3080.0,3226.87,483697.69444,1031704.0,70.519,72.83,66.03,71.973,5069064.804,784266.0,0.0001318933333333,0.00015487,0.0001,921072000000.0,378543390402.39246,20827287426.65421,73.0,43.8161,18.1809,2046971679006.08,121023640490.24,1150068252533.58,85664906464.22
2021-08-26,48973.32,49352.84,46250.0,46843.87,49371.277774,1532753.0,3226.88,3250.0,3053.3,3093.2,442298.47372,959232.0,71.982,78.3,66.2,74.92,6563670.747,1271220.0,0.00013955,0.0001,0.0001,887061000000.0,365910514350.0602,22104718578.373768,75.0,43.9075,18.0433,2096980430009.91,114018305922.75,1176249099961.73,81368715540.27
2021-08-27,46843.86,49149.93,46348.0,49069.9,42068.104965,1320503.0,3093.06,3280.0,3060.18,3273.45,451027.80711,802187.0,74.92,88.92,72.55,87.98,8785637.093,1577400.0,0.0001,0.0001,0.0001,922034000000.0,383474900636.0345,25619889707.30421,71.0,44.1451,18.186,1997932828867.22,109238518117.74,1115944297072.11,76571875486.03
2021-08-28,49069.9,49299.0,48346.88,48895.35,26681.063786,793012.0,3273.89,3287.0,3210.31,3244.48,262360.34921,539377.0,87.98,97.82,85.59,96.22,5774371.258,1001622.0,0.0002179233333333,0.00011833,9.824666666666668e-05,918393000000.0,380312490004.07605,28251625532.09724,78.0,43.6152,18.1476,2115878389097.14,111371142631.21,1193033489041.26,77011063368.12
2021-08-29,48895.35,49632.27,47762.54,48767.83,32652.283473,1193046.0,3244.75,3285.0,3152.34,3223.47,335806.7827,661232.0,96.17,97.82,90.3,94.23,4171861.65,989890.0,0.0001,0.0001225966666666,0.0001136733333333,920240000000.0,378976854326.7013,27379934119.89839,72.0,43.7106,18.0977,2104359656052.3,91273248703.69,1184530670953.89,62859858180.58
2021-08-30,48767.84,48888.61,46853.0,46982.91,40288.35083,1204012.0,3223.47,3347.95,3143.0,3229.64,625347.27541,1228525.0,94.23,116.84,93.58,110.25,11109542.615,2224836.0,0.0001418333333333,0.0001,0.0001359,886021000000.0,379893741664.9063,32118863092.53552,73.0,43.7601,18.0445,2098254859020.15,91058405993.68,1180057165918.75,65402134402.09
2021-08-31,46982.91,48246.11,46700.0,47100.89,48645.52737,1300400.0,3229.14,3476.0,3188.77,3429.2,863071.13092,1772849.0,110.26,130.11,103.06,108.27,16509565.592,2871556.0,0.0002910366666666,0.00013569,0.0003360966666666,887818000000.0,402649951646.33527,31597866709.698704,73.0,43.1792,18.4906,2046396184884.7,108061739226.31,1162778808027.5,76259147804.13
2021-09-01,47100.89,49156.0,46512.0,48810.52,49904.65528,1280384.0,3429.19,3842.0,3382.22,3826.82,845759.95868,2022132.0,108.27,119.72,105.89,110.71,8028303.79,1369493.0,0.0003528033333333,0.0001,0.0004731966666666,915488000000.0,445158547438.5879,32306499954.6268,71.0,42.3663,19.2064,2090108123816.08,125951816595.65,1204606434112.87,91366862830.52
2021-09-02,48810.51,50450.13,48584.06,49246.64,54410.770538,1549849.0,3826.82,3836.8,3717.04,3785.82,525165.7996,1402190.0,110.71,131.96,109.18,128.23,9206853.472,1937937.0,0.0004887166666666,0.0004481333333333,0.0008790299999999,928335000000.0,444982792779.6674,37257242353.36372,74.0,41.5744,20.3347,2210190743182.79,127041591164.32,1291316189244.51,87934825662.69
2021-09-03,49246.63,51000.0,48316.84,49999.14,59025.644157,1645163.0,3785.82,4027.88,3705.05,3938.11,655903.75739,1678132.0,128.2,148.99,128.12,146.4,11927061.37,2827164.0,0.00035202,0.0004350133333333,0.00054058,937614000000.0,459902963984.13165,42302327413.788925,74.0,41.7002,20.0325,2223262376536.0,124670993995.77,1296156704549.94,85243641475.87
2021-09-04,49998.0,50535.69,49370.0,49915.64,34664.65959,1225830.0,3938.11,3970.0,3832.5,3885.52,364478.1193,996623.0,146.36,150.6,135.73,138.88,6134062.526,1297714.0,0.00024982,0.0007465766666666,0.0006040633333333,938770000000.0,456158761248.5337,40648241743.06091,72.0,41.3877,20.341,2269225310292.2,139914486939.2,1330044657536.35,96891754003.1
2021-09-05,49917.54,51900.0,49450.0,51756.88,40544.835873,1417660.0,3885.61,3980.0,3830.0,3950.29,365759.8597,1083584.0,138.88,144.99,134.74,142.0,4619885.42,998792.0,0.0001,0.00069819,0.0008912266666666,973198000000.0,464238619675.546,41547790176.00181,73.0,41.3648,20.108,2270810366334.45,126030611692.82,1331495073847.66,88764159025.81
2021-09-06,51756.88,52780.0,50969.33,52663.9,49249.667081,1678015.0,3950.28,3970.0,3864.3,3926.77,397768.5783,865160.0,141.98,166.13,136.92,164.22,8435542.353,2114286.0,0.0001559433333333,0.0005710666666666,0.00066491,990045000000.0,461265353502.19885,47758626209.1712,79.0,41.5298,19.774,2343397052207.83,120135090083.38,1370188106529.27,89818592163.62
2021-09-07,52666.2,52920.0,42843.05,46863.73,123048.802719,3321711.0,3926.67,3947.15,3005.0,3434.57,1203536.00209,2359100.0,164.19,195.48,128.01,173.46,24376489.011,5674167.0,0.0001432566666666,0.0004487199999999,0.0001,881270000000.0,403080865360.8774,50867704885.79513,79.0,41.8268,19.4717,2367110899522.54,138337042998.1,1377024467944.85,99431043195.53
2021-09-08,46868.57,47340.99,44412.02,46048.31,65069.3152,1796101.0,3434.84,3560.0,3215.16,3499.0,780611.7657,1783652.0,173.49,198.0,146.5,191.02,16666845.8,3889956.0,0.0001,0.0001,0.0003018033333333,868780000000.0,411925739786.2259,55763217461.46032,47.0,42.2686,19.3518,2084766535702.86,235764136192.61,1203565643548.71,170549161659.52
2021-09-09,46048.31,47399.97,45513.08,46395.14,50651.66002,1567586.0,3499.01,3567.06,3390.4,3424.93,628553.8831,1147283.0,191.02,216.0,180.7,187.9,16349677.82,4246781.0,0.0001,0.0001,0.0001694266666666,873728000000.0,403174866150.8581,55313277437.80391,45.0,41.4216,19.6691,2093266027712.8,182474313876.78,1226202347578.12,133505987711.8
2021-09-10,46395.14,47033.0,44132.29,44850.91,49048.26618,1569941.0,3424.94,3514.11,3150.0,3208.86,633026.2659,1128069.0,187.89,197.41,167.82,179.6,9055410.7,2133353.0,0.0001037166666666,0.0001,0.0002072266666666,842098000000.0,376359800664.1369,52289429627.82778,46.0,41.2805,19.0462,2116290061816.93,145883168099.18,1242675451399.2,107271681001.49
2021-09-11,44842.2,45987.93,44722.22,45173.69,30440.4081,1060890.0,3208.85,3348.37,3200.0,3267.21,413524.1761,833958.0,179.6,193.51,175.14,179.04,6794663.25,1863814.0,0.0001,0.0001,0.00011394,848407000000.0,382868066061.1895,52079973432.73565,31.0,41.4509,18.5325,2038038722056.34,140816757831.17,1193253195613.73,101642517562.72
2021-09-12,45173.68,46460.0,44742.06,46025.24,32094.28052,1179808.0,3267.1,3474.16,3231.1,3404.21,408858.9595,1089138.0,179.05,181.75,170.15,174.29,3661211.64,866622.0,0.0001,0.0001,0.0002152766666666,868805000000.0,401534382020.4393,51464436191.06703,32.0,41.1558,18.5815,2066435429814.47,112978393565.25,1215976765313.78,78691195682.49
2021-09-13,46025.23,46880.0,43370.0,44940.73,65429.15056,1703512.0,3404.3,3430.3,3108.49,3285.35,647855.7199,1363198.0,174.31,175.0,150.3,169.53,8423839.46,1867633.0,0.0001,0.0001,0.00016836,846476000000.0,386520879010.2568,49520025513.0331,44.0,40.839,18.8592,2121600275771.01,106497712540.43,1255160069799.45,78733756879.69
2021-09-14,44940.72,47250.0,44594.44,47111.52,44855.85099,1210258.0,3285.09,3437.05,3269.95,3434.37,373634.9026,894664.0,169.54,171.83,142.6,158.88,7981396.52,1750566.0,0.0001,0.0001,0.0001,884734000000.0,401856286283.3568,45906884036.56575,30.0,41.2538,18.8276,2049083378297.22,140510625486.65,1203758421542.41,99665740393.72
2021-09-15,47103.28,48500.0,46682.32,48121.41,43204.71174,1176050.0,3434.37,3616.16,3357.78,3613.55,428507.5278,977023.0,158.72,166.5,153.69,158.79,6107319.6,1219649.0,0.0001,0.0001,0.00026824,906321000000.0,422044705384.189,46984876033.78247,49.0,41.6072,18.9737,2131773368969.14,113531477530.77,1244801204889.09,74846419409.42
2021-09-16,48121.4,48557.0,47021.1,47737.82,40725.08895,1176129.0,3613.55,3676.28,3481.14,3567.98,467985.4919,1081868.0,158.77,163.5,147.35,152.29,4739595.73,973309.0,0.0001,0.0001,0.0004898366666666,899404000000.0,419349764131.2592,45042725955.44111,53.0,41.3071,19.3643,2193850208470.17,100260768151.47,1287633964836.54,69746941725.08
2021-09-17,47737.81,48150.0,46699.56,47299.98,34461.92776,1033968.0,3567.97,3594.17,3350.07,3399.81,398888.3705,867583.0,152.3,153.55,134.0,147.58,7629925.55,1405718.0,0.0001,0.0001,0.0003998333333333,888464000000.0,399272982824.3728,43739813182.74326,48.0,41.4972,19.3616,2165882966767.53,111089182675.05,1267103081708.68,79396123756.47
2021-09-18,47299.98,48843.2,47035.56,48292.74,30906.47038,976346.0,3399.89,3541.96,3368.88,3435.64,315162.7627,692204.0,147.59,171.47,144.1,169.22,8229799.94,1801539.0,0.0001,0.0001,0.0001,907142000000.0,402669757692.8117,50219474534.63977,50.0,42.1748,18.9264,2110336104813.56,101095984285.93,1220306365419.47,72455514474.05
2021-09-19,48292.75,48372.83,46829.18,47241.75,29847.24349,909785.0,3435.64,3456.53,3277.74,3328.62,312948.0013,687285.0,169.22,170.96,150.6,152.76,4945800.1,1012728.0,0.0001,0.0001,0.00010915,888642000000.0,390366032356.6192,45402934749.53608,53.0,42.208,18.7457,2151845798097.24,89128620907.52,1243594157170.72,60849070096.36
2021-09-20,47241.75,47347.25,42500.0,43015.62,78003.524443,1842231.0,3328.57,3347.82,2913.39,2977.28,917939.57849,1708278.0,152.78,153.43,130.26,132.77,10153368.71,1676303.0,0.0001,0.0001,0.00013439,806574000000.0,348709579436.3116,39630827375.76016,50.0,42.3241,18.6608,2102146817352.21,82217964160.9,1212432063112.3,55295140516.67
2021-09-21,43016.64,43639.0,39600.0,40734.38,84534.080485,1820721.0,2977.32,3105.83,2652.0,2765.9,971519.88941,1754962.0,132.77,144.64,116.0,124.29,9608867.72,1534105.0,0.0001,0.0001,0.0001,762781000000.0,322932353247.2332,36567530923.953705,27.0,42.8362,18.5289,1888633277740.66,143887194143.16,1079615196321.32,100287836970.46
2021-09-22,40734.09,44000.55,40565.39,43543.61,58349.05542,1304011.0,2766.72,3088.88,2737.54,3076.92,677457.64825,1200519.0,124.3,151.36,122.1,148.02,7460596.34,1378922.0,0.0001,0.0001,0.0001,820242000000.0,360358100979.45215,44074332652.39108,21.0,42.8497,18.2074,1789919374944.78,140150884471.96,1022945002218.84,91520825715.49
2021-09-23,43546.37,44978.0,43069.09,44865.26,48699.57655,1196106.0,3076.92,3174.5,3033.85,3152.5,459293.8858,885568.0,148.02,152.5,142.92,149.91,5188932.77,1103664.0,7.526333333333333e-05,0.0001,0.0001,844443000000.0,370254001240.3877,44467963892.39037,27.0,41.8424,18.4694,1959270141458.51,117805440571.05,1139464203339.59,79677712901.27
2021-09-24,44865.26,45200.0,40675.0,42810.57,84113.426292,1819744.0,3152.41,3158.52,2733.0,2928.53,932090.8856,1607374.0,149.9,151.2,128.15,139.13,6710404.45,1174391.0,-4.1379999999999993e-05,-3.43e-05,0.0001,805749000000.0,345009620498.3309,41490862135.95672,33.0,41.9757,18.4286,2013411569329.61,101677856685.21,1168267114569.69,67972997660.05
2021-09-25,42810.58,42966.84,41646.28,42670.64,33594.57189,949787.0,2928.22,2967.52,2801.57,2921.73,491974.0226,934301.0,139.11,144.18,133.54,136.06,3212733.31,617634.0,8.543e-05,2.476666666666666e-06,0.0001,804506000000.0,345040478865.07513,40488938320.44708,28.0,42.1967,18.0584,1911127480162.45,132296187288.7,1104694159097.14,89479844686.96
2021-09-26,42670.63,43950.0,40750.0,43160.9,49879.99765,1374145.0,2921.84,3115.51,2738.17,3059.37,703594.478,1347301.0,136.05,140.81,124.8,135.64,4342156.13,833314.0,3.590333333333334e-05,5.153666666666667e-05,0.0001,812002000000.0,358743186069.83905,40201750355.515175,27.0,42.3521,18.1314,1898759245195.11,94399231691.44,1094593933248.56,63387947494.97
2021-09-27,43160.9,44350.0,42098.0,42147.35,39776.84383,1001487.0,3059.36,3164.94,2922.71,2925.59,510130.7319,1043885.0,135.7,148.92,133.72,136.35,5195624.27,1044176.0,0.0001,0.0001,0.0001,800091000000.0,347474740010.9945,40707700604.29644,26.0,42.4036,18.781,1917022703480.15,110738963328.67,1104135730952.33,79932991238.29
2021-09-28,42147.35,42787.38,40888.0,41026.54,43372.2624,1045389.0,2924.76,2970.82,2789.0,2804.91,511325.4643,928494.0,136.34,139.4,128.17,132.2,3899945.58,701465.0,5.207666666666666e-05,1.158e-05,0.0001,776166000000.0,331401047587.92804,39260221609.93481,25.0,42.549,18.4248,1867797174802.72,98279126182.81,1073068983022.39,67147611588.88
2021-09-29,41025.01,42590.0,40753.88,41524.28,33511.53487,884909.0,2805.15,2950.0,2782.0,2850.45,411305.0893,748804.0,132.22,140.17,131.12,135.25,3685498.28,658913.0,4.622e-05,-2.0433333333333325e-06,0.0001,780538000000.0,334696238351.14355,40102162987.40926,24.0,42.6425,18.2656,1813411098326.22,90996443498.42,1040126462162.48,60790904094.23
2021-09-30,41524.29,44141.37,41410.17,43824.1,46381.22781,1197815.0,2850.45,3048.42,2837.19,3000.61,506896.7612,992243.0,135.24,142.95,134.02,141.37,3361454.58,626977.0,9.745e-05,2.349666666666667e-05,0.0001,824401000000.0,353365924664.9895,41915174454.80221,20.0,42.43,18.2065,1843843859701.15,89045505975.21,1061500771194.6,58514781223.38
2021-10-01,43820.01,48495.0,43283.03,48141.61,66244.87492,1771237.0,3000.62,3330.0,2969.07,3309.91,648714.6151,1446386.0,141.38,164.95,138.25,161.56,6742166.88,1664714.0,3.1696666666666664e-05,5.5570000000000005e-05,0.0001,905355000000.0,388482734133.74286,47796912347.21104,27.0,42.747,18.3067,1930206546551.02,92640990063.92,1105100645606.96,61492188825.15
2021-10-02,48141.6,48336.59,47430.18,47634.9,30508.98131,996116.0,3309.91,3469.0,3257.0,3387.76,422551.1811,1046194.0,161.62,175.0,156.06,168.98,5059987.02,1403494.0,4.911333333333333e-05,0.0001,0.0001,900018000000.0,399645460469.8039,50426468983.51812,54.0,43.0217,18.4914,2107108356132.57,117134614352.67,1200594087063.61,74282521148.91
2021-10-03,47634.89,49228.08,47088.0,48200.01,30825.05601,1114294.0,3387.77,3488.0,3342.51,3417.73,360586.8905,816339.0,169.0,177.79,165.58,172.98,4233767.25,1189557.0,0.0001,0.0001,0.0001,907800000000.0,402821372682.4954,51396792907.67506,49.0,42.3955,18.8535,2118041594222.74,97294096326.71,1220086623072.06,66685909441.73
2021-10-04,48200.01,49536.12,46891.0,49224.94,46796.49372,1437692.0,3417.73,3437.19,3270.0,3386.31,485204.642,1090407.0,172.99,173.34,162.0,167.13,4312499.92,954028.0,0.0001,0.0001,0.0001,928297000000.0,399473012703.5989,49878621933.54391,54.0,42.3423,18.7782,2144334561753.68,89505500142.15,1236374358978.83,62867677916.14
2021-10-05,49224.93,51886.3,49022.4,51471.99,52125.66793,1641651.0,3386.31,3545.0,3363.78,3515.27,393900.8818,1025512.0,167.13,170.18,159.68,164.62,3378441.71,745324.0,2.578e-05,0.0001,0.0001061633333333,971091000000.0,414689329313.4267,48946860251.03359,59.0,43.0553,18.5179,2151193957976.05,107575875915.43,1224991904185.36,74170356347.49
2021-10-06,51471.99,55750.0,50382.41,55315.0,79877.545181,2443126.0,3515.48,3632.11,3342.0,3574.89,618265.5402,1444856.0,164.64,165.42,150.1,153.87,4499161.76,1048622.0,0.0001,0.00011441,0.0002797966666666,1043880000000.0,422749954698.35455,45993736371.46798,68.0,43.4847,18.576,2230198463918.98,111551676652.97,1260403351008.7,75682524002.56
2021-10-07,55315.0,55332.31,53357.0,53785.22,54917.37766,1703147.0,3574.88,3653.98,3470.8,3587.47,486102.3591,1252503.0,153.9,161.42,150.34,154.26,3251376.58,865347.0,0.0002394966666666,0.0002541333333333,0.0004051466666666,1013510000000.0,422901066088.4127,45975270073.967705,76.0,45.1693,18.2613,2307759140110.85,142285176191.45,1265361422157.95,93259387955.92
2021-10-08,53785.22,56100.0,53617.61,53951.43,46160.25785,1548832.0,3587.47,3695.0,3532.0,3563.13,403597.1437,1084792.0,154.26,168.97,152.39,158.86,3735085.38,1114726.0,0.0002338366666666,0.00018435,0.0001767,1015980000000.0,419624556565.2063,47419648932.129166,74.0,44.3573,18.5032,2284858519632.81,130195654413.76,1271357580743.81,93389091228.02
2021-10-09,53955.67,55489.0,53661.67,54949.72,55177.08013,1609483.0,3563.13,3635.0,3538.07,3574.82,361906.7514,1175683.0,158.88,161.54,154.18,156.84,1833309.02,478254.0,0.0001190566666666,0.0001,0.00022996,1036320000000.0,421885219382.80255,47064242302.44083,72.0,44.508,18.3798,2282617879057.19,116418741703.03,1266670481418.98,81618440821.82
2021-10-10,54949.72,56561.31,54080.0,54659.0,89237.836128,2427176.0,3574.83,3604.0,3405.0,3414.22,580223.6302,1765439.0,156.8,158.5,145.55,147.55,2037895.69,553853.0,0.0001363533333333,0.0001,0.0003727566666666,1030530000000.0,404504581668.1375,44379165189.67516,71.0,44.6122,18.1573,2320592869768.16,96069068193.48,1285324305844.9,63564530138.44
2021-10-11,54659.01,57839.04,54415.06,57471.35,52933.165751,1690409.0,3414.22,3623.8,3371.0,3542.12,493521.882,1110340.0,147.56,154.0,140.24,144.77,2211323.14,530372.0,0.0001,0.0001769,0.0001707233333333,1079350000000.0,414872519609.3463,43192303643.75388,71.0,45.5488,17.8051,2263956492331.17,99482106793.28,1232752608346.37,59975385284.52
2021-10-12,57471.35,57680.0,53879.0,55996.93,53471.2855,1554412.0,3542.12,3547.11,3403.21,3491.46,409377.1918,925699.0,144.79,153.5,137.61,152.32,3377483.32,898270.0,0.0001,0.0001,0.0001,1058800000000.0,411582431059.0302,45582352656.3793,78.0,46.3619,17.8835,2337846752408.15,108037005201.9,1253975484144.02,65388236265.54
2021-10-13,55996.91,57777.0,54167.19,57367.0,55808.44492,1610489.0,3491.43,3613.0,3412.7,3607.42,393463.1222,902525.0,152.35,155.56,144.28,148.04,2760546.0,752431.0,0.0001,0.0001,0.0001,1080570000000.0,424162427468.6494,44429566025.28094,70.0,45.8838,17.8952,2301188084255.03,108221709181.44,1245314577394.37,67140150413.12
2021-10-14,57370.83,58532.54,56818.05,57347.94,43053.336781,1372048.0,3607.41,3824.0,3586.04,3790.82,481894.1473,1430307.0,148.05,155.65,147.27,150.02,2654600.61,630301.0,0.00016693,0.00026477,0.0001744466666666,1081290000000.0,446493846534.07135,44956415836.70649,70.0,45.7693,17.9962,2362017168443.25,113141028585.24,1280938024939.01,71466781171.99
2021-10-15,57347.94,62933.0,56850.0,61672.42,82512.908022,2649137.0,3790.82,3907.77,3734.1,3868.99,504321.732,1399937.0,150.01,165.75,146.68,163.18,5388612.07,1688936.0,0.00018895,0.0003451733333333,0.0001482666666666,1157890000000.0,455409358275.7062,48762237011.60024,71.0,45.2147,18.7016,2389974462411.1,101274153774.48,1309355109677.67,64656397518.58
2021-10-16,61672.42,62378.42,60150.0,60875.57,35467.88096,1360379.0,3868.38,3971.0,3803.56,3829.96,373727.8549,1037769.0,163.15,164.8,156.36,157.54,1985241.59,682954.0,0.0003975433333333,0.0003600166666666,0.00022837,1148260000000.0,452518766564.9624,47424938067.63841,78.0,46.6372,18.3141,2489474164126.01,134699121367.84,1328454207646.91,82908678413.49
2021-10-17,60875.57,61718.39,58963.0,61528.33,39099.24124,1331655.0,3829.96,3919.19,3640.0,3846.85,368898.9831,1025324.0,157.54,167.65,153.13,160.12,3070422.13,1047710.0,0.00038554,0.0004150533333333,0.0003185933333333,1158300000000.0,452526971608.11896,47867931891.27847,79.0,46.4117,18.2721,2472363690507.54,94826087161.41,1324897813958.15,60584000716.09
2021-10-18,61528.32,62695.78,59844.45,62009.84,51798.44844,1629184.0,3847.0,3893.14,3676.0,3744.96,401819.9734,994548.0,160.11,162.98,154.91,157.12,2240606.17,602010.0,0.0002354733333333,0.0002729133333333,0.0001731633333333,1168060000000.0,441922247575.70966,47230046842.38388,78.0,46.7335,18.2872,2482132715354.28,85383083895.84,1322145928672.7,56349367702.65
2021-10-19,62005.6,64486.0,61322.22,64280.59,53628.107744,1755708.0,3744.96,3886.89,3732.0,3877.03,341268.3723,925015.0,157.12,159.45,153.06,155.78,1821550.17,385961.0,0.00011658,0.0003095699999999,0.0002717933333333,1211730000000.0,457187787658.938,46935071691.4418,75.0,47.2121,17.8494,2476826071321.6,98932054728.89,1307464835382.86,60873096143.88
2021-10-20,64280.59,67000.0,63481.4,66001.41,51428.934856,1823286.0,3876.98,4169.0,3828.05,4161.15,537383.09732,1766454.0,155.77,176.87,155.0,176.72,3884374.7,1345427.0,0.0002774566666666,0.0004177566666666,0.0001746766666666,1245170000000.0,490084350761.55664,52320211102.44443,82.0,47.7166,18.0189,2539301745464.84,93009947079.51,1327633336983.7,52542453059.22
2021-10-21,66001.4,66639.74,62000.0,62193.15,68538.64537,2181665.0,4161.37,4375.0,4013.13,4052.99,798566.55805,2380751.0,176.72,194.21,176.7,190.5,7853710.77,2985763.0,0.0006274466666666,0.0006085266666666,0.0004249633333333,1175720000000.0,479729688304.4317,56629717267.32957,84.0,47.0358,18.5677,2645014414565.28,106949756945.14,1400909892794.61,66148601197.04
2021-10-22,62193.15,63732.39,60000.0,60688.22,52119.35886,1555280.0,4053.0,4167.41,3888.0,3972.2,463222.5428,1133846.0,190.46,215.1,187.96,196.29,8364239.42,3250483.0,0.00030406,0.00033938,0.00027398,1145180000000.0,469207119691.7057,59241879884.68112,75.0,46.1176,18.8157,2543946325264.84,127620316150.1,1370739548539.38,81517942166.18
2021-10-23,60688.23,61747.64,59562.15,61286.75,27626.93678,982103.0,3972.19,4172.0,3937.51,4167.12,326576.9601,940891.0,196.29,205.78,191.86,197.75,3274703.05,994023.0,0.0001947566666666,0.0002121533333333,0.0004045833333333,1154650000000.0,490983764618.0949,59328716787.46454,74.0,47.0936,19.294,2429579196015.08,71156643894.7,1285403156740.06,32725722782.06
2021-10-24,61286.75,61500.0,59510.63,60852.22,31226.57676,1052085.0,4167.13,4186.57,3961.5,4082.33,350115.8386,917969.0,197.75,204.86,185.22,202.14,3573960.26,1095862.0,0.0003347833333333,0.00034886,0.0006549899999999,1147460000000.0,481243020708.86176,60865734672.6294,73.0,45.2218,19.2501,2558355886312.44,81232292516.94,1401422268130.31,54344464600.21
2021-10-25,60852.22,63710.63,60650.0,63078.78,36853.83806,1270453.0,4082.33,4236.0,4067.71,4220.37,347438.6534,939963.0,202.15,218.93,198.0,209.7,4914479.29,1799874.0,0.0002888866666666,0.0003854933333333,0.0003052166666666,1188350000000.0,497568588683.75085,63453676916.68188,72.0,45.5769,19.1438,2518922930927.89,95608985254.87,1370875647845.48,68299283522.05
2021-10-26,63078.78,63293.48,59817.55,60328.81,40217.50083,1334460.0,4220.36,4297.0,4090.21,4131.52,414498.1599,1285913.0,209.73,214.2,196.36,199.85,3168707.16,948990.0,0.0005254166666666,0.0003999533333333,0.0005142266666666,1138690000000.0,487733424859.8293,60183733453.117294,76.0,45.3557,19.0044,2620270321258.32,97113680848.13,1431828177185.81,66047516231.26
2021-10-27,60328.81,61496.0,58000.0,58413.44,62124.49016,1913083.0,4131.52,4307.0,3909.0,3922.0,704604.25,1872190.0,199.87,205.49,176.94,184.49,5003626.21,1484329.0,0.0002883366666666,0.0003430266666666,0.00032027,1104230000000.0,466176756878.8054,55432555287.54253,73.0,44.4022,19.0401,2562836163405.7,114137140542.34,1424880761727.26,79244846998.86
2021-10-28,58413.44,62499.0,57820.0,60575.89,61056.35301,1878275.0,3921.99,4295.0,3890.17,4286.02,626378.5055,1711575.0,184.45,201.38,181.64,195.42,3503774.6,1180034.0,0.0001311866666666,0.0001318533333333,0.0001,1142030000000.0,505339339052.36646,58666003462.31416,66.0,45.0048,18.9412,2453041063932.37,178766445087.99,1349055083950.24,135200953117.69
2021-10-29,60575.9,62980.0,60174.81,62253.71,43973.90414,1417344.0,4286.01,4460.47,4265.97,4418.89,559231.07691,1799386.0,195.37,205.22,194.45,200.41,2484214.02,812602.0,0.0002186999999999,0.0003456133333333,0.0001,1173500000000.0,521273243322.2917,60254162736.98373,70.0,44.2193,19.5834,2585645667861.5,174477281953.41,1442290447328.04,129251947345.65
2021-10-30,62253.7,62359.25,60673.0,61859.19,31478.12566,1197748.0,4418.89,4434.06,4232.2,4322.68,340223.069,1035476.0,200.36,200.62,187.3,195.7,1609573.37,543081.0,0.00026212,0.0002798466666666,0.0001008966666666,1164370000000.0,509301466939.777,58220959833.16248,73.0,44.1327,19.6288,2660968465494.5,131626633162.43,1486611565866.67,94847312093.86
2021-10-31,61859.19,62405.3,59945.36,61299.8,39267.63794,1563417.0,4322.68,4399.14,4164.35,4287.21,412856.2893,1303438.0,195.69,205.0,185.31,202.49,2375757.35,938513.0,0.0003729233333333,0.0001515366666666,0.00015952,1158590000000.0,507306510443.0469,61052846661.10618,74.0,44.4419,19.3871,2635516181597.75,134783670568.4,1464243277349.26,102819436421.04
2021-11-01,61299.81,62437.74,59405.0,60911.11,44687.66672,1472636.0,4287.48,4386.58,4146.3,4319.43,417620.7073,1134036.0,202.53,211.66,197.7,203.9,3150076.28,1314713.0,0.0004026766666666,0.0002152433333333,0.0002614633333333,1152210000000.0,511123806098.5908,61363332233.486,74.0,44.0615,19.3082,2623470715128.38,137671546847.22,1467530643515.02,105644454154.86
2021-11-02,60911.12,64270.0,60624.68,63219.99,46368.2841,1858362.0,4319.43,4599.6,4284.43,4589.89,468184.79301,1657233.0,203.91,222.22,200.97,220.82,2876704.542,1341741.0,0.00032179,0.0003932733333333,0.00036889,1188720000000.0,541972998266.0067,65652665596.22833,73.0,43.5669,19.3541,2639747768929.52,129671065575.28,1489691047808.02,93609151472.27
2021-11-03,63220.57,63500.0,60382.76,62896.48,43336.09049,1601925.0,4589.68,4665.87,4455.0,4603.35,448658.35125,1580640.0,220.81,247.0,215.69,243.37,5253716.352,2883050.0,0.00052478,0.00026726,0.00033004,1187480000000.0,543511344995.957,72966328766.902,76.0,43.5434,19.7987,2744413323694.91,197185337811.71,1549402969783.68,159460849397.13
2021-11-04,62896.49,63086.31,60677.01,61395.01,35930.93314,1346081.0,4603.35,4606.65,4420.08,4532.32,368218.25695,1019675.0,243.37,250.5,234.0,247.07,3552648.58,1645008.0,0.0004770166666666,0.00035816,0.0001,1158080000000.0,536097238048.8056,74664172499.44281,73.0,43.0763,19.7343,2756013114635.46,137033866081.49,1568825759835.82,101006101048.02
2021-11-05,61395.01,62595.72,60721.0,60937.12,31604.48749,1243074.0,4532.31,4570.05,4438.8,4474.24,305651.7244,893068.0,247.06,248.84,230.34,236.06,2233800.23,900681.0,0.0002603566666666,0.0002337333333333,0.00019938,1150810000000.0,529214179763.1384,71336405574.77235,73.0,42.7861,19.7734,2708056483341.32,129646723869.47,1549384455171.74,97131602687.36
2021-11-06,60940.18,61560.49,60050.0,61470.61,25590.57408,965309.0,4474.24,4530.0,4326.17,4518.0,322154.0973,868676.0,236.04,259.9,234.79,258.44,3046062.46,1587133.0,0.0004538933333333,0.0003113033333333,0.0001,1159350000000.0,533385828883.4528,77801469584.53316,71.0,42.5846,19.5679,2701917317104.94,113586667365.59,1551317176294.29,83055254454.16
2021-11-07,61470.62,63286.35,61322.78,63273.59,25515.6883,1068629.0,4518.0,4637.98,4502.37,4612.59,243596.5952,834745.0,258.41,258.66,245.65,249.68,1923092.87,744519.0,0.0003031966666666,0.00024648,0.0001,1189380000000.0,544990280197.5723,75236367737.37805,73.0,42.5245,19.5534,2730012879478.47,97756649332.22,1569087381665.25,68717361899.46
2021-11-08,63273.58,67789.0,63273.58,67525.83,54442.094554,2349581.0,4612.59,4822.97,4612.0,4807.98,391102.31806,1344244.0,249.62,253.3,240.68,248.26,2301351.76,823230.0,0.0004131633333333,0.0002423966666666,0.0005136666666666,1274300000000.0,568924305550.7672,75170801226.11449,75.0,42.8079,19.5642,2798837945006.15,85518458179.38,1600713785490.34,60671070338.53
2021-11-09,67525.82,68524.25,66222.4,66947.66,44661.378068,1847655.0,4807.98,4838.28,4713.89,4732.33,311267.57998,995668.0,248.27,253.22,237.62,239.04,2217088.06,800356.0,0.00048591,0.0001,0.0003439299999999,1265940000000.0,560063743836.3357,72510764530.23433,84.0,43.5675,19.448,2919712061567.39,126063347098.88,1647666793959.46,85337648140.05
2021-11-10,66947.67,69000.0,62822.9,64882.43,65171.504046,2347934.0,4732.33,4868.0,4461.93,4628.78,553596.99163,1492374.0,239.06,248.0,217.5,233.09,3092477.23,1103380.0,0.0005447533333333,0.0002313666666666,0.0003944866666666,1221860000000.0,546437906944.66736,70205762029.16704,75.0,43.5851,19.308,2904441786523.23,139801903387.39,1638538966370.73,97540622761.94
2021-11-11,64882.42,65600.07,64100.0,64774.26,37237.98058,1327827.0,4628.68,4779.0,4576.47,4719.0,303688.9765,909164.0,233.06,246.5,229.4,233.37,1997993.9,945124.0,0.00018341,0.0001432466666666,0.00015279,1225830000000.0,559250915932.3672,71126562918.85825,77.0,43.6364,19.4891,2795662464235.44,172306870718.37,1575735305090.46,123725539367.95
2021-11-12,64774.25,65450.7,62278.0,64122.23,44490.10816,1479149.0,4719.0,4809.71,4507.85,4665.46,461580.0415,1206412.0,233.34,239.09,220.83,228.48,2114721.23,892715.0,0.0003013933333333,0.0001,0.0001,1209210000000.0,551625921749.5256,69297499924.68547,74.0,43.1067,19.651,2839026028977.3,124513097942.55,1615216359750.87,88844244673.63
2021-11-13,64122.22,65000.0,63360.22,64380.0,22504.97383,904149.0,4665.47,4707.6,4584.08,4644.28,220720.6611,731125.0,228.46,241.97,224.79,241.59,1458387.39,769225.0,0.0002300533333333,0.0001,0.00014086,1215280000000.0,549579548899.7511,72820528390.01515,72.0,43.1118,19.7086,2816319098401.41,123107178534.27,1602152099339.3,87080591700.63
2021-11-14,64380.01,65550.51,63576.27,65519.1,25705.07347,951393.0,4644.27,4696.05,4514.12,4626.5,245309.0674,623491.0,241.58,242.0,230.4,238.64,1075144.87,591553.0,0.0001234033333333,0.0001,0.0001,1227320000000.0,545448741751.7253,72033129819.36324,74.0,43.0427,19.4273,2828244768580.86,96517259414.18,1610890649365.09,66432511210.05
2021-11-15,65519.11,66401.82,63400.0,63606.74,37829.37124,1305209.0,4626.5,4772.01,4540.0,4563.78,375421.6601,1061676.0,238.63,246.36,234.49,238.2,1921128.24,818787.0,0.0002595333333333,0.0001917766666666,0.0001020433333333,1203250000000.0,540763337072.86285,72152207020.34258,72.0,43.5049,19.225,2856402443353.2,83603296927.95,1613728083627.01,58217607401.65
2021-11-16,63606.73,63617.31,58574.07,60058.87,77455.15609,2353681.0,4563.77,4563.77,4103.0,4209.76,735857.063,1741259.0,238.18,238.21,213.81,219.04,2557623.67,922036.0,0.0001866599999999,0.0001191766666666,0.0001,1138550000000.0,501141644885.5255,66803864849.21008,71.0,43.0779,19.3916,2770352701376.63,98862064232.7,1576942195382.23,68500887910.07
2021-11-17,60058.87,60840.23,58373.0,60344.87,46289.38491,1471305.0,4209.59,4299.91,4063.48,4287.8,472852.1842,1146593.0,219.09,222.44,209.53,218.94,2094790.54,714591.0,0.0001105166666666,0.0001,0.0001,1135430000000.0,504922072169.2345,66088021573.98075,52.0,43.4186,19.1004,2610277667843.23,153351505019.49,1476931510616.39,106825274532.72
2021-11-18,60344.86,60976.0,56474.26,56891.62,62146.99931,1960419.0,4288.07,4344.81,3956.44,3996.9,576945.1837,1319866.0,218.9,222.78,186.5,195.01,3077799.94,855574.0,0.0001041166666666,0.0001,0.0001,1072060000000.0,471840692520.21857,59129742885.78466,54.0,43.2047,19.2422,2632515813852.25,129559517900.38,1495144266989.38,90569411260.1
2021-11-19,56891.62,58320.0,55600.0,58052.24,50715.88726,1560459.0,3996.9,4308.97,3973.01,4294.76,420045.0897,984517.0,195.19,219.59,188.99,215.25,2712585.78,854484.0,0.0001,0.0001,0.0001,1095140000000.0,508077138723.6221,65135505032.9752,34.0,43.3808,19.105,2479966732735.88,146527792352.78,1404136148187.38,105089690909.01
2021-11-20,58057.1,59845.0,57353.0,59707.51,33811.5901,1200190.0,4294.75,4435.88,4199.86,4412.17,365584.578,888090.0,215.25,221.17,205.84,217.63,1560552.25,549721.0,0.0001,0.0001,0.0001,1127950000000.0,522562372643.03455,66121760045.04174,43.0,42.2236,19.5887,2601441808254.25,122107886043.71,1503020706192.35,83543662555.26
2021-11-21,59707.52,60029.76,58486.65,58622.02,31902.22785,1249219.0,4412.17,4451.0,4242.41,4258.31,340206.3203,836925.0,217.64,240.0,210.53,230.51,1888280.05,728927.0,0.0001,0.0001,0.0001183933333333,1114470000000.0,510415795085.1393,70602994244.2456,49.0,42.3182,19.6116,2661883324166.28,106063881037.66,1535422973143.81,75819602397.07
2021-11-22,58617.7,59444.0,55610.0,56247.18,51724.32047,1624768.0,4259.7,4320.0,4022.74,4085.97,518501.3338,1162581.0,230.56,231.99,211.6,215.59,2456703.81,956575.0,0.0001,0.0001,0.0001,1064510000000.0,485209208325.7296,65813094545.40232,50.0,42.229,19.2297,2621705856761.9,101773701101.08,1514585179327.61,75671421002.29
2021-11-23,56243.83,58009.99,55317.0,57541.27,49917.85017,1570845.0,4086.28,4385.59,4059.62,4339.44,502811.7902,1098270.0,215.58,226.08,210.91,221.75,1654017.24,579396.0,0.0001096566666666,0.0001,0.0001,1088320000000.0,515040413718.0401,67437553587.911736,33.0,41.9984,19.0941,2531838134679.18,119046941227.34,1468506052077.21,83780890792.28
2021-11-24,57541.26,57735.0,55837.0,57138.29,39612.04964,1432991.0,4339.45,4373.94,4167.65,4269.36,448727.0306,990018.0,221.76,222.47,200.14,205.7,1878172.55,578989.0,0.0001067,0.0001,0.0001,1078920000000.0,504887588436.0942,62415251328.07752,42.0,41.6311,19.7712,2615121702569.8,125734506735.44,1526418718886.78,88309550666.59
2021-11-25,57138.29,59398.9,57000.0,58960.36,42153.51522,1604266.0,4270.1,4550.0,4248.27,4524.85,445868.2434,1123629.0,205.76,216.35,201.93,209.97,1764837.19,577000.0,0.00014404,0.00018379,0.0002022066666666,1114230000000.0,536230882409.8071,63954071768.18292,32.0,42.0099,19.663,2578175921072.41,133396083265.31,1495087712358.31,100192829084.32
2021-11-26,58960.37,59150.0,53500.0,53726.53,65927.87066,2138184.0,4524.48,4551.0,3913.0,4041.2,720245.1612,1654553.0,209.94,210.53,182.7,192.42,2776105.44,810627.0,0.0001920133333333,0.0002108166666666,0.00025425,1015930000000.0,480122614037.92096,58579480465.30944,47.0,41.6918,20.0769,2674346782847.32,141915348440.25,1559364291922.98,106940903342.13
2021-11-27,53723.72,55280.0,53610.0,54721.03,29716.99957,1110145.0,4041.2,4183.66,4028.34,4095.29,275326.5202,723831.0,192.37,199.39,190.61,192.74,1028955.27,367238.0,0.0001027466666666,0.0001,0.0001,1031750000000.0,484312897329.09033,58556386011.45792,21.0,41.7303,19.6891,2432377040254.63,160857781834.06,1417338372551.63,118961958478.59
2021-11-28,54716.47,57445.05,53256.64,57274.88,36163.7137,1253408.0,4095.29,4298.51,3964.0,4294.78,346471.3551,842343.0,192.74,202.1,180.93,200.69,1560980.85,474798.0,0.0001,0.0001,0.0001,1081140000000.0,508563374295.89136,61018162548.162125,27.0,41.7714,19.5945,2470050367465.36,106459059505.81,1438276337790.38,76286460288.53
2021-11-29,57274.89,58865.97,56666.67,57776.25,40125.28009,1349625.0,4294.77,4458.92,4276.89,4444.53,406881.2284,947503.0,200.71,212.75,199.63,204.09,1458763.57,545238.0,0.0001359133333333,0.0001,0.0001,1093880000000.0,527268875430.1648,62274952040.91154,33.0,42.1869,19.8633,2570958702692.84,108997791713.72,1486350816057.47,80833999260.37
2021-11-30,57776.25,59176.99,55875.55,56950.56,49161.05194,1587472.0,4444.54,4753.0,4346.36,4630.26,743024.4662,1808789.0,204.1,218.28,199.55,208.53,2176734.39,733363.0,0.0001593666666666,0.0001306733333333,0.0001,1078380000000.0,550637454947.6888,63607768953.21552,40.0,41.7463,20.1724,2610403565918.97,107909496106.79,1520657166652.41,75681000570.86
2021-12-01,56950.56,59053.55,56458.01,57184.07,44956.63656,1442301.0,4630.25,4778.75,4523.99,4582.95,508198.3105,1367302.0,208.52,232.63,207.89,229.81,2589478.23,1057522.0,0.0001727833333333,0.0001208333333333,0.0001,1080000000000.0,543524391893.6071,69751811457.67288,34.0,41.0543,20.9385,2610697177790.38,130255545597.81,1538893179511.97,93745928643.12
2021-12-02,57184.07,57375.47,55777.77,56480.34,37574.05976,1307890.0,4582.95,4634.83,4433.0,4511.21,451861.9545,1062149.0,229.81,243.12,220.0,233.6,3042712.67,1248113.0,0.0001198366666666,0.0001,0.0001,1068760000000.0,536826738375.9084,71314463104.41528,32.0,41.1268,20.6799,2620337568877.35,122510733559.49,1542677284209.52,85768315863.16
2021-12-03,56484.26,57600.0,51680.0,53601.05,58927.69027,1865063.0,4511.35,4654.88,4032.5,4215.73,677974.8659,1516700.0,233.59,239.37,204.68,211.65,2867134.41,1049117.0,0.0001629466666666,0.00010854,0.0001,1013820000000.0,501950455625.86255,64939609186.24648,31.0,40.9904,20.5523,2606278892433.23,116190327495.8,1537955314886.43,83881510306.87
2021-12-04,53601.05,53859.1,42000.3,49152.47,114203.373748,3362771.0,4215.01,4238.59,3503.68,4117.25,1111773.1451,2264288.0,211.65,212.62,169.0,200.67,4895759.09,1532975.0,6.392666666666667e-05,8.861e-05,3.1540000000000006e-05,928649000000.0,485975743700.7802,61442318785.982994,25.0,41.0364,20.1995,2469728395954.19,134476399938.08,1456241741986.47,94670986308.63
2021-12-05,49152.46,49699.05,47727.21,49396.33,45580.82012,1371839.0,4117.25,4248.19,4031.39,4196.44,536325.4413,1088546.0,200.68,204.51,181.44,196.43,2482292.26,770294.0,9.091e-05,0.0001,0.0001,931857000000.0,497037557439.9263,59843816167.283264,18.0,40.1492,21.1283,2325276769609.98,204965025217.93,1391696432198.19,143479559617.01
2021-12-06,49396.32,50891.11,47100.0,50441.92,58571.21575,1741956.0,4196.44,4376.15,3921.0,4347.59,726742.9638,1447061.0,196.49,197.71,176.17,193.56,2815245.83,768624.0,0.0001,0.0001,0.0001,954738000000.0,515047286808.5363,59431803350.0096,16.0,40.672,21.6982,2291059411505.28,122661770129.76,1359239099756.42,85594136806.89
2021-12-07,50441.91,51936.33,50039.74,50588.95,38253.46877,1212350.0,4347.57,4425.0,4255.92,4306.4,420749.751,986492.0,193.57,204.1,187.26,190.19,1939707.91,534598.0,7.992333333333333e-05,9.02e-05,5.708666666666667e-05,955530000000.0,510575522725.0278,58083521828.059166,25.0,40.4173,21.9034,2365667098833.1,139187510452.98,1409529446807.12,101537007100.86
2021-12-08,50588.95,51200.0,48600.0,50471.19,38425.92466,1118225.0,4306.4,4450.49,4222.95,4436.91,429403.9351,991178.0,190.24,196.27,183.5,194.61,1670677.66,452538.0,0.0001,0.0001,0.0001,954184000000.0,525290545577.2613,59639627515.02677,28.0,40.6219,21.7281,2353043988076.8,110468751346.15,1397193552817.92,76946193840.53
2021-12-09,50471.19,50797.76,47320.0,47545.59,37692.68665,1130599.0,4436.91,4488.0,4076.16,4105.64,462173.711,1038790.0,194.61,196.6,178.64,181.11,1664934.25,431652.0,0.0001,0.0001,0.0001,905811000000.0,493307298076.08185,56194155944.48165,29.0,39.8482,22.0358,2398128952717.08,102461604942.1,1442517867617.02,74032102771.34
2021-12-10,47535.9,50125.0,46852.0,47140.54,44233.57391,1215231.0,4105.64,4231.08,3887.37,3897.94,563236.5671,1098758.0,181.08,184.6,167.0,167.39,1862906.9,480714.0,0.0001,6.321e-05,0.0001,896400000000.0,466580388826.6472,52422292227.08204,24.0,40.0664,21.7529,2246451014482.47,103295371200.87,1346378541060.56,73736397633.0
2021-12-11,47140.54,49485.71,46751.0,49389.99,28889.19358,957390.0,3898.31,4097.08,3828.22,4089.37,427853.4343,831899.0,167.39,173.8,161.33,172.15,1541656.11,399298.0,0.0001,9.573e-05,0.0001,932059000000.0,484195469547.6761,52792397189.00529,16.0,40.9057,21.2329,2186225143946.02,103643600188.03,1291933821546.74,72754940524.08
2021-12-12,49389.99,50777.0,48638.0,50053.9,26017.93421,863605.0,4089.68,4173.63,3986.25,4130.0,260535.5157,591319.0,172.15,176.85,167.64,172.8,976615.96,265874.0,0.0001,0.0001,0.0001,947504000000.0,491539871850.7801,53483735665.15884,27.0,41.0081,21.3152,2276678136332.38,81999989169.17,1343056329359.78,56441071854.08
2021-12-13,50053.9,50189.97,45672.75,46702.75,50869.52093,1399599.0,4130.0,4142.75,3671.45,3781.93,533467.2307,1144882.0,172.83,172.83,148.04,155.21,2470231.82,557560.0,0.0001,2.729666666666667e-05,0.0001,884212000000.0,449700993532.1957,48122921278.2172,28.0,41.0782,21.2958,2307655957452.67,67548077617.86,1359713415606.59,45683994846.82
2021-12-14,46702.76,48700.41,46290.0,48343.28,39955.98445,1194992.0,3781.92,3882.74,3685.0,3858.99,395145.7462,915721.0,155.2,163.35,149.6,161.26,2151408.98,482948.0,6.115000000000001e-05,4.911e-05,2.4956666666666674e-05,912742000000.0,457195170219.0074,49401817990.38276,21.0,41.5126,21.1372,2120949294197.65,96646749088.96,1240489065519.33,64522004542.21
2021-12-15,48336.95,49500.0,46547.0,48864.98,51629.181,1438176.0,3858.99,4092.22,3643.73,4019.08,542068.0573,1238234.0,161.25,182.64,156.81,178.52,3328550.89,838776.0,0.0001,0.0001,0.0001,922955000000.0,476824331007.3149,54755685093.31754,28.0,41.6117,20.8791,2194857907305.78,100215475694.98,1281540318650.61,9986796786461.44
2021-12-16,48864.98,49436.43,47511.0,47632.38,31949.86739,1023983.0,4019.54,4113.43,3942.11,3958.11,368780.031,848885.0,178.53,189.0,174.37,176.86,2482901.38,650522.0,0.0001,7.744666666666667e-05,9.128666666666667e-05,900937000000.0,471868274533.29486,54571767092.48569,29.0,41.0045,21.2126,2254885775437.92,115303583176.45,1330282157984.2,78696524650.48
2021-12-17,47632.38,47995.96,45456.0,46131.2,43104.4887,1261780.0,3959.11,3994.1,3700.0,3875.42,463370.9225,1052871.0,176.89,182.5,167.88,175.51,2308612.94,593797.0,8.226e-05,0.0001,0.0001,875849000000.0,461467432859.418,54112928397.35253,23.0,40.8143,21.3078,2204653085516.86,89665706106.83,1304839651133.57,62561602982.29
2021-12-18,46133.83,47392.37,45500.0,46834.48,25020.05271,862066.0,3875.43,3996.93,3767.01,3959.93,339593.2543,740899.0,175.48,184.24,170.96,182.78,1218448.99,351212.0,8.913999999999999e-05,8.473999999999999e-05,0.0001,886675000000.0,471075149342.3857,56371523926.08345,24.0,40.3564,21.2894,2160497217354.23,102768760227.87,1288598171347.59,69973371164.58
2021-12-19,46834.47,48300.01,46406.91,46681.23,29305.70665,874827.0,3959.93,4032.43,3884.0,3924.14,306006.323,688078.0,182.78,189.43,177.99,179.93,1217882.6,389005.0,9.026666666666667e-05,8.117666666666666e-05,0.0001,886174000000.0,467767205843.4809,55755445840.99601,29.0,40.1496,21.3193,2206935070001.73,82175240795.86,1320859358858.78,56203254247.15
2021-12-20,46681.24,47537.57,45558.85,46914.16,35848.50609,1076488.0,3924.14,3983.37,3753.0,3944.73,366916.4771,844070.0,179.9,181.18,168.49,173.9,1448185.8,366776.0,0.0001,0.0001,0.0001,887698000000.0,468070500191.63855,53701640923.36322,25.0,40.2981,21.2718,2185279151480.47,74631155502.99,1304652627097.19,49473234837.94
2021-12-21,46914.17,49328.96,46630.0,48889.88,37713.92924,1119412.0,3944.72,4063.0,3913.21,4014.15,340826.3553,799127.0,173.9,182.54,170.27,179.63,1302766.6,368859.0,9.728e-05,0.0001,0.0001,927961000000.0,478738513441.06805,55493458530.28913,27.0,40.401,21.4315,2197867669214.83,97449403517.26,1309906947775.65,66575700933.98
2021-12-22,48887.59,49576.13,48421.87,48588.16,27004.2022,949480.0,4014.41,4074.87,3933.4,3979.51,303191.8076,675826.0,179.62,187.55,177.05,178.4,1379639.45,397883.0,0.0001,0.0001,0.0001,920637000000.0,473530386621.1456,55037941285.442245,45.0,40.7138,21.0311,2274542949222.24,83182788022.71,1348490515704.69,56201185850.89
2021-12-23,48588.17,51375.0,47920.42,50838.81,35192.54046,1176050.0,3979.51,4150.0,3893.23,4111.41,380207.8166,911905.0,178.38,193.5,175.64,190.03,1726907.3,529807.0,7.912666666666667e-05,7.794333333333333e-05,0.0001,958893000000.0,487505837297.30334,58606822318.90995,34.0,40.4206,20.8052,2276758327799.92,86234296540.48,1356479052830.78,61857294806.48
2021-12-24,50838.82,51810.0,50384.43,50820.0,31661.94946,1074410.0,4111.41,4134.84,4017.17,4046.36,230741.8072,593257.0,190.08,197.55,184.14,190.36,1657041.94,513996.0,0.0001,0.0001,0.0001,960282000000.0,480823952166.20166,58757035992.534485,41.0,40.3586,20.5424,2382714955203.91,102875737021.9,1421084451829.85,74752536144.68
2021-12-25,50819.99,51156.23,50142.32,50399.66,19135.51613,766979.0,4046.35,4137.91,4018.62,4094.83,208126.8805,515115.0,190.37,195.0,189.08,193.1,1047151.86,318427.0,0.0001,0.0001,0.0001,956672000000.0,487387760827.43774,59706856375.68868,39.0,40.8062,20.4102,2351520040972.63,89693142265.28,1391954417935.32,65441651582.29
2021-12-26,50399.67,51280.0,49412.0,50775.49,22569.88914,797133.0,4094.36,4105.0,4000.0,4063.56,189309.255,496076.0,193.03,200.59,190.22,197.81,1539530.03,452500.0,0.0001,0.0001,0.0001,960649000000.0,483927864836.3702,61186703259.31208,37.0,40.2176,20.502,2372345031391.49,71129630972.87,1418245479895.18,52105282827.23
2021-12-27,50775.48,52088.0,50449.0,50701.44,28779.58212,1009238.0,4063.57,4127.46,4031.0,4037.23,222202.1383,557284.0,197.85,204.75,194.71,195.67,1218339.79,411472.0,0.0001,0.0001,0.0001,960656000000.0,480896058220.51056,60684563845.24354,40.0,40.1894,20.2401,2391312129050.74,75212941894.54,1430258226434.86,54329811907.5
2021-12-28,50701.44,50704.05,47313.01,47543.74,45853.33924,1345774.0,4037.22,4037.23,3759.36,3792.75,358064.7163,846780.0,195.68,195.68,176.2,177.32,1997243.2,537797.0,0.0001,5.493333333333333e-05,0.0001,901632000000.0,452615924742.8088,55235955369.067375,41.0,40.2457,20.123,2379601905151.61,81628266032.94,1421913649582.02,57342820874.88
2021-12-29,47543.74,48139.08,46096.99,46464.66,39498.87,1114074.0,3792.75,3827.78,3604.2,3630.19,302753.6375,719559.0,177.28,180.62,170.01,170.63,1540603.75,395718.0,0.0001,8.307666666666667e-05,0.0001,878923000000.0,432752336074.8023,52938916706.81323,27.0,40.1962,20.1647,2239793448093.28,107406711238.7,1339480818266.95,74068956871.0
2021-12-30,46464.66,47900.0,45900.0,47120.87,30352.29569,910157.0,3630.18,3769.1,3585.0,3709.27,249263.7305,583361.0,170.65,175.74,168.17,172.52,1022709.31,267354.0,0.0001,6.156e-05,0.0001,890922000000.0,441053499218.8172,53265712535.20207,22.0,40.3838,19.8481,2176300394043.55,92301517680.54,1297427350383.01,62297631039.15
2021-12-31,47120.88,48548.26,45678.0,46216.93,34937.99796,1059783.0,3709.27,3815.0,3622.29,3676.23,268014.2942,617370.0,172.53,177.65,167.67,169.99,1026603.34,269799.0,5.632666666666666e-05,5.940333333333333e-05,0.0001,876821000000.0,438595523502.49146,52777731348.8376,28.0,40.2889,19.9808,2217587341587.41,79859922253.59,1324146888050.74,53372616396.86
2022-01-01,46216.93,47954.63,46208.37,47722.65,19604.46325,714899.0,3676.22,3776.45,3673.46,3765.54,154143.8968,408666.0,170.01,179.2,169.93,179.06,634599.39,179793.0,0.0001,0.0001,0.0001,899656000000.0,447462013623.74725,55096952719.25208,21.0,40.0513,20.0488,2188927499015.76,91350861845.16,1312233985373.62,54314681845.48
2022-01-02,47722.66,47990.0,46654.0,47286.18,18340.4604,709624.0,3765.54,3857.44,3717.3,3828.27,154791.4263,450610.0,179.06,179.53,174.31,176.35,620087.38,176256.0,0.0001,4.284333333333333e-05,0.0001,895783000000.0,455997875531.03406,54528122270.76384,29.0,40.0386,19.9016,2253025340162.08,66638131551.96,1350944891565.24,42094495120.58
2022-01-03,47286.18,47570.0,45696.0,46446.1,27662.0771,885624.0,3828.11,3853.09,3680.0,3765.89,236245.8586,594541.0,176.34,176.49,166.59,170.15,1031316.43,250131.0,0.0001,6.483666666666667e-05,0.0001,878819000000.0,448086088154.4558,52731246960.84625,29.0,39.6628,20.1753,2255963303858.94,73253871166.58,1361184808985.93,45401770840.75
2022-01-04,46446.1,47557.54,45500.0,45832.01,35491.4136,1021815.0,3765.89,3900.73,3713.11,3785.11,288258.5549,676651.0,170.14,173.93,166.47,167.72,1041332.63,264666.0,0.0001,0.0001,0.0001,868502000000.0,451850977336.10144,52006481197.654816,23.0,39.5255,20.1455,2225213380991.03,87772654928.84,1345687441336.79,54708889455.65
2022-01-05,45832.01,47070.0,42500.0,43451.13,51784.11857,1478532.0,3785.1,3848.0,3415.0,3540.63,397942.0363,962670.0,167.74,171.32,144.92,154.52,1659848.17,460130.0,0.0001,0.0001,0.0001,823605000000.0,422034943094.70825,47896581832.77338,24.0,39.3336,20.4348,2206005900549.9,101800178203.34,1338304087811.42,59348510788.39
2022-01-06,43451.14,43816.0,42430.58,43082.31,38880.37305,1150707.0,3539.82,3550.43,3300.0,3406.81,496745.7413,1006279.0,154.48,154.8,145.98,150.26,1575071.3,400706.0,0.0001,6.569333333333333e-05,0.0001,816347000000.0,406313567619.8228,46653912942.34688,15.0,39.4781,20.2288,2082775500630.5,112003900838.45,1260535863356.33,75224229899.65
2022-01-07,43082.3,43145.83,40610.0,41566.48,54836.50818,1406635.0,3406.81,3416.76,3064.42,3199.24,669631.7262,1307591.0,150.28,150.72,133.08,136.45,2719397.3,624203.0,0.0001,7.311666666666666e-05,0.0001,785502000000.0,379796902293.1282,42259706226.12842,18.0,39.4849,19.6918,2067677528682.61,105959376584.79,1251256161371.5,75898079990.45
2022-01-08,41566.48,42300.0,40501.0,41679.74,32952.73111,1021908.0,3198.68,3250.0,3000.0,3080.95,400692.1061,814600.0,136.43,148.11,133.0,142.14,2695415.51,596637.0,0.0001,0.0001,0.0001,790969000000.0,368260810753.2976,44456708541.57564,10.0,40.0048,19.3462,1969496245696.54,142860989808.14,1181602834632.26,58576144136.92
2022-01-09,41679.74,42786.7,41200.02,41864.62,22724.39426,752733.0,3080.98,3211.72,3057.35,3151.97,275874.1643,591523.0,142.1,145.71,137.83,140.82,1435153.15,314235.0,0.0001,2.7453333333333334e-05,0.0001,792648000000.0,375681581315.202,43799691315.95565,23.0,40.616,18.9318,1941933529129.49,90480440846.51,1153197035965.42,62494449684.32
2022-01-10,41864.62,42248.5,39650.0,41822.49,50729.17019,1250983.0,3151.97,3185.0,2928.83,3082.68,529818.3866,935157.0,140.82,143.86,130.0,135.86,1894512.51,419461.0,8.174e-05,-6.451666666666667e-05,0.0001,791368000000.0,366795668669.43695,42305594590.44746,23.0,40.2969,19.0917,1969300758849.55,72302255348.86,1175734098853.56,51086725808.19
2022-01-11,41822.49,43100.0,41268.93,42729.29,37296.43729,1015526.0,3082.87,3263.54,3051.8,3239.72,362446.7087,668961.0,135.84,143.5,133.58,140.2,1328579.57,294874.0,9.131333333333336e-05,6.305333333333334e-05,0.0001,809409000000.0,386143362959.5896,43686690250.96281,21.0,40.8623,18.9517,1935846004184.75,100912419170.77,1144814197138.18,68894245498.39
2022-01-12,42729.29,44322.0,42450.0,43902.66,33943.2928,1023902.0,3239.73,3411.43,3206.2,3371.26,370465.8015,737196.0,140.19,153.39,138.22,151.51,1946788.76,453450.0,-1.6300000000000007e-06,-6.218e-05,0.0001,832027000000.0,401779582309.25073,47342641971.02508,22.0,40.2759,19.2204,2010183566518.26,87696385857.95,1200563495381.88,61389652490.99
2022-01-13,43902.65,44500.0,42311.22,42560.11,34910.87762,1036234.0,3371.6,3410.0,3233.43,3240.61,336234.8799,666486.0,151.5,157.8,145.41,146.14,1984121.59,471549.0,-1.1956666666666669e-05,2.080333333333333e-05,0.0001,806813000000.0,387556155609.86096,45720397763.209885,21.0,39.8542,19.2625,2087721022892.51,95200039571.6,1255675579052.38,61741773206.54
2022-01-14,42558.35,43448.78,41725.95,43059.96,32640.88292,946938.0,3240.61,3342.79,3188.0,3307.42,285326.3505,572125.0,146.13,150.56,141.84,146.17,1428145.3,339770.0,-5.077666666666666e-05,6.235333333333334e-05,0.0001,815866000000.0,394230560105.4168,45557399039.80318,21.0,39.9045,19.1404,2019726952110.09,102390004137.43,1213765086794.75,54829602863.59
2022-01-15,43059.96,43800.0,42555.0,43084.29,21936.05616,752688.0,3307.42,3371.64,3261.0,3326.04,203100.3778,444485.0,146.18,149.49,143.9,147.64,865014.75,205770.0,4.9810000000000006e-05,9.877333333333332e-05,0.0001,817879000000.0,397341078928.9554,46404620791.25337,23.0,39.6271,19.1727,2060979891846.87,86791653248.99,1244273265254.18,63295089974.87
2022-01-16,43084.29,43475.0,42581.79,43071.66,20602.35271,732171.0,3326.51,3393.6,3269.62,3346.88,210782.2277,495317.0,147.61,151.96,146.09,147.98,964270.14,236998.0,3.453333333333333e-05,6.864666666666666e-05,0.0001,817207000000.0,399994364841.27545,46467067262.74536,21.0,39.4873,19.1864,2067705583569.23,61894761298.36,1251225294109.74,43594223006.86
2022-01-17,43071.66,43176.18,41540.42,42201.62,27562.08613,918029.0,3346.89,3357.57,3141.1,3209.67,284063.6548,646419.0,147.98,148.29,137.02,139.8,1297654.14,283258.0,6.132666666666667e-05,3.296666666666667e-06,0.0001,799126000000.0,382732247849.0216,43946557991.511154,22.0,39.2906,19.2233,2078540080706.28,62372947488.35,1261869595664.2,44514111870.77
2022-01-18,42201.63,42691.0,41250.0,42352.12,29324.08257,905061.0,3209.68,3243.87,3082.0,3159.85,299134.2728,579484.0,139.81,142.77,134.39,141.22,1254337.17,264708.0,9.999333333333336e-05,7.058333333333333e-05,0.0001,803334000000.0,377373340871.7482,44398207662.228966,24.0,39.6399,18.9769,2018661958726.47,76827074990.27,1218465396381.35,55171390904.84
2022-01-19,42352.12,42559.13,41138.56,41660.01,31685.72159,924528.0,3159.85,3174.87,3000.0,3084.02,332996.5703,647383.0,141.32,142.7,132.77,135.25,1175171.39,264765.0,8.324333333333332e-05,6.0933333333333335e-05,0.0001,791185000000.0,370218178888.3115,42782076753.350204,24.0,40.0397,18.824,2003711640480.49,77960572300.2,1201430664601.22,55599089224.12
2022-01-20,41660.0,43505.0,40553.31,40680.91,42330.33953,1098761.0,3084.02,3273.37,2987.15,3001.48,357596.7062,718946.0,135.23,143.83,126.01,127.54,1464593.98,345417.0,0.0001,0.0001,0.0001,771698000000.0,359106966050.10333,40460285501.75991,24.0,40.2492,18.7896,1963424131727.88,74238843482.45,1173161992346.83,51181163134.91
2022-01-21,40680.92,41100.0,35440.45,36445.31,88860.891999,2092561.0,3001.48,3034.12,2403.0,2568.15,1022021.70024,1723216.0,127.54,128.73,106.11,112.27,4523020.69,939567.0,7.583e-05,5.756666666666668e-06,8.255000000000001e-05,691002000000.0,305867336707.89966,35208284390.72064,19.0,40.415,18.7846,1905499311655.53,230699755078.31,1135391547832.14,210271271081.58
2022-01-22,36445.31,36835.22,34008.0,35071.42,90471.338961,2099978.0,2567.47,2626.0,2300.0,2412.18,1081357.54893,1994513.0,112.24,114.89,87.73,94.54,6455608.98,1002353.0,4.357e-05,8.824000000000001e-05,5.697e-05,662706000000.0,286316598671.52295,29657173243.661926,13.0,40.7876,18.1413,1701513109218.73,128887040190.27,1007506828540.13,85844498391.37
2022-01-23,35071.42,36499.0,34601.01,36244.55,44279.52354,1142407.0,2412.18,2556.78,2370.8,2539.01,580497.7613,1053655.0,94.57,104.82,93.25,99.78,3561751.04,592647.0,2.390333333333333e-05,-2.842666666666667e-05,-0.0001714533333333,686874000000.0,302172842768.2548,31368470602.35094,11.0,41.394,17.9092,1603209042332.5,132430434193.79,939575955679.84,92847435205.16
2022-01-24,36244.55,37550.0,32917.17,36660.35,91904.753211,1999352.0,2539.0,2539.75,2159.0,2439.29,1123134.70389,1848889.0,99.74,99.83,80.83,91.93,6990036.71,1012868.0,4.698e-05,2.7416666666666668e-05,-4.846333333333334e-05,694267000000.0,290950074067.8437,28897611818.6684,13.0,40.9939,18.0695,1672150757366.93,85310684697.24,986670131368.9,59356523228.75
2022-01-25,36660.35,37545.14,35701.0,36958.32,49232.40183,1248246.0,2439.56,2506.55,2348.96,2458.83,510152.954,946366.0,91.94,99.95,87.41,94.67,3482711.32,566575.0,2.706e-05,-1.180000000000003e-06,-8.387666666666666e-05,699848000000.0,293280982196.5538,29917541273.59028,12.0,42.0438,17.6271,1648838906691.41,128882156030.31,955604843605.86,87182173965.48
2022-01-26,36958.32,38919.98,36234.63,36809.34,69830.16036,1584468.0,2459.04,2722.0,2402.03,2462.99,806441.62289,1384921.0,94.65,104.43,89.19,92.12,4501340.69,713943.0,-1.7863333333333332e-05,-0.00010686,-0.0001510166666666,697482000000.0,294355178400.0866,29077285672.59955,23.0,41.6385,17.4318,1680833241296.57,85815992952.1,980958870985.66,59403719947.81
2022-01-27,36807.24,37234.47,35507.01,37160.1,53020.87934,1308408.0,2463.0,2521.0,2316.43,2424.25,599481.7159,1029204.0,92.11,94.6,85.71,89.51,3530017.76,538274.0,-7.536333333333334e-05,-6.724333333333334e-05,-0.0001771766666666,701226000000.0,287887135558.99347,28098895123.75393,20.0,41.598,17.5501,1677745802850.06,103606885332.84,979836436272.42,72263155552.56
2022-01-28,37160.11,38000.0,36155.01,37716.56,42154.26956,1061101.0,2424.02,2558.98,2357.88,2544.99,485149.8065,884305.0,89.51,93.55,87.21,91.34,2647317.17,388770.0,3.184e-05,-5.6026666666666657e-05,-0.0001416966666666,715404000000.0,303783438037.6304,28681087258.940643,24.0,42.0597,17.2861,1672297868711.29,81892258093.96,968933715365.85,56855223224.61
2022-01-29,37716.57,38720.74,37268.44,38166.84,26129.49682,816601.0,2544.99,2636.66,2520.01,2601.43,376666.8246,656017.0,91.35,98.93,90.5,96.13,2050891.76,331238.0,3.723333333333333e-06,2.7176666666666667e-05,8.823333333333334e-06,721492000000.0,309504705064.8011,30172068447.96188,24.0,41.9267,17.807,1707020008438.95,76409686661.68,991322667437.25,54172004380.11
2022-01-30,38166.83,38359.26,37351.63,37881.76,21430.66527,698593.0,2601.43,2640.0,2542.5,2601.68,290770.0859,564478.0,96.15,97.6,91.38,93.29,1258037.51,221424.0,8.392000000000001e-05,-2.33e-06,-8.335e-05,719542000000.0,311611781045.8268,29453575044.56998,29.0,41.7428,17.9131,1731076093854.02,59923101329.65,1008476813420.2,42728782288.78
2022-01-31,37881.75,38744.0,36632.61,38466.9,36855.2458,936014.0,2601.67,2706.77,2476.07,2686.94,444584.851,814997.0,93.26,101.4,89.18,99.49,2414101.55,373958.0,-1.363333333333333e-05,-2.233e-05,-0.0001388766666666,728654000000.0,320685972662.8686,31399134906.03346,20.0,41.8779,18.1217,1715526833234.09,52780237047.14,997099370430.77,38200593740.57
2022-02-01,38466.9,39265.2,38000.0,38694.59,34574.44663,917617.0,2686.94,2813.0,2673.52,2787.23,390034.27362,790343.0,99.5,113.66,99.02,110.02,4190507.65,732735.0,-1.3809999999999998e-05,-7.024333333333333e-05,-3.621e-05,734851000000.0,333772996179.28937,34721850140.23634,26.0,41.6495,18.3312,1747697914960.14,67032400737.68,1019790854199.96,46312915267.33
2022-02-02,38694.59,38855.92,36586.95,36896.36,35794.6813,907905.0,2787.48,2810.88,2612.72,2680.67,447852.1228,819863.0,109.99,112.35,96.99,101.88,4863358.1,757019.0,3.216e-05,-1.955333333333333e-05,-3.8003333333333336e-05,699921000000.0,320804277762.96674,32051558783.13447,28.0,41.223,18.7188,1781167366800.51,65105292554.59,1046916567782.77,44886953981.4
2022-02-03,36896.37,37387.0,36250.0,37311.61,32081.10999,848961.0,2680.25,2726.64,2576.05,2695.46,405043.3931,726013.0,101.91,103.13,94.0,101.77,3886563.56,597409.0,-2.693666666666667e-05,-0.00017255,-2.5196666666666665e-05,702141000000.0,318930248114.316,31769540056.405525,20.0,41.026,18.7906,1706863307646.47,66856039035.3,1006604783373.19,47715762755.22
2022-02-04,37311.98,41772.33,37026.73,41574.25,64703.95874,1380724.0,2695.21,2995.0,2671.4,2994.99,664002.9328,1235215.0,101.83,112.81,100.28,112.62,4186388.28,668682.0,9.636666666666669e-06,9.595333333333334e-05,-8.791666666666666e-05,778390000000.0,354710230881.4213,35014298646.1361,20.0,41.0077,18.6556,1720302767061.88,63370347878.9,1014846109644.36,44636884267.7
2022-02-05,41571.7,41913.69,40843.01,41382.59,32532.34372,1006352.0,2994.99,3060.47,2958.01,3012.65,356803.3071,730502.0,112.63,118.6,110.22,113.75,2649019.14,507784.0,9.152333333333336e-05,7.269e-05,8.426333333333334e-05,786546000000.0,360446172476.032,35984692980.02121,33.0,41.812,18.9678,1879304102089.98,86190568078.42,1093529166572.73,56826209845.45
2022-02-06,41382.6,42656.0,41116.56,42380.87,22405.16704,788291.0,3012.64,3074.56,2950.21,3054.99,249394.5966,522276.0,113.74,116.06,111.09,115.28,1561795.12,299806.0,0.0001,0.0001,7.731666666666667e-05,802678000000.0,364280977182.0347,36246775198.62348,37.0,41.4431,19.0179,1895043129794.91,74498766531.97,1109678020441.85,55076997906.03
2022-02-07,42380.87,44500.5,41645.85,43839.99,51060.62006,1473274.0,3055.0,3186.0,2991.8,3139.77,455070.2529,898923.0,115.26,121.93,112.69,117.55,2730695.8,547477.0,-9.586666666666667e-06,2.9720000000000003e-05,1.8536666666666668e-05,831728000000.0,375792526382.54767,37197610193.64159,45.0,41.5127,18.8666,1934046813498.54,61398325062.44,1131171071768.02,45231946078.95
2022-02-08,43839.99,45492.0,42666.0,44042.99,64880.29387,1653350.0,3139.77,3232.87,3025.21,3116.69,514773.5837,910882.0,117.57,120.36,109.66,113.45,2811497.5,525305.0,0.0001,6.446e-05,-0.0001360333333333,837042000000.0,373596019393.1015,36127904651.063736,48.0,41.3888,18.7083,2010523948074.08,94424406162.44,1178392521785.32,65878649086.61
2022-02-09,44043.0,44799.0,43117.92,44372.72,34428.16729,1066395.0,3116.69,3269.7,3055.0,3243.94,370267.8913,738015.0,113.44,117.08,109.4,113.93,2114411.38,366554.0,6.387333333333332e-05,5.651333333333333e-05,-4.946666666666671e-06,841588000000.0,387391694808.8667,36249413115.94902,54.0,41.7715,18.6393,1999216084043.86,104663584806.77,1164113810986.34,71653685739.34
2022-02-10,44372.71,45821.0,43174.01,43495.44,62357.29091,1541483.0,3243.6,3283.66,3056.74,3072.49,578212.8383,1039160.0,113.96,115.38,105.68,106.17,2781581.77,502177.0,6.067000000000001e-05,-1.376e-05,-8.672999999999999e-05,826640000000.0,368175105896.7726,33870575660.893967,50.0,41.3526,19.0643,2031874561528.74,78701880577.94,1191641216827.29,55499060250.6
2022-02-11,43495.44,43920.0,41938.51,42373.73,44975.1687,1169354.0,3072.36,3138.62,2879.0,2927.54,462025.8751,912879.0,106.18,108.14,95.14,96.53,2537227.68,450793.0,-2.9953333333333337e-05,-2.0366666666666663e-05,-5.992e-05,802855000000.0,349512329110.4085,30596103793.44284,50.0,41.8997,18.653,1968237227424.53,108684639366.41,1143551312326.32,76597866772.09
2022-02-12,42373.73,43079.49,41688.88,42217.87,26556.85681,830322.0,2927.54,2985.98,2858.3,2918.88,336250.3131,608416.0,96.53,99.79,92.8,95.96,1803930.67,316001.0,0.0001,0.0001,-3.983333333333334e-05,799407000000.0,347969047007.86426,30404872409.54228,44.0,42.4322,18.4639,1893201871382.25,93809558679.81,1089875251172.2,66986182926.57
2022-02-13,42217.87,42760.0,41870.0,42053.66,17732.08113,624898.0,2918.58,2954.4,2836.7,2871.13,242751.3547,444540.0,95.98,97.36,91.35,92.85,1216083.38,209303.0,7.599333333333332e-05,1.6749999999999997e-05,-0.0002162666666666,799876000000.0,344404747012.32733,29596291513.247936,44.0,42.2879,18.4157,1891821619436.48,70167467408.02,1091809785103.99,52071095147.47
2022-02-14,42053.65,42842.4,41550.56,42535.94,34010.1306,867622.0,2871.14,2964.97,2829.01,2929.75,381778.238,607853.0,92.85,97.99,90.72,96.37,1792721.3,307476.0,6.343e-05,8.504333333333334e-05,-3.51e-05,808459000000.0,351091999111.234,30651951526.17087,46.0,42.5012,18.3134,1878359557297.44,59350320353.98,1080034060253.26,44622267704.74
2022-02-15,42535.94,44751.4,42427.03,44544.86,38095.19576,990694.0,2929.75,3196.19,2912.06,3183.52,448971.754,795924.0,96.39,105.77,96.38,105.52,2362223.45,372791.0,2.567333333333333e-05,2.284e-05,-2.5263333333333336e-05,843872000000.0,379707277017.2597,33304982236.553368,46.0,42.496,18.4624,1899897565889.97,68851421413.85,1092517364702.49,48084046436.52
2022-02-16,44544.85,44549.97,43307.0,43873.56,28471.8727,823745.0,3183.53,3186.77,3044.03,3122.3,319997.6244,633447.0,105.52,105.6,98.27,101.86,2123159.11,326351.0,0.0001,0.0001,9.441666666666668e-05,835461000000.0,375596788399.1691,32719587236.827274,51.0,42.0733,18.9528,2006110544466.53,77475297838.91,1162073966689.07,54746977380.7
2022-02-17,43873.56,44164.71,40073.21,40515.7,47245.99494,1067658.0,3122.31,3160.0,2851.55,2891.87,488693.2624,840552.0,101.85,102.82,92.33,93.52,2001081.3,307937.0,0.0001,5.4606666666666674e-05,6.932666666666667e-05,769983000000.0,345432461079.7069,29911431791.71281,52.0,42.0084,18.87,1983350838637.84,70785121330.72,1150176946415.5,51056240652.06
2022-02-18,40515.71,40959.88,39450.0,39974.44,43845.92241,1025882.0,2891.88,2943.97,2750.0,2779.48,502977.4069,742459.0,93.55,96.37,89.31,89.86,2010076.65,299519.0,-1.4323333333333334e-05,-3.181333333333333e-05,1.8899999999999967e-06,759293000000.0,333118647152.7562,28808591444.441826,30.0,41.721,18.7513,1841059855052.45,84545554192.84,1072951283114.29,58294662363.54
2022-02-19,39974.45,40444.32,39639.03,40079.17,18042.0551,586653.0,2779.3,2830.96,2694.45,2763.63,293838.0025,474447.0,89.86,92.75,88.6,91.27,1285578.14,205722.0,6.223666666666667e-05,7.307333333333333e-05,1.8613333333333334e-05,760306000000.0,329911271374.2316,29160339785.803127,25.0,41.8544,18.3637,1813268592522.52,75282111752.5,1054336714697.09,52056937241.34
2022-02-20,40079.17,40125.44,38000.0,38386.89,33439.29011,811235.0,2763.63,2764.64,2576.0,2621.99,386384.904,615990.0,91.27,94.5,85.56,90.72,2559473.54,403374.0,6.956666666666665e-06,1.7763333333333333e-05,3.6880000000000006e-05,731060000000.0,315445971599.4309,29231683517.960945,27.0,41.9095,18.2132,1815074513996.24,53931450519.54,1054386632423.6,40252564326.77
2022-02-21,38386.89,39494.35,36800.0,37008.16,62347.68496,1352290.0,2621.99,2759.51,2558.0,2568.02,761838.9858,1116485.0,90.7,96.14,82.62,82.96,4063082.8,573189.0,-4.903333333333335e-06,5.3333333333332825e-08,-2.5726666666666665e-05,703529000000.0,308599649104.6404,26721007529.82435,25.0,41.9233,18.0797,1735862785646.88,65556633194.74,1008131635946.96,47219823729.6
2022-02-22,37008.16,38429.0,36350.0,38230.33,53785.94589,1212527.0,2568.03,2665.74,2500.0,2636.29,692639.4942,1047915.0,82.95,87.56,81.06,86.38,2835554.36,361422.0,-1.9883333333333333e-05,1.0656666666666667e-05,-0.0002416099999999,724506000000.0,315498757508.3708,27602805922.37369,20.0,42.03,18.4152,1674156716081.72,99622055925.91,970508740024.21,70305909157.06
2022-02-23,38230.33,39249.93,37036.79,37250.01,43560.732,1030872.0,2636.28,2753.55,2575.83,2579.71,504470.1412,839481.0,86.39,93.4,84.38,84.59,3193694.1,446087.0,-6.186000000000001e-05,5.393333333333332e-06,-8.847e-05,707580000000.0,310215506609.2364,27199802282.61669,25.0,42.096,18.3203,1723289051013.58,84882622303.56,997853394219.98,59525237273.18
2022-02-24,37250.02,39843.0,34322.28,38327.21,120476.29458,2622780.0,2579.7,2740.0,2300.0,2596.2,1395732.7753,1774038.0,84.58,93.9,75.35,89.36,7497540.08,1032742.0,-6.26e-05,-3.604333333333333e-05,7.960666666666666e-05,726117000000.0,310521172966.33014,28410356357.50051,23.0,41.8424,18.326,1689631859713.11,109756861.8,982648969185.19,56545765815.94
2022-02-25,38328.68,39683.53,38014.37,39219.17,56574.57125,1408558.0,2596.26,2834.97,2571.72,2768.49,679394.1762,1102014.0,89.35,95.0,86.86,92.71,3691896.58,532273.0,5.739333333333333e-05,0.0001,6.98e-05,745875000000.0,333846681917.4296,29906986418.443714,27.0,42.4983,18.1827,1710733287020.27,150946705399.02,983701122992.6,104547585239.69
2022-02-26,39219.16,40348.45,38573.18,39116.72,29361.2568,924257.0,2768.05,2878.0,2727.5,2779.47,418485.2529,781683.0,92.73,95.49,89.23,90.23,2279602.17,347752.0,8.982e-05,0.0001,-3.652333333333333e-05,740839000000.0,332578204835.9235,28815736090.453217,26.0,41.8718,18.6417,1776643564418.71,95210334276.42,1032731416516.74,68661998657.59
2022-02-27,39116.73,39855.7,37000.0,37699.07,46229.44719,1265753.0,2779.47,2836.33,2557.98,2616.79,650198.7785,1149184.0,90.25,92.19,84.08,85.63,2593533.97,396197.0,2.2496666666666664e-05,6.835666666666668e-05,-2.8459999999999995e-05,714469000000.0,313073255237.77185,27257589080.429115,26.0,41.6992,18.7173,1779018648489.38,69270988790.81,1037182123412.3,51816565930.42
2022-02-28,37699.08,44225.84,37450.17,43160.0,73945.63858,1931087.0,2616.79,2951.6,2568.62,2920.95,733794.4488,1203874.0,85.61,103.0,84.17,99.68,4212075.57,666863.0,-0.0001184633333333,-6.170333333333334e-05,-6.846666666666663e-06,819110000000.0,349034662717.02704,31790678156.295288,20.0,41.834,18.3535,1709714818781.76,81848489143.74,994471951132.91,58406695160.86
2022-03-01,43160.0,44949.0,42809.98,44421.2,61743.09873,1866871.0,2920.83,3037.94,2854.09,2976.33,673901.6976,1237486.0,99.67,102.03,94.21,98.66,3665336.76,572030.0,8.123e-05,0.0001,0.0001,841067000000.0,355669768058.27325,31506377048.23152,51.0,42.9267,18.3181,1908897877352.67,104290665882.84,1089471046459.8,68940498205.02
2022-03-02,44421.2,45400.0,43334.09,43892.98,57782.65081,1653131.0,2976.33,3043.91,2914.21,2947.3,614623.7461,1050193.0,98.65,106.43,96.76,100.68,4306326.64,689840.0,6.497666666666666e-05,0.0001,0.0001,834474000000.0,353928244634.3926,32318279331.351448,52.0,43.2792,18.3128,1944935693858.79,108651051093.03,1103182451622.5,76188575798.2
2022-03-03,43892.99,44101.12,41832.28,42454.0,50940.61021,1289320.0,2947.31,2970.97,2785.0,2833.99,446192.2353,770738.0,100.69,101.7,94.0,95.62,2595560.67,374852.0,0.0001,0.0001,0.0001,806208000000.0,339867073415.80634,30691995646.21912,39.0,43.1965,18.3199,1929361073402.29,97371440674.91,1095945151921.3,68205215891.4
2022-03-04,42454.0,42527.3,38550.0,39148.66,61964.68498,1465066.0,2834.0,2836.17,2573.0,2622.1,556178.7588,934846.0,95.63,95.94,87.0,88.32,2854970.19,364380.0,0.0001,0.0001,7.380666666666667e-05,741995000000.0,313650455450.1037,28016987169.91585,33.0,42.9973,18.1299,1873577424734.18,81407179034.33,1067990184060.97,56449123460.5
2022-03-05,39148.65,39613.24,38407.59,39397.96,30363.13341,879727.0,2622.11,2685.12,2589.38,2665.15,268730.3036,531829.0,88.33,91.22,86.0,89.63,1495553.5,202202.0,7.218666666666667e-05,3.2586666666666664e-05,1.1903333333333332e-05,747294000000.0,319086026336.09045,28712376829.038376,22.0,42.4689,17.9424,1749503595810.7,87933155136.57,1006509195794.44,59397996388.63
2022-03-06,39397.97,39693.87,38088.57,38420.81,39677.26158,986352.0,2665.16,2676.29,2535.0,2551.29,336487.9099,528787.0,89.61,89.96,84.09,84.57,1828270.57,212997.0,1.704e-05,1.431333333333333e-05,6.636666666666668e-05,728642000000.0,306540745606.19604,26854797029.86653,22.0,42.1674,18.0115,1773221304629.7,56900344964.19,1025499701289.75,39933142088.96
2022-03-07,38420.8,39547.57,37155.0,37988.0,63994.11559,1456041.0,2551.3,2649.0,2445.0,2491.12,620171.6787,870430.0,84.58,86.71,79.92,81.66,3230989.34,363488.0,-3.947333333333333e-05,3.8593333333333335e-05,-3.010333333333333e-05,723880000000.0,299755147815.5038,26102090492.1804,23.0,42.3183,17.7674,1723621761763.7,62778297248.91,994213634772.58,43029592574.37
2022-03-08,37988.01,39362.08,37867.65,38730.63,55583.06638,1271128.0,2491.12,2624.0,2480.15,2575.97,561659.7421,812094.0,81.65,85.04,81.3,82.32,2604534.79,268988.0,7.792666666666667e-05,3.3253333333333336e-05,7.604666666666666e-05,734898000000.0,308990995337.752,26409950388.62068,21.0,42.3966,17.5731,1702978646889.8,85575511798.21,980973758722.44,57064159018.1
2022-03-09,38730.63,42594.06,38656.45,41941.71,67392.58799,1570230.0,2575.98,2775.85,2567.7,2726.98,562771.7403,840331.0,82.32,89.92,81.9,88.06,3355218.73,336022.0,8.925333333333334e-05,8.741333333333333e-05,4.992666666666667e-05,796877000000.0,326912722910.6458,28367501512.411583,22.0,42.3671,17.8042,1735324509581.52,78427169255.7,1000118581738.56,52660219466.35
2022-03-10,41941.7,42039.63,38539.73,39422.0,71962.93154,1512655.0,2726.98,2733.25,2550.27,2606.7,559029.9377,740676.0,88.06,88.57,80.63,82.87,2828491.21,288708.0,3.120333333333333e-05,3.869666666666667e-05,4.373e-05,749331000000.0,313094963763.9914,26827830746.94068,28.0,43.2686,17.7708,1840926736254.95,94837875191.79,1044384329685.74,62567610099.97
2022-03-11,39422.01,40236.26,38223.6,38729.57,59018.7642,1252571.0,2606.69,2676.78,2522.57,2556.86,494583.6568,684407.0,82.86,84.29,80.07,80.67,2528334.85,232541.0,-4.424e-05,1.6143333333333332e-05,6.5966666666666665e-06,736898000000.0,307278501308.7958,25832900013.34672,22.0,42.5966,17.798,1757146126223.41,91138959524.2,1008660782124.05,60063224575.44
2022-03-12,38729.57,39486.71,38660.52,38807.36,24034.36432,671733.0,2556.86,2616.79,2553.39,2568.8,219236.5711,327122.0,80.67,82.75,80.57,81.38,1362268.13,128794.0,-2.3466666666666657e-06,7.093333333333334e-05,9.104333333333334e-05,739318000000.0,309180622034.75275,26375917286.00454,22.0,42.5084,17.7209,1732014742949.07,81531503641.3,995762377649.82,55164484555.19
2022-03-13,38807.35,39310.0,37578.51,37777.34,32791.82359,841844.0,2568.8,2603.32,2493.0,2515.65,316942.1601,444352.0,81.4,83.34,77.65,78.73,2009434.97,198659.0,-3.661e-05,3.139333333333333e-05,7.773333333333333e-05,717664000000.0,301817186381.12445,25449006308.745834,21.0,42.5209,17.7797,1735530252915.07,54584860570.58,997567441767.53,39965797197.27
2022-03-14,37777.35,39947.12,37555.0,39671.37,46945.45375,1114899.0,2515.66,2609.6,2498.67,2589.41,386630.1912,609122.0,78.72,82.29,78.0,81.22,2079919.39,209032.0,-4e-05,3.2160000000000004e-05,0.0001,752641000000.0,310593577010.49493,26186055673.08397,23.0,42.3333,17.8048,1696301916874.15,60253823259.04,978201512037.18,42958455848.13
2022-03-15,39671.37,39887.61,38098.33,39280.33,46015.54926,1060517.0,2589.42,2669.0,2507.0,2617.73,461202.3014,686797.0,81.23,85.99,78.72,82.84,2123603.37,249623.0,6.421e-05,1.6076666666666668e-05,0.0001,747132000000.0,314450942253.10706,26836912140.077488,21.0,42.9104,17.71,1754651434997.2,74252010392.71,1001723547026.93,49930285421.72
2022-03-16,39280.33,41718.0,38828.48,41114.0,88120.76167,2051837.0,2617.74,2788.0,2603.38,2773.81,666224.7217,1055171.0,82.84,87.98,81.53,87.77,2638790.33,313840.0,8.623666666666666e-05,8.149e-05,0.0001,780293000000.0,332203928803.60547,27940404168.768967,24.0,42.6697,17.9616,1749724151838.29,74221804325.22,1003122821025.86,50289716934.22
2022-03-17,41114.01,41478.82,40500.0,40917.9,37189.38087,935784.0,2773.8,2836.0,2746.42,2811.92,379312.541,597885.0,87.77,91.0,86.58,87.8,2616451.8,286766.0,0.0001,0.0001,0.0001,777762000000.0,337894847790.8667,28422760165.2742,27.0,42.7761,18.2175,1825738833245.35,104698803910.01,1044759717897.67,65084355547.15
2022-03-18,40917.89,42325.02,40135.04,41757.51,45408.00969,1065054.0,2811.91,2984.0,2765.59,2938.92,556535.7966,794774.0,87.8,92.28,84.41,89.8,2935949.01,283557.0,7.220666666666666e-05,6.875333333333333e-05,0.0001,794127000000.0,353518405843.05927,29049157216.96137,25.0,42.4504,18.4425,1831023941249.34,76803452930.49,1053747293563.54,54797600857.52
2022-03-19,41757.51,42400.0,41499.29,42201.13,29067.18108,801197.0,2938.84,2987.7,2890.86,2950.84,325971.5398,556406.0,89.81,94.55,89.25,92.31,2058348.96,262632.0,0.0001,0.0001,0.0001,801134000000.0,353909041695.01965,29632759884.050823,28.0,42.2608,18.8196,1877294040726.05,97069363443.27,1083935071087.62,62659294300.84
2022-03-20,42201.13,42296.26,40911.0,41262.11,30653.33468,799695.0,2950.85,2964.17,2817.21,2861.38,377608.8214,651827.0,92.31,92.55,87.82,88.62,1500458.29,169914.0,0.0001,0.0001,0.0001,784115000000.0,343504432844.2698,28432456982.048862,31.0,42.146,18.6119,1900933342870.07,82866120368.12,1099765947643.31,63199816696.19
2022-03-21,41262.11,41544.22,40467.94,41002.25,39426.24877,947206.0,2861.39,2960.57,2829.81,2890.03,450223.9073,690648.0,88.62,91.28,86.74,88.59,1985082.57,203260.0,2.9843333333333336e-05,0.0001,6.850333333333334e-05,779781000000.0,347924352426.2933,28402397991.937035,30.0,42.1553,18.4786,1858489052537.3,80142662841.44,1075037247397.46,60015160177.02
2022-03-22,41002.26,43361.0,40875.51,42364.13,59454.94294,1367343.0,2890.03,3052.85,2886.43,2969.64,564868.9839,920670.0,88.58,93.98,88.0,90.43,2611345.56,271852.0,0.0001,0.0001,0.0001,804863000000.0,357366404958.8197,29069338572.03381,26.0,41.713,18.6036,1869269060178.52,89532075389.3,1089541220726.63,64916255907.94
2022-03-23,42364.13,43025.96,41751.47,42882.76,40828.87039,916671.0,2969.64,3045.2,2920.65,3036.0,453962.7298,813052.0,90.44,96.36,89.19,94.89,2854825.2,297282.0,9.004666666666667e-05,4.974e-05,0.0001,811569000000.0,362748938526.52295,30353741887.520138,31.0,41.9801,18.6191,1917114273924.95,100378436422.7,1112307504570.8,68369717359.01
2022-03-24,42882.76,44220.89,42560.46,43991.46,56195.12374,1202541.0,3035.99,3129.11,2999.11,3110.76,577171.5239,853822.0,94.88,103.7,93.26,102.32,4777008.51,577470.0,5.19e-06,6.062333333333333e-05,0.0001,835165000000.0,373471258566.9704,33011272989.437565,40.0,41.7377,18.6502,1951616316096.99,95065418239.22,1137056082799.28,69805941460.72
2022-03-25,43991.46,45094.14,43579.0,44313.16,54614.43648,1141588.0,3110.75,3193.28,3076.0,3102.14,489099.5572,745999.0,102.32,104.86,96.95,98.6,3360440.57,437293.0,5.143000000000001e-05,0.0001,0.0001,842279000000.0,372838208760.3812,31773707338.32897,47.0,41.8434,18.7057,1995485207938.21,109920283154.75,1160507224556.08,78889069455.26
2022-03-26,44313.16,44792.99,44071.97,44511.27,23041.61741,693647.0,3102.13,3153.2,3084.9,3145.0,207134.847,403089.0,98.6,103.4,97.63,101.73,1906343.44,259494.0,4.209333333333333e-05,8.326333333333334e-05,0.0001,845606000000.0,377827574464.24286,33101674756.415382,51.0,42.3023,18.7388,1991293918291.93,91336161229.3,1148931753014.66,60763980876.26
2022-03-27,44511.27,46999.0,44421.46,46827.76,41874.91071,1135096.0,3145.01,3299.37,3126.02,3295.65,335467.4145,645675.0,101.73,107.46,98.77,107.04,2351080.64,345634.0,1.0176666666666669e-05,2.1983333333333333e-05,9.523e-05,888527000000.0,395059365980.0612,34741183073.45392,49.0,42.0125,18.7652,2012084245260.48,59910844731.47,1166757477463.14,42960224570.3
2022-03-28,46827.76,48189.84,46663.56,47122.21,58949.2614,1498975.0,3295.65,3431.15,3275.01,3332.92,527237.1133,964079.0,107.04,113.87,105.22,105.75,4146023.22,653182.0,0.0001,0.0001,7.961666666666667e-05,897046000000.0,402040765729.13696,34747224500.04094,60.0,42.2824,18.7995,2103474483298.77,85919528862.64,1214075890145.53,57757502394.75
2022-03-29,47122.21,48096.47,46950.85,47434.8,36772.28457,1095678.0,3332.91,3481.87,3329.68,3400.51,465899.8226,884317.0,105.75,115.7,105.49,111.62,3727259.92,590421.0,9.864666666666669e-05,9.423e-05,0.0001,901654000000.0,408357134451.7341,36222031753.32461,56.0,42.3733,18.9802,2112204792356.44,120398068878.97,1217193587132.18,84025733314.53
2022-03-30,47434.79,47700.22,46445.42,47067.99,40947.2085,1081607.0,3400.51,3446.9,3331.84,3385.79,356082.5231,675015.0,111.62,125.26,107.11,120.82,5250424.16,827629.0,0.0001,0.0001,0.0001,895232000000.0,407246804912.9766,39195339151.127846,55.0,42.0961,19.0859,2141883962333.05,116373259989.19,1240234717299.69,84980507854.08
2022-03-31,47067.99,47600.0,45200.0,45510.34,48645.12667,1290541.0,3385.8,3444.83,3261.35,3281.51,455091.2395,770564.0,120.82,129.5,119.95,122.77,5143974.9,858853.0,0.0001,0.0001,0.0001,865613000000.0,394402092425.9776,40158423819.9836,52.0,41.738,18.9908,2142202038307.02,112602389245.96,1248090177297.83,83268131766.45
2022-04-01,45510.35,46720.09,44200.0,46283.49,56271.06474,1372216.0,3281.51,3481.29,3210.68,3455.21,532169.2392,883079.0,122.79,138.4,117.39,134.52,5505077.63,995872.0,8.939666666666668e-05,0.0001,0.0001,878726000000.0,414245979160.4055,43758744003.83171,50.0,41.5615,18.9437,2082095621891.59,128634994317.65,1216746382791.1,95310394102.75
2022-04-02,46283.49,47213.0,45620.0,45811.0,37073.53582,1056716.0,3455.2,3532.2,3433.14,3443.77,499893.29,763785.0,134.53,143.51,131.47,132.49,4193984.2,758063.0,0.0001,0.0001,0.0001,872868000000.0,414947392107.5312,43353067897.74202,52.0,41.1035,19.3812,2139468598908.0,128343448828.44,1260072372199.55,90181189338.84
2022-04-03,45810.99,47444.11,45530.92,46407.35,33394.67794,966563.0,3443.77,3580.34,3412.11,3521.91,381581.7683,619758.0,132.48,141.11,130.52,136.9,2964507.05,540376.0,0.0001,0.0001,0.0001,882421000000.0,423356636901.31976,44478030545.49885,48.0,40.9215,19.4471,2129598041309.94,114237935539.1,1258134612080.58,84899179118.06
2022-04-04,46407.36,46890.71,45118.0,46580.51,44641.87514,1171998.0,3521.9,3547.0,3405.97,3519.5,449984.1586,810677.0,136.9,138.29,125.82,132.14,3456901.43,582791.0,0.0001,7.632e-05,0.0001,886687000000.0,423869947210.8103,43149296839.25176,52.0,40.7369,19.5477,2166647653492.07,94103285157.76,1284022475758.27,68691025979.56
2022-04-05,46580.5,47200.0,45353.81,45497.55,42192.74852,1046080.0,3519.5,3555.0,3400.0,3406.99,397782.7437,674184.0,132.14,136.63,126.07,126.87,2833885.54,542422.0,0.0001,9.324666666666666e-05,0.0001,868302000000.0,411885919936.038,41384554521.88217,53.0,41.017,19.6021,2160036369638.58,110814687356.14,1274054102667.81,78313735339.09
2022-04-06,45497.54,45507.14,43121.0,43170.47,60849.32936,1471912.0,3407.0,3407.5,3162.39,3168.51,736273.1047,1098773.0,126.88,127.4,112.1,112.95,4266870.2,740311.0,9.966e-05,3.4233333333333363e-06,0.0001,822959000000.0,382871342185.5314,37162434514.465935,48.0,41.0054,19.4362,2110999077617.25,100157035046.16,1245374675436.44,70510743893.92
2022-04-07,43170.47,43900.99,42727.35,43444.19,37396.54156,999816.0,3168.52,3268.98,3143.15,3227.19,458179.3272,706382.0,112.94,120.0,110.88,118.48,3326346.75,581932.0,7.473666666666668e-05,1.1646666666666666e-05,6.0003333333333335e-05,828020000000.0,389467375291.86847,38726717661.6891,34.0,41.4613,19.2612,1980493912054.59,126688200867.83,1159355072955.3,87293443443.42
2022-04-08,43444.2,43970.62,42107.14,42252.01,42375.04203,1108136.0,3227.2,3314.02,3173.52,3192.39,502422.5048,810752.0,118.47,122.42,108.1,109.92,3328966.49,550158.0,8.102000000000001e-05,-1.059e-05,5.424666666666667e-05,802457000000.0,383205538887.89386,35633343201.26004,37.0,41.0586,19.3129,2013774280303.93,87427165744.16,1186947202637.43,61325004510.59
2022-04-09,42252.02,42800.0,42125.48,42753.97,17891.66047,640230.0,3192.39,3268.4,3181.28,3258.57,212444.2566,386154.0,109.92,113.69,108.28,112.96,1376896.77,246823.0,9.759666666666667e-05,0.0001,-5.6913333333333336e-05,811215000000.0,391933374074.7049,36877000569.09689,30.0,41.0878,19.6317,1956014446768.46,89756927838.7,1152331012272.3,62542550907.01
2022-04-10,42753.96,43410.3,41868.0,42158.85,22771.09403,678983.0,3258.57,3307.22,3193.0,3203.04,232303.2326,439811.0,112.97,116.09,109.71,111.07,1560720.04,282125.0,6.317333333333333e-05,8.66e-05,-5.34e-06,803339000000.0,387184916682.3496,36696993155.81012,34.0,40.9331,19.7532,1986574058614.36,57912192000.66,1173408198773.87,41861416481.72
2022-04-11,42158.85,42414.71,39200.0,39530.45,63560.44721,1385924.0,3203.04,3213.63,2950.0,2979.74,693394.2912,969832.0,111.06,111.94,98.1,99.67,3332133.13,491379.0,6.747666666666667e-05,8.225333333333333e-05,9.59e-05,751665000000.0,359212086076.7873,32686267054.178,32.0,40.9791,19.7416,1957656513477.26,61256177404.82,1155426138864.82,43596909131.15
2022-04-12,39530.45,40699.0,39254.63,40074.94,57751.01778,1153667.0,2979.75,3085.0,2950.0,3027.66,579522.9505,742214.0,99.64,109.36,98.31,103.22,3527634.19,526763.0,-7.936e-05,-7.802e-05,-1.966e-05,762198000000.0,364385911108.14886,33832017715.545284,20.0,41.1216,19.6329,1827232552985.02,102579491470.54,1075845499121.95,68630397561.88
2022-04-13,40074.95,41561.31,39588.54,41147.79,41342.27254,948061.0,3027.65,3128.97,2996.86,3118.28,419101.494,623328.0,103.21,106.04,100.09,104.94,2204306.4,352611.0,-8.08e-06,-5.305333333333333e-05,4.746666666666666e-06,782319000000.0,375329424982.4922,34394109915.355,25.0,40.9035,19.5575,1864839919149.3,94789049760.13,1102054516576.22,63798871119.91
2022-04-14,41147.78,41500.0,39551.94,39942.38,36807.01401,803756.0,3118.28,3145.0,2976.3,3021.98,408382.5572,540399.0,104.92,107.72,98.77,100.77,2711073.76,359790.0,4.324666666666666e-05,1.1400000000000003e-06,3.6836666666666666e-05,758852000000.0,363484114851.3332,33032852396.63888,28.0,40.9671,19.6495,1910202868623.24,83749269604.51,1127647658681.13,56059070999.59
2022-04-15,39942.37,40870.36,39766.4,40551.9,24026.35739,616536.0,3021.98,3060.92,2993.13,3040.56,249626.2981,388136.0,100.77,102.91,99.55,101.31,1384490.37,216894.0,-4.113666666666667e-05,-5.410666666666667e-05,2.962666666666667e-05,770500000000.0,365877349625.6292,33201484841.82148,22.0,40.8099,19.5394,1860534665195.87,78603106396.79,1101252412862.02,54260548833.99
2022-04-16,40551.9,40709.35,39991.55,40378.71,15805.44718,423446.0,3040.57,3086.1,3010.03,3059.3,176352.4165,298000.0,101.38,103.5,100.71,102.06,1006216.36,135628.0,4.532333333333334e-05,-6.179e-05,2.1156666666666667e-05,768872000000.0,369087826548.19727,34078940200.014088,28.0,40.923,19.4316,1884081931511.96,63399692524.91,1113058949158.32,41642061316.05
2022-04-17,40378.7,40595.67,39546.17,39678.12,19988.49259,590241.0,3059.3,3083.0,2981.7,2988.06,243772.074,389959.0,102.06,105.44,99.62,100.15,1509800.04,236697.0,6.852666666666667e-05,-3.469999999999999e-06,8.957666666666667e-05,754933000000.0,360805362819.1369,33415713900.742672,28.0,40.7707,19.559,1885057863724.37,50373706394.03,1116506185480.64,33541742986.73
2022-04-18,39678.11,41116.73,38536.51,40801.13,54243.49575,1157741.0,2988.07,3069.6,2883.22,3055.56,510251.6536,703622.0,100.15,102.65,94.62,102.33,2751434.83,416771.0,-8.621333333333333e-05,-7.612000000000001e-05,-3.285666666666667e-05,776158000000.0,368278797314.4194,34035488876.905663,24.0,40.9073,19.5245,1846230971848.56,57929287845.83,1090988580460.63,38839429103.2
2022-04-19,40801.13,41760.0,40571.0,41493.18,35788.85843,934526.0,3055.56,3131.0,3030.34,3101.77,359375.0038,521060.0,102.37,109.0,101.02,108.51,2675360.43,372804.0,3.741e-05,4.901666666666667e-05,9.206333333333334e-05,788949000000.0,373875780995.5837,36125101892.45261,27.0,41.0268,19.4598,1892298042872.79,93897901021.16,1115948815555.72,60192788912.94
2022-04-20,41493.19,42199.0,40820.0,41358.19,40877.35041,1063843.0,3101.74,3166.5,3036.45,3076.04,415000.0685,571292.0,108.51,110.9,104.25,105.59,2768156.81,403021.0,7.569e-05,5.496666666666666e-05,0.0001,787193000000.0,370804390311.73785,35242874566.78256,27.0,40.9796,19.413,1925877976585.35,80931927000.78,1136660118738.24,55629560619.26
2022-04-21,41358.19,42976.0,39751.0,40480.01,59316.27657,1515456.0,3076.03,3180.0,2942.31,2983.58,562699.697,719659.0,105.58,110.0,99.86,101.78,2671646.36,369724.0,9.699999999999992e-07,-7.841333333333334e-05,0.0001,769393000000.0,359494116987.53033,33885940921.59042,27.0,41.1053,19.3694,1914112895269.67,90783115660.59,1127311695285.43,62963963228.97
2022-04-22,40480.01,40795.06,39177.0,39709.18,46664.0196,1043471.0,2983.57,3034.32,2930.35,2962.39,452433.082,604084.0,101.78,103.55,99.19,100.55,1777613.85,279122.0,-4.791e-05,-0.0001057366666666,8.187333333333333e-05,755752000000.0,357080346808.24335,33569793448.954075,26.0,41.2172,19.2454,1869964856358.09,104503927703.89,1099216842844.25,69127497068.5
2022-04-23,39709.19,39980.0,39285.0,39441.6,20291.42375,724132.0,2962.39,2978.03,2913.89,2933.03,187576.7324,348435.0,100.55,102.9,98.31,100.63,1081628.14,196300.0,-9.489333333333334e-05,-4.970333333333333e-05,3.207333333333334e-05,752828000000.0,354406095501.21533,33684640518.60457,24.0,40.8326,19.2989,1851001110959.29,83735005991.95,1095188712573.51,55726645752.65
2022-04-24,39441.61,39940.0,38929.62,39450.13,26703.61186,868183.0,2933.04,2967.06,2912.09,2921.0,218957.0222,354013.0,100.63,102.31,98.55,99.23,1064136.15,192110.0,-0.00012401,-4.800666666666666e-05,6.210000000000001e-06,751521000000.0,352367966927.3084,33146649107.20886,24.0,40.8825,19.2715,1836887852587.82,54999242858.47,1085921834645.1,38861486534.39
2022-04-25,39450.12,40616.0,38200.0,40426.08,63037.12784,1280351.0,2920.99,3025.65,2797.01,3006.62,619198.3616,804935.0,99.22,101.59,94.32,100.99,2317293.8,373292.0,-3.176333333333333e-05,-0.0001108766666666,-2.716333333333333e-05,769863000000.0,363017277578.3089,33785829787.89509,23.0,41.064,19.266,1828331719908.61,55986249711.75,1077545179690.66,38022676575.35
2022-04-26,40426.08,40797.31,37702.26,38112.65,66650.258,1381618.0,3006.63,3039.54,2767.0,2809.67,531184.3504,775652.0,100.98,101.98,94.61,95.7,1897735.14,291464.0,0.0001,8.330333333333333e-05,1.3450000000000003e-05,724232000000.0,337646454897.6437,31883358161.45544,27.0,41.2223,19.4289,1866741324696.47,101627136740.13,1097228298070.53,66183638785.74
2022-04-27,38112.64,39474.72,37881.31,39235.72,57083.12272,1232083.0,2809.68,2919.87,2794.46,2888.96,488951.2416,669916.0,95.7,100.79,94.89,98.36,1833742.63,282775.0,-7.235333333333334e-05,-0.00012447,2.476666666666665e-06,746062000000.0,347985304682.79047,32809147500.501965,21.0,41.2418,19.254,1758264083993.15,94893107536.81,1033123587302.67,60323271086.98
2022-04-28,39235.72,40372.63,38881.43,39742.07,56086.6715,1135242.0,2888.95,2980.0,2853.83,2936.93,537392.9978,736818.0,98.35,100.55,96.33,98.24,1849394.04,300097.0,-4.199999999999998e-06,8.496666666666668e-06,-6.331333333333334e-05,756176000000.0,353720943190.65405,32738663262.259567,24.0,41.4644,19.3437,1800422932555.41,84135423411.7,1053888585667.81,53155325285.43
2022-04-29,39742.06,39925.25,38175.0,38596.11,51453.65715,1101140.0,2936.92,2946.46,2776.63,2817.13,525978.147,678273.0,98.23,98.68,92.35,93.96,1736234.87,255409.0,7.542666666666667e-05,8.192666666666667e-05,5.515333333333333e-05,734549000000.0,339475946470.1008,31347708698.500626,23.0,41.6226,19.4782,1817880992312.91,94410919785.74,1061232259070.84,60508392782.63
2022-04-30,38596.11,38795.38,37578.2,37630.8,35321.18989,1017369.0,2817.13,2841.63,2709.26,2726.66,367757.2469,577285.0,93.96,94.95,81.91,84.63,1829537.27,275849.0,3.6366666666666673e-06,-6.611333333333333e-05,4.636e-05,717549000000.0,329156348874.12494,28273857174.12093,20.0,41.8469,19.3413,1755332617995.95,93640423923.76,1020780568691.22,62757606269.6
2022-05-01,37630.8,38675.0,37386.38,38468.35,38812.24104,1021157.0,2726.67,2849.9,2716.13,2824.81,442544.8792,539462.0,84.63,93.12,84.15,89.68,2353897.93,366730.0,4.166e-05,-9.266e-05,-0.00017771,731762000000.0,341175452818.9055,29958667097.358555,22.0,42.3766,19.4428,1693345382417.17,80072582373.27,975763801891.24,56176606051.18
2022-05-02,38468.35,39167.34,38052.0,38525.16,53200.92628,1053893.0,2824.81,2894.22,2778.78,2856.54,521706.8567,625431.0,89.67,90.89,85.1,87.5,1915805.97,283822.0,9.666666666666668e-05,-1.0066666666666665e-05,-5.686333333333333e-05,733836000000.0,345125611068.8355,29321383421.63117,28.0,42.1501,19.6374,1736689493706.14,83494798193.63,1004673300408.29,56492067478.28
2022-05-03,38525.16,38651.51,37517.8,37728.95,40316.45358,1005131.0,2856.54,2861.47,2755.19,2781.7,371331.1796,490176.0,87.49,88.81,84.66,85.86,1562366.45,200047.0,0.0001,7.977666666666667e-05,2.017e-05,717477000000.0,335440828862.2165,28652611280.70948,27.0,42.213,19.8438,1736808174629.35,86935756863.3,1003649035182.41,54012846915.88
2022-05-04,37728.95,40023.77,37670.0,39690.0,62574.61736,1238847.0,2781.7,2965.85,2771.74,2940.64,548738.0668,742950.0,85.86,93.06,85.47,92.77,2246070.16,282723.0,7.501333333333334e-05,9.740333333333334e-05,-4.43e-06,754382000000.0,354277795660.131,30902694563.78325,21.0,42.077,19.6668,1707255031148.14,72536850733.48,988892565295.48,45211119722.23
2022-05-05,39690.0,39845.51,35571.9,36552.97,88722.43355,1979692.0,2940.65,2954.65,2683.0,2747.97,734845.3194,935371.0,92.77,95.25,81.32,84.52,3311421.92,434945.0,0.0001,0.0001,4.204e-05,694665000000.0,331377458641.35425,28245935207.517258,27.0,41.8892,19.6706,1803486551946.1,98326938726.04,1048020049205.43,61571580201.5
2022-05-06,36552.97,36675.63,35258.0,36013.77,68437.80187,1214518.0,2747.96,2758.18,2632.95,2692.85,711449.3234,813458.0,84.52,84.84,79.98,81.68,2607225.81,343170.0,-4.999e-05,-3.3060000000000005e-05,-6.423666666666667e-05,685963000000.0,325482729730.4156,27347955311.359,22.0,41.505,19.7788,1677074080534.15,114325090368.92,981004463158.78,71219170776.99
2022-05-07,36013.77,36146.3,34785.0,35472.39,34281.70682,746488.0,2692.86,2704.36,2584.75,2635.34,371271.4532,505005.0,81.67,82.33,77.03,78.86,1906773.25,220157.0,4.793333333333334e-06,7.706e-05,-2.389333333333333e-05,675827000000.0,318163134631.90216,26472251687.21128,23.0,41.4295,19.6415,1655749859058.39,92837625017.16,969781018251.1,674136179410.21
2022-05-08,35472.4,35514.22,33713.95,34038.4,72445.64344,1301451.0,2635.35,2642.0,2484.0,2519.71,757615.3415,867730.0,78.86,79.41,73.69,75.38,2736836.4,310522.0,5.7803333333333336e-05,9.955666666666668e-05,1.3969999999999998e-05,648264000000.0,304090299467.98755,25190600721.80292,18.0,41.6968,19.6313,1620601533242.5,76921052027.91,944862616242.96,52544314544.54
2022-05-09,34038.39,34243.15,30033.33,30076.31,191876.926428,2564538.0,2519.71,2530.78,2225.0,2228.55,1574924.9793,1758980.0,75.39,77.21,61.7,62.16,5846036.682,714133.0,0.0001,9.731000000000002e-05,-0.0001060033333333,579754000000.0,272537857326.37253,21434934559.29909,11.0,41.4185,19.4167,1565264594253.84,103112492774.63,916955323373.65,66346006427.61
2022-05-10,30074.23,32658.99,29730.4,31017.1,165532.00311,2470325.0,2229.0,2457.34,2200.0,2342.05,1550626.1387,1851225.0,62.16,74.03,60.13,66.9,7855041.331,994845.0,0.0001,8.643666666666667e-05,-5.015333333333333e-05,589925000000.0,282825657376.8984,22415724560.27341,10.0,41.7559,19.6205,1380631810481.0,159101117269.94,804136666948.87,95733323568.45
2022-05-11,31017.11,32162.59,27785.0,29103.94,207063.739278,3559270.0,2342.04,2451.37,2005.0,2084.99,2022864.83806,2825340.0,66.9,68.44,43.17,50.9,11626123.021,1460193.0,3.669e-05,8.412333333333334e-05,-0.00068456,548186000000.0,249698380426.19403,16772334182.190351,12.0,41.7182,19.9851,1415452718527.68,170212438067.64,824951307953.91,110432516794.67
2022-05-12,29103.94,30243.0,26700.0,29029.75,204507.263138,3951233.0,2084.99,2195.0,1800.0,1960.22,2305192.90836,2958830.0,50.9,54.29,37.37,44.64,13635820.465,1539677.0,-0.0002514866666666,-0.0004230966666666,-0.00130137,552665000000.0,236465889627.96216,15030283177.731176,12.0,43.731,19.863,1259685975101.05,213727678738.79,708812296900.31,143336571344.88
2022-05-13,29029.74,31083.37,28751.67,29287.05,97872.36957,2051900.0,1960.22,2147.54,1940.23,2009.69,1134042.3387,1380079.0,44.64,56.99,43.83,48.92,8718594.5,892190.0,-5.623333333333333e-06,-9.285666666666667e-05,-0.0006250566666666,557553000000.0,243446671953.59784,16483109389.16744,10.0,,,,,,
2022-05-14,29287.05,30343.27,28630.0,30086.74,51095.87863,1204626.0,2009.69,2070.06,1951.21,2056.48,563788.3078,794510.0,48.93,53.91,45.81,52.43,5099487.21,618557.0,0.0001,7.012333333333334e-05,-0.0002466,572165000000.0,247946859793.88425,17617489467.8929,9.0,44.2486,19.304,1259895009983.04,119931779072.69,702409003750.37,77151172263.54
2022-05-15,30086.74,31460.0,29480.0,31328.89,46275.66912,1016769.0,2056.47,2167.0,2000.68,2145.29,514398.2587,677163.0,52.43,59.31,49.63,58.83,3885558.77,477977.0,9.114333333333334e-05,8.101333333333334e-05,-6.807666666666667e-05,593719000000.0,258345620834.8336,19711959025.116,10.0,44.4245,19.2511,1290062500750.44,90067337736.89,716958394507.52,61491592130.13
2022-05-16,31328.89,31328.9,29087.04,29874.01,73082.19658,1561954.0,2145.29,2145.29,1979.12,2023.66,822070.8531,1046115.0,58.83,58.83,51.89,53.79,5418221.63,627274.0,7.941e-05,6.555333333333333e-05,-0.0001296666666666,569124000000.0,244320114332.4997,18157443633.385303,14.0,44.4585,19.3324,1340727354741.77,76918927624.34,744659809611.58,51083708667.13
2022-05-17,29874.01,30788.37,29450.38,30444.93,56724.13307,1175382.0,2023.66,2122.42,2008.0,2090.72,568249.0448,820184.0,53.8,58.22,53.04,57.02,4346066.59,531717.0,4.665e-05,-2.4883333333333333e-05,-0.00011243,579601000000.0,252835014001.82608,19243205920.76212,8.0,44.5311,19.1369,1276945482042.39,88943005329.11,708307009809.32,56328473636.52
2022-05-18,30444.93,30709.99,28654.47,28715.32,59749.15799,1379212.0,2090.72,2110.72,1908.0,1915.11,631577.2341,803676.0,57.01,57.85,49.38,49.93,4470848.03,517406.0,-3.2720000000000005e-05,-5.493333333333335e-06,-5.973333333333334e-05,547884000000.0,232096764910.0308,16868357193.850126,12.0,44.2063,19.2706,1310623492596.71,78334689676.88,731245197988.45,49235262655.15
2022-05-19,28715.33,30545.18,28691.38,30319.23,67877.36415,1860780.0,1915.11,2040.39,1903.18,2019.55,741476.9794,946509.0,49.93,54.09,48.2,52.2,4794335.94,513106.0,4.249333333333333e-05,-3.753333333333335e-06,-3.1003333333333335e-05,576220000000.0,243645372231.2092,17538782537.791027,13.0,44.6101,18.8897,1226040356031.56,79312434278.8,679103084701.14,48028803020.84
2022-05-20,30319.22,30777.33,28730.0,29201.01,60517.25325,1694004.0,2019.55,2064.0,1923.0,1959.08,576981.5371,840589.0,52.2,53.62,47.81,49.43,4811635.67,499246.0,0.0001,8.882333333333333e-05,-1.553e-05,556558000000.0,237104421494.0905,16851257989.883743,13.0,44.9443,18.9877,1284446454170.97,84007749705.03,707160844816.78,50239748121.99
2022-05-21,29201.01,29656.18,28947.28,29445.06,20987.13124,643486.0,1959.08,1990.86,1937.36,1975.07,238869.7632,417873.0,49.42,51.21,48.43,50.31,1969104.94,222550.0,6.699999999999998e-07,2.3206666666666662e-05,-4.778e-05,560311000000.0,238549242171.84888,17064856450.792135,13.0,44.5702,18.9961,1247747612485.61,76165061493.88,691624082370.41,1011034161794234.0
2022-05-22,29445.07,30487.99,29255.11,30293.94,36158.98748,862880.0,1975.06,2056.41,1966.33,2043.19,355735.1927,540257.0,50.3,53.2,49.69,52.48,2723718.45,254086.0,3.1156666666666666e-05,6.534666666666666e-05,1.7276666666666667e-05,577702000000.0,247130959871.59573,17888899923.497368,14.0,44.5083,18.9495,1259469044786.43,50221546604.78,698900904904.81,32948568069.31
2022-05-23,30293.93,30670.51,28866.35,29109.15,63901.49932,1328317.0,2043.19,2088.5,1957.12,1973.32,636085.0224,809254.0,52.48,54.68,48.61,49.17,4201654.88,434398.0,0.0001,0.0001,7.150333333333333e-05,554038000000.0,238218263509.6816,16642094918.417269,10.0,44.6067,19.0759,1294498240079.56,60071895372.73,717065770674.33,38439257033.96
2022-05-24,29109.14,29845.86,28669.0,29654.58,59442.96036,946421.0,1973.33,1993.83,1913.02,1979.41,534096.972,598082.0,49.17,50.85,47.1,49.67,3645448.65,303032.0,-3.385333333333333e-05,-5.590333333333334e-05,-0.0001291033333333,564647000000.0,239112495204.015,16851089685.00507,12.0,44.2864,19.05,1251603961234.32,83845649277.51,697314102517.19,52366789803.29
2022-05-25,29654.58,30223.74,29294.21,29542.15,59537.38659,985440.0,1979.4,2022.34,1934.61,1942.63,524786.3091,600224.0,49.67,50.55,47.57,47.98,3294918.76,248168.0,7.893e-05,5.884e-05,3.694666666666666e-05,563404000000.0,235090092905.5696,16323477791.974363,11.0,44.5116,18.8536,1269044934413.2,70618686606.32,704173103008.23,44006202253.44
2022-05-26,29542.14,29886.64,28019.56,29201.35,94581.65463,1431112.0,1942.64,1966.01,1735.0,1792.23,1168740.57514,1124028.0,47.97,48.66,41.69,43.44,7025986.74,474015.0,6.079e-05,-3.5200000000000023e-06,-7.765e-05,558768000000.0,218591374583.3834,14826427095.511517,12.0,44.7126,18.6726,1259528121492.91,70677604885.02,696359872314.58,43149195398.77
2022-05-27,29201.35,29397.66,28282.9,28629.8,90998.5201,1321406.0,1792.24,1822.26,1703.0,1727.27,1296693.28537,1226454.0,43.44,43.95,39.93,41.17,7547814.8,510421.0,0.0001,5.0656666666666666e-05,-4.990333333333333e-05,545069000000.0,208165229119.1452,13888421645.904188,12.0,45.8416,17.935,1215915464317.68,95985042148.4,658520717801.58,59206839060.1
2022-05-28,28629.81,29266.0,28450.0,29031.33,34479.35127,684423.0,1727.26,1808.98,1722.26,1792.22,558271.1818,645423.0,41.18,45.08,40.33,44.25,4317517.06,307558.0,9.570666666666668e-05,6.502666666666667e-05,-8.486666666666666e-06,553352000000.0,216942111247.90784,15069133998.968552,13.0,46.0219,17.6048,1184959234425.29,94646223757.36,639618160719.2,58071224283.0
2022-05-29,29031.33,29587.78,28839.21,29468.1,27567.34764,635311.0,1792.21,1827.4,1759.96,1813.64,432430.611,447003.0,44.24,45.67,41.79,44.98,4628871.1,299730.0,0.0001,4.531333333333333e-05,3.141666666666667e-05,560705000000.0,219069721204.6877,15223996753.756964,14.0,45.7336,17.932,1209009255029.13,53368296305.52,656085551964.05,34116939414.68
2022-05-30,29468.1,32222.0,29299.62,31734.22,96785.9476,1380410.0,1813.64,2013.0,1803.18,1998.78,814922.8359,848129.0,44.98,48.39,44.27,47.22,5476313.14,349733.0,0.0001,6.038e-05,9.613e-05,604667000000.0,241526869241.3431,16038703888.846869,10.0,45.8227,17.9041,1224305629472.27,50284426004.87,663295577937.8,32189486262.96
2022-05-31,31734.23,32399.0,31200.01,31801.04,62433.11632,1161340.0,1998.78,2016.45,1925.0,1941.9,751103.4226,791367.0,47.22,48.24,44.56,45.77,4479536.73,309278.0,0.0001,9.253666666666668e-05,0.0001,606515000000.0,235602013781.60263,15581445232.356691,16.0,46.0102,18.3848,1313815238862.78,90273700055.32,709325857531.01,50993253165.82
2022-06-01,31801.05,31982.97,29301.0,29805.83,103395.63382,1404611.0,1941.9,1972.58,1763.75,1817.95,1037841.2706,973159.0,45.78,46.12,39.51,40.11,4778696.94,336469.0,0.0001,0.0001,0.0001,568330000000.0,221145874083.43643,13690608377.042944,17.0,46.2762,17.9517,1309096207704.8,88598223382.43,703295996417.93,55059740671.73
2022-06-02,29805.84,30689.0,29594.55,30452.62,56961.42928,1086183.0,1817.96,1853.05,1782.42,1834.08,788784.4017,793304.0,40.11,41.65,38.13,40.85,5153870.27,360847.0,9.733333333333334e-06,-9.266666666666656e-07,-5.117666666666667e-05,581283000000.0,222107306455.8592,13917709858.74606,13.0,46.0094,17.8758,1234102908925.65,97264390742.05,666300146266.74,56128134990.03
2022-06-03,30452.63,30699.0,29282.36,29700.21,54067.44727,993769.0,1834.09,1843.91,1737.0,1775.12,741282.5346,807046.0,40.86,41.54,37.63,38.28,4437324.64,344798.0,7.009999999999998e-06,5.999666666666666e-05,2.339e-05,565268000000.0,214620701244.5077,12961563114.781467,10.0,46.1783,17.655,1257315278519.81,71963363050.54,676708771201.53,42879851680.59
2022-06-04,29700.21,29988.88,29485.0,29864.04,25617.90113,618037.0,1775.13,1816.0,1748.43,1804.58,388279.4579,402734.0,38.28,39.5,35.71,39.0,3736176.79,265233.0,3.523666666666666e-05,7.666666666666667e-05,-4.125666666666666e-05,567767000000.0,217755960034.3364,13172140346.712145,14.0,46.2449,17.552,1224144161697.26,62692992854.92,658039421796.78,36517034507.0
2022-06-05,29864.03,30189.0,29531.42,29919.21,23139.9281,604680.0,1804.58,1830.17,1773.05,1806.23,371974.5061,403935.0,39.02,40.22,37.85,38.52,3618511.38,243413.0,3.979666666666667e-05,4.8393333333333336e-05,-7.555333333333333e-05,570138000000.0,218581911523.6266,13102371023.121136,10.0,46.1115,17.6876,1233065389887.51,44175826409.59,664479968190.01,27587491902.96
2022-06-06,29919.2,31765.64,29890.23,31373.1,68836.92456,1124745.0,1806.22,1920.0,1804.35,1859.84,804250.3567,817039.0,38.53,44.87,38.33,42.39,6823258.3,488023.0,8.564e-05,9.865666666666668e-05,5.0133333333333343e-05,597196000000.0,224823040845.44983,14412765221.657663,13.0,46.1904,17.7111,1234089501735.15,45151931584.01,664058147530.32,27887503346.28
2022-06-07,31373.1,31589.6,29218.96,31125.33,110674.51658,1743957.0,1859.84,1874.98,1725.13,1813.33,1397598.2288,1225296.0,42.39,42.8,37.12,39.31,7677286.83,523590.0,-1.3129999999999998e-05,2.695e-05,-8.533333333333342e-06,594201000000.0,219457975480.186,13419058708.382671,15.0,46.8338,17.6324,1276723377196.49,72936300242.03,678785638259.5,40988163073.67
2022-06-08,31125.32,31327.22,29843.88,30204.77,68542.61276,1236327.0,1813.33,1838.77,1765.28,1791.88,941510.1373,820627.0,39.32,40.96,38.28,38.83,3988154.3,283280.0,0.0001,9.013666666666667e-05,-1.3123333333333335e-05,576190000000.0,217293999357.56848,13251217911.08752,17.0,47.0657,17.4103,1261682263786.71,92670845981.42,667862492613.83,51900035296.92
2022-06-09,30204.77,30700.0,29944.1,30109.93,46291.1865,841562.0,1791.88,1833.0,1777.33,1788.81,535310.9618,528098.0,38.83,41.97,38.44,39.96,4587327.75,285547.0,9.702e-05,8.473666666666666e-05,1.7700000000000006e-06,573098000000.0,216429811470.61697,13642166188.782032,11.0,46.4924,17.5326,1238829879210.49,72744502058.87,662867865049.26,42503169249.35
2022-06-10,30109.93,30382.8,28850.0,29091.88,76204.2498,1258608.0,1788.8,1804.32,1655.93,1662.91,955035.79239,990969.0,39.96,40.9,36.8,37.17,4364643.34,313613.0,7.597333333333333e-05,3.051333333333333e-05,1.4796666666666668e-05,554175000000.0,201351016647.2203,12696351938.524193,13.0,46.3917,17.5187,1237318651528.38,58778745667.02,663305412282.42,37087365160.47
2022-06-11,29091.87,29440.41,28099.99,28424.7,65901.39895,1084163.0,1662.91,1682.21,1496.74,1532.89,1220325.2542,1030360.0,37.17,37.93,33.17,33.93,4638154.317,300132.0,2.9156666666666668e-05,-0.0001379666666666,-0.0001694733333333,540674000000.0,185261478930.206,11576697530.923023,12.0,46.7029,16.9883,1187216558811.33,70660931568.92,632752509486.41,40792914231.59
2022-06-12,28424.71,28544.96,26560.0,26574.53,92474.598809,1451271.0,1532.89,1547.0,1423.0,1434.84,1563225.37018,1192382.0,33.94,34.5,30.56,30.61,6810748.104,400837.0,3.667333333333333e-05,-7.588666666666667e-05,-0.0002806466666666,511521000000.0,175574210345.81076,10604543024.272455,14.0,47.473,16.2683,1139214785477.76,70005818026.08,598395195366.01,42757596244.21
2022-06-13,26574.53,26895.84,21925.77,22487.41,254611.034966,3261484.0,1434.84,1455.0,1165.45,1209.82,3626351.66536,3047112.0,30.6,31.11,26.05,28.6,13336972.466,802782.0,6.180000000000001e-06,-1.2613333333333337e-05,-0.0002716,425479000000.0,144430654812.88116,9442951383.537691,11.0,47.1652,16.184,1081333363726.9,83361542617.46,571319902382.16,49187809540.9
2022-06-14,22485.27,23362.88,20846.0,22136.41,187201.64671,2583151.0,1209.35,1268.45,1075.8,1208.9,2716493.80131,2225812.0,28.59,32.32,25.86,29.59,11437619.27,671181.0,-3.711666666666666e-05,-4.042e-05,-0.0001861,420857000000.0,146066594196.06732,10119390803.940771,8.0,45.376,15.4455,944917063345.24,152394396672.49,516151498392.78,84196344221.27
2022-06-15,22136.42,22800.0,20111.62,22583.72,200774.493467,2847831.0,1208.9,1250.0,1014.4,1237.52,3114823.13621,2868796.0,29.59,34.86,26.79,34.76,12673444.09,806141.0,-3.3276666666666666e-05,-7.584e-05,-6.951666666666667e-05,429418000000.0,148865676425.0724,11745382283.7103,7.0,44.8693,15.5598,943479821065.54,115227136776.74,520146623828.51,64317962626.81
2022-06-16,22583.72,22995.73,20232.0,20401.31,99673.59429,1690477.0,1237.53,1257.85,1051.55,1068.5,1447386.8304,1443117.0,34.75,36.0,29.52,30.12,10418712.66,605517.0,-1.6386666666666667e-05,-1.750666666666667e-05,-6.106e-05,387288000000.0,128706846154.83586,10228355295.158323,7.0,44.4301,15.4275,968860131733.83,126848423848.75,538394930414.88,71930969725.52
2022-06-17,20400.6,21365.43,20246.66,20468.81,86694.33663,1352992.0,1068.5,1118.0,1051.11,1086.94,1220677.9491,1118997.0,30.12,32.19,29.26,30.71,6274370.5,359804.0,-2.205333333333333e-05,-0.0001100733333333,-0.0001758733333333,390254000000.0,131744481000.19676,10563434222.648409,9.0,44.1221,14.6908,880972456707.04,75567867300.0,492268833886.02,44382224680.2
2022-06-18,20468.81,20792.06,17622.0,18970.79,196441.655524,2467372.0,1086.93,1097.58,881.56,995.13,2308983.5187,1911260.0,30.72,32.06,27.15,32.02,9330644.34,555711.0,5.719333333333333e-05,-0.0001468233333333,-8.365666666666667e-05,362596000000.0,120337019924.0372,10840029278.91068,6.0,43.7969,14.7731,891411077791.7,62276843388.07,501001022268.52,35145786612.64
2022-06-19,18970.79,20815.95,17960.41,20574.0,128320.87595,1950660.0,995.12,1158.62,936.15,1128.53,2018599.4499,1796154.0,32.01,35.4,28.68,34.19,9253122.78,592879.0,2.3076666666666665e-05,-8.804e-05,-6.747666666666667e-05,390809000000.0,136299547861.0235,11665884229.478502,6.0,43.1871,14.3437,839650962999.44,87173093137.72,477029910599.91,45164313322.93
2022-06-20,20574.0,21090.0,19637.03,20573.89,109028.94154,1639448.0,1128.53,1170.0,1053.0,1128.24,1721772.9132,1585055.0,34.19,36.9,31.73,35.24,8218146.8,564975.0,2.1376666666666665e-05,5.422666666666667e-05,6.419000000000001e-05,392340000000.0,136072433439.15392,12042683531.23714,9.0,43.4868,15.1665,901399351176.46,79134402796.83,509409495336.11,43804355270.1
2022-06-21,20573.9,21723.0,20348.4,20723.52,104371.0749,1515321.0,1128.24,1194.0,1109.23,1125.85,1306095.3757,1295971.0,35.25,39.19,34.2,36.42,7429098.76,524268.0,5.665e-05,5.347666666666667e-05,-4.883e-05,394585000000.0,136379167784.41676,12377249253.971846,9.0,43.3419,15.0838,906369414385.51,73377981928.47,513531389627.01,42561786921.01
2022-06-22,20723.51,20900.0,19770.51,19987.99,92133.97938,1394981.0,1125.86,1127.33,1043.65,1050.19,1306959.8593,1132300.0,36.42,36.87,33.65,34.12,6494707.01,407107.0,-1.4813333333333334e-05,-5.3733333333333336e-05,-9.516666666666668e-05,381533000000.0,127623165236.84496,11747945087.02986,11.0,43.2466,14.9326,913620025532.34,70911680866.03,518510296351.46,41940962732.56
2022-06-23,19988.0,21233.0,19890.07,21110.13,83127.08716,1207858.0,1050.19,1155.0,1045.3,1144.72,1278257.0899,1031001.0,34.13,38.65,33.91,38.15,7002610.45,443012.0,-1.7016666666666666e-05,-7.018333333333334e-05,-3.746666666666665e-06,402415000000.0,138823650847.41077,13068154592.425703,11.0,43.1704,14.4378,883095045011.47,65176705807.12,501858981982.98,36602101861.34
2022-06-24,21110.12,21558.41,20736.72,21237.69,77430.36622,1309709.0,1144.71,1245.43,1132.0,1225.02,1337137.483,1232149.0,38.15,42.92,37.67,41.91,6583046.23,463015.0,8.668666666666667e-05,7.349666666666667e-05,-3.3099999999999984e-06,406288000000.0,149651322307.27896,14532446760.503056,11.0,43.267,14.9161,929596227295.69,61523435492.31,527387990270.66,35331331005.26
2022-06-25,21237.68,21614.5,20906.62,21491.19,51431.67794,874540.0,1225.02,1256.77,1180.0,1242.36,861986.6177,824872.0,41.91,42.64,39.73,42.22,4294211.07,334804.0,7.540333333333334e-05,-4.333333333333312e-07,3.134e-05,409534000000.0,150701258945.9857,14485872722.141285,14.0,42.4017,15.5771,955238172988.68,66174094513.22,550201029600.49,41216325733.59
2022-06-26,21491.18,21888.0,20964.73,21038.07,53278.10464,885306.0,1242.31,1280.0,1194.6,1197.79,884184.273,812743.0,42.22,42.49,39.14,39.39,4024143.84,308030.0,6.889666666666667e-05,1.4383333333333337e-05,6.135333333333333e-05,401891000000.0,146076143695.3649,13552810978.9268,14.0,42.4985,15.6262,965084267347.38,50874543851.27,554937744754.53,32499448320.29
2022-06-27,21038.08,21539.85,20510.0,20742.56,64475.0013,1002214.0,1197.79,1238.93,1172.49,1192.51,868734.2061,794157.0,39.39,41.25,37.9,38.52,4172937.4,289594.0,5.8183333333333336e-05,-6.060333333333333e-05,-6.51e-05,395889000000.0,144959050958.28967,13211696204.296516,12.0,42.5996,15.4557,941715698414.9,51243900209.17,540548763074.57,33218141449.3
2022-06-28,20742.57,21212.1,20202.01,20281.29,63801.0832,1064497.0,1192.51,1237.99,1136.32,1144.05,1104065.2211,952584.0,38.5,39.9,35.02,35.35,5581335.85,361164.0,-1.921333333333333e-05,1.6056666666666668e-05,-7.404e-05,386599000000.0,138651317703.27032,12095767964.086157,10.0,42.3442,15.5,934175654099.83,54885227157.38,538606323440.4,33919386770.26
2022-06-29,20281.28,20432.31,19854.92,20123.01,77309.04379,1210636.0,1144.05,1156.8,1087.42,1100.21,1295517.796,1145867.0,35.34,36.12,33.1,34.05,5755278.44,362853.0,5.947333333333333e-05,2.0156666666666663e-05,2.303333333333333e-06,383140000000.0,132963968244.80232,11574460102.740429,13.0,42.5861,15.2839,908640044126.71,57125007131.97,521685757242.03,35744728758.27
2022-06-30,20123.0,20179.08,18626.0,19942.21,93846.64806,1438163.0,1100.21,1106.62,998.0,1071.01,1420670.3656,1180758.0,34.06,34.2,30.92,33.76,5337105.46,344452.0,-6.904666666666666e-05,-8.330333333333333e-05,-3.260666666666667e-05,368886000000.0,126388681433.44511,11304742983.375082,11.0,42.7807,14.8734,896757783095.82,62401180840.2,513118791995.73,38847032969.37
2022-07-01,19942.21,20918.35,18975.0,19279.8,111844.59494,1668363.0,1071.02,1117.0,1033.44,1059.73,1562255.1439,1218279.0,33.76,35.4,31.82,32.84,6155756.76,368256.0,-4.5803333333333336e-05,-6.079333333333333e-05,-8.045333333333333e-05,369077000000.0,129382045152.85216,11337970814.460226,11.0,42.7439,14.6589,884026054929.61,65299942090.58,506158811429.6,39000265074.95
2022-07-02,19279.8,19467.39,18977.01,19252.81,46180.3021,833508.0,1059.73,1078.88,1028.29,1067.01,714812.0804,608900.0,32.85,34.14,31.87,33.36,2740500.19,183520.0,1.475e-05,-3.085e-05,-5.856333333333333e-05,366994000000.0,127466552086.3607,11437257688.693316,14.0,42.3618,14.8187,868145263703.86,68822231399.92,500383710454.16,38075350296.27
2022-07-03,19252.82,19647.63,18781.0,19315.83,51087.46631,880786.0,1067.01,1088.34,1040.78,1074.26,644746.3337,562962.0,33.36,33.77,32.14,33.39,2394572.39,154731.0,5.2e-05,2.699999999999993e-06,-1.9416666666666667e-05,367863000000.0,128338498454.1918,11458033640.85787,11.0,42.174,14.8682,870694559732.85,44011118725.7,503487606650.96,25912772285.99
2022-07-04,19315.83,20354.01,19055.31,20236.71,74814.04601,1282843.0,1074.26,1160.9,1045.37,1151.0,1150108.9861,842895.0,33.4,36.94,32.45,36.71,4064615.13,246563.0,4.89e-05,1.999999999999999e-06,-4.685333333333333e-05,386008000000.0,137493330350.96127,12588583929.528164,14.0,42.1532,14.9208,873658987260.77,39463136646.21,505384078871.75,23071992067.77
2022-07-05,20236.71,20750.0,19304.4,20175.83,96041.13756,1612273.0,1151.01,1174.9,1076.34,1132.5,1398961.4495,1130646.0,36.71,36.99,33.03,35.4,6098472.04,352757.0,5.137e-05,2.288333333333333e-05,-5.209666666666667e-05,385397000000.0,135643268936.77174,12150703566.041344,19.0,42.3624,15.3314,911335062932.44,53360378667.25,525271887894.9,31765830713.32
2022-07-06,20175.84,20675.22,19761.25,20564.51,82439.5808,1472221.0,1132.51,1205.0,1111.44,1186.57,1211768.0757,1040498.0,35.41,37.65,34.8,37.04,5298552.9,333851.0,9.457666666666668e-05,8.124333333333333e-05,2.8076666666666665e-05,392426000000.0,142289769651.10773,12744046398.052383,18.0,42.5774,15.2217,905158500281.15,64540257339.01,519765730184.9,37825372596.16
2022-07-07,20564.51,21838.1,20251.68,21624.98,85014.58261,1653722.0,1186.57,1254.29,1163.18,1237.49,1001316.079,877397.0,37.04,39.29,36.39,38.46,4091777.28,262606.0,8.424666666666666e-05,8.963666666666668e-05,4.316666666666668e-06,413258000000.0,148095582469.43347,13212260420.608706,18.0,42.4769,15.6117,923318115009.18,59198855208.79,531121337936.68,34600073778.21
2022-07-08,21624.99,22527.37,21189.26,21594.75,403081.57349,4358216.0,1237.49,1276.46,1193.15,1214.04,1189518.3631,1233964.0,38.46,39.72,36.46,38.12,5277992.76,354548.0,6.737333333333334e-05,8.501666666666667e-05,7.31e-06,416379000000.0,147252454983.8383,13266162668.49494,20.0,43.0949,15.6838,958373466358.13,59383106871.45,545363648531.78,33567923569.26
2022-07-09,21594.75,21980.0,21322.12,21591.83,178417.84468,3524386.0,1214.03,1235.4,1204.67,1217.02,576337.1809,716361.0,38.12,38.95,37.77,38.06,2088073.86,145253.0,8.714333333333334e-05,3.669666666666666e-05,7.083000000000001e-05,412034000000.0,145539556071.01944,13141288142.112392,24.0,43.3738,15.5305,956068228844.79,86167770987.68,541384747173.57,36261975538.52
2022-07-10,21592.15,21607.65,20655.0,20862.47,192188.21556,3434401.0,1217.02,1219.95,1153.0,1168.36,1018038.6506,680105.0,38.06,38.14,36.26,36.71,2181587.6,148125.0,9.987333333333332e-05,7.049333333333334e-05,8.666000000000001e-05,397661000000.0,139595105286.28983,12657506009.994965,24.0,43.0712,15.4484,956960576045.51,54247860579.89,544786099740.3,24617599388.72
2022-07-11,20861.11,20868.48,19875.23,19963.61,137535.40724,3232941.0,1168.37,1171.29,1091.71,1096.4,1201652.3048,1165044.0,36.71,36.73,33.24,33.42,2927967.37,204049.0,6.759666666666666e-05,3.729e-05,8.713666666666667e-05,381264000000.0,131180970498.21152,11559616579.12009,22.0,42.913,15.2964,927919604901.18,55230620788.84,529721129096.79,26540736006.05
2022-07-12,19963.61,20059.42,19240.0,19328.75,139506.45862,3626399.0,1096.37,1098.26,1033.46,1038.58,1261349.6321,1142194.0,33.42,34.61,32.6,32.68,3202970.4,204957.0,5.7010000000000005e-05,-2.059e-05,-9.253333333333332e-06,369211000000.0,124468148531.8646,11356872088.38364,16.0,42.8833,14.9959,889072921269.98,53495882651.63,507809453353.77,29345529563.5
2022-07-13,19331.28,20366.61,18910.94,20234.87,209250.24888,4789109.0,1038.58,1119.18,1006.32,1115.0,2035605.8299,1423956.0,32.69,35.08,31.82,34.94,4798032.13,275893.0,-6.016666666666666e-06,-0.00016783,-0.00010382,384815000000.0,132810600835.53915,12036686678.094776,15.0,42.7148,14.606,863767929602.87,55226540928.34,494811522745.3,29415047288.48
2022-07-14,20234.87,20900.0,19616.07,20588.84,174809.21696,4576355.0,1115.01,1214.65,1072.11,1193.42,1605101.9262,1611421.0,34.94,37.31,33.58,37.15,5214767.02,275359.0,4.5026666666666674e-05,-5.558e-05,3.868e-05,392416000000.0,142501378634.28723,12797893092.230574,18.0,42.8439,15.0251,900717591718.62,71605337185.61,514815161642.33,38561704993.35
2022-07-15,20588.84,21200.0,20382.29,20830.04,143343.3049,4411375.0,1193.42,1287.82,1181.05,1231.25,1466037.2584,1170632.0,37.14,39.1,36.49,37.36,4440629.04,281361.0,4.086333333333333e-05,4.738e-05,7.595666666666667e-05,397755000000.0,147862861201.80948,12945316361.621162,15.0,42.4781,15.6635,924679773714.18,69477851265.52,531893139172.77,38319459476.25
2022-07-16,20830.04,21588.94,20478.61,21195.6,121011.67393,3723401.0,1231.25,1422.91,1191.23,1355.85,1493809.9226,1678529.0,37.36,40.41,36.35,39.58,3945225.2,259342.0,4.950333333333333e-05,5.383000000000001e-05,7.524333333333333e-05,404740000000.0,161898074874.31604,13673548332.222338,21.0,42.5083,16.0144,935912347104.07,64033096683.96,538072370127.82,38127528901.23
2022-07-17,21195.6,21684.54,20750.01,20798.16,118229.4525,4261057.0,1355.84,1387.0,1319.04,1338.65,1246202.8795,1163593.0,39.59,41.09,38.29,38.62,3795951.41,253441.0,8.915666666666667e-05,3.1230000000000004e-05,0.0001,397720000000.0,161042677262.54767,13400025844.217169,24.0,41.8671,17.0166,966593664917.4,61101459536.86,561908873752.47,36797286249.03
2022-07-18,20799.58,22777.63,20762.45,22432.58,239942.73132,6564387.0,1338.65,1597.47,1336.07,1581.04,2029918.76521,1750043.0,38.61,44.07,38.55,43.52,6300282.95,446880.0,0.0001,1.456e-05,8.318666666666667e-05,425957000000.0,187784269382.8644,14762621392.467062,20.0,41.6174,17.0707,953526446987.57,58301396592.48,556693610240.67,35373211974.18
2022-07-19,22432.58,23800.0,21579.54,23396.62,263770.76574,6488375.0,1581.03,1631.0,1493.11,1542.32,1846048.6816,1818358.0,43.52,47.36,42.54,44.87,7876651.82,674599.0,0.0001,8.080666666666667e-05,0.0001,446324000000.0,185071227164.6978,15550575061.539928,30.0,41.3531,18.493,1037991980400.82,96995594449.72,608750165476.56,56996405586.79
2022-07-20,23398.48,24276.74,22906.19,23223.3,238762.17094,6364038.0,1542.33,1620.4,1484.23,1521.58,1351177.4247,1506300.0,44.87,46.3,41.24,42.04,6380441.74,477417.0,9.372666666666669e-05,1.3763333333333336e-05,0.0001,444620000000.0,182394258325.29907,14570642995.654734,31.0,42.2897,17.764,1056348564754.33,108298181019.02,609621864767.05,59547004045.35
2022-07-21,23223.3,23442.77,22341.46,23152.19,184817.68191,4808194.0,1521.63,1605.98,1463.56,1575.45,1247327.4963,1282430.0,42.03,44.24,39.64,43.11,6134099.29,428346.0,0.0001,0.0001,0.0001,442183000000.0,189040447758.2468,14945843495.208332,34.0,42.7167,17.8018,1038728376196.05,95960356171.54,595017599712.74,53027649174.02
2022-07-22,23152.19,23756.49,22500.0,22684.83,171598.43966,4745582.0,1575.45,1650.05,1516.11,1535.27,1170723.0873,1295899.0,43.1,44.33,40.03,40.54,4495729.55,328365.0,8.390666666666666e-05,9.772333333333336e-05,0.0001,433679000000.0,184039520152.1305,14038592402.096909,33.0,42.0842,18.2443,1051291271400.53,77193189873.52,608864222301.37,43563317805.49
2022-07-23,22684.83,23000.77,21934.57,22451.07,122137.77375,3762227.0,1535.27,1596.51,1488.0,1548.67,851284.7339,950665.0,40.54,41.91,38.6,39.97,3421971.49,249647.0,6.688e-05,7.334666666666667e-05,7.733666666666666e-05,429465000000.0,185722279885.0937,13857954587.262856,31.0,42.0438,18.1279,1031757201913.72,72049344884.78,597967534619.45,40629588636.84
2022-07-24,22448.58,23014.64,22257.15,22579.68,115189.67277,3671238.0,1548.66,1664.34,1545.67,1597.7,1009935.8997,1238522.0,39.97,42.1,39.47,40.93,3327219.47,227835.0,7.354333333333333e-05,0.0001,4.8053333333333336e-05,432712000000.0,192081070084.68048,14231136503.844072,30.0,41.6834,18.3101,1029480335962.46,59283284890.87,600357824645.83,35260595072.89
2022-07-25,22577.13,22666.0,21250.0,21310.9,180344.76643,4807238.0,1597.7,1609.55,1435.58,1440.79,1418390.9809,1407648.0,40.93,41.09,36.56,36.65,4237919.99,308984.0,4.519e-05,5.433333333333334e-05,2.780666666666667e-05,410896000000.0,175134039522.4514,12878690289.07076,30.0,41.5157,18.7079,1040257197191.05,58279935786.75,608387508130.15,34713544932.11
2022-07-26,21310.9,21347.82,20706.5,21254.67,177817.24326,4545385.0,1440.79,1454.11,1356.17,1449.12,1199643.7408,1175787.0,36.66,36.84,34.67,36.25,4496178.57,324317.0,7.437666666666666e-05,7.947e-05,4.827333333333333e-05,404641000000.0,171503988789.60364,12479386820.523548,26.0,41.7031,17.976,978521062470.84,76102664448.07,570447893657.11,40525123870.27
2022-07-27,21254.67,23112.63,21042.53,22952.45,210971.19796,5475738.0,1449.12,1644.44,1420.83,1635.74,1513426.0413,1547390.0,36.26,40.55,35.68,40.23,5860676.17,388367.0,4.209e-05,4.09e-05,2.0093333333333333e-05,437459000000.0,195618477081.88184,13878012637.723372,28.0,41.5787,17.9796,976010072010.68,66286352332.57,570197789005.68,37655627257.08
2022-07-28,22954.31,24199.72,22582.13,23842.93,236029.0741,6500034.0,1635.74,1784.79,1593.27,1724.52,1578145.07555,1719118.0,40.23,44.15,39.03,42.91,6754342.15,450997.0,9.743e-05,0.0001,0.0001,455445000000.0,206699861506.0605,14841136205.95508,32.0,41.5412,18.8843,1054678227732.53,83900307501.79,616552689965.67,52147246238.47
2022-07-29,23845.25,24442.66,23414.03,23773.75,198298.50623,6221401.0,1724.52,1765.99,1655.02,1721.68,1205266.5703,1439533.0,42.92,44.42,41.13,41.91,4949319.15,385431.0,0.0001,0.0001,0.0001,457609000000.0,209293599216.16647,14696130017.982847,39.0,41.6027,19.1815,1095068233082.87,104736164002.52,639489815401.82,64525938347.96
2022-07-30,23777.28,24668.0,23502.25,23643.51,151060.13211,4801528.0,1721.68,1744.85,1673.01,1697.0,735132.5286,1028313.0,41.92,46.65,41.41,43.84,5388479.3,403313.0,0.0001,8.349666666666667e-05,0.0001,451376000000.0,202942892711.77377,15130487071.28218,42.0,41.3935,19.1432,1098632382007.06,100324318668.74,643869531731.45,64435598941.87
2022-07-31,23644.64,24194.82,23227.31,23293.32,127743.32483,4463721.0,1697.0,1754.69,1666.0,1678.12,696326.8079,886708.0,43.84,45.21,42.22,42.35,3287571.37,264416.0,8.760333333333334e-05,6.653e-05,0.0001,446289000000.0,201743475471.09503,14706434809.408232,39.0,41.3647,18.8994,1092674957538.31,78383131427.77,640693763628.14,50237045105.65
2022-08-01,23296.36,23509.68,22850.0,23268.01,144210.16219,4775213.0,1678.12,1704.68,1606.12,1630.28,801566.5648,1029570.0,42.34,43.26,40.57,41.65,3302835.44,238614.0,8.816333333333335e-05,8.702666666666667e-05,7.073333333333334e-05,445839000000.0,196148217662.8583,14442770771.92192,33.0,41.1967,18.9172,1082465015425.74,71721670030.5,636525637620.09,48169470886.24
2022-08-02,23266.9,23459.89,22654.37,22987.79,158073.28225,5066511.0,1630.28,1678.0,1559.28,1630.91,1081964.5104,1458878.0,41.65,42.45,39.5,39.79,3598240.96,283917.0,8.539333333333333e-05,4.403333333333334e-05,2.633333333333333e-05,440125000000.0,196738193541.3911,14056173029.94232,31.0,41.3834,18.5008,1076452655518.82,72697520281.87,630980384814.93,46847240094.21
2022-08-03,22985.93,23647.68,22681.22,22818.37,145948.80995,4887642.0,1630.91,1685.03,1589.71,1618.16,777724.7413,1112406.0,39.78,40.99,37.43,38.54,8391441.54,566505.0,2.5e-06,1.403e-05,-7.523666666666666e-05,435911000000.0,193842480820.06668,13325623790.885263,34.0,41.2411,18.6786,1064857531037.37,77328206049.63,625699055963.26,48937600129.89
2022-08-04,22816.91,23223.32,22400.0,22622.98,154854.67016,4966138.0,1618.16,1662.79,1580.39,1607.96,735552.181,1051634.0,38.54,39.85,37.96,38.83,4151096.9,260009.0,1.0076666666666666e-05,5.334666666666668e-05,-3.073333333333333e-05,432464000000.0,192751365272.6725,13446810793.272936,30.0,41.0537,18.5415,1063605530517.46,67351062564.34,626955911357.45,41062354560.44
2022-08-05,22622.41,23472.86,22586.95,23312.42,175251.69749,5340569.0,1607.97,1742.07,1605.64,1736.81,1005846.4712,1404516.0,38.83,41.33,38.71,40.55,3510687.91,264360.0,3.527e-05,9.216333333333334e-05,7.456e-05,444345000000.0,207011729594.71265,14012547076.13854,31.0,40.7079,18.4417,1062431553531.93,62694689603.88,629938358058.87,37574910670.89
2022-08-06,23313.56,23354.36,22909.52,22954.21,83911.80307,3360228.0,1736.81,1749.93,1685.26,1690.6,523314.6444,752873.0,40.55,40.89,39.85,40.07,1600652.0,128622.0,8.492333333333335e-05,0.0001,0.0001,439537000000.0,203426121206.5802,13899852079.040571,31.0,40.4017,19.1561,1101827326982.49,69406924643.74,656669930197.55,40521941026.4
2022-08-07,22954.21,23402.0,22844.62,23174.39,88890.00877,3646643.0,1690.6,1729.79,1668.0,1700.19,439904.764,692491.0,40.07,41.57,39.21,40.6,1745897.7,135772.0,3.888e-05,3.507666666666667e-05,8.268666666666668e-05,442568000000.0,203683726238.9305,14069149395.142357,30.0,40.3353,18.9449,1088158476453.97,45660682726.96,649246991808.7,29684314512.24
2022-08-08,23174.39,24245.0,23154.25,23810.0,170958.44152,5892045.0,1700.2,1818.0,1693.87,1777.05,781620.5443,987727.0,40.6,43.71,40.55,42.18,3823749.6,258577.0,7.596666666666667e-05,3.825e-05,0.0001,455017000000.0,213137617470.67883,14628589452.018185,30.0,40.3736,18.8726,1097375715084.31,41713178118.06,654325997626.07,25827529264.8
2022-08-09,23810.98,23933.25,22865.0,23149.95,143182.50858,5105613.0,1777.05,1790.83,1667.93,1702.76,818171.1019,1062267.0,42.17,42.76,39.73,40.33,2832475.74,205619.0,9.306666666666667e-05,-2.892333333333333e-05,0.0001,443236000000.0,204513458639.6096,14071986077.305223,42.0,40.4696,19.2413,1124714161841.73,69830686765.15,669546543291.72,41253163481.02
2022-08-10,23151.32,24226.0,22664.69,23954.05,208916.54953,6818207.0,1702.76,1885.0,1656.78,1853.57,1317767.5127,1590681.0,40.34,42.87,39.15,42.47,4467794.94,302235.0,2.902333333333333e-05,-1.2043333333333332e-05,8.710333333333333e-05,457342000000.0,222160021018.10425,14703391151.518768,31.0,40.4396,18.9583,1095020263036.44,65800051665.36,652198665461.3,42245080215.91
2022-08-11,23954.05,24918.54,23852.13,23934.39,249759.79557,8269994.0,1853.58,1942.0,1850.32,1880.19,1105261.9009,1324999.0,42.47,45.32,42.34,42.77,5808859.44,383537.0,7.372333333333333e-05,5.3916666666666665e-05,0.0001,457582000000.0,225460791360.47525,14872600195.396263,41.0,40.152,19.7984,1140268140392.0,89167964569.49,682427694083.71,56327459604.95
2022-08-12,23933.09,24456.5,23583.0,24403.68,174207.5704,6134163.0,1880.19,1964.71,1853.06,1958.28,717628.1015,1027178.0,42.78,45.49,42.12,45.48,3376989.68,236989.0,2.3506666666666663e-05,5.372666666666667e-05,0.0001,466433000000.0,234686968664.784,15773250463.24398,42.0,40.0835,20.0706,1142713417538.08,88820372199.68,684673435368.75,51694910968.21
2022-08-13,24401.7,24888.0,24291.22,24441.38,152852.25435,5617859.0,1958.28,2020.0,1946.5,1983.55,695876.0293,940869.0,45.49,48.38,45.27,46.6,4706648.94,385375.0,2.35e-05,4.819e-05,0.0001,467028000000.0,237884895755.7296,16234958386.669697,46.0,39.9787,20.4506,1167053952302.46,65053200477.23,700481145481.2,37785148907.22
2022-08-14,24443.06,25047.56,24144.0,24305.24,151206.14473,5473905.0,1983.55,2030.0,1906.0,1935.31,569583.4852,856767.0,46.59,48.06,44.46,44.87,3476179.16,283531.0,1.1006666666666666e-05,3.885e-05,8.634333333333333e-05,464908000000.0,232526921581.58096,15679988435.624435,47.0,39.8846,20.6364,1171016455089.17,58107250470.21,703961500379.45,35119402286.94
2022-08-15,24305.25,25211.32,23773.22,24094.82,242539.54758,7488466.0,1935.32,2012.47,1872.31,1899.06,949162.3305,1295615.0,44.86,47.24,42.75,43.72,4145114.74,309527.0,-1.3426666666666666e-05,-2.5400000000000004e-05,0.0001,460525000000.0,228395240381.76944,15224512425.665842,45.0,40.0127,20.3258,1162168587472.8,61043490817.9,697153919267.14,38049552662.87
2022-08-16,24093.04,24247.49,23671.22,23854.74,179324.94821,5978567.0,1899.05,1915.0,1853.0,1876.67,622729.1499,908578.0,43.72,44.31,42.53,43.08,3604735.73,238186.0,2.0896666666666663e-05,7.666666666666695e-07,7.460666666666666e-05,456433000000.0,225406968459.0372,15045535060.99184,44.0,40.1383,20.1963,1149666537328.04,79350933435.78,688210139210.49,44229760436.33
2022-08-17,23856.15,24446.71,23180.4,23342.66,210668.68766,6901586.0,1876.67,1959.43,1818.74,1834.25,951824.8975,1179058.0,43.08,44.75,40.18,40.54,4207333.0,318727.0,3.364e-05,5.529e-05,3.095666666666667e-05,446273000000.0,220217733005.6048,14110964303.132812,41.0,40.0174,20.0744,1141282193913.31,64638103532.21,684570333219.06,36885522507.29
2022-08-18,23342.66,23600.0,23111.04,23191.2,144185.97011,6029662.0,1834.24,1882.37,1821.25,1846.39,606254.024,848806.0,40.54,41.67,39.31,39.52,2839363.98,214606.0,8.520666666666668e-05,5.075333333333333e-05,-7.079666666666667e-05,444089000000.0,222162162233.0276,13844476504.484556,30.0,40.0477,20.066,1114499232189.02,73767087926.07,668167427818.31,42834651982.28
2022-08-19,23191.45,23208.67,20783.57,20834.39,283995.87747,8860928.0,1846.39,1848.0,1602.37,1609.01,1419826.9515,1681256.0,39.51,39.59,35.25,35.81,6209609.03,433183.0,1.787333333333334e-05,5.5700000000000005e-05,-0.0002386666666666,399846000000.0,194148408800.61887,12551779293.740236,33.0,40.1951,20.4052,1104495345759.08,58465039885.26,660542599229.98,34715247817.1
2022-08-20,20834.39,21382.85,20761.9,21140.07,183041.68363,5723362.0,1609.0,1657.08,1523.67,1576.04,914615.9226,1130991.0,35.82,37.27,34.21,35.28,3873077.48,249750.0,-3.406333333333333e-05,6.016666666666666e-06,-6.310333333333333e-05,404457000000.0,189365255440.7473,12267002823.562784,29.0,39.6876,19.5638,1006016564920.7,92469208178.8,606752310457.33,51957071725.29
2022-08-21,21140.07,21800.0,21069.11,21515.61,159200.6841,5034461.0,1576.03,1646.52,1562.34,1618.13,780662.6062,1000876.0,35.28,37.09,34.51,36.47,3184917.72,198816.0,-2.9266666666666665e-05,-1.785e-05,-0.0001508633333333,412269000000.0,194866986616.33984,12772310352.620373,27.0,40.1632,19.0934,1007871584128.26,74279531752.76,603077660442.86,46688104806.55
2022-08-22,21516.7,21548.71,20890.18,21399.83,222222.04526,6443370.0,1618.13,1629.72,1529.92,1624.66,941192.8954,1193059.0,36.48,36.56,33.73,35.41,3740448.14,258622.0,-2.428666666666667e-05,2.920666666666667e-05,-0.00014999,407451000000.0,193266422629.1872,12299372967.44546,29.0,40.0316,19.2101,1028890777487.94,58461687188.73,617009519236.74,35358909339.38
2022-08-23,21400.75,21684.87,20890.14,21529.12,200967.77164,6333442.0,1624.65,1676.07,1563.76,1665.41,940246.932,1195279.0,35.42,36.11,34.24,35.68,2736678.36,193865.0,-2.1766666666666663e-05,-1.5186666666666668e-05,2.143666666666667e-05,411935000000.0,200014522872.45285,12461563827.201405,28.0,39.9431,19.3283,1024859097062.76,69584693985.49,615498551636.38,37915389527.04
2022-08-24,21529.11,21900.0,21145.0,21368.08,174383.22046,5561412.0,1665.4,1694.13,1604.92,1656.56,744667.6078,993324.0,35.69,36.4,34.31,34.89,2588768.41,181718.0,-1.7939999999999998e-05,-3.551333333333333e-05,-4.233333333333331e-06,409863000000.0,199420136290.53983,12252980776.951351,25.0,39.7518,19.5945,1035973082047.57,70024101419.66,624155452916.87,38147048744.05
2022-08-25,21368.05,21819.88,21310.15,21559.04,169915.78301,5618785.0,1656.56,1722.0,1653.68,1695.11,603090.713,869479.0,34.9,36.49,34.87,35.27,2472099.5,162625.0,2.052e-05,-2.82e-05,-8.066666666666667e-05,412998000000.0,203812887616.62628,12322138080.428753,25.0,39.7106,19.6306,1030737972278.74,69339620922.02,621425265441.13,37378358867.86
2022-08-26,21559.04,21886.77,20107.9,20241.05,273811.61955,7587244.0,1695.11,1706.45,1486.85,1508.18,1149912.8292,1488212.0,35.26,35.79,31.36,31.72,5268727.97,318521.0,1.3663333333333334e-05,5.335e-05,-0.0001712033333333,387350000000.0,181434856347.40103,11081612271.933184,27.0,39.6113,19.8571,1043190518189.12,63981451444.89,629968798636.7,32952279189.92
2022-08-27,20239.14,20402.93,19800.0,20037.6,162582.46032,5263328.0,1508.18,1518.42,1447.52,1491.06,756136.6768,1015752.0,31.72,32.25,30.86,31.53,3025394.15,193663.0,-4.498e-05,-0.00018568,-0.0003689066666666,383504000000.0,179537803748.47623,11023542339.036308,28.0,39.8135,18.9135,973690272798.25,92082679863.38,586030530295.68,49752325479.32
2022-08-28,20037.6,20171.18,19520.0,19555.61,139307.95976,4678693.0,1491.06,1511.0,1424.0,1426.76,544846.4486,756843.0,31.53,32.21,30.19,30.44,2245087.33,145442.0,-4.199e-05,-0.0001678566666666,-0.0003110933333333,376435000000.0,173310239277.9351,10706836690.846748,28.0,39.6226,18.8201,967810386075.82,68447233586.53,584338634615.72,38333580845.26
2022-08-29,19555.61,20433.62,19550.79,20285.73,210509.49545,5840323.0,1426.76,1559.99,1422.08,1551.8,826252.0831,1099487.0,30.43,32.64,30.0,32.42,3758900.71,219480.0,-9.957333333333332e-05,-0.00016169,-0.0002508,387886000000.0,186485621714.2859,11316555026.616096,24.0,39.7072,18.4846,945298873089.24,50647265612.86,569947388630.11,26270114215.44
2022-08-30,20287.2,20576.25,19540.0,19811.66,256634.35529,6593178.0,1551.79,1606.13,1473.61,1524.59,1003075.0172,1292499.0,32.42,33.16,30.64,31.47,3466845.37,216107.0,-2.712e-05,-7.316333333333334e-05,-2.046333333333333e-05,379381000000.0,184017700743.3762,11013367188.485891,27.0,39.3915,19.2412,986070848659.7,66835639464.22,597642901267.47,34206283296.7
2022-08-31,19813.03,20490.0,19797.94,20050.02,276946.60765,6389133.0,1524.59,1619.78,1524.59,1554.1,949227.6775,1471691.0,31.47,32.95,31.18,31.5,2705795.29,194947.0,2.88e-05,-1.357e-05,2.286333333333333e-05,383213000000.0,186702201725.38525,10978611579.483929,23.0,39.1399,19.2358,968007001645.5,72607626676.72,589129808179.02,38123110736.85
2022-09-01,20048.44,20208.37,19565.66,20131.46,245289.97263,5937975.0,1554.11,1599.0,1512.77,1586.16,728710.482,1195229.0,31.49,31.79,30.44,31.61,2304167.56,154540.0,5.095333333333333e-05,-2.784333333333333e-05,-3.068e-05,384777000000.0,190888312535.4319,11025551724.839636,20.0,39.2565,19.4226,977461199593.76,69485888477.77,593744059527.73,36261383192.79
2022-09-02,20132.64,20441.26,19755.29,19951.86,245986.6033,5740705.0,1586.17,1650.0,1546.41,1575.35,919009.6598,1160858.0,31.61,32.38,30.76,31.23,2327194.21,145103.0,3.948666666666667e-05,2.3066666666666667e-05,7.593333333333334e-05,381798000000.0,189734628357.319,10900246136.84548,25.0,39.0746,19.6616,985802356570.52,64006149341.26,600604265937.0,33823216530.81
2022-09-03,19950.98,20055.93,19652.72,19831.9,146639.03204,3739909.0,1575.35,1582.71,1534.28,1557.46,321397.2189,562893.0,31.23,31.29,30.8,31.12,773414.2,56763.0,3.452666666666666e-05,-0.00010727,-0.0001105433333333,379038000000.0,187163209616.6099,10870335168.46311,21.0,38.9889,19.6632,980309974525.62,62924029602.61,598097546918.85,33798325172.71
2022-09-04,19832.45,20029.23,19583.1,20000.3,145588.77893,3838915.0,1557.45,1583.66,1540.66,1579.28,296591.1166,520856.0,31.11,32.2,31.02,32.16,1302960.75,87195.0,2.723333333333333e-05,-3.9573333333333336e-05,5.115e-05,382081000000.0,189707601426.45963,11209860854.283997,20.0,38.8841,19.4929,976231655346.37,44928970333.73,596632543971.22,21316303380.59
2022-09-05,20000.3,20057.27,19633.83,19796.84,222543.01057,4657233.0,1579.29,1631.99,1556.56,1617.8,503492.937,718867.0,32.17,32.5,31.15,32.18,1545295.72,104195.0,4.089e-05,-4.806333333333333e-05,6.691666666666666e-05,378962000000.0,194188589550.14188,11257168511.175957,23.0,38.8259,19.5723,985415723231.75,46411964057.5,602819312126.94,21161450229.58
2022-09-06,19795.34,20180.0,18649.51,18790.61,356315.05718,7124384.0,1617.8,1687.4,1555.0,1559.01,1010722.8578,1294086.0,32.17,33.9,30.44,30.88,4663061.68,289160.0,1.1903333333333332e-05,-0.00010737,9.694666666666668e-05,360763000000.0,188508492333.94424,10829789499.823406,22.0,38.4261,20.0293,987113284853.46,57993227722.28,607803871580.16,29182031616.88
2022-09-07,18790.61,19464.06,18510.77,19292.84,287394.7788,5597127.0,1559.01,1657.5,1490.66,1630.0,850991.4243,1132986.0,30.88,32.94,30.31,32.69,2516005.51,148862.0,-3.1173333333333335e-05,-0.0002087766666666,-8.544e-05,369333000000.0,196738736001.70807,11476078134.231064,24.0,38.1191,20.179,946025849261.37,90056081628.9,585409049693.22,46650250591.31
2022-09-08,19292.85,19458.25,19012.0,19319.77,262813.28273,6013826.0,1630.0,1663.56,1595.06,1635.37,645124.0085,1015658.0,32.7,33.98,31.97,33.61,3062370.54,197100.0,3.2046666666666666e-05,-2.021333333333333e-05,0.0001,369852000000.0,196843473153.61243,11848892073.98784,20.0,37.8991,20.4532,974419687085.15,74759309931.72,605123859571.54,39522210947.01
2022-09-09,19320.54,21597.22,19291.75,21360.11,428919.74652,7777214.0,1635.37,1746.13,1630.51,1718.23,837458.2126,1066278.0,33.62,35.96,33.59,34.67,3748304.0,248404.0,7.104000000000001e-05,-8.195e-05,0.0001,409001000000.0,206855125688.02124,12236544007.208876,22.0,37.6546,20.3491,982761823144.78,72045179488.33,612706309897.1,39850958755.99
2022-09-10,21361.62,21810.8,21111.13,21648.34,307997.33504,5615783.0,1718.24,1789.0,1706.03,1774.12,411046.2466,687951.0,34.68,35.41,34.27,35.03,1977630.96,128469.0,9.921333333333332e-05,-0.0001389,0.0001,415768000000.0,214374253925.60724,12435811633.206907,28.0,39.1108,20.0892,1046572404358.09,100910033922.44,637249195682.77,52434843846.46
2022-09-11,21647.21,21860.0,21350.0,21826.87,280702.55149,4801844.0,1774.12,1789.0,1720.1,1766.11,409287.7263,645729.0,35.04,36.0,34.04,34.99,1999936.19,134812.0,7.942333333333334e-05,-0.0001995266666666,8.268e-05,416120000000.0,211829656693.7776,12317738145.692892,26.0,39.068,20.447,1062501927930.7,74876384006.21,647403486837.16,37966471929.32
2022-09-12,21826.87,22488.0,21538.51,22395.74,395395.61828,6979539.0,1766.12,1783.0,1693.0,1716.37,630774.6032,979874.0,34.99,38.39,34.4,37.44,5186842.63,392300.0,9.415333333333334e-05,-0.0003365133333333,7.378333333333334e-05,428244000000.0,206107986215.76984,13206721353.912731,25.0,39.2788,20.31,1061255536784.28,66970051831.45,644406709538.59,32474118323.04
2022-09-13,22395.44,22799.0,19860.0,20173.57,431915.03333,8126869.0,1716.37,1760.51,1560.54,1574.4,1134549.7256,1337439.0,37.44,39.01,32.93,33.0,6401715.44,423841.0,9.988333333333333e-05,-0.0004100066666666,4.073e-05,386144000000.0,189657949313.8574,11685000031.33824,34.0,40.1574,19.6559,1066761673362.16,93553397585.58,638377834281.31,43339879280.15
2022-09-14,20173.62,20541.48,19617.62,20226.71,340826.40151,6313052.0,1574.4,1647.01,1552.38,1638.39,764562.5393,1088561.0,33.0,34.35,32.67,34.12,3170484.22,194025.0,-7.406666666666667e-06,-0.0015526066666666,-0.00015407,387718000000.0,196873505402.55417,12029056312.487753,27.0,39.1245,19.5042,987946352969.7,102888796768.68,601417609500.03,50759878315.2
2022-09-15,20227.17,20330.24,19497.0,19701.88,333069.76076,6690974.0,1638.4,1655.2,1458.0,1472.75,1335499.8047,1748683.0,34.12,34.84,32.42,33.07,3696318.23,220136.0,3.712333333333334e-05,-0.00176439,-2.9433333333333324e-06,377211000000.0,177466041441.12543,11704676784.112787,28.0,38.7572,20.0027,1000185081910.45,77376489332.52,612541681609.54,39504432082.71
2022-09-16,19701.88,19890.0,19320.01,19803.3,283791.07064,5120935.0,1472.76,1483.35,1405.52,1433.9,693597.2425,1111984.0,33.08,33.26,31.5,32.25,2180222.56,138674.0,5.1076666666666665e-05,2.996333333333333e-05,7.102999999999999e-05,378085000000.0,172365522358.09573,11380727180.283085,20.0,39.3035,18.7618,960062701109.57,85664742459.18,582724643541.41,49274365433.7
2022-09-17,19803.3,20189.0,19748.08,20113.62,179350.24338,3862666.0,1433.9,1476.13,1409.12,1468.83,421391.3743,694945.0,32.25,33.89,32.23,33.68,1414903.11,86672.0,2.942333333333333e-05,6.474666666666666e-05,3.537e-05,385362000000.0,177125023349.09677,11949039973.574364,22.0,39.4569,18.2683,959872374393.37,66744907084.39,581136588593.96,36621222953.48
2022-09-18,20112.61,20117.26,19335.62,19416.18,254217.46904,4634096.0,1468.82,1469.63,1325.55,1334.51,804113.468,990605.0,33.69,33.99,30.86,31.1,2299068.39,147594.0,5.9373333333333336e-05,5.139e-05,5.612666666666667e-05,372098000000.0,161287755613.91766,11019967389.983946,27.0,39.3998,18.3872,978457022868.12,49555837775.13,592947027064.81,24598806313.87
2022-09-19,19417.45,19686.2,18232.56,19537.02,380512.40306,6820580.0,1334.51,1393.35,1280.0,1375.98,974855.198,1235360.0,31.1,33.08,30.5,32.62,3503472.34,214301.0,-1.7026666666666667e-05,-6.836333333333333e-05,-3.780333333333333e-05,374624000000.0,166325673840.3571,11594937867.03739,21.0,40.0182,17.5878,929481300890.9,64407867894.83,557519807554.7,33147220921.97
2022-09-20,19537.02,19634.62,18711.87,18875.0,324098.3286,5900070.0,1375.98,1384.78,1312.71,1322.93,658027.1465,981235.0,32.63,32.88,31.29,31.41,2558791.65,154602.0,5.1296666666666666e-05,-7.533e-05,5.486333333333333e-05,361518000000.0,159589828424.99985,11125431279.220556,23.0,39.6524,17.8644,944174134646.38,79538631452.75,569786609673.28,39366470161.81
2022-09-21,18874.31,19956.0,18125.98,18461.36,385034.10021,6907777.0,1322.94,1408.9,1220.0,1245.78,1192266.7379,1445950.0,31.42,33.48,30.01,30.65,4545539.08,276197.0,3.131666666666667e-05,-4.596666666666666e-05,-8.976666666666667e-06,354521000000.0,150650855803.4557,10885119789.722216,23.0,39.2755,17.6001,921392471045.92,69764853858.96,559511308389.43,32975185435.69
2022-09-22,18461.36,19550.17,18356.39,19401.63,379321.72111,6251862.0,1245.79,1350.08,1237.32,1326.46,904282.2725,1094636.0,30.65,32.87,30.59,32.43,2975325.9,163673.0,-3.649e-05,-0.0002023933333333,-7.426333333333334e-05,371928000000.0,160261526581.78217,11475871267.725395,22.0,39.4536,17.0326,900280246375.15,88170797808.62,545087518997.29,41806672675.94
2022-09-23,19401.63,19500.0,18531.42,19289.91,385886.91829,5906265.0,1326.47,1360.0,1262.15,1327.25,974052.3644,1233506.0,32.43,33.98,31.2,33.66,3481076.73,209616.0,1.7373333333333332e-05,-3.752333333333333e-05,3.278666666666667e-05,370264000000.0,160558892176.9305,11964328782.121813,20.0,39.4196,17.2361,943471693458.89,76770784247.26,571558757768.36,35635547145.97
2022-09-24,19288.57,19316.14,18805.34,18920.5,239496.56746,3907636.0,1327.24,1349.33,1306.52,1317.13,517557.3497,616390.0,33.67,34.79,33.14,33.38,3102314.35,207926.0,3.3226666666666665e-05,-7.186666666666666e-06,0.0001,362576000000.0,158896424274.62927,11851781023.558512,24.0,39.1467,17.2282,944429439095.91,82360289575.37,574716671939.62,43460893090.03
2022-09-25,18921.99,19180.21,18629.2,18807.38,191191.4492,3714450.0,1317.13,1337.0,1269.27,1294.63,515533.8409,640687.0,33.39,34.05,31.87,32.34,1838509.33,125301.0,2.415e-05,-1.2403333333333335e-05,0.0001,360072000000.0,156205742131.6713,11477686360.679428,24.0,38.9289,17.3249,932005271632.78,55538989006.76,569185468085.3,29391595640.6
2022-09-26,18809.13,19318.96,18680.72,19227.82,439239.21943,5837041.0,1294.62,1340.42,1277.85,1336.17,799166.4333,934159.0,32.33,33.95,31.87,33.88,3284142.93,194936.0,2.511e-05,3.014666666666667e-05,6.453e-05,367906000000.0,161033757555.9048,11960481012.144312,21.0,39.0093,17.1698,923565129007.53,50504119604.46,563288512158.8,27143252847.36
2022-09-27,19226.68,20385.86,18816.32,19079.13,593260.74161,8152473.0,1336.17,1400.0,1303.75,1328.02,860584.8944,1055212.0,33.89,35.41,32.08,32.69,4411114.63,260817.0,6.927333333333333e-05,1.758e-05,9.838e-05,366116000000.0,160588015836.27005,11641943099.212135,20.0,39.2326,17.4291,938830688985.02,77537834041.98,570502710824.35,33384925214.36
2022-09-28,19078.1,19790.0,18471.28,19412.82,521385.45547,7357437.0,1328.01,1355.7,1253.2,1337.2,919314.9131,1075441.0,32.68,33.81,31.65,33.22,3091106.5,177327.0,1.8006666666666665e-05,-3.646333333333333e-05,-8.001333333333334e-05,372804000000.0,161646207323.04584,11813734642.21791,20.0,39.2315,17.4664,933295280804.14,94671176141.55,567149323259.17,36102444627.86
2022-09-29,19412.82,19645.52,18843.01,19591.51,406424.93256,5631615.0,1337.2,1352.02,1288.52,1335.7,770591.6895,950476.0,33.23,34.42,32.65,33.93,2735381.21,189694.0,6.669e-05,6.051e-05,6.442666666666666e-05,374468000000.0,161002809571.09564,12043364625.16726,22.0,39.5424,17.4111,941494448042.75,87331385052.88,569204699213.81,34261365420.57
2022-09-30,19590.54,20185.0,19155.36,19422.61,444322.9534,6254203.0,1335.69,1373.19,1313.35,1328.72,740753.611,926935.0,33.94,35.22,32.62,33.25,4264290.42,228264.0,0.0001,6.115333333333334e-05,6.294e-05,372461000000.0,160228269149.5198,11769197836.69747,21.0,39.5968,17.2835,947311152505.71,70110085425.41,572206628532.59,29070733695.5
2022-10-01,19422.61,19484.0,19159.42,19310.95,165625.13959,2470590.0,1328.71,1333.69,1302.68,1311.79,252081.9056,347396.0,33.25,33.25,32.34,32.44,1458835.24,93100.0,6.734333333333334e-05,6.719666666666667e-05,-1.222e-05,370117000000.0,158330353388.5125,11522771197.050564,20.0,39.5509,17.2906,941591522475.82,74333278602.87,569183348295.23,30359436108.9
2022-10-02,19312.24,19395.91,18920.35,19056.8,206812.47032,3320217.0,1311.79,1317.93,1270.0,1276.72,371740.0407,462476.0,32.44,33.0,31.9,32.06,1472849.24,93186.0,5.154000000000001e-05,1.1503333333333334e-05,-6.0286666666666667e-05,364455000000.0,154164495265.5377,11389326157.896145,24.0,39.5669,17.1915,935479628742.66,37302772267.0,565339271948.12,18584501719.16
2022-10-03,19057.74,19719.1,18959.68,19629.08,293585.75212,4471910.0,1276.72,1329.9,1263.04,1323.09,483775.2435,598748.0,32.06,33.27,31.73,32.89,1890470.2,111007.0,7.437333333333334e-05,-3.3300000000000003e-06,5.340333333333334e-05,376322000000.0,159959950062.33475,11732166756.940523,24.0,39.6262,16.9873,921169893135.97,41423817571.08,556145448995.03,20652853756.33
2022-10-04,19629.08,20475.0,19490.6,20337.82,327012.00127,4871932.0,1323.1,1369.55,1318.66,1361.49,476207.6702,771766.0,32.9,34.4,32.84,34.09,1949740.88,116520.0,0.0001,7.144333333333333e-05,3.005666666666667e-05,389884000000.0,164628922077.3633,12105843720.11002,20.0,39.8506,17.1953,943902738005.02,54872574511.44,567751668115.72,24388947420.88
2022-10-05,20337.82,20365.6,19730.0,20158.26,312239.75224,4540004.0,1361.5,1364.77,1316.29,1352.2,483508.7782,695638.0,34.1,34.37,33.18,34.04,1777550.81,109550.0,0.0001,-2.8433333333333338e-06,3.5613333333333333e-05,386361000000.0,163403639632.44495,12081596408.9274,25.0,40.2305,17.2415,969001925491.8,60129292188.61,579167679778.77,24241818419.54
2022-10-06,20158.26,20456.6,19853.0,19960.67,320122.1702,5085004.0,1352.2,1383.99,1345.01,1352.06,573975.324,789673.0,34.04,34.5,33.23,33.36,1799751.22,105214.0,0.0001,2.152e-05,4.3343333333333336e-05,382462000000.0,163272498858.05936,11845823856.15745,26.0,40.1095,17.222,963595096609.65,56838217662.27,577102268371.18,23612800530.51
2022-10-07,19960.67,20068.82,19320.0,19530.09,220874.83913,4324772.0,1352.07,1361.75,1317.26,1331.1,491999.8776,679464.0,33.35,33.76,32.43,32.98,1963117.82,106563.0,9.171e-05,1.9316666666666668e-05,-2.109666666666666e-05,374594000000.0,161026667580.5144,11723402374.939947,23.0,40.0011,17.3381,956460304815.51,59710337462.62,573865994850.11,25000504851.08
2022-10-08,19530.09,19627.38,19237.14,19417.96,102480.09842,2637385.0,1331.1,1337.35,1303.51,1315.48,203391.6612,383251.0,32.98,33.08,32.35,32.58,785559.59,49592.0,5.114666666666666e-05,7.278666666666667e-05,6.64e-05,372253000000.0,158977517082.57767,11592073458.110472,24.0,39.5896,17.2719,946602239863.89,52501578015.01,571846117059.11,23273658194.3
2022-10-09,19416.52,19558.0,19316.04,19439.02,113900.82681,2833704.0,1315.48,1329.0,1307.26,1323.13,186201.9185,328378.0,32.57,33.14,32.44,32.92,883235.74,58651.0,2.324333333333333e-05,1.853333333333333e-06,-3.288333333333334e-05,372512000000.0,159663504538.31155,11732687404.559196,22.0,39.6318,17.1845,939379283592.62,32921494922.12,567086146084.18,16485761945.14
2022-10-10,19439.96,19525.0,19020.25,19131.87,212509.09849,4432688.0,1323.13,1338.0,1288.0,1290.03,393663.0114,587314.0,32.92,33.46,31.88,31.96,1554680.4,101777.0,7.436666666666667e-05,3.295e-05,0.0001,367279000000.0,156189511047.0545,11447003556.902887,22.0,39.5092,17.1989,943771480926.06,32086577632.02,570894755085.3,15248590872.16
2022-10-11,19131.87,19268.09,18860.0,19060.0,243473.84286,4792106.0,1290.03,1298.0,1267.01,1280.11,429430.3941,583107.0,31.95,31.96,30.42,30.8,1923666.97,118251.0,0.0001,5.03e-05,7.057666666666666e-05,365090000000.0,154574232467.10703,10988560359.218828,24.0,39.6992,17.144,924514904382.68,50972145766.53,557489534631.13,23545639786.9
2022-10-12,19060.0,19238.31,18965.88,19155.53,213826.26731,4556597.0,1280.11,1306.87,1275.25,1294.44,369712.5759,477911.0,30.8,31.55,30.67,31.16,1048211.96,73092.0,0.0001,2.6566666666666668e-05,2.284e-05,367365000000.0,156534294830.83926,11134466125.49372,20.0,39.8162,17.1179,917597919457.94,52664489076.17,552245331739.76,23954298841.47
2022-10-13,19155.1,19513.79,18190.0,19375.13,399756.68337,7470896.0,1294.44,1301.58,1190.0,1287.08,945618.3163,1135833.0,31.15,31.21,27.87,30.49,4402648.71,274408.0,7.133999999999999e-05,-6.728333333333333e-05,-5.401e-05,371810000000.0,155774729517.82922,10927908431.879955,20.0,39.8627,17.2492,921631155257.85,44720804676.45,554244307491.41,19770270488.19
2022-10-14,19375.58,19951.87,19070.37,19176.93,351634.32601,6688310.0,1287.08,1343.12,1283.39,1296.27,669742.8093,788710.0,30.48,31.98,29.62,30.0,2384103.67,140749.0,7.21e-05,6.733333333333333e-05,2.560333333333333e-05,367797000000.0,156896055886.10977,10734254873.143476,24.0,40.2641,17.1313,923223867894.39,81191934186.93,551495667176.67,36971109710.36
2022-10-15,19176.93,19227.68,18975.18,19069.39,113847.64232,3052219.0,1296.26,1301.69,1263.64,1274.92,287100.9529,396464.0,30.0,30.2,29.42,29.59,1009243.59,61858.0,4.217333333333333e-05,1.533666666666667e-05,-4.102333333333333e-05,365748000000.0,154211401607.02725,10593033152.008364,24.0,40.0311,17.3325,919198303939.68,66638975298.55,551232942322.9,28188322917.88
2022-10-16,19068.4,19425.84,19063.74,19262.98,131894.61885,3438605.0,1274.93,1315.35,1274.67,1305.95,293321.3632,397092.0,29.59,30.53,29.56,30.17,934949.4,59358.0,2.1966666666666668e-05,-1.333333333333334e-06,-5.501333333333333e-05,369447000000.0,157933802803.2956,10794625338.793545,24.0,39.9951,17.1334,912085340842.26,35505098045.97,546816325600.11,19348746852.53
2022-10-17,19262.98,19676.96,19152.03,19549.86,222813.87634,5162979.0,1305.96,1338.57,1295.64,1331.4,459848.4941,553275.0,30.16,31.29,29.84,31.21,1694429.96,100248.0,3.876333333333333e-05,3.318333333333334e-05,-1.444e-05,375127000000.0,160587042380.55267,11168988211.676905,20.0,40.0769,17.3819,926743260655.18,40502472096.21,555946006041.29,20582776719.11
2022-10-18,19548.48,19706.66,19091.0,19327.44,260313.07848,5588482.0,1331.39,1341.73,1286.72,1310.71,572728.9189,603600.0,31.22,31.48,29.73,30.15,1966281.14,101641.0,0.0001,6.816e-05,7.090333333333334e-05,371010000000.0,158047844455.30817,10805665803.001152,22.0,40.0525,17.405,936323400389.87,49983953608.58,561302094299.04,22511196653.14
2022-10-19,19327.44,19360.16,19065.97,19123.97,186137.29538,4545820.0,1310.71,1313.5,1280.31,1285.09,368637.5105,472022.0,30.14,30.26,28.61,28.86,1713727.76,92584.0,9.199333333333332e-05,6.932000000000001e-05,7.710333333333333e-05,367013000000.0,154836953853.95813,10371585239.48224,23.0,39.8486,17.2293,930767744061.88,53868444600.06,559870162397.33,23287434470.69
2022-10-20,19123.35,19347.82,18900.0,19041.92,223530.13068,5391090.0,1285.09,1310.87,1270.36,1282.57,428531.6103,558080.0,28.86,29.47,27.98,28.01,2379315.87,115990.0,6.038666666666667e-05,6.51e-06,9.483333333333334e-05,365136000000.0,154503753318.30597,10053006083.891651,23.0,39.9865,17.1358,918204960913.66,63274396177.58,551047241294.65,40850129422.17
2022-10-21,19041.92,19250.0,18650.0,19164.37,269310.75769,5679281.0,1282.57,1306.97,1252.65,1299.75,468076.7986,572819.0,28.01,28.28,26.84,28.1,3208878.96,151689.0,2.767e-05,4.844666666666667e-05,4.948666666666667e-05,367868000000.0,156667973656.75317,10069004535.535488,23.0,40.0231,17.1933,913317057090.35,45356822558.5,547779195012.97,20862866177.29
2022-10-22,19164.37,19257.0,19112.72,19204.35,110403.90837,2887106.0,1299.76,1320.2,1294.32,1313.61,221776.7007,323066.0,28.1,28.22,27.48,28.01,1333382.63,63573.0,3.9206666666666665e-05,-6.513333333333333e-06,-8.980666666666665e-05,368515000000.0,158405231109.28345,10035465758.892256,20.0,39.9842,17.292,919961107374.68,55284383225.6,552122203135.11,22827022263.43
2022-10-23,19204.29,19695.0,19070.11,19570.4,167057.20184,3939703.0,1313.62,1371.55,1299.44,1364.2,432269.46,496386.0,28.01,29.44,27.73,29.28,2150824.0,109242.0,3.499e-05,4.4590000000000005e-05,4.270666666666667e-05,375396000000.0,164375713734.64368,10483919903.798029,23.0,39.9065,17.4159,923502090908.36,33199793506.44,554965157998.91,17095862633.18
2022-10-24,19570.4,19601.15,19157.0,19329.72,256168.14467,5676899.0,1364.19,1370.6,1324.17,1343.61,611830.797,698241.0,29.28,29.5,28.16,28.3,2525864.52,109684.0,7.442666666666668e-05,5.529666666666667e-05,5.597e-05,371118000000.0,162048516140.45447,10147073185.3473,22.0,39.8578,17.7128,941978088189.21,43092165455.55,566526512600.48,20962197090.75
2022-10-25,19330.6,20415.87,19237.0,20080.07,326370.67061,7214687.0,1343.61,1525.16,1334.94,1459.74,1127932.9012,1205998.0,28.31,32.31,28.05,30.86,4389638.87,242605.0,4.3933333333333335e-05,-4.43333333333333e-07,3.0563333333333326e-05,385593000000.0,176118404475.41998,11079784300.469416,20.0,39.8701,17.6784,931039149518.89,54514883032.64,559833202247.91,24314780020.87
2022-10-26,20079.02,21020.0,20050.41,20771.59,380492.69576,8512349.0,1459.74,1594.99,1457.44,1566.1,1236044.7023,1357864.0,30.87,32.17,30.63,31.29,3909684.74,192811.0,4.676666666666667e-05,5.849333333333333e-05,6.964333333333334e-05,399081000000.0,189371711029.124,11221377976.803505,33.0,39.7347,18.4324,970409904052.8,86073465820.56,584820477300.73,38308458705.54
2022-10-27,20771.61,20872.21,20200.0,20295.11,328643.57791,7748080.0,1566.11,1578.58,1503.2,1514.05,869454.4851,1122874.0,31.29,32.36,30.41,30.58,3608322.35,196068.0,-2.956666666666666e-06,3.3113333333333334e-05,8.435333333333333e-05,389182000000.0,182564360058.11023,10992273062.43848,32.0,39.7428,19.1138,1002977060493.01,103989331247.24,604365477122.25,45094591227.08
2022-10-28,20295.11,20750.0,20000.09,20591.84,287039.94569,6638096.0,1514.04,1574.9,1479.82,1554.41,858954.4425,999855.0,30.6,32.54,30.11,32.07,3017472.57,175075.0,-1.0533333333333325e-06,2.728e-05,2.329e-05,395426000000.0,187527706055.398,11529015661.266756,30.0,39.5836,18.8418,983556747306.8,89273527016.08,594229903473.21,39647347589.28
2022-10-29,20591.84,21085.0,20554.01,20809.67,254881.77755,6255599.0,1554.4,1663.06,1547.66,1619.55,914161.0846,1094332.0,32.06,33.84,31.85,32.87,3316674.09,199836.0,3.8146666666666665e-05,8.136666666666666e-05,0.0001,399271000000.0,195111981132.13147,11775699507.167597,34.0,39.4107,18.9792,1002936573726.14,80319022784.31,607672198051.55,36325931760.66
2022-10-30,20809.68,20931.21,20515.0,20627.48,192795.60886,4920007.0,1619.55,1640.06,1576.56,1590.44,476036.4243,705583.0,32.87,33.54,31.93,32.94,1962511.76,130251.0,1.944e-05,9.010333333333334e-05,9.007333333333334e-05,395696000000.0,191570560532.91733,11783692590.493685,34.0,39.0078,19.3503,1024316330884.41,90364341714.15,624753098604.02,49994415050.76
2022-10-31,20627.48,20845.92,20237.95,20490.74,303567.61628,6571526.0,1590.45,1635.8,1545.43,1572.69,810334.2414,1024808.0,32.93,34.39,32.2,32.56,3082485.07,217549.0,1.637333333333333e-05,5.34e-05,8.557e-05,393298000000.0,189364858671.58688,11711472223.147411,31.0,38.9838,19.1613,1015953394662.61,70268970463.34,619896567098.01,38781859398.02
2022-11-01,20490.74,20700.0,20330.74,20483.62,279932.43771,5971938.0,1572.69,1612.92,1563.69,1578.48,527539.2965,702747.0,32.57,33.39,32.15,32.2,2015730.52,120950.0,3.1200000000000006e-06,-1.1949999999999996e-05,-5.941666666666666e-05,393188000000.0,190457152433.17657,11580382407.44969,30.0,38.717,18.9409,1016101923638.05,87904654646.76,622697291249.72,42236207949.02
2022-11-02,20482.81,20800.0,20048.04,20151.84,373716.27299,7431698.0,1578.47,1621.68,1502.32,1518.34,981395.3648,1171091.0,32.2,32.95,30.24,30.8,3423829.13,222708.0,4.012e-05,5.4680000000000005e-05,7.136666666666666e-06,386763000000.0,183143533797.1761,11060885779.031412,30.0,38.6958,19.0242,1016153400661.43,74996780632.22,622944909859.79,35177304530.66
2022-11-03,20151.84,20393.32,20031.24,20207.82,319185.1544,6948227.0,1518.33,1559.01,1515.17,1531.01,560202.8813,678608.0,30.81,32.25,30.61,30.85,2302866.46,140610.0,3.353333333333333e-05,-5.456333333333333e-05,-5.482666666666668e-05,387735000000.0,184375607454.03976,11068153674.31496,30.0,38.9298,18.7066,994159124418.94,100855909146.44,607135271268.91,45302696594.32
2022-11-04,20207.12,21302.05,20180.96,21148.52,453694.39165,9249613.0,1531.01,1680.0,1528.4,1644.78,935531.4781,1072186.0,30.86,34.2,30.66,33.74,4106770.6,257544.0,4.1586666666666666e-05,6.897e-05,3.657333333333334e-05,406169000000.0,198232210525.47,12130899553.08772,30.0,38.7373,18.7131,1001545778865.78,80090006107.42,613574356473.72,36862314086.8
2022-11-05,21148.52,21480.65,21080.65,21299.37,245621.98525,5570832.0,1644.78,1666.97,1621.42,1626.98,351385.5362,480888.0,33.73,38.79,33.66,36.9,7466083.52,523661.0,6.316666666666667e-05,5.496666666666666e-05,0.0001,408609000000.0,196132802828.8548,13204127414.144104,38.0,38.4576,19.0707,1055629736075.07,113237758904.62,649660310873.73,49164191280.11
2022-11-06,21299.37,21365.27,20886.13,20905.58,230036.97217,5268210.0,1626.98,1639.02,1564.39,1568.29,414863.9525,545053.0,36.9,37.06,32.31,32.62,4722074.05,323910.0,7.696333333333332e-05,7.346666666666666e-05,0.0001,402166000000.0,189820139323.862,11752102928.613567,40.0,38.6493,18.8421,1057293384002.61,74247124309.67,648656987093.46,36394287938.86
2022-11-07,20905.58,21069.77,20384.89,20591.13,386977.60337,8344242.0,1568.25,1608.04,1545.03,1568.1,642409.4494,851962.0,32.61,33.13,28.0,29.62,9810937.64,563325.0,9.271e-05,4.107333333333333e-05,9.773e-05,394921000000.0,188915601440.31485,10599615663.541325,33.0,39.0128,18.6823,1029852768064.03,66264515821.84,628078358543.33,31186687787.17
2022-11-08,20590.67,20700.88,17166.83,18547.23,760705.362783,14530601.0,1568.09,1579.98,1233.0,1334.77,2339916.5089,2874276.0,29.62,31.72,19.8,24.38,28156844.019,1899661.0,5.057666666666666e-05,-3.128e-05,-0.0007300766666666,355623000000.0,160521438673.04935,8676567997.577435,31.0,38.6194,18.7402,1024292503555.91,92642549993.37,628716734134.54,39133673660.35
2022-11-09,18545.38,18587.76,15588.0,15922.81,731926.929729,13605474.0,1334.78,1337.16,1073.53,1102.73,2494797.9357,3172468.0,24.38,24.38,12.37,14.08,34965021.076,2408465.0,-0.00013185,-0.0003511566666666,-0.0125,302592000000.0,131732035338.88084,5031554853.009615,29.0,38.6995,17.7278,920048077204.3,209604219538.89,563993988310.78,90607851545.22
2022-11-10,15922.68,18199.0,15754.26,17601.15,608448.36432,12719887.0,1102.73,1350.0,1085.93,1299.28,1975955.6767,2800795.0,14.08,18.87,13.14,17.66,31278279.25,1907480.0,-0.00084986,-0.0004330433333333,-0.015605579090909,336852000000.0,156382786466.86844,6354426199.534254,22.0,38.3947,16.9491,794331764018.25,184329307126.45,489350423754.48,81418835704.04
2022-11-11,17602.45,17695.0,16361.6,17070.31,393552.86492,9900073.0,1299.28,1310.0,1201.26,1289.28,1308087.1498,2118330.0,17.65,18.31,15.1,16.45,16952323.15,937752.0,-0.0001084366666666,-9.183e-05,-0.0029872825,324871000000.0,154370382545.70248,5831336009.205996,25.0,38.1572,17.9679,885027733402.98,151781269848.66,547325832337.12,68581674605.3
2022-11-12,17069.98,17119.1,16631.39,16812.08,167819.96035,5046837.0,1289.35,1292.16,1238.7,1257.25,547772.9172,933438.0,16.46,16.53,14.47,14.58,6958266.14,352695.0,3.1383333333333335e-05,8.277333333333334e-05,-0.001475,322089000000.0,150885371563.908,5292983738.554544,21.0,37.9084,18.252,863039068527.06,100104063677.62,535874505597.88,44232454980.3
2022-11-13,16813.16,16954.28,16229.0,16329.85,184960.78846,5382834.0,1257.25,1274.23,1200.66,1221.49,547410.5304,896665.0,14.58,14.74,13.02,13.18,7632404.82,376380.0,-1.4026666666666667e-05,-3.708333333333333e-05,-0.0007244608333333,313449000000.0,147045448080.50482,4790433655.765043,22.0,38.1696,18.1725,845298425854.95,57400108170.76,522651179151.62,27688065054.66
2022-11-14,16331.78,17190.0,15815.21,16619.46,380210.7775,9215128.0,1221.5,1291.2,1171.13,1243.28,934742.0059,1471485.0,13.18,15.01,12.07,14.0,12412181.95,591758.0,-4.195333333333334e-05,3.4336666666666666e-05,-0.0011997816666666,319397000000.0,149525532377.3867,5062106663.2306185,24.0,38.0725,18.1245,824954511603.51,54542454407.48,510874095542.68,27332080235.92
2022-11-15,16617.72,17134.69,16527.72,16900.57,282461.84391,7200265.0,1243.29,1291.0,1234.01,1253.23,632825.568,961779.0,14.0,15.1,13.82,14.32,7666656.34,337257.0,-8.771333333333333e-05,-2.63e-05,-0.0004220675,323753000000.0,150589208252.0613,5162158795.274045,22.0,38.1265,18.1491,837175503257.68,85862370234.07,517989449991.85,36230626012.17
2022-11-16,16900.57,17015.92,16378.61,16662.76,261493.40809,6297404.0,1253.22,1268.67,1187.06,1216.17,673339.7215,969295.0,14.32,14.64,13.64,14.27,4117412.48,191387.0,-6.237333333333334e-05,-4.524666666666667e-05,-0.0006481833333333,320005000000.0,146400514652.84616,5173662432.3534565,23.0,38.3151,18.0964,846463366113.21,64085527423.76,522139685781.16,27487083519.05
2022-11-17,16661.61,16751.0,16410.74,16692.56,228038.97873,5352083.0,1216.16,1228.22,1181.05,1200.43,530537.3488,719509.0,14.27,14.5,12.93,13.65,6589277.99,282425.0,-4.127e-05,-5.895e-05,-0.00064033,320319000000.0,144583952333.06366,4934316808.532481,20.0,38.4188,17.8475,833492490363.59,60946752934.69,513274854422.68,27022021044.57
2022-11-18,16692.56,17011.0,16546.04,16700.45,214224.18184,5114799.0,1200.42,1234.0,1199.18,1212.58,360218.5337,493436.0,13.65,13.89,13.0,13.27,2949495.18,138052.0,1.7233333333333337e-06,-6.912666666666667e-05,-0.0005391733333333,320072000000.0,145759702830.52377,4789009401.127591,23.0,38.6188,17.7024,830099250096.84,50315921386.59,509525028774.38,22446855012.28
2022-11-19,16699.43,16822.41,16553.53,16700.68,104963.15558,3142123.0,1212.58,1235.0,1197.67,1217.67,209789.5888,330573.0,13.28,13.28,12.58,12.84,2920148.22,113305.0,4.094666666666667e-05,5.628e-05,-0.0007863566666666,320748000000.0,146859811395.07092,4672499910.066821,23.0,38.4659,17.7904,833897922942.26,46381921201.63,513131779073.11,19519495889.91
2022-11-20,16700.68,16753.33,16180.0,16280.23,154842.13478,4557344.0,1217.67,1227.07,1132.65,1142.21,531108.7607,693003.0,12.84,13.58,12.1,12.27,4790066.03,177887.0,5.98e-06,1.3663333333333334e-05,-0.0006596699999999,312135000000.0,137343923399.7264,4432821385.019972,24.0,38.4325,17.8477,835426245135.27,32359111653.25,514351438169.88,16253120457.16
2022-11-21,16279.5,16319.0,15476.0,15781.29,324096.997753,7440871.0,1142.21,1146.99,1079.76,1107.34,922647.9454,1063296.0,12.26,12.29,11.27,11.83,4921177.259,209806.0,2.994e-05,-5.987666666666666e-05,-0.0008095966666666,303142000000.0,133487851040.08632,4300244579.051151,21.0,38.7897,17.3253,806933231060.66,48538490383.02,493926251510.83,27224603434.97
2022-11-22,15781.29,16315.0,15616.63,16226.94,239548.06623,6276097.0,1107.34,1146.13,1075.0,1139.6,748884.5791,899796.0,11.83,12.5,10.94,12.44,5495351.55,200003.0,8.096666666666667e-06,-1.0253333333333332e-05,-0.0005438866666666,310741000000.0,136758176559.14368,4500464273.296924,22.0,38.4812,17.2059,788135744889.64,72353092800.9,484851474109.61,34922548289.3
2022-11-23,16227.96,16706.0,16160.2,16603.11,264927.70408,6260616.0,1139.59,1190.0,1127.75,1184.52,636927.1594,767861.0,12.43,14.5,12.4,14.36,7872882.42,304412.0,6.338666666666667e-05,-2.468333333333333e-05,-0.0005019333333333,318463000000.0,142590810636.49655,5192940750.68504,22.0,38.5765,17.2255,806539054321.71,60281864099.78,495404627426.2,29554230740.88
2022-11-24,16603.11,16812.63,16458.05,16598.95,206565.92346,5031851.0,1184.52,1217.71,1180.6,1203.73,486080.6123,616769.0,14.36,14.96,13.84,14.59,4725295.69,204547.0,4.568e-05,8.736666666666667e-06,-0.00151873,318659000000.0,144943507657.5889,5282504087.446578,20.0,38.3252,17.3864,832845172232.41,62066462016.86,513655687503.52,29108199632.63
2022-11-25,16599.55,16666.0,16342.81,16522.14,182089.49533,4396465.0,1203.72,1207.77,1171.2,1199.3,391430.1658,581961.0,14.6,14.61,13.91,14.03,2819515.28,118289.0,1.2826666666666664e-05,2.665666666666667e-05,-0.0004972433333333,317498000000.0,144507116149.05484,5107100553.417077,20.0,38.1633,17.6221,836021770978.78,50715576968.76,516968676206.07,24586303249.29
2022-11-26,16521.35,16701.99,16385.0,16458.57,181804.81666,3817130.0,1199.29,1235.66,1196.2,1205.6,379840.8116,566155.0,14.03,14.98,13.97,14.17,2911827.78,126762.0,1.6423333333333333e-05,-5.564e-05,-0.0003525499999999,316093000000.0,145201594968.9406,5138534968.921292,22.0,38.102,17.6062,833281598804.3,36971663565.81,515784742615.22,18294381336.88
2022-11-27,16457.61,16600.0,16401.0,16428.78,162025.47607,3362221.0,1205.61,1223.33,1188.65,1193.88,286386.7986,458378.0,14.17,14.45,14.05,14.12,2063327.08,81599.0,5.936666666666664e-06,-4.11e-05,-0.00074619,315863000000.0,144243886399.53543,5125953274.313238,26.0,37.8866,17.6705,835125705619.11,35598150574.23,518724737760.42,17598449449.41
2022-11-28,16428.77,16487.04,15995.27,16212.91,252695.40367,5570407.0,1193.88,1199.25,1151.02,1167.77,478795.6093,708380.0,14.11,14.17,12.78,13.32,4718682.44,186525.0,9.533333333333334e-06,-4.844e-05,-0.0027940066666666,311582000000.0,140876232463.897,4842708397.767193,28.0,37.8829,17.532,834144584739.19,37446145928.27,518146376388.75,17001195393.83
2022-11-29,16212.18,16548.71,16100.0,16442.53,248106.25009,5206638.0,1167.77,1228.37,1158.27,1216.49,512143.5861,789552.0,13.33,13.96,13.14,13.34,2605636.41,109799.0,2.8486666666666663e-05,5.592666666666667e-05,-0.0004685133333333,316025000000.0,146681706075.29224,4857355971.509944,26.0,38.0054,17.4578,820118905600.9,50009040792.45,508429458574.4,22267851834.85
2022-11-30,16442.91,17249.0,16428.3,17163.64,303019.80719,6519330.0,1216.49,1309.77,1212.5,1294.46,815679.2717,985173.0,13.35,14.32,13.21,14.16,3599962.88,141333.0,5.6510000000000006e-05,9.739333333333334e-05,-0.0007694066666666,330143000000.0,156439174233.16183,5135063821.925185,29.0,37.9182,17.8649,833582469673.54,43549687810.14,517502790115.63,19967542661.69
2022-12-01,17165.53,17324.0,16855.01,16977.37,232818.18218,5097720.0,1294.46,1299.9,1262.77,1276.41,430018.7391,587711.0,14.17,14.19,13.4,13.51,2567835.92,102314.0,2.0093333333333336e-05,3.8853333333333336e-05,-0.0003942433333333,326014000000.0,153748865390.18265,4894349603.785447,27.0,38.137,18.3251,865280321577.53,53508153531.02,535288102603.65,23983868418.33
2022-12-02,16978.0,17105.73,16787.85,17092.74,202372.2062,4305515.0,1276.4,1297.18,1265.24,1295.59,371559.585,547512.0,13.51,13.84,13.33,13.71,2865008.71,104197.0,2.425e-05,4.875333333333333e-05,-0.00091155,328218000000.0,155817610593.45514,4989150222.844574,27.0,38.2028,18.2941,853750513601.95,43263026782.6,527593495876.72,20368735736.88
2022-12-03,17092.13,17188.98,16858.74,16885.2,154542.57306,3308694.0,1295.58,1309.0,1236.26,1240.51,347148.2588,594082.0,13.71,13.77,13.2,13.29,1958859.38,65671.0,6.141666666666666e-05,-1.837e-05,-0.0001276133333333,324856000000.0,149558296738.57144,4837401930.065004,27.0,38.1124,18.377,861937517393.97,38563146840.82,533432016317.51,19023168129.37
2022-12-04,16885.2,17202.84,16878.25,17105.7,178619.13387,3948990.0,1240.5,1287.19,1240.1,1279.41,324129.5466,498321.0,13.29,13.75,13.27,13.71,1778118.75,65320.0,5.7306666666666665e-05,-5.156666666666667e-06,-6.468e-05,329141000000.0,154271534374.34753,4984117531.980526,26.0,38.3474,17.9498,847609512975.23,31107617432.63,522572969556.26,14892204801.76
2022-12-05,17106.65,17424.25,16867.0,16966.35,233703.29225,5138207.0,1279.4,1305.11,1246.61,1259.41,391628.5166,612914.0,13.71,14.17,13.58,13.82,3962489.89,124321.0,1.4633333333333324e-06,2.895e-05,4.464666666666667e-05,326073000000.0,151680522150.5194,5028509546.642685,26.0,38.292,18.2157,859993293104.71,30985039172.39,530684749382.39,14160188255.37
2022-12-06,16966.35,17107.01,16906.37,17088.96,218730.76883,4416864.0,1259.41,1274.76,1241.56,1271.32,301631.839,471097.0,13.82,14.38,13.81,14.3,3280084.71,101962.0,2.8763333333333333e-05,3.3113333333333334e-05,5.961666666666667e-05,328187000000.0,153086019858.32025,5192203010.628279,25.0,38.2714,18.0788,852725946536.27,40952353022.79,526375856239.22,18741930490.52
2022-12-07,17088.96,17142.21,16678.83,16836.64,220657.41334,4284989.0,1271.31,1278.69,1218.01,1231.18,398559.5166,530298.0,14.3,14.34,13.39,13.49,2647330.66,83203.0,2.351e-05,2.797e-05,4.220333333333333e-05,323929000000.0,148550759710.7174,4928568621.764896,29.0,38.3287,18.1527,857232871647.94,36215521621.8,528666630845.77,16325583142.96
2022-12-08,16836.64,17299.0,16733.49,17224.1,236417.97804,4520282.0,1231.18,1292.58,1222.01,1280.18,406653.5447,559884.0,13.49,13.77,13.27,13.69,2218371.02,71886.0,1.1673333333333334e-05,5.716666666666666e-06,-7.103333333333334e-05,331315000000.0,154466332035.27045,4992898408.1776495,25.0,38.5101,17.9296,841172408010.25,37197846820.24,517236416230.25,17523635524.21
2022-12-09,17224.1,17360.0,17058.21,17128.56,238422.06465,4282003.0,1280.18,1296.64,1250.0,1263.1,406008.0032,540078.0,13.69,14.02,13.51,13.59,2597941.96,79323.0,2.794333333333333e-05,7.251666666666666e-05,-1.737666666666667e-05,329500000000.0,152245831996.1244,4973346011.093065,26.0,38.549,18.2384,859576210907.25,36987663759.17,528218447542.34,16489306296.37
2022-12-10,17128.56,17227.72,17092.0,17127.49,140573.97937,3032257.0,1263.11,1283.61,1259.6,1266.35,182278.6396,322453.0,13.58,13.73,13.54,13.58,950118.11,38836.0,-2.15e-06,3.858e-05,-7.199666666666666e-05,329287000000.0,152675426912.52493,4969425390.41689,27.0,38.6043,18.1289,853451483785.05,35792454020.07,523982802258.4,15465650367.19
2022-12-11,17127.49,17270.99,17071.0,17085.05,155286.47871,3260722.0,1266.35,1284.75,1255.85,1263.01,180494.902,314531.0,13.58,13.8,13.39,13.42,1210234.56,44964.0,8.313333333333334e-06,3.39e-06,-5.149333333333333e-05,328729000000.0,152227322423.17706,4911481649.002533,26.0,38.5621,18.1426,854202845056.21,24048277720.91,524804035263.48,11340855904.75
2022-12-12,17085.05,17241.89,16871.85,17209.83,226227.49694,4463916.0,1263.0,1278.9,1240.03,1275.4,363750.5481,489887.0,13.42,13.5,12.82,13.31,2644017.08,79659.0,1.1246666666666669e-05,-4.026666666666666e-06,-0.0001981766666666,330690000000.0,153638883560.38788,4880016687.716369,27.0,38.6809,18.1865,850335384728.14,25118322642.01,521418358307.97,10994961007.2
2022-12-13,17208.93,18000.0,17080.14,17774.7,284462.9139,6242080.0,1275.41,1349.0,1255.1,1320.69,659393.8825,813791.0,13.31,14.15,12.76,13.89,3963954.49,123225.0,4.991333333333333e-05,9.649666666666666e-05,2.788666666666667e-05,341849000000.0,159137465163.9203,5064633467.583964,27.0,38.863,18.3188,851490261907.57,36767277915.3,520575279638.02,17150995062.32
2022-12-14,17775.82,18387.95,17660.94,17803.15,266681.22209,5743730.0,1320.69,1352.72,1301.0,1307.44,554465.5717,548806.0,13.9,14.96,13.81,14.12,5084591.13,147840.0,0.0001,0.0001,0.0001,342537000000.0,157660628983.85828,5183686343.579695,30.0,39.3345,18.5874,869455503217.59,53252048502.15,527459315419.11,26616702919.28
2022-12-15,17804.01,17854.82,17275.51,17356.34,223701.96882,4789226.0,1307.45,1311.14,1259.27,1266.54,390051.2447,445162.0,14.12,14.52,13.86,14.04,2711381.25,94100.0,8.393333333333333e-05,0.0001,0.0001,333597000000.0,152355085028.3561,5134623952.688588,31.0,39.5347,18.4862,866697919250.39,44926853370.62,524051444436.36,19393785189.13
2022-12-16,17356.96,17531.73,16527.32,16632.12,253379.04116,5703001.0,1266.53,1280.06,1155.32,1166.83,751422.2779,883071.0,14.05,14.17,12.0,12.25,4522833.23,143114.0,2.8536666666666667e-05,5.406666666666667e-05,5.356e-05,319417000000.0,140353627841.1495,4485765300.777986,29.0,39.4531,18.3057,846593463891.11,35960419506.71,512586076447.69,14996043772.88
2022-12-17,16631.5,16796.82,16579.85,16776.52,144825.66684,3905843.0,1166.82,1190.03,1161.92,1187.16,328881.6281,443309.0,12.25,12.6,11.92,12.51,2465880.45,85988.0,6.51e-05,1.8936666666666668e-05,-0.00029116,322668000000.0,143069532308.98923,4578311636.6837845,28.0,39.9993,17.8564,800566129517.81,45801883751.73,480344949256.56,21763126522.04
2022-12-18,16777.54,16863.26,16663.07,16738.21,112619.31646,3369193.0,1187.16,1199.54,1170.32,1183.06,252260.144,385205.0,12.5,12.6,12.25,12.38,1358593.49,48429.0,4.151666666666666e-05,5.986666666666667e-05,-0.0003641166666666,322715000000.0,143107602573.73636,4569633814.92858,26.0,39.8589,17.9377,810569289635.72,30180761749.78,487485335959.36,15722354712.59
2022-12-19,16739.0,16815.99,16256.3,16438.88,179094.28305,4681887.0,1183.06,1195.0,1150.51,1167.82,296832.7228,443756.0,12.38,12.59,11.66,11.94,2385052.59,84083.0,4.819e-05,-1.142e-05,-0.0003387466666666,315959000000.0,140665451665.75745,4373729304.704422,29.0,39.7907,17.8941,810215735889.84,20573019600.16,487825591678.39,9645631683.68
2022-12-20,16438.88,17061.27,16397.2,16895.56,248808.92324,5945803.0,1167.82,1230.47,1163.12,1216.94,465184.1943,624202.0,11.94,12.49,11.84,12.26,1699256.37,72708.0,3e-05,7.473999999999999e-05,-0.0002466733333333,325163000000.0,146770708644.07892,4502553571.096238,29.0,39.9156,18.034,792401270999.2,31370924055.93,476109513032.63,14152088949.82
2022-12-21,16896.15,16925.0,16723.0,16824.67,156810.96362,4375570.0,1216.95,1223.39,1203.02,1213.78,245723.8377,413931.0,12.26,12.29,11.9,12.14,1549774.66,57613.0,6.367333333333335e-05,6.588666666666667e-05,-0.0002548466666666,323229000000.0,146118792245.0679,4440409580.005489,26.0,39.9268,18.292,814606870523.14,37623012860.32,489360506788.86,14902978380.89
2022-12-22,16824.68,16868.52,16559.85,16821.43,176044.27235,4678640.0,1213.78,1237.99,1182.54,1217.71,336761.6598,488758.0,12.14,12.19,11.67,11.82,1805407.09,62242.0,6.094333333333333e-05,8.874333333333333e-05,-0.0002189366666666,323508000000.0,146657546492.4342,4309266534.465273,28.0,39.9686,18.345,809581597303.54,26429482455.51,486002954516.59,11545410712.21
2022-12-23,16821.9,16955.14,16731.13,16778.5,161612.00947,4561020.0,1217.72,1231.99,1210.0,1219.99,278604.2882,439410.0,11.81,12.11,11.72,11.78,1647382.32,51969.0,9.634333333333334e-05,5.58e-05,-2.2963333333333338e-05,322873000000.0,147021932446.74493,4318585318.012658,27.0,39.9192,18.3761,811200671225.28,28961157427.07,487375946706.35,12520594236.75
2022-12-24,16778.52,16869.99,16776.62,16836.12,100224.29096,3076985.0,1219.98,1227.99,1214.69,1220.41,123701.5301,296993.0,11.79,11.79,11.07,11.45,2286878.14,80202.0,6.99e-05,5.764666666666667e-05,-0.0009230233333333,323986000000.0,147108158613.7257,4199943746.6057167,29.0,39.8692,18.4187,810659246046.12,26450723855.98,487455954046.18,11121486351.09
2022-12-25,16835.73,16857.96,16721.0,16832.11,125441.07202,3570157.0,1220.42,1225.0,1193.18,1218.51,231652.0612,379422.0,11.45,11.56,11.24,11.38,916417.64,36795.0,1.812e-05,3.3333333333333337e-06,-0.0005399233333333,323750000000.0,146771279791.55923,4178850525.436119,29.0,39.9522,18.4164,811438681199.83,16607815949.52,487250901034.3,6863062055.51
2022-12-26,16832.11,16944.52,16791.0,16919.39,124564.00656,3915571.0,1218.52,1231.09,1211.67,1228.11,162723.0857,308520.0,11.39,11.49,11.06,11.32,1613225.82,48977.0,3.753333333333332e-06,3.526333333333333e-05,-0.00029344,324824000000.0,147566902232.7732,4142909188.951519,28.0,40.0077,18.4137,810083859115.48,21109472741.41,485988149474.37,9453076800.07
2022-12-27,16919.39,16972.83,16592.37,16706.36,173749.58616,5047628.0,1228.12,1233.73,1200.58,1211.55,262437.6398,372190.0,11.33,11.44,10.71,11.09,3052197.59,84884.0,3.902666666666667e-05,6.590666666666667e-05,-0.0001023666666666,321354000000.0,146024675445.80725,4065303481.1135817,27.0,39.9556,18.4255,814903547383.63,21434044368.4,489304180721.69,9546205336.85
2022-12-28,16706.06,16785.19,16465.33,16547.31,193037.56577,5465468.0,1211.55,1215.78,1181.06,1190.15,367828.8914,474792.0,11.1,11.12,9.39,9.76,7362205.181,190189.0,5.375666666666666e-05,4.633666666666667e-05,-0.0003404199999999,318237000000.0,143196887559.98257,3589878791.185904,28.0,39.8465,18.3819,807372501990.81,27256205863.41,485662748679.3,11508193821.0
2022-12-29,16547.32,16664.41,16488.91,16633.47,160998.47158,4553877.0,1190.15,1206.57,1186.77,1200.49,249130.4869,377201.0,9.76,10.89,8.0,9.64,12093989.53,276670.0,9.505666666666667e-05,8.611666666666667e-05,-0.0002481433333333,320069000000.0,144741406008.8615,3503371643.7388062,28.0,40.0558,18.3106,795301489646.14,30921932039.02,476736816798.39,13916382611.04
2022-12-30,16633.47,16677.35,16333.0,16607.48,164916.31174,4310415.0,1200.48,1202.15,1181.08,1199.99,266014.2115,364383.0,9.64,10.26,9.0,9.9,12587079.51,296354.0,9.044e-05,0.0001,-0.0024493933333333,319374000000.0,144459742813.56216,3629447498.35242,28.0,40.1219,18.419,798316858352.07,27094556091.96,478017260728.06,12622119052.83
2022-12-31,16607.48,16644.09,16470.0,16542.4,114490.42864,3344374.0,1199.98,1208.46,1191.66,1196.13,139379.2811,261569.0,9.91,10.2,9.66,9.97,3621434.65,93103.0,0.0001,0.0001,-0.0018655566666666,318052000000.0,144067764438.89563,3657793437.723972,25.0,40.1343,18.4317,796250986547.87,27631790518.1,476680998000.73,11703210465.22
2023-01-01,16541.77,16628.0,16499.01,16616.75,96925.41374,3218355.0,1196.13,1204.67,1190.57,1200.34,117762.0685,233151.0,9.97,10.09,9.69,9.99,2287512.63,66752.0,6.897e-05,0.0001,-0.00076542,319658000000.0,144631162344.8579,3664833086.3117614,26.0,40.0387,18.4091,795532009425.33,19881266055.53,477011658662.29,8642137598.45
2023-01-02,16617.17,16799.23,16548.7,16672.87,121888.57191,4036118.0,1200.33,1224.29,1193.0,1214.0,252794.14,330000.0,9.99,12.0,9.81,11.28,7628264.93,195532.0,-1.0580000000000002e-05,8.780666666666666e-05,-0.0007189233333333,321251000000.0,146418862658.71585,4155039721.408771,27.0,40.0759,18.4051,798558682944.8,16724262386.4,478528711099.65,7479687723.33
2023-01-03,16672.78,16778.4,16605.28,16675.18,159541.53733,5097596.0,1213.99,1219.89,1204.93,1214.55,205519.4944,296709.0,11.28,13.91,11.0,13.37,14986491.36,417570.0,7.433e-05,3.022e-05,-0.0042652266666666,320909000000.0,146345398724.44888,4901142333.395536,26.0,39.86,18.443,805985802601.42,24052080196.22,484719731845.34,11954654372.83
2023-01-04,16675.65,16991.87,16652.66,16850.36,220362.18862,6310703.0,1214.56,1272.6,1212.71,1256.9,457799.6648,526420.0,13.37,14.24,12.83,13.43,12612735.49,393884.0,4.936e-05,9.203e-05,-0.0047424166666666,324357000000.0,151370979954.06375,4953432491.869241,29.0,39.8378,18.4421,806055809207.06,26170560117.73,484940508837.99,12267662976.6
2023-01-05,16850.36,16879.82,16753.0,16831.85,163473.56641,4842014.0,1256.91,1259.95,1242.81,1251.24,272805.33,339445.0,13.43,13.89,12.95,13.43,5834353.76,203316.0,5.7056666666666665e-05,0.0001,-0.0008372633333333,323919000000.0,150674869902.11508,4937557726.646497,29.0,,,,,,
2023-01-06,16831.85,17041.0,16679.0,16950.65,207401.28415,5388661.0,1251.25,1276.7,1236.0,1269.14,342344.2023,444840.0,13.43,13.6,12.69,13.5,5404648.48,184610.0,6.945333333333333e-05,0.0001,-0.0012963866666666,326497000000.0,152977004449.93304,4955727602.30755,26.0,39.6606,18.722,817338901068.52,27402813034.87,493177548320.59,13709826346.55
2023-01-07,16950.31,16981.91,16908.0,16943.57,104526.5688,3227161.0,1269.13,1271.09,1261.3,1264.07,129474.2884,242794.0,13.51,13.51,13.01,13.1,1904950.91,79010.0,4.393e-05,5.611e-05,-0.0004021233333333,326222000000.0,152283661093.0956,4815989744.662321,25.0,39.5699,18.8321,824876026116.15,29691779490.38,498473333182.8,15279437643.36
2023-01-08,16943.83,17176.99,16911.0,17127.83,135155.89695,4036092.0,1264.06,1296.0,1257.77,1290.16,213636.7848,341498.0,13.1,14.89,12.85,14.45,6295596.12,207707.0,7.703e-05,6.538e-05,-0.0003239266666666,328485000000.0,154830594143.62695,5181793564.188844,25.0,39.5986,18.7651,824447232481.07,17229444788.02,497977929602.62,9514803367.74
2023-01-09,17127.83,17398.8,17104.66,17178.26,266211.52723,6327667.0,1290.15,1344.91,1285.44,1320.39,581727.6968,667559.0,14.46,17.5,14.28,16.25,19481959.57,619929.0,2.0116666666666667e-05,7.309666666666667e-05,-9.166666666666665e-06,330871000000.0,159167427818.2867,6013371835.064232,25.0,39.3052,18.8136,837399569381.43,22406111785.29,508257601379.94,12604944522.35
2023-01-10,17179.04,17499.0,17146.34,17440.66,221382.42581,5448751.0,1320.4,1347.69,1316.8,1335.62,459660.2307,467419.0,16.25,16.73,15.57,16.2,8489417.77,288818.0,5.077e-05,0.0001,1.5510000000000002e-05,335732000000.0,160979294463.496,6000787222.797295,26.0,39.0412,19.0667,848143875052.55,46737548471.45,517018516141.71,28124560836.46
2023-01-11,17440.64,18000.0,17315.6,17943.26,262221.60653,5627464.0,1335.63,1398.0,1321.04,1389.39,472465.9556,534745.0,16.2,16.67,15.28,16.36,6661616.67,240292.0,1.6756666666666665e-05,7.592666666666667e-05,-5.539333333333334e-05,343450000000.0,166384893813.8375,6055605450.303105,26.0,39.1532,19.0595,858138218471.18,35190776600.23,522149572274.98,19382155635.5
2023-01-12,17943.26,19117.04,17892.05,18846.62,454568.32178,8911373.0,1389.4,1438.0,1361.92,1415.92,877712.4492,873540.0,16.37,17.0,15.54,16.59,9608670.96,343488.0,9.183e-05,0.0001,-8.257333333333333e-05,363419000000.0,170799099477.89423,6147464807.953187,30.0,39.2424,19.297,880115750657.84,38042894266.22,534737638282.63,19659343761.7
2023-01-13,18846.62,20000.0,18714.12,19930.01,368615.87823,8021774.0,1415.91,1464.0,1401.03,1451.2,499377.8649,670535.0,16.59,18.65,16.29,18.29,10929884.4,379935.0,9.053333333333332e-05,0.0001,-0.0002063833333333,382678000000.0,174744256542.2501,6751799839.191677,31.0,40.0929,19.1424,906463039393.48,63387011331.23,543036153196.92,28420301735.76
2023-01-14,19930.01,21258.0,19888.05,20954.92,393913.74951,8659545.0,1451.21,1599.98,1449.14,1549.9,940691.7774,1187799.0,18.29,24.75,18.2,24.24,25997232.06,1125883.0,0.00021531,0.0003919799999999,0.0001590066666666,404698000000.0,187000311906.47583,9016149430.748728,46.0,40.8228,18.9086,939407328290.8,53279274376.22,555914908447.75,24051415681.24
2023-01-15,20952.76,21050.74,20551.01,20871.5,178542.22549,5194354.0,1549.91,1566.66,1516.03,1552.52,387832.7138,590180.0,24.23,25.0,21.98,22.89,11258028.55,542914.0,0.0001534599999999,0.00020572,0.00024263,402122000000.0,187088046790.69235,8474737255.792318,52.0,41.0143,19.2623,985176419016.13,82519395124.36,581112854741.28,43554315555.19
2023-01-16,20872.99,21474.05,20611.48,21185.65,293078.08262,6856434.0,1552.52,1604.5,1521.31,1576.94,574622.8953,802443.0,22.9,25.0,22.3,23.58,10043368.28,504119.0,0.0001,0.0001139433333333,0.0002386766666666,408007000000.0,190176202259.3076,8749928205.8792,45.0,40.931,19.332,982748084895.92,46465363034.47,580499697545.62,27167264136.1
2023-01-17,21185.65,21647.45,20841.31,21134.81,275407.74409,6440138.0,1576.94,1609.0,1541.15,1565.57,506771.7219,703325.0,23.58,23.95,22.7,22.86,6056942.68,307729.0,0.0001,0.0001,0.0001076433333333,407986000000.0,189240371250.63907,8533404705.538307,51.0,41.1842,19.4855,990375757999.46,54007483271.22,582497877273.61,27213545113.67
2023-01-18,21132.29,21650.0,20407.15,20677.47,350916.01949,7617173.0,1565.56,1610.0,1501.39,1511.43,752534.8857,913587.0,22.86,23.65,20.34,20.79,11341710.32,497529.0,0.0001,0.0001,0.0001,398978000000.0,183187985711.83017,7751686609.872864,52.0,41.2734,19.4234,987748507121.63,48647297644.64,580071060123.16,23644176960.27
2023-01-19,20677.47,21192.0,20659.19,21071.59,251385.84925,5819932.0,1511.44,1564.43,1509.15,1551.09,308679.4645,477203.0,20.78,21.88,20.41,21.4,6113345.07,224567.0,0.0001,0.0001,0.0001,405974000000.0,186844427095.9108,7933419963.078573,45.0,41.4624,19.291,961289904211.85,61608563604.17,562716497777.82,31603987220.67
2023-01-20,21071.59,22755.93,20861.28,22667.21,338079.13659,7382435.0,1551.09,1669.9,1542.02,1658.52,440570.9974,710633.0,21.4,25.82,20.93,25.51,9652433.39,399397.0,0.0001,0.0001,0.0001,436606000000.0,199828599545.74707,9467515927.66916,51.0,41.4206,19.3694,980831842034.48,40547298217.26,574565630647.75,19396725090.96
2023-01-21,22666.0,23371.8,22422.0,22783.55,346445.48432,7796520.0,1658.53,1679.26,1616.21,1626.66,494248.6009,648695.0,25.51,26.6,24.24,24.57,12782858.69,450566.0,0.0001,0.0001,0.00016756,439370000000.0,196218797159.6356,9167216343.87878,53.0,41.9249,19.4885,1042190218741.52,53098890300.86,605252818317.85,24300344058.08
2023-01-22,22783.35,23078.71,22292.37,22707.88,253577.75286,6603827.0,1626.65,1663.89,1604.0,1627.44,431729.6909,550009.0,24.56,25.45,23.5,24.21,6496779.26,228853.0,0.0001,0.0001,0.0001,437715000000.0,196235164298.2324,8999819365.705105,53.0,42.3274,19.2042,1036917597874.56,62733288677.41,598017470644.89,30292878104.06
2023-01-23,22706.02,23180.0,22500.0,22916.45,293588.37938,7258655.0,1627.43,1648.09,1585.29,1626.29,407267.1156,602844.0,24.21,24.93,23.7,24.33,6100483.98,203735.0,0.0001,0.0001011866666666,0.0001,441836000000.0,196195240438.40045,9048512777.69094,50.0,42.1001,19.1626,1039953113862.48,51552421107.57,602132172189.55,26804317856.9
2023-01-24,22917.81,23162.2,22462.93,22632.89,293158.78254,7395584.0,1626.28,1641.46,1535.0,1555.97,462275.3243,664260.0,24.32,25.24,22.25,22.78,6121565.88,226102.0,0.0001,0.0001,0.0001102633333333,435732000000.0,187253877217.22617,8456377119.832713,52.0,42.1255,18.9917,1049043473416.26,55980792550.18,607129091029.68,29461776302.67
2023-01-25,22631.94,23816.73,22300.0,23060.94,346042.83223,8060446.0,1555.97,1641.0,1518.0,1611.94,646474.9166,832576.0,22.77,25.43,22.24,24.52,8332368.29,312469.0,0.0001,0.0001,7.079666666666667e-05,445347000000.0,193760396528.0121,9121982932.845436,51.0,42.6018,18.6026,1024052655950.07,55233936238.38,587787702587.07,28828963967.81
2023-01-26,23060.42,23282.47,22850.01,23009.65,288924.43581,7181086.0,1611.95,1632.84,1577.43,1601.09,532777.8466,661710.0,24.53,25.23,23.73,24.33,5450404.1,208276.0,0.0001,0.0001,0.0001,443437000000.0,193060918033.1004,9037702151.711464,54.0,42.3958,18.7677,1050702697969.12,61950522869.99,605248704739.9,31262722270.9
2023-01-27,23009.65,23500.0,22534.88,23074.16,280833.86315,7079096.0,1601.08,1621.0,1552.54,1597.62,512093.3875,721339.0,24.33,24.96,23.27,24.43,4729055.76,174475.0,9.847e-05,0.0001,0.0001,444652000000.0,192588456905.4684,9046825105.658989,55.0,42.2981,18.693,1049463666822.53,54426623483.32,605560292130.57,28075668641.84
2023-01-28,23074.16,23189.0,22878.46,23022.6,148115.71085,4181816.0,1597.61,1606.83,1555.99,1572.1,313675.6574,461988.0,24.43,25.24,23.7,24.0,3377884.1,127028.0,0.0001,0.0001,0.0001101533333333,443485000000.0,189233678846.9346,8890067908.775385,52.0,42.156,18.5335,1055230006832.02,53636787014.43,610387150307.31,28253865268.35
2023-01-29,23021.4,23960.54,22967.76,23742.3,295688.79204,7030837.0,1572.1,1660.0,1566.33,1644.72,551767.9134,747055.0,24.0,26.8,23.73,26.07,7785906.2,293221.0,0.0001,0.0001,0.0001,458277000000.0,198405503605.808,9718379004.524157,55.0,42.3268,18.3476,1048839400594.33,36865642480.52,604899013675.97,22152290549.51
2023-01-30,23743.37,23800.51,22500.0,22826.15,302405.90121,7790224.0,1644.73,1647.53,1535.0,1566.2,595055.3281,783703.0,26.07,26.31,23.11,23.96,7532450.12,286378.0,0.0001,0.0001,0.00023425,439495000000.0,188727305412.664,8891453049.21973,61.0,42.3846,18.6305,1081269921766.65,52215648093.49,622977964340.72,24791583947.15
2023-01-31,22827.38,23320.0,22714.77,23125.13,264649.34909,6798411.0,1566.21,1605.18,1561.63,1585.33,348856.6751,565125.0,23.97,24.47,23.49,23.92,4062387.09,143900.0,0.0001,0.0001,0.0001,445889000000.0,190996616460.86127,8895406150.98242,51.0,42.4111,18.4751,1038184168292.52,57104997411.62,597879066041.88,29898150370.22
2023-02-01,23125.13,23812.66,22760.23,23732.66,310790.42271,7863213.0,1585.32,1647.77,1555.18,1641.68,474617.1709,795274.0,23.93,25.22,22.48,25.0,7304888.31,263058.0,0.0001,0.0001,0.0001,457417000000.0,197875615571.1692,9295032356.24541,56.0,42.3839,18.4472,1052447330811.81,47229356160.18,606379010344.16,24392280151.38
2023-02-02,23731.41,24255.0,23363.27,23488.94,364177.20751,9102300.0,1641.67,1714.68,1626.85,1643.12,629188.8874,939545.0,25.0,26.15,24.05,24.32,7246590.58,247302.0,0.0001,0.0001,0.00015412,453166000000.0,198408879327.12595,9058295260.386274,60.0,42.3712,18.6115,1079368080356.3,55907439918.36,622026375210.39,29222704878.92
2023-02-03,23489.33,23715.7,23204.62,23431.9,332571.02904,8007846.0,1643.12,1676.0,1625.93,1663.52,464815.032,714675.0,24.32,25.07,24.01,24.69,4759274.31,154714.0,0.0001,0.0001,7.859666666666666e-05,452034000000.0,200729394421.1052,9201134506.088676,60.0,42.0986,18.7061,1074883020346.56,65908105085.18,622371986553.98,33841092147.87
2023-02-04,23431.9,23587.78,23253.96,23326.84,166126.47295,4852404.0,1663.52,1695.29,1645.43,1666.38,308227.1295,559308.0,24.69,24.95,24.17,24.34,2034159.41,79307.0,0.0001,0.0001,0.0001,450312000000.0,201383218298.405,9096867630.077072,58.0,41.6621,18.7723,1085135800599.04,56726164973.43,633045254197.95,29647063521.3
2023-02-05,23327.66,23433.33,22743.0,22932.91,209251.33917,5903916.0,1666.39,1673.81,1609.3,1629.02,413579.6748,680427.0,24.34,24.46,23.02,23.47,4822304.59,140043.0,0.0001,0.0001,-5.986999999999999e-05,442653000000.0,196569637354.61227,8763499028.890038,58.0,41.5142,18.8259,1083672907518.97,38673691662.3,633794589586.21,23033408365.06
2023-02-06,22932.91,23158.25,22628.13,22762.52,265371.6069,6956395.0,1629.01,1658.56,1605.01,1614.29,384119.4197,636588.0,23.46,23.72,22.45,22.66,3592829.38,114330.0,0.0001,0.0001,5.310666666666667e-05,438585000000.0,194538516380.5541,8450122561.158029,56.0,41.5292,18.734,1065820780089.09,48566666147.31,623194299260.35,29002793434.67
2023-02-07,22762.52,23350.25,22745.78,23240.46,308006.72482,8293878.0,1614.28,1678.37,1613.14,1671.03,451922.4,746572.0,22.65,23.96,22.54,23.82,4900023.85,146267.0,0.0001,0.0001,5.916666666666666e-06,448656000000.0,201581582828.09024,8899695836.878986,54.0,41.5745,18.7352,1055615189036.14,49571616450.79,616748749502.82,25745799299.95
2023-02-08,23242.42,23452.0,22665.85,22963.0,280056.30717,7896433.0,1671.03,1697.91,1630.47,1650.43,417966.2539,671033.0,23.82,24.24,22.8,23.22,3970029.14,122379.0,0.0001,0.0001,6.323e-05,442337000000.0,198870164389.7205,8661822964.536118,58.0,41.2588,18.8167,1087350031990.26,59423580843.29,638722326960.94,32235591974.26
2023-02-09,22961.85,23011.39,21688.0,21796.35,402894.6955,9784291.0,1650.42,1656.17,1524.4,1545.35,658011.6964,973879.0,23.21,23.35,20.0,20.48,6398790.64,196997.0,0.0001,0.0001,3.636666666666672e-06,420770000000.0,186261433092.9121,7662247951.134644,55.0,41.2435,18.8317,1072799678657.28,58256419279.51,630339404760.56,32883384491.58
2023-02-10,21797.83,21938.16,21451.0,21625.19,338591.94247,6993675.0,1545.35,1555.01,1490.0,1513.06,484654.2199,682215.0,20.48,21.2,19.68,20.11,5523024.53,144868.0,0.0001,8.942666666666668e-05,-6.744333333333333e-05,416980000000.0,182477925643.1686,7558903807.237705,48.0,41.4578,18.6452,1015022886376.74,79208103009.37,594216994495.5,46635289854.81
2023-02-11,21625.19,21906.32,21599.78,21862.55,177021.58433,4207940.0,1513.05,1543.0,1505.0,1538.51,289691.5708,440506.0,20.1,20.92,20.1,20.81,1859852.98,58024.0,6.165666666666668e-05,2.441333333333333e-05,-0.00019215,421711000000.0,185599899834.3816,7809818332.055641,49.0,41.3931,18.3759,1008850447625.1,57145322794.75,591255706227.44,30067469068.3
2023-02-12,21862.02,22090.0,21630.0,21783.54,204435.65163,4561903.0,1538.5,1548.02,1493.08,1514.83,286758.374,490609.0,20.81,22.59,20.62,21.49,4625241.81,137528.0,5.8710000000000005e-05,5.5576666666666666e-05,-0.0003809733333333,419944000000.0,182416307097.96408,8058512709.525469,50.0,41.3144,18.455,1021065764990.42,35260984420.94,599218300246.89,18905380194.16
2023-02-13,21782.37,21894.99,21351.07,21773.97,295730.76791,6503611.0,1514.82,1526.1,1461.93,1505.24,643152.3904,788402.0,21.49,21.61,19.73,20.77,6685330.04,177677.0,6.132333333333333e-05,6.183000000000001e-05,-0.0001101833333333,420478000000.0,181506273122.5412,7792922566.1525135,48.0,41.4542,18.287,1013799601952.38,37854397620.34,593536920142.12,20031420807.55
2023-02-14,21774.63,22319.08,21532.77,22199.84,361958.40109,7695927.0,1505.25,1569.0,1482.66,1555.71,668964.3768,861338.0,20.77,22.37,20.66,21.84,7639521.83,208822.0,9.629e-05,3.087333333333333e-05,-0.00013946,428672000000.0,187676560427.0055,8192808015.440136,50.0,41.7827,18.3203,1006679733579.84,59253250100.32,586061462601.94,35334293594.42
2023-02-15,22199.84,24380.0,22047.28,24324.05,375669.16111,8335550.0,1555.7,1680.0,1542.55,1674.92,581207.8586,852734.0,21.84,23.99,21.45,23.86,5587903.97,175989.0,4.692666666666667e-05,3.811666666666667e-05,3.677e-05,468862000000.0,201583485592.25824,8971794076.64177,53.0,41.6122,18.4942,1030129662052.34,57819763109.55,601469684284.68,31029933732.48
2023-02-16,24322.87,25250.0,23505.25,23517.72,450080.68366,11006793.0,1674.92,1742.97,1633.72,1637.84,832723.6731,1220762.0,23.86,24.2,22.2,22.24,6832612.63,212460.0,0.0001439033333333,0.00011367,0.0001,458041000000.0,198088994602.68472,8397967348.99372,62.0,42.4809,18.5553,1103889918757.99,64877813855.61,634947489604.31,32390440765.34
2023-02-17,23517.72,25021.11,23339.37,24569.97,496813.21376,10895009.0,1637.83,1722.0,1630.51,1693.87,579934.663,940022.0,22.24,23.54,21.99,23.14,4539817.75,134439.0,0.0001,0.0001,0.0001,474754000000.0,204369338624.49496,8721346034.202606,61.0,42.4618,18.7004,1073316020438.25,82872820210.92,617566377746.66,43548623648.0
2023-02-18,24568.24,24877.0,24430.0,24631.95,216917.25213,6296097.0,1693.81,1713.13,1679.77,1691.62,267305.7813,457982.0,23.14,23.94,22.92,23.45,2647511.0,96781.0,0.0001,0.0001,0.0001,475343000000.0,203749745600.43228,8876785328.15243,60.0,42.5333,18.6113,1114348219233.85,76168686272.84,640378761518.57,34815999182.72
2023-02-19,24632.05,25192.0,24192.57,24271.76,300395.99542,7660484.0,1691.62,1726.59,1666.14,1679.75,401023.0477,634114.0,23.46,25.64,23.2,24.84,8316165.25,292475.0,0.0001,0.0001,0.0001154833333333,470168000000.0,202815214846.43784,9434772513.750574,60.0,42.559,18.5316,1117148887398.39,44275930199.19,641701813429.16,24652415813.3
2023-02-20,24272.51,25121.23,23840.83,24842.2,346938.56997,9808728.0,1679.74,1719.89,1650.56,1703.27,451314.8335,752116.0,24.83,27.12,24.11,26.26,10266239.07,386554.0,0.0001,0.0001,0.0001635666666666,478506000000.0,204943522300.9077,9867942658.884024,58.0,42.3148,18.5492,1109583735636.79,56307800976.88,640065602388.75,30731402622.86
2023-02-21,24843.89,25250.0,24148.34,24452.16,376000.82868,10712371.0,1703.27,1716.66,1636.3,1659.76,520354.4688,837901.0,26.26,26.61,24.5,24.98,6724448.02,231848.0,0.0001,0.0001,0.0001200133333333,470859000000.0,199424887941.108,9406519136.82803,60.0,42.4505,18.4599,1128772610999.91,64517089719.8,649602562779.47,35549666066.21
2023-02-22,24450.67,24476.05,23574.69,24182.21,379425.75365,11395957.0,1659.77,1666.95,1595.07,1643.14,528875.4809,887617.0,24.98,25.24,23.21,24.16,7174305.66,232326.0,0.0001,0.0001,0.0001,466318000000.0,197837642934.12225,9145624905.32935,59.0,42.5731,18.3176,1107713462647.65,66728454697.12,636125539935.9,35475859507.08
2023-02-23,24182.21,24599.59,23608.0,23940.2,398400.45437,11396877.0,1643.15,1679.0,1628.75,1650.53,501305.9717,849095.0,24.16,24.69,23.6,23.91,4390966.09,161088.0,5.7123333333333336e-05,7.091666666666666e-05,0.0001,461443000000.0,198732905841.7349,9026126527.628304,56.0,42.4234,18.274,1100428687615.49,63527964747.65,633589209458.25,33327679785.52
2023-02-24,23940.2,24132.35,22841.19,23185.29,343582.57453,11531424.0,1650.52,1664.66,1575.64,1607.8,512515.4982,829249.0,23.91,24.13,22.46,23.07,4868888.31,172515.0,5.1223333333333335e-05,6.199333333333335e-05,0.0001,447297000000.0,193778467455.79065,8712588679.04484,53.0,42.2368,18.4636,1094247702767.35,59210213277.3,632072741998.25,28733015645.62
2023-02-25,23184.04,23219.13,22722.0,23157.07,191311.8101,9124568.0,1607.8,1608.98,1557.33,1594.58,290188.0391,532834.0,23.07,23.33,21.41,22.37,4541250.05,144363.0,5.816666666666667e-06,7.686666666666666e-05,5.593666666666667e-05,447008000000.0,192040606077.4654,8470941853.540909,52.0,42.115,18.514,1063198874005.93,58013494228.19,615432530135.59,31203115080.84
2023-02-26,23157.07,23689.99,23059.18,23554.85,202323.73623,9506015.0,1594.58,1651.26,1587.76,1641.36,308607.9941,544008.0,22.37,23.53,22.21,23.25,2817875.05,99292.0,5.571e-05,2.349333333333333e-05,-4.626666666666667e-05,454403000000.0,197661843610.38928,8798788348.560354,51.0,42.2582,18.4377,1058520984537.45,37413629731.13,611208819859.37,21312248396.81
2023-02-27,23554.85,23897.99,23106.77,23492.09,283706.0859,11754195.0,1641.37,1665.22,1608.0,1633.45,431861.4129,679771.0,23.25,23.41,22.32,22.68,3670697.58,121972.0,5.388666666666667e-05,8.219333333333332e-05,8.054666666666667e-05,453696000000.0,196823869747.27304,8581513690.453642,50.0,42.1796,18.622,1078240731969.19,34341666010.34,623443271338.3,17696021289.75
2023-02-28,23492.09,23600.0,23020.97,23141.57,264140.99894,9568743.0,1633.45,1647.52,1596.66,1605.23,393523.1647,626287.0,22.68,22.75,21.75,21.89,2291715.21,96075.0,3.783e-05,5.248666666666667e-05,8.036333333333334e-05,446801000000.0,193574258356.1793,8298938561.059904,53.0,42.3058,18.6351,1073293611797.83,45362478074.36,619228366556.92,22702620791.4
2023-03-01,23141.57,24000.0,23020.03,23628.97,315287.41737,9390487.0,1605.24,1669.72,1595.0,1665.22,474456.8235,725546.0,21.88,22.91,21.65,22.51,2445602.61,102268.0,6.728333333333333e-05,6.780666666666666e-05,8.625666666666668e-05,455791000000.0,200205191681.70392,8505964699.933363,50.0,42.2972,18.6014,1056525760908.85,42666748722.72,609644474963.36,22129838980.19
2023-03-02,23629.76,23796.93,23195.9,23465.32,239315.45219,7435815.0,1665.23,1677.86,1619.18,1647.86,423023.8082,644400.0,22.5,22.65,21.67,22.0,2231193.36,91461.0,8.570000000000001e-05,9.248666666666666e-05,3.966333333333334e-05,453102000000.0,198534926171.7532,8330651051.115949,51.0,42.2208,18.8271,1081249585434.97,48678729349.86,624736891084.94,24017290129.55
2023-03-03,23465.32,23476.95,21971.13,22354.34,319954.19785,8214639.0,1647.86,1649.25,1544.39,1569.45,742816.5976,1008133.0,22.0,22.02,20.34,21.42,3635280.89,140659.0,1.857e-05,1.778e-05,4.806333333333333e-05,431501000000.0,189052510299.8972,8106739548.031269,50.0,42.3506,18.8378,1070204199000.59,42543211782.68,616966347086.36,22158618488.39
2023-03-04,22354.34,22410.0,22157.08,22346.57,121257.38132,4169260.0,1569.45,1577.53,1549.12,1566.73,237640.2606,442158.0,21.42,21.62,20.2,20.98,1754082.61,76327.0,2.148666666666667e-05,3.579333333333333e-05,6.864000000000001e-05,431218000000.0,188654946497.9141,7923941396.98031,50.0,41.9986,18.6792,1028052926302.48,54664109491.33,596285110458.45,28600468567.54
2023-03-05,22346.57,22662.09,22189.22,22430.24,154841.75786,4835978.0,1566.74,1588.77,1553.05,1564.58,299240.7415,505034.0,20.98,21.72,20.84,20.97,1733301.96,87774.0,2.0413333333333333e-05,4.589333333333333e-05,0.0001,432892000000.0,188381512114.99875,7941624930.968352,47.0,42.2007,18.7497,1022767784265.27,26938448848.66,591152855332.44,15773285969.03
2023-03-06,22430.24,22602.19,22258.0,22410.0,203751.82957,6471278.0,1564.57,1583.49,1554.44,1565.84,307709.3011,495130.0,20.98,21.19,20.47,20.63,2216419.88,81761.0,4.9760000000000005e-05,5.103e-05,3.8060000000000005e-05,432815000000.0,188851114156.3885,7897937567.234402,48.0,42.2682,18.6784,1024951173177.32,28750383104.81,591722436386.7,15433862818.43
2023-03-07,22409.41,22557.91,21927.0,22197.96,292519.80912,7813394.0,1565.84,1584.49,1536.14,1561.96,437947.9032,601157.0,20.62,20.95,19.71,20.25,3104831.99,121953.0,2.726333333333333e-05,4.623333333333334e-05,-9.742666666666668e-05,428198000000.0,187945200100.0465,7730424640.5672035,49.0,42.2739,18.7218,1024529362847.64,35225327862.28,591420676108.74,17871530691.97
2023-03-08,22198.56,22287.0,21580.0,21705.44,301460.57272,8018963.0,1561.95,1570.89,1523.61,1532.38,460101.7658,647197.0,20.25,20.39,18.1,18.41,5826803.53,170148.0,5.577666666666667e-05,7.886333333333334e-05,-0.0001227966666666,419082000000.0,184834261161.6404,7060094666.635117,50.0,42.1713,18.787,1017418783044.55,44482339994.83,588360233710.26,21715174284.29
2023-03-09,21704.37,21834.99,20042.72,20362.22,443658.28584,10076702.0,1532.38,1546.45,1408.0,1437.32,718485.1364,914935.0,18.41,18.78,16.69,17.33,7832548.96,200872.0,0.0001,6.775333333333333e-05,-3.349666666666667e-05,392998000000.0,173078803559.21075,6624342824.185887,44.0,42.1855,18.8809,994277359445.18,44320979167.78,574836605152.24,21784486216.18
2023-03-10,20362.21,20367.78,19549.09,20150.69,618456.4671,12106261.0,1437.32,1439.43,1368.39,1426.44,960262.4509,1155209.0,17.34,18.36,16.0,18.17,9520202.65,260217.0,-3.338666666666666e-05,-2.9716666666666663e-05,-9.812e-05,390902000000.0,172772944066.806,7001063341.442327,34.0,41.6565,18.6472,944168313860.41,57773496227.85,550861026890.35,27403862563.66
2023-03-11,20150.69,20686.51,19765.03,20455.73,427831.82133,10412300.0,1426.43,1478.07,1408.4,1471.97,1374859.6201,1467256.0,18.17,18.89,16.94,18.07,6593106.41,228203.0,-7.576666666666667e-06,5.690000000000001e-06,-0.0003048733333333,397579000000.0,177961947384.25787,6964990594.467221,33.0,41.4604,18.597,940408550880.81,76289657908.14,550511824082.46,36710003683.42
2023-03-12,20455.73,22150.0,20270.6,21997.11,430944.94288,9721933.0,1471.93,1594.19,1448.3,1580.33,1002355.0929,1253899.0,18.07,20.53,17.71,20.2,6555846.63,244816.0,1.798666666666667e-05,1.1060000000000004e-05,-8.704e-05,426200000000.0,191121420701.53293,7759690094.433523,33.0,41.8573,19.0576,951967403420.31,91096944569.08,553500018990.54,60918424793.51
2023-03-13,21998.05,24500.0,21813.88,24113.48,687889.31259,14820760.0,1580.33,1693.49,1565.0,1673.45,1228063.6053,1671283.0,20.19,21.47,18.87,20.4,10652102.31,364952.0,8.670333333333335e-05,0.0001,0.0001,466564000000.0,202117918720.258,7809204038.002181,49.0,42.2199,19.1986,1013838148032.96,64580463010.92,585796442801.7,35296250594.54
2023-03-14,24112.27,26386.87,23976.42,24670.41,699360.93423,15223589.0,1673.44,1780.02,1655.24,1699.4,1283321.2355,1750035.0,20.4,22.12,19.75,20.86,9812864.39,381197.0,0.0001828433333333,0.0001,0.0001,478459000000.0,205610948586.18817,8028280381.372787,56.0,43.4954,19.1327,1074729507891.88,97270664123.23,607271242970.33,47811137109.12
2023-03-15,24670.41,25196.97,23896.95,24285.66,581450.72984,12613034.0,1699.41,1716.9,1611.0,1649.96,963142.4833,1388384.0,20.86,21.46,18.7,19.24,7661168.72,297554.0,0.00018751,0.0002003133333333,0.00012688,471542000000.0,199409706301.5732,7403428529.352298,50.0,43.7508,19.0789,1093183678306.77,101182591590.01,614906573002.51,46564591635.27
2023-03-16,24285.66,25167.4,24123.0,24998.78,439421.32998,10418081.0,1649.95,1691.42,1632.18,1673.73,627985.6119,1004406.0,19.25,19.9,18.88,19.67,4381882.68,175444.0,0.0001,0.0001,-5.886e-05,483801000000.0,202036528031.2508,7561877766.197459,52.0,44.2288,19.0374,1064655214409.96,83701408243.65,593770741356.19,40037032687.45
2023-03-17,24998.78,27756.84,24890.0,27395.13,624460.68091,13113359.0,1673.73,1800.0,1662.65,1789.27,907528.2825,1293055.0,19.67,21.69,19.42,21.6,5853746.15,226642.0,7.770333333333335e-05,7.301666666666668e-05,-3.0266666666666663e-05,530332000000.0,215738085053.50195,8269443327.286681,51.0,44.4637,18.8548,1088592130913.77,62601200934.48,604563947604.76,28736551431.11
2023-03-18,27395.13,27724.85,26578.0,26907.49,371238.97174,9948603.0,1789.26,1841.0,1747.47,1758.84,711614.731,1115890.0,21.6,22.94,21.05,21.2,7417972.25,318142.0,0.0001,0.0001,0.0001586033333333,521376000000.0,212526112153.8513,8150406559.794845,64.0,45.4509,18.8142,1166253531968.25,84321789109.78,636180303278.83,33565080485.13
2023-03-19,26907.49,28390.1,26827.22,27972.87,372066.99054,9578297.0,1758.84,1841.36,1757.92,1780.68,541131.8908,919093.0,21.2,22.43,21.19,21.86,4290990.03,176495.0,0.0001,0.0001,0.0001,544578000000.0,217028000388.1576,8452299762.208239,63.0,45.4814,18.8245,1145640894647.41,68924084925.26,624587523609.62,33202888821.22
2023-03-20,27972.87,28472.0,27124.47,27717.01,477378.23373,11775950.0,1780.67,1803.05,1722.0,1732.78,682848.1248,1083767.0,21.86,23.91,21.35,22.13,10056429.13,444627.0,9.693666666666668e-05,9.398e-05,0.0001,537824000000.0,209273954046.37848,8538333036.9304495,66.0,46.086,18.5857,1175626910203.8,65056772847.18,633827307898.46,27284389880.21
2023-03-21,27717.01,28438.55,27303.1,28105.47,420929.7422,11530870.0,1732.77,1835.0,1717.01,1801.23,742348.4999,1166036.0,22.13,23.33,21.51,22.53,6547867.38,264477.0,3.221333333333334e-05,6.902333333333334e-05,0.0001,544391000000.0,217430239713.355,8682506473.465246,68.0,46.5431,18.4221,1152833369209.93,77383433884.74,616269148195.76,32612622116.4
2023-03-22,28107.81,28868.05,26601.8,27250.97,224113.41296,3589327.0,1801.23,1819.98,1710.12,1734.33,891287.6009,1286030.0,22.52,23.09,20.93,21.42,8602292.98,332692.0,1.8693333333333333e-05,3.984333333333333e-05,8.703e-05,528354000000.0,209380797426.5336,8249960489.923855,62.0,46.0186,18.6836,1182800706981.5,67723817736.0,638492553241.02,31623104558.11
2023-03-23,27250.97,28750.0,27105.0,28295.41,128649.60818,2159091.0,1734.34,1857.16,1729.35,1813.79,732061.103,1074713.0,21.41,22.95,21.08,22.16,5049411.36,185723.0,3.052666666666667e-05,5.994333333333334e-05,9.800000000000004e-06,548602000000.0,219133913883.9848,8531108659.043168,57.0,46.0846,18.5691,1144997903838.9,69463882830.51,617330208413.97,36084680815.14
2023-03-24,28295.42,28374.3,27000.0,27454.47,86242.06544,1511137.0,1813.78,1818.99,1726.4,1749.57,564770.1417,855600.0,22.16,22.27,20.26,20.66,4995998.21,182757.0,0.0001,0.0001,0.0001,530781000000.0,210929669893.77667,7935076749.134618,61.0,46.1724,18.7427,1185764476460.89,55703450260.6,638269106430.7,31484919478.82
2023-03-25,27454.46,27787.33,27156.09,27462.95,50844.08102,1088721.0,1749.57,1763.23,1713.09,1741.88,355679.3743,620651.0,20.66,20.98,20.09,20.41,2338133.56,98857.0,1.3566666666666669e-06,8.856666666666666e-06,-5.6586666666666665e-05,531288000000.0,209885234403.7056,7843474261.33869,64.0,46.149,18.6197,1151301162287.42,54992894975.01,619987665973.69,29012797858.76
2023-03-26,27462.96,28194.4,27417.76,27968.05,49671.70353,1068196.0,1741.88,1801.0,1739.31,1773.88,354933.2372,592618.0,20.4,21.14,20.29,20.94,1848599.09,73413.0,1.2300000000000024e-06,2.0696666666666664e-05,-5.6143333333333335e-05,542146000000.0,214232035299.286,8069725432.726222,64.0,46.2965,18.5903,1147888688788.54,32983707724.72,616456746611.7,19601618670.84
2023-03-27,27968.05,28023.86,26508.14,27124.91,88039.46898,1575264.0,1773.88,1780.48,1686.13,1715.22,570563.5023,810253.0,20.94,20.99,19.33,19.91,3556384.38,131411.0,1.6393333333333334e-05,3.596666666666667e-06,5.3003333333333335e-05,524884000000.0,206560173685.3881,7636076834.955826,64.0,46.3824,18.6252,1166614358045.19,31515223763.7,625510823770.68,17636330529.19
2023-03-28,27124.9,27520.0,26631.78,27261.07,78602.44341,1521981.0,1715.21,1795.73,1701.13,1772.99,536511.3973,766887.0,19.91,20.88,19.6,20.45,3316462.41,122189.0,2.4086666666666664e-05,2.8576666666666664e-05,-3.740666666666667e-05,527402000000.0,213793030001.47644,7864447028.5703535,59.0,46.2872,18.5237,1133247655824.84,42377984347.67,608699416477.14,24189190729.78
2023-03-29,27261.06,28650.0,27240.1,28348.6,89486.16008,1704217.0,1773.0,1827.99,1772.48,1793.07,536865.5972,810500.0,20.45,21.56,20.43,21.1,3377523.28,123019.0,7.724333333333334e-05,9.194666666666669e-05,7.243333333333336e-06,548792000000.0,216179520194.9649,8125178085.988205,57.0,45.8374,18.866,1149951260042.02,40036422743.91,622844035257.51,22253457199.66
2023-03-30,28348.6,29184.68,27686.0,28028.53,98865.43256,1843652.0,1793.06,1829.69,1763.0,1793.61,579690.0394,876484.0,21.1,21.67,20.16,20.55,4349577.78,149633.0,4.5826666666666666e-05,3.689e-05,1.9590000000000004e-05,541708000000.0,215822138808.9152,7903054981.308434,60.0,46.3796,18.5705,1181645138837.99,47058201981.09,633603204534.27,26372582803.79
2023-03-31,28028.53,28656.69,27511.71,28465.36,78198.12139,1537349.0,1793.6,1847.28,1777.91,1821.52,554525.4762,902956.0,20.55,21.49,20.04,21.16,3228391.27,115061.0,4.5486666666666666e-05,8.061666666666667e-05,-5.796666666666667e-05,551269000000.0,219698836791.4112,8178408617.330802,63.0,46.206,18.709,1172903467797.31,50873473705.86,630951239871.29,28435054048.92
2023-04-01,28465.36,28819.71,28220.27,28452.73,30238.44753,822781.0,1821.52,1842.83,1807.81,1820.79,272904.9674,579259.0,21.15,21.34,20.74,21.08,1824463.55,79306.0,9.613333333333334e-05,8.768666666666667e-05,0.0001,550906000000.0,219504973507.43765,8141406480.367091,61.0,46.3692,18.4837,1187304591349.8,43800734346.52,636761348712.39,24789399855.89
2023-04-02,28452.74,28530.0,27856.43,28171.87,37365.65692,938464.0,1820.8,1824.81,1771.7,1794.51,322122.9385,637705.0,21.07,21.3,20.23,20.52,1822345.58,81028.0,5.311333333333333e-05,4.1693333333333336e-05,6.870333333333334e-05,544500000000.0,216171582156.84247,7917129147.218979,63.0,46.394,18.4954,1186182338347.54,31095093332.11,635865454463.1,19542077537.54
2023-04-03,28171.87,28500.99,27200.24,27800.0,79180.01405,1651062.0,1794.51,1839.99,1762.77,1810.51,628503.6619,1098681.0,20.52,20.99,19.94,20.45,3984085.57,146124.0,2.069e-05,-1.7896666666666664e-05,-1.555e-05,538513000000.0,218149738096.0713,7896655833.9569025,63.0,46.4408,18.425,1173729564560.52,31925080914.24,628640501845.12,19639706921.45
2023-04-04,27800.0,28444.44,27662.79,28165.47,49722.55691,1102007.0,1810.51,1891.91,1802.01,1870.37,622208.6411,1087425.0,20.45,21.26,20.28,20.92,2514863.89,95627.0,-2.8806666666666663e-05,6.532666666666667e-05,6.766e-05,543621000000.0,225015339219.6612,8068357447.53385,62.0,45.9907,18.6608,1168517121895.68,48986217518.21,631107521864.34,29427380810.85
2023-04-05,28165.47,28775.0,27805.1,28170.01,60737.64732,1262730.0,1870.38,1942.98,1864.58,1908.69,548595.5155,1077031.0,20.91,21.34,20.58,20.97,2603072.26,101797.0,5.514e-05,8.951e-05,0.0001,545126000000.0,230184395803.50565,8121269982.696524,62.0,45.8786,18.9824,1187283888063.25,42013585460.02,642574157362.24,26730163262.42
2023-04-06,28170.01,28182.05,27711.0,28033.82,40118.94963,934548.0,1908.68,1909.91,1853.7,1872.41,396241.4352,916688.0,20.96,20.99,20.43,20.62,1674280.5,68618.0,6.883333333333332e-06,3.826333333333333e-05,6.346666666666667e-05,542419000000.0,225480148405.9296,7980771199.610462,63.0,45.6171,19.2528,1194470635423.77,43898178157.34,649587215309.68,26845658286.96
2023-04-07,28033.83,28100.0,27766.94,27906.33,24762.09387,655634.0,1872.41,1882.61,1841.46,1863.72,284256.4873,829061.0,20.62,20.78,20.22,20.44,1220862.47,55610.0,1.953333333333334e-06,4.273e-05,-2.3200000000000005e-05,540275000000.0,224784733520.31985,7928713312.7570915,64.0,45.8227,19.0623,1183473039111.85,37033375218.8,641173232405.67,23195565838.53
2023-04-08,27906.34,28154.99,27859.02,27938.38,19479.96735,624159.0,1863.73,1879.38,1847.0,1848.82,197905.5407,902787.0,20.44,20.74,19.85,20.04,1608993.48,62582.0,1.3086666666666666e-05,2.327e-05,7.612000000000001e-05,540827000000.0,223024925618.27487,7772642799.507211,61.0,45.8153,19.0607,1178722452763.51,30162320386.68,638687698637.55,19301035638.35
2023-04-09,27938.38,28530.0,27800.0,28323.76,32531.16101,777589.0,1848.82,1873.99,1824.01,1858.92,287131.3079,953458.0,20.04,20.44,19.87,20.28,1051608.84,49642.0,-2.69e-06,6.6e-06,2.8136666666666668e-05,548468000000.0,224158446459.94,7882194459.1647215,61.0,45.9793,18.9501,1175705519761.06,27341712671.25,635124762396.57,17968336070.34
2023-04-10,28323.76,29770.0,28170.0,29637.34,67754.0622,1285695.0,1858.91,1918.79,1846.4,1910.2,434739.7984,586284.0,20.29,20.95,20.08,20.89,1615129.64,68772.0,8.722333333333332e-05,1.506666666666667e-06,8.705333333333334e-05,574215000000.0,230293379927.66168,8116021006.846431,62.0,46.1912,18.8795,1186469173909.93,29603164737.32,638425181262.12,17428400098.67
2023-04-11,29637.35,30550.0,29590.0,30200.42,67990.07621,1340458.0,1910.21,1937.37,1881.11,1889.86,405203.4892,590527.0,20.89,23.68,20.82,22.98,8297859.99,342838.0,0.0001,6.004e-05,0.0001,585061000000.0,227836674834.6392,8946435513.315498,68.0,46.8487,18.8048,1224314269340.28,40721826862.93,650739191113.31,21439460069.23
2023-04-12,30200.43,30486.0,29637.4,29888.07,62049.48451,1246556.0,1889.86,1933.0,1852.65,1917.39,630844.4186,801456.0,22.99,24.48,22.29,23.8,10374263.08,397878.0,6.508000000000001e-05,1.985e-05,0.0001,578627000000.0,231455256713.9236,9329397270.73982,65.0,47.3691,18.4605,1234603276299.42,44418849673.6,649782233743.22,24297589830.54
2023-04-13,29888.07,30595.0,29854.59,30373.84,51934.11731,1054144.0,1917.4,2023.0,1899.55,2012.01,676164.5188,911569.0,23.81,25.3,23.63,24.43,6063385.78,225178.0,7.030666666666667e-05,0.0001,6.595666666666667e-05,587514000000.0,242182344356.7818,9563121801.975348,61.0,47.0829,18.8095,1228187207745.42,48234780317.02,649920603226.99,28714714075.45
2023-04-14,30373.84,31000.0,29966.0,30466.93,75984.19452,1504180.0,2012.0,2128.76,2009.22,2099.99,896307.3934,1182309.0,24.43,25.49,23.73,24.71,6432126.81,259938.0,4.435666666666667e-05,0.0001,0.0001,589245000000.0,253148289413.88928,9708298783.93237,68.0,46.7895,19.2918,1257089294871.11,45450261019.25,668903610577.49,27940525548.26
2023-04-15,30466.93,30595.6,30202.0,30295.09,25429.81247,732418.0,2099.99,2111.85,2071.13,2090.6,321823.7851,505299.0,24.72,24.8,23.81,24.05,2861426.92,106820.0,4.493333333333333e-05,0.0001,0.0001,587010000000.0,251787744275.62863,9444162021.387505,68.0,46.2391,19.8057,1275619778482.57,63108090693.47,685784309855.72,40449835852.69
2023-04-16,30295.1,30549.99,30120.0,30304.65,26431.99322,708233.0,2090.61,2141.54,2072.72,2118.67,319880.4393,529231.0,24.05,25.49,23.81,25.34,3471417.67,145691.0,9.048e-05,0.0001,0.0001519166666666,586476000000.0,254556551027.83792,9928043127.828,68.0,46.1019,19.7526,1272308854423.25,35403809366.17,685750877469.4,23462618627.3
2023-04-17,30304.66,30316.06,29240.65,29430.27,56441.81127,1137294.0,2118.66,2120.51,2056.25,2074.0,426972.7071,674817.0,25.34,26.0,24.28,24.58,5631537.5,237722.0,9.125333333333334e-05,0.0001,0.00026239,570182000000.0,248602437767.4324,9657790058.243536,69.0,45.777,19.8072,1281350156306.89,36693765812.84,694786034803.74,23838929938.0
2023-04-18,29430.27,30485.0,29096.78,30380.01,62004.89434,1141562.0,2073.99,2125.0,2051.0,2103.5,414244.6135,636801.0,24.57,25.44,24.0,24.82,3477504.6,136977.0,3.648333333333333e-05,0.0001,0.0001,587573000000.0,251009190518.6024,9730716247.865204,58.0,45.5048,19.8026,1252121628040.14,46765212440.53,682346622527.12,28891768257.24
2023-04-19,30380.01,30413.53,28520.0,28797.1,86575.48656,1699891.0,2103.51,2104.6,1923.03,1933.73,775389.0602,1116849.0,24.82,24.98,21.71,22.66,6650547.99,278574.0,5.383333333333334e-05,6.328333333333333e-05,4.808666666666667e-05,557223000000.0,231129956947.47305,8880059310.330063,63.0,45.8989,19.6014,1281436072304.01,46893048612.33,693270875106.94,27412137768.68
2023-04-20,28797.1,29088.3,28010.0,28243.65,76879.09372,1434642.0,1933.74,1982.99,1914.43,1942.98,625336.2495,869619.0,22.66,23.18,21.59,22.2,5486212.56,227359.0,6.048333333333333e-05,2.9066666666666664e-05,0.0001,546692000000.0,231885569778.4109,8701322575.653513,52.0,46.1818,19.1348,1207742665879.22,61366623614.09,649984931549.97,36795058193.34
2023-04-21,28243.65,28374.02,27125.0,27262.84,77684.7679,1463628.0,1942.98,1957.27,1825.0,1848.78,688876.6186,868887.0,22.19,22.41,21.0,21.25,4194496.37,147812.0,8.765666666666667e-05,8.003666666666666e-05,5.475e-05,528152000000.0,222744186732.56607,8349980380.392716,50.0,45.8332,19.6217,1192679746259.05,52573332528.06,646036446141.85,31236015415.62
2023-04-22,27262.84,27882.72,27140.35,27816.85,36023.69686,859500.0,1848.77,1887.31,1841.64,1874.16,331007.5879,451499.0,21.26,21.99,21.05,21.79,1831214.09,75308.0,6.316e-05,2.584333333333333e-05,-1.0803333333333332e-05,538541000000.0,225847901016.29904,8570724372.355266,53.0,45.7792,19.3193,1152874818412.54,50856264676.28,625098022918.07,30096810671.04
2023-04-23,27816.85,27816.85,27311.25,27590.6,34812.09581,873485.0,1874.17,1882.01,1836.37,1862.0,344514.3444,463928.0,21.79,22.25,20.91,21.47,2754139.65,101756.0,2.504333333333333e-05,-3.299999999999999e-06,4.056333333333333e-05,534254000000.0,224309626646.7441,8431976098.587731,56.0,45.8612,19.2251,1173885720427.83,31006148039.28,635527637557.58,17880264491.55
2023-04-24,27590.59,28000.0,26942.82,27510.93,53111.56874,1211080.0,1862.01,1890.0,1806.0,1841.84,447864.0517,682824.0,21.47,22.02,21.0,21.38,3120614.16,116140.0,3.667666666666667e-05,5.130333333333333e-05,6.560000000000001e-05,532643000000.0,221903645257.1856,8403401981.310803,53.0,45.8694,19.2588,1164226275750.82,30093079797.04,630202725150.28,17307548477.84
2023-04-25,27510.93,28399.99,27192.0,28300.79,52325.14637,1087067.0,1841.84,1877.86,1801.66,1866.1,457870.6047,631766.0,21.39,21.97,20.73,21.93,3314599.54,108215.0,6.737666666666667e-05,7.779e-05,-9.453333333333331e-06,547813000000.0,224930771243.80453,8600252590.619768,53.0,45.9359,19.132,1159583910036.04,38405334555.9,626918692050.5,20701646992.24
2023-04-26,28300.8,30036.0,27235.0,28415.29,129228.40403,2261942.0,1866.1,1964.72,1785.0,1866.01,897709.7298,1182620.0,21.94,22.97,20.36,21.28,6657868.13,245072.0,5.344e-05,4.597666666666667e-05,5.734666666666667e-05,549414000000.0,224787351438.22583,8356161128.68412,56.0,46.3176,18.9997,1182825744182.45,39538742427.17,634969760246.32,21805405685.48
2023-04-27,28415.29,29890.0,28378.86,29472.77,95430.82431,1990148.0,1866.01,1940.96,1861.19,1908.68,727472.9466,959609.0,21.28,22.52,21.18,22.33,4703115.03,164959.0,3.850666666666667e-05,2.3516666666666665e-05,-1.635666666666667e-05,570368000000.0,229896733350.8117,8767934899.202585,59.0,46.5967,19.033,1180847546468.08,64226853050.34,630611412575.71,32372445096.41
2023-04-28,29472.77,29599.54,28891.0,29311.7,54298.16578,1129240.0,1908.68,1923.88,1873.94,1890.94,387630.7791,574483.0,22.34,23.5,22.16,23.34,4422324.38,181675.0,8.158666666666667e-05,8.389999999999999e-05,0.0001,568171000000.0,228034427110.43835,9176987287.506176,64.0,47.1286,18.9839,1210771940661.43,54511450507.59,640151765130.31,27359839788.82
2023-04-29,29311.69,29448.88,29031.0,29230.45,20466.83058,619319.0,1890.93,1918.0,1883.05,1907.8,182046.1406,335962.0,23.34,23.89,22.9,23.19,3194699.55,126795.0,4.871333333333333e-05,5.517e-05,8.776e-05,565695000000.0,229465097244.52127,9099307456.972326,64.0,47.126,18.9074,1205188547671.96,39379327826.37,637231310425.91,21835587255.19
2023-04-30,29230.45,29969.39,29079.59,29233.21,39752.5372,949458.0,1907.79,1939.0,1866.16,1870.09,355336.4888,552933.0,23.18,23.99,22.69,22.74,3110943.4,135691.0,4.237e-05,4.7936666666666665e-05,7.514e-05,568442000000.0,227017458283.97336,9039207776.346586,60.0,46.9253,19.0465,1206623693405.96,24771847803.25,640411972246.16,14108623914.92
2023-05-01,29233.2,29337.34,27666.95,28068.26,64433.65958,1362793.0,1870.08,1886.49,1806.12,1830.73,445519.1779,647788.0,22.73,22.88,21.54,21.96,3758634.21,142085.0,-1.1230000000000004e-05,1.85e-06,7.178333333333333e-05,544323000000.0,220539163468.2068,8648706061.572449,63.0,47.1431,18.773,1201145917496.18,31897279995.43,634888330223.6,17240285214.5
2023-05-02,28068.26,28879.88,27872.0,28669.86,50824.5224,1174697.0,1830.73,1881.87,1822.94,1870.08,373753.2027,563768.0,21.95,22.38,21.75,22.25,2566813.09,87272.0,2.769e-05,6.872666666666666e-05,-4.833333333333338e-07,555500000000.0,225414891358.4834,8760684761.182426,55.0,46.6667,18.924,1165408544465.5,40810771252.63,621550384267.8,22159353193.68
2023-05-03,28669.85,29266.66,28113.69,29026.16,64615.79213,1502909.0,1870.09,1916.52,1842.64,1905.12,465185.2501,751579.0,22.25,22.3,21.23,22.24,4181975.28,138483.0,6.568e-05,8.690666666666667e-05,3.0186666666666667e-05,562387000000.0,229352550798.65195,8748435055.614946,64.0,46.9668,19.0477,1182377779493.73,35176475458.64,627052212246.44,18742657135.89
2023-05-04,29026.16,29379.83,28663.64,28838.16,42575.47501,961542.0,1905.12,1918.26,1866.71,1877.07,354528.6144,525802.0,22.24,22.49,21.61,21.74,2529635.56,95797.0,8.102000000000001e-05,9.966666666666669e-05,6.591000000000001e-05,558749000000.0,225962157131.41467,8569135593.949152,64.0,46.9852,19.175,1195915355366.97,42043679699.05,634012257892.03,22919534516.58
2023-05-05,28838.16,29677.0,28800.0,29505.61,58415.83048,1288027.0,1877.07,1998.36,1875.65,1993.3,546608.875,803612.0,21.74,23.07,21.56,22.82,3636404.07,132976.0,7.396e-05,6.411666666666666e-05,7.741e-05,572275000000.0,240221485070.9142,9004351944.619524,61.0,47.1072,19.0602,1185919033324.54,32912154108.68,627265366259.94,17364048562.77
2023-05-06,29505.6,29820.0,28300.0,28848.2,49249.28459,1221021.0,1993.3,2019.0,1860.0,1896.33,608106.9915,868626.0,22.82,23.23,21.56,21.91,2849745.66,128400.0,0.0001,6.898000000000001e-05,7.480333333333333e-05,559642000000.0,228741670543.5937,8664951685.654854,60.0,46.8861,19.6872,1219932160469.87,42864216955.31,647953476396.57,24927675573.53
2023-05-07,28848.19,29138.29,28395.23,28430.1,30003.41028,855425.0,1896.33,1933.33,1867.59,1870.4,413268.8357,625667.0,21.91,22.78,21.63,21.66,2954384.97,127435.0,4.804666666666667e-05,2.833333333333333e-05,2.5923333333333336e-05,557002000000.0,228713293235.59647,8684588029.057178,64.0,47.1537,19.2651,1187051646719.99,39352635794.44,627313238958.84,23439481655.04
2023-05-08,28430.09,28631.01,27262.0,27668.79,68244.36179,1600637.0,1870.41,1883.97,1810.73,1847.56,625316.6168,885693.0,21.65,21.81,20.0,20.62,5254424.55,215313.0,1.6763333333333333e-05,3.43e-05,1.6176666666666667e-05,536991000000.0,222667341959.90503,8158139256.021862,60.0,46.9789,19.2147,1172950585268.7,27741671879.54,621911065960.75,16435082483.64
2023-05-09,27668.8,27818.0,27353.0,27628.27,40113.31069,1003698.0,1847.55,1861.88,1830.99,1846.52,304396.186,517737.0,20.63,21.0,20.4,20.65,2375473.6,89469.0,4.109666666666666e-05,8.281666666666667e-05,-0.00010214,535372000000.0,222405391895.72235,8167834306.001389,51.0,46.9594,19.48,1142228138195.64,46572605157.71,605845043983.8,27455332672.86
2023-05-10,27628.28,28331.42,26777.0,27598.75,71155.11355,1534579.0,1846.53,1887.47,1790.51,1840.84,639933.3855,802140.0,20.66,21.31,19.74,20.91,5057170.3,172064.0,4.109666666666666e-05,4.483e-05,-5.023333333333334e-06,535468000000.0,221695021098.3408,8289991316.088246,52.0,46.9142,19.4787,1141816056349.67,31936584768.74,606142505197.18,17808962738.08
2023-05-11,27598.74,27630.14,26702.05,26968.62,47635.31365,1257000.0,1840.83,1842.02,1772.68,1794.3,522096.0725,679625.0,20.92,20.93,19.69,20.17,3721715.1,130603.0,4.5763333333333336e-05,2.409333333333333e-05,4.281e-05,522718000000.0,216041529963.318,7991615407.250107,52.0,46.8119,19.3959,1142914575699.0,45887894685.18,607894904717.62,25232553487.79
2023-05-12,26968.61,27091.12,25811.46,26795.01,67207.93494,1351633.0,1794.31,1818.63,1740.0,1807.45,565539.8309,696930.0,20.17,20.95,19.8,20.9,3076452.18,130573.0,3.453e-05,4.5566666666666665e-06,3.398666666666667e-05,518619000000.0,217503571684.53647,8255224241.500544,49.0,46.8095,19.3413,1117071625654.42,37849293416.72,594175771595.91,21124252479.53
2023-05-13,26795.01,27045.45,26692.03,26775.28,22814.90421,605049.0,1807.45,1817.03,1785.23,1795.11,212895.4373,342566.0,20.91,21.29,20.77,20.84,1835421.61,87138.0,3.2896666666666666e-05,2.027e-05,6.066e-05,519961000000.0,216494108423.1793,8267982359.86053,48.0,46.2251,19.7664,1123373193788.81,41515886992.11,604092253704.08,22201758748.4
2023-05-14,26775.27,27200.0,26560.53,26917.62,21594.8036,629537.0,1795.12,1824.0,1789.82,1799.21,218101.0977,348092.0,20.83,21.28,20.62,20.93,1553375.08,55101.0,2.763666666666667e-05,2.9346666666666668e-05,6.979333333333333e-05,521474000000.0,216440058465.88147,8283331074.600018,48.0,46.309,19.6898,1120563284619.52,22736824841.1,601642158594.36,12737653236.02
2023-05-15,26917.61,27663.59,26726.0,27162.14,40430.08333,935914.0,1799.2,1846.7,1785.05,1816.2,388171.9261,503728.0,20.93,21.52,20.6,20.99,2858317.83,99861.0,8.803333333333334e-06,-1.3773333333333334e-05,5.277333333333333e-05,527574000000.0,218773174730.95923,8320019596.158867,50.0,46.3312,19.6574,1126129060708.0,22048926216.23,604379606337.74,12034038480.55
2023-05-16,27162.15,27296.89,26852.11,27033.84,33270.45451,815642.0,1816.21,1832.64,1796.2,1824.21,311238.6786,466058.0,20.98,21.13,20.43,20.67,2722401.44,82744.0,5.875e-05,1.9013333333333333e-05,8.689e-05,523610000000.0,219371536039.35303,8180790633.084347,54.0,46.4194,19.6951,1134524450202.64,31232667514.22,607885294646.63,16818861863.49
2023-05-17,27033.85,27500.0,26544.71,27405.61,42958.97785,1016823.0,1824.21,1837.5,1783.68,1822.12,352097.9913,524718.0,20.68,21.23,20.42,21.06,2614414.01,95994.0,6.627333333333333e-05,3.738e-05,7.582e-05,530907000000.0,219185718413.5265,8338856693.73211,50.0,46.4366,19.4505,1128065356726.9,28503434501.75,604230385019.46,15771360662.45
2023-05-18,27405.62,27485.33,26361.2,26821.28,49198.65143,1057318.0,1822.12,1831.92,1771.12,1800.56,293755.311,480171.0,21.06,21.09,20.07,20.34,2624370.52,85048.0,9.447333333333334e-05,6.523333333333332e-05,7.65e-05,520127000000.0,216967095119.5865,8057383742.361862,51.0,46.5906,19.2316,1139537975900.49,34363999774.5,608620234548.12,19223992849.32
2023-05-19,26821.28,27183.6,26630.0,26880.26,28754.13544,756295.0,1800.56,1829.54,1796.81,1812.32,243116.4676,390917.0,20.35,20.59,20.21,20.36,1214543.49,44184.0,3.6683333333333335e-05,5.859333333333333e-05,9.233333333333332e-06,521047000000.0,218085944881.81903,8055524409.480825,48.0,46.3071,19.299,1122684786946.14,32096067293.3,602801703568.94,16872596763.53
2023-05-20,26880.26,27150.0,26825.11,27102.43,14434.54718,481382.0,1812.31,1828.87,1807.06,1819.42,127754.4349,272744.0,20.35,20.37,20.08,20.28,856718.98,32249.0,2.3063333333333337e-05,2.8483333333333336e-05,5.0423333333333336e-05,525168000000.0,218820170137.21887,8023578666.724621,48.0,46.2865,19.3667,1125750276154.75,25385427378.49,604679466568.23,14126490104.0
2023-05-21,27102.42,27277.55,26666.03,26747.78,21347.87279,568937.0,1819.42,1828.98,1797.21,1804.91,161517.8053,308391.0,20.28,20.39,19.33,19.61,1976334.78,70021.0,5.703e-05,2.186e-05,9.826333333333334e-05,518917000000.0,217270664396.93115,7780293544.681741,52.0,46.4295,19.3384,1132119586673.94,17071105239.84,606481654353.07,10025515743.74
2023-05-22,26747.78,27099.89,26538.21,26849.27,26458.83828,717111.0,1804.91,1828.27,1792.01,1817.35,237498.9423,411867.0,19.61,20.03,19.28,19.53,2054927.32,62601.0,2.6663333333333333e-05,5.649666666666667e-05,6.936333333333334e-05,520524000000.0,218677538663.1316,7744573140.7147455,49.0,46.3625,19.4098,1118255293392.19,19705728479.39,599803936767.08,11058593315.35
2023-05-23,26849.28,27495.83,26798.11,27219.61,38700.83858,816399.0,1817.36,1872.5,1815.24,1854.05,396869.6097,548587.0,19.52,20.18,19.42,20.02,2466255.33,69834.0,0.0001,6.723e-05,9.999e-05,527682000000.0,223047178206.50552,7942586184.099399,50.0,46.3114,19.4526,1123799321986.28,25124546524.13,603352014505.81,14068114682.67
2023-05-24,27219.61,27219.61,26080.5,26329.01,54393.0657,1012767.0,1854.06,1854.09,1777.6,1799.89,420846.1445,554307.0,20.02,20.07,18.66,19.22,2780601.57,95272.0,5.476333333333333e-05,5.0003333333333336e-05,8.745e-05,510548000000.0,216616744816.57043,7614979248.068389,50.0,46.3554,19.5915,1138323039474.38,30753018683.44,610648291749.62,17055297144.15
2023-05-25,26329.0,26631.98,25871.89,26473.79,37435.44895,753125.0,1799.89,1818.81,1761.41,1805.6,350633.0089,482899.0,19.22,19.58,18.77,19.25,1692742.89,74514.0,8.606666666666667e-05,2.7340000000000003e-05,7.184333333333334e-05,513350000000.0,217307417207.5036,7632297814.461986,51.0,46.1032,19.5536,1107058187851.86,36030850734.88,596669404223.03,19731122856.43
2023-05-26,26473.8,26932.16,26327.24,26705.92,35061.18713,655755.0,1805.61,1838.2,1796.99,1827.79,275690.6854,375854.0,19.25,19.56,19.08,19.35,1034272.52,40268.0,8.178666666666667e-05,6.789333333333333e-05,0.0001,517941000000.0,219984074540.56564,7674296490.446043,49.0,46.23,19.5636,1110074243461.14,30478156200.28,596886529574.03,16627038582.27
2023-05-27,26705.93,26895.0,26551.0,26854.27,15095.6867,415694.0,1827.8,1836.12,1812.18,1829.89,138824.9406,276383.0,19.35,20.54,19.33,20.43,1565995.03,68435.0,7.690666666666667e-05,2.5866666666666667e-05,0.0001,520567000000.0,220165395462.9602,8086922998.134465,48.0,46.2343,19.6298,1120278246898.01,27682593768.86,602325688962.95,14971259866.21
2023-05-28,26854.28,28261.32,26764.36,28065.0,43916.00855,843861.0,1829.89,1918.65,1823.6,1908.64,378392.4371,549727.0,20.42,21.19,20.29,20.81,2874459.57,112931.0,9.96e-05,4.250000000000001e-06,0.0001,544687000000.0,229845179931.37875,8254452250.921912,50.0,46.2549,19.5542,1126119219087.63,18302089413.29,605233892470.24,10409424545.27
2023-05-29,28065.01,28447.14,27524.6,27736.4,42385.41945,805579.0,1908.64,1927.62,1873.65,1892.6,313593.4942,445895.0,20.81,20.98,20.26,20.57,2222352.38,92379.0,0.0001,0.0001,0.0001,538270000000.0,227868103612.9265,8164142965.257862,52.0,46.6919,19.7015,1165912227241.03,30629539696.06,621526084972.43,16083187349.25
2023-05-30,27736.39,28038.59,27554.0,27694.4,32686.75371,745633.0,1892.6,1917.0,1881.19,1900.59,272665.8402,422249.0,20.57,21.4,20.46,21.25,3192653.91,119873.0,6.361333333333334e-05,8.128666666666668e-05,0.0001,537279000000.0,228583318051.1638,8419637610.849951,51.0,46.5511,19.7009,1155541150266.57,31671659594.4,617623637264.55,16492374472.62
2023-05-31,27694.39,27835.51,26839.01,27210.35,46588.80573,908537.0,1900.58,1907.13,1846.95,1873.63,319255.5681,451133.0,21.25,21.33,20.37,20.81,2050625.96,78634.0,5.024333333333334e-05,4.453e-05,0.0001,527712000000.0,225224188141.236,8247032358.694074,51.0,46.4001,19.7497,1157517351489.13,30459508251.71,620428519394.08,17209145649.4
2023-06-01,27210.36,27350.0,26605.05,26817.93,39217.8088,814389.0,1873.63,1889.2,1840.0,1861.78,270496.6097,422899.0,20.82,20.98,20.41,20.49,1732297.47,85430.0,7.245666666666667e-05,8.618666666666667e-05,0.0001,520129000000.0,223888077608.1118,8129775580.224573,52.0,46.2386,19.7434,1141386025717.69,33069748499.63,613624932323.83,17409681019.72
2023-06-02,26817.93,27300.0,26505.0,27242.59,36380.90269,811087.0,1861.78,1910.0,1847.51,1906.68,313004.0658,456788.0,20.49,21.37,20.3,21.26,2068166.11,71386.0,7.994e-05,7.640666666666667e-05,0.0001,528487000000.0,229302566318.54208,8433888378.100362,50.0,46.0125,19.8116,1130322801196.87,30335501140.38,610233394579.65,15655273681.15
2023-06-03,27242.59,27333.29,26914.93,27069.22,16595.34117,466520.0,1906.69,1907.92,1881.6,1892.06,148818.2427,292512.0,21.26,21.35,20.95,21.19,1130915.88,43087.0,7.662e-05,6.269e-05,0.0001,525105000000.0,227486304235.62875,8395468790.196158,53.0,45.9476,19.9417,1150072084709.49,31148280082.37,621641136663.56,16311519294.55
2023-06-04,27069.22,27455.02,26951.0,27115.21,19258.41049,504474.0,1892.05,1914.63,1884.22,1890.01,172683.0119,289973.0,21.19,22.3,21.03,21.82,2800007.16,113651.0,8.283333333333335e-05,5.235e-05,0.0001,526657000000.0,227524808293.04044,8699627015.33196,52.0,45.9179,19.8993,1143438619013.72,19690672252.98,618395073230.28,11304635242.64
2023-06-05,27115.2,27129.33,25388.0,25728.2,65805.60305,1420829.0,1890.0,1890.63,1778.0,1810.5,555361.2683,688879.0,21.83,22.06,19.03,20.0,6215040.24,236131.0,9.131333333333332e-05,3.369e-05,0.0001,500066000000.0,217957179471.816,7967383486.968408,53.0,45.9319,19.8502,1145085643469.01,21804578581.58,619126209940.25,12441973506.5
2023-06-06,25728.2,27355.33,25351.02,27230.08,68392.60438,1345725.0,1810.49,1898.29,1797.18,1884.64,491407.2174,616201.0,20.01,20.7,19.23,20.38,4383534.14,151125.0,-1.972e-05,1.2946666666666664e-05,-8.306666666666666e-06,527781000000.0,226422244245.5745,8113452027.683117,44.0,45.8095,19.9793,1089983827627.7,48295838529.01,590667769295.62,26782523928.04
2023-06-07,27230.07,27391.77,26125.01,26339.34,59619.44364,1311928.0,1884.65,1897.8,1821.18,1832.13,429196.7064,594071.0,20.38,20.53,18.5,18.64,3842270.95,131089.0,8.001666666666667e-05,7.552666666666668e-05,9.387e-05,510852000000.0,220255547039.6501,7410504566.8384285,53.0,46.5688,19.9735,1134368224163.94,44069589650.12,606107010863.86,22137702312.02
2023-06-08,26339.34,26810.0,26210.0,26498.61,31075.51083,848252.0,1832.12,1861.28,1828.31,1845.64,189270.4853,347990.0,18.64,19.11,18.23,18.89,2669714.01,96458.0,4.201666666666667e-05,6.098666666666668e-05,-4.366e-05,514406000000.0,222095901214.5304,7529158876.632822,50.0,46.5452,20.0676,1097885285219.47,40625628696.97,586872625813.6,21096098733.94
2023-06-09,26498.62,26783.33,26269.91,26477.81,27934.7097,746911.0,1845.65,1855.0,1827.0,1840.37,198324.3252,354623.0,18.88,19.37,17.11,17.4,4755455.49,151879.0,6.302666666666667e-05,5.2136666666666665e-05,1.67e-05,513443000000.0,221035198753.60748,6883249633.37524,50.0,46.5727,20.1065,1103969173108.02,26114471296.76,589821000210.98,14209154223.8
2023-06-10,26477.8,26533.87,25358.0,25841.21,64944.60108,1713871.0,1840.37,1844.99,1715.03,1751.53,652324.6695,877410.0,17.4,17.43,12.8,15.61,17211734.83,546884.0,4.991e-05,4.403333333333333e-05,-0.0001998166666666,501687000000.0,210749678297.83728,6253793898.579314,49.0,46.7098,20.1198,1099705595019.4,25979215626.84,586035090439.58,14964258115.98
2023-06-11,25841.22,26206.88,25634.7,25925.55,30014.29595,833902.0,1751.52,1778.25,1738.72,1752.76,219956.2434,378921.0,15.61,16.18,15.11,15.55,6064017.28,171966.0,4.524e-05,3.4886666666666666e-05,-0.00025511,502557000000.0,210619176276.21515,6184371338.682196,47.0,47.5877,19.9927,1053854087683.9,54676156906.26,552349625235.32,34803479703.44
2023-06-12,25925.54,26106.48,25602.11,25905.19,29900.50893,858037.0,1752.77,1759.33,1720.0,1742.57,302132.4819,467392.0,15.55,15.69,14.74,15.19,5195357.99,143884.0,5.116333333333333e-05,6.686000000000001e-05,-1.934333333333333e-05,502583000000.0,209490380053.5375,6066292208.48466,47.0,47.6645,19.9674,1055658271915.24,24709772288.43,552484345216.88,13976528078.37
2023-06-13,25905.2,26433.21,25712.57,25934.25,41065.60853,1007138.0,1742.57,1770.13,1724.22,1740.12,284268.0018,498880.0,15.19,16.0,14.76,15.04,4814274.27,137385.0,7.561e-05,5.943e-05,-5.03e-06,502105000000.0,208825046808.96304,5979953891.595765,45.0,47.7089,19.8886,1053321471181.85,29781917699.24,550793490722.43,18105096555.72
2023-06-14,25934.24,26098.0,24820.56,25128.6,45077.31608,957418.0,1740.12,1750.03,1630.43,1650.95,415847.327,572996.0,15.03,15.37,14.06,14.48,3978891.53,119760.0,2.938333333333333e-05,4.483e-05,-6.674666666666667e-05,486933000000.0,198393069441.9162,5771912120.233701,46.0,47.6222,19.8008,1055974909050.23,33613807356.3,553096253844.83,19470271195.04
2023-06-15,25128.6,25759.01,24800.0,25598.49,48664.86063,943268.0,1650.95,1680.91,1626.01,1666.96,370774.7696,458568.0,14.49,15.08,14.18,14.77,4700648.85,150206.0,3.205e-05,-4.224666666666666e-05,-1.624333333333333e-05,495907000000.0,200034089144.76065,5881594073.495292,41.0,47.548,19.3559,1025169913018.33,33013066941.15,537722528642.59,18747065933.52
2023-06-16,25598.49,26518.0,25175.56,26345.0,51596.91662,926194.0,1666.96,1729.5,1649.86,1717.92,311734.5904,408176.0,14.78,15.47,14.38,15.31,2809890.09,100067.0,1.6626666666666664e-05,-4.832666666666667e-05,2.002333333333333e-05,510924000000.0,206367671480.5963,6111816968.406043,47.0,47.8836,19.319,1036376111963.25,37258140758.64,540122366829.49,21421096309.13
2023-06-17,26345.01,26839.99,26181.0,26516.99,27842.2195,666967.0,1717.91,1770.0,1714.26,1727.76,210914.9216,359758.0,15.32,16.12,15.16,15.64,2500321.4,90284.0,9.137e-05,5.522e-05,2.7796666666666668e-05,514486000000.0,207680438091.31177,6248601608.096037,47.0,48.1489,19.4499,1061030715762.65,32299360665.14,550156562549.19,15974713699.73
2023-06-18,26516.99,26700.0,26255.85,26339.97,21538.31022,555956.0,1727.75,1747.84,1712.0,1720.95,156535.0128,273858.0,15.65,15.84,15.28,15.45,1603688.44,64825.0,6.214666666666667e-05,1.2373333333333332e-05,-2.829333333333333e-05,511402000000.0,206780331722.93488,6160444358.046545,49.0,48.1134,19.4189,1069223848966.28,23935025257.12,554783644768.39,12845538355.39
2023-06-19,26339.98,27068.09,26256.61,26844.35,35872.65974,732735.0,1720.95,1752.19,1698.0,1737.11,245162.7589,366143.0,15.45,16.14,15.34,16.1,1890318.27,73328.0,5.709e-05,3.998333333333333e-05,-6.758666666666667e-05,519657000000.0,208563869293.98416,6385318502.317927,47.0,48.0784,19.457,1062998307234.91,20558873686.97,551926077898.14,10992913242.95
2023-06-20,26844.35,28402.74,26652.0,28307.99,69666.95525,1189024.0,1737.1,1796.99,1714.72,1791.99,328855.6846,459724.0,16.1,16.69,15.73,16.64,3005581.72,115323.0,4.35e-06,1.1806666666666663e-05,-5.060666666666667e-05,549322000000.0,215149680038.7828,6627128467.84796,49.0,48.3985,19.3997,1076488359786.43,26049414545.99,555484678023.89,13218139759.81
2023-06-21,28308.0,30800.0,28257.99,29993.89,108926.40412,1872873.0,1791.99,1901.0,1787.38,1889.11,613755.8869,699689.0,16.65,17.4,16.54,17.23,4146918.99,141146.0,6.282e-05,3.5940000000000005e-05,3.249333333333333e-05,584165000000.0,227708053477.5396,6910500368.163364,59.0,49.1545,19.2657,1118136277429.04,39554147708.58,568521525739.78,17342767522.91
2023-06-22,29993.89,30500.0,29525.61,29884.92,59054.5646,1146092.0,1889.1,1933.17,1865.98,1872.01,416714.5719,536410.0,17.23,17.75,16.57,16.62,3547312.43,117978.0,9.745333333333334e-05,0.0001,1.9846666666666668e-05,581335000000.0,225299240007.416,6661310832.1661,65.0,49.7216,19.3965,1171484161022.83,60328118017.7,589003169541.83,26979238765.72
2023-06-23,29884.92,31431.94,29800.0,30688.5,73931.89635,1338533.0,1872.0,1936.42,1861.01,1892.63,401147.9324,531784.0,16.62,17.53,16.16,17.13,4851596.52,152991.0,0.0001,8.096e-05,6.177666666666667e-05,594672000000.0,227364207214.49963,6831580169.480986,65.0,49.8427,19.33,1164511643979.7,44314563215.41,584087807197.75,23668034314.96
2023-06-24,30688.51,30800.0,30250.0,30527.43,30513.30135,776343.0,1892.63,1906.0,1864.77,1874.96,226910.2941,356654.0,17.14,17.53,16.37,16.64,2908701.89,106882.0,0.0001,7.804666666666667e-05,1.475e-05,592962000000.0,225501426950.6089,6645691545.942752,62.0,50.0612,19.117,1190408236019.41,46501485989.92,594475793408.4,22386645550.93
2023-06-25,30527.44,31046.01,30277.49,30462.66,30223.44801,789910.0,1874.95,1930.0,1868.83,1898.8,338757.6158,482753.0,16.64,17.38,16.57,16.96,2723041.25,109594.0,0.0001,0.0001,-1.1030000000000005e-05,591407000000.0,228343872529.68103,6780663425.863044,64.0,50.1346,19.0644,1182714342718.72,30951557814.34,589765738487.17,18804600330.43
2023-06-26,30462.67,30666.0,29930.0,30267.99,45180.41489,954783.0,1898.8,1909.1,1837.18,1858.97,458743.861,518009.0,16.96,17.12,15.89,16.27,3056592.4,118719.0,0.0001,8.063666666666667e-05,5.626666666666665e-06,587329000000.0,223264171389.78305,6494454276.004457,55.0,49.8396,19.2386,1187181553019.6,31999934124.49,595495406181.88,19295962559.72
2023-06-27,30267.99,30994.97,30226.17,30692.44,42699.64157,824373.0,1858.97,1912.53,1855.19,1889.58,366634.5707,437184.0,16.27,16.93,16.13,16.63,2951107.45,94192.0,0.0001,3.966e-05,5.704666666666667e-05,595339000000.0,227028739500.00217,6637033627.338503,59.0,50.0678,19.0392,1173770599195.32,38651174717.38,586089194642.95,22157647055.1
2023-06-28,30692.44,30709.74,29858.8,30077.41,40463.51937,895470.0,1889.58,1890.19,1816.56,1828.02,337836.5792,437585.0,16.63,16.65,15.6,15.97,4040252.29,129721.0,7.966666666666667e-05,5.358333333333333e-05,4.552333333333333e-05,584435000000.0,219901509250.8904,6405309493.191141,62.0,50.1377,19.1116,1188437057477.2,35549731564.51,592581881910.33,19119958842.08
2023-06-29,30077.4,30843.98,30049.98,30447.31,36330.62903,758428.0,1828.03,1880.0,1827.84,1851.99,241844.8281,350823.0,15.98,18.28,15.87,17.99,7948251.73,281100.0,8.624666666666668e-05,4.228333333333334e-05,7.233333333333333e-05,591381000000.0,222791857816.1233,7185754878.437477,54.0,50.3919,18.9597,1159129967797.16,34103094016.86,575021870626.3,19531694960.21
2023-06-30,30447.31,31282.0,29500.0,30472.0,89419.07618,1559366.0,1851.99,1948.6,1825.01,1933.79,716538.1035,824889.0,18.0,20.03,17.01,18.86,11454016.49,434580.0,0.0001,7.988333333333333e-05,8.275666666666666e-05,591870000000.0,232582630060.4705,7581542759.43897,56.0,50.3527,18.9686,1173857798372.55,29971175518.2,582788693470.91,16789801754.97
2023-07-01,30471.99,30661.6,30320.57,30585.9,17501.75075,567975.0,1933.8,1944.56,1909.44,1924.5,178373.3688,307019.0,18.85,19.0,17.9,18.7,3515091.93,138180.0,0.0001,0.0001,7.400333333333334e-05,593787000000.0,231199603154.9496,7429898155.199638,59.0,49.5523,19.4637,1194104821380.71,62657652263.1,602398993292.68,36269568272.13
2023-07-02,30585.9,30791.0,30155.0,30617.03,23286.41019,591533.0,1924.5,1959.2,1885.75,1937.48,255852.7832,381133.0,18.7,19.74,18.53,19.45,4872775.08,197708.0,0.0001,0.0001,0.0001,594055000000.0,232695770564.8845,7799019934.378919,63.0,49.5147,19.2877,1199536209909.9,28936813850.42,605589034425.83,19850113975.0
2023-07-03,30617.02,31380.0,30570.27,31156.2,43761.64311,781855.0,1937.49,1976.16,1933.55,1955.54,322102.4295,404084.0,19.46,19.66,18.87,19.26,3065186.84,124367.0,0.0001,0.0001,0.0001,604595000000.0,234931951481.85587,7683314782.943038,62.0,49.4296,19.3635,1203000452278.47,30128549940.35,608362125527.84,19593581259.77
2023-07-04,31156.2,31350.69,30620.0,30766.51,33206.11943,779472.0,1955.55,1967.08,1931.58,1936.2,205525.0984,307691.0,19.25,19.94,19.06,19.13,3096292.18,126023.0,0.0001,0.0001,8.775666666666667e-05,598109000000.0,233030635317.8988,7731052731.210682,64.0,49.6532,19.2925,1218521713154.76,37764555911.44,613486415493.15,22492129963.77
2023-07-05,30766.52,30878.07,30200.0,30504.81,33215.67122,827926.0,1936.19,1942.5,1894.51,1910.36,267633.4783,362985.0,19.14,19.53,18.32,19.0,2415908.51,114667.0,0.0001,0.0001,8.101333333333334e-05,592270000000.0,229876420441.6084,7609886272.390091,61.0,49.6144,19.3266,1204716166099.71,30794379592.97,607002887446.34,17984099349.13
2023-07-06,30504.8,31500.0,29850.45,29895.43,71319.6261,1397042.0,1910.35,1958.0,1846.0,1846.17,456362.741,519031.0,18.99,21.0,18.82,19.61,9598016.99,372425.0,6.404e-05,7.592666666666667e-05,6.490333333333333e-05,582238000000.0,222928485487.9876,8001286914.579219,56.0,49.7532,19.2847,1190972637821.09,31607993243.46,598425530839.37,19126119888.1
2023-07-07,29895.42,30449.0,29701.02,30344.7,34070.53895,912948.0,1846.17,1878.0,1826.0,1870.91,232944.3466,355260.0,19.61,21.9,19.26,21.5,9794096.48,384122.0,1.4203333333333332e-05,4.4653333333333335e-05,-1.3343333333333326e-05,589064000000.0,224719539795.79205,8607897295.004265,55.0,49.8569,19.0683,1165097671211.44,44309607949.81,584215821720.19,23178762633.59
2023-07-08,30344.7,30386.81,30044.47,30284.63,13094.59042,480214.0,1870.92,1876.0,1842.8,1865.24,125819.8273,228589.0,21.51,22.5,21.32,21.81,6473021.26,264889.0,2.691333333333333e-05,1.572666666666667e-05,1.8706666666666668e-05,587810000000.0,224079060591.2815,8776277541.440022,58.0,49.9427,19.0566,1180115765334.86,30705959659.72,590733884657.9,17328220623.52
2023-07-09,30284.63,30445.52,30061.12,30160.71,15388.50196,473168.0,1865.24,1879.36,1856.15,1862.8,135046.3743,234925.0,21.82,22.38,20.99,21.32,3867361.76,154175.0,6.227e-05,3.0946666666666666e-05,-9.866666666666662e-07,585894000000.0,223905510266.8933,8586163808.83131,55.0,49.8927,19.0159,1179320427088.28,19878534366.52,590925085888.27,12369125878.54
2023-07-10,30160.71,31045.78,29950.0,30411.57,41262.87652,896853.0,1862.81,1905.5,1846.63,1880.4,247868.1494,338462.0,21.32,21.81,20.47,21.3,5671089.94,196646.0,1.8876666666666665e-05,4.809666666666666e-05,4.8846666666666674e-05,590421000000.0,226033060031.856,8581105198.808986,56.0,49.8855,19.0628,1174873887113.13,19725790995.39,588782562817.64,11822476072.41
2023-07-11,30411.57,30813.63,30300.0,30622.1,28476.83311,691213.0,1880.41,1891.99,1862.38,1878.3,177771.6117,256360.0,21.3,22.37,21.2,22.07,4616810.71,157161.0,6.743e-05,6.576333333333333e-05,-4.479e-05,594755000000.0,225795456512.4304,8871458026.81726,57.0,49.8642,19.078,1184948422383.82,33649579246.73,594082961012.62,18820916059.1
2023-07-12,30622.1,30983.25,30210.0,30380.0,38108.99669,784195.0,1878.31,1902.0,1864.37,1871.82,264406.8673,338468.0,22.06,22.8,21.74,21.94,6086113.95,189342.0,6.056666666666666e-05,8.536666666666666e-05,9.676666666666668e-06,590301000000.0,224980493614.926,8851781061.87305,64.0,49.9998,18.9776,1189774023800.27,27182439112.71,594889384778.99,15030861427.37
2023-07-13,30380.0,31804.2,30251.0,31454.23,70772.51836,1301632.0,1871.82,2012.63,1862.59,2004.49,548861.4207,618276.0,21.93,26.82,21.42,26.01,16102139.02,603877.0,1.838e-05,7.299999999999993e-07,-4.255666666666666e-05,610709000000.0,240658434910.5034,10406848158.85277,57.0,49.9392,19.0349,1182243036977.16,31116788493.35,591840411854.89,16311310439.48
2023-07-14,31454.23,31630.0,29900.0,30312.01,60749.48424,1274387.0,2004.49,2029.11,1898.39,1937.83,498724.0359,604687.0,26.01,32.13,25.23,26.67,19571913.81,885958.0,0.0001,0.0001,0.00019145,588894000000.0,232616209465.4456,10757317867.534843,60.0,48.6498,19.1844,1256989265356.72,60736595875.74,645466813396.74,37050261938.11
2023-07-15,30312.0,30390.9,30200.0,30289.52,14118.55329,488354.0,1937.82,1946.37,1926.23,1931.41,135181.7663,242818.0,26.67,29.12,26.45,27.46,11042658.65,428646.0,-4.406666666666667e-06,5.590333333333334e-05,0.0001,588536000000.0,232081375473.83,11037533055.11776,56.0,48.4927,19.1802,1215343018636.36,56566851617.72,625990774517.4,35649121843.32
2023-07-16,30289.52,30441.46,30064.29,30231.99,15760.1281,494225.0,1931.41,1943.55,1914.0,1922.11,148667.1051,253770.0,27.47,28.7,26.46,27.42,6708916.61,254712.0,4.782666666666667e-05,4.784666666666666e-05,0.0001,587763000000.0,231333578971.6936,11017404314.245089,57.0,48.4596,19.1128,1214770944438.23,27442600292.56,626098356261.77,19431563014.02
2023-07-17,30232.0,30336.96,29659.2,30138.0,30882.76839,816466.0,1922.12,1936.18,1873.26,1911.2,277159.0349,391391.0,27.41,28.49,25.55,26.8,8662837.64,303749.0,5.1080000000000006e-05,3.028333333333333e-05,0.0001,585732000000.0,229857184771.7656,10820243011.686749,54.0,48.5755,19.1091,1210039419682.48,25724476071.66,622256553362.2,17207349392.2
2023-07-18,30138.01,30239.78,29512.0,29859.13,30003.8601,754775.0,1911.21,1917.19,1875.73,1897.21,215780.5006,315100.0,26.8,27.09,24.76,25.54,6327315.88,238967.0,6.086e-05,7.465333333333333e-05,9.723666666666668e-05,579773000000.0,228069290991.46817,10269785947.99548,56.0,48.5272,19.0349,1207175878074.08,35271056572.52,621366851239.29,22032718845.4
2023-07-19,29859.14,30189.09,29761.96,29909.21,25657.36137,617415.0,1897.21,1922.04,1882.17,1888.63,218045.0005,266831.0,25.54,26.99,25.35,26.31,4966905.24,193252.0,7.638000000000001e-05,8.566333333333334e-05,0.0001,581304000000.0,227121371237.95908,10629639325.32472,50.0,48.4026,19.0275,1198817727279.92,32088058036.73,618558504784.24,18948361422.72
2023-07-20,29909.21,30417.46,29570.96,29800.0,37540.68193,749723.0,1888.64,1929.05,1878.0,1891.59,292907.5164,353180.0,26.31,27.38,25.03,25.38,4977278.58,194457.0,5.952e-05,6.325333333333333e-05,9.055e-05,579245000000.0,227414125729.3738,10234265973.9654,56.0,48.3641,18.8895,1202050942289.6,31362915624.95,620689367410.84,19235229921.76
2023-07-21,29800.0,30061.7,29726.34,29901.72,23881.40865,555611.0,1891.59,1905.74,1884.64,1891.73,165554.0428,260385.0,25.38,26.0,25.06,25.5,3295444.38,123630.0,2.457e-05,3.215666666666667e-05,3.025333333333333e-05,581487000000.0,227424156410.281,10321913629.249693,50.0,48.2681,18.9465,1199821606876.71,36901483544.14,620690449835.87,22244627101.29
2023-07-22,29901.72,29999.0,29625.1,29794.0,14660.40467,423988.0,1891.73,1897.35,1851.18,1866.52,131901.6487,240897.0,25.51,25.97,24.0,24.52,2382898.21,103233.0,1.1053333333333331e-05,2.334333333333333e-05,7.366333333333334e-05,577742000000.0,223864068558.88947,9895777185.91983,52.0,48.3431,18.9251,1202430059408.43,33547586300.15,621137627788.99,22576891023.17
2023-07-23,29793.99,30350.0,29730.0,30083.75,18292.78637,519434.0,1866.52,1905.25,1857.82,1888.73,153501.0178,254227.0,24.52,25.26,24.15,24.76,2341589.79,89045.0,7.426666666666666e-05,3.464333333333333e-05,8.277000000000001e-05,584387000000.0,226922484793.9405,10010867327.921385,54.0,48.5744,18.8162,1191643148427.29,22413059869.42,612809295708.29,14538032087.54
2023-07-24,30083.75,30099.58,28861.9,29176.5,39628.99691,869107.0,1888.74,1890.86,1833.19,1850.0,276504.5547,336366.0,24.76,24.83,22.89,23.37,4042066.22,160445.0,8.112666666666668e-05,5.695666666666666e-05,8.109666666666667e-05,567150000000.0,222349810359.36832,9459600018.532995,55.0,48.6031,18.8721,1203080973493.21,23613007970.16,618345973181.43,14391887716.63
2023-07-25,29176.5,29376.0,29047.65,29228.91,21565.7478,533797.0,1850.0,1868.71,1845.45,1857.66,152251.21,248856.0,23.36,23.6,22.73,23.27,2522195.44,93871.0,8.026666666666666e-05,8.626333333333333e-05,1.7783333333333333e-05,568012000000.0,223266809447.0284,9396247137.59628,50.0,48.4062,18.9778,1171685588054.51,35398797540.32,604517091973.03,20004680646.52
2023-07-26,29228.91,29690.0,29096.94,29351.96,33931.63366,750401.0,1857.66,1888.0,1848.35,1872.0,272090.5333,319851.0,23.28,25.68,23.17,25.17,6033716.58,227754.0,8.406333333333333e-05,8.565999999999999e-05,4.584e-05,570764000000.0,225071205042.6013,10184644068.098013,51.0,48.3285,19.008,1175578928225.96,25703626696.38,607439699223.43,15436389539.71
2023-07-27,29351.95,29567.49,29083.85,29222.78,22476.47626,583045.0,1871.99,1886.11,1854.84,1861.28,163766.4259,252294.0,25.18,25.65,24.66,25.1,4207657.06,157065.0,3.2806666666666665e-05,7.370666666666667e-05,4.507e-05,567682000000.0,223445687898.24185,10143197656.257734,51.0,48.2497,19.0792,1182701156936.86,31409877395.1,612050809780.4,17911609522.4
2023-07-28,29222.78,29542.22,29123.12,29314.14,23993.61627,543177.0,1861.29,1883.39,1856.52,1874.19,138695.7147,219389.0,25.1,25.56,24.54,24.82,2736684.18,95583.0,7.016e-05,6.572666666666666e-05,0.0001,569936000000.0,225365609704.5624,10053550445.268543,52.0,48.2133,18.9848,1177880788379.4,25943404114.22,609985091585.64,15170500923.84
2023-07-29,29314.14,29406.92,29256.18,29352.9,10851.36844,339750.0,1874.2,1886.58,1869.54,1880.46,72867.0269,166385.0,24.82,25.39,24.75,25.17,1768964.07,66090.0,7.365666666666667e-05,7.161666666666667e-05,9.518333333333336e-05,570819000000.0,226085270830.54147,10185849054.569515,52.0,48.1282,19.1255,1184378628058.55,25272534404.91,614358886567.63,14055391445.25
2023-07-30,29352.9,29449.0,29033.24,29281.09,15706.97441,454846.0,1880.45,1885.3,1848.17,1861.79,158657.5902,247858.0,25.17,25.21,23.47,24.25,2774658.63,101722.0,6.022666666666667e-05,5.211666666666667e-05,9.737666666666668e-05,568947000000.0,223741970741.5192,9808686706.227362,52.0,48.0886,19.0464,1186925083706.07,17778212780.78,616148938732.36,11296605991.98
2023-07-31,29281.09,29530.0,29101.8,29232.25,22605.48964,563115.0,1861.79,1877.4,1851.02,1856.14,168204.4534,246487.0,24.25,24.79,23.52,23.73,3167365.08,105119.0,5.99e-05,1.48e-05,3.792333333333333e-05,568140000000.0,223078341415.0411,9595563872.372978,50.0,48.175,19.0654,1181621186644.45,24169910071.28,612374964871.05,15491250673.32
2023-08-01,29232.26,29739.25,28585.7,29705.99,44719.65162,900141.0,1856.13,1875.62,1813.8,1873.47,358476.0966,411508.0,23.72,24.07,22.84,24.05,3598080.21,127563.0,7.689333333333333e-05,7.012666666666668e-05,8.304333333333335e-05,573607000000.0,224372031272.64407,9666843100.771242,53.0,48.3305,18.9685,1176013336537.18,28340330956.25,607640311045.53,16684286702.63
2023-08-02,29705.99,30047.5,28927.5,29186.01,48181.65141,945158.0,1873.48,1879.74,1821.21,1839.9,254213.0553,331270.0,24.06,24.29,22.82,23.15,3308680.67,105659.0,0.0001,0.0001,2.078e-05,566700000000.0,220952063489.38824,9363083821.09363,53.0,48.5207,18.9134,1189867379623.23,39618911455.21,612535012769.78,21346519063.93
2023-08-03,29186.0,29433.33,28968.0,29193.64,26476.91994,651970.0,1839.9,1859.12,1826.0,1835.81,171148.052,254918.0,23.14,23.38,22.44,22.65,2981853.02,101471.0,0.0001,0.0001,1.4816666666666663e-05,567685000000.0,220666142198.9556,9172068642.003569,52.0,48.4727,19.0718,1169718673389.78,38198593979.4,602724045913.74,18992937088.3
2023-08-04,29193.65,29333.08,28807.54,29113.99,23551.95217,544850.0,1835.81,1851.31,1815.74,1830.23,187699.4552,256002.0,22.65,23.57,22.48,22.8,3225053.92,106095.0,9.372e-05,8.276666666666667e-05,2.875333333333333e-05,565086000000.0,219465064489.20245,9222633638.861511,54.0,48.7186,18.9339,1164656172414.18,29245341607.92,597251813843.85,16467640880.98
2023-08-05,29114.0,29152.23,28978.64,29072.13,11645.52018,331924.0,1830.24,1839.0,1827.5,1836.48,93657.3255,174254.0,22.8,22.94,22.23,22.65,1781301.39,63306.0,8.060333333333333e-05,8.693666666666666e-05,5.504e-05,565027000000.0,220554236422.4632,9155322176.93271,50.0,48.7389,18.9318,1160155487524.85,29128208292.28,594707960268.87,17091574573.37
2023-08-06,29072.13,29205.09,28991.88,29088.42,13178.1972,338654.0,1836.48,1838.58,1825.86,1830.28,90403.9915,169928.0,22.66,23.48,22.58,23.2,2662470.7,83194.0,0.0001,7.295e-05,5.500666666666667e-05,564957000000.0,219536049905.9618,9390128991.155825,49.0,48.6233,18.9804,1161697134650.26,20241668833.22,596841324740.27,13643200524.5
2023-08-07,29088.43,29276.78,28701.03,29211.06,30966.87746,671438.0,1830.28,1847.0,1802.0,1829.1,224092.9059,289161.0,23.2,23.67,22.27,23.12,3303008.9,98066.0,9.223e-05,9.777e-05,9.067666666666668e-05,567248000000.0,219401681690.7442,9329815834.969456,49.0,48.6806,18.9247,1160281982994.49,20655635028.29,595449871581.97,13385873325.3
2023-08-08,29211.06,30244.0,29146.45,29770.42,45700.53392,877168.0,1829.1,1876.51,1826.33,1856.3,236336.03,322607.0,23.11,24.79,23.02,24.22,4652753.86,148381.0,8.360000000000001e-05,7.212333333333333e-05,9.07e-05,579241000000.0,223104292272.0632,9815108003.900969,54.0,48.8165,18.881,1162687277885.27,32919645559.26,595103676925.31,19301987704.21
2023-08-09,29770.41,30160.0,29376.67,29581.99,38003.88725,750252.0,1856.3,1871.99,1846.28,1855.35,191926.8343,266834.0,24.22,24.99,24.1,24.38,3857674.95,132872.0,8.838e-05,6.091333333333333e-05,5.467333333333333e-05,575440000000.0,222934470328.97736,9897225594.642384,50.0,48.9599,18.8559,1182605780571.14,36006447526.98,603603724541.69,18435525686.75
2023-08-10,29581.99,29738.0,29320.2,29455.75,23463.45373,513691.0,1855.36,1865.95,1845.38,1852.47,127321.4553,208017.0,24.39,24.89,24.13,24.62,2556841.66,80719.0,9.425666666666668e-05,9.198333333333334e-05,0.0001,572498000000.0,222396101484.26727,9985516059.064724,53.0,48.7921,18.9041,1178625089431.3,35546358274.25,603548838659.93,17167718673.82
2023-08-11,29455.76,29564.52,29252.45,29426.03,20637.0443,437828.0,1852.47,1857.26,1838.05,1848.84,113209.3103,197546.0,24.63,24.93,24.34,24.62,2415119.74,66124.0,9.041e-05,2.8566666666666665e-05,8.339333333333334e-05,571931000000.0,221871792229.53244,9966149969.504225,51.0,48.7606,18.9409,1174029082809.46,26133839466.51,601565210706.77,14268980624.16
2023-08-12,29426.02,29481.35,29381.56,29430.17,8971.48068,310852.0,1848.84,1854.01,1846.08,1849.93,63292.6476,154110.0,24.63,25.24,24.4,24.91,1814019.36,53245.0,9.768333333333331e-05,5.852666666666666e-05,0.0001,572269000000.0,222109483864.4908,10105729638.681671,54.0,48.7655,18.9229,1172831964140.99,22907590547.53,600894696303.13,12713836801.83
2023-08-13,29430.18,29474.65,29272.32,29303.84,11101.70947,341726.0,1849.94,1862.0,1834.51,1840.73,120674.1364,211874.0,24.91,24.95,24.21,24.23,2013530.94,57328.0,8.212333333333333e-05,6.063666666666667e-05,7.539666666666666e-05,569777000000.0,220945647588.33588,9847273796.37204,54.0,48.7316,18.9158,1174409648297.14,16545264352.66,602101231089.44,10351107930.82
2023-08-14,29303.85,29695.32,29102.45,29430.93,31443.11532,671592.0,1840.73,1856.5,1835.0,1845.5,150196.1203,244296.0,24.22,25.3,24.06,25.18,2935003.9,91465.0,0.0001,9.960666666666666e-05,6.742e-05,572192000000.0,221529819915.20767,10209290059.5379,50.0,48.7327,18.9018,1169116064432.26,19376785083.97,599374598739.85,12046833886.89
2023-08-15,29430.92,29499.26,29059.6,29200.0,27503.87691,591162.0,1845.5,1847.36,1814.0,1828.98,186081.6989,264314.0,25.19,25.42,23.74,23.9,3856498.57,117585.0,0.0001,8.794e-05,9.075e-05,567527000000.0,219518458611.8469,9683652049.266735,53.0,48.7437,18.8743,1173911487219.06,28557513693.77,601703136963.38,14544112261.94
2023-08-16,29200.01,29259.85,28723.08,28730.51,32996.69854,768028.0,1828.98,1831.52,1798.17,1807.81,205430.7368,311372.0,23.91,24.03,22.36,22.82,4333224.4,150330.0,0.0001,8.924333333333333e-05,8.635666666666668e-05,559516000000.0,217089997741.6747,9254726498.129557,52.0,48.977,18.9401,1158906738926.79,29935482466.96,591308479189.11,17295233788.97
2023-08-17,28730.51,28783.48,25166.0,26623.41,100271.54033,1976577.0,1807.81,1809.99,1550.0,1681.49,812138.2159,906515.0,22.82,23.43,20.0,21.66,6294552.09,252049.0,0.0001,8.190666666666667e-05,4.362666666666667e-05,518803000000.0,202902804373.22723,8877604906.685843,50.0,49.0962,19.0692,1137568287868.92,34321985607.85,579065069656.21,19372899351.39
2023-08-18,26623.41,26832.6,25619.0,26054.0,69790.65711,1293122.0,1681.49,1699.4,1641.02,1661.59,538083.1018,597838.0,21.67,22.2,20.9,21.34,3890112.81,138029.0,5.04e-05,-1.9816666666666663e-05,-7.854e-05,506701000000.0,199504133400.2201,8680082925.173014,37.0,48.7247,19.001,1064404161356.54,63377899625.17,545776894527.68,32251830172.17
2023-08-19,26054.0,26281.0,25801.09,26100.01,26160.75343,615764.0,1661.6,1696.72,1654.31,1669.67,231919.0485,312174.0,21.34,22.18,21.29,21.9,1694233.32,61202.0,-1.9606666666666663e-05,-6.93e-05,-6.257e-05,507825000000.0,200353373643.55,8910312653.465378,39.0,48.2274,18.9946,1051146223087.08,47531023493.38,544205251177.52,23508764231.95
2023-08-20,26100.01,26299.0,25971.05,26189.99,19056.91209,451543.0,1669.68,1694.75,1662.03,1685.24,195623.5263,275035.0,21.89,22.04,21.57,21.77,1053613.37,39239.0,-2.542e-05,-7.387333333333334e-05,-5.574e-05,509453000000.0,202383126946.1949,8866899049.557129,37.0,48.0801,18.9989,1056354911960.4,24779195648.31,548458813006.54,14147161519.9
2023-08-21,26190.0,26258.42,25812.0,26126.92,30267.24233,565987.0,1685.23,1688.59,1649.4,1667.55,250835.1518,297843.0,21.78,21.79,20.3,21.2,2646392.48,92666.0,-1.2e-05,-2.594333333333333e-05,-3.842e-05,508554000000.0,200427243609.1604,8651143270.44025,38.0,48.0018,19.0744,1061887440957.66,21753799324.09,552162204995.35,12717306007.01
2023-08-22,26126.92,26139.42,25300.0,26056.0,34247.06688,603624.0,1667.56,1669.38,1580.0,1634.99,402012.045,484314.0,21.2,21.26,19.35,20.59,3635900.71,111941.0,2.706666666666667e-06,-2.2213333333333333e-05,2.9226666666666662e-05,505648000000.0,196177590774.704,8362479448.094311,37.0,48.2552,19.0209,1053745017025.04,29284145639.63,545257887149.09,15912587747.03
2023-08-23,26055.99,26819.27,25812.82,26432.72,44023.69978,673711.0,1635.0,1702.11,1629.05,1679.61,374761.1088,472134.0,20.59,21.82,20.33,21.74,3704350.5,109572.0,9.886666666666666e-06,-6.283333333333334e-06,-4.154666666666667e-05,514897000000.0,201821692548.3472,8830418596.029396,37.0,48.4504,18.7802,1046007630054.52,33084239848.12,539212551298.4,18579070327.64
2023-08-24,26432.71,26577.87,25864.0,26180.05,30205.22116,575619.0,1679.61,1683.37,1635.28,1661.16,231539.7805,287178.0,21.74,22.02,20.67,21.06,2719332.54,94349.0,1.528e-05,-6.5e-07,-5.851e-05,508586000000.0,199151852081.58765,8555308371.132534,41.0,48.317,18.9571,1064882221991.8,34697011299.75,550363606758.32,17711639632.81
2023-08-25,26180.05,26314.05,25777.15,26060.01,27753.33772,611438.0,1661.16,1677.22,1635.51,1653.8,236261.6898,307211.0,21.05,21.06,20.09,20.42,2321828.3,84045.0,2.4536666666666665e-05,-1.241e-05,-0.0001082566666666,506937000000.0,198710216025.2465,8310481245.878672,39.0,48.3078,18.9288,1054311694140.14,27502627322.68,544997369809.42,14628119426.87
2023-08-26,26060.0,26125.77,25985.92,26017.37,10022.22322,329412.0,1653.79,1655.59,1644.0,1647.04,79175.425,157980.0,20.42,20.44,20.19,20.29,743690.27,31762.0,3.75e-05,-9.326666666666668e-06,-0.0001897099999999,506283000000.0,197867662489.1837,8265763650.924302,38.0,48.2675,18.9144,1050573300381.91,27537097350.98,543487364639.89,15131881788.71
2023-08-27,26017.38,26182.23,25966.11,26101.77,12099.64216,349090.0,1647.03,1660.24,1646.32,1658.33,87789.9196,163046.0,20.28,20.92,20.24,20.79,1103526.81,42259.0,1.7690000000000002e-05,1.5433333333333334e-05,-0.0001543666666666,507867000000.0,199168619640.7245,8475182944.467822,38.0,48.286,18.8731,1048640170544.89,15142066308.98,542293496164.73,9107356961.86
2023-08-28,26101.78,26253.99,25864.5,26120.0,22692.62655,523057.0,1658.33,1664.34,1621.75,1653.08,214351.0143,274580.0,20.79,20.8,20.03,20.56,1622343.78,57505.0,2.851e-05,2.376666666666667e-06,-9.45e-06,508215000000.0,198696254495.1664,8390607513.781251,39.0,48.2337,18.921,1053098943196.97,16329890710.52,545150177713.33,9415904151.48
2023-08-29,26120.0,28142.85,25922.0,27716.34,74251.99488,1137083.0,1653.08,1745.84,1640.0,1729.42,494371.0823,504683.0,20.57,22.05,20.12,21.79,5271801.95,154885.0,-2.1136666666666664e-05,-2.8153333333333337e-05,-0.0001048666666666,538782000000.0,207610640231.3471,8873369050.821512,39.0,48.2721,18.8665,1052892008490.65,24577299869.87,544639163144.49,13574736766.57
2023-08-30,27716.34,27768.57,27017.24,27299.99,35448.25848,690292.0,1729.41,1730.93,1694.34,1705.23,202841.4402,308391.0,21.79,21.99,20.6,20.82,2462706.77,87991.0,4.847666666666666e-05,6.460333333333334e-05,6.985666666666667e-05,531542000000.0,204975442293.435,8512148378.563523,49.0,48.9507,18.8542,1102884983370.28,52903434518.44,563015245391.22,23534651760.37
2023-08-31,27299.99,27587.51,25655.01,25940.78,51032.80401,944690.0,1705.23,1729.0,1630.0,1645.76,330518.2668,396774.0,20.82,21.07,19.43,19.74,3342646.88,100944.0,5.957666666666668e-05,3.986e-05,-7.591333333333334e-05,505391000000.0,197836663134.69028,8053976163.968899,52.0,48.9094,18.8615,1086855012886.33,31552475320.23,555280666076.34,15209014205.67
2023-09-01,25940.77,26156.0,25333.75,25805.05,41032.15056,881179.0,1645.77,1654.53,1602.33,1629.12,302406.1686,368740.0,19.74,19.93,19.02,19.33,2517375.38,79529.0,4.935e-05,1.3923333333333334e-05,-5.911666666666667e-05,502452000000.0,195801737433.74744,7884424758.69897,40.0,48.2708,18.9102,1046144517702.37,37571352059.13,541162154694.3,17390381318.27
2023-09-02,25805.04,25987.5,25752.47,25869.51,16250.77698,567728.0,1629.13,1645.0,1628.03,1637.03,102145.9476,208209.0,19.33,19.69,19.13,19.5,1419243.59,46090.0,1.639e-05,-7.033333333333334e-07,-4.380333333333334e-05,503753000000.0,196778798794.66235,7959226823.319671,39.0,48.3273,18.8307,1039655934927.76,33960057979.21,537218255483.07,16758184871.12
2023-09-03,25869.52,26135.0,25800.0,25971.21,17474.47667,496412.0,1637.02,1647.5,1625.14,1635.84,116767.2862,216339.0,19.5,19.67,19.23,19.57,1032117.62,34732.0,2.6546666666666668e-05,-5.686666666666665e-06,-2.52e-05,505613000000.0,196620775196.84943,8001227411.09708,40.0,48.3222,18.8762,1042569720049.44,21932761798.03,538776714309.19,11832332888.69
2023-09-04,25971.21,26108.02,25631.21,25826.02,21777.59609,596830.0,1635.84,1644.82,1616.32,1630.51,168010.9056,275381.0,19.57,20.05,19.15,19.52,2206040.45,70789.0,1.0333333333333332e-05,-2.282333333333334e-05,-1.1276666666666663e-05,502463000000.0,195642848013.53928,7945529390.65601,40.0,48.4188,18.8277,1044553481554.5,19855263792.02,538793064801.03,10893135544.58
2023-09-05,25826.03,25915.49,25562.62,25792.1,21323.39337,566736.0,1630.52,1648.02,1609.69,1634.45,204365.4907,299045.0,19.52,20.6,19.03,20.26,4197171.75,129532.0,1.798e-05,1.4643333333333334e-05,-5.084666666666667e-05,502153000000.0,196282142737.3509,8286076891.790507,40.0,48.2974,18.8217,1040971064456.37,24054019621.64,538209043261.88,13373472376.08
2023-09-06,25792.11,26040.0,25372.51,25759.95,27262.52386,636302.0,1634.46,1670.0,1609.2,1633.15,219541.0193,331227.0,20.26,20.39,19.14,19.64,3429947.48,106644.0,3.6966666666666654e-06,1.8123333333333333e-05,7.673333333333333e-06,501636000000.0,196243689196.9484,8019958163.375241,42.0,48.231,18.8643,1041166631106.19,24778543297.08,539001645911.39,13684273832.93
2023-09-07,25759.95,26443.14,25615.38,26255.0,27687.49567,631929.0,1633.15,1660.0,1623.4,1648.11,228558.2782,319517.0,19.63,20.0,19.32,19.92,2375627.15,64638.0,4.879e-05,5.562333333333333e-05,-8.22e-06,510536000000.0,197889484437.4811,8131669768.528576,41.0,48.1895,18.8527,1040848209981.33,27029764183.92,539269172237.68,14277259380.6
2023-09-08,26255.0,26445.5,25647.26,25910.5,28999.76471,646852.0,1648.11,1658.93,1616.21,1636.44,221570.0458,312966.0,19.92,20.28,19.37,19.61,1972054.86,62435.0,-9.013333333333332e-06,3.592666666666667e-05,-0.0001454166666666,504601000000.0,196724082426.01923,8027358512.195039,46.0,48.5181,18.8009,1053594075056.86,24167769182.71,542410208447.44,13077776178.7
2023-09-09,25910.5,25945.09,25796.64,25901.61,10980.62277,359038.0,1636.43,1637.52,1629.74,1635.54,58519.6229,156305.0,19.6,19.61,19.38,19.44,646379.52,25500.0,-1.337e-05,4.1563333333333336e-05,-0.0001621133333333,504427000000.0,196519048834.72107,7965549837.250975,41.0,48.3306,18.8375,1044137912140.25,23561309545.85,539499638001.91,12744830585.99
2023-09-10,25901.6,26033.66,25570.57,25841.61,18738.26914,489773.0,1635.53,1635.7,1600.0,1617.42,207957.8428,292581.0,19.43,19.44,17.78,18.24,5630975.71,183349.0,1.943333333333333e-05,2.083e-05,-0.0003679566666666,503221000000.0,194445077220.15823,7508388034.105402,40.0,48.3396,18.8371,1043586526789.19,13440240267.55,539120617281.7,7958922523.34
2023-09-11,25841.6,25900.69,24901.0,25162.52,41682.32,864138.0,1617.42,1619.0,1531.01,1551.85,417424.8189,470056.0,18.23,18.46,17.33,17.72,4755172.77,148667.0,1.1203333333333332e-05,3.32e-05,-0.00021933,489677000000.0,186264903624.806,7255589315.601297,40.0,48.5997,18.7707,1035507857537.16,20279672156.4,532254412375.72,12380119109.0
2023-09-12,25162.53,26567.0,25131.48,25840.1,56434.38537,1047056.0,1551.84,1626.0,1549.67,1592.97,329739.9685,444268.0,17.72,18.8,17.57,17.92,4818249.11,140802.0,1.551e-05,-2.602e-05,-5.677333333333333e-05,503820000000.0,191634667308.3861,7373235575.390702,30.0,48.6729,18.5204,1007169395785.06,32530881578.69,516950828746.5,17930896364.85
2023-09-13,25840.1,26405.22,25764.17,26222.0,31610.82753,714880.0,1592.97,1619.3,1581.88,1607.62,223409.2889,349327.0,17.91,18.56,17.69,18.4,4063710.36,131254.0,2.2336666666666662e-05,8.713333333333333e-06,-0.0001288,510997000000.0,193282784730.12152,7553037786.337789,41.0,48.9142,18.6061,1029085048058.72,35423451439.22,525716046905.47,16765612867.07
2023-09-14,26222.0,26860.49,26126.77,26522.73,38333.1725,799278.0,1607.61,1644.29,1607.05,1626.47,275301.1505,414952.0,18.4,19.33,18.38,18.85,4397747.38,134383.0,-2.863333333333335e-06,-3.426666666666665e-06,-0.0001859033333333,517435000000.0,195664589759.2125,7753351136.924659,45.0,49.0705,18.5624,1041455228178.83,27302036656.18,530408271697.84,14230597643.21
2023-09-15,26522.73,26888.0,26224.0,26600.0,26227.29369,654094.0,1626.48,1654.08,1611.42,1641.29,181340.024,313776.0,18.85,19.5,18.55,19.14,2087888.26,82808.0,1.3863333333333332e-05,7.100000000000003e-06,-0.00011389,519733000000.0,197636648345.33795,7894549310.522393,45.0,49.1329,18.5851,1052417682131.76,28414670934.81,535333915220.26,14602750585.38
2023-09-16,26599.99,26777.0,26445.0,26559.67,13960.93351,526416.0,1641.3,1653.17,1631.31,1634.4,99555.4671,245713.0,19.15,19.46,18.86,19.12,1416418.73,57493.0,-2.954e-05,3.718e-05,-6.071333333333334e-05,517484000000.0,196530712474.313,7861613578.888893,43.0,48.9193,18.6199,1059895167761.48,25608292082.29,541402199964.34,14126848407.15
2023-09-17,26559.67,26623.25,26399.0,26527.51,12998.10277,476775.0,1634.4,1635.0,1612.0,1622.48,120227.4117,264713.0,19.12,19.14,18.63,18.81,1073239.72,41993.0,8.96e-06,1.8376666666666663e-05,-0.00011355,516473000000.0,194831590954.7622,7724977146.239907,46.0,48.8503,18.5485,1059874488138.3,19496196198.49,542122761108.02,12095491226.76
2023-09-18,26527.5,27409.0,26377.35,26762.51,43000.43256,938705.0,1622.48,1669.5,1603.88,1636.66,279041.6978,453410.0,18.81,20.15,18.58,19.64,3731851.86,130244.0,-2.2343333333333333e-05,1.654333333333333e-05,-0.0001758866666666,521609000000.0,196885212353.6365,8087242644.2727585,46.0,49.0559,18.5106,1054114116355.4,17607070976.34,537008918406.63,10832581226.15
2023-09-19,26762.5,27483.57,26667.79,27210.26,36190.52187,898076.0,1636.66,1661.04,1626.32,1643.12,184282.4258,350549.0,19.65,20.42,19.58,20.03,3110481.29,211645.0,-4.2e-06,-4.6433333333333335e-06,-2.247e-05,530413000000.0,197588243213.248,8243468469.915307,46.0,49.0436,18.5125,1063330646470.47,31127779684.52,541834728763.95,15512550797.47
2023-09-20,27210.25,27388.63,26800.0,27125.0,34207.21867,867288.0,1643.13,1649.34,1604.51,1622.26,232844.2347,382581.0,20.02,20.54,19.8,20.29,2588399.2,98759.0,-2.460666666666667e-05,3.3033333333333334e-05,-0.0001071766666666,528845000000.0,195087312529.35977,8347682604.3511715,47.0,49.2221,18.3389,1077461946206.82,27278835522.59,547112157802.93,13471255238.03
2023-09-21,27125.01,27159.6,26377.7,26568.08,34476.82662,823416.0,1622.27,1625.3,1567.77,1583.94,240627.544,368163.0,20.29,20.29,19.29,19.46,2959370.24,98554.0,3.901e-05,3.6070000000000005e-05,9.113333333333336e-06,517920000000.0,190522492983.44608,8017758208.803525,47.0,49.3078,18.1911,1072488425423.51,28082794439.47,543667572966.97,14801648100.17
2023-09-22,26568.08,26743.38,26468.77,26580.14,18198.2292,567149.0,1583.94,1602.68,1576.58,1593.08,124886.091,267398.0,19.45,19.81,19.15,19.43,1857771.33,63414.0,1.0359999999999996e-05,2.8763333333333333e-05,2.2743333333333333e-05,518129000000.0,191598085284.9854,8022337311.902544,43.0,49.2154,18.1016,1052168523016.98,32352223636.24,534339111566.31,58980846757.88
2023-09-23,26580.14,26632.81,26509.0,26575.96,9440.7026,421717.0,1593.07,1598.24,1587.45,1593.86,64537.1341,217950.0,19.42,19.57,19.29,19.49,897913.0,30406.0,2.8136666666666668e-05,2.7003333333333333e-05,7.309e-05,518045000000.0,191515391237.08984,8028702134.973336,47.0,49.1232,18.1616,1054710914959.55,22126067423.01,536602782041.32,11547216319.49
2023-09-24,26575.97,26738.54,26122.08,26248.38,15706.65771,545045.0,1593.85,1601.12,1570.01,1580.71,137517.8533,307377.0,19.48,19.68,19.2,19.36,1091026.97,38377.0,2.0719999999999995e-05,2.368e-05,5.308666666666666e-05,512435000000.0,190110835149.95688,7984596080.23587,44.0,49.1253,18.1682,1054731717099.65,16244650304.88,536591758610.79,8840143428.45
2023-09-25,26248.39,26446.15,25990.46,26304.81,26266.2039,873488.0,1580.71,1597.5,1563.01,1588.33,176706.9277,405042.0,19.36,19.74,19.07,19.39,1702995.14,52018.0,4.032333333333333e-05,4.097333333333333e-05,3.520000000000001e-06,512502000000.0,190871379228.88977,7998384322.167101,47.0,49.0422,18.2104,1043687188538.18,17995019275.53,531839946918.82,9801442437.08
2023-09-26,26304.8,26397.46,26088.34,26221.67,18495.35066,697727.0,1588.34,1599.78,1580.05,1594.01,125583.0161,317309.0,19.39,19.53,18.84,19.03,1977195.6,51826.0,1.6699999999999982e-06,4.5673333333333335e-05,-8.250000000000002e-06,510687000000.0,191412540768.78745,7841199286.520493,46.0,48.9578,18.2345,1047178228939.27,24689515114.64,534502314250.5,12691904267.93
2023-09-27,26221.68,26850.0,26112.06,26372.99,34771.57978,939690.0,1594.02,1634.1,1583.5,1598.64,274404.4328,478489.0,19.03,19.48,18.73,19.14,2446438.2,69839.0,5.132e-05,5.2163333333333336e-05,4.4193333333333336e-05,513469000000.0,191947614328.6216,7884077345.249179,44.0,48.8935,18.3263,1045283965763.64,22702290381.43,534208369297.99,12716547434.42
2023-09-28,26373.0,27308.48,26342.4,27021.39,44517.83491,1158974.0,1598.63,1668.21,1598.14,1652.99,331409.7015,567825.0,19.13,19.98,19.1,19.96,2804835.46,75243.0,-1.8796666666666662e-05,2.4523333333333333e-05,-3.348666666666666e-05,527092000000.0,198733841734.54013,8233324460.277874,46.0,48.9863,18.3117,1048964411622.17,27303085450.61,535115725566.95,15584804188.46
2023-09-29,27021.39,27244.89,26665.16,26906.96,28478.76219,878610.0,1653.0,1688.0,1648.37,1667.45,251975.6728,494615.0,19.97,20.46,19.85,20.28,2724984.42,79328.0,-1.995e-05,1.3493333333333332e-05,-4.784e-05,524734000000.0,200498731861.9883,8382577236.445898,48.0,49.0688,18.5077,1073830375025.56,31004821037.08,546914568670.71,16925751953.06
2023-09-30,26906.96,27094.99,26886.31,26962.56,12804.62307,534908.0,1667.45,1694.32,1666.19,1670.89,136924.9141,342315.0,20.28,21.81,20.07,21.37,3565357.52,120229.0,1.344e-05,-1.1266666666666672e-06,-0.0001879833333333,526054000000.0,200930672588.4745,8831578970.668808,47.0,48.8385,18.6637,1074492624286.71,40311855811.08,549726479376.18,29915634978.07
2023-10-01,26962.57,28065.51,26954.09,27992.57,24602.81468,883593.0,1670.89,1751.0,1668.0,1733.79,225611.5868,495195.0,21.37,24.5,21.13,23.87,6416328.5,250790.0,-8.623333333333333e-06,1.0483333333333332e-05,-0.00011682,545041000000.0,208196727272.64783,9902619327.176104,48.0,48.8356,18.6598,1076839086689.66,32436623763.63,550958505300.51,27105641391.02
2023-10-02,27992.58,28580.0,27281.44,27494.51,57071.14241,1464158.0,1733.8,1744.0,1636.79,1662.4,378575.6898,773990.0,23.88,24.8,22.9,23.37,6313085.51,266005.0,1.694e-05,7.560000000000001e-05,4.013666666666667e-05,537572000000.0,199980015285.864,9654210449.774307,50.0,49.1235,18.7636,1110774639228.37,33129903900.2,565123102778.42,23624369752.87
2023-10-03,27494.51,27676.52,27160.5,27426.46,28928.96555,1202377.0,1662.41,1670.65,1643.0,1656.88,198287.1164,530016.0,23.38,24.77,23.21,23.6,5894722.26,242698.0,2.7796666666666668e-05,2.951333333333333e-05,-5.347999999999999e-05,535127000000.0,199226162134.8872,9719444134.246271,50.0,49.3464,18.3882,1087603651244.27,43833929056.94,550910794185.37,24040293528.09
2023-10-04,27426.45,27839.72,27202.0,27778.57,29816.142,1188381.0,1656.88,1657.66,1625.0,1646.58,222861.7167,553269.0,23.61,23.86,22.58,23.13,3945261.33,164119.0,3.124666666666667e-05,2.6586666666666664e-05,-0.0001126766666666,542139000000.0,198273403610.5844,9577670152.222357,49.0,49.2992,18.3574,1085141311636.84,35973907826.5,550174853006.76,24567541360.27
2023-10-05,27778.57,28120.39,27352.0,27410.39,30681.49619,1210397.0,1646.58,1655.47,1606.73,1611.79,237378.7449,545845.0,23.13,23.76,22.53,22.7,3287722.78,128809.0,-3.459e-05,2.274e-05,-0.0001713466666666,534928000000.0,193951448977.6497,9389580992.02134,48.0,49.708,18.1649,1090762128883.91,28002070268.38,548566222412.56,16858079346.84
2023-10-06,27410.39,28295.0,27175.94,27931.09,37983.24277,1326700.0,1611.79,1662.0,1611.68,1645.03,220507.9286,539488.0,22.7,23.76,22.66,23.41,4366362.12,158535.0,-9.396666666666666e-06,8.126e-05,-3.3583333333333334e-05,545009000000.0,197887215086.51007,9681336639.032162,50.0,49.6719,17.9995,1076484719293.35,26024174048.55,541774313750.2,14147045756.44
2023-10-07,27931.1,28029.67,27842.08,27956.67,13348.83825,641623.0,1645.03,1647.71,1630.03,1633.57,101241.5732,288695.0,23.41,24.21,23.08,23.3,2949841.72,101895.0,2.352e-05,5.273e-05,-5.312e-05,545638000000.0,196617200962.4628,9630822479.000769,49.0,49.7804,18.072,1095067311152.66,26479956729.31,549938856131.31,12987724931.39
2023-10-08,27956.67,28095.14,27687.5,27917.05,19693.56921,822730.0,1633.56,1641.4,1616.17,1632.84,149424.6635,372636.0,23.29,23.64,23.06,23.22,1934466.13,73711.0,2.150333333333333e-05,9.361666666666667e-05,-4.790333333333334e-05,544958000000.0,196360271118.12457,9623239932.984392,50.0,49.9148,17.9812,1093098548403.85,15736210617.32,547480981902.91,9183300345.33
2023-10-09,27917.06,27987.93,27260.0,27590.12,31534.74639,1156525.0,1632.85,1636.0,1546.0,1580.13,340141.0988,646240.0,23.21,23.37,21.59,22.1,4186290.48,199566.0,5.115e-05,6.835666666666668e-05,-6.986666666666667e-05,538253000000.0,189937520756.6237,9154877132.563568,50.0,49.9415,18.0011,1091179431499.26,17993484538.15,546227921801.5,10076091448.71
2023-10-10,27590.12,27735.0,27298.0,27390.12,22776.84383,1002272.0,1580.13,1594.9,1550.55,1567.63,240659.3287,613660.0,22.09,22.48,21.69,22.11,2334716.24,90922.0,4.263666666666667e-05,6.878666666666667e-05,-0.0001430866666666,534933000000.0,188590185041.92783,9170452669.939337,50.0,50.2774,17.7489,1070423866234.62,28659929370.74,532242080217.58,16652413820.13
2023-10-11,27390.12,27477.39,26538.66,26875.52,37349.44706,1336479.0,1567.62,1578.43,1544.26,1566.87,260253.9671,605321.0,22.11,22.43,21.62,22.01,2734211.94,95593.0,6.855666666666667e-05,4.1246666666666666e-05,-6.744333333333335e-05,523418000000.0,188229678775.9947,9099974754.401054,47.0,50.191,17.7052,1064750812935.9,23901300194.51,530342076681.4,13928083662.97
2023-10-12,26875.52,26947.04,26555.0,26759.63,23428.64112,1066082.0,1566.86,1568.56,1521.0,1539.61,237221.4977,510960.0,22.01,22.05,20.93,21.28,2921129.02,89434.0,6.655e-05,4.6093333333333335e-05,-1.5413333333333334e-05,521751000000.0,184959840850.6537,8850022831.258224,45.0,49.8275,17.8994,1052280272133.4,27203644812.6,527955532393.06,13552696444.17
2023-10-13,26759.63,27130.0,26685.0,26862.0,24115.76499,1035322.0,1539.61,1575.36,1537.76,1552.16,192205.8736,520123.0,21.29,22.23,21.11,21.84,2403623.09,74853.0,2.2196666666666667e-05,3.2863333333333334e-05,-6.486333333333333e-05,523751000000.0,186424400669.8662,9076833624.476131,44.0,49.9867,17.727,1044356785290.49,22468366832.39,522317033669.17,13075975212.95
2023-10-14,26862.0,26989.58,26789.0,26852.48,10417.25576,517837.0,1552.16,1561.72,1544.55,1554.94,100314.6754,281561.0,21.85,22.31,21.8,22.0,1303774.54,43884.0,1.5906666666666665e-05,3.608666666666667e-05,-0.00018068,524156000000.0,187076062831.4784,9156777270.988308,47.0,49.9193,17.7753,1050094148491.25,27421676398.6,525894628532.88,12256256445.75
2023-10-15,26852.48,27293.33,26808.25,27154.15,15274.6917,682942.0,1554.94,1567.62,1547.44,1557.77,120311.2738,316951.0,22.0,22.17,21.66,21.93,1455965.78,48984.0,1.669e-05,4.799333333333333e-05,-1.6599999999999997e-05,529416000000.0,187154505875.5702,9122595517.168377,45.0,49.8339,17.7813,1051769112210.66,13946542632.74,527631035197.35,8558135593.61
2023-10-16,27154.14,30000.0,27112.66,28500.78,78399.22445,2289339.0,1557.78,1639.43,1555.06,1599.42,418510.8644,729569.0,21.93,24.75,21.89,23.95,6973642.82,247014.0,3.394333333333334e-05,5.995e-05,-0.00010079,556307000000.0,192532539510.54053,9988105056.938255,47.0,50.0314,17.6874,1059425864624.88,18364309175.51,529379791597.12,11265548573.64
2023-10-17,28500.77,28613.65,28069.32,28395.91,38428.44532,1345810.0,1599.41,1600.53,1551.08,1565.01,234817.0699,475213.0,23.95,24.56,23.46,23.93,4456015.31,165585.0,-2.046666666666668e-06,3.752e-05,-3.675333333333333e-05,554894000000.0,188241928074.6772,9979327706.213608,52.0,50.7984,17.5672,1095710203484.59,60535714366.94,539106998833.51,32698668182.61
2023-10-18,28395.91,28982.36,28142.87,28320.0,32162.47591,1215235.0,1565.01,1585.42,1555.88,1563.44,177750.2253,440577.0,23.94,24.43,23.36,23.42,2982409.96,96869.0,-9.716666666666666e-06,4.609000000000001e-05,4.659666666666666e-05,552873000000.0,188017036076.20523,9770828532.137337,50.0,51.044,17.328,1086436130507.98,46588112216.24,531875795315.97,31716271390.21
2023-10-19,28320.0,28916.89,28100.66,28713.71,35895.50179,1330256.0,1563.45,1574.45,1541.61,1566.57,216217.6675,469598.0,23.41,25.77,23.11,24.93,5889168.99,195325.0,-4.2193333333333335e-05,4.3603333333333337e-05,-9.112666666666666e-05,559970000000.0,188382228106.08545,10353687428.487144,52.0,51.0912,17.3777,1082263475877.94,40508041359.24,529322485758.39,27784192275.06
2023-10-20,28713.71,30207.55,28578.29,29669.04,59422.0992,1915748.0,1566.57,1630.4,1561.19,1603.89,315995.792,651738.0,24.92,27.5,24.73,27.03,7266627.01,279364.0,-1.5490000000000002e-05,5.617333333333334e-05,-0.0002075633333333,579799000000.0,193092067738.50687,11299213889.8392,53.0,51.2516,17.2316,1094005072553.77,40993099711.61,533309722939.42,26544782962.84
2023-10-21,29669.05,30379.99,29464.77,29909.8,27517.51897,1152137.0,1603.88,1644.53,1592.36,1628.94,176419.4092,463033.0,27.02,30.31,26.65,29.32,9576358.72,346600.0,2.872e-05,3.469333333333333e-05,-3.951e-05,584070000000.0,195881958466.72443,12239039611.696953,63.0,51.6474,17.2035,1121831459276.21,51089976603.22,542435183788.4,29553419074.26
2023-10-22,29909.8,30248.0,29640.0,29992.46,22852.54563,1008299.0,1628.94,1667.8,1621.1,1663.7,228650.9225,580843.0,29.33,30.01,28.09,29.05,5567480.03,213565.0,2.7536666666666667e-05,3.602e-05,-2.963333333333333e-05,585301000000.0,200005686456.2696,12073569712.952765,53.0,51.4203,17.2525,1135772003962.88,38310201989.95,551754394283.14,26769419702.66
2023-10-23,29992.46,34741.91,29883.6,33069.99,93513.64246,2839938.0,1663.69,1800.0,1657.07,1765.46,610931.9663,1167834.0,29.06,32.81,28.74,31.88,12178546.11,470731.0,6.162666666666666e-05,4.246e-05,5.363333333333333e-06,643306000000.0,212038377667.30328,13277498823.123665,53.0,51.143,17.4764,1145025658169.76,40315072632.84,559424835620.52,29868940229.69
2023-10-24,33069.99,35280.0,32832.34,33922.73,115265.02418,2850160.0,1765.47,1854.38,1756.21,1784.98,674055.1375,1308532.0,31.88,32.61,29.5,30.17,11152278.09,462785.0,0.0001,0.0001,0.0001,661433000000.0,214632632796.0492,12571529178.3235,66.0,52.5076,17.2651,1229974525135.45,69650080042.63,584145029469.89,31281458916.69
2023-10-25,33922.73,35132.85,33679.05,34496.05,54887.02529,1643976.0,1784.98,1817.69,1760.0,1787.15,354410.8294,774777.0,30.18,33.9,30.0,32.44,10582632.89,441499.0,0.0001,0.0001,0.0001,673325000000.0,214828864107.11743,13534345081.135792,72.0,53.0373,17.1958,1248180982644.24,83170507698.84,586179563602.67,38244472507.81
2023-10-26,34496.05,34824.13,33751.0,34151.66,39744.66255,1382785.0,1787.15,1865.54,1762.21,1803.38,431169.0453,901019.0,32.43,33.28,30.73,32.77,6940180.71,300882.0,0.0001,0.0001,8.323e-05,667358000000.0,217027499336.5457,13722569034.534536,71.0,53.3053,17.0099,1263748056115.35,51801603619.23,590103908089.56,26547970626.32
2023-10-27,34151.66,34245.0,33390.95,33892.02,32330.40106,1112240.0,1803.39,1803.91,1744.66,1779.4,274532.6921,594592.0,32.78,33.35,31.2,31.73,6273331.35,267809.0,0.0001,0.0001,0.0001,661834000000.0,214164643632.71823,13272558131.134825,70.0,52.9391,17.2207,1259755328202.72,47964994144.38,592852704971.53,28537003153.88
2023-10-28,33892.01,34493.33,33860.0,34081.0,16880.13144,607438.0,1779.41,1803.23,1770.0,1776.2,122919.7382,333711.0,31.73,32.51,31.35,31.63,2594478.41,115942.0,0.0001,0.0001,0.0001,665668000000.0,213620559747.57108,13249178494.180643,65.0,52.9916,17.1345,1249435415222.27,37642422539.1,587339957890.53,21224975310.41
2023-10-29,34081.01,34750.11,33930.0,34525.89,20685.52176,717480.0,1776.21,1811.3,1762.66,1795.14,144110.6508,371024.0,31.62,33.19,31.27,32.83,3483834.9,143590.0,0.0001,0.0001,0.0001,675129000000.0,216207966966.62808,13763115878.108845,72.0,53.0076,17.0147,1255780027773.15,24444477110.81,590121486125.79,14284209433.67
2023-10-30,34525.88,34856.0,34062.84,34474.73,33657.95976,1117727.0,1795.14,1829.84,1777.77,1809.04,277686.192,560359.0,32.83,35.35,32.28,34.94,7627255.13,302180.0,0.0001,0.0001,9.792e-05,673611000000.0,217612477072.85696,14645161810.42172,68.0,53.0568,16.9896,1271072550582.4,25807550720.52,596682561566.23,14647531626.19
2023-10-31,34474.74,34720.49,34025.0,34639.77,32737.89822,1179053.0,1809.03,1819.41,1780.99,1814.67,258074.5796,577888.0,34.94,38.62,34.82,38.4,9267665.69,418248.0,0.0001,0.0001,8.237333333333334e-05,676403000000.0,218114032484.2168,16039262756.955069,66.0,52.7601,17.0475,1277029061226.45,39460377437.05,603267650353.58,22275239764.22
2023-11-01,34639.78,35582.0,34097.39,35421.43,53473.28165,1624635.0,1814.67,1857.66,1783.19,1846.99,471921.6184,862416.0,38.41,46.9,37.81,41.15,19486359.98,1118913.0,0.0001,0.0001,-0.00013171,691974000000.0,222027275405.7628,17328917841.551388,66.0,52.8041,17.0383,1281992776894.48,40580055949.27,605047725543.67,24821843009.22
2023-11-02,35421.43,35984.99,34300.0,34941.59,48015.57732,1450837.0,1846.99,1875.0,1785.01,1800.8,368738.2193,790110.0,41.16,44.57,38.65,40.23,14743830.91,803736.0,0.0001,0.00019114,0.0001,681284000000.0,216391070925.5904,16810768458.527365,72.0,52.8894,16.9758,1308678434166.76,53554876705.39,616526524100.18,31108074365.6
2023-11-03,34941.58,34946.5,34120.0,34716.78,39071.20644,1237373.0,1800.79,1834.58,1777.11,1832.71,315000.2678,713592.0,40.24,40.26,37.98,39.45,10290073.48,499933.0,0.0001,0.0001,0.0001,677903000000.0,220406219446.31696,16589861338.052464,65.0,52.8441,16.7705,1291414042107.93,50250607101.33,608978424465.58,29252441558.98
2023-11-04,34716.78,35255.0,34585.18,35062.07,18377.55545,794787.0,1832.7,1869.9,1824.03,1855.54,171538.0364,463794.0,39.45,42.72,39.0,42.41,7452581.71,375836.0,0.0001,0.0001,0.0001,685411000000.0,223642462356.1477,17806418704.937614,68.0,52.4597,17.0469,1293261871779.75,41557961734.12,614820416991.71,24400208300.99
2023-11-05,35062.06,35380.0,34448.0,35011.88,24528.73376,1038468.0,1855.54,1912.67,1846.11,1891.71,383106.7628,780672.0,42.41,42.85,40.1,41.15,4117962.39,243247.0,0.0001,0.0001,0.0001,685720000000.0,228094907098.5377,17345812149.790646,70.0,52.356,17.0666,1309015796545.3,27906586640.41,623667081197.24,18345419456.93
2023-11-06,35011.89,35276.33,34725.9,35046.09,22346.47086,988246.0,1891.71,1914.23,1868.48,1900.95,328746.2394,717293.0,41.16,42.2,39.66,42.16,4866558.59,311052.0,0.0001,0.0001,0.0001176199999999,684051000000.0,228374429493.44232,17608310170.851498,74.0,51.8582,17.2552,1320182625569.52,38262295253.18,635559539902.23,25849535370.55
2023-11-07,35046.09,35888.0,34523.06,35399.12,38688.73692,1352796.0,1900.95,1906.99,1850.32,1885.27,332419.4406,760921.0,42.16,44.78,40.08,42.93,8826660.47,533222.0,0.0001,0.0001,0.0001352633333333,691907000000.0,226850590273.92023,18072942402.324413,68.0,51.3431,17.1406,1333308694649.49,39648091326.31,648746397683.84,26955006273.96
2023-11-08,35399.13,36106.0,35100.0,35624.72,33401.34137,1132568.0,1885.26,1904.69,1872.51,1888.12,247881.0997,514836.0,42.93,43.88,42.25,43.13,4580371.01,257006.0,0.0001,0.0001,0.00012381,699349000000.0,227626509906.70776,18233136875.51977,66.0,51.8445,17.0037,1335127572367.48,49256435921.19,642937203834.09,30421474061.66
2023-11-09,35624.72,37972.24,35534.05,36701.09,82537.88885,2138765.0,1888.11,2132.0,1882.07,2121.32,1100330.3237,1657379.0,43.12,48.88,41.36,45.29,12546941.33,827876.0,0.0001334233333333,0.00030377,0.0001602966666666,716525000000.0,254463307871.49216,19037621460.673443,69.0,51.7341,16.8787,1346084005957.99,42168545573.94,649700066204.82,24873833804.4
2023-11-10,36701.1,37526.0,36324.71,37301.63,43414.04898,1297729.0,2121.33,2136.99,2064.61,2077.72,555573.6495,880646.0,45.3,57.54,45.05,56.67,14708555.35,1162737.0,0.0001056066666666,0.0002720433333333,0.0001229899999999,730080000000.0,250243645420.14728,23927518224.129463,70.0,51.2729,18.2399,1398383575385.91,96163729885.64,681391968810.36,58405752199.91
2023-11-11,37301.63,37408.26,36666.93,37130.0,22984.97235,923300.0,2077.72,2089.6,2030.3,2053.17,370966.0372,675522.0,56.67,63.95,53.55,56.34,13790858.3,1270979.0,0.0001375166666666,0.0001814133333333,0.0001688466666666,722544000000.0,246098347073.84216,23777177393.06294,70.0,51.382,17.6149,1418844964727.99,69117600853.58,689813572907.16,46407455975.73
2023-11-12,37129.99,37222.22,36731.1,37064.13,17687.18874,810885.0,2053.16,2066.5,2012.1,2044.68,281907.559,556231.0,56.36,61.86,54.5,56.28,10246085.39,937454.0,0.00022046,0.0001687466666666,0.0002825466666666,724016000000.0,245928881822.56616,23633184728.73628,73.0,51.286,17.4495,1414865971470.37,55155651521.86,689237187931.76,41231800302.24
2023-11-13,37064.13,37417.99,36333.0,36462.93,32798.18252,1217191.0,2044.69,2118.0,2028.49,2053.65,529143.5815,1025249.0,56.27,59.86,51.28,51.6,11066863.24,1105038.0,0.00021284,0.0002620333333333,0.0003123966666666,714085000000.0,248042513646.9701,22047841509.31808,72.0,51.1702,17.3787,1415333472844.52,46268513172.43,691104976941.1,34723392692.32
2023-11-14,36462.93,36744.0,34800.0,35551.19,45503.68416,1404428.0,2053.65,2064.96,1936.6,1979.39,481909.733,884487.0,51.6,57.99,51.12,56.81,12213778.24,1083209.0,0.00016076,0.0001415033333333,0.0002819233333333,695498000000.0,238409318387.72968,24042779752.77692,69.0,51.153,17.7252,1394265987209.0,64604877784.23,681057314372.67,45545403536.6
2023-11-15,35551.2,37980.0,35360.0,37858.2,53569.13385,1545427.0,1979.4,2062.4,1967.01,2058.48,421870.8032,731745.0,56.81,67.12,56.15,65.43,12800109.28,1286609.0,0.0001,0.0001,0.0001662766666666,739497000000.0,247283034167.92496,27585020201.60708,60.0,50.9045,17.4438,1364502154648.59,65405333333.81,669908615402.19,41548800779.66
2023-11-16,37858.2,37929.54,35500.0,36163.51,47490.39566,1542446.0,2058.49,2090.4,1939.1,1961.77,545286.1297,991673.0,65.43,68.2,56.31,57.8,13868327.04,1258736.0,0.0001240433333333,0.0001,0.00025532,706697000000.0,235658410044.707,24269161416.649807,70.0,51.4041,17.2028,1440170833742.97,67376307046.17,699864180227.3,40008175078.86
2023-11-17,36163.51,36800.0,35861.1,36613.92,38283.61112,1349322.0,1961.77,1991.5,1904.0,1960.82,401100.5069,788071.0,57.81,60.57,54.1,58.51,11968303.78,992117.0,0.0001,0.0001,0.0001,714729000000.0,235561163786.06152,24688550401.99644,63.0,51.1618,17.0751,1381335242906.16,71621942772.77,674619828705.96,45614667872.67
2023-11-18,36613.91,36845.49,36178.58,36568.1,17102.24186,784498.0,1960.82,1971.22,1916.0,1962.6,279368.2208,535494.0,58.52,59.37,54.7,58.56,7374946.5,554041.0,0.0001,0.0001,0.0001,714914000000.0,235984545175.90585,24729499612.27725,69.0,51.4016,16.9436,1392113702451.12,61641466980.23,676545034952.49,39198142267.18
2023-11-19,36568.11,37500.0,36384.02,37359.86,21246.34648,862400.0,1962.59,2015.75,1942.89,2011.47,251132.6192,506631.0,58.56,62.1,56.61,61.1,7009650.09,552196.0,0.0001,0.0001,0.0001,731861000000.0,241681699406.0296,26053688122.91047,66.0,51.4196,16.9755,1390730073576.85,40607308190.97,675622127703.99,28722221573.51
2023-11-20,37359.85,37750.0,36677.0,37448.78,36022.70291,1485050.0,2011.47,2066.4,1990.0,2021.4,421717.679,751621.0,61.1,61.33,56.0,56.57,7127562.28,593999.0,0.0001,0.0001,0.0001,733335000000.0,243423940840.26044,23886289411.680973,69.0,51.4451,17.0393,1420313224272.62,38807583588.79,689632356037.99,25888787020.37
2023-11-21,37448.79,37649.44,35735.0,35741.65,47646.54804,1936895.0,2021.41,2034.6,1931.43,1933.01,490163.9863,888864.0,56.57,57.4,51.23,51.65,10741088.9,810170.0,0.0001,0.0001,0.0001,704422000000.0,233954030002.9051,22079123906.832844,71.0,51.6755,17.1547,1417560728672.17,55029365347.64,685029450837.62,34143234727.09
2023-11-22,35741.65,37861.1,35632.01,37408.34,45051.30697,1648374.0,1933.01,2092.46,1928.41,2063.21,466120.5109,796700.0,51.65,58.94,51.43,57.56,7891464.65,471290.0,0.0001,0.0001,0.0001,731199000000.0,248246148100.05035,24350389348.513527,62.0,51.7786,17.2251,1351079062227.38,66410016904.96,651509415954.75,41231302321.15
2023-11-23,37408.35,37653.44,36870.0,37294.28,23827.92882,992284.0,2063.22,2088.94,2040.35,2062.2,250960.6958,527877.0,57.55,59.63,56.14,56.51,4925635.15,383230.0,0.0001,0.0001,0.0001,729448000000.0,248100701272.6529,23965482649.758984,66.0,51.5806,17.4979,1418535373207.75,59415066531.37,686846493588.57,35033708811.36
2023-11-24,37294.27,38414.0,37251.51,37713.57,44680.80646,1379414.0,2062.21,2133.02,2059.37,2080.84,426932.5402,672044.0,56.52,58.79,56.2,56.86,3905651.92,319344.0,0.0001,0.0001,0.0001,737441000000.0,250029953951.22885,24052730266.412247,66.0,51.4812,17.5099,1416271368894.3,39948340991.0,687157245491.58,25733527264.18
2023-11-25,37713.57,37888.0,37591.1,37780.67,11396.14464,569448.0,2080.84,2090.54,2065.3,2083.09,138847.393,350920.0,56.86,59.82,55.7,58.82,4095129.28,314780.0,0.0001,0.0001,0.0001,739070000000.0,250657103814.2409,24880493308.02432,73.0,51.5287,17.485,1431273819704.62,54210631246.48,693756529990.38,31288314003.0
2023-11-26,37780.67,37814.63,37150.0,37447.43,21264.53723,848020.0,2083.1,2094.99,2036.42,2062.33,241262.9136,510922.0,58.81,59.04,56.12,57.57,3097837.47,250802.0,0.0001,0.0001,0.0001,732902000000.0,248351451795.8585,24395064723.86544,73.0,51.3514,17.4145,1439185469599.81,31220639691.41,700144205067.35,22121126635.97
2023-11-27,37447.42,37569.23,36707.0,37242.7,30001.07376,1238017.0,2062.34,2071.24,1985.78,2027.5,326073.2298,622522.0,57.57,58.09,53.47,55.06,4618869.6,357965.0,0.0001,0.0001,0.0001,727979000000.0,243765969061.52155,23309881973.27046,66.0,51.3557,17.3877,1426561110016.36,40656263052.68,693940681804.01,26910968942.53
2023-11-28,37242.7,38377.0,36868.41,37818.87,37544.46667,1272779.0,2027.5,2075.0,1995.15,2048.14,283775.9279,606358.0,55.06,58.65,53.94,58.18,5642915.95,367903.0,0.0001,0.0001,0.0001,739729000000.0,246470595926.9052,24594530350.084057,68.0,51.6473,17.2853,1410404031441.63,51966232264.82,681968958791.42,32962933356.41
2023-11-29,37818.88,38450.0,37570.0,37854.64,32994.19107,1131353.0,2048.14,2075.7,2019.31,2028.81,254843.7319,503614.0,58.18,61.78,57.72,59.31,7574392.84,484253.0,0.0001,0.0001,0.0001,740123000000.0,243956120965.50555,25077987693.03596,72.0,51.9648,17.3092,1423588669812.78,51267542363.8,683824256000.5,29572402931.79
2023-11-30,37854.65,38145.85,37500.0,37723.96,24740.29147,1007791.0,2028.8,2054.75,2020.85,2051.96,243680.0921,458227.0,59.31,61.7,58.75,59.3,4597104.01,341750.0,0.0001,0.0001,0.0001,737530000000.0,246619094048.85696,25070003518.02384,74.0,52.0983,17.1722,1421170963266.71,48539289994.2,680765430901.49,27810610348.33
2023-12-01,37723.97,38999.0,37615.86,38682.52,43415.66324,1523417.0,2051.95,2110.87,2045.04,2087.24,372645.586,598646.0,59.3,61.9,58.6,59.75,5422494.06,382246.0,0.0001,0.0001,0.0001,756941000000.0,250834195560.08868,25374524512.32921,71.0,51.8418,17.344,1422813233503.07,42479582594.91,685200862203.3,24363523565.17
2023-12-02,38682.51,39717.14,38641.61,39450.35,26696.92161,1034690.0,2087.24,2186.6,2086.25,2164.74,320979.9768,618401.0,59.74,63.9,59.67,63.66,4898503.76,364915.0,8.488e-05,0.0001,0.0001672466666666,771821000000.0,260284806714.50803,26863172897.87083,74.0,52.1291,17.2905,1451579404781.26,50793444368.72,694884203354.48,27281091993.53
2023-12-03,39450.35,40250.0,39274.86,39972.26,26710.65335,1151524.0,2164.75,2217.27,2149.0,2192.95,257879.1136,556948.0,63.66,65.53,62.22,62.98,4675198.65,360268.0,0.0001,0.0001,0.0001621499999999,781944000000.0,263743103341.98032,26786029921.440098,73.0,51.9898,17.5349,1485069548685.56,42481035444.68,712984675871.64,26946266400.3
2023-12-04,39972.26,42420.0,39972.26,41991.1,79272.33059,2112219.0,2192.96,2274.28,2191.0,2243.37,565307.7134,980117.0,62.99,65.25,59.75,61.64,7696216.19,525683.0,0.0001,0.0001,0.0002461766666666,819776000000.0,269086702691.9668,26052148075.145924,74.0,52.1913,17.6035,1498312891719.88,44075804300.86,716324516263.41,28303834736.7
2023-12-05,41991.1,44488.0,41414.0,44073.32,67490.74644,2072700.0,2243.36,2309.72,2188.33,2293.33,529829.7214,1018557.0,61.63,62.6,59.11,61.03,6032438.26,399777.0,0.0001,0.0001,0.0001,862005000000.0,275515002256.52545,25810762196.79693,75.0,52.9809,17.3993,1550068073028.41,95714033402.13,728827452664.64,55857249069.94
2023-12-06,44073.82,44297.21,43335.28,43762.69,51431.10492,1876282.0,2293.33,2312.23,2220.0,2232.7,408338.9056,842212.0,61.04,66.68,61.03,61.85,11121135.68,848401.0,0.0001,0.0001,0.0002765133333333,855761000000.0,268308751200.552,26524761648.558426,72.0,53.8383,17.2182,1601656435248.47,80606214908.36,739352492414.43,44291273509.52
2023-12-07,43762.69,44047.33,42821.1,43273.14,47103.26845,1414759.0,2232.7,2382.8,2222.0,2355.73,485190.0609,921917.0,61.85,69.37,61.64,67.74,10648583.32,771637.0,0.0001,0.0001,0.00018956,846736000000.0,283061296004.4849,28726711342.27167,72.0,53.9191,16.9057,1587619574933.8,77231711597.17,731590077301.13,47324381313.02
2023-12-08,43273.15,44700.0,43081.1,44170.99,42900.37556,1311268.0,2355.74,2392.0,2336.34,2358.72,378569.8126,713431.0,67.74,75.3,67.74,74.94,11314830.348,814049.0,0.0001784333333333,0.0001516966666666,0.00035217,864814000000.0,283641599334.8588,31743252884.2615,72.0,52.8398,17.6812,1602895300033.9,71213191115.16,755927905147.99,43574353977.82
2023-12-09,44171.0,44358.02,43584.51,43713.6,24925.97008,987352.0,2358.71,2403.0,2328.01,2340.49,287771.0664,648813.0,74.93,77.78,71.5,72.3,8809964.3,695172.0,0.0001961833333333,0.0002910199999999,0.0002720499999999,855753000000.0,281550561198.5147,30900689590.67109,73.0,52.6925,17.289,1640137689741.01,66671389101.46,775908685737.3,42250907432.7
2023-12-10,43713.59,44049.0,43563.0,43789.51,18956.61758,830667.0,2340.48,2377.47,2320.0,2352.39,200037.2102,464455.0,72.31,74.89,70.67,74.87,5886808.01,434901.0,0.0002167666666666,0.0001848133333333,0.0002791166666666,855652000000.0,282637883140.8061,31633385285.083263,74.0,52.5407,17.2855,1628340641736.58,61781506150.61,772798596899.39,44412338424.66
2023-12-11,43789.5,43804.5,40222.0,41253.4,76663.89804,2087142.0,2352.39,2355.0,2156.62,2225.12,640414.9166,1153316.0,74.88,75.0,64.18,70.25,12970688.47,974088.0,0.0001157666666666,0.00014704,0.0001574033333333,806329000000.0,267104871475.65567,29877126456.833195,74.0,52.2445,17.246,1639844113351.76,44627330832.33,783115530956.06,31627414655.14
2023-12-12,41253.41,42104.12,40680.0,41492.39,42722.69773,1526411.0,2225.11,2244.12,2166.0,2203.46,361588.9087,804062.0,70.24,72.42,65.75,68.6,7763463.64,588718.0,0.0001,0.0001,0.0001562066666666,811405000000.0,264623465227.2357,29258179882.5208,67.0,51.89,17.1954,1555170606714.12,97464486356.76,748191857591.14,56833342523.82
2023-12-13,41492.38,43475.2,40555.0,42869.03,45865.99773,1724659.0,2203.47,2284.02,2144.32,2260.16,418916.6154,897019.0,68.6,72.6,63.67,70.62,8271925.44,603343.0,0.0001155733333333,0.0001281733333333,0.0001,840243000000.0,271788076576.3001,30192030349.4674,65.0,51.8981,16.9361,1563228562115.44,69514717258.5,751943328828.23,44733376250.67
2023-12-14,42869.03,43420.0,41400.0,43022.26,42047.05709,1599536.0,2260.16,2332.11,2228.2,2315.32,409508.0931,918965.0,70.62,76.24,68.18,75.68,7493589.41,633186.0,0.0001,0.0001,0.0001,842123000000.0,278837850954.86646,32380228750.37633,72.0,52.1714,16.8935,1608677425918.02,70160286457.22,769407101502.83,43365348922.95
2023-12-15,43022.26,43080.81,41666.0,41940.3,33421.7932,1323628.0,2315.32,2317.81,2200.0,2220.5,333552.6328,714102.0,75.68,79.5,72.13,72.51,8834567.44,786885.0,0.0001,0.0001013966666666,0.00021984,821517000000.0,267040010000.44128,31218697036.157394,70.0,51.8103,17.1329,1625208845100.88,105054292786.84,783183543715.46,79474629219.53
2023-12-16,41940.29,42724.43,41605.0,42278.03,24118.85747,1180886.0,2220.51,2263.4,2210.0,2228.96,199285.923,528692.0,72.51,77.22,71.18,73.72,5513079.61,466725.0,0.0001,0.0001,0.0001,825965000000.0,267423490786.4185,31378677848.84932,67.0,51.8605,16.8622,1582494624018.18,99526228660.57,761805560785.82,79886480906.97
2023-12-17,42278.02,42424.07,41252.0,41374.65,27722.11452,1227634.0,2228.96,2248.68,2191.5,2196.52,225925.7675,531241.0,73.71,75.05,70.36,70.87,5108641.26,422507.0,0.0001,0.0001046733333333,0.0001,810844000000.0,264454392013.12985,30425276171.78744,73.0,51.6779,16.7333,1599685273364.12,47379271774.47,773001714288.02,32993619808.47
2023-12-18,41374.64,42757.81,40542.93,42657.8,46734.0925,1741647.0,2196.53,2224.0,2116.6,2219.43,364103.1181,769310.0,70.85,75.46,67.0,74.42,7219822.33,611266.0,0.0001298866666666,0.0001169433333333,0.0001,834509000000.0,266349880088.8473,31815601533.75809,65.0,51.6233,16.8331,1568028389888.06,47526180366.85,758560974955.4,30845104422.16
2023-12-19,42657.8,43497.0,41811.1,42275.99,40927.86444,1609188.0,2219.44,2255.0,2135.55,2177.91,383551.4049,786067.0,74.41,76.37,71.78,73.0,6086806.16,527336.0,0.0001,0.0001,0.0001011,827432000000.0,261559820244.982,31087664791.321125,73.0,52.1696,16.6651,1599568036103.31,64592434078.85,765080071872.19,39368217108.61
2023-12-20,42275.99,44283.0,42206.0,43668.93,48710.2947,1934588.0,2177.9,2266.0,2156.0,2202.17,416841.6272,867198.0,73.0,84.14,72.96,82.21,10701294.29,949815.0,0.0001471433333333,0.0001438466666666,0.0001912533333333,853574000000.0,263932804444.8275,35036663019.85202,74.0,52.2187,16.519,1584407035121.43,60233140532.78,757050221585.18,37063082016.84
2023-12-21,43668.92,44242.35,43286.72,43861.8,34624.29384,1500702.0,2202.17,2279.31,2182.98,2239.61,453069.7252,848508.0,82.22,95.54,81.03,93.84,12129644.35,1243866.0,0.0002843566666666,0.0003159566666666,0.0001,858802000000.0,268952393161.21133,40194966590.61004,70.0,52.5687,16.0538,1625478027741.18,69468687267.61,770986074075.17,41598573838.89
2023-12-22,43861.79,44398.26,43412.54,43969.04,32783.19638,1404109.0,2239.6,2343.15,2230.59,2324.54,591357.488,1124820.0,93.86,99.5,90.34,97.9,11975121.56,1304087.0,0.0002614233333333,0.0004621133333333,0.00026931,861570000000.0,279591058545.9109,41860745448.45233,74.0,51.831,16.2447,1656956943109.25,66237580785.93,798138766710.63,43786341313.71
2023-12-23,43969.04,43988.68,43291.1,43702.16,16557.1293,849658.0,2324.54,2330.65,2265.0,2308.2,255626.9352,588229.0,97.91,110.0,92.8,107.88,8336420.6,993004.0,0.0001378366666666,0.00016357,0.00012898,856902000000.0,277750377161.77527,46118035286.323845,70.0,51.3933,16.6807,1676335969152.05,70942829263.62,814811700598.14,49914841292.47
2023-12-24,43702.15,43946.0,42500.0,42991.5,25144.33496,1137678.0,2308.2,2326.19,2245.0,2264.05,307951.076,711200.0,107.88,118.1,107.3,112.45,12261699.03,1666365.0,0.0001683966666666,0.0001831466666666,0.0002424499999999,843809000000.0,272603116920.69687,48172931737.8224,71.0,51.0832,16.5579,1676210411830.28,48938113761.63,819948004754.95,35429561716.12
2023-12-25,42991.5,43802.32,42720.43,43576.13,27021.23992,1168428.0,2264.04,2304.8,2253.1,2271.35,286277.1616,613108.0,112.45,126.36,107.92,120.91,11114497.92,1530670.0,0.0001930266666666,0.0002639533333333,0.0003388833333333,854154000000.0,273329024351.75684,51721113887.203285,73.0,50.8396,16.4361,1656582894748.92,64524457197.07,814383228852.64,45690693877.5
2023-12-26,43576.12,43592.68,41637.6,42508.93,41010.04282,1475816.0,2271.36,2274.99,2178.45,2230.88,410413.1591,701701.0,120.91,121.36,102.09,112.49,12300095.38,1600432.0,0.0003223566666666,0.0003881333333333,0.0001888133333333,832014000000.0,267943547602.7716,47750956080.83984,71.0,50.6382,16.1966,1686182449757.13,76648251979.4,832330520562.93,55534245577.73
2023-12-27,42508.93,43677.0,42098.69,43428.85,36191.21136,1439770.0,2230.88,2392.44,2211.88,2378.35,541537.3574,978666.0,112.48,115.3,104.58,106.91,8972638.9,1233525.0,0.0003262233333333,0.00040519,0.00039615,850570000000.0,285865435493.34454,45875080047.46623,73.0,50.331,16.2117,1654251277637.67,81638929657.22,821650072651.33,51611193804.38
2023-12-28,43428.86,43787.57,42241.79,42563.76,35150.52485,1391826.0,2378.35,2445.8,2335.0,2344.15,580459.982,1241094.0,106.92,109.66,97.14,101.8,10194201.02,1255836.0,0.00033684,0.0004475333333333,0.0007489633333333,835601000000.0,282605908433.2296,43905833232.37003,73.0,50.0837,16.831,1699092662960.57,74943723670.46,848123732597.97,49679114199.85
2023-12-29,42563.76,43111.0,41300.0,42066.95,42597.18912,1571137.0,2344.15,2385.41,2255.34,2299.2,450201.2069,990308.0,101.8,110.0,99.0,106.17,9432538.67,1208220.0,0.0005072133333333,0.0004704333333333,0.00045187,822472000000.0,275935092579.749,45384342620.05119,65.0,49.9761,16.8907,1670123853309.12,78922292937.41,835461582820.62,55931113968.92
2023-12-30,42066.94,42612.32,41520.3,42140.28,22906.57818,936545.0,2299.2,2322.84,2268.0,2291.68,210539.1327,555932.0,106.17,107.47,100.62,101.9,4178339.62,527519.0,0.0003815166666666,0.0002840366666666,0.0003387366666666,826544000000.0,275669970152.0582,43740578948.215904,68.0,49.9243,16.7433,1651319430957.1,70807962155.44,826910165263.61,44807878006.33
2023-12-31,42140.29,42899.0,41965.84,42283.58,23585.91603,1016484.0,2291.68,2321.34,2258.88,2281.87,222175.8779,548848.0,101.9,105.21,99.54,101.72,3821990.67,490129.0,0.0003200833333333,0.00027053,0.0004268366666666,826830000000.0,273905566501.14816,43418980191.00786,67.0,50.0225,16.6899,1650457252142.8,43629092637.98,824857453159.2,27613867695.0
2024-01-01,42283.58,44184.1,42180.77,44179.55,27174.29903,1114623.0,2281.87,2352.37,2265.24,2352.04,216702.6914,536670.0,101.72,109.93,101.44,109.91,4403310.37,563530.0,0.00032741,0.0003398833333333,0.0003562533333333,862760000000.0,282122400852.43884,46889271222.92197,65.0,50.2434,16.6402,1647895239480.1,45890790502.08,819936648213.43,29493555742.86
2024-01-02,44179.55,45879.63,44148.34,44946.91,65146.40661,2247532.0,2352.05,2431.3,2341.0,2355.34,458041.6642,1028335.0,109.93,116.95,106.02,106.73,7831366.05,1029366.0,0.00051585,0.00056182,0.0006703733333333,880267000000.0,283349342548.6692,45965121373.67985,71.0,50.5456,16.5153,1711920394246.82,48834341831.19,846620369485.22,30403953838.97
2024-01-03,44946.91,45500.0,40750.0,42845.23,81194.55173,2658041.0,2355.35,2385.45,2100.0,2209.72,798729.4869,1351067.0,106.72,109.9,85.0,98.52,12221060.38,1428502.0,0.00016094,0.00020974,0.0001858566666666,837847000000.0,265289716259.71463,42328208656.12072,70.0,51.142,16.4428,1722002934615.59,81798818096.8,841335714749.67,42476318018.29
2024-01-04,42845.23,44729.58,42613.77,44151.1,48038.06334,1819944.0,2209.72,2294.69,2201.91,2267.11,448844.055,780771.0,98.52,108.15,96.6,104.91,7235482.95,828177.0,0.0001,0.0001,0.0001,866822000000.0,273083090124.15,45142664730.13589,68.0,51.2703,16.2277,1637244188137.75,116308696896.23,797823439017.4,69962479767.39
2024-01-05,44151.1,44357.46,42450.0,44145.11,48075.25327,2064845.0,2267.11,2277.21,2206.17,2268.78,405568.0006,758963.0,104.91,105.48,95.23,99.94,6703567.21,792668.0,0.0001,0.0001,0.0001,864826000000.0,272534865557.8572,42999440472.631966,72.0,51.4041,16.1957,1683933362957.3,74231853887.32,818323012865.74,43781552017.53
2024-01-06,44145.12,44214.42,43397.05,43968.32,17835.06144,956642.0,2268.78,2270.0,2216.4,2240.78,194067.8656,450441.0,99.93,100.3,91.53,93.77,5151478.03,613981.0,0.0001,0.0001,0.0001,860391000000.0,269084549870.2577,40251656678.05643,70.0,51.7916,16.3219,1670815972358.85,73556752295.75,805473945783.31,41222638804.12
2024-01-07,43968.32,44480.59,43572.09,43929.02,23023.8508,1109259.0,2240.77,2258.01,2203.46,2221.42,207138.6927,516569.0,93.77,96.8,87.68,89.44,5547334.15,610413.0,0.0001,0.0001,0.0001,858983000000.0,266625527225.41385,38331460582.58518,71.0,52.1815,16.3118,1651760668915.86,45881164457.03,789847865850.69,29787923337.64
2024-01-08,43929.01,47248.99,43175.0,46951.04,72814.57589,2364464.0,2221.42,2358.2,2166.38,2330.44,539407.5547,1069027.0,89.44,99.97,85.16,97.88,9677497.13,1011344.0,0.0001,0.0001,0.0001,920480000000.0,280307923268.4032,42213718220.54904,71.0,52.6463,16.3352,1635454867091.54,47874661366.64,774448076293.96,28538952691.3
2024-01-09,46951.04,47972.0,44748.67,46110.0,69927.66617,2637745.0,2330.43,2371.72,2226.78,2344.29,551454.9931,1196445.0,97.88,104.89,95.25,99.36,8574930.67,1264291.0,0.0001,0.0001,0.0001,902935000000.0,281190323472.17505,42656026701.21748,76.0,53.2095,16.2081,1729897502023.57,86836407855.63,809427177359.27,44089870968.64
2024-01-10,46110.0,47695.93,44300.36,46653.99,89911.41203,3133588.0,2344.3,2643.1,2339.59,2584.38,1038388.666,2010707.0,99.36,105.52,91.68,102.0,8634280.07,1171099.0,0.0001,0.0001,0.0001,917362000000.0,311378088518.29443,44405860402.447136,73.0,52.9863,16.5202,1705891985197.72,84904697914.19,802002877638.05,45081851823.82
2024-01-11,46654.0,48969.48,45606.06,46339.16,87470.3296,2998451.0,2584.37,2689.39,2566.01,2618.01,838712.2577,1693755.0,101.99,107.32,97.67,99.9,8986682.95,1293558.0,0.0001,0.0001,0.0001,908833000000.0,314726164915.4739,43228498200.60106,76.0,51.664,17.5494,1769019931447.03,112210131304.42,855073441802.18,62091247923.58
2024-01-12,46339.16,46515.53,41500.0,42782.73,86327.93707,2809192.0,2618.01,2717.32,2458.0,2522.54,887457.7627,1860636.0,99.89,100.49,87.0,92.12,6462190.24,875300.0,0.0001,0.0001,0.0001,839054000000.0,302756684709.2141,39505708633.02326,71.0,51.2,17.7413,1774422173721.75,106938283077.2,865917351450.46,61109353278.64
2024-01-13,42782.74,43257.0,42436.12,42847.99,36118.47464,1434243.0,2522.55,2590.0,2497.5,2578.19,422061.232,898845.0,92.14,97.05,89.51,95.85,4054010.92,483031.0,0.0001,0.0001,0.0001,839677000000.0,310070118098.5144,41355098832.918365,64.0,50.1176,18.1118,1674602580778.05,99537952126.0,835332538679.66,56205035876.75
2024-01-14,42847.99,43079.0,41720.0,41732.35,28228.40894,1235727.0,2578.18,2578.69,2470.0,2472.87,306207.7463,732294.0,95.85,102.87,93.62,93.81,5767904.66,756466.0,0.0001,0.0001,0.0001,820929000000.0,297941348780.2669,40857224994.601074,60.0,49.691,18.3313,1689693799791.85,54364011990.57,850067555874.31,33763967159.04
2024-01-15,41732.35,43400.43,41718.05,42511.1,40269.89303,1657611.0,2472.87,2553.82,2470.92,2511.78,315247.8819,789378.0,93.81,96.96,92.97,94.36,3605978.31,434916.0,0.0001,0.0001,0.0001,833521000000.0,301985209964.1662,40787307158.56172,52.0,49.7217,18.05,1645890473684.53,48568967323.33,827526354699.05,31042909878.34
2024-01-16,42511.1,43578.01,42050.0,43137.95,45045.74589,1716580.0,2511.79,2614.43,2500.05,2587.4,381077.6247,1140088.0,94.35,98.73,94.16,97.61,3768288.08,443725.0,0.0001,0.0001,0.0001,846143000000.0,311338731226.7594,42256799362.39548,64.0,49.7643,18.0262,1674078332753.98,56405252244.24,840985351108.73,34083993859.92
2024-01-17,43137.94,43198.0,42200.69,42776.1,33266.21388,1438172.0,2587.41,2592.97,2506.75,2530.19,366281.3477,1140624.0,97.6,102.8,96.5,102.1,6932306.54,890899.0,0.0001,0.0001,0.0001,836729000000.0,303399147121.20526,43920742459.57839,60.0,49.7445,18.2918,1699949742503.76,58593142716.96,854318369686.02,34529814277.69
2024-01-18,42776.09,42930.0,40683.28,41327.5,43907.51641,1466087.0,2530.2,2550.0,2428.56,2470.81,452090.1074,894355.0,102.1,103.59,91.41,94.4,6216673.0,714584.0,0.0001,0.0001,0.0001,808782000000.0,296451087657.63153,40835295632.67434,63.0,49.7612,18.0485,1683643666920.57,55319956386.51,845842160544.14,34468208443.03
2024-01-19,41327.51,42196.86,40280.0,41659.03,48342.74559,1641428.0,2470.81,2504.2,2415.2,2492.0,424209.0029,855044.0,94.39,95.47,87.04,93.62,6357442.75,684705.0,0.0001,0.0001,0.0001,815580000000.0,299250948034.2488,40379284926.8422,51.0,49.603,18.1851,1630908410094.85,63084768018.95,821928549969.81,37866415673.84
2024-01-20,41659.03,41872.56,41456.3,41696.04,15923.99493,807324.0,2491.99,2492.0,2454.2,2472.01,136620.9577,418938.0,93.62,94.27,90.2,92.88,2799385.87,301796.0,0.0001,0.0001,0.0001,816828000000.0,296805630278.2024,40087799025.01379,52.0,49.7512,18.2444,1639959782989.59,63855641107.64,824059547329.64,38103654852.6
2024-01-21,41696.05,41881.39,41500.98,41580.33,11730.16301,657817.0,2472.02,2482.18,2452.13,2457.05,122572.1687,360446.0,92.88,93.93,90.79,91.09,2013751.83,229723.0,0.0001,0.0001,0.0001,814284000000.0,294980412813.08966,39438898600.636055,56.0,49.7462,18.0747,1642051980365.67,35417530928.59,825192946099.47,23830466517.04
2024-01-22,41580.32,41689.65,39431.58,39568.02,55426.19911,2147250.0,2457.06,2466.1,2303.59,2314.2,526337.6492,933793.0,91.08,91.9,82.06,83.84,7065444.82,708563.0,0.0001,0.0001,0.0001,775895000000.0,277873799554.9512,36183115130.7555,55.0,49.8443,18.0495,1634220237273.51,30221722660.74,819654135158.35,20878083841.05
2024-01-23,39568.02,40176.74,38555.0,39897.6,57956.63351,2043925.0,2314.19,2352.23,2168.07,2242.6,700105.3314,1204183.0,83.84,86.0,79.0,84.35,8284305.33,830273.0,0.0001,0.0001,0.0001,779075000000.0,269077240535.6312,36286611288.08817,50.0,49.78,17.8459,1556200458260.09,69362799082.74,781523835905.73,38019685916.64
2024-01-24,39897.59,40555.0,39484.19,40084.88,39293.82861,1675615.0,2242.6,2264.6,2196.12,2235.02,359851.1496,801012.0,84.36,89.47,83.3,88.77,6058894.15,591745.0,0.0001,0.0001,0.0001,786261000000.0,268436335054.32657,38396331023.04676,48.0,50.3555,17.3541,1552061251441.3,72206307832.66,770513081256.45,42964394780.68
2024-01-25,40084.89,40300.24,39550.0,39961.09,31022.11853,1291233.0,2235.02,2242.89,2171.3,2218.64,330426.6061,756164.0,88.77,89.64,85.09,86.91,4002698.2,475624.0,0.0001,0.0001,0.0001,782688000000.0,266569075426.6277,37622046133.05915,52.0,50.3104,17.1876,1561892695798.95,53449482801.12,776097707454.51,31090871186.48
2024-01-26,39961.09,42246.82,39822.52,41823.51,47384.96726,1624861.0,2218.64,2282.36,2195.84,2267.68,363566.4255,823603.0,86.9,93.72,85.96,92.28,4693818.55,560673.0,0.0001,0.0001,9.333000000000002e-05,820833000000.0,272434339372.81805,39931839514.0518,49.0,50.4185,17.1592,1553151153442.3,47208330479.13,770074869492.81,28717193771.04
2024-01-27,41823.51,42200.0,41394.34,42120.63,16224.41667,751148.0,2267.67,2282.94,2251.4,2267.94,145109.3836,416970.0,92.29,94.5,90.68,94.28,2735837.45,302341.0,9.088666666666666e-05,8.959e-05,0.0001,826062000000.0,272403932147.76004,40763004801.33608,55.0,50.8585,16.8999,1612314125133.8,57849734430.55,792315004583.86,32250805294.2
2024-01-28,42120.63,42842.68,41620.81,42031.06,27294.99838,1032493.0,2267.94,2308.24,2239.89,2256.9,209326.9087,566626.0,94.27,99.44,93.31,95.98,5618408.23,648842.0,8.241666666666667e-05,6.986e-05,7.156666666666667e-05,823317000000.0,271018101613.57388,41492886805.22198,54.0,50.8987,16.7949,1622950425700.9,32374020083.58,796889775753.95,20954311299.17
2024-01-29,42031.05,43333.0,41804.88,43302.7,31542.74207,1197856.0,2256.9,2322.34,2233.8,2317.6,305528.0776,681798.0,95.99,101.98,95.06,101.68,5772519.82,634094.0,9.714e-05,0.0001,7.976333333333334e-05,847586000000.0,278211111160.66394,43940840391.317184,55.0,50.9403,16.7626,1618249953970.65,42362491759.43,793907966584.71,25503739133.95
2024-01-30,43302.71,43882.36,42683.99,42941.1,37619.24546,1316610.0,2317.61,2391.98,2297.0,2343.01,372879.5791,770660.0,101.67,106.49,100.95,101.4,6990527.25,743499.0,8.213666666666667e-05,8.731666666666667e-05,8.111e-05,842366000000.0,282226807740.16284,44402173370.9604,61.0,51.0465,16.7423,1663411086072.74,50038660306.12,814298279314.75,29369820848.56
2024-01-31,42941.1,43745.11,42276.84,42580.0,39871.13688,1499559.0,2343.0,2351.6,2263.57,2283.14,397116.1859,922884.0,101.4,102.73,95.9,96.96,8609956.87,914548.0,7.384666666666667e-05,0.0001,8.567333333333334e-05,835331000000.0,274522114329.87607,42228093083.03071,60.0,50.9274,17.0312,1654099236635.1,57650543059.28,811709822317.75,33806666285.63
2024-02-01,42580.0,43285.13,41884.28,43082.94,35231.04664,1392269.0,2283.15,2311.72,2240.0,2304.28,310997.4538,779472.0,96.96,98.11,93.11,97.81,6556006.07,652301.0,0.0001,7.799333333333333e-05,7.533666666666667e-05,843819000000.0,276441100504.09827,42517772061.38178,63.0,51.2768,16.8425,1628623575395.08,60788770938.71,793518082972.33,36115407916.98
2024-02-02,43082.95,43488.0,42546.79,43200.0,29672.14418,1086342.0,2304.28,2324.74,2281.94,2309.06,238230.511,574621.0,97.81,102.57,97.39,100.58,5487861.84,580111.0,0.0001,7.892666666666668e-05,0.0001,846509000000.0,277165487698.4974,43797841016.00368,63.0,51.3476,16.8253,1645573465455.66,52624229565.45,800611238371.74,31201397416.92
2024-02-03,43199.99,43380.01,42880.0,43011.09,12033.40998,609962.0,2309.07,2329.98,2292.75,2296.49,133232.845,397464.0,100.57,101.24,96.53,97.96,2787373.11,292310.0,8.232333333333334e-05,7.541999999999999e-05,9.908666666666667e-05,843165000000.0,275800925353.4493,42630753434.71308,60.0,51.198,16.7638,1654644834611.77,45739909474.89,807499590764.62,27136066435.56
2024-02-04,43011.1,43119.04,42222.0,42582.88,17066.89404,931235.0,2296.5,2311.0,2266.0,2289.79,171232.0444,506684.0,97.95,98.59,95.08,95.49,2914876.34,295763.0,9.051e-05,7.424666666666666e-05,0.0001,835240000000.0,274921938854.186,41618575284.38993,60.0,51.2095,16.7544,1647007757572.07,29518768535.87,803582537248.13,18349041310.56
2024-02-05,42582.88,43569.76,42258.1,42708.7,29467.75905,1317397.0,2289.79,2338.41,2269.11,2301.83,236610.412,730863.0,95.48,98.7,94.11,95.66,3891146.06,381857.0,0.0001,0.0001,0.0001,836123000000.0,276034746258.0777,41644138706.09696,60.0,51.1573,16.8496,1632931794935.99,33241624743.13,797568494009.18,18439717018.85
2024-02-06,42708.7,43399.98,42574.0,43098.95,24675.85433,1120760.0,2301.84,2392.4,2299.0,2372.64,368942.7498,861796.0,95.66,97.88,92.88,96.88,4279238.07,407235.0,8.907666666666668e-05,8.563666666666667e-05,8.538666666666667e-05,845649000000.0,285343553711.314,42294412891.86023,64.0,51.1363,16.8815,1636654079824.89,43911905092.17,799730519330.12,25196208852.06
2024-02-07,43098.96,44396.5,42788.0,44349.6,34392.59915,1378809.0,2372.63,2444.44,2354.0,2425.1,342791.7013,860357.0,96.87,101.58,94.62,101.14,4577672.06,489245.0,7.068666666666666e-05,5.617e-05,0.0001,868265000000.0,291409081051.98785,44040131366.592354,62.0,51.0551,17.2181,1655839211363.85,44152008380.03,810448236518.36,27353321771.72
2024-02-08,44349.6,45614.3,44331.1,45288.65,45439.62231,1863650.0,2425.09,2463.15,2411.01,2419.55,338040.0539,894102.0,101.14,104.98,100.51,102.76,5082811.46,574488.0,6.375e-05,9.108333333333332e-05,0.0001,889483000000.0,291067917628.4944,44977233722.1538,66.0,51.2508,17.1663,1696992917817.09,50643521783.06,827271238827.67,29516934008.12
2024-02-09,45288.66,48200.0,45242.12,47132.77,73503.481,2323884.0,2419.56,2525.0,2419.16,2486.56,492384.385,1134276.0,102.77,109.13,102.76,106.94,6686758.45,724146.0,7.653666666666667e-05,9.250666666666668e-05,6.714666666666667e-05,925723000000.0,299343923104.9748,46852786049.65495,72.0,51.6457,16.897,1721113607773.85,57954458472.96,832233167235.96,31803348311.75
2024-02-10,47132.78,48170.0,46800.0,47751.09,24802.35936,1323421.0,2486.56,2516.45,2471.57,2500.24,185099.59,622723.0,106.94,110.86,106.86,109.01,3939526.49,451222.0,9.347e-05,9.149333333333332e-05,0.0001,937859000000.0,300505173876.8045,47669565577.2824,74.0,52.0161,16.8065,1778770039518.05,77878473125.73,853523445694.31,38557534193.9
2024-02-11,47751.08,48592.66,47557.16,48299.99,29958.80837,1407270.0,2500.24,2539.63,2493.45,2507.21,219975.1471,711081.0,109.01,110.67,107.24,107.46,2755398.4,337007.0,0.0001,8.264e-05,0.0001,945909000000.0,300967240026.8601,46958405475.02855,71.0,52.1993,16.7364,1795914117772.02,41003465775.02,858460092166.21,24607330273.49
2024-02-12,48300.0,50334.82,47710.01,49917.27,59009.96705,1939394.0,2507.22,2665.58,2472.0,2659.99,449501.776,1019390.0,107.46,112.22,103.4,111.64,6169652.05,684788.0,0.0001,8.349000000000002e-05,0.0001,981060000000.0,319034101549.6513,48816471430.37217,70.0,52.465,16.6804,1806535731763.11,45439137951.37,858737357014.86,26121514567.32
2024-02-13,49917.28,50368.61,48300.95,49699.59,55551.56706,1741811.0,2659.99,2686.12,2590.0,2639.99,502447.745,1044885.0,111.65,115.15,108.25,112.48,5622825.56,674183.0,0.0001,0.0001,0.0001138866666666,974015000000.0,317054903874.84705,49128171945.57192,79.0,52.4016,17.0791,1870791944289.62,71263903655.97,890466423892.33,36746173185.91
2024-02-14,49699.6,52043.71,49225.01,51795.17,57046.37401,1859392.0,2639.99,2786.0,2618.4,2774.81,461670.6944,1090412.0,112.49,118.69,110.61,116.97,4884824.42,593380.0,0.00010761,0.0001102733333333,0.0001640833333333,1017560000000.0,333994452390.63574,51232220797.2752,74.0,52.4409,17.0545,1861545364916.97,78236881415.85,885333785938.64,42647266869.09
2024-02-15,51795.17,52816.62,51314.0,51880.0,53816.03055,1786569.0,2774.8,2867.65,2759.25,2822.59,481689.1874,1347619.0,116.97,118.39,111.51,113.5,4927735.5,658457.0,0.0001,0.00012516,0.0001383466666666,1019460000000.0,339522913242.0298,49611165583.48709,72.0,52.5338,17.2364,1936566880630.91,85859240745.13,919213854941.75,46753017452.76
2024-02-16,51880.01,52572.08,51566.0,52124.11,37772.25318,1583711.0,2822.58,2857.4,2740.0,2801.8,378070.8037,1123447.0,113.5,114.25,107.94,110.33,3947132.77,521407.0,0.0001,0.0001090733333333,0.0002379066666666,1023800000000.0,336793505486.2945,48618099092.12751,72.0,52.2246,17.3894,1952129892510.32,93803689966.05,932638084395.1,55237332198.82
2024-02-17,52124.1,52162.82,50625.0,51642.64,25674.00622,1427773.0,2801.81,2804.21,2719.01,2785.93,243302.8759,969157.0,110.32,111.08,105.0,108.92,2897705.67,388340.0,0.0001201366666666,0.00011173,0.0002932866666666,1014370000000.0,334859242523.59814,48052822851.36347,76.0,52.42,17.2485,1953276393460.69,72846308770.32,929368268179.02,44667243104.9
2024-02-18,51642.64,52377.0,51163.28,52137.67,21992.10363,1375422.0,2785.92,2895.0,2764.25,2881.2,367987.8833,1311570.0,108.92,114.04,107.51,112.24,3083833.73,414145.0,0.0001654666666666,0.0001037999999999,0.0002145466666666,1023710000000.0,345742965358.2072,49503755597.88061,72.0,52.2804,17.2622,1939867589085.9,60181687493.73,925696269170.7,40172443539.56
2024-02-19,52137.68,52488.77,51677.0,51774.73,29534.99432,1542990.0,2881.2,2984.52,2856.93,2944.8,446451.0401,1539410.0,112.25,114.87,110.75,111.53,3746704.95,514577.0,0.0001866166666666,0.0001,0.0003058,1017010000000.0,354310304298.14044,49137436417.81904,75.0,51.9554,17.571,1969694654317.08,64182744937.96,946331173441.72,46584912245.22
2024-02-20,51774.74,52985.0,50760.37,52258.82,49614.47318,1971912.0,2944.8,3033.09,2874.56,3014.81,634681.7471,1517960.0,111.53,112.11,103.0,108.31,5676734.13,732595.0,0.0001387733333333,0.0002064366666666,0.00036382,1026930000000.0,362194013961.01886,47899926944.04827,72.0,51.386,17.8821,1978226747854.8,68149540351.92,961696021132.94,46787770051.68
2024-02-21,52258.82,52366.8,50625.0,51849.39,43079.40049,1824860.0,3014.81,3017.15,2868.0,2967.9,595955.0033,1256455.0,108.32,108.4,100.23,105.03,4752688.01,638631.0,0.00010414,0.0001404033333333,0.00019765,1015910000000.0,356290454157.8148,46328970253.309166,78.0,51.5117,18.1798,1992573712300.35,91344467063.84,966165997185.48,57987287956.33
2024-02-22,51849.38,52065.78,50940.78,51288.42,35309.44574,1688184.0,2967.91,3036.02,2906.51,2971.4,563525.9936,1205856.0,105.04,107.1,101.53,101.76,3905642.33,532651.0,0.0001201233333333,0.0001,0.0001857966666666,1007080000000.0,357182494341.5916,44955167329.88551,74.0,51.6278,18.0998,1971740336161.7,80913912721.55,953773538081.59,52289934107.01
2024-02-23,51288.42,51548.54,50521.0,50744.15,30545.79544,1487039.0,2971.4,2993.8,2906.05,2922.24,428826.5787,1003464.0,101.75,103.1,98.64,99.9,3546853.99,441289.0,0.0001099699999999,0.0001,0.0002536233333333,997244000000.0,351255707160.16846,44058984686.47658,76.0,51.3789,18.2091,1960266634598.79,76673944262.3,953103855017.64,51259706827.81
2024-02-24,50744.15,51698.0,50585.0,51568.22,16560.4211,855015.0,2922.25,3007.48,2906.4,2992.62,243854.0783,718718.0,99.91,104.85,98.48,104.01,2334116.02,300412.0,0.0001,0.0001,0.00028825,1012790000000.0,359290266092.7063,45949011448.63109,72.0,51.3108,18.0828,1941517982381.92,66759133627.77,945308720814.72,45331831529.02
2024-02-25,51568.21,51958.55,51279.8,51728.85,18721.63159,923992.0,2992.62,3122.0,2983.61,3112.59,412306.2237,1085332.0,104.02,104.43,102.0,103.47,1967184.81,285185.0,0.0001383733333333,0.0001898866666666,0.0003715533333333,1016140000000.0,373894929982.3372,45605100077.95301,74.0,51.1706,18.1691,1978931703345.18,49308164083.24,966300343016.56,34134982091.45
2024-02-26,51728.85,54910.0,50901.44,54476.47,51256.72199,1808909.0,3112.6,3196.0,3036.59,3175.94,546722.7747,1391934.0,103.47,110.89,100.29,109.9,5392138.71,723403.0,0.00025185,0.00032642,0.00049793,1071280000000.0,381600198124.69617,48501018143.177765,72.0,50.7777,18.6936,2000679858530.21,52750989868.24,984779746610.91,37336902323.01
2024-02-27,54476.48,57588.15,54450.13,57037.34,67194.98562,2414285.0,3175.95,3288.14,3160.02,3242.36,625939.1221,1676466.0,109.9,112.3,105.29,108.36,6198163.52,910828.0,0.00042916,0.0004165933333333,0.0006029366666666,1120380000000.0,389826153429.7423,47767800193.41332,79.0,51.3553,18.3191,2084913343439.5,85790849360.12,1014199226958.76,51715184430.59
2024-02-28,57037.35,64000.0,56691.85,62432.1,118763.46984,3895062.0,3242.35,3488.0,3176.16,3383.1,947538.766,2442603.0,108.35,119.06,106.85,119.03,11832282.01,1812047.0,0.0003464966666666,0.0003638266666666,0.00050635,1226700000000.0,405710940104.2227,51958602852.30956,82.0,52.1897,18.1481,2147905041854.19,111940458402.51,1026919553477.7,62179389964.86
2024-02-29,62432.11,63676.35,60364.7,61130.98,78425.07603,3169405.0,3383.11,3522.81,3300.0,3340.09,759698.1123,2112875.0,119.03,134.65,117.15,125.68,13847087.32,2407149.0,0.0006748633333333,0.0007056066666666,0.0008981733333333,1205820000000.0,402534241823.4974,55682628423.40732,80.0,53.6109,17.7688,2289759613158.26,175925228955.61,1062198742029.75,92680361008.82
2024-03-01,61130.99,63114.23,60777.0,62387.9,47737.93473,1947444.0,3340.1,3450.0,3338.54,3433.43,412788.5773,1263130.0,125.68,137.8,125.61,129.43,8376631.09,1579108.0,0.0005471866666666,0.00048194,0.0006281699999999,1228060000000.0,413088241843.05457,57740964019.33608,80.0,53.1198,17.7488,2262267045079.07,154815261549.5,1060555927485.83,89322518234.36
2024-03-02,62387.9,62433.19,61561.12,61987.28,25534.73659,1641808.0,3433.42,3460.04,3390.01,3421.4,283984.9448,926113.0,129.43,131.69,127.2,130.02,4693251.94,935924.0,0.0004899866666666,0.00053896,0.0007063833333333,1218790000000.0,410926715980.45593,57443939918.65488,80.0,52.6698,17.727,2328429668644.46,106180247399.15,1102049592007.06,65997580533.87
2024-03-03,61987.28,63231.88,61320.0,63113.97,28994.90903,1992011.0,3421.39,3491.8,3360.0,3487.81,341631.531,1116823.0,130.03,132.11,124.17,130.16,5228370.86,957739.0,0.00044618,0.0003826466666666,0.0006297066666666,1237340000000.0,418381639156.2308,57720106450.56524,83.0,51.9502,17.5306,2345448294605.43,93011989407.85,1126982114624.29,69123515722.95
2024-03-04,63113.97,68499.0,62300.0,68245.71,84835.16005,3887853.0,3487.8,3640.94,3423.78,3627.76,715360.6361,1953764.0,130.16,134.95,127.35,133.27,8053684.79,1354011.0,0.0005517466666666,0.0004032133333333,0.0007200266666666,1337590000000.0,436182165198.4616,58799067808.8463,82.0,52.1961,17.6417,2376725934234.39,97597784318.7,1136167520209.96,71341721918.95
2024-03-05,68245.71,69000.0,59005.0,63724.01,132696.7813,5310706.0,3627.75,3822.04,3200.0,3553.65,1392904.864,3265582.0,133.26,142.72,105.0,125.31,17035242.52,2728801.0,0.00073359,0.00074303,0.0010181633333333,1256290000000.0,426827056421.10376,55634062946.526,90.0,53.3657,17.3412,2515541965737.49,170941712555.99,1173104800678.31,100265683066.2
2024-03-06,63724.01,67641.1,62779.14,66074.04,78738.85491,3302981.0,3553.66,3900.0,3499.4,3818.59,969494.71,2555462.0,125.31,134.95,120.0,130.79,9581617.48,1528038.0,0.0003983666666666,0.00033151,0.0002818333333333,1298660000000.0,458977455705.77264,57970276608.39342,75.0,52.6052,17.9311,2382473149905.46,261866570378.7,1129169218930.04,159070026827.61
2024-03-07,66074.04,67980.0,65551.0,66823.17,53059.8869,2428227.0,3818.58,3933.81,3735.0,3868.76,540780.675,1636716.0,130.8,149.3,130.52,143.82,10952975.3,1976430.0,0.0004183733333333,0.0003969533333333,0.0004855199999999,1317710000000.0,464706063596.312,63991494446.840576,82.0,52.0284,18.3796,2495816953042.41,179252017359.93,1197283964870.18,110506146568.04
2024-03-08,66823.18,69990.0,66082.66,68124.19,74261.932842,2943927.0,3868.76,3993.75,3820.0,3883.36,646399.2589,1657141.0,143.82,152.64,142.0,144.79,8096745.65,1440300.0,0.0004707633333333,0.00049913,0.0005610333333333,1342800000000.0,467894214146.4256,64362660401.56434,81.0,51.7033,18.2984,2543584754426.72,135817396708.15,1228468489002.21,88829108791.54
2024-03-09,68124.2,68541.1,67861.1,68313.27,19872.89743,1345341.0,3883.37,3942.0,3870.01,3905.21,254839.1386,819335.0,144.79,149.15,143.54,144.29,3686876.81,669430.0,0.0002560733333333,0.0003507633333333,0.0004047933333333,1345990000000.0,470131026095.90607,64139423747.73337,84.0,51.9208,18.0881,2584406400510.68,153068139756.37,1242562184362.48,93868028483.8
2024-03-10,68313.28,69887.61,68094.75,68955.88,38404.66835,2139518.0,3905.2,3964.67,3791.26,3878.47,356664.68,1195480.0,144.3,148.5,140.43,144.39,4489519.25,754488.0,0.0004964666666666,0.0003796033333333,0.0005298766666666,1353520000000.0,465083705768.346,63803107788.2754,79.0,51.6677,18.0521,2604521486537.47,88482700400.87,1258826306320.34,66872441400.68
2024-03-11,68955.88,72800.0,67024.96,72078.1,75292.825726,3043414.0,3878.47,4086.23,3722.95,4064.8,721554.5139,1894504.0,144.39,150.2,136.49,148.83,7743384.35,1296958.0,0.0006010433333333,0.00053633,0.0005700566666666,1418740000000.0,489163054444.07697,65957796193.10602,82.0,51.9393,17.8522,2611405017260.58,110847085387.27,1255060248915.25,75153830650.3
2024-03-12,72078.1,73000.0,68620.82,71452.01,68783.546691,3047890.0,4064.8,4093.92,3828.98,3979.96,632787.3941,1878541.0,148.83,155.0,141.5,151.05,8930538.0,1590998.0,0.0004590166666666,0.00051318,0.00066976,1403780000000.0,476921062806.7065,66695734830.31005,81.0,52.0166,17.9257,2724366347156.13,169351233660.28,1307242445914.27,103635461794.2
2024-03-13,71452.0,73650.25,71333.31,73072.41,52659.711647,2501197.0,3979.97,4083.0,3932.23,4004.79,482305.7766,1536498.0,151.06,166.73,148.71,163.9,7627285.95,1411841.0,0.00047682,0.0005044866666666,0.0006616399999999,1436250000000.0,480926089496.09454,72615944490.6689,81.0,51.9789,17.6874,2702455243821.11,162830942683.25,1297748999949.28,100278247707.9
2024-03-14,73072.4,73777.0,68555.0,71388.94,71757.628746,2994869.0,4004.79,4010.98,3723.0,3881.7,648237.5245,1919963.0,163.9,178.5,159.2,176.65,10423585.86,2198598.0,0.0003380133333333,0.0004219233333333,0.0005240833333333,1405340000000.0,466295497032.4428,77995011036.22444,88.0,51.9266,17.3909,2766421242865.48,134539193347.49,1329911531705.71,86327682114.31
2024-03-15,71388.94,72419.71,65600.0,69499.85,103334.03546,3904445.0,3881.69,3934.02,3570.0,3742.19,947537.4071,2487337.0,176.65,188.98,164.5,183.95,17484961.6,3444279.0,0.0002271633333333,0.00032333,0.00041595,1364510000000.0,448751185432.0417,81491103713.28682,83.0,51.7209,17.1849,2712374343100.34,164949314479.47,1309510558915.03,105352019784.5
2024-03-16,69499.84,70043.0,64780.0,65300.63,55926.95336,2729019.0,3742.19,3781.12,3468.8,3523.09,548288.1569,1798939.0,183.95,197.95,176.78,182.05,13017058.01,2909824.0,0.0001800499999999,0.0002508666666666,0.0001690566666666,1286120000000.0,422628587594.05273,80340663604.11348,81.0,51.7269,17.0156,2638800135784.86,202673871649.05,1273831184013.82,124353502677.53
2024-03-17,65300.64,68904.4,64533.0,68393.48,49742.21589,2449156.0,3523.09,3678.68,3412.0,3644.71,517790.9936,1721355.0,182.05,205.2,178.55,201.86,10524537.06,2323291.0,0.00018563,0.00018532,0.00018322,1342230000000.0,436907464083.2458,89755210666.21622,79.0,51.6973,17.0357,2482336255824.97,143052508217.06,1199035981157.86,96183627738.45
2024-03-18,68393.47,68956.0,66565.2,67609.99,55691.08088,2464515.0,3644.7,3645.02,3454.09,3520.46,570901.2851,1906387.0,201.85,210.18,193.8,195.92,11583736.08,2540129.0,0.0002599099999999,0.00024435,0.00027027,1332180000000.0,423874467732.5872,87377320637.7707,77.0,51.8085,16.8606,2593967840121.63,128707900338.64,1250072937486.19,83994784486.9
2024-03-19,67610.0,68124.11,61555.0,61937.4,101005.32487,3593832.0,3520.47,3548.09,3150.88,3158.64,1049629.6936,2647385.0,195.92,198.68,166.0,169.82,16935298.87,3396222.0,0.0002666866666666,0.0002164266666666,0.0001707566666666,1218190000000.0,380149663752.93054,75246449037.80698,79.0,52.2326,16.6192,2543180164476.73,134978436903.21,1214811915292.85,85716871858.32
2024-03-20,61937.41,68100.0,60775.0,67840.51,90420.58592,3549793.0,3158.65,3535.24,3056.56,3516.53,1207322.8201,2987953.0,169.82,193.19,162.45,191.77,12365784.68,2660068.0,0.00014745,0.00012032,0.00016192,1333830000000.0,422561190131.2162,85038435902.39618,74.0,52.2039,16.262,2332165085284.75,188222137776.02,1114684067803.35,113996648474.38
2024-03-21,67840.51,68240.47,64529.01,65501.27,53357.48002,2388390.0,3516.53,3587.32,3412.0,3492.85,602755.2072,1791989.0,191.76,195.68,175.84,179.46,8064316.56,1955883.0,0.0001640566666666,0.00017007,0.0002040133333333,1286830000000.0,419009182489.66,79571168237.02382,78.0,52.2743,16.5297,2553534036855.56,167795892705.42,1218691278630.67,101002457528.11
2024-03-22,65501.28,66649.62,62260.0,63796.64,51482.37821,2492881.0,3492.84,3542.52,3250.0,3336.35,558848.888,1747756.0,179.46,181.95,167.57,175.21,6152106.89,1468995.0,0.0001275466666666,0.00020728,0.0001501833333333,1248190000000.0,398269280501.7943,76826397076.6654,75.0,51.6225,16.8128,2494253819480.45,120862353646.27,1206658137530.97,76383343317.1
2024-03-23,63796.64,65999.0,63000.0,63990.01,26410.11409,1753566.0,3336.35,3435.48,3270.08,3329.53,323675.9448,1129683.0,175.21,179.0,170.38,172.65,3504716.61,859128.0,0.0001026866666666,0.0001230566666666,0.0001572533333333,1265440000000.0,402812763269.81775,77117048828.33275,73.0,51.6022,16.4754,2431168688325.8,111392812338.09,1176631323061.23,69979188213.47
2024-03-24,63990.02,67628.69,63772.29,67209.99,31395.78015,1880774.0,3329.53,3471.22,3298.76,3454.98,260824.1408,1090982.0,172.65,186.78,171.25,183.88,3578259.38,800450.0,0.00013617,0.0001594833333333,0.0001961133333333,1323080000000.0,414891248894.9269,81891628971.59683,74.0,51.5451,16.3877,2443224857298.82,74245811351.64,1183862171469.06,49510063576.74
2024-03-25,67210.0,71150.0,66385.06,69880.01,53431.14486,2632220.0,3454.99,3666.0,3420.12,3590.42,548577.6942,1610130.0,183.87,194.6,180.92,188.99,5240091.85,1122467.0,0.0002356266666666,0.0001806966666666,0.0001977766666666,1377280000000.0,431779777754.853,84243567867.39636,75.0,51.8834,16.2805,2547654020781.56,74750553044.33,1225845730371.64,47583119548.62
2024-03-26,69880.0,71561.1,69280.0,69988.0,38934.38417,2176807.0,3590.43,3678.86,3542.62,3587.33,499013.8384,1373691.0,188.98,196.57,186.0,190.46,4465611.36,968440.0,0.0002235833333333,0.0002775666666666,0.0002838233333333,1377900000000.0,431458699260.0729,84935885338.65038,81.0,52.0805,16.3331,2639960273520.6,110347353369.4,1265056995794.38,67648996814.59
2024-03-27,69987.99,71769.54,68359.18,69469.99,49119.35685,2453366.0,3587.32,3665.84,3460.02,3501.19,443195.3297,1436593.0,190.46,192.74,180.0,186.33,5173929.09,1098295.0,0.0003397966666666,0.0002721133333333,0.0003258966666666,1362170000000.0,420058822313.68414,82469515311.1075,83.0,52.0332,16.2846,2645174287243.57,106990977340.48,1268806420804.47,70980709114.79
2024-03-28,69469.99,71552.06,68903.62,70780.6,35439.03239,1799897.0,3501.2,3611.78,3465.0,3560.49,404654.0311,1158353.0,186.34,190.93,180.92,189.63,3602194.14,749165.0,0.0002784133333333,0.0003716766666666,0.00034406,1392890000000.0,428199861962.7668,84376810104.58301,80.0,52.2671,16.084,2612964988643.82,116659911260.97,1247243288134.18,75832287321.76
2024-03-29,70780.6,70916.16,69009.0,69850.54,25445.08353,1522607.0,3560.49,3584.37,3445.91,3509.74,323086.179,951744.0,189.64,193.0,183.39,192.01,3580115.76,728399.0,0.0002462533333333,0.0003392533333333,0.0004041333333333,1375060000000.0,422208991443.9429,85458592299.79906,79.0,52.2776,16.062,2662192649637.29,101656338413.21,1270462146570.32,67285480735.1
2024-03-30,69850.53,70321.1,69540.0,69582.18,13644.61142,1110488.0,3509.74,3565.81,3485.0,3505.64,216025.2634,750249.0,192.02,200.0,190.71,194.2,3491334.38,758168.0,0.0002875033333333,0.0003141533333333,0.00055206,1370130000000.0,420989815611.34406,86405424747.82089,75.0,51.9992,15.9498,2643541867940.1,86138137159.96,1268921639384.7,60906757937.95
2024-03-31,69582.17,71366.0,69562.99,71280.01,19396.34433,1181926.0,3505.65,3655.32,3505.09,3645.29,243464.9877,722927.0,194.19,203.17,193.69,202.45,2398135.45,522989.0,0.0003751366666666,0.0005003966666666,0.0004789866666666,1400970000000.0,437624238890.7229,89923397506.15508,75.0,52.0752,16.0121,2630605390148.13,67661161029.18,1260713638325.7,50529157347.21
2024-04-01,71280.0,71288.23,68062.86,69649.8,41445.32039,1893438.0,3645.29,3645.95,3413.71,3503.8,408854.1225,1115133.0,202.45,204.46,186.87,192.24,4599776.65,932165.0,0.0004370699999999,0.0003868966666666,0.0005307166666666,1372780000000.0,421506592830.7776,85732059587.61546,79.0,51.9186,16.206,2702110380158.71,66064724773.37,1299211711707.68,46012754479.47
2024-04-02,69649.81,69674.23,64550.0,65463.99,71799.82793,2662410.0,3503.8,3505.6,3212.0,3278.96,623264.6476,1581408.0,192.24,192.24,175.92,181.53,5766777.4,1161554.0,0.0001246066666666,0.0001255866666666,0.0001390333333333,1289090000000.0,394193207698.829,80852266048.71434,79.0,52.2946,16.0528,2621751984020.23,104401487897.81,1250718557049.22,69528325680.94
2024-04-03,65463.99,66903.63,64493.07,65963.28,39887.21778,2172096.0,3278.96,3367.4,3202.79,3310.83,410484.1933,1113644.0,181.53,192.0,176.92,185.05,5010275.57,961764.0,0.0001,0.0001,0.0001237133333333,1300890000000.0,398306604794.223,82604914820.39441,71.0,52.1493,15.9398,2469110490474.71,131737700307.84,1181487106431.8,81031605079.02
2024-04-04,65963.27,69309.91,65064.52,68487.79,41510.48453,2000945.0,3310.83,3443.93,3250.92,3327.4,356338.5716,965695.0,185.05,190.13,180.02,184.0,3773747.36,728988.0,0.0001,0.0001,0.0001227166666666,1346350000000.0,399566794560.571,81659709755.68774,70.0,52.2787,16.0148,2482939356244.87,101198779944.0,1184890838592.62,66751609357.49
2024-04-05,68487.8,68756.67,65952.56,67820.62,37915.23073,1901980.0,3327.39,3350.0,3210.0,3317.85,344556.7983,854139.0,184.0,185.07,167.84,174.37,5000847.22,1053497.0,0.0001,0.0001,0.0001,1335920000000.0,399169892230.85297,77831600202.78362,79.0,52.8032,15.6642,2552830574787.12,96902671048.67,1204855016043.64,62463377129.32
2024-04-06,67820.63,69692.0,67447.83,68896.0,20134.28919,1171460.0,3317.85,3398.42,3306.68,3351.59,183312.2125,549985.0,174.37,179.89,173.54,178.68,2641869.38,494775.0,0.0001,0.00012244,0.0001,1360200000000.0,404415872829.3983,79750236443.37901,75.0,52.8568,15.7807,2525250173369.25,95782588641.34,1190483808302.27,62033616321.77
2024-04-07,68896.0,70326.29,68824.0,69360.39,21534.74433,1269048.0,3351.59,3459.94,3344.08,3454.2,210459.0752,748530.0,178.69,182.71,176.85,179.52,2235798.23,460972.0,0.0001,0.0001,0.0001,1365320000000.0,413938075458.5,79861253578.8148,78.0,52.8315,15.694,2565997363251.02,62177110399.09,1210343678830.67,42209244343.32
2024-04-08,69360.38,72797.99,69043.24,71620.0,45723.87624,2037025.0,3454.2,3730.71,3406.36,3694.61,496841.3532,1333378.0,179.51,184.68,175.25,180.68,3690701.97,659397.0,0.0001839633333333,0.0001729866666666,0.0001921766666666,1411050000000.0,444279636458.4236,80517816922.08905,76.0,52.574,15.9746,2595923117967.1,63183450187.7,1231143477544.49,41980961529.27
2024-04-09,71620.0,71758.19,68210.0,69146.0,39293.90242,1804157.0,3694.61,3727.34,3450.46,3506.39,457592.252,1046479.0,180.68,180.9,169.11,172.42,3401885.89,638002.0,0.0002019299999999,0.00016743,0.0001247433333333,1359200000000.0,420156171049.3542,76885314247.58435,80.0,52.397,16.4935,2690115456643.2,97132434144.94,1280576251622.16,59872362757.77
2024-04-10,69146.0,71172.08,67518.0,70631.08,42006.02377,1852170.0,3506.4,3562.95,3411.82,3545.64,389404.9055,915957.0,172.41,175.5,162.28,173.31,4653467.65,790630.0,0.00011462,0.00015783,0.0002843333333333,1388880000000.0,425207436099.622,77258825486.40031,78.0,52.5234,16.2478,2590332383182.75,99161692210.25,1229802186166.31,62733811099.15
2024-04-11,70631.08,71305.89,69567.21,70006.23,31917.25595,1658995.0,3545.64,3618.3,3474.52,3502.52,338139.5534,890107.0,173.3,176.32,170.07,172.37,3761197.49,649962.0,0.0001796499999999,0.0001182766666666,0.00026361,1378460000000.0,420738442885.3698,76882536259.77005,76.0,52.8461,16.1863,2629244612586.56,96004098380.2,1239791708053.08,57684677799.19
2024-04-12,70006.22,71227.46,65086.86,67116.52,56072.86229,2496617.0,3502.52,3552.4,3100.0,3237.43,697327.1174,1423600.0,172.37,175.98,141.0,153.16,6842096.22,1252007.0,0.0001636733333333,0.0001,0.0002719466666666,1320490000000.0,388420019365.292,68194256998.82912,79.0,52.8876,16.144,2606519159137.88,79854552750.22,1227993755439.63,49699803072.16
2024-04-13,67116.52,67929.0,60660.57,63924.51,71395.22019,3341340.0,3237.42,3301.9,2852.0,3007.01,994971.2354,2037632.0,153.16,155.0,116.0,138.47,15444420.06,2344436.0,0.0001,0.0001,0.0001,1270430000000.0,363860651783.2466,62392048542.51749,72.0,54.0436,15.9102,2446022444649.57,127961832566.58,1124103669572.67,83828266491.24
2024-04-14,63924.52,65840.0,62134.0,65661.84,61599.17818,2657953.0,3007.01,3174.23,2906.73,3155.11,737580.4666,1680666.0,138.47,152.84,130.45,151.25,12428370.68,1910814.0,0.0001,0.0001,0.0001,1292090000000.0,379284601606.2605,67716799120.70407,72.0,54.8254,15.7413,2295029087077.94,156335648896.07,1036770184087.15,103442373274.63
2024-04-15,65661.85,66867.07,62274.4,63419.99,52389.53069,2539048.0,3155.11,3277.85,3023.19,3101.99,605430.8863,1540774.0,151.26,156.06,133.56,138.51,9332424.74,1498623.0,7.253e-05,8.097666666666667e-05,5.099333333333333e-05,1247760000000.0,372582832615.2935,61846547891.77201,74.0,54.2351,15.8908,2386104470436.41,131235743503.22,1091999350797.91,82175993208.03
2024-04-16,63419.99,64365.0,61600.0,63793.39,53435.29331,2604354.0,3102.0,3128.01,2986.0,3084.22,526113.855,1461779.0,138.51,140.57,126.4,136.22,9794711.9,1530833.0,6.330333333333333e-05,7.407e-05,3.866666666666667e-06,1255520000000.0,370830658627.9712,61046499622.15789,65.0,53.9905,16.1041,2312536134625.53,114917318308.87,1063986634637.67,71323411043.3
2024-04-17,63793.4,64499.0,59678.16,61277.37,50610.54509,2458327.0,3084.21,3123.75,2914.47,2985.41,491897.5661,1348404.0,136.21,142.77,126.87,131.84,9559485.27,1498645.0,5.494333333333333e-05,3.6026666666666665e-05,2.578e-05,1207150000000.0,358393130555.787,59209941184.24792,67.0,54.2952,16.0079,2314115029263.64,103439194443.31,1057661666903.89,60589280638.66
2024-04-18,61277.38,64117.09,60803.35,63470.08,43601.60918,2142511.0,2985.41,3094.4,2950.98,3064.4,389060.7133,1168254.0,131.84,144.25,127.62,142.07,7805067.82,1213277.0,3.195e-05,4.036e-05,6.893666666666667e-05,1250240000000.0,368356778643.2976,63589108103.81202,57.0,53.911,16.0183,2237583484356.61,97029800847.01,1031278877040.55,55113357966.34
2024-04-19,63470.09,65450.0,59600.01,63818.01,69774.30271,2828284.0,3064.4,3128.89,2865.18,3056.46,607850.4019,1465901.0,142.08,147.49,128.5,142.5,11145361.53,1717920.0,3.133666666666667e-05,5.964333333333333e-05,1.6733333333333335e-05,1255260000000.0,366936725848.6189,63655414613.30072,66.0,54.0763,15.9224,2312087835648.24,85381487149.36,1061795523246.35,49374442518.41
2024-04-20,63818.01,65419.0,63090.07,64940.59,23137.42975,1376712.0,3056.45,3171.88,3018.75,3155.79,242577.6371,812118.0,142.5,152.39,139.66,151.22,4855973.67,796179.0,4.479333333333333e-05,5.833333333333333e-05,6.926e-05,1277870000000.0,378894956613.2718,67331071348.656845,66.0,54.1493,15.8238,2321310734155.77,113515796090.43,1064338183221.52,63594758049.48
2024-04-21,64940.58,65695.56,64237.5,64941.15,19316.42152,1390153.0,3155.79,3197.18,3116.49,3147.67,219970.5072,767260.0,151.21,153.5,146.68,148.8,3646801.53,600110.0,3.1213333333333335e-05,3.109e-05,2.780333333333333e-05,1279090000000.0,377946226735.5621,66440740030.50808,72.0,53.5058,15.8546,2391289833671.96,62028256100.36,1111811824694.47,38930253305.37
2024-04-22,64941.15,67232.35,64500.0,66819.32,31397.99371,1816591.0,3147.66,3235.0,3129.15,3200.2,290879.9569,993579.0,148.81,158.5,146.63,156.95,4967360.16,804446.0,2.601333333333333e-05,2.117e-05,3.076333333333333e-05,1318030000000.0,384924381556.55054,70319516128.03328,73.0,53.6288,15.8539,2383944533885.66,56538236066.74,1105464036566.98,36032410486.35
2024-04-23,66819.32,67183.01,65765.81,66414.0,22599.90004,1433915.0,3200.19,3263.61,3152.0,3219.46,253914.2263,844893.0,156.94,160.0,153.04,154.75,4102272.11,683700.0,9.736666666666668e-06,2.9333333333333333e-05,-1.3023333333333331e-05,1307050000000.0,386365473967.2466,69240147032.50795,71.0,53.7411,15.6981,2448876315429.2,72717474279.15,1132823322363.97,44433401277.18
2024-04-24,66414.0,67070.43,63606.06,64289.59,33595.69637,1784897.0,3219.46,3293.56,3104.9,3140.8,393314.3414,1130370.0,154.75,159.8,145.58,147.78,6491963.0,1056785.0,4.587333333333333e-05,3.818e-05,3.873333333333334e-05,1263860000000.0,382366755335.85126,65896955607.21297,72.0,53.4884,16.0738,2444719597048.95,68873086373.69,1137077503013.54,44562161739.6
2024-04-25,64289.58,65297.94,62794.0,64498.34,31341.46338,1375324.0,3140.79,3191.64,3072.2,3155.8,352288.5502,861077.0,147.79,149.6,142.09,144.84,5417465.27,783470.0,4.076333333333333e-05,4.057333333333333e-05,7.413000000000001e-05,1270300000000.0,385463825139.9042,64846043095.95698,72.0,53.3767,16.1611,2371015986187.0,85155293523.63,1105445193069.22,54875658560.54
2024-04-26,64498.33,64820.01,63297.48,63770.01,27085.19346,1025561.0,3155.81,3167.7,3102.0,3131.3,252522.655,628635.0,144.83,146.19,138.74,139.23,3749353.51,616776.0,2.652e-05,3.353333333333333e-05,7.698333333333334e-05,1255800000000.0,381991092357.9341,62282181722.61277,70.0,53.4126,16.2043,2377171562504.47,80341921215.47,1107461694656.42,48187969931.02
2024-04-27,63770.0,63923.41,62391.24,63461.98,20933.06052,912422.0,3131.3,3285.0,3066.74,3255.56,323811.1919,734026.0,139.23,143.04,132.88,141.31,3821061.91,569425.0,6.768e-05,6.460333333333333e-05,1.727e-05,1248970000000.0,397034630683.4472,63252813737.73272,67.0,53.508,16.2826,2346041034187.67,62712506894.43,1090721037139.83,38580072735.0
2024-04-28,63461.98,64370.0,62781.0,63118.62,16949.20005,790652.0,3255.55,3357.4,3250.45,3263.45,304766.009,753239.0,141.31,144.82,137.03,137.99,2951913.56,438504.0,5.6900000000000014e-06,8.631333333333333e-05,5.254e-05,1240120000000.0,398237376272.60297,61608208892.65613,65.0,52.9818,16.8422,2357067109046.17,56413070929.33,1108249775285.38,36880926388.35
2024-04-29,63118.62,64228.35,61765.53,63866.0,28150.22947,1152296.0,3263.44,3286.95,3115.13,3216.73,421831.2912,943719.0,137.99,138.93,133.38,137.77,4267883.497,616036.0,4.948e-05,8.265666666666667e-05,0.0001,1258460000000.0,393065869842.597,61664390925.90713,67.0,52.9245,16.959,2347932832710.39,50536955388.53,1105301895125.78,33200326640.09
2024-04-30,63866.0,64734.0,59191.6,60672.0,54947.65535,1985671.0,3216.74,3250.95,2921.0,3014.05,561717.4866,1292873.0,137.79,139.77,121.21,126.77,6026555.488,989314.0,9.631333333333332e-05,6.264666666666666e-05,6.828666666666667e-05,1194050000000.0,367682786339.86993,56776553607.376434,67.0,53.424,16.678,2353093636672.24,69182941183.56,1095976694890.11,42544291634.89
2024-05-01,60672.01,60841.63,56552.82,58364.97,81166.46823,2401089.0,3014.04,3023.24,2817.0,2972.46,624963.7773,1365039.0,126.76,135.97,118.47,134.64,7991325.271,1235535.0,9.616e-05,4.7006666666666665e-05,5.179666666666667e-05,1144950000000.0,362550779873.88464,60060790617.04957,54.0,53.4133,16.4472,2234609305389.39,90167587988.28,1041030636475.73,52326723802.1
2024-05-02,58364.97,59625.0,56911.84,59060.61,47583.81961,1572898.0,2972.46,3016.72,2893.26,2986.19,365939.7191,880167.0,134.64,140.9,128.19,137.58,5743465.621,881829.0,4.2266666666666666e-05,5.750000000000001e-05,3.936e-05,1165230000000.0,364782865518.06976,61742956396.44636,43.0,52.4211,16.5599,2188656460739.3,105693601082.04,1041337713559.11,57224654722.04
2024-05-03,59060.6,63333.0,58811.32,62882.01,43628.40143,1558661.0,2986.19,3126.99,2958.32,3102.61,355825.8391,859542.0,137.58,145.0,135.88,143.69,4524855.556,758139.0,9.259999999999998e-06,3.2193333333333336e-05,1.1996666666666666e-05,1240350000000.0,373173556399.9894,64388479913.72052,48.0,52.6565,16.2311,2210508623713.37,75000422381.25,1046531690583.14,42300945471.54
2024-05-04,62882.01,64540.0,62541.03,63892.04,24368.69282,1113509.0,3102.61,3168.0,3092.85,3117.23,196263.9488,575026.0,143.7,149.14,142.22,146.05,2808003.24,500318.0,5.474333333333334e-05,6.585333333333333e-05,-2.127333333333333e-05,1258050000000.0,374315718317.3792,65412585370.60406,67.0,53.2774,16.0328,2325108015887.24,74793197433.6,1086349979352.09,41620153880.85
2024-05-05,63892.03,64646.0,62822.17,64012.0,18526.75029,992921.0,3117.24,3171.93,3072.99,3136.41,218760.2662,600693.0,146.05,148.0,143.1,145.73,2131850.263,396560.0,3.815333333333334e-05,7.939999999999999e-05,7.145e-05,1261750000000.0,376959283381.5205,65190438575.465225,69.0,53.5227,15.9248,2351104742384.51,54860177487.08,1092729734555.28,34240640461.79
2024-05-06,64012.0,65500.0,62700.0,63165.19,34674.91949,1392557.0,3136.4,3221.4,3046.35,3062.6,355135.3027,873200.0,145.74,156.89,145.4,152.82,4787441.567,854076.0,2.439e-05,8.198e-05,7.024666666666667e-05,1245250000000.0,368402929643.13257,68477829587.91311,71.0,53.3944,15.9529,2361950003809.62,49878355034.88,1100802027203.86,31582047434.24
2024-05-07,63165.18,64422.41,62261.0,62312.08,25598.79472,1272898.0,3062.59,3129.85,2998.0,3005.69,298796.6829,815246.0,152.81,159.19,147.76,148.03,4486379.596,792273.0,5.5576666666666666e-05,6.116e-05,2.839333333333333e-05,1228900000000.0,362059235910.264,66473062050.77436,68.0,53.3457,15.7733,2331942992513.07,73428276360.93,1087951380640.32,44726487175.51
2024-05-08,62312.07,63020.22,60888.0,61193.03,26121.19004,1415152.0,3005.69,3038.15,2936.48,2974.21,266934.8125,830635.0,148.03,152.0,140.0,142.18,4533265.341,756740.0,6.578666666666666e-05,8.333333333333333e-05,0.0001,1202970000000.0,356750325770.7316,63646123038.30877,64.0,53.4683,15.7255,2295857550237.38,65536216914.51,1068301895924.61,39605264885.64
2024-05-09,61193.03,63429.03,60630.0,63074.01,30660.8061,1381957.0,2974.2,3059.0,2950.77,3036.23,238561.7462,686147.0,142.17,153.39,140.61,152.57,3912139.908,692980.0,5.405333333333333e-05,0.0001,7.103333333333334e-05,1240800000000.0,364450873966.0919,68226102661.058304,55.0,53.2602,15.7846,2262486691395.08,66713750869.78,1057481395112.62,40631995938.25
2024-05-10,63074.0,63469.13,60187.12,60799.99,36529.34025,1500643.0,3036.24,3053.89,2878.03,2909.99,327855.8758,891040.0,152.56,155.75,144.49,146.01,4124775.208,802880.0,4.8710000000000006e-05,8.059e-05,5.722666666666667e-05,1199430000000.0,349609099394.9157,65597926897.38264,66.0,53.3589,15.6657,2327651559053.77,63860923900.02,1085642232833.51,38400663738.68
2024-05-11,60799.99,61515.0,60487.09,60825.99,13374.56936,753281.0,2909.98,2945.67,2886.46,2912.45,138163.1087,466357.0,146.02,147.7,143.12,145.42,2017032.814,401566.0,5.906333333333333e-05,7.594999999999999e-05,6.425e-05,1198410000000.0,349669754574.91486,65235649447.341125,53.0,53.2022,15.5278,2250668759351.94,68644656075.29,1053263420217.13,40840107284.29
2024-05-12,60825.99,61888.0,60610.0,61483.99,12753.13236,727113.0,2912.45,2955.2,2901.17,2929.29,107670.6323,367990.0,145.42,147.8,142.5,143.43,1422547.627,309808.0,5.144666666666666e-05,7.180999999999999e-05,4.528e-05,1210020000000.0,351982626304.23645,64360391722.59361,56.0,53.2143,15.5392,2250568869932.33,39921264046.34,1052944397381.21,26078719577.52
2024-05-13,61484.0,63450.0,60749.21,62940.08,32733.41839,1371433.0,2929.3,2996.4,2864.76,2950.99,368664.7648,925017.0,143.42,150.88,137.78,147.54,4407929.923,766364.0,9.206666666666666e-05,8.609666666666667e-05,6.351333333333333e-05,1238720000000.0,354147364994.61346,66064074677.97224,57.0,53.4662,15.5377,2263903579689.51,35871621702.28,1053481470556.48,22069943621.42
2024-05-14,62940.09,63118.36,61142.77,61577.49,29088.72041,1127939.0,2950.99,2960.6,2862.0,2881.93,269675.3037,617845.0,147.53,149.09,141.82,142.03,3389933.371,573013.0,8.086e-05,9.088e-05,7.844333333333334e-05,1212520000000.0,346052245550.3492,63746266373.74591,66.0,53.9647,15.4299,2296221656028.04,72814513782.48,1057073511710.98,44923935480.83
2024-05-15,61577.49,66444.16,61319.47,66206.5,43559.74719,1729454.0,2881.93,3041.36,2863.75,3032.55,350254.3188,760817.0,142.03,158.88,141.21,158.52,4885274.203,749405.0,3.996e-05,9.111e-05,3.9976666666666666e-05,1305640000000.0,363811225842.9392,70827402384.28418,64.0,54.0329,15.4222,2243947967000.46,75436102137.4,1031478459924.56,47249450100.4
2024-05-16,66206.51,66752.01,64602.77,65235.21,31106.3671,1269793.0,3032.55,3041.24,2922.8,2944.7,293874.1513,575271.0,158.52,164.79,156.46,159.37,4200112.765,763259.0,3.598e-05,7.284666666666667e-05,0.0001,1285730000000.0,353304747306.58124,71426498497.80602,70.0,54.5738,15.2473,2391521965794.53,93133466995.84,1086376506125.14,53318152836.77
2024-05-17,65235.21,67451.2,65106.38,67024.0,26292.23409,1117254.0,2944.7,3120.0,2933.06,3092.01,357724.7731,754274.0,159.36,174.0,159.32,169.44,4097186.841,728905.0,1.7213333333333333e-05,6.062666666666666e-05,4.974333333333333e-05,1318990000000.0,371464833446.66187,76023815418.33093,74.0,54.5516,15.0166,2355764734038.59,81099494492.18,1070658093473.35,49540490977.56
2024-05-18,67024.0,67400.01,66600.0,66915.2,14441.25774,734067.0,3092.0,3146.98,3083.61,3122.94,199976.5456,527531.0,169.43,176.06,168.65,172.4,2874473.997,577304.0,2.616e-05,6.253e-05,4.6613333333333337e-05,1319440000000.0,375086393662.5535,77412920064.39516,73.0,54.4198,15.3105,2427531663542.14,74900615607.4,1106474412259.49,46861510418.87
2024-05-19,66915.2,67700.0,65857.25,66274.01,18025.30409,823729.0,3122.94,3136.64,3053.38,3071.19,166145.0102,470419.0,172.4,175.5,165.96,169.93,2696984.074,502213.0,4.4426666666666666e-05,6.554666666666667e-05,4.823e-05,1305320000000.0,368794080619.5132,76375003896.4905,72.0,54.2811,15.4427,2429296554607.77,51222827829.37,1110647986220.03,34521766953.78
2024-05-20,66274.0,71515.56,66060.31,71446.62,50816.7011,1930939.0,3071.2,3694.0,3047.67,3661.78,847107.8828,2226153.0,169.93,188.32,167.47,186.7,5690568.998,1057452.0,3.546e-05,5.410333333333333e-05,8.920666666666667e-05,1402730000000.0,439884690504.3802,83588137798.88672,70.0,54.5158,15.4045,2395126595314.28,50739104392.35,1089405071027.1,31485267677.82
2024-05-21,71446.62,71979.0,69162.94,70148.34,49607.4336,2137448.0,3661.79,3841.54,3624.28,3789.6,952437.2694,2204702.0,186.69,188.89,174.37,178.15,4727780.064,877587.0,0.0001017233333333,0.0001313466666666,0.0001,1383360000000.0,456106825442.5723,80012073476.37962,76.0,53.8069,16.8201,2615573718092.34,114445563764.61,1208213921018.51,70587473158.92
2024-05-22,70148.34,70666.0,68842.19,69166.62,27673.18026,1371973.0,3789.59,3813.69,3653.15,3737.73,574938.3099,1339940.0,178.15,185.0,174.96,176.95,4272900.127,850875.0,0.0001191966666666,0.00012547,0.0001,1360880000000.0,449392904402.70935,79384826280.87816,76.0,53.0587,17.4786,2604361294724.86,134744785277.27,1222522121412.41,87819131024.97
2024-05-23,69166.62,70096.12,66312.16,67969.65,40513.17374,1827855.0,3737.72,3949.29,3498.0,3783.61,1127866.076,2682768.0,176.96,181.04,165.35,176.16,5598921.63,1037830.0,0.0001,0.0001,0.0001,1334990000000.0,452517063622.6624,78963591325.07504,76.0,52.9744,17.4613,2570965883244.09,99612466656.02,1209012395991.16,66809747600.27
2024-05-24,67969.66,69250.0,66600.12,68549.99,28095.83664,1165907.0,3783.6,3829.61,3626.1,3728.28,479418.4318,1159074.0,176.15,176.15,162.5,167.7,4819660.642,856617.0,0.0001,0.0001,0.0001,1351770000000.0,447847012180.60254,75349221413.57343,74.0,52.6568,17.8632,2541932883977.79,140417302346.7,1203432417385.97,98519943359.46
2024-05-25,68549.99,69610.0,68500.0,69290.57,12130.39418,703803.0,3728.28,3779.43,3709.03,3749.26,158711.8992,503711.0,167.7,170.55,165.9,168.35,1911443.135,405433.0,0.0001,0.0001,0.0001,1365080000000.0,450259632220.9267,75628506062.18701,76.0,53.0021,17.5744,2547610708503.64,89233008495.94,1197324319329.67,60036578210.6
2024-05-26,69290.56,69562.23,68128.01,68507.67,11872.11797,722849.0,3749.25,3884.2,3731.17,3826.47,292208.2937,697286.0,168.35,168.4,161.0,163.41,3126117.989,537560.0,0.0001,0.0001,0.0001,1348610000000.0,459450986620.48975,73343898391.09886,75.0,53.0431,17.5038,2573187323023.6,53254458320.97,1208289023456.39,37781915759.36
2024-05-27,68507.67,70687.56,68250.0,69436.43,23136.92737,1219341.0,3826.47,3977.0,3823.37,3894.22,363717.6473,971964.0,163.42,172.28,163.26,170.15,3260017.055,591480.0,0.0001,0.0001,0.0001,1366440000000.0,467049922607.4872,76308399750.44272,74.0,52.7643,17.9665,2557829022721.66,58994734520.13,1208209251430.13,43362897149.22
2024-05-28,69436.43,69591.81,67277.91,68398.39,32622.97042,1459351.0,3894.21,3931.09,3773.9,3844.69,416249.8344,941338.0,170.15,173.24,164.92,168.68,3779251.343,714064.0,0.0001,0.0001073,0.0001137633333333,1346660000000.0,461919108684.3941,75837031672.01155,72.0,52.6364,17.9993,2597544972957.73,83891583207.14,1230291617993.66,58020681161.77
2024-05-29,68398.4,68935.68,67124.65,67652.42,23159.83149,1221044.0,3844.69,3888.55,3742.59,3767.43,334759.6348,883401.0,168.68,173.93,167.0,168.32,2946277.294,607907.0,0.0001085266666666,0.0001506166666666,0.00014086,1331730000000.0,452912393131.7498,77350693839.1413,72.0,52.4616,17.9817,2565726025170.29,96330445389.8,1219705658204.67,63609565596.49
2024-05-30,67652.41,69500.0,67128.0,68352.17,28478.2184,1272851.0,3767.44,3825.35,3702.58,3747.91,277034.2894,765716.0,168.32,173.0,163.55,166.88,3307767.047,592495.0,0.0001,0.0001942166666666,0.0001,1347350000000.0,450228945354.88873,76800790932.0055,73.0,52.684,17.8879,2527402129678.35,83465570885.49,1195865628906.19,56754941835.69
2024-05-31,68352.17,69044.1,66670.0,67540.01,26690.32184,1177860.0,3747.9,3849.94,3723.75,3762.29,273406.766,680329.0,166.88,170.94,163.67,165.65,2592736.388,476139.0,0.00012289,0.0001103733333333,0.0001,1327730000000.0,451182700927.6055,76097913707.79245,73.0,53.0807,17.7383,2537683768904.6,84594934988.34,1190662665350.1,55089193211.52
2024-06-01,67540.01,67900.0,67428.44,67766.85,8837.66133,638484.0,3762.29,3833.3,3752.67,3815.82,132687.2006,399377.0,165.65,167.95,165.64,166.14,1070498.928,214954.0,0.0001008333333333,0.00013899,0.00012942,1334390000000.0,458140349387.2389,76258962884.25887,72.0,52.7744,17.9248,2519825642968.84,76087028837.78,1190003737636.14,48699294243.8
2024-06-02,67766.84,68460.0,67257.47,67765.63,15426.32529,812348.0,3815.82,3838.59,3752.62,3780.91,210295.4407,579563.0,166.14,167.1,161.32,163.15,1669577.986,308808.0,0.0001,0.0001189833333333,0.00012228,1336220000000.0,454294618275.7816,75063543169.68141,73.0,52.6545,18.0782,2534191856410.43,44005482579.0,1199826812564.72,32364084413.17
2024-06-03,67765.62,70288.0,67612.48,68809.9,29633.374,1253789.0,3780.92,3849.99,3758.43,3767.06,248848.702,648868.0,163.14,167.21,161.79,164.89,2378016.532,409680.0,0.0001137833333333,0.0001377333333333,0.0001143733333333,1356500000000.0,452640610993.2842,75770636419.77048,73.0,52.8211,17.9691,2527418313923.05,60217613865.99,1192408491795.36,43111131630.05
2024-06-04,68809.89,71063.45,68567.32,70537.84,29619.78489,1254515.0,3767.07,3831.65,3730.0,3810.23,232063.7468,568514.0,164.9,171.87,164.31,171.78,2124954.015,384488.0,0.0001066933333333,0.0001026666666666,0.00015039,1390430000000.0,458017579011.95294,78884931833.86119,73.0,53.1059,17.7232,2553181907090.25,85079944489.48,1197292919082.78,52678006535.98
2024-06-05,70537.83,71758.0,70383.66,71108.0,28703.18082,1055115.0,3810.23,3887.47,3777.33,3865.99,273738.6035,645836.0,171.78,175.6,170.0,173.54,2560223.589,435543.0,0.0001320433333333,0.0001254266666666,0.0002226199999999,1400980000000.0,464166845424.93536,79757823562.97198,75.0,53.1495,17.505,2616428352349.35,83061657878.41,1225810865097.82,49911751821.01
2024-06-06,71108.0,71700.0,70117.64,70799.06,21842.00449,900226.0,3866.0,3878.6,3760.0,3813.46,237504.1905,525050.0,173.55,174.4,167.51,170.15,2116238.234,360006.0,0.0001073599999999,0.0001825933333333,0.0001906866666666,1395100000000.0,457988435856.3068,78374201514.41934,78.0,53.0347,17.5775,2641855435511.78,87137675027.71,1240754990939.52,54327933053.66
2024-06-07,70799.06,71997.02,68420.0,69355.6,35598.45045,1516415.0,3813.47,3841.39,3600.0,3678.32,362223.3594,894006.0,170.15,172.85,152.92,162.5,3538852.091,665965.0,0.0001005533333333,0.00015454,0.00014466,1366550000000.0,442138888716.5936,74746574729.79965,77.0,53.151,17.454,2624002542274.16,75183493516.51,1229320102766.18,49959742662.52
2024-06-08,69355.6,69582.2,69168.02,69310.46,9773.82967,714103.0,3678.31,3709.5,3660.08,3681.57,140550.8394,364485.0,162.51,163.78,157.37,157.83,1789882.65,338015.0,0.0001,0.0001,0.0001,1366050000000.0,442152755466.588,72798792430.43799,72.0,53.6546,17.3513,2546857535177.09,106318544773.76,1180352327062.36,70127303890.35
2024-06-09,69310.46,69857.14,69130.24,69648.14,9890.56709,575583.0,3681.58,3721.52,3666.36,3706.4,103451.102,287960.0,157.83,163.04,156.52,162.12,1444905.0,268602.0,0.0001,0.0001,0.0001,1372670000000.0,445229407740.1565,74619998477.69751,75.0,53.9207,17.4587,2533193929265.58,54597642423.12,1167278047090.25,40336273879.48
2024-06-10,69648.15,70195.94,69172.29,69540.0,17122.66941,936731.0,3706.4,3713.67,3642.74,3667.85,156363.1846,391165.0,162.12,163.18,157.46,159.05,1760276.954,349749.0,0.0001,0.0001,0.0001,1369190000000.0,440495172319.8544,73184508073.11034,72.0,53.8448,17.4654,2549432399899.93,48502937747.85,1176695026289.99,34969071176.58
2024-06-11,69540.0,69590.01,66051.0,67314.24,41436.01588,1782415.0,3667.85,3673.0,3432.0,3497.33,439568.5978,1036229.0,159.04,159.75,145.2,149.31,3646582.777,736163.0,0.0001,0.0001,0.0001,1327870000000.0,420263287553.2351,68824683053.18027,74.0,54.2512,17.4444,2525455364000.95,65904968653.08,1155366758869.47,45306122874.01
2024-06-12,67314.23,69999.0,66905.0,68263.99,37175.32356,1670745.0,3497.33,3659.01,3462.07,3560.12,387043.774,850527.0,149.31,161.84,145.44,155.22,3851856.394,801266.0,0.0001,0.0001,0.0001,1344570000000.0,427850136260.17615,71404894520.5473,72.0,54.4304,17.2395,2438116119633.84,94465545431.32,1111039086965.93,57348730816.49
2024-06-13,68263.98,68449.3,66251.78,66773.01,29079.55571,1518202.0,3560.13,3561.65,3428.0,3469.4,300230.8299,696369.0,155.21,155.21,146.03,147.29,2573289.111,552143.0,0.0001,0.0001,0.0001,1316400000000.0,416943839470.4315,68025603668.29232,70.0,54.0922,17.1993,2486779961497.64,88956117378.54,1141626914031.52,54457602506.68
2024-06-14,66773.01,67370.24,65078.0,66043.99,28408.18797,1736314.0,3469.4,3532.61,3362.26,3481.8,322316.4214,746613.0,147.29,149.0,139.67,143.05,3183461.493,606662.0,0.0001,0.0001,9.391333333333331e-05,1300630000000.0,418119475608.7145,65999777034.79665,74.0,54.3245,17.2065,2422127857891.97,73787958080.16,1106319905501.4,44833546897.47
2024-06-15,66043.99,66478.48,65857.1,66228.25,11451.80242,700886.0,3481.8,3594.39,3473.1,3568.74,246649.5894,500773.0,143.04,145.78,142.92,145.52,1346924.922,304623.0,0.0001,0.0001,0.0001,1305040000000.0,428670615630.17926,67096545440.79375,74.0,54.2257,17.4253,2399558954907.6,74939168323.35,1098380291789.19,47535297566.43
2024-06-16,66228.25,66998.7,66034.5,66676.87,9392.52223,703295.0,3568.75,3653.79,3541.05,3624.41,149839.982,417858.0,145.52,151.35,143.08,151.3,1405879.427,299425.0,0.0001,0.0001,7.730666666666668e-05,1313300000000.0,434924567547.09406,69556963706.08795,71.0,53.9242,17.7089,2419640895422.37,46672913502.3,1114868644069.85,32551435883.73
2024-06-17,66676.86,67298.81,65130.0,66504.33,27386.16851,1542620.0,3624.41,3638.37,3463.39,3511.46,337805.6402,774085.0,151.3,151.79,139.85,143.27,3412959.812,637261.0,0.0001,9.712333333333332e-05,9.053666666666668e-05,1310610000000.0,421685985056.8104,66175409261.954735,71.0,53.7876,17.8168,2442288500428.58,41936417632.67,1128640863962.18,28655075783.38
2024-06-18,66504.33,66588.23,64060.0,65175.32,42350.10244,2151711.0,3511.47,3517.2,3355.0,3483.42,449913.3014,1062807.0,143.28,143.82,127.95,137.41,6557976.71,1134962.0,9.412e-05,6.898666666666667e-05,2.9143333333333336e-05,1283600000000.0,417872969228.48834,63293331261.914925,74.0,54.5919,17.5705,2401046544002.34,79142808653.58,1090268438873.64,49134873533.74
2024-06-19,65175.32,65727.54,64666.0,64974.37,20060.79576,1078458.0,3483.42,3590.01,3465.65,3560.51,321500.0027,712501.0,137.41,141.9,134.47,135.62,3536777.468,614546.0,5.698000000000001e-05,8.707333333333333e-05,7.033e-05,1279030000000.0,435008383218.2284,62441141576.84119,64.0,54.5436,18.0881,2354546170486.31,101393273225.89,1070292678845.71,61909323400.72
2024-06-20,64974.37,66482.94,64559.15,64869.99,24265.29031,1282687.0,3560.51,3625.96,3486.0,3513.08,329117.8453,743896.0,135.62,141.29,131.9,133.55,3507680.508,659932.0,5.588666666666667e-05,6.519e-05,1.970333333333333e-05,1279430000000.0,429514901459.814,61701338094.99292,60.0,54.1107,18.3891,2366746114029.34,62963090749.42,1086083579026.94,41859667245.02
2024-06-21,64869.99,65066.66,63379.35,64143.56,25993.56442,1362617.0,3513.08,3547.55,3446.82,3518.5,342155.102,746361.0,133.55,135.38,128.76,134.6,3230074.027,631539.0,6.890666666666668e-05,4.283e-05,3.147e-05,1263440000000.0,430200492114.91895,62056761145.02425,63.0,54.2113,18.2092,2357760699876.26,69594137950.28,1079587192881.64,43951583644.91
2024-06-22,64143.56,64546.81,63943.82,64262.01,7308.95542,562832.0,3518.5,3521.19,3475.09,3495.75,115774.6157,315684.0,134.61,136.74,133.0,133.69,1399215.891,334153.0,8.048666666666667e-05,4.771666666666666e-05,4.899333333333334e-05,1266850000000.0,427504036855.55817,61726173744.445564,53.0,53.9532,18.3551,2342469133752.69,68697862970.81,1078633052023.01,42511997351.02
2024-06-23,64262.01,64521.0,63178.32,63210.01,8224.45447,592759.0,3495.76,3521.45,3406.38,3420.91,133411.4304,338679.0,133.7,135.09,128.22,128.69,1492401.231,361092.0,5.661e-05,4.965000000000001e-05,5.303333333333334e-05,1248870000000.0,418179788014.0402,59440787625.14881,55.0,54.0702,18.241,2342749758265.42,35006004201.25,1076020943731.85,25147994693.05
2024-06-24,63210.01,63369.8,58402.0,60293.3,52161.35414,2190787.0,3420.91,3435.76,3240.0,3352.73,543370.4229,1222789.0,128.68,132.66,122.0,132.33,5583497.777,1013696.0,9.007333333333334e-05,8.360666666666667e-05,5.3966666666666666e-05,1188050000000.0,409339871034.66907,60978834087.07365,51.0,54.1414,18.1702,2300610267516.85,38257668625.89,1055026842023.77,27086175078.41
2024-06-25,60293.3,62420.0,60257.06,61806.01,31189.24361,1277481.0,3352.74,3430.88,3336.76,3394.91,240036.2236,654302.0,132.34,139.9,131.2,136.58,3963661.704,777729.0,7.049333333333334e-05,0.0001,2.0696666666666664e-05,1217280000000.0,407649019137.05096,63040293107.59422,30.0,53.2762,18.0481,2230520379018.54,98106598382.2,1042183308847.3,54957968849.12
2024-06-26,61806.01,62487.81,60712.0,60864.99,22485.66463,1112152.0,3394.91,3426.75,3325.01,3371.44,206949.3418,518727.0,136.57,140.41,134.85,136.81,2503428.066,454579.0,0.0001,0.0001,0.0001,1198670000000.0,404870838737.6036,63185660733.23863,46.0,53.4598,17.8997,2279168197877.6,68632727854.96,1060728706032.28,39431273207.53
2024-06-27,60864.98,62389.22,60606.63,61706.47,18344.28631,1062176.0,3371.77,3477.0,3361.74,3450.44,201041.6609,530697.0,136.81,151.21,135.2,149.71,4450967.436,762694.0,0.0001,0.0001,0.0001,1214000000000.0,413872748801.0571,68989499524.6785,40.0,53.262,17.9861,2251209730721.5,58370640294.24,1052171456305.3,35863231519.31
2024-06-28,61706.46,62225.31,60063.0,60427.84,24821.19255,1479626.0,3450.44,3487.7,3365.22,3380.15,221634.3435,934561.0,149.71,150.84,139.01,140.03,3339031.267,646751.0,0.0001,0.0001,9.331e-05,1189060000000.0,405339837106.91766,64583784607.150375,47.0,53.0357,18.0762,2290527323716.67,59657917364.66,1075730537288.14,38426032087.25
2024-06-29,60427.84,61224.0,60383.77,60986.68,11509.55904,767669.0,3380.15,3408.32,3371.86,3378.8,88329.7651,365755.0,140.03,143.26,139.67,140.28,1468985.543,286106.0,0.0001,0.0001,0.0001,1200630000000.0,405438157991.8674,64726637402.10452,30.0,53.1088,18.1043,2239560907950.68,63114655010.51,1050157127974.11,38162004264.19
2024-06-30,60986.68,63058.76,60712.21,62772.01,17326.30136,1108912.0,3378.8,3460.0,3352.66,3438.16,141221.6185,557070.0,140.28,147.62,137.09,146.61,2086670.189,461577.0,0.0001,0.0001,0.0001,1237600000000.0,413181690050.3056,67747022170.71615,47.0,53.3678,18.0195,2249710371399.39,36085948903.29,1049089802148.86,23432854276.76
2024-07-01,62772.01,63861.76,62497.2,62899.99,24547.10538,1461508.0,3438.16,3524.94,3423.78,3442.2,224273.2122,854102.0,146.61,149.36,145.87,146.67,2280252.836,506412.0,0.0001,0.0001,8.183333333333333e-05,1239040000000.0,413159536958.3671,67682168149.41814,53.0,53.5727,17.8838,2306953889585.33,45106391467.36,1071055308385.12,27770926134.22
2024-07-02,62900.0,63288.83,61806.28,62135.47,18573.11875,1308816.0,3442.2,3464.12,3402.0,3421.35,137932.7014,623720.0,146.68,155.0,146.14,154.03,2776061.292,650428.0,0.0001,0.0001,6.778333333333333e-05,1223150000000.0,410826535999.4816,71225958512.32457,51.0,53.6054,17.8828,2311916483553.84,59822087977.38,1072604677242.91,34357798491.97
2024-07-03,62135.46,62285.94,59400.0,60208.58,32160.11127,1839372.0,3421.35,3432.1,3251.0,3295.48,310408.451,1378502.0,154.03,154.5,139.01,140.84,4189341.933,942154.0,0.0001,0.0001,0.0001,1187430000000.0,395990075516.50055,65081732185.93482,50.0,53.2311,17.8686,2297948619115.12,51160159438.45,1074724338807.69,31007766125.78
2024-07-04,60208.57,60498.19,56771.0,57050.01,54568.77276,2523236.0,3295.49,3313.45,3050.34,3059.7,450402.5692,1898898.0,140.84,142.75,127.2,127.86,5230812.158,1340234.0,0.0001,0.0001,7.949e-05,1132250000000.0,370279528851.1615,59763914923.02888,44.0,53.4547,17.8308,2219313450381.92,73488992939.08,1032985206568.2,43732703495.27
2024-07-05,57050.02,57546.0,53485.93,56628.79,81348.24756,3749255.0,3059.7,3110.0,2810.0,2981.78,886994.3753,2967124.0,127.85,136.58,121.0,134.32,7669471.231,1888690.0,7.254000000000001e-05,8.157666666666667e-05,-2.3756666666666672e-05,1118510000000.0,358931080579.74945,62263571565.96605,29.0,53.8598,17.6018,2086926699007.72,95335450955.79,962913013862.43,54167856675.48
2024-07-06,56628.79,58475.0,56018.0,58230.13,21651.31558,1411065.0,2981.79,3081.78,2955.06,3066.83,214487.9713,1055462.0,134.32,144.35,132.33,143.05,2873919.136,809402.0,5.497e-05,7.150333333333333e-05,-4.589999999999999e-06,1148840000000.0,368754788959.8036,66324703793.00565,26.0,54.0287,17.3307,2068016542791.24,131734133940.11,950693464394.9,76322060754.72
2024-07-07,58230.13,58449.46,55724.37,55857.81,19118.93918,1289229.0,3066.83,3073.08,2922.24,2931.0,179892.7612,878707.0,143.05,143.33,131.23,131.64,2590805.369,824773.0,9.388e-05,6.0893333333333335e-05,6.784e-05,1106520000000.0,352526444078.36694,61306907059.2407,29.0,53.6949,17.2341,2140034481027.61,55973691381.12,990944872272.46,35362863011.95
2024-07-08,55857.81,58236.73,54260.16,56714.62,48090.2049,2554389.0,2930.99,3097.06,2822.8,3019.01,500445.0105,2222940.0,131.64,142.0,127.77,139.81,5708358.008,1758085.0,8.709e-05,7.593333333333334e-05,4.790333333333334e-05,1117940000000.0,363062180515.0858,64702786067.6961,28.0,53.921,17.2409,2042484361089.75,54899595424.36,941155773685.87,34342592076.66
2024-07-09,56714.61,58296.0,56289.45,58050.0,27732.20788,1757693.0,3019.01,3115.2,3004.0,3066.65,280358.1424,1377129.0,139.81,144.33,136.45,141.42,3363673.606,933893.0,6.953666666666667e-05,4.837666666666666e-05,6.607333333333334e-05,1143380000000.0,368323316755.0459,65573039812.25114,27.0,53.5826,17.388,2086874335853.81,96137070559.0,968672318080.25,56371646941.93
2024-07-10,58050.0,59470.0,57157.79,57725.85,24951.73799,1766696.0,3066.65,3151.51,3024.0,3101.05,270827.0844,1296218.0,141.43,146.2,138.6,141.98,2700825.893,768227.0,8.236666666666666e-05,5.153e-05,8.382333333333333e-05,1138260000000.0,372774032895.4976,65774040363.29648,28.0,53.7796,17.3178,2127519693665.83,67761765505.45,983349126548.26,39910869018.05
2024-07-11,57725.85,59650.0,57050.0,57339.89,29761.05735,2157661.0,3101.06,3217.24,3054.76,3099.57,289229.32,1413031.0,141.99,146.1,135.64,135.73,3363094.13,946184.0,0.0001,6.180333333333334e-05,3.5906666666666666e-05,1130100000000.0,372261780810.5999,63102535695.42752,29.0,53.4371,17.4998,2130632979309.23,62508443511.16,992084150395.26,36333917439.16
2024-07-12,57339.89,58526.68,56542.47,57889.1,23652.4569,1749738.0,3099.57,3157.89,3045.58,3133.88,185745.1825,1094915.0,135.73,140.55,133.92,139.46,2929528.431,829615.0,4.480333333333334e-05,7.294666666666666e-05,4.495666666666667e-05,1140980000000.0,376299758456.4468,64567497174.09279,25.0,53.4103,17.6019,2117203596483.9,67665589952.3,986399472140.16,38957027825.05
2024-07-13,57889.09,59850.0,57756.63,59204.02,15357.74519,1114391.0,3133.89,3201.8,3113.37,3175.93,119302.4769,591291.0,139.47,143.6,137.94,141.9,1357177.621,448463.0,8.394666666666668e-05,9.194666666666669e-05,4.685666666666666e-05,1169980000000.0,382495082094.02106,65972688411.80346,25.0,53.2807,17.581,2143136663028.72,60298089500.43,1001259085370.11,34693541016.75
2024-07-14,59204.01,61420.69,59194.01,60797.91,21178.33907,1456088.0,3175.93,3268.72,3163.67,3245.08,165430.7716,792858.0,141.89,148.56,141.87,147.66,2997466.757,768260.0,6.929666666666666e-05,6.515333333333334e-05,4.7306666666666665e-05,1203230000000.0,391495458602.55743,68712354601.54523,33.0,53.4629,17.4813,2184698034864.01,44592603514.51,1016696147487.86,27510407674.36
2024-07-15,60797.91,64900.0,60632.3,64724.14,38690.9782,2600425.0,3245.2,3493.63,3233.22,3483.39,314296.8452,1617276.0,147.66,159.95,147.0,159.38,3428848.522,1139996.0,2.426e-05,6.128666666666666e-05,1.7246666666666665e-05,1276590000000.0,419311053576.0017,73982653898.29402,52.0,53.6361,17.4509,2235487391543.43,53155204337.2,1036459583373.26,30931096995.66
2024-07-16,64724.06,65388.97,62373.24,65043.99,42530.52915,2484783.0,3483.2,3498.59,3346.55,3444.13,376128.7869,1636557.0,159.37,162.49,152.57,160.62,3988105.454,1421402.0,2.156333333333333e-05,6.279e-05,4.671666666666667e-05,1284540000000.0,414358339223.32367,74708963809.07704,65.0,53.7916,17.6377,2377311440200.79,85500455679.31,1098518675845.45,47404338842.52
2024-07-17,65044.0,66128.63,63854.0,64087.99,29567.52954,1868671.0,3444.14,3517.0,3376.0,3387.05,297812.5162,1285615.0,160.62,163.8,154.68,155.5,2840583.09,971401.0,1.6633333333333326e-06,6.667e-05,8.361000000000001e-05,1266470000000.0,408037244938.40894,72288438774.58669,69.0,53.9952,17.4156,2378159542460.7,97327557230.8,1094067446522.98,55712960555.85
2024-07-18,64087.99,65133.3,63238.48,63987.92,22568.7225,1696742.0,3387.05,3489.98,3367.2,3426.5,241950.3457,1165443.0,155.5,161.6,155.07,159.22,2584704.124,901379.0,1.7873333333333334e-05,6.654666666666666e-05,8.291666666666667e-05,1262220000000.0,412493466641.0152,73945623249.70346,61.0,53.8769,17.3531,2347458349055.82,79356242246.1,1082720172074.42,46835734698.68
2024-07-19,63987.92,67386.0,63300.67,66660.0,35634.72739,2184889.0,3426.49,3540.27,3377.0,3503.53,299511.6422,1262244.0,159.22,172.42,156.07,169.13,4685513.24,1483093.0,4.496666666666666e-05,7.513333333333333e-05,7.498e-05,1316930000000.0,421680339759.111,78592740593.0944,60.0,53.8012,17.5593,2345729682270.61,69864805150.35,1083699671862.98,42626305113.97
2024-07-20,66660.01,67598.0,66222.46,67139.96,14386.92434,995093.0,3503.53,3539.65,3480.0,3517.5,147510.8165,667108.0,169.12,175.1,167.27,173.6,2047796.046,702512.0,1.6300000000000007e-06,5.437333333333333e-05,4.228e-05,1325430000000.0,423257289707.96,80769408870.92378,74.0,54.1749,17.3499,2429223937336.48,83941976631.53,1113195261201.55,46938243743.32
2024-07-21,67139.97,68366.66,65777.0,68165.34,21819.11191,1322942.0,3517.5,3547.0,3411.4,3535.92,218890.9656,961322.0,173.6,185.17,170.27,184.49,3684536.411,1188870.0,-8.243333333333335e-06,6.081666666666667e-05,8.487666666666666e-05,1342650000000.0,424455868877.7538,85568346851.54483,74.0,54.1664,17.2953,2446305800507.15,52190548965.31,1121228876830.9,33160856355.67
2024-07-22,68165.35,68474.55,66559.97,67532.01,21451.04303,1558140.0,3535.93,3562.82,3422.34,3439.6,207859.5043,1069762.0,184.49,185.0,176.71,178.9,3345609.525,1095481.0,5.9526666666666674e-05,6.812e-05,9.035e-05,1332400000000.0,413818526229.7178,83018254335.9993,70.0,54.2109,17.1398,2480571182912.81,66252880041.53,1135832316123.95,39597047765.78
2024-07-23,67532.0,67750.98,65441.08,65936.01,31406.15316,1772089.0,3439.61,3541.0,3389.0,3482.51,500568.7811,1617621.0,178.9,180.54,169.72,173.03,3895827.332,1371959.0,4.553666666666667e-05,8.935000000000002e-05,0.0001,1300500000000.0,418729326823.45966,80147214775.3418,71.0,54.6667,16.961,2438970748615.08,87254785296.84,1105666921267.7,44609015162.52
2024-07-24,65936.0,67102.01,65111.0,65376.0,23082.56277,1391053.0,3482.51,3487.82,3300.0,3335.81,275479.0506,980283.0,173.03,182.5,170.9,178.06,3845177.713,1269686.0,0.0001,7.655666666666667e-05,7.234666666666667e-05,1289430000000.0,400580072851.4344,82415917286.85031,69.0,54.1912,17.442,2400619048326.51,88025406742.96,1099694014218.37,52419066939.13
2024-07-25,65376.01,66175.49,63456.7,65799.95,35126.42934,1830360.0,3335.82,3342.5,3087.53,3175.48,494282.6398,2011527.0,178.07,179.59,165.42,171.85,4859387.428,1699682.0,0.0001,4.4613333333333335e-05,8.581666666666666e-05,1296730000000.0,381589693562.8492,79785239856.31586,68.0,54.4777,16.9395,2367659644777.78,67222812469.39,1077813690099.27,39752409319.29
2024-07-26,65799.95,68200.0,65722.63,67907.99,24244.36023,1406982.0,3175.47,3286.36,3171.0,3274.61,260237.4641,1169246.0,171.86,185.01,171.69,183.06,3030603.246,1012900.0,7.780000000000001e-05,4.033333333333333e-05,5.620333333333333e-05,1339980000000.0,394246952088.68,85063256370.68454,68.0,55.3367,16.2718,2345393393057.63,91814770075.53,1047530116630.75,53498415868.6
2024-07-27,67908.0,69399.99,66650.0,67896.5,31710.21921,1690591.0,3274.6,3327.59,3191.01,3249.01,231991.9037,1076809.0,183.07,188.33,178.11,183.92,3518852.056,1221390.0,7.892666666666666e-05,4.084e-05,5.625333333333333e-05,1343270000000.0,391289023889.6344,85794930017.23837,72.0,55.3616,16.2711,2420506209109.66,68626009679.17,1080476091870.11,38136467301.93
2024-07-28,67896.49,68318.43,67066.66,68249.88,10868.69394,821210.0,3249.0,3284.3,3198.11,3270.16,103529.8329,682428.0,183.92,186.77,181.16,184.9,1901473.957,748871.0,6.720333333333333e-05,0.0001,9.644e-05,1345150000000.0,393270203995.63873,85777973713.36674,71.0,55.4316,16.1688,2415371874133.68,72217674805.18,1076493060317.73,37522402226.97
2024-07-29,68249.88,70079.99,66428.0,66784.69,36467.29633,1952812.0,3270.16,3396.77,3258.0,3317.66,318471.5055,1484898.0,184.91,193.98,181.57,182.57,4024560.314,1320755.0,7.994666666666666e-05,9.391333333333331e-05,7.898e-05,1319460000000.0,399585554123.372,84963667486.8766,74.0,55.5999,16.2359,2422253724674.67,44175426500.64,1075483722258.15,26134701267.86
2024-07-30,66784.68,67000.0,65302.67,66188.0,23132.25441,1622083.0,3317.66,3366.4,3233.18,3279.21,197277.1641,1183239.0,182.57,184.95,175.39,179.16,3074498.493,1162904.0,4.883e-05,0.0001,9.261e-05,1306070000000.0,393946172154.4366,83258861816.03438,67.0,55.0149,16.6557,2396120180016.28,83123679325.34,1077898149034.06,42338154057.18
2024-07-31,66188.0,66849.24,64530.0,64628.0,22625.43905,1609976.0,3279.2,3350.0,3213.75,3232.74,233711.3352,1337992.0,179.16,185.1,171.61,171.71,3250862.527,1245080.0,4.689e-05,0.0001,6.619333333333333e-05,1276570000000.0,388611449914.2184,80007021956.86102,61.0,55.0068,16.6006,2374705242028.52,67083108766.82,1068455399847.01,35702179071.23
2024-08-01,64628.01,65659.78,62302.0,65354.02,35542.26854,2397257.0,3232.74,3242.57,3080.02,3203.4,323285.6105,1835455.0,171.7,172.91,157.91,167.37,5523497.615,1849971.0,9.402666666666668e-05,8.657666666666667e-05,9.763666666666668e-05,1286220000000.0,385192821278.3793,77878278256.62651,52.0,54.828,16.7058,2326133820855.18,69922216071.8,1050761143499.27,38618330504.4
2024-08-02,65354.02,65596.14,61230.01,61498.33,38820.42937,2457735.0,3203.4,3218.6,2967.0,2989.61,385704.0395,2104725.0,167.37,169.43,150.0,152.77,5553017.934,2396392.0,0.0001,6.399e-05,7.879666666666666e-05,1213800000000.0,358950212683.07715,71051245869.37196,57.0,55.334,16.5233,2329935456276.36,88361161096.01,1040688920413.21,47374172700.51
2024-08-03,61498.34,62198.22,59850.0,60697.99,28034.71567,1669555.0,2989.61,3018.02,2859.0,2903.64,344595.3157,1798017.0,152.78,154.05,140.0,142.52,5444954.693,1940755.0,8.011666666666667e-05,5.411e-05,9.291666666666668e-05,1197670000000.0,349308437824.10614,66546804053.34561,37.0,55.3128,16.3868,2191214261815.97,91751031090.08,979191855535.22,48689892622.62
2024-08-04,60697.99,61117.63,57122.77,58161.0,31616.52003,1886195.0,2903.65,2935.46,2630.0,2688.92,512064.2612,2184760.0,142.53,146.08,131.22,138.33,7037715.285,2391187.0,8.447666666666668e-05,4.210333333333333e-05,3.782333333333333e-05,1150690000000.0,324503790934.64514,64445110781.5244,34.0,55.6989,16.2359,2149874157221.39,72872986825.29,952416988294.67,41127588076.74
2024-08-05,58161.0,58305.59,49000.0,54018.81,162065.59186,7568497.0,2688.91,2697.44,2111.0,2419.59,2670604.1003,7064159.0,138.32,139.37,110.0,129.78,24267557.819,7092579.0,6.798666666666666e-05,-2.6413333333333337e-05,1.972333333333333e-05,1072510000000.0,292739455516.4519,60848124739.69438,26.0,55.924,15.7527,2051299308403.97,77898599707.53,904130800524.69,46134036012.35
2024-08-06,54018.82,57040.99,53950.0,56022.01,55884.77676,3433824.0,2419.76,2556.23,2414.19,2461.33,642283.8038,2870150.0,129.79,149.59,129.4,144.4,8362643.634,3567599.0,1.7353333333333332e-05,-4.684333333333334e-05,8.126666666666666e-06,1106160000000.0,295674174238.3305,67057766836.48161,17.0,55.8642,15.2435,1907676295786.55,246974908798.03,841967512068.77,137993021434.5
2024-08-07,56022.0,57736.05,54558.62,55134.16,44269.37684,2397504.0,2461.33,2551.32,2309.04,2342.8,630115.4228,2370148.0,144.4,155.0,142.21,144.77,8372307.587,3639741.0,-1.4493333333333334e-05,-3.1146666666666664e-05,-1.3346666666666664e-05,1088070000000.0,282159594931.82416,67625605062.010284,29.0,55.9473,14.9663,1977319473550.58,107967649668.85,871063050111.08,58662101955.46
2024-08-08,55133.76,62745.14,54730.0,61685.99,48349.52949,2603042.0,2342.79,2724.1,2320.4,2682.5,586502.8754,2112663.0,144.78,163.7,141.4,163.13,7303133.96,3235989.0,2.29e-05,-2.9656666666666667e-05,2.241e-05,1221890000000.0,323098498142.9224,75698063599.41002,20.0,56.0134,14.4989,1940974262187.04,97698170607.2,853767887819.18,56066125463.29
2024-08-09,61686.0,61744.37,59535.0,60837.99,30972.48017,1827809.0,2682.5,2707.98,2552.61,2598.78,406739.9611,1710060.0,163.12,163.54,150.72,156.28,4098735.233,1938541.0,4.008e-05,8.66e-06,2.455e-05,1198470000000.0,311832667013.4708,72660846719.93431,48.0,56.4288,14.9529,2158778820012.68,98283397437.81,940606804210.16,52984656247.94
2024-08-10,60837.99,61470.58,60242.0,60923.51,9995.20621,800499.0,2598.79,2644.7,2576.49,2609.92,171012.3619,758863.0,156.29,158.75,152.54,154.01,1885839.233,1077252.0,-2.423333333333333e-05,2.896666666666668e-06,9.366666666666665e-06,1201470000000.0,313512053026.21735,71805659374.27051,40.0,56.6073,14.7301,2122501571994.94,73806306977.2,921010817511.96,40382993423.99
2024-08-11,60923.51,61858.0,58286.73,58712.59,19189.84512,1319469.0,2609.92,2720.0,2540.0,2555.38,297098.9145,1217650.0,154.01,158.0,141.2,141.57,3468314.255,1395573.0,1.1316666666666666e-05,1.4566666666666666e-06,-8.716666666666667e-06,1161320000000.0,307759540957.2127,66053574055.23101,39.0,56.5002,14.7442,2129065315217.66,41055786152.73,926139928364.73,25308139254.68
2024-08-12,58712.59,60711.09,57642.21,59346.64,37009.91743,2293837.0,2555.38,2750.0,2510.05,2722.3,483414.2506,1915621.0,141.56,150.79,141.2,146.29,4946945.239,1945549.0,2.5526666666666667e-05,4.745666666666667e-05,3.219666666666667e-05,1172360000000.0,328193528602.75995,68366562969.4933,25.0,56.4457,14.9602,2053476248580.97,55406204698.3,894376217247.17,32646838456.63
2024-08-13,59346.64,61578.1,58392.88,60587.15,27858.95851,1713485.0,2722.3,2738.4,2611.37,2702.44,325668.6964,1547949.0,146.29,149.82,142.92,146.65,2865655.423,1243626.0,9.196666666666666e-06,-8.920000000000001e-06,4.412e-05,1194930000000.0,325030951707.21826,68477961635.49704,31.0,55.6955,15.5731,2103681579522.86,83445264713.66,932024755907.78,46370701963.89
2024-08-14,60587.16,61800.0,58433.18,58683.39,28422.76326,1729342.0,2702.44,2780.0,2632.2,2661.45,338808.7141,1503315.0,146.65,152.18,142.36,143.71,3927148.647,1172123.0,-2.663e-05,8.633333333333336e-07,1.1516666666666666e-05,1161490000000.0,320739932258.368,67227534044.86631,30.0,56.1623,15.2637,2130183445477.85,66930736870.33,933824316502.86,36604747962.98
2024-08-15,58683.39,59849.38,56078.54,57541.06,37686.17622,2507858.0,2661.45,2675.6,2515.71,2569.89,356546.8059,1761529.0,143.7,147.64,137.78,142.58,4229038.816,1687515.0,-2.776666666666667e-05,4.4936666666666666e-05,7.4233333333333314e-06,1137890000000.0,309557808310.6675,66831591686.80469,29.0,55.653,15.3764,2082894307755.6,67731750970.01,923701309086.72,37768096414.77
2024-08-16,57541.05,59817.76,57098.62,58874.6,27610.84344,1999539.0,2569.9,2630.97,2550.04,2592.73,270684.1373,1602311.0,142.58,144.88,136.1,139.04,4035320.605,1602737.0,-6.392999999999999e-05,1.4286666666666668e-05,-2.475666666666667e-05,1163250000000.0,312058538306.77747,64923991466.56098,27.0,55.7072,15.1556,2039663236575.86,75051382920.64,903424260487.38,39370223750.26
2024-08-17,58874.59,59700.0,58785.05,59491.99,7721.72931,807159.0,2592.72,2629.69,2587.5,2614.51,89348.676,543278.0,139.04,141.99,137.61,141.93,1561594.103,647642.0,1.979e-05,-1.1693333333333332e-05,6.000000000000027e-08,1172900000000.0,314191571178.75336,66055998430.73456,25.0,56.1999,15.0772,2068776806213.3,63712908469.27,906126191763.06,34364201544.97
2024-08-18,59491.99,60284.99,58408.92,58427.35,13634.85717,1099730.0,2614.51,2689.16,2594.53,2612.15,174074.0585,836384.0,141.92,147.31,140.56,142.42,2352046.743,908299.0,-1.6866666666666652e-06,-1.3553333333333331e-05,-3.951e-05,1160660000000.0,315714764956.1024,66767333605.78352,31.0,56.169,15.0426,2090410011920.08,35539366618.54,916248352227.0,21949997663.98
2024-08-19,58427.35,59617.63,57787.3,59438.5,22809.31251,1636295.0,2612.15,2648.08,2563.58,2636.36,224867.1336,1156033.0,142.42,146.19,140.33,144.29,2940357.953,1271189.0,-4.1076666666666666e-05,-1.4436666666666668e-05,2.2626666666666668e-05,1172890000000.0,316582668461.04694,67199360822.06837,28.0,55.7955,15.1917,2068731558937.02,44999813865.25,914472250922.35,27254466785.86
2024-08-20,59438.5,61400.0,58548.23,59013.8,31477.44548,1904519.0,2636.36,2695.0,2555.0,2572.82,281315.8751,1303349.0,144.28,148.83,141.0,142.27,3021467.596,1009714.0,3.7333333333333313e-07,7.333333333333331e-07,-9.76e-06,1167230000000.0,310104449628.1628,66513281503.38214,30.0,55.8055,15.0758,2104286209496.39,60162454865.44,929979525124.65,34258236066.94
2024-08-21,59013.8,61820.93,58783.47,61156.03,27983.6422,1981525.0,2572.81,2663.74,2536.22,2630.71,245286.6218,1420421.0,142.27,144.42,138.7,142.79,2519581.859,1129613.0,-2.317e-05,2.5916666666666665e-05,6.706666666666668e-06,1206930000000.0,316160382425.7335,66517022097.38202,26.0,55.6939,14.7951,2092105964420.92,68034564199.9,926929795799.89,36422944346.67
2024-08-22,61156.03,61400.0,59724.87,60375.84,21241.20588,1718280.0,2630.71,2644.69,2584.2,2622.88,199063.1196,1064195.0,142.78,144.88,140.63,143.22,1825402.718,1002758.0,-2.717333333333333e-05,1.536e-05,3.4636666666666667e-05,1192380000000.0,315554208327.92554,66816825177.23071,39.0,56.142,14.713,2151071214186.33,67910483910.16,943416131720.59,35179329838.15
2024-08-23,60375.83,64955.0,60342.14,64037.24,38118.07089,2555682.0,2622.89,2799.13,2621.4,2762.48,401786.4447,1747686.0,143.23,154.08,142.68,153.26,3781090.162,1357176.0,-1.7516666666666668e-05,4.1666666666666665e-05,1.3193333333333331e-05,1265710000000.0,332740410287.0018,71385175855.43196,34.0,55.6849,14.7384,2140944615895.16,58968878566.52,948761824867.09,31342523803.36
2024-08-24,64037.24,64494.5,63531.0,64157.01,15857.15616,1551856.0,2762.49,2820.0,2731.26,2768.0,263542.9441,1133872.0,153.27,162.3,151.97,160.67,3739086.949,1734854.0,1.633333333333333e-05,1.5666666666666685e-07,5.126333333333333e-05,1264090000000.0,332258755415.04126,74561215838.43822,56.0,56.0515,14.7318,2257815451085.0,86574458625.64,992275973365.87,44007277313.19
2024-08-25,64157.02,65000.0,63773.27,64220.0,12305.47977,1263065.0,2768.01,2792.28,2733.21,2746.13,154527.2352,1047985.0,160.67,162.0,155.25,158.92,2629083.703,1494935.0,-1.0763333333333332e-05,8.336666666666666e-06,6.141666666666666e-05,1273490000000.0,331800805191.60767,74372458774.0093,54.0,55.9653,14.7146,2264200294830.6,59245728073.15,997033302697.48,37819818023.35
2024-08-26,64219.99,64481.0,62800.0,62834.0,19470.05276,2152841.0,2746.12,2762.0,2666.66,2680.49,211708.1247,1453833.0,158.92,162.0,155.53,157.12,3318398.041,1884429.0,3.225333333333333e-05,4.720333333333333e-05,4.367333333333333e-05,1243620000000.0,323163521910.0208,73379377268.85736,55.0,56.2779,14.6547,2256397901581.43,52031370392.99,986545640636.48,33202673600.88
2024-08-27,62834.0,63212.0,58034.01,59415.0,35135.94178,2995281.0,2680.49,2699.98,2392.96,2457.33,412660.7197,1898416.0,157.12,159.69,145.03,146.79,3650375.766,1731229.0,4.099666666666667e-05,7.32e-05,6.770333333333333e-05,1175810000000.0,296097931294.3868,68650816515.76275,48.0,56.3937,14.6536,2201246509885.14,65549489892.15,959881201505.72,37867193298.83
2024-08-28,59415.0,60234.98,57860.0,59034.9,36868.54275,3664134.0,2457.33,2554.6,2418.8,2528.33,451266.634,2272721.0,146.78,149.3,140.53,143.95,4270867.034,2176364.0,-1.0756666666666666e-05,-1.8003333333333334e-05,8.973333333333333e-06,1167000000000.0,304291905057.2832,67087447930.22348,30.0,56.309,14.1802,2085987150563.27,82868246537.2,911389042011.87,43763832933.91
2024-08-29,59034.9,61166.99,58713.09,59359.01,27020.90743,2743900.0,2528.33,2595.4,2505.88,2527.61,237002.9632,1455668.0,143.96,147.36,138.05,140.0,2921816.829,1240221.0,-6.87e-06,3.21e-06,-6.691e-05,1171750000000.0,304015013008.26416,65212523044.88514,29.0,55.9813,14.6079,2082152431598.38,89070808304.89,916536463221.02,48788609376.7
2024-08-30,59359.0,59944.07,57701.1,59123.99,28519.32195,2845696.0,2527.6,2552.17,2431.14,2526.0,338379.1941,1735497.0,140.01,141.11,132.04,137.99,4038797.169,1698401.0,2.4803333333333334e-05,3.335e-05,-2.1553333333333333e-05,1167890000000.0,303969392481.4924,64391759036.954285,34.0,56.2013,14.5789,2086431434871.71,66675177391.47,913830275555.27,34449667793.78
2024-08-31,59123.99,59462.38,58744.0,58973.99,8798.409,895944.0,2525.99,2533.95,2491.92,2513.01,97946.1147,702529.0,137.99,139.23,134.49,135.35,1230210.745,591531.0,1.876333333333333e-05,7.674666666666667e-05,1.7133333333333317e-06,1164300000000.0,302363914557.35675,63042226474.33744,29.0,56.1117,14.605,2080581815978.75,68724335066.25,913132193283.25,36431527240.95
2024-09-01,58974.0,59076.59,57201.0,57301.86,20705.15741,2153180.0,2513.0,2516.28,2400.0,2425.72,223127.776,1357443.0,135.35,136.15,127.66,128.5,2928444.741,1198069.0,9.966666666666682e-07,4.651333333333333e-05,-2.1556666666666663e-05,1132520000000.0,291849130755.4431,60057127704.74258,26.0,56.2327,14.6005,2070839343078.55,31551858910.74,906351292099.32,19148331020.62
2024-09-02,57301.77,59425.69,57128.0,59132.13,22895.01461,1966119.0,2425.71,2564.83,2423.52,2538.01,262632.8385,1452334.0,128.5,135.39,126.8,134.94,3146315.554,1260396.0,-1.167e-05,2.854e-05,-3.1536666666666666e-05,1168290000000.0,305409123652.8774,63014170935.41752,26.0,56.3349,14.5343,2009407868097.39,52493141460.48,877409991808.38,27891585387.31
2024-09-03,59132.12,59809.65,57415.0,57487.73,22828.18447,2208758.0,2538.0,2553.6,2411.12,2425.29,224793.1299,1272909.0,134.95,138.13,127.15,127.54,2627381.925,1240227.0,5.322e-05,5.256333333333333e-05,1.7166666666666632e-06,1138270000000.0,293528763440.9611,59797451960.95581,26.0,56.2907,14.7232,2074078109093.68,58240498392.4,906565670712.12,31203483351.0
2024-09-04,57487.74,58519.0,55606.0,57970.9,35560.82146,3177549.0,2425.28,2490.0,2306.65,2450.71,384179.3854,2002621.0,127.54,134.98,122.6,133.64,3814059.109,1556072.0,5.9633333333333336e-06,4.259333333333333e-05,3.7216666666666666e-05,1146110000000.0,295112824351.1203,62418685124.01407,27.0,56.4435,14.4965,2010418670748.81,56374571440.89,875667916265.75,29706493254.64
2024-09-05,57970.9,58327.07,55643.65,56180.0,27806.91413,3368058.0,2450.71,2466.0,2348.04,2368.81,278549.0969,1862353.0,133.64,135.58,127.85,129.41,2762037.052,1232457.0,4.510333333333333e-05,3.371666666666666e-05,4.4346666666666673e-05,1108210000000.0,284800624151.6796,60368322226.60871,29.0,56.4743,14.5375,2027297100460.6,74639685004.29,882394269746.76,39011103546.71
2024-09-06,56180.0,57008.0,52550.0,53962.97,54447.76826,5287281.0,2368.81,2408.83,2150.55,2225.23,643027.111,2980066.0,129.4,134.29,120.0,125.05,5494252.37,2536448.0,1.2356666666666665e-05,4.1800000000000006e-05,2.8003333333333333e-05,1063330000000.0,267169599560.0344,58314200040.23735,22.0,56.1746,14.4275,1974526271998.48,62228922504.72,865343766381.1,31193162893.27
2024-09-07,53962.97,54850.0,53745.54,54160.86,16694.04774,1920923.0,2225.24,2311.27,2220.98,2273.58,219453.2076,982698.0,125.05,129.5,124.13,127.71,2111596.965,805061.0,-5.142333333333334e-05,7.853333333333333e-06,-1.3143333333333332e-05,1067850000000.0,273082374885.0225,59479665838.86826,23.0,56.0539,14.0779,1900955521605.02,99458218322.36,835395614879.01,50090502227.42
2024-09-08,54160.86,55318.0,53629.01,54869.95,16274.14779,1796092.0,2273.58,2333.58,2240.94,2297.3,192775.6493,976672.0,127.72,131.7,126.61,130.15,1971919.866,796387.0,-2.4996666666666667e-05,3.4263333333333334e-05,6.941333333333333e-05,1083530000000.0,276742097682.83514,60790190313.36132,29.0,55.7568,14.2645,1918138161150.91,44499826402.31,848645710096.39,25438415350.77
2024-09-09,54869.95,58088.0,54591.96,57042.0,32384.51737,3355912.0,2297.3,2381.41,2272.8,2359.5,321698.99,1761692.0,130.15,137.09,126.96,135.08,3664956.878,1522972.0,-6.189333333333333e-05,8.986666666666666e-06,-2.1306666666666667e-05,1128530000000.0,284204272008.22235,63117947291.79084,26.0,55.7323,14.2191,1944195134890.39,43214527636.73,860651194494.77,24946232394.53
2024-09-10,57042.01,58044.36,56386.4,57635.99,23626.78126,2843148.0,2359.51,2400.0,2320.41,2388.52,224382.1729,1210860.0,135.07,138.0,132.5,135.63,2305171.22,1208968.0,-3.361333333333333e-05,-7.143333333333334e-06,3.421333333333333e-05,1139000000000.0,287515985689.5623,63440854311.27895,33.0,56.0264,14.1167,2010843076815.53,70315200668.07,884239337904.25,35693825019.66
2024-09-11,57635.99,57981.71,55545.19,57338.0,33026.56757,4045103.0,2388.52,2389.32,2277.68,2340.55,282898.3125,1530070.0,135.64,135.91,128.2,132.42,3139383.418,1674623.0,-5.470666666666668e-05,8.306666666666666e-06,-3.490333333333333e-05,1133980000000.0,281840669833.9949,61981116603.3218,37.0,56.0596,14.1536,2031024882697.5,59090233312.37,892440781121.71,30234963435.14
2024-09-12,57338.0,58588.0,57324.0,58132.32,31074.40631,3706764.0,2340.54,2391.93,2315.39,2361.76,202611.1308,1093596.0,132.43,136.78,132.38,136.05,2273359.309,1205435.0,-1.8156666666666665e-05,2.074e-05,-7.833333333333333e-06,1148130000000.0,284254914785.7196,63733680676.9126,31.0,56.1928,13.9702,2015741646724.72,71269216639.14,883040286786.29,34215218424.41
2024-09-13,58132.31,60625.0,57632.62,60498.0,29825.23333,3378012.0,2361.75,2464.82,2337.35,2439.19,253888.616,1458878.0,136.06,139.8,131.7,139.02,2714532.025,1086185.0,-1.127e-05,4.789e-05,2.064e-05,1195810000000.0,293939691869.6684,64969531899.99684,32.0,56.1404,13.8945,2045329928450.0,64939814943.97,897072755391.74,31105897161.21
2024-09-14,60497.99,60610.45,59400.0,59993.03,12137.90901,1288784.0,2439.19,2440.6,2376.72,2417.79,122931.2302,754834.0,139.02,139.8,135.6,137.14,1396833.298,573529.0,-1.838e-05,1.8833333333333328e-06,1.214e-05,1185370000000.0,290866262845.684,64205723831.15425,50.0,56.5869,13.8969,2113952597260.69,66228812902.73,917732216401.39,33731181713.03
2024-09-15,59993.02,60395.8,58691.05,59132.0,13757.92361,1552950.0,2417.8,2430.32,2283.75,2316.1,174364.1946,1058493.0,137.15,137.95,130.43,131.37,1850456.74,769118.0,-2.9333333333333337e-07,1.073e-05,9.286666666666669e-06,1168060000000.0,279091525393.0484,61567484402.18613,51.0,56.5118,13.8743,2097498134906.21,40424402431.71,912163692337.02,23995970666.96
2024-09-16,59132.0,59210.7,57493.3,58213.99,26477.5642,3145152.0,2316.09,2335.7,2252.39,2295.68,330555.232,2102319.0,131.38,132.4,128.91,131.47,2136388.305,1104570.0,4.242666666666667e-05,-1.621e-05,1.2793333333333337e-05,1150260000000.0,276197325237.6614,61568775098.19997,39.0,56.8071,13.5637,2057410658749.32,44625319169.99,888655278465.02,26494883639.88
2024-09-17,58213.99,61320.0,57610.01,60313.99,33116.25878,3918209.0,2295.67,2393.63,2263.29,2341.8,274206.2588,1813524.0,131.47,135.55,130.12,131.54,2339845.911,1168533.0,5.255666666666666e-05,5.298333333333333e-05,4.786333333333333e-05,1190010000000.0,281241830391.209,61528727560.66641,33.0,56.7041,13.623,2027558160819.87,69121026054.71,877848736123.77,37090371574.51
2024-09-18,60313.99,61786.24,59174.8,61759.99,36087.02469,5167671.0,2341.79,2376.14,2277.34,2374.75,292917.6008,2555639.0,131.54,134.45,127.07,134.34,3309787.258,1494231.0,2.5566666666666664e-05,3.398333333333333e-05,-5.330000000000001e-06,1211140000000.0,283860992928.3342,62344085690.963066,45.0,57.1998,13.529,2083060693121.4,73883273105.33,891553130688.15,35807128780.98
2024-09-19,61759.98,63850.0,61555.0,62947.99,34332.52608,4438284.0,2374.74,2494.95,2372.6,2465.21,326746.032,2862096.0,134.34,144.04,134.27,142.89,4130435.35,1537605.0,3.511e-05,6.128e-05,5.556e-05,1244520000000.0,297059421090.1284,66781613606.59314,49.0,57.3762,13.4351,2124664753083.19,82919461803.23,905612364035.57,41911225280.91
2024-09-20,62948.0,64133.32,62350.0,63201.05,25466.37794,3969296.0,2465.21,2571.93,2437.31,2561.4,340754.5912,3241249.0,142.88,152.5,141.18,146.66,4488100.615,1794412.0,4.3683333333333336e-05,9.911333333333332e-05,0.0001,1247690000000.0,307449528245.60474,68712082295.181694,54.0,57.1765,13.6398,2175120212584.88,89480599725.66,931462717928.22,46786999973.4
2024-09-21,63201.05,63559.9,62758.0,63348.96,8375.34608,1283611.0,2561.4,2623.34,2528.97,2612.4,154757.8773,1425778.0,146.67,150.25,144.61,149.41,1916733.216,706885.0,7.624e-05,5.956333333333334e-05,8.024666666666667e-05,1251940000000.0,313470281364.7388,69989248251.36833,54.0,56.7851,14.0186,2198584340003.1,82776052273.18,950116238721.97,47600640205.03
2024-09-22,63348.97,64000.0,62357.93,63578.76,14242.19892,2145736.0,2612.4,2632.57,2524.58,2581.0,214266.3257,2067811.0,149.42,149.92,141.12,144.63,2165962.888,885013.0,7.025333333333333e-05,6.698e-05,6.522e-05,1256000000000.0,310628574513.00055,67819642074.62571,52.0,56.3715,14.1662,2221582367264.55,44991499938.85,969243722145.47,30582273153.35
2024-09-23,63578.76,64745.88,62538.75,63339.99,24078.05287,3999187.0,2580.99,2702.82,2539.49,2646.97,333282.0149,3492404.0,144.64,149.07,142.13,144.79,3226373.773,1211468.0,4.4046666666666666e-05,5.2816666666666665e-05,-4.893333333333334e-06,1251370000000.0,318674386638.4636,67841649635.46536,50.0,56.7862,14.0389,2213827759436.73,54294134911.53,956678965714.02,34107554234.11
2024-09-24,63339.99,64688.0,62700.0,64262.7,23185.04759,3870157.0,2646.98,2670.96,2591.56,2653.2,288600.0402,2730471.0,144.79,154.0,143.09,152.73,4015502.931,1369350.0,1.679e-05,4.46e-05,4.101333333333333e-05,1271290000000.0,319587259282.8504,71725345477.92032,54.0,56.2265,14.3218,2225346983560.31,78541441823.87,974112936102.81,47140765178.34
2024-09-25,64262.7,64817.99,62947.08,63152.01,17813.11168,3355531.0,2653.2,2673.5,2554.05,2579.95,220343.4293,2446589.0,152.74,153.93,147.28,147.98,2728253.346,1011746.0,1.2333333333333333e-05,3.901666666666667e-05,8.594333333333333e-05,1245970000000.0,309907674684.2605,69288564973.36304,59.0,56.2591,14.1481,2257772231906.25,74595604528.25,987570449773.34,44658121088.13
2024-09-26,63152.01,65839.0,62670.0,65173.99,28373.30593,4361333.0,2580.09,2666.22,2559.2,2632.26,278686.3573,2897463.0,147.97,158.05,146.57,155.55,4251220.763,1235687.0,5.965333333333333e-05,8.537333333333333e-05,6.771e-05,1285470000000.0,316518093029.7483,72792225185.7383,50.0,56.2726,14.0033,2216998201365.29,65767791465.29,969436363167.06,40688882516.35
2024-09-27,65173.99,66498.0,64819.9,65769.95,22048.80487,3498529.0,2632.25,2728.6,2615.21,2694.43,281826.9792,2599262.0,155.54,161.43,153.89,157.64,3725660.998,1260105.0,6.332333333333334e-05,7.865e-05,6.993666666666667e-05,1299530000000.0,324762693488.61633,73935776900.63387,61.0,56.3878,13.8718,2284040590283.76,86584923851.3,996119711759.32,49711960142.53
2024-09-28,65769.95,66260.0,65422.23,65858.0,9127.23316,1341703.0,2694.43,2704.35,2650.0,2675.21,137230.0342,1192804.0,157.63,159.43,155.0,156.75,1580834.341,704766.0,5.056333333333334e-05,7.797666666666667e-05,9.933333333333333e-05,1299610000000.0,321935193379.6911,73404843189.79556,64.0,56.1325,14.0093,2315963922823.78,79968173618.25,1015954401095.65,47907636477.16
2024-09-29,65858.0,66076.12,65432.0,65602.01,8337.74111,1413449.0,2675.21,2683.7,2629.73,2657.62,160554.3146,1417045.0,156.75,161.78,155.09,158.46,2350658.476,1021753.0,3.702e-05,6.317999999999999e-05,9.771333333333334e-05,1296620000000.0,319723816990.84015,74312581780.90839,63.0,56.3107,13.9374,2312128500905.48,50097117212.17,1010152362788.38,34853152926.23
2024-09-30,65602.01,65618.8,62856.3,63327.59,30011.08752,3978584.0,2657.62,2663.5,2575.0,2602.23,282475.7961,2684395.0,158.47,159.77,151.73,152.49,3240682.206,1706379.0,7.005333333333334e-05,8.260333333333333e-05,0.0001,1250060000000.0,312501390326.3073,71636336697.86488,61.0,56.2292,13.8767,2306181620068.54,50991304060.36,1009433247439.83,36200239286.42
2024-10-01,63327.6,64130.63,60164.0,60805.78,43671.48108,5607069.0,2602.24,2659.0,2414.0,2447.79,502828.6804,4525442.0,152.51,157.34,142.29,145.13,4991241.419,2123355.0,0.0001,9.465666666666668e-05,0.0001,1202630000000.0,294880723026.1728,67907610459.92199,50.0,56.1202,14.0489,2229803903919.32,83851176981.74,978433373115.53,46737135849.9
2024-10-02,60804.92,62390.31,60000.0,60649.28,31534.70118,5313210.0,2447.78,2499.0,2352.0,2364.1,317484.735,4299369.0,145.12,148.96,138.61,140.18,3817606.119,2440923.0,7.744e-05,8.953e-05,6.106e-05,1199260000000.0,285044487160.37213,65895257668.32641,42.0,56.2534,13.793,2136953003242.0,115557490185.56,934844238002.2,65335622307.28
2024-10-03,60649.27,61477.19,59828.11,60752.71,26221.43472,5244004.0,2364.09,2403.38,2310.0,2349.8,314635.9263,4096011.0,140.18,142.96,133.11,136.82,3742347.845,2544894.0,4.3723333333333335e-05,3.721e-05,1.6213333333333333e-05,1200850000000.0,282810345144.2385,64019751184.16829,37.0,56.7689,13.4844,2110770733745.94,92194673765.61,912509473866.12,51431199068.29
2024-10-04,60752.72,62484.85,60459.9,62086.0,21294.65994,3798631.0,2349.8,2441.64,2339.15,2414.41,239383.017,2556302.0,136.81,144.55,135.95,143.24,3120151.953,1282445.0,3.153e-05,4.259e-05,-2.3333333333333327e-06,1226320000000.0,290712680716.81287,66964575627.16702,41.0,56.9929,13.4261,2106577056233.18,83022148305.14,905977702478.71,46913417026.48
2024-10-05,62086.0,62370.56,61689.26,62058.0,7807.46141,1183175.0,2414.41,2428.23,2390.05,2414.66,103740.2316,1147501.0,143.24,144.93,141.06,142.59,1475217.816,714484.0,1.1766666666666667e-06,7.789e-05,5.256333333333333e-05,1225920000000.0,290621281106.65814,66796852075.0883,49.0,56.8438,13.4695,2157919831897.52,69968058267.29,931276912766.89,40381700490.08
2024-10-06,62058.01,62975.0,61798.97,62819.91,8906.86177,1556553.0,2414.66,2457.8,2407.0,2440.03,105752.7096,1097106.0,142.59,146.75,142.0,146.48,1409071.4,763554.0,2.68e-05,5.866333333333333e-05,7.835666666666667e-05,1240950000000.0,293535368586.3768,68554811502.782326,50.0,56.8935,13.4821,2156377087100.65,39134337819.86,929539176111.19,25829307356.56
2024-10-07,62819.91,64478.19,62128.0,62224.0,25966.1852,4809342.0,2440.02,2521.0,2403.0,2422.71,300459.5407,3081333.0,146.47,152.4,143.5,143.96,3607754.951,1768564.0,1.9326666666666662e-05,5.076666666666667e-05,4.019666666666667e-05,1233600000000.0,292105411807.51746,67751641200.18373,50.0,56.828,13.4436,2184731052744.7,41910520986.21,943191217263.24,27133882328.25
2024-10-08,62224.01,63200.0,61860.31,62160.49,19702.22371,3798438.0,2422.7,2466.66,2401.18,2440.89,201358.3312,2240640.0,143.97,145.6,141.17,143.49,2153828.153,1304792.0,4.505333333333333e-05,8.323e-05,2.496666666666667e-05,1227900000000.0,293675663146.59265,67213121383.93331,49.0,56.7962,13.4655,2165360275189.33,82089206773.05,935518584032.36,47829746798.11
2024-10-09,62160.5,62543.75,60301.0,60636.02,20011.15684,3668363.0,2440.88,2473.61,2351.42,2370.47,242082.2725,2569883.0,143.5,145.34,138.66,139.33,2071518.061,1265373.0,7.692333333333333e-05,7.88e-05,2.390333333333333e-05,1198060000000.0,284959290817.37445,65369323458.25169,49.0,56.7049,13.5622,2165508168659.59,69453100745.22,937558059095.09,41321196182.77
2024-10-10,60636.01,61321.68,58946.0,60326.39,23967.92481,3872577.0,2370.47,2421.36,2330.66,2386.49,257862.9619,2734517.0,139.33,140.92,135.52,139.03,2289782.907,1253504.0,4.540666666666667e-05,8.887666666666668e-05,3.813666666666667e-05,1190300000000.0,286759996624.8332,65137629158.9882,39.0,56.6185,13.4797,2114888906888.61,67754785718.21,917469876019.94,40083283975.9
2024-10-11,60326.4,63417.56,60087.64,62540.0,23641.35209,3222180.0,2386.49,2471.45,2381.86,2439.5,235441.2197,1913115.0,139.04,146.62,138.68,145.53,2269088.918,1028243.0,1.5900000000000009e-06,8.483666666666667e-05,-1.8333333333333333e-05,1234630000000.0,293450266331.4725,68296679525.592415,32.0,56.4506,13.5975,2110603716102.6,69535965779.63,919154967092.11,39082751156.3
2024-10-12,62539.99,63480.0,62487.23,63206.22,10911.30116,1770837.0,2439.49,2490.51,2434.35,2476.4,139637.5062,1058123.0,145.52,147.32,144.71,146.4,1347679.548,587595.0,3.5776666666666666e-05,7.265e-05,-3.550000000000003e-06,1249290000000.0,298334795251.7933,68826686937.86089,49.0,56.7188,13.4764,2177354952137.5,66984621163.97,942385045934.16,36653394833.67
2024-10-13,63206.23,63285.72,62050.0,62870.02,11909.21995,2242529.0,2476.4,2484.92,2436.4,2468.91,120022.8179,1032905.0,146.39,148.86,144.45,147.74,1599054.833,827089.0,2.0896666666666663e-05,4.549666666666666e-05,3.951333333333333e-05,1240560000000.0,296758798235.2238,69192945529.62746,50.0,56.6981,13.5309,2203077262237.06,46712687173.65,953974899085.73,29969557278.05
2024-10-14,62870.02,66500.0,62457.81,66083.99,37669.95222,4977577.0,2468.92,2654.0,2443.39,2629.79,435900.1619,2715025.0,147.74,158.1,146.8,157.59,3987055.145,1744075.0,8.476333333333334e-05,8.853000000000001e-05,5.388666666666667e-05,1306410000000.0,316720189253.7488,73918853274.37834,48.0,56.6712,13.5507,2192108898362.88,48214149945.94,949814864571.85,30035334766.26
2024-10-15,66084.0,67950.0,64800.01,67074.14,43683.95423,6245619.0,2629.79,2688.6,2537.36,2607.41,416285.6663,3306565.0,157.59,159.73,150.3,154.76,4480025.111,2210459.0,0.0001,0.0001,0.0001,1323130000000.0,313063867728.61444,72486658225.39719,65.0,56.8389,13.7769,2297371509584.36,94910845937.04,991571893827.47,51204124670.78
2024-10-16,67074.14,68424.0,66750.49,67620.01,29938.25544,5109685.0,2607.41,2647.79,2588.67,2611.1,260322.4242,2813136.0,154.76,158.41,153.0,154.28,2851816.35,1710126.0,8.941666666666668e-05,0.0001,6.311666666666666e-05,1337570000000.0,314445197021.28906,72499675638.5002,73.0,57.4001,13.5891,2309078971392.39,107860187482.33,983666214975.19,58995382524.85
2024-10-17,67620.0,67939.4,66666.0,67421.78,25328.22861,3981960.0,2611.1,2648.37,2575.4,2605.8,221624.5434,2543113.0,154.28,155.73,147.66,150.5,2664809.948,1329012.0,0.0001,0.0001,8.161333333333334e-05,1331180000000.0,313394685702.6456,70631777170.21829,71.0,57.6043,13.5466,2320316457139.61,83302455868.67,983713831457.63,45106504181.64
2024-10-18,67421.78,69000.0,67192.36,68428.0,28725.635,4010969.0,2605.79,2675.58,2596.49,2642.17,292444.1153,2835054.0,150.5,156.65,149.56,154.94,1829394.118,1063679.0,0.0001,0.0001,6.980333333333333e-05,1352020000000.0,317996890899.2264,72758005822.40285,73.0,57.7655,13.593,2307153529591.12,72531164513.99,974414850703.97,39730368407.36
2024-10-19,68427.99,68693.26,68010.0,68378.0,8193.66737,1152428.0,2642.17,2663.49,2631.02,2648.2,105413.7646,1145594.0,154.93,159.85,153.45,159.79,1724504.166,678270.0,0.0001,0.0001,5.484e-05,1351410000000.0,318992244883.1548,74949074443.4125,72.0,57.7025,13.5665,2344156786785.66,77926074159.8,991520336495.22,41076698945.61
2024-10-20,68377.99,69400.0,68100.0,69031.99,12442.47378,1563795.0,2648.2,2759.0,2635.54,2746.91,256910.7448,2274845.0,159.79,167.94,157.58,167.4,3094698.825,1326223.0,0.0001,0.0001,7.304333333333333e-05,1364380000000.0,330599894139.8642,78518396743.18443,73.0,57.5791,13.5845,2347331543282.18,42781991001.28,995758437185.82,28338168657.27
2024-10-21,69032.0,69519.52,66840.67,67377.5,31374.42184,3686777.0,2746.91,2769.48,2655.01,2666.7,310674.7232,2526347.0,167.4,171.76,160.99,166.17,4807758.742,2074468.0,0.0001,0.0001,0.0001,1333340000000.0,321118073294.38354,78232225104.91313,72.0,57.198,13.8614,2385197146408.51,59020517699.49,1020911630405.54,40052079409.18
2024-10-22,67377.5,67836.01,66571.42,67426.0,24598.96268,3669291.0,2666.71,2671.92,2606.56,2622.81,265747.713,2153796.0,166.16,170.99,162.99,167.59,4115685.502,1526765.0,0.0001,0.0001,0.0001,1333090000000.0,315819972253.4347,78747369583.0714,70.0,57.0998,13.7594,2332371897529.42,85994754374.6,1000592569593.47,48497894551.14
2024-10-23,67426.01,67472.83,65260.0,66668.65,25530.2407,3807365.0,2622.81,2628.2,2450.0,2524.61,352647.7086,2642127.0,167.6,174.3,164.13,170.85,4509792.292,2198916.0,0.0001,0.0001,0.0001,1317720000000.0,303592857983.4071,80478044820.9855,71.0,57.3079,13.5733,2324261428376.11,75808949173.77,992276129806.7,44001319905.8
2024-10-24,66668.65,68850.0,66510.0,68198.28,22589.83877,3797462.0,2524.6,2562.65,2507.31,2535.82,290851.7842,2252562.0,170.86,179.3,170.5,177.19,3893052.12,1905295.0,0.0001,0.0001,0.0001,1347090000000.0,304855657771.0415,83312005185.57683,69.0,57.5139,13.2601,2291131104177.58,79420720703.49,973411442229.58,46999869631.33
2024-10-25,68198.27,68771.49,65596.29,66698.33,34479.71125,5332593.0,2535.82,2566.33,2382.59,2440.62,514799.8822,3741205.0,177.19,177.6,159.12,164.9,5718307.066,2802265.0,0.0001,0.0001,7.72e-05,1310160000000.0,290781092108.9892,76856628613.86,72.0,57.7814,13.0822,2332504889688.17,75114637983.59,984750743772.08,43698882324.45
2024-10-26,66698.32,67454.55,66439.9,67092.76,11842.9077,2373501.0,2440.63,2508.0,2430.12,2482.51,248724.8313,1985542.0,164.91,173.25,162.43,170.88,3010702.796,1497920.0,7.441333333333333e-05,0.0001,7.039e-05,1325250000000.0,298655345462.1969,80246633644.52336,,58.3698,13.0023,2256518029813.26,100281080763.84,939393968711.37,58808238234.87
2024-10-27,67092.76,68332.05,66913.73,68021.7,8653.19592,1771989.0,2482.51,2527.99,2464.13,2507.8,137580.8836,1337190.0,170.87,178.27,170.26,176.63,2606131.771,1472999.0,9.908e-05,0.0001,4.3723333333333335e-05,1344600000000.0,302020887542.47394,83165541844.52628,74.0,58.1199,13.0949,2280149860475.13,56721880610.26,954929937023.46,37157128266.3
2024-10-28,68021.69,70270.0,67618.0,69962.21,29046.75459,4432446.0,2507.8,2589.67,2471.67,2567.48,360605.327,2847523.0,176.63,179.8,172.45,178.29,3877330.221,2015079.0,9.457e-05,0.0001,6.996e-05,1381460000000.0,308971841236.7553,83822770453.82446,72.0,58.1475,13.0596,2310213765382.02,45717624593.94,966881770132.94,28995142147.97
2024-10-29,69962.21,73620.12,69760.0,72736.42,50128.60594,5645430.0,2567.49,2681.86,2561.2,2638.8,451915.7025,3690029.0,178.28,183.38,176.41,179.42,4046109.939,2186480.0,0.0001,0.0001,0.0001,1437190000000.0,317289082193.0026,84250174804.8949,72.0,58.4768,13.0673,2364036805535.51,87291939750.03,981623907863.09,48492226446.9
2024-10-30,72736.41,72961.0,71436.0,72344.74,26885.99056,4040734.0,2638.8,2722.3,2599.66,2659.19,460627.126,3700127.0,179.43,181.36,173.01,174.87,2893112.751,1693721.0,0.0001,0.0001,0.0001,1432700000000.0,320381211350.3736,82458300653.38704,77.0,58.874,13.004,2442274861588.49,113292026883.57,1004408917995.32,54747101019.18
2024-10-31,72344.75,72700.0,69685.76,70292.01,29352.10297,4525542.0,2659.19,2669.0,2503.0,2518.61,403427.2017,3391343.0,174.87,176.56,167.56,168.69,2661529.298,1555163.0,0.0001,0.0001,0.0001,1391550000000.0,303157280934.12604,79400714251.66664,77.0,58.85,13.1654,2430682184963.43,89825655386.71,1000225408619.87,49181163505.21
2024-11-01,70292.01,71632.95,68820.14,69496.01,38301.86755,4569271.0,2518.61,2586.8,2467.67,2511.49,430249.1073,3614843.0,168.69,174.0,163.43,166.1,3325662.447,2057625.0,0.0001,0.0001,0.0001,1374110000000.0,302523515898.81696,78119412847.98064,75.0,59.0453,12.8811,2351531452195.02,87209654078.96,963062473782.94,46581742002.73
2024-11-02,69496.0,69914.37,69000.14,69374.74,10521.67243,1603561.0,2511.49,2523.45,2470.0,2494.23,145961.13,1228028.0,166.11,168.61,162.11,166.17,1603273.603,985042.0,0.0001,0.0001,7.699999999999999e-05,1369360000000.0,299683216030.0076,78005112509.27515,72.0,58.9304,12.9713,2331728462827.88,97906599389.8,957632155731.44,47916082189.6
2024-11-03,69374.74,69391.0,67478.73,68775.99,24995.70243,3668029.0,2494.23,2496.39,2411.0,2457.73,276009.1197,2569553.0,166.16,166.61,157.82,162.53,2745309.829,1259979.0,0.0001,0.0001,5.078333333333333e-05,1359520000000.0,295559999346.4496,76469012638.78893,74.0,59.0963,12.934,2319882521470.87,46462654022.78,948916735859.85,28276089719.26
2024-11-04,68775.99,69500.0,66835.0,67850.01,29800.39187,5377048.0,2457.73,2491.39,2357.59,2398.21,306316.9645,3066552.0,162.52,165.04,155.11,157.95,3019251.325,1767941.0,0.0001,0.0001,5.919666666666666e-05,1340490000000.0,288589862212.7695,74231396599.08035,70.0,59.3318,12.9074,2291490609534.01,75138196433.71,931908835192.04,40272340037.82
2024-11-05,67850.01,70577.91,67476.63,69372.01,33355.06888,4955644.0,2398.21,2480.0,2380.74,2422.55,331619.2545,2878817.0,157.95,169.3,156.86,166.62,3438156.871,1606290.0,0.0001,0.0001,3.6983333333333336e-05,1375310000000.0,292485053033.92065,78578794357.12128,70.0,59.4298,12.7905,2256274212685.71,83405813335.08,915374445531.42,42218615943.55
2024-11-06,69372.01,76400.0,69298.0,75571.99,104126.994787,8434184.0,2422.6,2744.7,2420.3,2721.87,1002141.3618,5557031.0,166.63,190.01,166.4,186.59,10385235.992,3093254.0,0.0001,9.837e-05,6.0360000000000005e-05,1497130000000.0,327893613456.6362,88257656259.50748,70.0,59.3953,12.6294,2309804334194.16,90880961605.68,937889538179.64,44821920994.68
2024-11-07,75571.99,76849.99,74416.0,75857.89,44869.422345,5207722.0,2721.88,2916.11,2699.49,2895.47,730845.9524,5380366.0,186.59,197.84,185.84,196.35,4210329.82,2196009.0,0.0001,0.0001162833333333,0.0001,1502630000000.0,348236785234.66,92229422766.75735,77.0,59.3914,13.0237,2518854265967.66,222983220758.89,1022871886560.02,104389298537.61
2024-11-08,75857.89,77199.99,75555.0,76509.78,36521.099583,4877489.0,2895.47,2981.69,2886.4,2961.75,568864.435,4290252.0,196.36,205.0,195.64,199.85,5129244.188,2638632.0,0.0001,0.0001,0.0001,1513260000000.0,356473204842.87726,94062833390.52711,75.0,59.9458,13.9242,2504380105336.88,139745495385.64,1003109846878.75,76278567464.52
2024-11-09,76509.78,76900.0,75714.66,76677.46,16942.07915,2585264.0,2961.75,3157.4,2953.71,3126.21,526719.4212,3681905.0,199.86,203.45,194.86,199.89,2833304.996,1495027.0,0.0001,0.0001,0.0001,1519060000000.0,378117605355.8424,94839927660.3463,75.0,58.5569,13.7982,2585834661831.96,130499317033.6,1071649245490.75,75324227893.55
2024-11-10,76677.46,81500.0,76492.0,80370.01,61830.100435,7128598.0,3126.2,3248.52,3069.0,3183.21,865536.7322,6072418.0,199.89,215.27,198.68,210.07,7968628.23,3972272.0,0.0001657199999999,0.0001556933333333,0.00023682,1590500000000.0,383847446050.59406,99106345791.68776,78.0,57.6367,14.3101,2633943829411.79,101921587558.6,1115824565662.48,72903600152.55
2024-11-11,80370.01,89530.54,80216.01,88647.99,82323.665776,9348890.0,3183.2,3387.61,3105.0,3371.59,1000093.9664,7802397.0,210.07,224.0,204.16,222.13,8935306.968,4568795.0,0.0001895933333333,0.0002169466666666,0.0002270733333333,1757700000000.0,405854576069.8764,104974785029.26404,76.0,58.4617,14.1083,2722276314514.16,219211722905.84,1130786895962.86,136647987541.4
2024-11-12,88648.0,89940.0,85072.0,87952.01,97299.887911,11499058.0,3371.59,3442.5,3207.67,3243.8,973215.7285,7073014.0,222.12,225.21,204.71,211.64,9001990.659,5190083.0,0.0004387466666666,0.00040436,0.0004284033333333,1741690000000.0,391995447684.6928,100394631594.32176,80.0,58.7924,13.6176,2985151619830.18,280407001794.18,1230110802228.96,162431698023.03
2024-11-13,87952.0,93265.64,86127.99,90375.2,86763.854127,11962100.0,3243.79,3331.0,3116.69,3187.16,919686.3747,9753402.0,211.63,220.44,200.67,215.13,10834052.799,6265437.0,0.0001498566666666,0.0002001899999999,0.0002525833333333,1787630000000.0,384260552647.94,101464761159.78804,84.0,59.1519,13.2846,2942242979132.74,333939286102.43,1201849345244.98,200280891668.67
2024-11-14,90375.21,91790.0,86668.21,87325.59,56729.51086,9828858.0,3187.16,3240.4,3028.56,3058.82,605780.6662,6204964.0,215.14,222.8,206.78,209.57,7458523.708,4182236.0,0.0001,0.0001019333333333,0.00017742,1725060000000.0,368063065032.7521,98633728953.62274,88.0,59.9668,12.8699,2986605300921.9,311292374594.49,1195632715066.6,187736617214.05
2024-11-15,87325.59,91850.0,87073.38,91032.07,47927.95068,8009111.0,3058.81,3131.06,3014.5,3090.01,519623.6317,6118576.0,209.57,220.5,204.48,218.45,5271091.924,3372136.0,0.0001032566666666,0.0001208033333333,0.0001,1802940000000.0,372999990930.6117,103450842807.7802,80.0,59.7018,12.7348,2893265721238.15,235694371502.32,1165932797288.55,148082097818.17
2024-11-16,91032.08,91779.66,90056.17,90586.92,22717.87689,4239455.0,3090.01,3219.97,3072.0,3132.87,423639.1573,5079843.0,218.44,221.99,213.35,215.71,4204469.3,2296856.0,0.00011077,0.0001318866666666,0.0001657366666666,1791680000000.0,377444693880.1429,101880237011.91946,86.0,59.8262,12.3576,3010795419540.48,200300090611.36,1209550848011.51,122060456103.8
2024-11-17,90587.98,91449.99,88722.0,89855.99,23867.55609,4930719.0,3132.88,3162.11,3034.99,3076.0,449818.9575,5832635.0,215.72,242.33,212.1,237.47,8433424.204,3010544.0,0.00012114,0.0001322833333333,0.0002538166666666,1775210000000.0,369716399850.4484,111848609785.93022,90.0,58.9781,12.4214,3037660380460.84,164930220643.88,1246106327265.67,120628364145.28
2024-11-18,89855.98,92594.0,89376.9,90464.08,46545.03448,7161125.0,3075.99,3224.94,3050.01,3207.8,640658.4357,6541040.0,237.47,248.44,234.01,239.79,7485850.361,3957941.0,0.0002258933333333,0.0002375933333333,0.0002080733333333,1792160000000.0,384013892762.1376,113426925977.64888,83.0,58.99,12.2915,3013295825375.71,163656874217.17,1235753731411.41,117305544358.98
2024-11-19,90464.07,93905.51,90357.0,92310.79,43660.04682,5647789.0,3207.81,3221.2,3065.4,3107.44,500112.0194,5163295.0,239.79,247.5,233.4,237.63,5595613.402,3110191.0,0.0002326033333333,0.0002568166666666,0.0001794866666666,1825170000000.0,374734558905.42175,112729689134.8744,90.0,58.3852,12.5951,3067134588352.3,198877120789.96,1276381742209.37,123304285826.72
2024-11-20,92310.8,94831.97,91500.0,94286.56,42203.198712,7365987.0,3107.45,3159.2,3029.41,3069.97,503607.8336,6338828.0,237.64,242.54,230.37,235.48,5472203.476,2032597.0,0.0001,0.00016831,0.0001,1862930000000.0,370118590042.61786,112082534348.70934,83.0,59.2093,12.1399,3086246487333.64,180916284295.85,1258902312054.06,106395939458.24
2024-11-21,94286.56,98988.0,94040.0,98317.12,69228.360477,9048605.0,3069.97,3386.73,3032.59,3355.81,974923.3035,8227428.0,235.48,259.8,229.6,256.37,8595939.994,4031098.0,0.0001,0.00013382,0.0001,1949740000000.0,405274140554.1141,121972174978.6082,82.0,60.0869,11.9088,3106477817930.27,176093678179.13,1239891016262.2,104360039619.21
2024-11-22,98317.12,99588.01,97122.11,98892.0,46189.309243,7271311.0,3355.88,3425.92,3257.54,3327.78,603273.7093,7141711.0,256.38,264.39,251.47,256.9,5155181.905,2948004.0,0.0001,0.0002850133333333,0.0002785266666666,1957560000000.0,400466809725.34406,121562153436.84952,94.0,59.6425,12.3856,3266768156800.32,246628621638.45,1318385961529.24,140600661897.7
2024-11-23,98892.0,98908.85,97136.0,97672.4,24757.84367,3839138.0,3327.78,3497.51,3312.72,3393.91,721024.0009,6790558.0,256.9,264.0,252.69,254.89,4836783.227,2659103.0,0.0001,0.0002822233333333,0.0002150766666666,1933240000000.0,409139980536.3945,120898787447.8634,93.0,59.0591,12.0963,3316915399425.73,214064299641.84,1357975161063.4,135593595382.12
2024-11-24,97672.4,98564.0,95734.77,97900.04,31200.97838,4964720.0,3393.91,3450.0,3281.4,3361.2,479098.0921,5919258.0,254.9,259.78,240.93,252.73,3665245.812,2627402.0,0.0001645866666666,0.0002599866666666,0.00025536,1938690000000.0,405110974033.5916,120333593907.30592,80.0,58.0248,12.2711,3334036945276.56,217655597975.19,1399467520279.14,173241044219.38
2024-11-25,97900.05,98871.8,92600.19,93010.01,50847.45096,8289691.0,3361.21,3546.66,3300.01,3414.49,949330.37,9876856.0,252.74,256.7,231.21,234.18,4699636.317,2322351.0,0.00018756,0.0002433033333333,0.0001493933333333,1846970000000.0,413066275309.5,111715819134.72908,82.0,58.0154,12.1259,3340351384919.09,200087860671.33,1402431595655.98,148371650022.81
2024-11-26,93010.01,94973.37,90791.1,91965.16,57858.73138,10225809.0,3414.49,3462.49,3252.0,3324.73,672367.1503,7269605.0,234.18,239.66,221.8,230.69,5012621.456,2836351.0,0.0002314566666666,0.0001831333333333,0.0001,1817980000000.0,400373850710.22687,109487901546.16045,79.0,57.3123,12.7955,3213127046331.37,239757942129.01,1371609197127.79,158850379162.08
2024-11-27,91965.16,97208.21,91792.14,95863.11,41153.42734,6648690.0,3324.74,3684.92,3302.4,3653.28,754573.6485,6392173.0,230.69,243.33,227.51,241.96,3807284.297,2039178.0,0.0001933333333333,0.00019223,0.0001,1899420000000.0,441899397095.35376,115043406996.6516,75.0,57.3579,12.6244,3172467328924.79,225248765213.47,1352807751101.58,133627534112.71
2024-11-28,95863.11,96564.0,94640.0,95643.98,28814.54357,4988161.0,3653.27,3661.92,3529.76,3578.79,560976.425,5393261.0,241.96,245.28,232.8,237.59,2694033.06,1578431.0,0.0001206166666666,0.0001413933333333,0.0001,1894480000000.0,431665489704.0188,112902254461.4884,77.0,56.9557,13.2112,3333668213375.94,198431982649.16,1434954905605.73,127295783494.27
2024-11-29,95643.99,98619.99,95364.99,97460.0,27701.78231,5094070.0,3578.8,3647.98,3534.28,3592.21,425493.2449,4240304.0,237.58,246.77,236.55,243.33,2890806.079,1929299.0,0.0001809566666666,0.0001178466666666,0.0001,1927400000000.0,433043067177.2505,115743017048.77492,78.0,56.9642,12.973,3323287594018.09,158595961980.78,1430201953522.43,106336430160.46
2024-11-30,97460.0,97463.95,96092.01,96407.99,14503.83306,3354759.0,3592.22,3738.98,3568.4,3703.6,503684.7485,4641849.0,243.33,245.4,237.5,237.6,2279256.816,1597288.0,0.0001265733333333,0.0001808733333333,0.0001,1908930000000.0,447210445391.72296,113101635389.31207,84.0,56.7302,12.7286,3400297194886.94,166450714186.02,1471303443110.87,111480960166.98
2024-12-01,96407.99,97836.0,95693.88,97185.18,16938.60452,3342200.0,3703.59,3746.8,3659.2,3707.61,429089.2633,3667910.0,237.6,239.89,234.1,236.8,2435872.954,1318224.0,0.0001516066666666,0.0001355466666666,0.0001439366666666,1928890000000.0,447562959326.3833,113047251162.78165,81.0,55.9609,13.0859,3411190371140.16,150960273480.18,1502258013121.99,119325147227.59
2024-12-02,97185.17,98130.0,94395.0,95840.62,37958.66981,7560103.0,3707.61,3760.0,3554.32,3643.42,737130.569,6825848.0,236.79,238.2,220.0,225.72,5868060.275,3614201.0,0.00021223,0.0003127466666666,0.00029959,1894440000000.0,438054446992.7284,107005940572.55072,80.0,55.5257,12.8918,3466836003440.1,162612250061.35,1541850394493.5,126015578820.96
2024-12-03,95840.61,96305.52,93578.17,95849.69,35827.32283,5361712.0,3643.43,3670.0,3500.0,3614.51,678400.2032,5200407.0,225.73,239.6,215.0,233.92,6918604.728,3078327.0,0.0001655233333333,0.0002515,0.00031498,1900100000000.0,436472202838.602,111656101123.36871,76.0,54.7365,12.6641,3465724388227.53,288571014779.49,1568708266981.01,215889254642.42
2024-12-04,95849.69,99000.0,94587.83,98587.32,43850.53728,6648724.0,3614.51,3887.24,3614.51,3837.8,968744.0399,8222722.0,233.92,241.0,224.67,229.15,4966864.205,2318217.0,0.0002537399999999,0.0001815766666666,0.0003166,1957690000000.0,463059081199.8087,108619097027.55804,78.0,54.1544,12.4293,3506787309735.75,286682251140.98,1607706051531.92,219618891588.86
2024-12-05,98587.32,104088.0,90500.0,96945.63,109921.729662,12012364.0,3837.8,3956.0,3677.0,3785.2,946493.276,8753645.0,229.15,244.77,222.95,235.84,7391549.993,4216711.0,0.0004904333333333,0.0003477033333333,0.0004469033333333,1918690000000.0,457039635210.60266,112846163285.08336,84.0,54.4297,12.889,3590416779173.57,284778253625.48,1636163848732.06,207559173886.77
2024-12-06,96945.63,101898.99,95981.72,99740.84,45049.5331,6919102.0,3785.21,4087.73,3777.26,3998.87,803855.1146,6677199.0,235.84,247.0,230.92,236.87,5136553.827,2524507.0,0.0001154466666666,0.0002206133333333,0.0002565933333333,1978130000000.0,483389590864.3512,112636532071.2986,72.0,54.2491,12.8937,3541356395514.92,369472452977.86,1620202347925.42,216801601734.84
2024-12-07,99740.84,100439.18,98844.0,99831.99,14931.9459,2634566.0,3998.87,4024.46,3968.0,3996.22,283920.02,2721543.0,236.87,243.61,234.12,238.14,2933621.438,1606160.0,0.0001947866666666,0.00025996,0.0003818433333333,1978620000000.0,482514162581.6868,113750283907.97713,75.0,53.9221,13.1587,3666504425640.29,261810071573.16,1689447139910.53,167273284907.63
2024-12-08,99831.99,101351.0,98657.7,101109.59,14612.99688,2994709.0,3996.22,4015.58,3923.5,4004.15,251362.1685,2614587.0,238.14,241.51,233.22,237.02,2222837.551,1517123.0,0.0001704566666666,0.0002112633333333,0.0002606566666666,1994870000000.0,481968002552.3676,112722755107.39313,79.0,54.1553,13.1982,3651323373496.61,159075270544.96,1673939286990.3,114896555414.85
2024-12-09,101109.6,101215.93,94150.05,97276.47,53949.11595,8445872.0,4004.15,4006.17,3509.0,3712.0,939642.2001,8331026.0,237.02,237.28,203.0,216.63,7391583.708,3396912.0,0.0002085333333333,0.0001456433333333,0.0001814366666666,1927410000000.0,447348984592.88,103764544136.59752,78.0,53.9544,12.9982,3712940445460.34,148776448356.94,1709644789673.39,104570424563.33
2024-12-10,97276.48,98270.0,94256.54,96593.0,51708.68933,11556189.0,3712.0,3780.76,3515.89,3628.25,942206.0337,10461668.0,216.62,221.06,203.21,213.6,7018707.73,3598912.0,0.0001,0.0001,0.0001,1916530000000.0,437499404896.4333,101896220063.31216,78.0,55.6324,12.9217,3465642120589.85,319454957155.61,1537622303482.42,208783837363.78
2024-12-11,96593.0,101888.0,95658.24,101125.0,37753.78291,8250511.0,3628.24,3848.64,3562.34,3831.81,461818.7801,6195364.0,213.6,230.65,211.51,227.29,4688484.808,2618186.0,0.0001,0.0001,0.0001,2005360000000.0,462128853907.88806,108338330880.78328,74.0,55.6448,12.7207,3438231342620.71,312088874555.66,1525033609509.09,207260980720.55
2024-12-12,101125.0,102540.0,99311.64,100004.29,29232.08745,8066322.0,3831.82,3987.41,3796.8,3881.61,572098.6343,7005239.0,227.29,234.69,225.67,226.96,3559104.067,2608984.0,0.0001,0.0001,0.0001,1981240000000.0,466970709437.50256,108749778776.87752,83.0,55.4727,12.7888,3610480945066.78,220977476583.03,1607649011995.03,135584417203.54
2024-12-13,100004.29,101895.26,99205.0,101424.25,21904.03923,5481660.0,3881.6,3968.47,3852.94,3906.8,387765.6873,5124578.0,226.95,228.44,220.6,224.79,2889526.771,2190401.0,0.0001,0.0001,0.0001,2005050000000.0,470393468396.153,107437258370.32632,76.0,55.0304,12.9956,3598529706326.72,213049922021.37,1618245557949.82,140977565879.7
2024-12-14,101424.24,102650.0,100609.41,101420.0,14191.70326,3374538.0,3906.8,3945.0,3825.03,3870.29,265538.9479,3407748.0,224.79,227.51,215.13,219.93,2155654.471,1665180.0,8.916666666666666e-05,0.0001,0.0001,2006620000000.0,465957016054.6481,105301984837.19144,83.0,55.1509,12.9299,3641265145505.97,171591397120.84,1633074450176.23,114696425064.39
2024-12-15,101420.0,105250.0,101237.14,104463.99,22228.921775,3638809.0,3870.3,3974.61,3831.5,3959.09,253833.2141,3637695.0,219.94,225.5,215.68,224.27,2130908.009,1736084.0,9.398e-05,9.801333333333336e-05,8.920333333333333e-05,2069720000000.0,475484751507.8404,107188327318.03384,80.0,55.6411,12.9187,3607060533474.7,136169357033.68,1600052601306.65,95784467212.78
2024-12-16,104463.99,107793.07,103333.0,106058.66,41302.40274,8048054.0,3959.09,4107.8,3884.0,3986.24,673351.0723,7117624.0,224.26,227.56,213.26,216.19,3863409.201,2819674.0,9.727e-05,9.554e-05,0.0001,2095590000000.0,481213190114.25055,103738431406.3748,83.0,55.8634,12.8767,3699070084343.39,136660841482.76,1632642498126.62,85505331251.41
2024-12-17,106058.65,108353.0,105321.49,106133.74,29064.936466,7212799.0,3986.24,4041.82,3847.96,3893.01,450825.9861,6874200.0,216.19,228.95,211.36,223.15,5177736.748,3540116.0,9.288666666666669e-05,0.0001,8.021333333333333e-05,2100790000000.0,467074462543.84674,106797736375.85815,87.0,56.4109,12.9048,3721464308632.09,220584859417.92,1622151425870.64,129573578661.0
2024-12-18,106133.74,106524.98,100000.0,100204.01,50307.99755,8762120.0,3893.01,3907.19,3617.42,3626.8,722505.0618,6584244.0,223.16,226.04,204.8,206.53,5565926.563,3308807.0,9.719666666666666e-05,9.348666666666667e-05,6.575e-05,1989050000000.0,438024990239.7329,98730548027.0568,81.0,56.7497,12.6543,3702886479765.24,189223390430.57,1601510364621.16,120628954223.2
2024-12-19,100204.01,102800.11,95700.0,97461.86,55147.398,7273941.0,3626.8,3720.0,3326.8,3417.01,1078153.4851,6357638.0,206.53,212.14,187.0,193.81,7402649.886,2909503.0,0.0001,6.971666666666668e-05,-1.3103333333333334e-05,1934200000000.0,413135038839.5737,93288870094.79622,75.0,56.9999,12.5432,3478746478546.05,246563049128.49,1495863037439.78,152676404638.56
2024-12-20,97461.86,98233.0,92232.54,97805.44,62884.1357,7429007.0,3417.01,3497.84,3101.9,3472.21,1332783.731,7029546.0,193.82,199.81,175.26,194.48,9793383.668,2947219.0,0.0001,0.0001,-3.532333333333333e-05,1932670000000.0,418154712581.70654,92888953412.5546,74.0,57.626,12.2919,3347912807432.93,279695999868.5,1418643318732.55,182492261250.54
2024-12-21,97805.44,99540.61,96398.39,97291.99,23483.54143,3717638.0,3472.2,3555.18,3293.11,3338.92,475275.82,2732677.0,194.48,201.98,178.3,181.45,5243572.617,1709667.0,7.068666666666668e-05,8.784e-05,-0.00012257,1922340000000.0,400968833249.54266,86600568524.8708,73.0,57.0626,12.33,3392045025205.56,307342602622.51,1456456504576.22,201713614351.63
2024-12-22,97292.0,97448.08,94250.35,95186.27,19353.83036,3633551.0,3338.92,3403.0,3221.1,3281.83,361920.2495,2546556.0,181.46,187.87,176.88,180.52,3573368.972,1394689.0,9.876333333333334e-05,8.456666666666666e-05,-6.516666666666666e-05,1883890000000.0,394888544701.998,86460558299.16812,73.0,57.7511,12.0585,3333161232578.76,173182352206.17,1408224837939.46,121418918981.71
2024-12-23,95186.28,96538.92,92520.0,94881.47,32810.76703,5464919.0,3281.83,3466.99,3216.97,3422.53,488253.41,4032824.0,180.53,193.48,176.48,190.11,4217664.03,1557287.0,9.660333333333332e-05,6.586e-05,-3.265333333333333e-05,1877040000000.0,412260258126.5607,91208486211.47733,70.0,57.4899,12.0549,3275157665449.97,135225799058.13,1392271864327.14,92073078212.96
2024-12-24,94881.47,99487.99,93569.02,98663.58,23674.22488,3421549.0,3422.53,3539.65,3358.19,3493.18,315723.6763,2764397.0,190.12,199.0,186.13,197.09,2709577.672,1127114.0,0.0001,6.959333333333334e-05,-9.863333333333333e-06,1953060000000.0,420967753776.54016,94588006202.00385,73.0,56.3265,12.3607,3330204205477.62,172395017699.65,1454416600694.93,107156308313.29
2024-12-25,98663.58,99569.15,97632.02,99429.6,14474.1651,3283028.0,3493.17,3547.95,3440.93,3497.0,219846.0452,2133099.0,197.09,201.85,195.0,197.44,1958644.487,1035650.0,0.0001,4.0860000000000005e-05,2.15e-06,1964930000000.0,420491576181.9022,94566008015.55711,73.0,56.7261,12.2144,3443448784766.45,133676217490.55,1490115857939.8,86563808899.71
2024-12-26,99429.61,99963.7,95199.14,95791.6,21192.36727,5203490.0,3497.0,3514.94,3304.63,3335.05,310170.1719,2543314.0,197.45,199.71,186.54,188.46,2045566.1,1279313.0,8.621666666666667e-05,8.768333333333334e-05,4.752333333333334e-05,1893550000000.0,400559541844.02905,90136894362.46371,79.0,57.0358,12.2041,3448687737498.91,116542518215.12,1481702389834.8,82834827244.54
2024-12-27,95791.6,97544.58,93500.01,94299.03,26501.26429,5718866.0,3335.04,3444.16,3306.6,3333.51,342529.6038,3133395.0,188.46,194.39,182.74,184.22,1946509.645,1296546.0,0.0001,7.925666666666667e-05,-2.348e-05,1865700000000.0,400188524374.1506,88105563489.15718,74.0,57.15,12.1041,3315007830548.19,125826857466.03,1420482136436.71,78987083613.72
2024-12-28,94299.03,95733.99,94135.66,95300.0,8385.8929,2732061.0,3333.51,3428.68,3322.23,3404.0,175963.613,1445334.0,184.22,196.1,183.82,195.5,1494847.867,840578.0,7.604e-05,9.778666666666668e-05,3.2183333333333334e-05,1883640000000.0,409229362091.69305,93400877732.18874,72.0,56.7789,12.2112,3283624827657.58,132212632436.62,1419217956097.67,79792747097.25
2024-12-29,95300.0,95340.0,93009.52,93738.2,13576.00578,2865838.0,3404.01,3413.78,3326.17,3356.48,156256.8819,1170497.0,195.5,197.71,188.57,189.94,1560190.019,861977.0,9.337666666666668e-05,6.857333333333333e-05,1.3969999999999998e-05,1850700000000.0,403192824772.33417,90836677779.44048,73.0,56.4627,12.266,3337384190449.78,83146890356.37,1453006307392.83,59043077869.71
2024-12-30,93738.19,95024.5,91530.45,92792.05,27619.4225,5560563.0,3356.48,3437.59,3305.0,3361.84,420794.6476,2700666.0,189.94,196.47,185.89,191.38,2415985.488,1417191.0,6.249666666666667e-05,0.0001,6.888666666666667e-05,1832240000000.0,404228820922.0015,91392902641.76231,65.0,56.6932,12.3503,3267393362606.53,85913433776.13,1415002485990.23,56269364365.08
2024-12-31,92792.05,96250.0,92033.73,93576.0,19612.03389,3347847.0,3361.83,3451.0,3315.59,3337.78,303053.1685,2021786.0,191.37,199.27,188.04,189.31,2461978.262,1249847.0,0.0001,9.504666666666668e-05,5.938e-05,1849440000000.0,401463358079.3976,90841217926.90169,64.0,56.4801,12.4482,3247898394633.62,140202669025.15,1413482956047.58,84014470251.48
2025-01-01,93576.0,95151.15,92888.0,94591.79,10373.32613,1516556.0,3337.78,3374.85,3313.88,3360.38,190238.5861,1182219.0,189.31,195.33,188.0,194.28,1655160.102,865024.0,0.0001,0.0001,-3.2456666666666664e-05,1870600000000.0,403690743204.28094,93547012465.66544,66.0,56.7671,12.3175,3258746507343.04,115220336975.45,1408851043312.52,71594425662.14
2025-01-02,94591.78,97839.5,94392.0,96984.79,21970.48948,3569079.0,3360.39,3509.99,3354.5,3455.67,338632.8874,2373075.0,194.28,210.48,193.43,208.31,3224923.982,1615355.0,0.0001,0.0001,9.779e-05,1918080000000.0,415346383360.2749,100290045651.26263,70.0,56.3047,12.1665,3320489672657.69,85537859519.7,1450897089637.97,61015959749.02
2025-01-03,96984.79,98976.91,96100.01,98174.18,15253.82936,2851164.0,3455.68,3630.0,3423.44,3609.01,334041.0604,2293811.0,208.3,219.83,205.63,217.99,3251086.556,1394237.0,8.414e-05,0.0001,1.876666666666666e-06,1943270000000.0,434463759032.4521,105101328750.23828,74.0,56.3374,12.2095,3405927430240.98,129650628919.13,1487115339018.12,83642146392.03
2025-01-04,98174.17,98778.43,97514.79,98220.5,8990.05651,1559982.0,3609.0,3671.6,3572.42,3656.88,229266.3133,1567855.0,218.0,218.18,213.54,216.67,1943711.39,890249.0,6.165666666666668e-05,0.0001,1.1233333333333336e-05,1945480000000.0,440674480814.0526,104643073681.68684,73.0,55.5999,12.428,3495925745929.8,121703354054.28,1552194702651.35,86091822033.11
2025-01-05,98220.51,98836.85,97276.79,98363.61,8095.63723,1685799.0,3656.88,3675.25,3593.7,3635.99,155444.1741,1461192.0,216.67,219.05,211.46,213.41,2101040.545,902175.0,9.44e-05,0.0001,5.4913333333333335e-05,1949180000000.0,438312575485.1107,103163190447.26158,72.0,55.5045,12.5704,3504945338235.71,92573950200.45,1559543167240.7,70232031021.4
2025-01-06,98363.61,102480.0,97920.0,102235.6,25263.43375,3853702.0,3636.0,3744.83,3610.63,3687.45,329642.3648,2753873.0,213.41,223.18,211.56,218.22,2855362.858,1394456.0,0.0001,0.0001,1.391e-05,2023800000000.0,443715190879.36334,105440512694.73776,76.0,55.6628,12.5154,3498617459363.75,82666431723.72,1551187583236.69,62135636730.47
2025-01-07,102235.6,102724.38,96181.81,96954.61,32059.87537,4480562.0,3687.44,3700.86,3356.31,3381.31,541543.2874,3538701.0,218.22,219.11,201.8,202.17,3742298.284,1475754.0,9.060666666666666e-05,0.0001,3.8433333333333335e-06,1920750000000.0,407509137794.4424,97952876177.7938,78.0,56.3399,12.3602,3595363765063.57,133216589657.54,1569738688212.27,81437481970.24
2025-01-08,96954.6,97268.65,92500.9,95060.61,33704.67894,5171208.0,3381.31,3415.1,3208.2,3327.29,584749.9627,3766197.0,202.17,203.28,188.34,197.48,4446830.23,2031142.0,0.0001,9.886e-05,2.557666666666667e-05,1882450000000.0,400645272987.96295,95576177777.49216,70.0,56.7933,12.0497,3380563758123.9,161158751592.35,1460631561618.18,102472476671.74
2025-01-09,95060.61,95382.32,91203.67,92552.49,34544.83685,6027161.0,3327.29,3357.27,3158.0,3219.2,501818.4247,3685889.0,197.48,199.06,182.0,184.95,3607147.193,1961684.0,6.43e-05,8.869666666666667e-05,1.3283333333333335e-05,1829150000000.0,387615632326.9648,89527114869.2475,69.0,56.6258,12.0549,3324489803269.58,169993862959.69,1441970990637.22,106116106196.87
2025-01-10,92552.49,95836.0,92206.02,94726.11,31482.86424,5531444.0,3219.2,3322.49,3193.97,3267.04,454142.1333,3199118.0,184.96,193.02,183.51,187.68,3642892.082,1852360.0,3.661333333333333e-05,7.911666666666666e-05,-1.0413333333333332e-05,1876990000000.0,393941127407.79926,90868569973.66788,50.0,56.7404,12.0096,3229618490789.13,154724842219.34,1397118670771.14,91943072297.92
2025-01-11,94726.1,95050.94,93831.73,94599.99,7047.9043,1496191.0,3267.05,3320.18,3217.56,3282.83,151679.7487,1208777.0,187.69,191.91,184.01,188.09,2204486.056,937504.0,4.1143333333333336e-05,7.408000000000001e-05,-2.3106666666666663e-05,1874000000000.0,395964761485.0178,91050827589.61143,69.0,56.8241,11.9239,3301102095312.17,147522058703.68,1425281800768.39,85470864307.64
2025-01-12,94599.99,95450.1,93711.19,94545.06,8606.86622,1658863.0,3282.83,3300.0,3224.49,3267.3,164879.9709,1151908.0,188.09,191.0,185.17,188.51,1330917.135,723323.0,4.955333333333333e-05,9.378e-05,4.28e-06,1869040000000.0,392572494342.5461,90988320271.58871,62.0,56.4512,11.917,3318364500460.98,73388446370.39,1445107666601.02,54524967127.12
2025-01-13,94545.07,95940.0,89256.69,94536.1,42619.56423,5740963.0,3267.3,3339.0,2920.0,3137.51,845907.5669,4900248.0,188.5,191.99,168.88,182.87,5669925.613,2547519.0,4.3786666666666665e-05,7.581666666666666e-05,4.492333333333334e-05,1869520000000.0,377514137133.4156,88638023982.14519,61.0,56.7167,11.9235,3300218680026.26,68690226545.9,1428443230875.24,47804595121.58
2025-01-14,94536.11,97371.0,94346.22,96560.86,27846.61753,4532923.0,3137.51,3256.67,3125.65,3225.63,374308.4517,2446285.0,182.86,190.11,181.88,187.57,2737355.064,1379846.0,9.832e-05,6.842333333333334e-05,-1.5536666666666666e-05,1912990000000.0,388780405180.21423,90991355463.71188,63.0,57.252,11.5548,3270257202523.72,177509424097.33,1397970259031.63,104521693800.89
2025-01-15,96560.85,100681.94,96500.0,100497.35,30509.99179,3487945.0,3225.63,3473.75,3186.36,3451.52,464188.034,2689488.0,187.57,206.04,185.84,205.86,3768610.58,1825631.0,6.542666666666667e-05,5.2900000000000005e-05,-1.5843333333333335e-05,1984440000000.0,414628137082.5067,99496932374.37584,70.0,57.074,11.5927,3350823804176.3,122357249180.36,1438374303503.89,68586171182.68
2025-01-16,100497.35,100866.66,97335.13,99987.3,27832.85317,3762755.0,3451.51,3460.79,3265.44,3308.05,471282.6787,2667507.0,205.86,217.14,198.47,211.14,5710255.657,2762727.0,4.298e-05,7.862e-05,0.0001,1980630000000.0,398017301307.8183,102135587251.44942,75.0,56.3235,11.7613,3535019661394.52,154399593950.83,1543973381566.36,96566158778.28
2025-01-17,99987.3,105865.22,99950.77,104077.48,39171.85292,3886907.0,3308.04,3525.72,3307.5,3473.63,518550.1813,3165882.0,211.15,222.11,209.84,219.51,4384472.838,2186663.0,5.805e-05,0.0001,9.406666666666669e-05,2066230000000.0,419203510471.9932,107010330021.81938,75.0,56.4343,11.3556,3510134503065.26,155841184441.28,1529215898307.62,102111512074.53
2025-01-18,104077.47,104988.88,102277.55,104556.23,24307.82998,3403162.0,3473.64,3494.39,3227.0,3307.71,634197.1281,3931387.0,219.52,270.67,217.29,261.97,19971981.58,9712182.0,8.902333333333334e-05,0.0001,5.851333333333334e-05,2068290000000.0,398058419708.83325,127074338259.9148,77.0,56.4296,11.4512,3655480693951.43,169046953341.92,1592708014395.05,97384950849.24
2025-01-19,104556.23,106422.43,99651.6,101331.57,43397.28298,5271920.0,3307.71,3448.99,3130.48,3215.12,1342301.5217,7064813.0,261.97,295.83,236.68,252.42,25051667.6,16728916.0,0.0001,0.0001,8.306333333333333e-05,2000110000000.0,386095430491.2701,120273654143.857,77.0,56.8622,10.9476,3638190132866.74,194132968104.8,1569433853114.32,143685436817.39
2025-01-20,101331.57,109588.0,99550.0,102260.01,89529.231732,11597937.0,3215.2,3453.69,3142.78,3284.0,1158354.7814,7137551.0,252.4,273.29,229.44,242.19,16879575.561,13411844.0,0.0001,0.0001,-0.0002331633333333,2032540000000.0,395905296121.8514,119110428662.56567,76.0,57.3799,11.0813,3491688992644.81,307337808886.32,1488161104897.09,230533555666.05
2025-01-21,102260.0,107240.81,100119.04,106143.82,45941.02002,6842980.0,3283.99,3368.0,3204.6,3327.54,548706.0513,3752957.0,242.18,260.06,230.0,250.33,7882737.257,6181509.0,0.0001,0.0001,-7.068666666666666e-05,2099930000000.0,400383972870.7453,121371415595.08772,76.0,57.3344,11.2012,3527959268473.6,341184847367.11,1505226547209.84,214921491962.28
2025-01-22,106143.82,106394.46,103339.12,103706.66,22248.69254,4364035.0,3327.55,3365.99,3222.85,3242.6,349240.7498,2187671.0,250.33,272.03,248.43,257.36,6223427.616,4791221.0,0.0001,0.0001,5.516000000000001e-05,2056450000000.0,390383064977.5108,124915411566.68506,84.0,57.7211,11.005,3643530974678.86,219618822937.04,1540443177362.7,130888308382.92
2025-01-23,103706.66,106850.0,101262.28,103910.34,53953.12031,6961383.0,3242.61,3347.97,3185.0,3338.21,605592.7225,3255920.0,257.37,258.48,242.19,253.11,6802762.723,5535365.0,9.09e-05,0.0001,3.367e-05,2064290000000.0,401974762493.2052,123367011669.40396,75.0,57.4414,10.9223,3575509686929.14,142586785230.31,1521686931008.23,88709681345.4
2025-01-24,103910.35,107120.0,102750.0,104870.5,23609.24017,4798886.0,3338.22,3428.0,3275.9,3310.09,451524.2752,2793569.0,253.12,270.18,247.18,253.37,5214294.569,4402292.0,5.8036666666666666e-05,0.0001,8.655666666666666e-05,2074870000000.0,398917343731.3414,123352660218.54144,75.0,57.4712,11.2247,3583557277067.62,205681930796.46,1524045132670.43,101574513354.89
2025-01-25,104870.51,105286.52,104106.09,104746.85,9068.32377,1770765.0,3310.1,3350.68,3268.66,3318.77,208559.0415,1456638.0,253.36,260.78,246.33,256.41,3703989.301,2767492.0,7.326333333333333e-05,7.459666666666667e-05,-4.656333333333333e-05,2077890000000.0,400493574611.9228,125380540386.10268,75.0,57.8867,11.1149,3588317671694.16,136527614559.24,1511157965274.33,84142188057.02
2025-01-26,104746.86,105500.0,102520.44,102620.0,9812.51238,1813011.0,3318.76,3362.0,3230.0,3232.61,272165.469,1416325.0,256.4,260.16,240.32,240.5,3028015.524,2339798.0,8.935333333333333e-05,7.745666666666667e-05,7.011e-05,2037650000000.0,390563850305.2809,117790657973.409,73.0,57.7389,11.1246,3593420557034.11,85025501839.14,1518617829152.38,61134518553.08
2025-01-27,102620.01,103260.0,97777.77,102082.83,50758.1341,9368910.0,3232.61,3253.91,3020.01,3182.44,753004.7529,4888504.0,240.49,242.68,220.89,234.89,8916620.842,6699907.0,4.298e-05,2.2383333333333336e-05,-5.725333333333334e-05,2019350000000.0,382071101200.7793,114230165682.38142,71.0,57.9022,11.0963,3512866013502.11,83743654722.68,1478839559638.61,61193992735.8
2025-01-28,102082.83,103800.0,100272.68,101335.52,22022.05765,5428644.0,3182.44,3223.01,3040.03,3077.72,350959.7173,2936974.0,234.9,244.0,225.01,227.06,3483450.087,3282972.0,7.854e-05,6.65e-05,2.4916666666666668e-05,2004150000000.0,370058815290.27246,110123308575.97656,72.0,57.9842,10.9849,3489061617847.85,209574891215.78,1465956184861.83,120563434738.19
2025-01-29,101335.52,104782.68,101328.01,103733.24,23155.35802,5189699.0,3077.72,3182.52,3054.06,3113.9,409737.2576,3277369.0,227.06,238.49,222.63,228.16,3844193.838,3509070.0,9.983e-05,8.417666666666667e-05,4.292666666666666e-05,2059290000000.0,376443382667.7896,111593835482.30276,72.0,58.4987,10.8032,3431419006241.1,120238304379.87,1424084415582.84,73062973859.94
2025-01-30,103733.25,106457.44,103278.54,104722.94,19374.07472,3990075.0,3113.9,3283.43,3091.06,3247.39,350639.4823,2410789.0,228.16,244.7,226.84,238.31,3341265.973,2468882.0,9.029666666666666e-05,6.447333333333334e-05,4.801666666666667e-05,2080530000000.0,392375634082.1481,116644445259.61314,70.0,58.7658,10.7291,3497403781609.53,121632400444.78,1442125761759.9,74194521478.86
2025-01-31,104722.94,106012.0,101560.0,102429.56,21983.18193,4331904.0,3247.38,3437.31,3213.8,3300.99,648681.6561,3802893.0,238.3,241.82,228.24,231.77,2942165.567,2082835.0,7.075e-05,9.128e-05,-6.900000000000019e-07,2026590000000.0,396814870091.3769,112484272860.72452,76.0,58.1759,10.9693,3568224709032.81,108621722338.67,1492379286267.99,66703688128.22
2025-02-01,102429.56,102783.71,100279.51,100635.65,12290.95747,2588786.0,3300.99,3331.98,3101.7,3117.54,354065.2525,2900696.0,231.77,236.46,212.74,213.03,2849748.65,1972665.0,6.478333333333334e-05,7.248999999999999e-05,-2.9653333333333333e-05,1993870000000.0,376012172545.3169,104188721483.58568,68.0,57.7038,11.3044,3516993057788.09,124232182849.05,1487555299724.4,78505582407.89
2025-02-02,100635.66,101456.6,96150.0,97700.59,34619.49939,7202339.0,3117.54,3163.2,2750.71,2869.68,1050805.93,5974563.0,213.03,218.9,192.31,203.51,7255500.333,5307616.0,2.7810000000000003e-05,6.736333333333333e-05,-1.4389999999999998e-05,1930800000000.0,342792048728.1418,98155225819.7329,60.0,58.5817,11.0361,3404785947219.02,93296537496.34,1410205657246.71,65536527684.09
2025-02-03,97700.59,102500.01,91231.0,101328.52,75164.7385,10625262.0,2869.68,2921.0,2125.01,2879.9,2807979.021,10550628.0,203.52,218.7,175.89,216.28,12836970.265,10116876.0,8.281666666666667e-05,-0.00012847,-6.801333333333333e-05,2013250000000.0,346814810214.2093,105366872387.2466,44.0,59.7831,10.6808,3237065223245.08,185765968881.16,1301845990280.5,122668445405.18
2025-02-04,101328.51,101732.31,96150.0,97763.13,40267.98697,6618911.0,2879.89,2888.5,2632.6,2731.19,1259594.3919,4767588.0,216.27,219.97,201.87,206.64,6024194.387,4811821.0,4.516666666666666e-05,-5.92e-05,-0.0001814699999999,1939290000000.0,328262958308.4955,100352464011.86871,72.0,60.0624,10.3838,3347044150619.95,362153467660.01,1336728280355.7,246752675228.41
2025-02-05,97763.14,99149.0,96155.0,96612.43,26233.30444,4471763.0,2731.19,2826.95,2699.13,2788.25,686593.0429,3498289.0,206.64,209.39,195.14,196.12,3154802.037,2851688.0,1.974333333333333e-05,-1.6596666666666666e-05,-6.418333333333333e-05,1913780000000.0,335160135916.32306,95514816088.62704,54.0,60.3659,10.2577,3211896616067.22,195093120103.87,1273007589099.57,122023514906.4
2025-02-06,96612.44,99120.0,95676.64,96554.35,23515.20405,4242807.0,2788.25,2857.64,2655.28,2686.64,719459.9571,3805682.0,196.12,203.98,187.39,189.54,3444767.147,2708547.0,2.617e-05,-1.1143333333333334e-05,2.1600000000000018e-06,1913460000000.0,323628910992.24084,92175141509.72032,49.0,60.3696,10.5969,3170964823563.68,126642637235.32,1256664753232.22,77482481616.26
2025-02-07,96554.35,100137.99,95620.34,96506.8,31794.22065,5012456.0,2686.63,2797.5,2562.51,2622.1,695467.3612,3272698.0,189.53,203.42,188.12,191.99,3925596.773,3039573.0,6.713e-05,1.3823333333333334e-05,1.375e-05,1910390000000.0,314935563930.85333,93429089194.51704,44.0,60.9692,10.3167,3140898658992.51,123101971873.01,1225916543130.07,77755132255.44
2025-02-08,96506.8,96880.0,95688.0,96444.74,10147.24294,1757892.0,2622.11,2667.3,2588.8,2632.46,379685.1509,1865406.0,192.0,200.88,189.81,199.32,1967596.752,1656928.0,-8.796666666666667e-06,4.856e-05,1.7803333333333333e-05,1914790000000.0,317859233670.8273,97495518968.617,44.0,60.9825,10.0758,3137762374344.57,134727100912.36,1224275423495.44,79109380516.18
2025-02-09,96444.75,97323.09,94713.0,96462.75,14120.91613,2293192.0,2632.46,2698.9,2520.02,2627.18,387166.7911,2319910.0,199.32,207.37,193.53,200.47,2879138.46,2101908.0,5.437333333333333e-05,3.378333333333333e-05,-0.0001210233333333,1909020000000.0,316212338726.6321,97340334326.34402,46.0,60.5815,10.0529,3156658483674.17,74665088014.43,1244308546224.61,52233025501.68
2025-02-10,96462.75,98345.0,95256.0,97430.82,20572.87537,3475919.0,2627.18,2693.79,2559.85,2661.19,398173.2716,2736600.0,200.47,209.05,195.85,200.47,4040840.548,2637756.0,6.145e-05,4.460333333333333e-05,-7.908333333333334e-05,1930180000000.0,320494606410.00214,97534644034.4909,43.0,60.6678,10.0485,3152772812294.35,86622684004.34,1240054513839.9,58921659373.3
2025-02-11,97430.82,98478.42,94876.88,95778.2,18647.76379,3716586.0,2661.19,2725.04,2558.24,2602.59,484196.1435,2776008.0,200.47,206.18,195.12,197.96,3930238.335,2289535.0,2.954e-05,8.173333333333334e-06,-0.0001926766666666,1899130000000.0,313877451445.11694,96621668685.9265,47.0,60.593,10.063,3187922451217.23,104552607006.16,1256264086727.2,64832938236.12
2025-02-12,95778.21,98119.99,94088.23,97869.99,29151.16625,4992737.0,2602.59,2795.45,2546.92,2738.27,646295.8959,4190060.0,197.95,198.56,188.48,196.78,3898533.321,2807925.0,3.719e-05,5.969333333333333e-05,-4.494333333333333e-05,1937830000000.0,330118270561.10614,95831088416.4641,46.0,60.2812,9.964,3148688017432.79,106623221698.39,1250620015201.58,69200191500.7
2025-02-13,97870.0,98083.91,95217.36,96608.14,19921.77616,3909456.0,2738.27,2757.28,2612.76,2675.87,443769.2853,3213834.0,196.78,198.47,188.78,194.25,2427771.876,1950076.0,4.974e-05,6.855666666666667e-05,-4.150666666666667e-05,1913650000000.0,322442057791.0154,94847172535.53604,50.0,59.9812,10.2014,3234606452886.7,129889869725.47,1294452301306.46,80572863200.02
2025-02-14,96608.13,98826.0,96252.82,97500.48,18173.02646,3499564.0,2675.87,2791.78,2664.46,2725.95,419895.7862,2645594.0,194.24,205.34,194.11,199.39,3727686.063,2047732.0,5.567666666666667e-05,5.4383333333333325e-05,5.075666666666667e-05,1931130000000.0,328496187938.47845,97402815162.96909,48.0,59.9444,10.0957,3195309929461.84,105357730234.84,1279901428987.41,68178802949.45
2025-02-15,97500.47,97972.26,97223.58,97569.66,7349.37683,1694327.0,2725.95,2739.0,2662.28,2693.04,202971.4295,1678502.0,199.4,200.27,192.61,194.48,1633300.399,1231341.0,2.362333333333333e-05,3.017e-05,2.2176666666666667e-05,1934530000000.0,324782785341.2585,95009703449.90411,50.0,59.6132,10.1343,3242462500405.79,106165408802.33,1309526895914.24,73470922044.76
2025-02-16,97569.67,97704.47,96046.18,96118.12,8191.4249,1596701.0,2693.04,2727.31,2651.26,2661.41,191231.5314,1449884.0,194.47,196.24,186.3,188.27,2009380.862,1271986.0,2.457e-05,4.526333333333333e-05,-8.418666666666666e-05,1906800000000.0,320913032171.1076,92029782663.44006,54.0,59.8564,10.0465,3232035644670.51,63674622511.77,1297456867849.62,46630074789.36
2025-02-17,96118.12,97046.59,95205.0,95780.0,16492.0451,2831237.0,2661.41,2849.7,2637.71,2744.05,639739.8197,3881592.0,188.26,189.72,174.63,177.53,4287573.73,2336009.0,4.881666666666667e-05,6.419666666666666e-05,-9.812333333333332e-05,1899080000000.0,330722128876.68726,86925989008.65671,51.0,59.7272,10.057,3191800094884.11,59069779871.13,1285428046092.4,42511621150.17
2025-02-18,95780.01,96753.91,93388.09,95671.74,23368.19471,4234248.0,2744.05,2756.93,2605.44,2671.99,604863.8737,3898156.0,177.53,179.09,160.88,169.32,6319186.166,3750135.0,9.829333333333334e-05,2.862666666666667e-05,4.830666666666666e-05,1892250000000.0,321535874843.2336,82528071274.97269,47.0,59.6711,10.3935,3182099475264.11,93806021817.89,1283304647070.31,66459708312.65
2025-02-19,95671.74,96899.99,95029.99,96644.37,16438.50954,2784225.0,2672.0,2736.7,2656.03,2715.5,326154.0202,2376004.0,169.32,174.3,163.75,168.93,3478319.262,2185100.0,7.915333333333333e-05,5.140666666666666e-05,-1.526e-05,1916160000000.0,327695401270.3757,82631541929.32062,44.0,60.3199,10.2453,3141277235758.08,107293420731.05,1246460734415.18,70067993231.94
2025-02-20,96644.37,98711.36,96415.09,98305.0,17057.39177,2386973.0,2715.51,2770.59,2707.18,2738.04,336735.2544,2096063.0,168.94,176.65,167.66,176.0,2938753.335,1920797.0,4.345e-05,3.942333333333333e-05,-2.614333333333333e-05,1950780000000.0,330418474545.26245,85870971211.4359,49.0,60.118,10.273,3186823379381.67,83182996218.1,1270968359439.54,54513181681.63
2025-02-21,98305.01,99475.0,94871.95,96181.98,32249.2814,4528525.0,2738.04,2845.32,2616.72,2663.0,890440.0604,3872201.0,176.0,180.52,167.15,168.94,4103682.857,2546452.0,7.706666666666667e-06,4.808666666666667e-05,1.4746666666666666e-05,1904360000000.0,320180174278.4829,82491474031.97208,55.0,60.2324,10.2038,3237095123386.73,91726482162.05,1287315874632.71,60464701701.54
2025-02-22,96181.99,96980.0,95770.49,96551.01,11268.17708,1506418.0,2663.0,2798.07,2653.33,2763.22,444989.6669,2597168.0,168.94,174.68,168.07,172.07,1886813.457,1171019.0,6.261333333333333e-05,1.745666666666667e-05,-8.256000000000001e-05,1915440000000.0,333523273939.7149,84168502962.97726,49.0,60.3624,10.159,3157246552852.82,138640600154.03,1251455443984.81,88973658023.02
2025-02-23,96551.01,96650.0,95227.94,96258.0,10884.84913,1457368.0,2763.23,2857.34,2745.41,2819.69,611002.1222,2796506.0,172.07,173.07,166.42,167.94,1488310.759,987546.0,2.91e-05,4.578333333333333e-05,3.753e-05,1905290000000.0,340221287058.2409,81961783846.40007,50.0,59.9388,10.4313,3194694521035.13,73024001412.15,1279832596853.86,54681967950.86
2025-02-24,96258.0,96500.0,91349.26,91552.88,31550.10299,4972684.0,2819.7,2839.95,2470.33,2513.52,876876.3707,4737903.0,167.94,169.69,138.0,141.81,7997237.915,4109967.0,1.987e-05,3.711e-05,-2.107e-05,1821610000000.0,303772851237.91284,69355407330.73228,49.0,59.8519,10.661,3189407296499.41,68801769380.76,1280484961719.64,51836843011.66
2025-02-25,91552.88,92540.69,86050.99,88680.4,78333.11111,10289145.0,2513.52,2533.49,2313.49,2495.7,1322016.8718,7076645.0,141.81,147.09,131.91,144.33,11747010.145,6188432.0,5.543333333333334e-05,-6.833333333333319e-07,2.2533333333333343e-06,1760180000000.0,301352756755.5116,71644683174.43394,25.0,60.9141,10.1816,2977207640155.26,129521943878.71,1163667987413.62,85864678437.06
2025-02-26,88680.39,89414.15,82256.01,84250.09,56893.54409,8490006.0,2495.69,2507.5,2253.77,2336.37,863087.2133,5495972.0,144.33,145.19,130.65,135.32,5368401.059,3159238.0,6.508666666666666e-05,3.798666666666667e-05,-1.657e-05,1665400000000.0,280988404361.10114,67025410789.45001,21.0,60.0417,10.2718,2926200617553.67,205145277845.51,1169259084748.3,115743838009.46
2025-02-27,84250.09,87078.46,82716.49,84708.58,42505.45439,6357581.0,2336.38,2381.6,2230.57,2307.72,637583.9106,3906903.0,135.33,142.9,134.71,137.68,4322990.459,2490511.0,6.040333333333334e-05,7.847333333333333e-05,6.777666666666666e-05,1678080000000.0,277143339345.46326,68418220562.174965,10.0,59.5722,10.0441,2799523154088.58,149767870583.33,1131785550113.7,86022245041.56
2025-02-28,84708.57,85120.0,78258.52,84349.94,83648.03969,11344216.0,2307.72,2314.18,2076.26,2237.59,1291539.0557,5708556.0,137.68,148.72,125.55,148.18,10039960.613,4567953.0,6.197333333333333e-05,2.188e-05,0.0001,1670560000000.0,268881001422.53696,73602945025.35165,16.0,59.7488,9.8908,2810724469054.45,122483345874.72,1131349044725.73,69311214928.78
2025-03-01,84349.95,86558.0,83824.78,86064.53,25785.05464,3700728.0,2237.59,2281.14,2142.73,2217.39,446430.7271,2511839.0,148.18,151.25,138.57,143.66,4151855.758,1658774.0,-2.326666666666667e-05,9.543333333333334e-06,8.864333333333333e-05,1702340000000.0,266357211195.4966,71229455844.83621,20.0,59.8498,9.6504,2794952485170.98,182228469930.84,1122178716733.33,98637571848.92
2025-03-02,86064.54,95000.0,85050.6,94270.0,54889.09045,7403218.0,2217.4,2550.58,2172.04,2518.11,1266684.7748,4977392.0,143.66,179.85,140.04,178.71,13474639.846,6490443.0,-2.248666666666667e-05,5.165333333333333e-05,3.193e-05,1870620000000.0,303790948199.94104,90281385717.91214,26.0,60.2114,9.4324,2833440231117.95,80110155957.23,1127386833176.53,50881512134.1
2025-03-03,94269.99,94416.46,85117.11,86220.61,59171.10218,9797860.0,2518.12,2523.56,2097.91,2149.01,1109565.2003,4969357.0,178.72,179.47,139.21,142.16,11096202.04,6131716.0,1.8166666666666656e-06,9.66e-06,-1.9543333333333333e-05,1711770000000.0,259693203158.91125,72594835849.8004,33.0,59.4301,9.6567,3145935962311.2,173165786091.94,1276303566736.03,114387810822.14
2025-03-04,86221.16,88967.52,81500.0,87281.98,55609.10706,10326631.0,2149.02,2221.88,1993.2,2171.51,1257822.3372,5856962.0,142.16,147.0,130.66,144.79,10389598.334,5773861.0,-1.6333333333333329e-06,-2.6220000000000003e-05,-3.8723333333333336e-05,1731790000000.0,261683111086.13385,73535842731.42093,15.0,60.5092,9.1723,2822210600612.19,174173054036.15,1114513930560.54,103653060194.0
2025-03-05,87281.98,91000.0,86334.53,90606.01,38264.01163,8070266.0,2171.5,2273.51,2155.03,2241.59,687130.7897,3480893.0,144.8,149.73,140.18,146.28,4895520.585,2591656.0,3.954333333333333e-05,5.367333333333333e-05,-6.152666666666666e-05,1797190000000.0,270250737597.0729,74231246193.51196,20.0,60.316,9.1255,2868032589798.71,167966722251.23,1138149428346.91,99987077109.3
2025-03-06,90606.0,92810.64,87836.0,89931.89,34342.44902,7643526.0,2241.59,2319.99,2176.9,2202.2,596908.3935,3304973.0,146.27,152.9,142.44,143.31,4451879.661,2442100.0,5.589666666666667e-05,9.243333333333332e-06,-5.668e-05,1789350000000.0,266067445976.29608,73035290405.8543,25.0,60.6374,9.1218,2963845654848.98,117722066115.9,1166647481354.47,66979473533.55
2025-03-07,89931.88,91283.02,84667.03,86801.75,57980.35713,9510442.0,2202.21,2258.47,2101.82,2141.6,782387.2606,4452265.0,143.3,150.88,135.04,139.39,7267412.771,3717944.0,-4.1000000000000004e-07,2.0093333333333333e-05,-4.945333333333333e-05,1716640000000.0,257438712586.5446,70532094186.7102,34.0,60.6268,9.026,2942575723599.91,112154884668.33,1158585357672.67,64456321660.26
2025-03-08,86801.74,86897.25,85218.47,86222.45,12989.23054,2553974.0,2141.6,2234.93,2105.06,2203.58,328793.0979,2118806.0,139.39,141.09,135.29,137.01,2135751.393,1318277.0,2.303e-05,4.5736666666666665e-05,-1.1713333333333334e-05,1709100000000.0,265283772518.64328,69682049400.1516,28.0,60.4212,9.0677,2846132338534.98,141763100984.79,1126463858505.25,75398936011.15
2025-03-09,86222.46,86500.0,80000.0,80734.37,26115.39345,5189138.0,2203.57,2212.0,1989.66,2020.41,601671.5882,2791079.0,137.01,139.88,125.41,126.51,3909495.652,1984143.0,3.479666666666667e-05,3.4983333333333334e-05,-1.0123333333333332e-05,1599580000000.0,243091973888.3576,64378590811.08254,27.0,60.3264,9.3746,2833093956356.32,57434908422.42,1123989648384.62,39162748109.56
2025-03-10,80734.48,84123.46,77459.91,78595.86,47633.38405,8701538.0,2020.43,2152.4,1810.01,1865.1,1248745.3514,5261040.0,126.52,131.57,115.47,118.32,6654109.331,3232219.0,3.111e-05,5.863333333333332e-06,-8.590999999999998e-05,1567060000000.0,226695374405.60425,60518016744.01138,20.0,60.3851,9.1795,2649816819071.97,84995818327.1,1049721820626.38,53885243620.97
2025-03-11,78595.86,83617.4,76606.0,82932.99,48770.06853,6983310.0,1865.11,1963.2,1754.28,1923.43,1171427.9995,4578427.0,118.32,128.43,112.0,125.35,6435277.863,2896453.0,5.570333333333333e-05,1.8936666666666668e-05,2.0753333333333333e-05,1641300000000.0,231924504004.17368,63810386154.87516,24.0,60.9068,8.7747,2558936833651.42,141377442955.02,1000371457705.14,87348005947.84
2025-03-12,82932.99,84539.85,80607.65,83680.12,31933.986,5253577.0,1923.42,1960.0,1829.72,1908.2,788739.6763,3444921.0,125.35,131.33,121.22,126.62,4410502.14,2166421.0,3.467999999999999e-05,-2.1133333333333336e-06,-1.444e-05,1658850000000.0,229939249197.5447,64217554155.55413,34.0,61.3372,8.6438,2679998804426.44,139197309906.61,1036161579758.34,84513751520.34
2025-03-13,83680.12,84336.33,79939.9,81115.78,27546.27412,4367093.0,1908.2,1923.09,1821.81,1864.59,569537.2622,2688683.0,126.61,128.76,120.76,123.37,2824584.961,1491066.0,1.896333333333333e-05,2.381333333333333e-05,4.336666666666666e-06,1608910000000.0,224758457600.47067,62825512949.27901,45.0,61.2047,8.4879,2711966393587.14,104520277857.92,1052116338715.96,64299890076.11
2025-03-14,81115.78,85309.71,80818.84,83983.2,26858.52755,3290987.0,1864.59,1945.64,1861.31,1911.65,375805.7355,1728618.0,123.36,136.03,122.98,133.54,3607725.492,1784051.0,3.691333333333333e-05,5.3206666666666667e-05,7.647333333333333e-05,1668370000000.0,230935626599.208,68189286878.372055,27.0,60.7605,8.4883,2647509050533.26,91985857464.15,1038869690554.03,60543746070.51
2025-03-15,83983.19,84676.28,83618.0,84338.44,11324.7332,1329670.0,1911.64,1957.19,1903.75,1937.17,209545.8675,884429.0,133.53,136.53,132.44,135.86,1918077.49,976083.0,-2.915e-05,3.2063333333333335e-05,4.967333333333334e-05,1673300000000.0,233948425616.65265,69194360907.44917,46.0,60.9407,8.4278,2733771554175.94,78843180040.93,1067793308999.4,49246673046.02
2025-03-16,84338.44,85117.04,81981.12,82574.53,17596.12531,2767947.0,1937.18,1940.87,1860.38,1887.0,324766.6564,1466585.0,135.86,136.71,125.21,126.13,2764260.892,1521652.0,1.9716666666666667e-05,-2.788333333333333e-05,9.15e-06,1636430000000.0,227325896685.1202,64204111377.92611,30.0,60.6177,8.465,2760351361704.98,48616098191.6,1087089936399.42,34978945309.76
2025-03-17,82574.52,84756.83,82456.0,84010.03,17214.74358,3014756.0,1887.01,1952.4,1879.98,1926.31,334840.4877,1566024.0,126.13,130.64,125.55,128.01,2707611.094,1381175.0,3.4660000000000004e-05,3.807666666666667e-05,-5.809333333333334e-05,1666650000000.0,232538624398.8576,65378465700.84456,32.0,60.8226,8.4526,2693217623381.76,61942728952.92,1055133416969.03,40630564995.42
2025-03-18,84010.02,84021.74,81134.66,82715.03,17610.89883,3126371.0,1926.3,1936.2,1872.31,1931.54,332896.0155,1549810.0,128.01,128.19,121.76,125.33,3181789.699,1359468.0,2.092e-05,3.627666666666666e-05,-5.7186666666666666e-05,1640240000000.0,232861275335.37247,63866359918.22018,34.0,60.737,8.4654,2745435274756.97,72841625966.58,1077939474498.68,47905203649.86
2025-03-19,82715.03,87000.0,82547.16,86845.94,28151.05374,3774761.0,1931.54,2069.9,1927.58,2056.06,691809.5034,2614680.0,125.33,136.08,124.2,135.33,4170497.991,1839474.0,3.7283333333333336e-05,7.215e-05,3.4953333333333336e-05,1721490000000.0,248119847477.5312,69034723981.19272,32.0,60.5108,8.5947,2711707476050.95,71974205496.23,1070832064575.01,47839381097.97
2025-03-20,86845.93,87453.67,83655.23,84223.39,22090.30463,3252595.0,2056.05,2067.9,1952.17,1983.79,401518.9282,1885019.0,135.33,136.12,126.65,127.6,2593287.986,1266071.0,2.273333333333333e-05,-3.36e-06,6.043000000000001e-05,1668970000000.0,238624291280.96045,65131562824.16328,49.0,60.6417,8.7341,2842050798568.89,101927386774.99,1118582468351.7,67132977712.64
2025-03-21,84223.38,84850.33,83175.25,84088.79,11956.97443,2360005.0,1983.79,1996.73,1937.1,1965.75,262641.659,1470569.0,127.6,130.18,124.81,128.48,2400422.348,1095161.0,3.152333333333333e-05,4.865666666666667e-05,-2.981e-05,1667910000000.0,237169672840.928,65459951647.0688,31.0,60.4843,8.6603,2760879877591.82,80447534922.29,1090979678332.57,51455367609.15
2025-03-22,84088.79,84539.17,83625.1,83840.59,5420.22114,864481.0,1965.74,2006.61,1964.34,1980.69,170782.9574,833146.0,128.47,131.84,127.8,128.51,1498168.196,706271.0,2.0526666666666668e-05,-4.773333333333331e-06,-2.4846666666666667e-05,1663020000000.0,238697881903.12067,65487373315.295006,32.0,60.6251,8.619,2750368289836.87,63264973923.65,1082955139200.79,44220739684.06
2025-03-23,83840.59,86129.64,83809.75,86082.5,8461.97813,1206533.0,1980.68,2020.74,1976.81,2005.99,268707.5233,973880.0,128.5,134.06,128.21,132.84,1763485.986,799393.0,1.978333333333333e-05,2.423333333333333e-05,5.703333333333333e-06,1701540000000.0,241013285910.34048,67394466727.47112,30.0,60.4789,8.6856,2750136299498.24,42190220694.49,1086884690680.15,32326999915.53
2025-03-24,86082.5,88765.43,85519.09,87498.16,30115.62111,2916713.0,2005.99,2104.11,1977.67,2081.2,477912.8154,1804046.0,132.85,144.96,132.04,141.01,4554131.645,2114604.0,1.3763333333333333e-05,3.745e-05,4.254333333333333e-05,1732570000000.0,250189938280.6104,71695187079.2261,45.0,60.8461,8.624,2805913365720.63,50244017968.01,1098625315856.38,37616200360.35
2025-03-25,87498.16,88539.63,86310.0,87392.87,22643.25248,2802815.0,2081.2,2097.7,2037.08,2066.15,328765.3292,1398034.0,141.01,147.48,138.17,143.64,3529958.67,1865843.0,-9.576666666666666e-06,2.572333333333333e-05,4.28e-05,1734600000000.0,249133112997.20248,73523770728.56627,46.0,60.6446,8.7645,2863279147575.78,88560197889.71,1126856048708.19,54119711436.34
2025-03-26,87392.88,88275.0,85860.0,86909.17,18408.78485,2380154.0,2066.16,2079.21,1981.6,2009.52,428975.3286,1468474.0,143.64,145.49,135.89,137.34,3099523.287,1549733.0,-1.471e-05,6.0500000000000005e-06,-5.547333333333332e-05,1723010000000.0,241938967310.3772,69971622458.07544,47.0,60.5263,8.6988,2867131763166.54,77205197848.88,1131763414654.99,47230124571.07
2025-03-27,86909.17,87756.39,85800.0,87232.01,17098.03897,2376381.0,2009.52,2037.38,1987.06,2003.66,360634.8383,1394730.0,137.35,140.22,135.63,138.43,2466162.683,1324639.0,1.6293333333333332e-05,5.032e-05,-7.299666666666666e-05,1730490000000.0,241695339185.52457,70815198703.60136,40.0,60.8286,8.5508,2834782213887.99,78152467350.18,1110424409532.04,51221621218.06
2025-03-28,87232.01,87515.67,83585.0,84424.38,27182.73169,3236085.0,2003.67,2015.93,1860.0,1896.9,626167.5832,2245087.0,138.44,139.05,127.69,129.49,3892191.365,1575782.0,3.081666666666667e-05,8.486666666666666e-06,-7.571666666666667e-05,1672940000000.0,228749806660.61945,66160295668.88841,44.0,60.8118,8.4917,2845132366870.99,73445897846.59,1114956115852.46,49023616969.92
2025-03-29,84424.38,84624.73,81644.81,82648.54,11696.39864,2172387.0,1896.9,1913.6,1797.2,1828.08,409769.7555,1755638.0,129.5,130.54,122.68,124.58,2610065.515,1178810.0,5.369333333333333e-05,2.7743333333333333e-05,-3.852333333333334e-05,1637030000000.0,220015933962.03177,63557816105.340645,26.0,61.0687,8.3436,2741206846571.8,92252224980.42,1067187779185.32,58111017608.69
2025-03-30,82648.53,83534.64,81565.0,82389.99,9864.49508,1907663.0,1828.09,1849.01,1767.69,1807.74,327843.4476,1523210.0,124.58,127.08,123.0,124.82,1743775.296,990191.0,1.7853333333333334e-05,-6.266666666666666e-06,-0.0002797233333333,1631490000000.0,217511108954.4753,63754093152.98836,32.0,61.2697,8.2407,2675468576833.92,59166242655.19,1036217440154.67,42191887962.23
2025-03-31,82390.0,83943.08,81278.52,82550.01,20569.13885,3964358.0,1807.74,1854.22,1776.75,1822.43,497854.9052,2283021.0,124.83,127.81,122.75,124.54,3730628.853,1618236.0,3.502666666666667e-05,1.4486666666666666e-05,-8.192666666666666e-05,1636390000000.0,220006577336.17496,64033663727.04332,34.0,61.3103,8.178,2665255723028.77,49336236680.84,1031180730866.5,34585646988.29
2025-04-01,82550.0,85579.46,82432.74,85158.34,20190.39697,3328693.0,1822.43,1927.9,1817.88,1904.98,452989.0974,2141608.0,124.53,130.55,123.74,126.67,3554277.848,1528527.0,3.474333333333333e-05,1.8463333333333333e-05,-5.008666666666666e-05,1691300000000.0,230247946676.44467,65000337238.07954,34.0,61.4073,8.2455,2667542682341.72,80330493308.13,1029475885112.53,51353137622.5
2025-04-02,85158.35,88500.0,82320.0,82516.29,39931.457,5338238.0,1904.98,1957.0,1781.53,1795.22,750840.7823,3408080.0,126.68,136.21,117.0,117.42,6288908.68,2817898.0,5.523333333333333e-06,2.631e-05,-5.178666666666667e-05,1638330000000.0,216642857719.4457,60704830216.93325,44.0,61.6421,8.3841,2742142137874.53,77583995300.02,1051829120736.28,49448599536.44
2025-04-03,82516.28,83998.02,81211.24,83213.09,27337.84135,4117486.0,1795.21,1845.26,1750.0,1817.23,508075.018,2579520.0,117.42,120.94,112.24,117.17,5854867.278,2171892.0,5.7946666666666665e-05,1.712e-05,-8.683e-05,1645840000000.0,218825656822.33127,59891123867.78813,25.0,61.9144,8.1904,2644295755496.96,119528382473.49,1007097074837.57,71977606974.93
2025-04-04,83213.09,84720.0,81659.0,83889.87,32915.53976,4992586.0,1817.23,1835.68,1758.72,1816.87,572734.4702,2647730.0,117.17,124.0,113.25,122.79,5721072.32,2469979.0,5.685666666666666e-05,2.796e-05,-0.0001107466666666,1662600000000.0,218764347965.9309,62814704878.238335,28.0,61.9644,8.231,2662216496096.46,95277013760.04,1012589353181.18,58395115155.67
2025-04-05,83889.87,84266.0,82379.95,83537.99,9360.40468,1575750.0,1816.88,1827.29,1764.39,1806.01,201716.2696,861593.0,122.8,122.85,117.15,120.32,1784381.3,891779.0,5.467999999999999e-05,2.446e-05,5.2616666666666674e-05,1653280000000.0,217559524568.40533,61565751353.72597,30.0,61.9603,8.1562,2685795066701.58,104369755311.03,1021669697614.57,59208045062.36
2025-04-06,83537.99,83817.63,77153.83,78430.0,27942.71436,3948493.0,1806.02,1817.0,1537.5,1580.76,979847.0958,3251935.0,120.33,121.13,103.81,105.91,4934346.985,2282758.0,1.6603333333333334e-05,1.809e-05,-3.606666666666665e-06,1547080000000.0,189342546990.54605,54256961241.69357,34.0,61.9717,8.1491,2674309952996.06,43141876234.49,1016995112378.23,28775376469.89
2025-04-07,78430.0,81243.58,74508.0,79163.24,78387.53089,9736596.0,1580.77,1639.0,1411.01,1553.04,2168796.0067,5723226.0,105.9,113.0,95.26,106.99,12630664.993,5170857.0,5.600333333333334e-05,-2.733333333333333e-05,-7.299999999999999e-06,1576340000000.0,188277124160.52185,55195315583.49533,23.0,62.5001,7.6602,2485869405665.09,94826732931.77,932198533020.54,58551584519.99
2025-04-08,79163.24,80867.99,76239.9,76322.42,35317.32063,5512751.0,1553.04,1618.67,1441.3,1473.41,891846.1327,3369669.0,106.98,112.58,102.96,105.4,5839129.782,2475283.0,3.594333333333333e-05,-2.3733333333333336e-06,-0.00013184,1515430000000.0,177522858597.85297,54287140754.73682,24.0,62.7009,7.4793,2506456117484.03,206668712171.19,934885843043.09,115387678427.01
2025-04-09,76322.42,83588.0,74620.0,82615.22,75488.28772,7741252.0,1473.41,1689.0,1385.05,1669.51,1968530.9138,4723847.0,105.4,121.0,101.26,119.05,9334586.139,3699577.0,4.724e-05,-3.275e-05,-2.7666666666666667e-05,1641890000000.0,200673495123.9628,61305284254.31649,18.0,62.5291,7.3388,2420957450085.37,110196076629.14,907155337758.67,61973424820.44
2025-04-10,82615.22,82753.21,78464.36,79607.3,33284.80718,4529545.0,1669.51,1669.85,1471.02,1522.25,911855.3934,3007121.0,119.05,119.3,108.21,112.81,5566324.629,2144865.0,4.864666666666667e-05,4.3213333333333335e-05,7.818666666666667e-05,1579170000000.0,183705103465.4264,58129682008.24995,39.0,62.3915,7.665,2626946878705.57,178875382658.79,987955597425.25,94838748291.95
2025-04-11,79607.3,84300.0,78969.58,83423.84,34435.43797,4423157.0,1522.24,1591.47,1504.63,1566.85,578484.3183,2547292.0,112.8,122.65,112.16,121.41,4344066.889,1940948.0,3.5366666666666674e-06,-2.4120000000000003e-05,2.729666666666667e-05,1654650000000.0,188934375324.1824,62358303493.16175,25.0,62.3548,7.2496,2533574147525.09,104565632309.52,953769955042.25,59848924608.13
2025-04-12,83423.83,85905.0,82792.95,85276.9,18470.74437,2501196.0,1566.85,1669.59,1546.06,1644.18,501867.9033,2177800.0,121.41,134.11,119.41,132.24,4620265.855,2075498.0,4.894e-05,1.4423333333333331e-05,2.3216666666666667e-05,1692590000000.0,198698532907.382,68193560924.8416,43.0,62.8249,7.1752,2635035024204.48,92244811444.01,979578221222.15,50618245570.77
2025-04-13,85276.91,86100.0,83034.23,83760.0,24680.04181,3275879.0,1644.19,1649.75,1562.01,1597.76,580136.6145,2597350.0,132.24,133.96,125.32,128.38,4054370.603,2065828.0,7.709333333333334e-05,6.0593333333333335e-05,5.946333333333334e-05,1658880000000.0,192289658794.8651,66036913893.61363,45.0,62.4635,7.3197,2710025730557.76,71748018243.3,1017248879153.63,47453346151.78
2025-04-14,83760.0,85799.99,83678.0,84591.58,28659.09348,3921522.0,1597.76,1691.5,1595.56,1623.77,645930.1419,2975844.0,128.38,136.13,127.98,129.42,4150251.45,2656562.0,5.889333333333333e-05,6.228e-05,-1.4513333333333336e-05,1679170000000.0,195931479773.2913,66920223990.21342,31.0,62.6569,7.2673,2651914257272.77,78157302792.06,990306699517.62,49293716477.37
2025-04-15,84591.58,86496.42,83600.0,83643.99,20910.99528,2910533.0,1623.78,1661.21,1583.12,1588.78,476178.8915,2283302.0,129.41,134.45,125.82,126.11,3431482.497,2155278.0,2.138666666666667e-05,1.5689999999999997e-05,-5.725000000000001e-05,1660990000000.0,191995125325.2828,65288256444.29593,38.0,62.8196,7.331,2671852379559.01,86678407608.93,993405170613.59,52606485150.59
2025-04-16,83643.99,85500.0,83111.64,84030.38,20867.24519,3264730.0,1588.77,1613.66,1538.07,1577.14,611387.8686,2645419.0,126.1,133.91,123.49,131.33,5320768.994,2740116.0,3.7743333333333335e-05,-3.933333333333334e-06,-4.890666666666667e-05,1670560000000.0,190424983414.23044,67830273402.85633,29.0,62.9578,7.2698,2637947431994.9,73697600984.96,977153699477.37,45651652774.75
2025-04-17,84030.38,85470.01,83736.26,84947.91,13728.84772,2003405.0,1577.15,1616.96,1563.2,1583.62,449870.3628,1871114.0,131.33,136.2,129.5,134.83,3817459.718,2093402.0,3.502666666666666e-05,2.6240000000000003e-05,7.204666666666666e-05,1686270000000.0,191250367664.19128,69541211531.21843,30.0,63.0587,7.1977,2645449093617.8,80926101688.44,977262983311.13,51679835785.11
2025-04-18,84947.92,85132.08,84303.96,84474.69,6529.96315,840009.0,1583.63,1600.64,1573.54,1588.6,200409.0359,889028.0,134.84,136.02,132.47,134.04,2556341.874,1202801.0,3.951333333333333e-05,-6.2333333333333335e-06,-1.5493333333333333e-05,1676270000000.0,191810451312.4748,69112197459.73492,33.0,63.1502,7.1563,2669373250053.47,63159296202.41,983658674659.41,41522511345.98
2025-04-19,84474.7,85677.99,84364.45,85077.01,9666.58153,875226.0,1588.6,1631.81,1585.01,1613.27,223096.3899,1762563.0,134.05,140.5,133.58,139.87,2816038.068,1276245.0,2.3336666666666663e-05,4.549000000000001e-05,-8.121333333333333e-05,1690000000000.0,194902848420.0197,72084209901.99841,32.0,62.9509,7.2005,2663370088681.14,44678551821.39,986754339316.78,31950542672.77
2025-04-20,85077.0,85320.76,83949.52,85179.24,8091.67725,944130.0,1613.26,1619.19,1565.59,1587.36,276052.2306,1913811.0,139.86,141.96,135.64,137.86,3498098.615,1308457.0,-1.2113333333333331e-05,2.710333333333333e-05,-0.0001283,1689580000000.0,191348693522.9589,71062665056.26753,37.0,62.7918,7.2386,2689723413368.2,45722679255.57,1000798659046.35,30538102536.0
2025-04-21,85179.24,88465.99,85144.76,87516.23,31773.37262,3041395.0,1587.36,1658.75,1564.07,1579.57,691486.6667,4257816.0,137.86,143.25,133.82,136.56,4657400.503,2024307.0,4.062666666666667e-05,5.964333333333333e-05,-0.0001535966666666,1734460000000.0,190349300720.0562,70362006544.06801,39.0,62.9429,7.1321,2686531790539.74,48855810605.29,995551232606.95,34225918884.33
2025-04-22,87516.22,93888.0,87076.03,93442.99,43872.74705,3268475.0,1579.57,1778.0,1537.26,1756.26,1103036.9586,3841594.0,136.57,150.23,134.68,148.79,5078409.536,2263131.0,-1.333333333333321e-07,1.509e-05,-6.008333333333333e-05,1856300000000.0,212205514777.26248,76956211613.1779,47.0,63.5284,6.9713,2735184068666.69,91989075518.69,997564152456.06,50580180103.63
2025-04-23,93442.99,94696.05,91935.41,93691.08,27404.16808,3016536.0,1756.25,1834.86,1744.95,1795.07,887545.6316,3346263.0,148.78,154.21,147.13,151.1,4801378.47,2567533.0,1.524e-05,8.765e-05,4.1926666666666666e-05,1860320000000.0,217016923677.4247,78246011546.12605,72.0,63.634,7.2742,2915705611165.02,123404933206.55,1060325381660.13,67516560238.73
2025-04-24,93691.07,94005.0,91660.01,93980.47,19497.06071,2797383.0,1795.08,1802.82,1722.9,1769.65,483465.0385,2225460.0,151.1,152.9,144.87,152.55,3535860.484,1929306.0,1.246666666666666e-06,5.949666666666667e-05,8.387666666666668e-05,1863410000000.0,213599085875.218,78747458645.39494,63.0,63.4725,7.3969,2931025902543.43,117181690985.54,1070630451193.91,75421611643.68
2025-04-25,93980.47,95758.04,92855.96,94638.68,27500.66648,3331828.0,1769.64,1827.32,1738.6,1784.6,595610.8894,2516748.0,152.55,157.0,149.87,150.82,4226767.973,2143364.0,-4.913333333333333e-06,4.262e-05,7.078333333333334e-05,1881750000000.0,216028609726.5409,78093311461.31975,60.0,63.4587,7.267,2940262416387.24,91245031507.94,1074409383208.17,59707798840.04
2025-04-26,94638.68,95199.0,93870.69,94628.0,9415.06875,1475983.0,1784.6,1841.16,1778.94,1820.88,355068.0442,1907298.0,150.82,153.17,147.75,149.21,1766805.88,1204338.0,-3.3346666666666664e-05,-4.803333333333334e-06,-3.592666666666667e-05,1880270000000.0,219712514615.1536,77150099802.16609,65.0,63.539,7.2859,2959859067146.07,106549580116.03,1079193710003.17,65609743015.77
2025-04-27,94628.0,95369.0,93602.58,93749.3,11162.841,1918160.0,1820.87,1857.47,1781.9,1791.29,340332.6435,2405764.0,149.22,150.41,145.51,147.98,1599977.891,1297845.0,-8.603333333333335e-06,-1.6513333333333333e-05,2.7666666666666573e-07,1862800000000.0,216499722213.1439,76760309688.7424,61.0,63.3053,7.4077,2969192395640.96,65632317925.63,1089536160148.97,48022461962.69
2025-04-28,93749.29,95630.0,92800.01,95011.18,22157.53351,3424740.0,1791.29,1827.98,1744.71,1799.88,587269.743,2980656.0,147.97,153.4,144.63,147.84,3507950.445,1972070.0,-1.734e-05,-4.417333333333334e-05,-2.3746666666666667e-05,1887720000000.0,217288153706.4764,76568471750.17975,54.0,63.3001,7.3555,2941512672805.8,60650412067.82,1079530975140.85,42557476380.94
2025-04-29,95011.18,95461.53,93742.54,94256.82,16955.3402,3020875.0,1799.88,1842.99,1780.47,1797.81,480456.3884,2590967.0,147.84,150.39,145.0,146.31,2498992.492,1432629.0,3.15e-06,4.225e-05,-6.059666666666667e-05,1868640000000.0,216454000756.59723,75593146102.68425,60.0,63.4169,7.3022,2975175235909.15,92205023614.91,1088411394775.2,59849053491.03
2025-04-30,94256.82,95228.45,92910.0,94172.0,17661.2751,3214149.0,1797.81,1816.8,1731.7,1793.61,473523.9877,2468998.0,146.3,148.67,140.32,147.54,2780816.363,1779447.0,-2.013e-05,-4.178666666666667e-05,-9.055e-05,1871350000000.0,216740699821.1248,76490626180.1936,56.0,63.4611,7.3616,2950185417932.73,77052797594.85,1077965427108.69,50616856809.44
2025-05-01,94172.0,97424.02,94130.43,96489.91,21380.45343,2925716.0,1793.62,1873.17,1792.52,1838.11,537198.7291,2398765.0,147.54,153.99,147.54,150.85,3037281.454,1494429.0,4.153333333333333e-06,3.551e-05,4.646333333333333e-05,1914580000000.0,221927431846.90128,78022647092.07332,53.0,63.5229,7.3548,2944967064868.37,79492511052.04,1074239870216.32,51146110157.44
2025-05-02,96489.9,97895.68,96350.0,96887.14,14905.74811,2698263.0,1838.1,1871.0,1813.0,1842.2,410667.875,2062923.0,150.85,151.91,147.3,148.05,2216263.073,1244594.0,-0.00010101,-2.3253333333333337e-05,-2.8783333333333336e-05,1923160000000.0,222306843138.49847,76645973965.7924,67.0,63.7525,7.3866,3005742722444.4,82928583117.08,1089507748852.78,50051694887.49
2025-05-03,96887.13,96935.67,95753.01,95856.42,9723.34838,1181239.0,1842.2,1848.6,1810.0,1833.52,213751.5979,1135719.0,148.04,149.05,145.82,146.71,1406583.56,808828.0,-1.4126666666666666e-05,2.852666666666667e-05,-8.767333333333333e-05,1905370000000.0,221597546191.99524,76085121466.46533,65.0,63.8073,7.3763,3016087433285.38,71226465132.69,1091603290380.91,44800154208.33
2025-05-04,95856.42,96304.48,94151.38,94277.62,11036.38342,1674726.0,1833.52,1849.95,1803.0,1808.86,238254.3564,1443996.0,146.71,147.81,143.5,143.95,1613358.553,970408.0,2.448e-05,2.4423333333333337e-05,-5.5643333333333336e-05,1874320000000.0,218437860134.9352,74637302765.73018,64.0,63.8639,7.4258,2981403745766.67,48550366119.12,1077363836615.89,32777349701.65
2025-05-05,94277.61,95199.0,93514.1,94733.68,17251.18189,2623300.0,1808.86,1833.55,1781.85,1820.19,342341.0078,1961255.0,143.94,147.73,142.5,146.72,2030995.801,1298883.0,-3.383333333333334e-06,1.1243333333333331e-05,-4.812333333333333e-05,1883810000000.0,220026544805.69208,76155155387.50801,52.0,63.8009,7.4384,2935729267530.39,51135034066.92,1062708781776.18,32936340314.19
2025-05-06,94733.68,96920.65,93377.0,96834.02,16122.64513,2512960.0,1820.19,1820.9,1752.0,1817.0,384584.2451,2333041.0,146.72,147.23,141.41,146.88,2352310.935,1435973.0,2.391666666666667e-05,4.913333333333335e-06,-1.916666666666668e-06,1920090000000.0,219036254028.60727,75958386176.9687,59.0,63.849,7.455,2947183238128.65,67273959173.21,1065435551575.95,41561618594.12
2025-05-07,96834.02,97732.0,95784.61,97030.5,16644.83854,2849139.0,1817.0,1850.0,1787.01,1811.11,456170.0705,2408512.0,146.89,149.54,144.68,147.32,2440566.284,1388238.0,8.376666666666667e-06,3.724333333333333e-05,6.324e-05,1929260000000.0,219075391164.86328,76476079606.25443,67.0,64.3098,7.3323,2989982517103.93,73774396334.84,1067131702147.49,47204087618.26
2025-05-08,97030.5,104145.76,96876.29,103261.6,34962.02847,4991147.0,1811.11,2226.0,1808.71,2207.39,1473152.686,5616063.0,147.32,164.6,147.08,164.46,6040622.618,2680223.0,4.2180000000000006e-05,7.760333333333334e-05,5.976333333333333e-05,2047130000000.0,264774758450.8445,84753323679.74875,65.0,64.383,7.3063,2993482192419.78,124043409424.15,1066189889224.29,47052233850.61
2025-05-09,103261.61,104361.3,102315.14,102971.99,27617.39907,4406929.0,2207.39,2490.77,2184.33,2345.04,1667041.0382,6885286.0,164.46,176.15,161.07,172.78,6318574.649,3565297.0,8.126e-05,0.0001,0.0001,2044620000000.0,282779929856.4966,89704620713.27188,73.0,63.5161,8.2517,3228661003151.7,162228657312.15,1177941738303.48,92342339555.4
2025-05-10,102971.99,104984.57,102818.76,104809.53,15324.78611,2227845.0,2345.04,2600.0,2317.0,2583.23,979350.1606,4862978.0,172.77,178.98,168.72,177.89,3339701.179,2296552.0,7.971333333333333e-05,9.604333333333334e-05,0.0001,2077280000000.0,312043486572.7668,91983708947.36082,70.0,62.6355,8.672,3265491894823.65,174637758130.18,1220134865022.81,115976408376.59
2025-05-11,104809.53,104972.0,103345.06,104118.0,17987.12197,3100176.0,2583.22,2608.13,2435.51,2514.57,831584.3888,4340859.0,177.89,180.26,169.35,173.19,3210729.52,2541298.0,8.05e-05,6.600333333333333e-05,8.372333333333333e-05,2065280000000.0,302749495347.47614,89682934670.5349,70.0,61.7123,9.2496,3371555312987.71,131504788923.11,1290891036607.27,89197913090.73
2025-05-12,104118.0,105819.45,100718.37,102791.32,31272.77792,5298407.0,2514.58,2624.0,2406.63,2495.47,1068680.9433,5441783.0,173.2,181.46,168.31,174.22,6245732.977,3870262.0,5.585e-05,7.601666666666667e-05,6.819e-05,2044350000000.0,301051163667.6132,90524673526.26283,70.0,62.1463,9.1151,3327829196151.48,129065852332.33,1259705245505.07,82832452621.4
2025-05-13,102791.32,104976.25,101429.7,104103.72,21253.42409,3703531.0,2495.48,2738.5,2415.3,2679.71,1031355.6465,4666012.0,174.22,184.83,166.18,183.75,4587043.398,3136625.0,8.034333333333333e-05,8.744333333333334e-05,7.627666666666667e-05,2068750000000.0,323133354498.6421,95604251460.96184,70.0,61.5968,9.0897,3315483887226.43,180686917309.45,1273250254386.98,117131245106.74
2025-05-14,104103.72,104356.95,102602.05,103507.82,16452.9081,3025221.0,2679.71,2725.99,2547.26,2609.74,830047.1122,4181188.0,183.75,184.88,173.23,176.64,3619155.253,2715293.0,6.879333333333332e-05,6.739e-05,7.431666666666667e-05,2057400000000.0,314264995942.7461,91587860475.8496,73.0,61.127,9.5594,3384993704659.26,148864262004.06,1315849139627.94,96235362520.13
2025-05-15,103507.83,104192.7,101383.07,103763.71,17998.98604,4139477.0,2609.75,2647.03,2476.03,2548.69,768954.0332,4305508.0,176.63,178.33,166.7,169.16,3546037.724,2756715.0,3.251e-05,8.566e-05,6.6033333333333325e-06,2060300000000.0,306733379344.2516,87619202767.17738,70.0,61.5572,9.4312,3341132865123.04,127575048510.14,1284423477586.33,81235151215.25
2025-05-16,103763.71,104550.33,103100.49,103463.9,15683.88024,3237442.0,2548.7,2649.31,2529.4,2537.12,605953.6919,3310498.0,169.16,174.21,166.36,167.4,2766386.671,2033247.0,5.6023333333333336e-05,8.001e-05,2.0719999999999995e-05,2057360000000.0,307459313578.1138,87243437862.25243,71.0,62.3222,9.3008,3306851935866.14,133125570906.25,1245950501965.22,82672110076.82
2025-05-17,103463.9,103709.86,102612.5,103126.65,11250.89622,2568597.0,2537.13,2538.16,2446.42,2475.08,494333.2782,2950197.0,167.4,169.99,164.01,165.94,2262121.706,1819659.0,2.2526666666666666e-05,9.996666666666669e-06,-7.36666666666667e-07,2049900000000.0,298754559881.7525,86241653559.00536,74.0,62.3721,9.2923,3296202571544.31,109018019744.93,1240293317324.77,64661638203.78
2025-05-18,103126.65,106660.0,103105.09,106454.26,21599.98726,3193300.0,2475.09,2587.61,2323.21,2497.78,810103.1851,3416878.0,165.94,176.77,164.54,173.3,3194610.936,2251214.0,7.548333333333333e-05,3.4683333333333334e-05,4.9766666666666666e-05,2106030000000.0,297706523604.0256,89249924423.80498,74.0,62.6841,9.1412,3269729880656.18,93708649277.6,1220130450129.52,55807538867.72
2025-05-19,106454.27,107108.62,102000.0,105573.74,30260.03524,4881371.0,2497.78,2547.36,2348.38,2528.14,861747.523,4757453.0,173.3,173.94,159.44,166.86,4076352.744,2778183.0,4.713333333333333e-05,3.595666666666667e-05,-8.483333333333334e-05,2098090000000.0,305013045268.2629,86702506047.44974,74.0,62.8405,8.9644,3365862234590.21,122440977924.21,1250738291473.49,72537741204.36
2025-05-20,105573.73,107320.0,104184.72,106849.99,23705.48275,3878351.0,2528.14,2588.63,2442.4,2524.19,676989.1747,3816684.0,166.87,173.11,164.51,168.59,3135420.426,2366165.0,5.583666666666667e-05,5.331333333333333e-05,4.994e-05,2123590000000.0,304875860842.3928,87648230062.84259,71.0,62.9163,9.1547,3334929360512.02,138337288635.66,1236716495660.37,76137954583.34
2025-05-21,106850.0,110797.38,106100.01,109643.99,45531.040345,6835279.0,2524.19,2615.95,2452.2,2550.99,1095890.2902,5568312.0,168.59,175.99,165.51,173.53,4400610.4,3211242.0,7.011e-05,4.549333333333334e-05,8.792666666666668e-05,2179570000000.0,308819477576.416,90401721055.4013,70.0,63.1336,9.0662,3361605784601.77,107062008254.79,1239303479302.14,69970445147.86
2025-05-22,109643.99,111980.0,109177.37,111696.21,31630.77313,5794216.0,2551.0,2692.99,2544.83,2664.82,852555.6669,5196535.0,173.54,180.87,172.59,179.68,3608222.862,2760365.0,0.0001,7.047000000000001e-05,9.202333333333332e-05,2214820000000.0,320823107800.3686,93387442617.9184,72.0,63.3104,8.9531,3441643763241.35,172915877576.77,1262724130345.09,94873779253.85
2025-05-23,111696.22,111800.0,106800.0,107318.3,31737.72309,5251192.0,2664.83,2734.23,2498.3,2526.5,971442.4532,5450420.0,179.68,187.71,173.23,174.01,6112910.776,4081755.0,8.398666666666666e-05,6.424666666666666e-05,0.0001,2131720000000.0,304453743448.9744,90662522540.86328,78.0,63.0212,9.1351,3521198923414.85,163241461699.66,1302095423004.72,93146020731.78
2025-05-24,107318.3,109506.03,106875.41,107761.91,16782.53129,2805418.0,2526.49,2575.85,2515.08,2530.4,257544.2344,2090724.0,174.0,178.33,172.5,175.87,2317965.021,1707936.0,5.317e-05,5.382333333333334e-05,3.0663333333333335e-05,2144200000000.0,305395241737.016,91567984023.52116,66.0,63.1658,9.0364,3375353066586.07,172245079173.61,1243284990671.99,104625549521.48
2025-05-25,107761.9,109299.99,106600.64,109004.19,17710.04695,3151168.0,2530.41,2554.26,2463.0,2551.22,359890.0299,2556052.0,175.87,176.88,169.14,175.74,2530363.859,1870817.0,6.186e-05,6.092666666666667e-05,-3.7333333333333337e-06,2164070000000.0,307488664060.1243,91100012421.5774,74.0,63.1047,9.0009,3394107202665.36,95962508702.49,1252264358541.7,50049143937.22
2025-05-26,109004.2,110422.22,108670.58,109434.79,14649.11593,2887863.0,2551.22,2599.0,2525.86,2563.7,362971.1182,2374458.0,175.75,179.02,173.48,174.91,2214724.796,1720528.0,9.037666666666669e-05,4.381e-05,3.1536666666666666e-05,2173210000000.0,309291233340.0605,90877845344.25111,73.0,63.2434,8.9935,3425272030195.48,103453439172.3,1259012474579.25,55958132775.48
2025-05-27,109434.78,110718.0,107516.57,108938.17,21276.65635,3735509.0,2563.7,2712.36,2509.46,2660.81,798430.8862,4017588.0,174.92,179.41,171.24,176.71,2568509.368,2144420.0,5.797333333333333e-05,8.008666666666667e-05,-5.953333333333332e-06,2167180000000.0,321302832745.0627,91952220877.3036,74.0,63.4069,9.0259,3429916633449.51,103370553748.48,1255112024067.08,57837390665.49
2025-05-28,108938.17,109284.7,106769.43,107781.78,15633.78829,2933262.0,2660.81,2689.14,2608.5,2681.6,560095.6833,3160462.0,176.72,177.45,168.92,172.21,2534660.877,1739709.0,3.597333333333333e-05,0.0001,-2.2176666666666667e-05,2143960000000.0,323197087481.9875,89591187035.29434,71.0,62.929,9.3403,3441420258700.16,132560042498.69,1275769454567.64,75098340468.63
2025-05-29,107781.78,108891.91,105322.86,105589.75,19834.70116,3774926.0,2681.61,2788.0,2619.05,2631.39,811567.2545,4254669.0,172.22,175.34,165.96,166.71,2641789.968,1933597.0,4.792333333333333e-05,9.440333333333332e-05,-1.2283333333333331e-05,2101050000000.0,317914392267.70154,86802858400.75858,74.0,62.7853,9.4901,3411688276306.9,116705882803.11,1269648383120.69,67559980431.38
2025-05-30,105589.75,106313.12,103621.0,103985.48,23706.49799,4307572.0,2631.39,2649.23,2507.35,2531.34,763045.2564,4624552.0,166.71,167.51,155.22,156.2,3770279.512,2744989.0,4.621e-05,7.725333333333333e-05,-1.1046666666666664e-05,2066290000000.0,304863953144.958,81457558146.12682,60.0,62.7573,9.5025,3344158837150.71,135572077211.01,1245455030607.32,130179725744.19
2025-05-31,103985.47,104900.0,103068.55,104591.88,11289.35922,2343787.0,2531.35,2550.34,2475.33,2528.06,394537.2521,2792146.0,156.2,158.01,152.14,156.45,2352257.752,1971476.0,6.915e-05,4.727333333333333e-05,-1.6959999999999997e-05,2080800000000.0,305741718272.016,81880089207.03601,50.0,63.4427,9.3776,3257644725323.91,150209766209.61,1190905958195.8,92525199773.58
2025-06-01,104591.88,105866.91,103752.49,105642.93,9709.70006,1939359.0,2528.06,2547.79,2468.56,2539.21,332021.7088,2210246.0,156.45,157.92,150.59,157.68,2042131.041,1648590.0,1.9566666666666667e-05,4.945333333333333e-05,-6.187666666666667e-05,2101550000000.0,306547295531.875,82331362863.05956,56.0,63.4887,9.3219,3275399283271.81,102369694163.04,1195889616897.5,63351722923.08
2025-06-02,105642.93,105935.63,103659.88,105857.99,13453.98813,2997656.0,2539.2,2615.0,2475.0,2607.41,468889.9737,3239230.0,157.68,158.93,151.67,156.83,2502052.191,1950497.0,3.139333333333333e-05,5.184e-05,2.871e-05,2104560000000.0,314895185336.8973,81961908426.29126,64.0,63.5764,9.2758,3302646623160.53,88111607455.88,1202944041649.97,50713547524.38
2025-06-03,105858.0,106794.67,104872.5,105376.89,13259.52634,2470698.0,2607.42,2655.38,2575.0,2593.36,454383.0439,3098351.0,156.83,163.64,154.14,155.19,2849585.145,2057700.0,5.1756666666666665e-05,4.909e-05,3.897666666666666e-05,2096350000000.0,313287534023.94586,81228465091.34155,64.0,63.3375,9.4744,3322372941727.33,105318828902.31,1218063759838.78,59526407922.58
2025-06-04,105376.9,106000.0,104179.0,104696.86,14034.89482,2274464.0,2593.35,2679.88,2583.5,2607.68,502494.8214,2754319.0,155.19,157.97,152.94,153.26,1990646.424,1613483.0,1.1873333333333334e-05,6.636666666666668e-05,7.596666666666667e-06,2082460000000.0,315079936490.4716,80164801866.32448,62.0,63.2486,9.4522,3313020619377.92,111737129534.39,1217582629254.74,65548340875.12
2025-06-05,104696.86,105909.71,100372.26,101508.68,22321.50154,3963295.0,2607.68,2640.86,2391.66,2414.01,808938.0344,4181206.0,153.27,154.61,141.53,144.29,4258041.075,2600389.0,2.7003333333333333e-05,5.7543333333333335e-05,1.4266666666666663e-05,2020620000000.0,292301260891.19867,75784475677.77238,57.0,63.2642,9.57,3290728491343.64,104637725601.77,1208873966326.18,60109235920.72
2025-06-06,101508.69,105333.0,101095.8,104288.44,15839.07385,2709327.0,2414.02,2531.36,2381.49,2476.1,578843.4974,3246760.0,144.28,152.39,144.11,147.83,2167791.114,1517934.0,-3.172e-05,1.3933333333333333e-05,-6.415666666666667e-05,2075350000000.0,299383991438.2626,77629538986.8749,45.0,63.6527,9.1974,3171640219646.37,137030274449.34,1152806842386.09,79988792885.3
2025-06-07,104288.43,105900.0,103871.09,105552.15,8344.93206,1402494.0,2476.1,2544.36,2457.0,2524.63,264787.6743,1587509.0,147.82,152.84,146.84,150.06,1408204.615,1041436.0,-1.918e-05,6.969333333333333e-05,1.706e-05,2100530000000.0,305076491922.1864,78747278875.9723,52.0,63.825,9.201,3250773613241.06,111686175096.3,1175967762511.72,62815767679.8
2025-06-08,105552.15,106488.14,104964.14,105734.0,8048.06305,1295154.0,2524.64,2548.63,2490.58,2509.83,266474.7139,1401175.0,150.07,155.3,147.88,152.45,1564000.366,1073644.0,2.2730000000000004e-05,8.072333333333333e-05,4.909999999999999e-06,2101420000000.0,302963091111.844,80070077849.47864,62.0,63.7146,9.2555,3295079839234.35,85348922273.22,1195631825502.54,46977539342.63
2025-06-09,105734.01,110530.17,105318.37,110263.02,19975.37451,2839846.0,2509.84,2693.99,2477.73,2680.13,568726.3025,2896758.0,152.45,161.73,149.58,161.16,3079728.265,1853346.0,1.639e-05,4.2663333333333335e-05,5.891333333333333e-05,2190320000000.0,323140399028.4544,84310315619.06204,62.0,63.6821,9.18,3301947743973.64,89177750002.44,1199196697614.09,52488880918.64
2025-06-10,110263.02,110400.0,108331.03,110274.39,17071.82839,3003420.0,2680.13,2827.0,2655.61,2816.4,1138405.4775,5277581.0,161.16,165.67,156.32,165.12,3589559.163,2626493.0,8.179666666666667e-05,0.0001,6.321333333333334e-05,2187910000000.0,338774503470.4132,86526455930.21503,71.0,63.7291,9.4093,3440137021406.84,122300615404.95,1247769844464.42,65896816837.33
2025-06-11,110274.39,110392.01,108064.0,108645.12,13115.91638,2667014.0,2816.41,2879.22,2743.75,2771.61,850210.9324,4906906.0,165.12,168.36,159.21,160.97,4019424.999,2696532.0,7.402666666666667e-05,0.0001,0.0001,2159570000000.0,334952789201.36255,84457319103.08032,72.0,63.1665,9.7923,3469534860205.16,144905293680.9,1277950461946.33,89723688714.25
2025-06-12,108645.13,108813.55,105671.72,105671.73,17778.67218,3517420.0,2771.6,2784.83,2616.24,2642.65,699593.3757,4172997.0,160.98,161.28,152.02,152.32,2883476.685,2232785.0,3.4336666666666666e-05,7.123e-05,2.996e-05,2107010000000.0,320268534833.0013,80206243230.52866,71.0,63.2249,9.7976,3417060495421.26,133670615315.03,1256625778940.98,82853353649.74
2025-06-13,105671.74,106179.53,102664.31,106066.59,26180.81734,5452577.0,2642.66,2645.45,2436.98,2579.19,1202176.2972,6026303.0,152.32,152.59,140.21,148.6,5339782.783,3503943.0,5.953333333333333e-06,-1.1933333333333343e-06,-3.3043333333333336e-05,2107560000000.0,311223499496.0085,78069172637.95555,61.0,63.4355,9.6392,3316178396809.45,127160863010.93,1212543909917.1,72381040791.0
2025-06-14,106066.59,106252.0,104300.0,105414.64,8798.93969,1521776.0,2579.19,2579.43,2488.72,2530.76,331438.9278,1988958.0,148.6,148.7,141.97,144.64,1679994.751,1221540.0,2.317e-05,2.324666666666667e-05,3.5356666666666666e-05,2096480000000.0,305798355138.67554,76358694082.19025,63.0,63.8481,9.4273,3303513358182.01,167117046235.32,1194283064489.16,97581642750.0
2025-06-15,105414.63,106128.57,104494.53,105594.01,7164.20047,1564768.0,2530.77,2559.51,2492.0,2547.61,299701.6624,1846489.0,144.65,153.54,144.22,152.97,2831999.616,1768520.0,1.722333333333333e-05,5.7950000000000006e-05,4.094333333333333e-05,2097380000000.0,307427282125.4081,80517167317.91304,60.0,64.0106,9.3358,3275383864728.55,82538151594.87,1178789747839.1,44522183697.8
2025-06-16,105594.02,108952.38,104980.37,106794.53,14922.6654,2928998.0,2547.62,2680.34,2514.85,2544.17,680429.988,3434185.0,152.97,158.8,150.3,150.72,3573196.785,2206641.0,2.933e-05,5.8643333333333335e-05,6.458666666666668e-05,2131790000000.0,309652305866.33124,80275759646.76535,61.0,63.8318,9.3548,3287463042469.71,81507637580.79,1189016599171.4,44745424305.3
2025-06-17,106794.53,107771.34,103371.02,104551.17,17866.33025,3723010.0,2544.17,2618.6,2453.8,2509.95,715930.4081,4017130.0,150.73,154.33,145.61,147.57,3395648.859,2452350.0,3.278e-05,4.884e-05,5.439333333333333e-05,2079800000000.0,303420275939.61584,78024905796.32932,68.0,64.0365,9.2548,3315140978188.43,123693969818.42,1192242241164.08,73336900805.76
2025-06-18,104551.17,105550.27,103500.0,104886.78,13968.64167,3468170.0,2509.95,2548.42,2465.78,2525.0,504532.1818,3243812.0,147.58,149.28,143.65,146.34,2800908.98,1975830.0,2.8783333333333333e-05,4.9833333333333336e-05,9.226666666666666e-06,2083480000000.0,304517536633.3506,77421926106.18521,52.0,63.9744,9.3252,3250011514831.32,132023219344.45,1170835696973.01,75559965283.72
2025-06-19,104886.79,105226.17,103929.27,104658.59,7678.60737,1718045.0,2525.0,2546.91,2485.03,2521.12,252646.059,1667327.0,146.35,147.9,142.92,147.04,2285335.729,1402937.0,1.2856666666666668e-05,5.026333333333333e-05,2.1643333333333333e-05,2081420000000.0,304583606505.09674,77603321380.31914,57.0,64.019,9.3568,3257429809184.11,110796480712.41,1172056628666.61,63506366689.24
2025-06-20,104658.59,106524.65,102345.0,103297.99,16419.06283,3029404.0,2521.13,2569.0,2367.36,2406.49,632027.8235,3175602.0,147.04,148.81,135.69,140.11,3393327.209,2056826.0,4.609000000000001e-05,6.566e-05,3.6903333333333336e-05,2053220000000.0,290112235463.73254,73796709298.54938,54.0,63.9933,9.36,3252118162853.55,84905800849.17,1170979390617.61,47562672624.13
2025-06-21,103297.98,103982.64,100837.9,102120.01,11154.21332,2172578.0,2406.49,2448.8,2216.0,2295.73,496783.864,2825558.0,140.11,142.6,130.9,135.43,2826424.143,1758763.0,4.45e-05,-4.526666666666668e-06,-3.333e-05,2018940000000.0,273556899808.99783,71110017891.89433,49.0,64.3162,9.0988,3193619333281.39,115295735404.15,1139605327243.48,64321784381.6
2025-06-22,102120.02,103399.62,98200.0,100963.87,28746.41072,5121309.0,2295.72,2314.48,2111.89,2227.7,840155.8295,5203723.0,135.43,137.62,126.0,131.71,4252120.023,3207787.0,5.676e-05,7.183333333333334e-06,4.52e-06,2006080000000.0,268886065933.88345,70032835157.71342,42.0,64.7368,8.8384,3138352601451.89,92339334420.25,1106683221284.59,54019174202.07
2025-06-23,100963.87,106074.2,99613.33,105333.93,27666.50609,4944207.0,2227.7,2438.68,2188.0,2411.66,744583.8003,4477307.0,131.71,146.92,130.68,144.51,4573147.667,2897589.0,3.3966666666666675e-06,3.393333333333333e-06,2.296e-05,2097530000000.0,292317870454.63293,76906561557.37457,47.0,64.9398,8.6998,3092059833701.08,144566501365.38,1084082519657.35,79029544805.84
2025-06-24,105333.94,106290.0,104622.02,106083.0,14651.69335,2973481.0,2411.66,2482.04,2376.11,2448.45,516760.6621,3133356.0,144.51,146.77,142.31,145.92,2741809.086,1915616.0,9.7e-06,1.258e-05,2.8886666666666666e-05,2106850000000.0,294938705801.3416,77322794510.89783,65.0,64.5104,8.975,3251422984478.75,145370532299.99,1153915450067.79,80156720636.85
2025-06-25,106083.0,108135.3,105808.03,107340.58,16701.15551,2988892.0,2448.46,2468.69,2389.69,2418.49,414894.7387,2776920.0,145.93,147.95,142.25,143.57,2233601.909,1624941.0,1.7833333333333338e-06,1.1300000000000004e-06,4.464666666666667e-05,2133550000000.0,291897530517.4165,76097864168.35782,66.0,64.4476,9.0347,3272564487406.99,115907633538.93,1163476798190.03,67062971620.28
2025-06-26,107340.59,108272.45,106562.5,106947.06,10573.27279,2597742.0,2418.5,2520.92,2394.32,2415.96,463704.0261,2978926.0,143.57,148.0,138.62,139.06,2522507.942,1619748.0,1.542666666666667e-05,3.906666666666666e-05,-2.086666666666668e-06,2127790000000.0,291566574913.9397,74297843312.949,74.0,64.9175,8.8802,3288731370968.22,109154726645.23,1153768970957.6,57506871523.95
2025-06-27,106947.06,107735.34,106356.76,107047.59,12232.44042,2304499.0,2415.96,2463.54,2382.53,2423.17,381474.766,2112477.0,139.05,144.85,137.14,142.09,2471847.15,1441035.0,2.1110000000000003e-05,2.1436666666666668e-05,-1.0543333333333331e-05,2129390000000.0,292384187996.49634,75993487666.68065,65.0,65.1177,8.9298,3266323067177.36,102512696862.55,1139370227427.34,58617674876.58
2025-06-28,107047.58,107577.75,106811.51,107296.79,3282.17352,653305.0,2423.17,2447.8,2405.81,2435.62,155814.9859,855656.0,142.09,152.7,141.13,150.72,2657836.682,1266232.0,3.108666666666667e-05,4.3683333333333336e-05,8.977666666666667e-05,2134730000000.0,294336951743.2477,80605131994.58263,65.0,64.9492,8.9248,3278624909730.19,97131729846.71,1149183049890.09,51783621719.74
2025-06-29,107296.79,108528.5,107172.52,108356.93,6831.7364,1223202.0,2435.62,2525.0,2412.0,2500.09,284291.8057,1370707.0,150.73,154.77,149.36,153.32,2150026.172,1150742.0,5.5366666666666666e-05,4.998333333333334e-05,7.82e-05,2154730000000.0,302184015707.95496,81878994002.8509,68.0,64.7124,8.9207,3297877117822.64,66379128693.18,1163743066480.87,36342957779.63
2025-06-30,108356.93,108789.99,106733.33,107146.5,9754.12491,1773485.0,2500.09,2524.3,2431.0,2485.47,440455.714,2333352.0,153.32,159.99,149.45,154.81,3871390.335,1920915.0,2.988666666666667e-05,4.871666666666667e-05,3.915333333333333e-05,2130770000000.0,300462270286.07965,82914786038.56737,66.0,64.5198,9.0368,3340390617686.81,79213143423.58,1185177569262.59,43660864759.75
2025-07-01,107146.51,107540.0,105250.85,105681.14,10505.62437,2013289.0,2485.47,2500.8,2386.52,2405.01,351951.0868,1978858.0,154.82,155.64,144.85,146.88,2770862.174,1530183.0,2.165333333333333e-05,2.7676666666666665e-05,2.312666666666668e-05,2099270000000.0,289807752732.876,78454776843.1268,64.0,64.3824,9.0703,3309726866995.0,102305812622.83,1178845681110.36,59768139574.24
2025-07-02,105681.13,109730.0,105100.19,108849.6,17691.89592,2444708.0,2405.01,2619.28,2373.0,2570.41,634967.0337,2717139.0,146.87,154.47,145.85,152.27,2652574.279,1648001.0,3.113333333333333e-05,4.017333333333334e-05,-3.533e-05,2166150000000.0,311446304631.2529,81501147619.59242,63.0,64.6941,8.9384,3249064580818.2,97853901270.09,1147109917177.09,53811163825.41
2025-07-03,108849.59,110529.18,108530.4,109584.78,13047.08225,2568944.0,2570.41,2635.5,2556.12,2591.25,504943.6592,2506227.0,152.28,156.35,149.86,152.36,2686218.205,1619201.0,4.487e-05,8.072666666666667e-05,5.163333333333333e-05,2180220000000.0,312696715871.3392,81471685752.7184,73.0,64.4382,9.2382,3359230686524.17,127746350750.45,1194604503836.25,71500639323.35
2025-07-04,109584.77,109767.59,107245.0,107984.24,11793.86615,1975212.0,2591.26,2603.17,2474.24,2508.04,452593.02,1980591.0,152.35,153.88,145.22,147.7,2308086.736,1451892.0,4.012e-05,3.5543333333333336e-05,8.243333333333335e-06,2149430000000.0,303010727230.07776,79010540386.24,73.0,64.4485,9.2455,3383128377207.79,116401514233.0,1202752551840.41,65912570914.07
2025-07-05,107984.25,108420.56,107756.31,108198.12,3736.9757,710020.0,2508.04,2529.81,2487.95,2516.41,157198.0958,911950.0,147.69,148.7,145.9,147.55,1173963.86,710458.0,2.7086666666666663e-05,3.635333333333333e-05,-9.835333333333332e-05,2152730000000.0,304020981114.40564,78979057554.8808,67.0,64.6629,9.1142,3322183505343.47,97314083570.83,1173964880526.67,54707140279.84
2025-07-06,108198.12,109700.0,107800.01,109203.84,6447.607,1256591.0,2516.42,2605.0,2503.5,2570.35,277593.6319,1375995.0,147.55,153.89,146.78,151.86,2486859.718,1138325.0,1.5446666666666666e-05,6.213666666666667e-05,-2.487333333333333e-05,2171380000000.0,310212626369.50415,81219382017.83922,66.0,64.6551,9.1275,3329243611099.58,65679146413.27,1176718400791.71,35064689199.98
2025-07-07,109203.85,109700.0,107513.2,108262.94,9405.37601,1961940.0,2570.35,2590.57,2512.0,2542.29,315707.5272,1985043.0,151.86,153.6,147.7,148.88,2174727.723,1423398.0,3.356333333333334e-05,5.6630000000000005e-05,6.816666666666667e-05,2152930000000.0,306956780751.80927,79548711769.8293,73.0,64.486,9.2134,3368903740745.58,82101595211.89,1196432472712.21,45813369722.16
2025-07-08,108262.94,109216.56,107429.57,108922.98,9216.0208,1723244.0,2542.3,2628.21,2523.59,2615.25,370915.7321,1899797.0,148.89,152.88,147.85,151.67,2712869.323,1306748.0,3.079e-05,5.614e-05,-1.926666666666666e-06,2167050000000.0,315726720945.60144,81271651287.32584,65.0,64.4749,9.189,3340490469840.17,101182692207.58,1186712659110.31,55764484413.34
2025-07-09,108922.99,111999.79,108324.53,111233.99,17282.2865,2328484.0,2615.25,2795.74,2589.78,2768.74,686119.3772,2997546.0,151.68,157.93,150.53,157.05,2907219.748,1611497.0,3.5806666666666664e-05,5.980666666666667e-05,8.740000000000001e-06,2216030000000.0,335089604637.5809,84310394941.24771,66.0,64.2632,9.3632,3372141459977.23,99809526761.02,1205096162295.7,56035658153.97
2025-07-10,111234.0,116868.0,110500.0,116010.0,24883.450665,3227017.0,2768.74,3000.0,2755.5,2951.29,951896.07,4235042.0,157.06,165.43,155.64,164.34,3428382.349,1998915.0,6.810333333333333e-05,5.331666666666667e-05,4.605666666666667e-05,2304740000000.0,356166032465.4708,87842495485.84627,71.0,63.9403,9.6587,3462715757240.17,134210140295.09,1248645269979.66,76296087596.89
2025-07-11,116010.01,118869.98,115222.22,117527.66,25873.521148,3708194.0,2951.29,3040.15,2913.75,2958.22,906839.1689,4434934.0,164.33,168.2,159.54,162.93,4354179.713,2747985.0,0.0001,0.0001,8.021333333333333e-05,2339500000000.0,357156109295.9608,87166956708.34259,71.0,63.8418,9.8639,3613640884854.91,193145116248.24,1306629291502.13,97225796859.0
2025-07-12,117527.66,118200.0,116900.05,117420.0,8446.60437,1441851.0,2958.21,2979.78,2903.85,2943.28,348884.8877,1690700.0,162.92,163.9,157.74,160.69,2043211.942,1383540.0,0.0001,7.274e-05,0.0001,2334860000000.0,354951968365.6074,86012168364.61668,79.0,63.7757,9.742,3665570910840.58,215901360946.25,1327826391037.82,129488574270.07
2025-07-13,117420.0,119488.0,117224.79,119086.64,9550.792947,1650283.0,2943.29,3020.31,2936.49,2972.03,357333.5016,1778200.0,160.7,164.19,159.63,161.15,1929745.851,1252909.0,0.0001,5.254333333333334e-05,9.239666666666668e-05,2365100000000.0,358480615260.2574,86310969300.88794,74.0,63.8392,9.7087,3659383301005.78,120693905188.58,1323262354393.94,75182491884.79
2025-07-14,119086.65,123218.0,118905.18,119841.18,27269.348877,4076133.0,2972.03,3083.0,2962.81,3013.62,815552.6496,3706161.0,161.15,168.65,160.61,162.21,3973706.533,2368393.0,9.350333333333332e-05,6.999333333333334e-05,7.863333333333334e-05,2384470000000.0,363567813079.53217,86953175128.0925,74.0,63.7605,9.6578,3716211159114.99,122706827701.24,1346736387703.65,73650409770.81
2025-07-15,119841.17,119940.83,115736.92,117758.09,32018.46083,3805374.0,3013.61,3144.14,2932.46,3137.89,863583.7377,4317422.0,162.21,164.26,157.23,163.98,3665295.753,2245073.0,0.0001,8.711333333333332e-05,3.213666666666667e-05,2341550000000.0,378183784602.3882,87898559998.09033,73.0,63.6484,9.7121,3745815779140.9,297063806487.85,1361665540624.61,115313177975.65
2025-07-16,117758.08,120063.84,117017.29,118630.43,17039.90851,2429625.0,3137.9,3425.0,3101.0,3371.35,1135950.5831,4381562.0,163.98,176.0,161.51,173.63,5020288.123,2574205.0,0.0001,0.0001,0.0001,2361890000000.0,406362133767.9735,93068236476.5944,70.0,62.8844,10.1732,3725825731262.98,209240262381.13,1382862916858.89,111543374925.33
2025-07-17,118630.44,120998.71,117453.57,119177.56,15728.57651,2347985.0,3371.35,3523.44,3310.77,3476.87,974065.8264,5025581.0,173.62,178.19,168.71,175.87,4491555.727,3024259.0,0.0001,0.0001,0.0001,2377290000000.0,421219619169.6327,94735936081.7056,74.0,62.1934,10.7186,3797747452611.02,195654443892.18,1435798500466.77,124066736487.33
2025-07-18,119177.56,120820.71,116812.76,117924.84,19924.66266,2805236.0,3476.88,3673.84,3458.68,3546.92,1163823.3977,5566028.0,175.88,184.67,173.24,177.28,5191853.168,2947978.0,0.0001,0.0001,0.0001,2346640000000.0,427608247678.7587,95336494002.68369,73.0,61.3959,10.8601,3864463609209.33,202847137744.3,1491839980530.77,142609169406.75
2025-07-19,117924.84,118499.9,117277.34,117840.0,6635.80306,1133382.0,3546.92,3608.3,3506.79,3592.01,381791.9213,2217328.0,177.28,178.61,174.0,176.96,2059315.008,1475514.0,0.0001,0.0001,0.0001,2345700000000.0,433613401133.1204,95101139153.49876,74.0,61.0259,11.1352,3846761518959.17,245507308899.42,1499242129565.12,167560692384.98
2025-07-20,117840.01,118856.8,116467.02,117265.12,12962.92889,1615935.0,3592.0,3824.56,3579.13,3756.69,852356.5533,3794627.0,176.97,183.66,176.33,181.43,3694854.915,2315101.0,0.0001,0.0001,0.0001,2333750000000.0,453281968778.9066,97363183809.68349,72.0,60.7821,11.2424,3859940982598.73,131641583294.34,1513788346188.32,84080763590.84
2025-07-21,117265.11,119676.73,116515.0,117380.36,17107.33128,2509543.0,3756.69,3860.0,3701.01,3762.33,812074.0534,4156350.0,181.44,199.28,178.25,195.72,6495907.179,3865007.0,0.0001,0.0001,0.0001096666666666,2336330000000.0,454589632727.621,105655689931.37273,71.0,59.9782,11.6609,3891487437183.71,179671114337.25,1557444499790.32,122192646171.2
2025-07-22,117380.36,120247.8,116128.0,119954.42,20959.12973,2778733.0,3762.32,3798.65,3616.54,3746.21,870127.3864,4455526.0,195.72,206.3,193.75,205.7,8635627.173,5218083.0,0.0001,0.0001,0.0001,2388820000000.0,452174224418.4825,110230644294.24896,72.0,59.6801,11.6043,3914541031797.71,203672233598.52,1578339021405.89,133853573304.46
2025-07-23,119954.43,120090.0,117301.0,118755.99,14558.75083,2101404.0,3746.21,3764.2,3527.0,3628.29,800259.4025,3761894.0,205.7,205.75,183.97,189.4,5548137.499,3511850.0,0.0001,0.0001,0.0001,2360680000000.0,438128712752.18976,102007171197.36629,74.0,60.0532,11.3829,3975636632856.58,219490951729.3,1588140800559.45,140279374309.17
2025-07-24,118756.0,119450.0,117103.1,118340.99,15806.89043,2081435.0,3628.29,3771.0,3502.85,3706.94,749459.495,3752613.0,189.4,191.87,179.21,182.87,5217064.871,3520500.0,0.0001,0.0001,0.0001,2355290000000.0,447779715965.1321,98436392696.65976,71.0,61.0286,11.3144,3872291607259.01,206846395648.84,1509084517898.72,140245207635.96
2025-07-25,118340.98,118451.57,114723.16,117614.31,38406.34873,3282355.0,3706.95,3747.0,3573.76,3724.96,764606.7261,4083119.0,182.88,186.85,175.63,186.76,4481310.44,3217256.0,0.0001,0.0001,8.700666666666668e-05,2338290000000.0,449354425890.39496,100260015441.4843,70.0,61.006,11.5931,3860448257469.04,202459763682.83,1505344259784.03,129837713034.37
2025-07-26,117614.31,118297.35,117138.38,117919.99,6991.67206,790372.0,3724.97,3793.0,3697.66,3741.1,407259.7024,1720495.0,186.75,189.78,184.29,184.88,1773453.875,1197596.0,0.0001,0.0001,0.0001,2347570000000.0,451864736253.88257,99506265205.6211,72.0,60.5837,11.6435,3863480415856.83,224610104100.87,1522840890910.37,119743523988.8
2025-07-27,117919.99,119766.65,117825.5,119415.55,9328.30919,1095080.0,3741.11,3879.82,3731.0,3872.1,457352.4605,2299384.0,184.89,190.7,184.53,188.64,2233060.133,1619218.0,0.0001,9.400333333333334e-05,0.0001,2376570000000.0,466367055469.3481,101381980824.95572,73.0,60.5204,11.6471,3877931493684.97,123026511607.07,1530991330438.01,74520582503.83
2025-07-28,119415.56,119800.0,117427.5,118062.32,13961.74754,1824777.0,3872.11,3941.0,3754.0,3799.0,620994.7463,3161770.0,188.64,195.26,182.16,183.11,4067872.127,2788739.0,0.0001,0.0001,0.0001,2348450000000.0,457603594903.3681,98542551473.4438,75.0,60.1961,11.8462,3948544615623.41,140164426843.02,1571672842488.61,85484177807.76
2025-07-29,118062.32,119273.36,116950.75,117950.76,15137.93445,1956694.0,3799.0,3886.44,3716.04,3793.79,584210.4393,3121489.0,183.1,186.68,178.3,181.48,2541912.036,2159517.0,0.0001,8.164666666666668e-05,1.5626666666666667e-05,2345500000000.0,457599534577.5916,97583379843.164,73.0,60.6019,11.8165,3873826505516.51,175973832451.87,1526214194187.31,110632039949.14
2025-07-30,117950.75,118792.0,115796.23,117840.3,15586.73631,1997369.0,3793.79,3834.03,3677.65,3810.0,525424.9003,3128399.0,181.47,182.56,170.29,177.77,3297250.187,2502481.0,0.0001,3.037e-05,2.4956666666666668e-05,2342780000000.0,458804689313.5888,95562362634.24667,74.0,60.6566,11.8368,3868437749046.61,172177478755.85,1521974726811.33,103721382260.09
2025-07-31,117840.29,118922.45,115500.0,115764.08,17010.0073,1859532.0,3810.0,3878.67,3684.33,3698.39,516088.4503,2754480.0,177.77,182.7,171.44,172.22,2624841.783,1927344.0,8.564666666666667e-05,4.660666666666667e-05,1.57e-05,2305330000000.0,446803862987.45135,92724264710.14429,72.0,60.7898,11.9188,3857231591412.11,169988516378.55,1512427254303.26,101146216511.82
2025-08-01,115764.07,116052.0,112722.58,113297.93,24487.10206,4160829.0,3698.39,3724.02,3431.75,3488.2,783869.1517,5288678.0,172.22,172.26,159.2,162.71,4317529.315,3348302.0,1.9406666666666665e-05,7.409999999999999e-06,2.1486666666666665e-05,2254320000000.0,420349402377.4771,87420896340.1767,65.0,60.9352,11.8055,3780087321041.26,163829760262.55,1476682189118.96,94482366559.79
2025-08-02,113297.92,114063.49,112003.0,112546.35,11507.33428,2165714.0,3488.21,3537.69,3368.29,3393.94,494195.7094,3703627.0,162.71,165.3,155.83,158.48,2208175.075,1637688.0,3.380333333333333e-05,4.805666666666666e-05,1.2613333333333332e-05,2239720000000.0,409631223107.2574,85134974182.26146,55.0,61.2459,11.4356,3681223544371.78,211187714740.87,1426625440756.88,119902780036.17
2025-08-03,112546.35,114799.97,111920.0,114208.8,7397.76046,1419281.0,3393.94,3521.79,3354.28,3496.74,296347.6758,2428479.0,158.49,163.14,156.28,161.97,2297909.311,1081075.0,5.89e-05,5.4173333333333325e-05,-7.851e-05,2273960000000.0,422987378896.30457,87270549752.83226,53.0,61.728,11.2892,3627818740391.8,134865563143.77,1388437840077.79,77977523889.97
2025-08-04,114208.81,115720.0,114107.6,115055.03,9667.67916,1954230.0,3496.75,3736.73,3490.73,3720.99,463349.9861,3316870.0,161.98,169.8,161.26,169.55,2688954.158,1905885.0,4.606333333333334e-05,2.1476666666666667e-05,-9.096333333333332e-05,2292650000000.0,448935137833.2824,91199058188.10297,64.0,61.3709,11.3979,3703975645932.46,106538229871.39,1430814193078.16,58443722704.05
2025-08-05,115055.03,115127.81,112650.0,114129.75,12042.79078,2581052.0,3720.99,3722.24,3546.0,3612.0,489070.9589,3721006.0,169.55,171.73,161.3,164.09,2554958.009,2110779.0,6.824666666666668e-05,1.5443333333333332e-05,-3.503333333333333e-05,2271040000000.0,436254253165.5239,88391948870.16513,60.0,60.6389,11.8898,3776771547549.3,118300822841.16,1486578070784.63,82518763809.24
2025-08-06,114129.75,115716.0,113355.13,114992.27,9761.15318,2026500.0,3612.01,3698.6,3564.19,3683.31,365309.9205,2912356.0,164.09,169.93,161.13,168.09,1797491.429,1632609.0,7.578333333333334e-05,5.619666666666666e-05,-2.8613333333333336e-05,2289470000000.0,444454714800.6066,90548819214.682,54.0,61.0555,11.7192,3720352203083.95,146666065520.78,1448872205022.5,85655518858.86
2025-08-07,114992.27,117621.0,114259.0,117472.01,13468.56263,2314671.0,3683.31,3927.77,3647.63,3910.31,631678.9872,3495451.0,168.1,175.51,166.7,175.36,3014662.995,1828953.0,6.230666666666666e-05,6.837333333333332e-05,5.225666666666667e-05,2337490000000.0,471278836603.87646,94312875483.52953,62.0,60.886,11.8267,3759963070600.88,129620515189.43,1470671622557.68,73255990483.75
2025-08-08,117472.02,117630.0,115878.71,116674.74,10045.31278,2095304.0,3910.3,4071.0,3880.0,4009.5,723300.0109,4175115.0,175.37,179.66,173.43,176.78,3678790.655,2321015.0,4.035e-05,8.086666666666668e-05,3.554e-05,2323530000000.0,484799510006.38007,95475303164.8576,74.0,60.2129,12.161,3884377153423.13,163260312499.02,1545479287426.97,99186953511.04
2025-08-09,116674.74,117944.05,116299.13,116462.25,9514.13144,1390951.0,4009.51,4326.2,4006.63,4260.62,691932.1048,3932997.0,176.79,183.45,176.64,179.95,3325504.387,1827513.0,7.691000000000001e-05,0.0001,8.685666666666666e-05,2319030000000.0,514453123615.2504,97173214111.95288,67.0,59.7298,12.4473,3888254278468.31,174127637251.13,1565806033275.25,114411953388.65
2025-08-10,116462.25,119311.11,116460.63,119294.01,14322.77073,2317065.0,4260.63,4332.6,4153.07,4250.57,494843.8105,3319102.0,179.96,186.18,177.51,182.66,4197287.287,2213416.0,9.949666666666668e-05,9.972e-05,9.151333333333332e-05,2372360000000.0,512858410761.8883,98545698336.05408,69.0,59.0473,13.1048,3927105101686.92,157916204287.68,1608257003250.11,103938952069.62
2025-08-11,119294.27,122335.16,118050.11,118686.0,26494.33429,4021743.0,4250.58,4366.46,4166.77,4223.22,722664.04,5162548.0,182.67,186.8,173.43,174.84,3960743.531,2540822.0,0.0001,9.409e-05,6.609e-05,2363510000000.0,510314491619.28485,94357759847.72752,70.0,59.6591,12.8977,3980340328098.71,161383807766.26,1605703954127.4,96621110512.61
2025-08-12,118686.0,120324.43,118207.47,120134.08,16720.10893,2737841.0,4223.22,4639.7,4219.04,4590.52,885288.0652,5104868.0,174.83,193.76,173.6,191.78,5074348.157,2634085.0,8.843666666666666e-05,7.886333333333334e-05,-1.951333333333333e-05,2391680000000.0,555190337506.1343,103631143800.34326,68.0,59.9163,12.9348,3943808853058.7,214864335667.67,1580823185708.84,124342774082.3
2025-08-13,120134.09,123667.79,118920.92,123306.43,23210.07102,3712817.0,4590.52,4783.85,4564.33,4749.3,925931.4988,5293034.0,191.77,204.96,191.48,201.51,7148726.279,3943926.0,9.041e-05,0.0001,0.0001,2457160000000.0,574673719171.6306,109019896360.18584,73.0,58.9044,13.6472,4060031322321.97,208784679151.96,1668493664461.08,135462037664.03
2025-08-14,123306.44,124474.0,117180.0,118295.09,27980.947586,4350449.0,4749.31,4788.0,4451.33,4546.84,1265449.0453,6488264.0,201.51,209.86,186.68,192.47,8965607.314,5852370.0,0.0001,0.0001,0.00015292,2359060000000.0,550523513680.3712,104031302690.89896,75.0,58.8472,13.7515,4172149391652.69,244520534392.06,1716955637075.87,153637530503.26
2025-08-15,118295.09,119216.82,116803.99,117342.05,13623.33874,2895016.0,4546.84,4672.67,4368.0,4439.47,880409.2591,5091385.0,192.46,198.07,183.3,185.72,4360287.396,3117056.0,4.5503333333333335e-05,8.746333333333333e-05,8.008e-05,2335250000000.0,534736197937.7785,100143950845.03062,60.0,58.8495,13.7145,4004132426774.25,287210632784.18,1647720284896.85,183243818265.6
2025-08-16,117342.04,117898.99,117143.98,117380.66,6393.68117,1179842.0,4439.47,4490.42,4372.54,4421.99,358676.5884,2446573.0,185.71,190.06,185.2,189.6,2099818.448,1394994.0,8.713666666666667e-05,5.641666666666667e-05,3.0646666666666666e-05,2338310000000.0,533851852572.1609,102221071040.89856,56.0,58.9661,13.5267,3963573258872.9,194058123381.58,1626406897537.74,125964197758.62
2025-08-17,117380.66,118575.0,117172.21,117405.01,5898.64192,1177563.0,4422.0,4576.0,4393.98,4472.33,442461.3829,2844829.0,189.61,195.89,187.35,190.99,2261555.556,1584860.0,4.916e-05,3.1116666666666666e-05,8.245000000000001e-05,2341140000000.0,541702071636.7956,103538987089.9046,64.0,58.8529,13.4438,3973562525362.8,120552947110.1,1635004746271.23,72499303159.48
2025-08-18,117405.01,117543.75,114640.14,116227.05,17745.93954,3346280.0,4472.34,4481.88,4225.86,4312.99,823188.1269,4938429.0,191.0,191.33,180.0,182.94,3374074.697,2339848.0,2.4866666666666667e-05,6.260666666666667e-05,-7.933333333333334e-06,2315540000000.0,521642201937.51135,99052482475.45547,60.0,58.631,13.5415,3988427090708.63,127530322364.43,1649973715281.75,81688229998.36
2025-08-19,116227.05,116725.69,112732.58,112872.94,18065.47424,3291182.0,4312.99,4355.0,4067.34,4075.59,831222.7951,4828050.0,182.94,185.87,175.69,176.22,3260089.959,2553489.0,5.522e-05,0.0001,2.785e-05,2247370000000.0,494119330778.55646,95669599977.62675,56.0,58.9897,13.2711,3923496984498.12,194164417238.39,1609037727723.0,121392863163.42
2025-08-20,112872.95,114615.38,112380.0,114271.24,15636.34194,2998370.0,4075.58,4378.0,4060.0,4336.16,728324.8933,4768196.0,176.22,187.97,176.04,187.94,3464957.674,2509424.0,3.614333333333333e-05,6.462666666666667e-05,7.130333333333333e-05,2275120000000.0,523588767400.0821,101151841833.31004,44.0,59.3228,12.9863,3786913651750.15,189877271744.19,1540409779694.6,117704430297.3
2025-08-21,114271.23,114821.76,112015.67,112500.0,10839.69235,2357380.0,4336.16,4340.26,4204.2,4225.3,433836.3992,4202357.0,187.95,190.1,179.43,180.29,2914511.603,2294252.0,5.438000000000001e-05,4.918333333333333e-05,7.122e-05,2236740000000.0,509698443622.681,97413475804.47624,50.0,58.5738,13.4717,3884119772887.84,184546966061.63,1609044015486.72,116026468997.03
2025-08-22,112500.0,117429.05,111684.79,116935.99,23128.09037,3438518.0,4225.3,4887.59,4207.39,4832.07,1277976.63526,6440351.0,180.3,202.4,177.27,200.69,6594118.389,4028924.0,7.721e-05,6.35e-05,7.767000000000001e-05,2325460000000.0,583151048579.4227,108041191516.25092,50.0,58.7533,13.3807,3810520784548.13,147195334224.23,1571714581695.2,89375881798.55
2025-08-23,116936.0,117030.0,114560.0,115438.05,11329.36197,1559569.0,4832.07,4832.07,4659.7,4778.4,512442.0888,3011610.0,200.69,208.62,195.26,204.14,4788640.759,2877535.0,9.903666666666667e-05,0.0001,0.0001,2295250000000.0,576784940908.6205,110316173792.76526,60.0,57.5895,14.4298,4040858970682.4,245748611645.15,1713749464694.14,164000367883.58
2025-08-24,115438.06,115666.68,110680.0,113493.59,21175.98462,2573906.0,4778.4,4956.78,4711.0,4780.15,780668.77842,4316811.0,204.15,211.99,201.09,205.98,7165649.238,4288191.0,0.0001,0.0001,0.0001,2260170000000.0,577856128576.3778,111454243923.85806,53.0,57.4676,14.4228,3997638084457.27,151380520201.56,1700291379396.41,96727906802.79
2025-08-25,113493.59,113667.28,109274.1,110111.98,25182.79379,4695718.0,4780.15,4797.97,4334.13,4376.18,1043917.1659,6296796.0,205.99,213.6,185.33,187.2,7953100.753,5377684.0,9.448000000000002e-05,3.743666666666667e-05,0.0001,2192000000000.0,528396490053.8136,101037850221.4831,47.0,57.1651,14.5985,3952051896250.28,200007749171.23,1692855824671.2,126481484979.9
2025-08-26,110111.98,112371.0,108666.66,111763.22,18452.43877,4077474.0,4376.17,4633.46,4311.04,4600.63,834750.2767,5640502.0,187.19,198.1,185.58,195.86,4734419.522,3831434.0,6.140666666666667e-05,4.566666666666666e-06,2.4096666666666662e-05,2228010000000.0,555490123261.3042,106077495152.6254,48.0,58.0185,13.9712,3779490353606.92,230429510799.95,1586686279442.06,144675635298.96
2025-08-27,111763.22,112625.0,110345.42,111262.01,13392.60875,3111496.0,4600.63,4663.93,4481.53,4506.71,606669.3611,3920404.0,195.85,212.08,193.78,202.95,7835140.154,5143734.0,3.600333333333333e-05,1.7553333333333334e-05,0.0001,2215260000000.0,544030708746.29504,110006157735.9186,51.0,57.4464,14.3312,3875088960828.19,188281805222.04,1648989314908.32,118877666150.15
2025-08-28,111262.01,113485.9,110862.42,112566.9,11104.27744,2066780.0,4506.71,4633.97,4430.0,4511.21,485243.4027,3236156.0,202.95,216.89,201.72,214.43,7247306.546,3790488.0,7.500666666666666e-05,3.594333333333333e-05,0.0001,2239780000000.0,543669402945.378,115944573124.43324,48.0,57.5426,14.1271,3849439690642.03,173365765044.11,1634371818493.53,111386093016.06
2025-08-29,112566.9,112638.64,107463.9,108377.4,22580.31045,3606959.0,4511.2,4516.75,4265.0,4360.18,679063.8777,4406428.0,214.43,218.0,199.85,205.08,8607486.597,4655834.0,3.587e-05,2.735e-05,7.800666666666667e-05,2160030000000.0,527101644708.69714,110722313846.8604,50.0,57.5132,13.9689,3897230544082.87,161840758401.64,1655807233648.57,102501245404.03
2025-08-30,108377.4,108926.15,107350.1,108816.33,10708.39159,1411040.0,4360.18,4415.61,4257.2,4373.7,340319.1826,2086140.0,205.09,207.06,197.52,202.7,3894576.115,1971665.0,7.848000000000001e-05,2.370333333333333e-05,2.9033333333333345e-06,2165510000000.0,527742694199.07056,109611302287.82132,39.0,57.3532,13.9829,3763781119268.45,199681440424.94,1605132159022.3,121851282143.6
2025-08-31,108816.33,109480.02,108076.93,108246.35,9489.51596,1366633.0,4373.7,4498.47,4372.63,4391.83,356586.1861,2221987.0,202.7,206.66,200.28,200.62,3303223.948,1543137.0,4.5056666666666665e-05,9.996666666666669e-06,6.769e-05,2157010000000.0,530700466106.1233,108930406945.3198,48.0,57.3714,13.9798,3777244254407.55,120610489953.98,1610187809128.68,69123396390.95
2025-09-01,108246.36,109912.4,107255.0,109237.42,16053.60219,2729384.0,4391.83,4491.84,4210.61,4314.5,513830.0395,4011776.0,200.62,204.58,194.19,197.32,4464767.773,2833944.0,6.541e-05,-1.0973333333333334e-05,4.037666666666667e-05,2170520000000.0,519108501638.2847,106276322637.91055,46.0,57.3442,14.0984,3758950865270.84,117896818454.78,1603410478084.52,69899927047.63
2025-09-02,109237.43,111771.52,108393.39,111240.01,18510.28756,2596328.0,4314.5,4416.78,4257.85,4326.5,524605.0512,4161006.0,197.32,209.68,196.77,209.65,4894637.549,2854002.0,7.369e-05,2.981666666666667e-05,8.149333333333333e-05,2213360000000.0,521734233018.40015,113065730653.3185,49.0,57.8286,13.8426,3762088070214.27,173061948360.64,1586523436313.49,106059872685.31
2025-09-03,111240.01,112575.27,110528.71,111705.71,11773.72084,2214249.0,4326.49,4490.64,4283.23,4450.46,487091.6861,3491341.0,209.64,213.02,207.42,210.77,4063191.683,2104093.0,2.746e-05,1.625e-05,6.482e-05,2226150000000.0,537848131324.92175,113857287491.1106,55.0,57.8243,13.6319,3830057403802.4,176584656133.48,1615354606867.55,101779311152.81
2025-09-04,111705.72,112180.0,109329.12,110730.87,12203.13536,2230255.0,4450.46,4482.05,4265.33,4297.55,471795.7096,4087637.0,210.77,211.94,201.84,202.32,2726779.277,1685149.0,4.7113333333333335e-05,-7.426666666666667e-06,5.489333333333333e-05,2208630000000.0,521073442631.8664,109944802540.0158,51.0,57.6162,13.9122,3862052276812.46,149981002753.64,1636885169362.97,88849059270.5
2025-09-05,110730.87,113384.62,110206.96,110659.99,21587.40888,2970419.0,4297.56,4490.0,4256.03,4307.45,624169.8754,4751518.0,202.32,210.0,200.95,203.36,4121395.255,2398880.0,8.468000000000001e-05,-2.0433333333333333e-05,7.193333333333334e-06,2204960000000.0,520091331708.84576,110239063988.62726,48.0,58.0284,13.6547,3800304306576.44,144858025339.47,1595048982929.45,84739699042.64
2025-09-06,110660.0,111307.7,109977.0,110187.97,5000.29897,795201.0,4307.46,4329.3,4236.0,4273.14,191166.0686,1711937.0,203.37,204.68,199.32,200.16,1481500.997,793661.0,4.022333333333333e-05,1.970666666666667e-05,6.884666666666667e-05,2195690000000.0,516275101796.1122,108446448974.3186,48.0,57.8475,13.6459,3809690437352.44,163021076244.28,1605881098794.77,102816208623.34
2025-09-07,110187.98,111600.0,110180.0,111137.34,5681.29944,874961.0,4273.15,4336.02,4270.81,4306.19,169620.8372,1450115.0,200.17,207.95,200.12,206.35,2217510.763,891331.0,4.183333333333334e-05,6.073e-05,3.2083333333333325e-05,2216930000000.0,520975838288.4246,112019045676.43552,44.0,57.8583,13.597,3794143819617.98,77185980961.78,1598915174772.28,55280883482.16
2025-09-08,111137.35,112924.37,110621.78,112065.23,11582.40211,1744598.0,4306.19,4384.06,4279.0,4306.37,372882.4355,2889398.0,206.35,217.11,205.59,214.11,5729678.935,2394975.0,7.799e-05,4.567000000000001e-05,0.0001,2233010000000.0,519649796085.47217,116015480627.9528,51.0,57.7037,13.5455,3836663835419.05,84794676622.46,1622765011763.72,60186143510.29
2025-09-09,112065.23,113293.29,110766.66,111546.39,15379.28248,2143242.0,4306.36,4381.87,4276.76,4310.09,405485.7821,3068397.0,214.11,219.79,210.79,217.21,4979304.713,2271930.0,7.933e-05,7.117e-05,9.638666666666666e-05,2220600000000.0,520206765581.6788,117728440370.70592,48.0,57.5593,13.4075,3877964626711.72,140453607287.71,1645833459041.56,100323869107.85
2025-09-10,111546.38,114313.13,110917.45,113960.0,17517.41823,2182534.0,4310.08,4453.57,4285.1,4349.32,506633.9098,3221192.0,217.22,226.0,215.09,224.07,4824185.212,2291606.0,6.943666666666667e-05,8.325333333333334e-05,7.872333333333333e-05,2269350000000.0,524898221352.14,121493005788.56313,49.0,57.3952,13.439,3870761701942.21,151088280343.43,1649131997510.85,105101391776.14
2025-09-11,113960.0,115488.09,113430.0,115482.69,13676.73119,2166359.0,4349.33,4481.09,4338.82,4458.82,441259.6649,3446340.0,224.06,228.95,221.72,228.73,4352357.001,2350356.0,4.484e-05,6.614e-05,4.1496666666666665e-05,2299580000000.0,538582423006.3189,123984576957.44208,54.0,57.5844,13.3162,3942094066374.19,162162623480.29,1672062326205.95,105842551176.25
2025-09-12,115482.69,116665.63,114740.99,116029.42,15324.10719,2481491.0,4458.83,4748.4,4450.71,4712.16,510777.5402,3859691.0,228.73,244.04,228.11,242.18,5891653.931,2743953.0,5.598666666666667e-05,8.285999999999999e-05,4.746666666666666e-06,2313650000000.0,567660218930.5758,131266295290.07166,57.0,57.4948,13.456,4001901923620.56,149620558090.15,1701016203935.44,103938466446.77
2025-09-13,116029.41,116298.78,115127.27,115918.29,8269.40394,1223635.0,4712.16,4769.36,4605.0,4666.53,394393.6869,2711137.0,242.18,244.14,235.73,242.38,3305661.265,1663122.0,1.278e-05,9.938333333333334e-05,4.553e-05,2310030000000.0,563251165081.3281,131582559157.89928,52.0,56.8154,13.9814,4070516921201.28,173951302295.83,1757834454147.83,119190746563.62
2025-09-14,115918.29,116165.19,115135.0,115268.01,6707.60197,1237218.0,4666.54,4692.36,4576.89,4604.49,278244.3205,2561665.0,242.38,249.6,239.23,239.76,4165171.128,2465676.0,5.359e-05,4.745e-05,2.7856666666666667e-05,2298740000000.0,556435859782.9038,130561956429.81172,55.0,56.7359,13.8408,4071141488937.63,144149045856.46,1761341289078.29,109602519971.08
2025-09-15,115268.01,116757.99,114384.0,115349.71,13212.51149,2857989.0,4604.48,4670.28,4466.0,4523.74,412291.9687,3889905.0,239.75,244.0,230.15,234.31,4733589.619,2667457.0,7.551666666666667e-05,5.844e-05,1.6513333333333333e-05,2299300000000.0,546082583809.82086,126932290345.4805,53.0,57.0097,13.7976,4032044654711.0,129734731905.19,1733390008632.16,96934979367.65
2025-09-16,115349.71,116964.27,114737.11,116788.96,10926.9094,2047058.0,4523.74,4538.25,4424.0,4501.29,293307.1099,2967454.0,234.32,240.95,231.26,236.96,3181627.06,1950517.0,4.82e-05,3.701e-05,7.274666666666667e-05,2326800000000.0,543995482355.4452,128811806831.0981,52.0,57.3892,13.635,4006446451887.87,170521375033.3,1707179715291.2,117574451096.62
2025-09-17,116788.96,117286.73,114720.81,116447.59,16754.2454,3227418.0,4501.3,4616.77,4412.0,4590.53,476981.4561,3859374.0,236.96,246.62,232.23,244.84,4771529.493,2695846.0,7.238666666666666e-05,4.061e-05,1.7506666666666666e-05,2322420000000.0,554642419299.3009,132915423340.88467,53.0,57.5188,13.4332,4046883226054.64,142237773441.32,1719162570386.22,96944029250.63
2025-09-18,116447.6,117900.0,116092.76,117073.53,11657.23365,2252654.0,4590.54,4644.47,4553.7,4587.66,290660.377,2922079.0,244.84,253.51,242.58,247.5,3916890.908,2112417.0,6.025666666666666e-05,3.804333333333333e-05,6.729e-05,2331200000000.0,553590647575.6953,134211680386.308,52.0,56.9077,13.5961,4077209274237.12,188111014235.81,1756964782919.34,127584818438.13
2025-09-19,117073.53,117459.99,115100.0,115632.38,8992.09065,1732471.0,4587.66,4620.72,4435.7,4468.59,331611.1482,2302227.0,247.5,248.57,235.12,238.53,3384985.698,1817232.0,2.3806666666666663e-05,1.7233333333333333e-06,6.823333333333333e-05,2303330000000.0,538775458336.00494,129243186185.45424,53.0,56.9472,13.5195,4097611382320.37,171555814979.4,1764137543670.82,122100271799.95
2025-09-20,115632.39,116121.81,115408.47,115685.63,4674.92752,740451.0,4468.59,4508.71,4454.45,4480.42,130781.913,1094083.0,238.53,241.22,236.91,239.48,1550489.215,954135.0,9.08e-06,-2.579999999999999e-06,-4.404333333333333e-05,2306180000000.0,541230228251.6108,130055578195.42336,48.0,57.2351,13.4008,4027179557845.82,137251023388.71,1722219301372.9,98422566118.33
2025-09-21,115685.63,115819.06,115188.0,115232.29,4511.52219,945965.0,4480.41,4498.16,4443.0,4444.97,149349.8262,1098813.0,239.48,241.82,235.32,236.16,1392437.976,1012982.0,3.276666666666665e-06,1.8316666666666664e-05,1.6383333333333333e-05,2297570000000.0,537437903197.2973,128523259105.30148,49.0,57.0694,13.3915,4040165764283.03,95684493569.95,1734468049105.11,72822085601.37
2025-09-22,115232.29,115379.25,111800.0,112650.99,20781.71356,3045876.0,4444.98,4455.76,4077.0,4199.08,708243.2348,4143966.0,236.16,236.96,214.5,220.38,5836593.703,2962747.0,4.415333333333333e-05,-6.87e-06,-3.766666666666666e-05,2245910000000.0,507510990335.0417,119669535227.94336,45.0,57.1508,13.3623,4019479262530.72,104715579283.52,1722315920302.79,82214784456.41
2025-09-23,112650.99,113290.5,111458.73,111998.8,12301.3203,2455729.0,4199.09,4229.03,4114.39,4164.26,315227.9057,3449275.0,220.39,221.71,212.34,213.3,3448908.468,2084709.0,7.207666666666666e-05,1.0706666666666664e-05,3.362666666666667e-05,2232620000000.0,503388573227.7908,116476466643.35033,43.0,57.7248,13.034,3892285391346.74,235217896157.61,1645469909458.52,164561317292.61
2025-09-24,111998.8,113940.0,111042.66,113307.0,12369.25967,2229837.0,4164.25,4206.9,4073.74,4152.81,353665.5671,3119658.0,213.29,216.45,204.81,211.6,4427457.526,2319661.0,5.649e-05,-6.413333333333333e-06,1.8616666666666664e-05,2258030000000.0,501298462230.8494,115039272489.64252,44.0,57.719,13.0017,3866807940007.29,158534002973.27,1634925996749.94,111368676479.11
2025-09-25,113307.01,113510.23,108631.51,108994.49,21231.14957,4409953.0,4152.81,4161.04,3815.0,3874.36,930327.6951,7611345.0,211.61,212.44,191.32,192.74,6761257.291,3572335.0,3.69e-05,-2.237333333333333e-05,-4.230333333333333e-05,2175220000000.0,467772524596.3157,104940557421.94006,44.0,57.8942,12.8532,3900714237081.73,156619241744.33,1642427566629.09,108574663839.92
2025-09-26,108994.49,110300.0,108620.07,109643.46,14243.01591,3257155.0,3874.35,4068.3,3867.65,4032.24,575711.0859,5466636.0,192.73,205.52,190.8,205.17,5623202.874,2949417.0,5.073e-05,5.650999999999999e-05,-1.6686666666666667e-05,2185290000000.0,486642112344.76624,111151550044.0971,28.0,58.3411,12.5468,3724052157508.57,245740991618.15,1551399089201.74,170196480102.39
2025-09-27,109643.46,109743.91,109064.4,109635.85,5501.78643,919594.0,4032.24,4039.01,3972.98,4018.38,172693.2638,1940113.0,205.16,205.43,199.88,203.46,2104933.415,1142963.0,3.745333333333333e-05,4.2596666666666665e-05,-1.7333333333333336e-05,2184850000000.0,485241655145.52673,110682337538.77428,33.0,57.754,12.8694,3785100578979.93,188427990097.71,1599054452690.11,130663879268.62
2025-09-28,109635.85,112350.0,109189.99,112163.95,7542.3316,1484866.0,4018.39,4144.88,3966.0,4142.16,240331.8589,2500609.0,203.47,211.0,198.0,210.83,2194260.074,1301607.0,4.517e-05,6.801333333333333e-05,1.1999999999999995e-06,2235220000000.0,499286425699.7373,114414271500.7838,37.0,57.771,12.8223,3783381657744.54,100361144612.16,1597683920141.51,74057438369.0
2025-09-29,112163.96,114400.0,111560.65,114311.96,15541.12005,2442653.0,4142.16,4235.86,4082.25,4215.07,380728.6784,3612246.0,210.83,214.74,204.58,212.75,3213098.851,1908731.0,1.216e-05,1.288e-05,2.4500000000000003e-05,2278520000000.0,509418795565.5042,115834386147.45668,50.0,57.7738,12.9262,3868622810249.71,111808311929.34,1633572392843.74,78432789952.01
2025-09-30,114311.97,114792.0,112656.27,114048.93,15044.15633,3018331.0,4215.07,4245.0,4092.1,4145.15,391126.6172,4118784.0,212.74,213.67,204.29,208.68,3264781.485,1922286.0,3.61e-05,2.7e-07,-8.336333333333334e-05,2271230000000.0,499837162674.9064,113393404372.50565,50.0,58.0413,12.9607,3927591899491.65,177176921337.5,1647965221011.95,117702341134.27
2025-10-01,114048.94,118649.1,113966.67,118594.99,20036.39516,3430343.0,4145.15,4355.46,4123.08,4348.03,507026.3822,4138481.0,208.68,222.77,206.31,222.04,4050260.921,2119007.0,5.6040000000000006e-05,8.433333333333338e-07,5.456e-05,2359370000000.0,523643029396.2271,120112389975.751,49.0,58.2793,12.8316,3899878206959.86,170101446884.8,1627056054235.16,111137407921.96
2025-10-02,118594.99,121022.07,118279.31,120529.35,19670.83503,3472073.0,4348.03,4516.74,4332.73,4484.35,526411.1571,4441183.0,222.04,234.99,219.52,234.74,4590696.388,2550516.0,9.109e-05,2.751e-05,-1.32e-05,2402520000000.0,540580981424.4237,127404915265.04623,64.0,58.313,12.9532,4054434829623.38,194134474126.99,1690170878297.93,122774249357.95
2025-10-03,120529.35,123894.99,119248.3,122232.0,23936.328,4246820.0,4484.35,4591.59,4428.0,4512.87,485684.0267,5149648.0,234.74,237.0,227.13,232.84,4216611.614,2632758.0,9.975333333333333e-05,4.946e-05,1.2333333333333333e-05,2438180000000.0,545554251285.2788,126730781305.93208,63.0,57.9579,13.0578,4147788703177.12,204283433928.23,1743816652272.06,132408888463.71
2025-10-04,122232.21,122800.0,121510.0,122391.0,8208.16678,1703590.0,4512.88,4517.93,4440.0,4487.15,199732.7088,2252261.0,232.84,234.05,224.07,227.86,1841410.605,1292594.0,9.437333333333332e-05,3.6983333333333336e-05,3.094e-05,2438810000000.0,541803063897.9325,124227254103.69154,71.0,58.0396,12.9805,4198276257821.33,217884525773.72,1761615022818.05,133956203110.02
2025-10-05,122390.99,125708.42,122136.0,123482.31,22043.097553,3690670.0,4487.16,4618.17,4467.05,4514.32,506587.9614,3791095.0,227.86,237.22,226.45,228.56,3099633.526,2035300.0,9.404666666666668e-05,8.489666666666668e-05,1.7003333333333334e-05,2461610000000.0,545344752236.6184,124735476624.3584,74.0,58.4075,12.9725,4176964075761.32,118895585187.86,1737304797499.49,82123372461.96
2025-10-06,123482.32,126199.63,123084.0,124658.54,19494.628793,4206167.0,4514.32,4735.93,4488.25,4684.01,456200.6528,4677655.0,228.56,237.79,227.55,232.35,2981928.375,2186112.0,7.737e-05,9.298e-05,3.72333333333333e-06,2487530000000.0,566792338320.261,127014297190.03108,71.0,58.5459,12.9641,4203977685865.46,188382223415.84,1742720651577.55,114693705056.07
2025-10-07,124658.54,125126.0,120574.94,121332.95,21633.99385,4390785.0,4684.02,4755.0,4430.43,4447.7,640685.9319,6028668.0,232.35,235.21,219.7,219.97,4401045.757,2553696.0,8.267333333333333e-05,0.0001,-2.345e-05,2423020000000.0,538816814849.5438,120541504494.98468,70.0,58.1387,13.2302,4276096147344.24,203069961391.44,1790029900067.38,130948426629.4
2025-10-08,121332.96,124197.25,121066.14,123306.0,17012.618,4184997.0,4447.7,4558.0,4410.08,4525.72,399904.3287,4771608.0,219.98,229.72,217.3,229.02,3103760.645,2154720.0,5.9793333333333336e-05,2.851e-05,-3.655666666666667e-05,2459360000000.0,546683582865.0299,125023821405.63434,60.0,58.225,12.9241,4156729862708.31,232638702938.0,1736474593113.62,156471648923.5
2025-10-09,123306.01,123762.94,119651.47,121662.4,21559.36007,4231167.0,4525.72,4531.52,4265.06,4368.09,515978.1829,5181361.0,229.03,229.69,216.53,220.93,3272953.431,2359051.0,2.716333333333333e-05,3.0463333333333334e-05,6.588e-05,2423780000000.0,527336416239.58325,120524201060.63943,70.0,58.2586,12.9491,4219881862458.85,193057155783.26,1761436372042.95,127711272190.55
2025-10-10,121662.41,122550.0,102000.0,112774.5,64171.93927,11404522.0,4368.09,4393.63,3435.0,3829.72,1493971.0244,12594514.0,220.93,224.46,168.79,188.43,9622835.429,5852243.0,1.892333333333333e-05,-2.366666666666661e-07,2.4100000000000006e-06,2267340000000.0,466764241141.8977,104474558798.65482,64.0,58.5943,12.7389,4140370931751.28,211711221331.15,1714348043554.29,137055474726.7
2025-10-11,112774.49,113322.39,109561.59,110644.4,35448.51652,6661929.0,3829.72,3878.3,3643.33,3746.79,789885.6582,8794145.0,188.43,191.05,172.58,177.62,7292387.248,6001725.0,6.822333333333333e-05,-1.0889999999999994e-05,-0.00221781,2211340000000.0,452619159775.3481,97281071779.62083,27.0,60.1327,12.358,3749317655375.35,417331388487.48,1494751205571.87,264177768719.3
2025-10-12,110644.4,115770.0,109565.06,114958.8,32255.30272,6048575.0,3746.8,4197.7,3694.74,4152.29,811308.152,8286691.0,177.63,199.0,173.0,197.0,6486999.721,4248027.0,-3.701666666666666e-05,-3.563e-05,-0.0010186166666666,2295320000000.0,500610762521.2757,107511772965.17372,24.0,59.8352,12.264,3691252258730.43,296052259501.3,1482585431506.73,185311179045.09
2025-10-13,114958.81,115963.81,113616.5,115166.0,22557.24033,5739352.0,4152.29,4292.0,4042.29,4240.85,622813.9247,8321249.0,196.99,209.28,190.02,208.69,6253161.511,3592866.0,-1.2426666666666666e-05,2.622e-05,-0.0002971933333333,2298890000000.0,512916476072.16974,113893419421.61444,38.0,58.8017,12.8715,3902591403361.21,262597668722.59,1607801917477.47,168478077759.62
2025-10-14,115166.0,115409.96,109866.0,113028.14,31870.32974,7425642.0,4240.86,4263.38,3888.74,4125.02,962996.7658,10714712.0,208.69,211.25,191.03,202.44,7349167.875,4266429.0,-2.609e-05,2.8823333333333336e-05,-8.003333333333332e-06,2259080000000.0,499112194565.74,110881041777.751,38.0,58.3302,13.0081,3939084414401.06,234109459252.65,1641409520148.39,162468902507.03
2025-10-15,113028.13,113612.35,110164.0,110763.28,22986.48811,5243141.0,4125.01,4217.6,3926.74,3985.61,626081.6966,7421801.0,202.45,208.91,192.04,193.84,5369155.439,3462246.0,-4.089999999999999e-06,2.7260000000000003e-05,1.2506666666666668e-05,2209990000000.0,480896897615.407,106138230413.10776,34.0,58.5948,12.9429,3847725242515.07,267487194252.09,1593158667669.66,175180424680.24
2025-10-16,110763.28,111982.45,107427.0,108194.28,29857.17252,6127094.0,3985.61,4086.49,3826.04,3894.51,643804.6163,8451902.0,193.84,198.42,182.03,184.85,5404640.663,3984585.0,-2.6583333333333333e-05,2.9466666666666667e-06,-6.170333333333334e-05,2155610000000.0,469531442533.6076,100821988273.94691,28.0,58.8506,12.8239,3752771974745.55,204264857004.22,1544244342665.84,132164091843.67
2025-10-17,108194.27,109240.0,103528.23,106431.68,37920.66838,7570685.0,3894.5,3950.45,3674.5,3831.57,830127.0885,9412569.0,184.84,187.55,174.06,181.96,6102908.877,4990043.0,-4.033333333333333e-06,3.982333333333333e-05,4.5990000000000005e-05,2125520000000.0,463309195661.3869,99707438298.41078,22.0,58.8603,12.8292,3664296743180.6,222364951392.6,1507480969498.18,135065077740.61
2025-10-18,106431.68,107499.0,106322.2,107185.01,11123.18766,2105450.0,3831.58,3927.73,3819.07,3889.21,250710.6121,3174247.0,181.97,188.26,181.75,187.56,2105841.095,1671152.0,-4.958666666666667e-05,3.006333333333333e-05,-4.067e-05,2136030000000.0,469357162192.20447,102525258861.99074,23.0,58.9681,12.8512,3599873305696.44,245028901764.81,1477096979163.14,145326351131.86
2025-10-19,107185.0,109450.07,106103.36,108642.78,15480.66423,3205640.0,3889.2,4030.94,3827.04,3982.58,408538.2545,4377250.0,187.55,192.29,183.19,187.86,2483964.6,1924138.0,9.626666666666664e-06,3.951333333333333e-05,4.749e-05,2167240000000.0,481374494460.8556,102776748829.74248,29.0,58.7614,12.9101,3637138018596.93,110794138685.79,1499903320229.98,73017615934.26
2025-10-20,108642.77,111705.56,107402.52,110532.09,19193.4416,4283542.0,3982.58,4085.3,3908.73,3979.22,511382.3301,5803391.0,187.86,194.5,183.82,189.71,3178001.499,2433576.0,-9.6e-06,4.631e-05,-3.681e-05,2205800000000.0,480639038651.46014,103856616021.96834,29.0,58.8992,12.7555,3678341634508.39,135742396996.42,1511828940678.61,88092344160.25
2025-10-21,110532.09,114000.0,107473.72,108297.67,37228.01659,6004063.0,3979.22,4110.0,3840.24,3873.05,590594.1382,7015049.0,189.71,197.71,182.72,185.63,4651082.621,2993729.0,-1.9503333333333334e-05,3.767e-05,-1.717e-05,2167220000000.0,468479169297.9261,101879994753.07828,34.0,58.9732,12.8511,3738741078709.74,169099320694.49,1533885254666.62,105563519359.25
2025-10-22,108297.66,109163.88,106666.69,107567.44,28610.78451,5547903.0,3873.04,3889.27,3710.0,3805.53,593130.0905,6834244.0,185.62,187.45,177.04,180.12,3977004.715,2949085.0,1.3116666666666664e-05,6.976666666666667e-06,-7.006666666666666e-06,2146680000000.0,458540202177.7071,98378351971.38234,25.0,59.0672,12.7813,3660221077917.81,229137936282.69,1498230823146.38,127718251530.88
2025-10-23,107567.45,111293.61,107500.0,110078.18,17573.09294,3721614.0,3805.53,3934.86,3796.54,3856.8,477231.0181,4206428.0,180.13,193.45,179.68,191.35,3501959.115,2124848.0,5.172333333333333e-05,3.295666666666667e-05,2.489333333333333e-05,2194450000000.0,465424423006.1053,104540072597.7442,27.0,59.2247,12.6808,3623935438825.19,197278838912.11,1477670600531.63,116479668347.04
2025-10-24,110078.19,112104.98,109700.01,111004.89,15005.16913,3241022.0,3856.8,4026.39,3845.86,3934.88,425926.9383,4291705.0,191.36,197.0,188.83,193.59,3356762.626,1753520.0,2.799333333333333e-05,4.46e-05,7.198333333333334e-05,2213720000000.0,474698217996.6975,106288165510.58272,30.0,59.268,12.5691,3703709473490.72,155527002516.8,1508593730043.97,100976025210.24
2025-10-25,111004.9,111943.19,110672.86,111646.27,6407.96864,1238199.0,3934.88,3969.22,3912.4,3953.82,138526.3338,1476147.0,193.58,195.25,191.19,193.84,1626838.938,874157.0,4.024666666666667e-05,3.080333333333333e-05,8.512e-05,2225530000000.0,477364265831.1463,106677788045.3348,37.0,59.1298,12.684,3744347471368.37,144348346916.44,1530322914178.22,96542228905.3
2025-10-26,111646.27,115466.8,111260.45,114559.4,13454.47737,2463951.0,3953.81,4178.78,3919.03,4158.46,344698.0918,3249487.0,193.84,202.43,191.9,200.03,2577750.13,1351806.0,3.1140000000000003e-05,7.359666666666667e-05,5.698333333333333e-05,2284260000000.0,502860618933.6666,110047640000.22713,40.0,59.086,12.6655,3767718805606.62,84273754265.55,1541525142857.16,59559705306.77
2025-10-27,114559.41,116400.0,113830.01,114107.65,21450.23241,3660488.0,4158.46,4253.72,4095.0,4120.15,487131.2291,5081784.0,200.03,205.33,197.34,198.7,3515609.387,2185287.0,9.101333333333334e-05,9.275666666666669e-05,7.994333333333334e-05,2274960000000.0,497145804032.98206,109067232034.8833,51.0,58.9506,12.9573,3873674588309.92,123807275190.99,1590120850319.8,82148486542.09
2025-10-28,114107.65,116086.0,112211.0,112898.45,15523.42257,3829845.0,4120.16,4175.55,3931.33,3979.2,472965.8377,5061999.0,198.71,203.99,190.22,194.15,4329169.961,2719480.0,5.619e-05,3.449e-05,3.4553333333333333e-05,2252940000000.0,480906130929.79016,106772049278.17957,50.0,59.0789,12.9107,3851991443223.37,169984114696.53,1576275674569.94,108241312018.76
2025-10-29,112898.44,113643.73,109200.0,110021.29,21079.71376,4481480.0,3979.19,4036.66,3840.37,3902.99,486452.3127,5571627.0,194.16,201.7,189.37,193.88,4620887.829,3083485.0,2.853e-05,-7.506666666666664e-06,-3.598333333333334e-05,2197660000000.0,471066010676.63416,106817150822.94824,51.0,59.3306,12.6602,3795223610355.91,172991008417.65,1543493838059.66,108888824838.1
2025-10-30,110021.3,111592.0,106304.34,108322.88,25988.82838,6373451.0,3903.0,3948.74,3680.0,3805.09,531455.9923,6906431.0,193.89,198.19,178.65,184.69,5054538.263,3681828.0,2.7026666666666667e-05,-4.008666666666667e-05,-4.9e-05,2154110000000.0,457576430976.8292,101087959825.61148,34.0,58.8832,12.6402,3727456158702.79,168775355737.64,1532612293056.57,106613612819.51
2025-10-31,108322.87,111190.0,108275.28,109608.01,21518.20439,5256872.0,3804.95,3906.09,3796.36,3847.99,478636.2995,5000695.0,184.69,190.26,183.7,187.21,3193393.84,2136994.0,6.737666666666667e-05,3.2376666666666664e-05,-9.91e-05,2184730000000.0,464825667855.82007,103016778934.12686,29.0,59.2555,12.5981,3644635239380.09,186433740224.94,1484989243319.39,116764334225.81
2025-11-01,109608.01,110564.49,109394.81,110098.1,7378.50431,1994214.0,3848.0,3909.39,3831.0,3873.77,152998.1626,1840903.0,187.21,187.55,183.79,186.35,1484505.22,977810.0,9.927333333333334e-05,7.926666666666666e-05,-6.536666666666665e-06,2193800000000.0,467305947260.5888,102852662280.93166,33.0,59.2483,12.5917,3687696202680.25,162383279578.24,1502798552452.97,102295013212.36
2025-11-02,110098.1,111250.01,109471.34,110540.68,12107.00087,2652188.0,3873.78,3918.23,3839.12,3906.58,216083.1542,2433160.0,186.35,188.34,182.0,187.71,1761297.557,1245796.0,7.328333333333333e-05,6.405e-05,2.3333333333333315e-06,2201510000000.0,469873059108.19135,103230759431.23776,37.0,59.2036,12.6108,3707325180562.38,88831043085.34,1512456972856.04,63013386490.97
2025-11-03,110540.69,110750.0,105306.56,106583.04,28681.18779,7074546.0,3906.58,3914.29,3558.82,3603.83,877187.3852,7464333.0,187.71,189.13,163.15,166.06,7327613.063,3910583.0,6.0933333333333335e-05,3.944666666666667e-05,-9.771e-05,2123920000000.0,433991547086.0165,91582491175.43184,42.0,59.2448,12.6731,3723628148439.64,104021467218.44,1517570582161.11,69737291248.12
2025-11-04,106583.05,107299.0,98944.36,101497.22,50534.87376,9099609.0,3603.84,3654.54,3057.0,3287.05,1568004.2379,10283812.0,166.06,168.42,145.85,155.03,8288577.565,5573905.0,7.382333333333334e-05,7.249666666666666e-05,-5.689e-05,2021330000000.0,396217496468.6122,85674809651.81122,21.0,60.1276,12.3025,3534206605351.27,212062696371.79,1409172833621.66,139223419727.25
2025-11-05,101497.23,104534.74,98966.8,103885.16,33778.77571,6500368.0,3287.05,3480.46,3166.66,3424.29,809591.5132,6935719.0,155.04,163.97,147.29,162.37,4650531.688,3444083.0,4.2596666666666665e-05,2.0556666666666662e-05,-1.0026666666666663e-05,2072510000000.0,413753734150.2606,89898040771.34428,23.0,60.1201,11.7897,3368737767516.78,290948210234.43,1343448206667.72,179997715876.31
2025-11-06,103885.16,104200.0,100300.95,101346.04,25814.62139,5755001.0,3424.29,3456.46,3245.45,3315.14,566363.7003,6422367.0,162.37,162.91,153.45,155.28,3576753.327,2732485.0,5.465e-05,3.3253333333333336e-05,-2.38e-05,2019170000000.0,398743597063.2221,85453206329.25996,27.0,59.907,11.9512,3458865996569.55,197660680881.44,1386764489539.09,120059035521.31
2025-11-07,101346.04,104096.36,99260.86,103339.08,32059.50942,6335759.0,3315.14,3473.0,3194.2,3436.05,683417.3854,7139239.0,155.27,164.48,149.82,161.79,4213077.972,3662708.0,5.854333333333333e-05,6.88e-05,-1.473333333333334e-06,2062920000000.0,414964781250.00415,89610418667.22287,24.0,59.9145,11.857,3371986733027.51,166736639486.24,1351677978550.06,103180515976.27
2025-11-08,103339.09,103406.22,101454.0,102312.94,12390.77985,2743819.0,3436.04,3488.0,3355.58,3401.51,291532.2881,3661341.0,161.8,164.89,155.8,158.02,2502927.24,1841390.0,4.854333333333333e-05,7.541e-05,2.719333333333333e-05,2041160000000.0,411009207994.54114,87537116061.40414,20.0,59.2964,11.9268,3475899478372.93,222982440117.36,1414814708481.46,130823276122.26
2025-11-09,102312.95,105495.62,101400.0,104722.96,16338.97096,3404204.0,3401.51,3623.25,3358.66,3583.46,464098.052,4471232.0,158.01,166.57,155.11,164.53,3231789.575,1970862.0,3.8316666666666665e-05,4.163333333333333e-05,-2.6596666666666666e-05,2088080000000.0,431660395753.3954,91008851580.64928,22.0,59.2883,11.9267,3441080584438.74,139677780571.14,1400921032608.82,88222331189.38
2025-11-10,104722.95,106670.11,104265.02,106011.13,22682.25673,4710957.0,3583.46,3658.98,3507.3,3567.85,595273.0298,5374965.0,164.53,170.48,163.42,167.31,3628961.126,2502580.0,7.068000000000001e-05,6.863666666666667e-05,-3.0676666666666664e-05,2115970000000.0,430957994482.8504,92791000147.9666,29.0,59.2195,12.2617,3527376685155.67,145822784627.24,1438483137890.13,86171121749.5
2025-11-11,106011.13,107500.0,102476.09,103058.99,24196.50718,5532149.0,3567.85,3648.27,3405.24,3417.76,660283.2747,6239855.0,167.31,171.94,153.93,154.63,4702104.213,2677284.0,1.955333333333333e-05,1.0773333333333334e-05,-8.917333333333333e-05,2054020000000.0,412748915502.4381,85863045531.64537,26.0,59.2666,12.0704,3567270051349.99,176675860282.66,1453069207677.11,107487176451.06
2025-11-12,103059.0,105333.33,100813.59,101654.37,20457.63906,5314132.0,3417.76,3588.19,3371.65,3414.92,553101.9368,5915987.0,154.63,161.14,151.2,153.42,4139205.467,2512619.0,2.9783333333333333e-05,2.239333333333333e-05,-7.158333333333333e-05,2028310000000.0,411639311681.4573,84909757799.14961,24.0,59.491,11.9363,3454136912294.99,177369935688.4,1399235498519.6,106522716748.29
2025-11-13,101654.37,104085.01,98000.4,99692.02,36198.50771,8125404.0,3414.91,3565.84,3154.22,3231.54,951989.1347,8109562.0,153.43,157.2,141.04,144.73,5418189.697,3262498.0,5.959000000000001e-05,6.429333333333334e-05,-1.8716666666666663e-05,1995500000000.0,391984794502.43646,80482224545.35979,15.0,59.24,12.0341,3423467037517.58,162043597354.67,1395404187662.15,97660975670.52
2025-11-14,99692.03,99866.02,94012.45,94594.0,47288.14481,9551025.0,3231.55,3256.71,3070.0,3112.4,890446.1491,9563602.0,144.74,145.68,135.76,138.92,6176425.147,4481602.0,8.924333333333333e-05,3.7176666666666666e-05,-3.362e-05,1885180000000.0,375646787922.7149,76905964743.04807,16.0,59.4296,11.6592,3346329391947.81,219786929402.36,1357618677707.89,118264483461.63
2025-11-15,94594.0,96846.68,94558.49,95596.24,15110.89391,4263558.0,3112.4,3230.0,3110.68,3167.88,338463.4782,3329279.0,138.93,144.69,138.61,139.61,2351478.022,1548121.0,8.143333333333334e-05,4.685e-05,4.842333333333333e-05,1905940000000.0,382598439848.92645,77398043325.173,10.0,58.8293,11.7055,3203271709223.11,234817175345.49,1318810921984.91,120132684844.06
2025-11-16,95596.23,96635.11,93005.55,94261.44,23889.4051,5141394.0,3167.87,3249.0,3004.0,3095.29,570633.5809,5709385.0,139.6,143.38,134.42,137.17,3385434.284,2470289.0,8.268333333333333e-05,9.259666666666666e-05,3.566666666666667e-05,1878830000000.0,373012682591.0937,76092207639.45226,10.0,58.7952,11.7892,3241911688566.6,103180573421.59,1335822898182.13,64724302460.32
2025-11-17,94261.45,96043.0,91220.0,92215.14,39218.59806,8134322.0,3095.29,3223.38,2959.46,3031.44,762500.4289,7450569.0,137.17,143.28,128.82,130.99,5624720.775,3486901.0,8.925333333333334e-05,8.664000000000001e-05,9.998e-05,1833520000000.0,364275580224.1413,72391164430.44193,14.0,58.8049,11.6851,3195192164876.78,157104836334.0,1316261688032.22,86031348943.43
2025-11-18,92215.14,93836.01,89253.78,92960.83,39835.14769,8786593.0,3031.44,3169.95,2946.56,3123.66,766640.1058,7615241.0,131.0,142.17,129.0,140.69,5528848.81,3294195.0,7.908333333333334e-05,8.327999999999999e-05,7.005666666666666e-05,1852110000000.0,376263151979.22687,78037067337.00438,11.0,58.7592,11.6771,3126931383746.27,203131673856.93,1289571568603.06,108929422895.89
2025-11-19,92960.83,92980.22,88608.0,91554.96,32286.6376,6822174.0,3123.65,3125.54,2873.64,3025.48,737926.7146,7164222.0,140.68,142.84,130.53,137.06,4268467.044,2768770.0,5.496e-05,6.643666666666667e-05,3.662e-05,1821880000000.0,363951103948.4048,75676067055.82219,15.0,58.3588,11.8608,3177409320943.4,207665190806.42,1323112582370.28,106023124492.27
2025-11-20,91554.96,93160.0,86100.0,86637.23,39733.19073,7841395.0,3025.48,3063.61,2790.01,2834.22,912524.3718,7127439.0,137.06,144.8,131.11,133.67,7048254.224,3544605.0,7.752666666666667e-05,7.241e-05,3.262666666666667e-05,1733930000000.0,343353111720.894,74311030648.24747,11.0,58.611,11.7191,3113320924061.28,180909960424.15,1288571424400.57,100566273693.22
2025-11-21,86637.22,87498.94,80600.0,85129.43,72256.12679,11826480.0,2834.21,2886.73,2623.57,2765.85,1180475.4085,10064748.0,133.67,135.06,121.66,128.68,8285885.693,5098676.0,3.812666666666667e-05,3.574e-05,-5.489333333333333e-05,1694760000000.0,332763302257.515,71593880081.54921,14.0,58.2184,11.5192,2965135089214.47,205707205214.66,1238882222435.77,110849822855.38
2025-11-22,85129.42,85620.0,83500.0,84739.74,14193.93263,4697593.0,2765.86,2799.01,2704.33,2770.12,264691.3089,3610746.0,128.69,129.94,125.08,127.59,2612487.859,1893811.0,4.388333333333333e-05,4.570333333333333e-05,-4.752666666666667e-05,1691310000000.0,334584166314.328,71340201302.09113,11.0,58.4373,11.4898,2904895832898.94,262183342152.65,1207353867211.85,133161977223.85
2025-11-23,84739.75,88127.64,84667.57,86830.0,19734.46418,5063493.0,2770.12,2858.16,2768.29,2802.16,409808.5734,3902263.0,127.6,133.54,127.56,130.58,2818715.19,1686146.0,1.0240000000000002e-05,1.167333333333333e-05,7.673333333333332e-06,1733310000000.0,338221491595.5676,73157290266.08861,13.0,58.3639,11.543,2894335861303.77,101140126165.93,1205088611099.84,60372503181.07
2025-11-24,86830.0,89228.0,85272.0,88300.01,24663.12795,6189156.0,2802.16,2987.0,2763.0,2953.38,715279.7551,5727108.0,130.58,139.87,128.44,138.44,4744857.046,2659938.0,1.6346666666666667e-05,4.178666666666666e-05,1.805e-05,1763370000000.0,357097494412.60626,77475885492.52599,19.0,58.6059,11.4412,2955026694506.42,122532435842.49,1223205892117.97,64279099152.49
2025-11-25,88300.01,88519.99,86116.0,87369.96,19567.0411,4838747.0,2953.38,2980.82,2857.32,2959.36,427686.4528,4418266.0,138.43,140.5,133.13,138.96,2994819.853,2110444.0,-2.104333333333333e-05,2.733333333333333e-05,-4.8030000000000006e-05,1744610000000.0,357565015751.3603,77854769114.08495,20.0,58.1036,11.7563,3031240619876.72,162468676225.77,1269980624740.53,87993307302.01
2025-11-26,87369.97,90656.08,86306.77,90484.02,21675.82239,4668280.0,2959.36,3045.0,2888.69,3026.56,364535.326,3911013.0,138.96,144.75,135.5,143.02,4021862.67,2100192.0,3.002333333333333e-05,1.891e-05,2.403333333333336e-06,1804770000000.0,365026701669.5892,79921068105.351,15.0,57.8378,11.8515,3013140717682.51,140402884916.42,1270406672424.41,75626426011.46
2025-11-27,90484.01,91950.0,90089.91,91333.95,16833.50932,3920172.0,3026.56,3071.37,2985.78,3015.23,274980.3955,2917476.0,143.01,144.29,140.47,140.85,2331673.189,1218711.0,1.4776666666666664e-05,1.7003333333333334e-05,3.4026666666666664e-05,1822540000000.0,363901966722.6834,78780484992.91206,22.0,58.2653,11.7888,3099796507303.76,139920152857.87,1293691426363.83,73424350949.85
2025-11-28,91333.94,93092.0,90180.63,90890.7,18830.86012,4229754.0,3015.23,3099.0,2994.36,3031.15,346616.0275,3662478.0,140.85,143.6,136.01,137.33,3502510.031,1614078.0,2.025e-05,5.3e-06,-6.446666666666666e-05,1815670000000.0,366363081129.2333,76963323966.60223,25.0,58.5707,11.6986,3110368201688.38,118289959188.66,1288605047932.51,61194646046.36
2025-11-29,90890.71,91165.65,90155.47,90802.44,7429.88291,1677860.0,3031.14,3052.64,2961.91,2989.16,217904.1303,1930588.0,137.33,138.1,134.76,135.91,1859321.171,749092.0,8.103333333333333e-06,9.773333333333332e-06,-3.796666666666667e-06,1812760000000.0,361039947317.0657,76103050208.84413,28.0,58.5733,11.8157,3097354048626.7,130062590231.39,1283132816915.47,69169837238.45
2025-11-30,90802.44,92000.01,90336.9,90360.0,9687.74175,2154030.0,2989.17,3053.02,2975.3,2991.26,182722.4253,1896781.0,135.92,140.19,133.26,133.48,2608165.329,991552.0,4.506e-05,5.214e-05,7.413e-05,1808120000000.0,362401608766.5696,75573768367.74919,28.0,58.7277,11.696,3086627556076.25,84158288425.61,1273921216339.12,46211639842.56
2025-12-01,90360.01,90417.0,83822.76,86286.01,34509.01227,7709685.0,2991.25,2999.47,2716.04,2799.07,849002.9909,7108249.0,133.48,133.74,123.11,126.66,5007504.057,2539012.0,2.7456666666666667e-05,3.532e-05,5.153333333333335e-06,1726290000000.0,338525714594.11865,71028553579.59798,24.0,58.7201,11.7561,3071711460766.56,84354417578.23,1267999997288.33,45850596769.43
2025-12-02,86286.01,92307.65,86184.39,91277.88,28210.22732,6397299.0,2799.07,3033.76,2782.19,2996.07,523707.3586,5821936.0,126.66,140.88,126.01,138.68,5022856.747,2502692.0,1.8776666666666663e-05,5.549333333333333e-05,-7.033333333333336e-06,1826570000000.0,362494388893.0963,77735931273.1292,23.0,58.7584,11.5281,2931539712013.4,181784971722.91,1209014007708.27,93782455084.37
2025-12-03,91277.88,94150.0,90990.23,93429.95,25712.52585,6733182.0,2996.07,3214.99,2985.58,3188.36,553669.8146,6210489.0,138.67,146.08,137.76,144.67,3954144.805,2140894.0,5.296666666666666e-06,3.6066666666666665e-05,8.424333333333333e-05,1868140000000.0,384988654995.9034,81176895274.36739,28.0,58.9377,11.6979,3093030885993.87,156821898412.51,1270068328736.79,78265888367.88
2025-12-04,93429.95,94080.0,90889.0,92078.06,19803.94059,5856049.0,3188.39,3240.35,3066.37,3133.26,486698.3987,6357509.0,144.67,146.91,137.8,139.01,2694242.241,1819447.0,3.656e-05,8.644333333333333e-05,9.070666666666666e-05,1840170000000.0,378558883485.5329,77833519295.31357,26.0,58.6235,12.0967,3181627825841.59,158576614193.74,1316446756602.8,81151389277.82
2025-12-05,92078.06,92692.36,88056.0,89330.04,19792.97218,5520352.0,3133.26,3193.33,2983.08,3021.78,530382.8986,6012408.0,139.01,140.75,130.73,133.29,3367359.143,1904907.0,3.3906666666666665e-05,5.686666666666667e-05,4.511666666666667e-05,1781820000000.0,364675448000.0524,74494325420.2701,28.0,58.7347,12.0832,3130735049271.67,134990550313.45,1291905760153.62,70454709867.34
2025-12-06,89330.04,90289.97,88908.01,89236.79,8409.50016,2482221.0,3021.77,3069.0,3012.58,3038.06,159721.2488,2244070.0,133.29,134.13,131.28,132.19,1341595.431,893052.0,1.2633333333333332e-05,2.708e-05,-1.9603333333333333e-05,1779630000000.0,366457338776.3512,73891859478.54129,23.0,58.6388,11.998,3041893784254.5,135627956125.7,1258162898540.44,72233709356.11
2025-12-07,89236.8,91760.0,87719.28,90395.31,13021.11185,3953071.0,3038.06,3150.0,2907.52,3059.85,391129.675,4277667.0,132.2,136.35,127.7,132.24,3131804.491,1814091.0,3.69e-05,1.3966666666666668e-05,1.006333333333333e-05,1797620000000.0,367891162050.9758,73686618871.95122,20.0,58.5287,12.0539,3043695850628.64,78629766912.27,1262259401215.32,40638571412.86
2025-12-08,90395.32,92287.15,89612.0,90634.34,15793.63887,5458731.0,3059.86,3180.51,3040.87,3124.16,452820.2207,6327207.0,132.25,139.36,131.52,133.25,3245115.426,2042892.0,3.133666666666667e-05,4.728666666666667e-05,3.308666666666666e-05,1809750000000.0,377190691770.9931,74672575640.71356,20.0,58.8308,12.0445,3067794380088.19,104609886385.11,1262985983323.09,57162391855.59
2025-12-09,90634.35,94588.99,89500.0,92678.8,21240.43014,5940223.0,3124.16,3397.85,3090.8,3318.04,603859.9458,6993282.0,133.24,144.93,131.62,137.88,4508522.034,2422599.0,4.224666666666666e-05,5.123333333333333e-05,-8.613333333333333e-06,1852420000000.0,401424953577.2528,77617719139.27754,22.0,58.5777,12.2115,3088492345273.68,123122589868.5,1279324324364.75,65741946691.62
2025-12-10,92678.81,94476.0,91563.15,92015.37,18998.68083,6025707.0,3318.04,3447.44,3288.1,3324.14,539585.4535,7155428.0,137.87,142.57,135.39,136.26,4520230.276,2617344.0,2.659333333333333e-05,6.963666666666666e-05,4.7923333333333336e-05,1838370000000.0,401892122056.1921,76764388987.39581,26.0,58.4563,12.6625,3165260348352.59,147808606858.04,1314965132676.98,80934747889.85
2025-12-11,92015.38,93555.0,89260.63,92513.38,19972.58758,6250438.0,3324.14,3327.37,3145.28,3237.39,504114.2391,7267153.0,136.26,137.79,129.0,136.41,4377697.036,2353342.0,2.371e-05,3.2246666666666664e-05,-7.318333333333333e-05,1848810000000.0,390748149000.8584,76590803018.21213,29.0,58.47,12.7726,3141462062831.25,144916697303.25,1304649038438.18,79516155478.96
2025-12-12,92513.38,92754.0,89480.0,90268.42,16679.19169,4956719.0,3237.38,3265.5,3045.31,3084.86,435686.4435,5948483.0,136.41,140.12,130.35,132.27,4005608.262,2200099.0,4.998333333333334e-05,9.11e-06,9.804000000000002e-05,1803100000000.0,372682403328.8153,74471869593.2683,29.0,58.8375,12.4485,3138717203208.4,140955430663.96,1291974320527.48,76421278429.63
2025-12-13,90268.43,90634.55,89766.39,90240.01,5895.70788,1363754.0,3084.86,3135.68,3078.6,3114.64,136465.7567,1855254.0,132.28,134.28,131.6,133.14,1472483.735,667045.0,4.0606666666666665e-05,6.816666666666668e-06,-3.932333333333333e-05,1801420000000.0,375949292119.7456,74788813246.40747,23.0,58.7909,12.1467,3064936086159.75,146860462471.0,1263031747606.03,66574189157.72
2025-12-14,90240.0,90472.4,87577.36,88172.17,9416.94004,3115749.0,3114.64,3129.54,3024.44,3063.5,279058.3545,3511048.0,133.13,133.66,127.98,129.4,1731614.637,961625.0,5.5570000000000005e-05,7.132333333333333e-05,-4.38e-05,1758560000000.0,369411073607.5288,72748304235.62021,21.0,58.5981,12.2284,3075544208039.34,102053589995.9,1273333149970.09,37821523315.76
2025-12-15,88172.16,90052.64,85146.64,86432.08,19778.6919,6747167.0,3063.49,3177.5,2894.57,2964.85,520509.9555,7417115.0,129.39,135.43,123.63,127.81,3922431.0,2137229.0,7.926666666666666e-06,3.873333333333334e-05,-1.709333333333333e-05,1723790000000.0,357524755128.26074,71616017456.43327,16.0,58.4691,12.2741,3010235906439.55,96448069081.47,1250179460967.51,45938711404.44
2025-12-16,86432.08,88175.98,85266.0,87863.42,18456.05017,6099692.0,2964.85,2981.87,2876.0,2962.3,378293.1159,6669623.0,127.81,130.14,124.87,129.15,2884783.998,1843584.0,4.3020000000000005e-05,-7.666666666666672e-07,-4.308e-05,1751770000000.0,357049334389.2042,72333358884.65108,11.0,58.464,12.1242,2950968811410.86,118899883205.97,1225712951174.97,73337180821.76
2025-12-17,87863.43,90365.85,85314.0,86243.22,19834.11729,6058638.0,2962.3,3030.92,2791.02,2833.49,497630.4162,6532843.0,129.15,133.99,121.36,123.27,4525580.216,2357854.0,7.041666666666667e-05,1.3853333333333332e-05,4.277666666666667e-05,1718010000000.0,341167235246.4701,69179028205.4871,16.0,58.7923,11.9907,2982808459352.01,104463664213.13,1229146776097.91,63201009102.9
2025-12-18,86243.23,89477.61,84450.01,85516.41,25405.41763,6946947.0,2833.5,2997.4,2775.19,2828.57,595253.7997,7801439.0,123.28,129.05,116.88,119.6,4790795.008,2419617.0,4.572666666666666e-05,2.9033333333333345e-06,-5.228e-05,1705570000000.0,341153629289.6492,67168348131.28204,17.0,59.1378,11.751,2908913333027.86,115169674942.15,1188647004887.05,71011323096.25
2025-12-19,85516.41,89399.97,85110.24,88136.94,21256.65004,6482253.0,2828.56,3020.0,2808.63,2979.5,531702.5439,6948512.0,119.6,127.87,117.61,126.27,4090548.592,2082071.0,8.497000000000001e-05,7.421333333333334e-05,4.688333333333333e-05,1760180000000.0,359728301906.76904,70997484878.89209,16.0,59.2564,11.8501,2879542664557.9,130093541518.32,1173228716005.71,77428558033.87
2025-12-20,88136.95,88573.07,87795.76,88360.9,5123.13194,1174426.0,2979.49,2994.41,2964.17,2977.93,91783.7734,1350111.0,126.27,126.89,125.3,125.81,1229353.586,488206.0,6.135e-05,1.6029999999999997e-05,7.949333333333334e-05,1762710000000.0,359123115841.2903,70687000408.47253,20.0,58.9865,12.0534,2981811194912.08,124314566536.95,1222945470623.93,77583842213.67
2025-12-21,88360.91,89081.77,87600.04,88658.86,7132.87258,2030666.0,2977.93,3013.4,2944.0,3002.02,162244.8067,2474808.0,125.8,126.62,123.4,126.03,1812103.189,839564.0,7.510666666666666e-05,2.1236666666666663e-05,5.526666666666667e-05,1767560000000.0,362198163077.2337,70799667616.86012,20.0,58.976,12.0158,2990613320545.69,54411472214.62,1226869481275.87,39742649974.76
2025-12-22,88658.87,90588.23,87900.0,88620.79,14673.2197,4847747.0,3002.03,3077.39,2963.43,3009.49,298443.5633,5452069.0,126.03,128.78,124.2,125.93,2667589.146,1282063.0,5.189e-05,-7.75e-06,4.428666666666666e-05,1766420000000.0,362660280477.0528,70669190669.29913,25.0,59.0295,12.0858,2997407400024.44,68983001077.75,1228052562958.16,49164634217.82
2025-12-23,88620.79,88940.0,86601.9,87486.0,13910.32904,4465080.0,3009.48,3035.79,2900.93,2965.02,386465.747,4824322.0,125.93,126.93,122.16,124.01,2440030.872,1214338.0,3.219666666666666e-05,4.414e-05,-3.873333333333334e-05,1744320000000.0,357650120651.1093,69640089511.96767,24.0,59.0177,12.119,2994312469900.24,103385813710.36,1227139503037.72,65339254663.05
2025-12-24,87486.0,88049.89,86420.0,87669.45,9140.8432,2877239.0,2965.03,2978.15,2888.7,2947.47,197035.5598,3194683.0,124.02,124.3,120.63,122.53,1605450.498,891219.0,8.127333333333334e-05,4.799666666666666e-05,3.233333333333333e-05,1749550000000.0,355655750204.6716,68975284097.0702,24.0,59.0224,12.0926,2957176632218.16,102088658647.57,1211779488751.39,58399405970.0
2025-12-25,87669.44,88592.74,86934.72,87225.27,7096.58235,1992172.0,2947.48,2971.46,2891.2,2903.95,188721.2981,2183611.0,122.52,124.46,119.71,120.06,1818325.148,620763.0,7.409333333333333e-05,6.0616666666666665e-05,7.66e-05,1741720000000.0,350644815120.736,67845951185.98681,23.0,59.1383,12.0186,2957884186914.29,75158900610.56,1208640648593.28,49615119124.27
2025-12-26,87225.27,89567.75,86655.08,87369.56,18344.61505,4509482.0,2903.9,2994.38,2894.26,2927.99,314830.9989,4062164.0,120.05,125.14,119.24,122.26,3326516.562,1242795.0,6.601666666666667e-05,4.984e-05,7.622666666666667e-05,1743820000000.0,353163815182.25073,68743757402.49849,20.0,59.3462,11.9396,2934700277588.46,64300755845.82,1193068529471.1,44345939247.6
2025-12-27,87369.56,87984.0,87253.05,87877.01,4469.55156,957536.0,2928.0,2960.89,2917.13,2949.05,95040.3956,1004396.0,122.27,125.08,121.86,124.73,1357802.112,458614.0,3.4823333333333336e-05,3.884e-05,6.829666666666667e-05,1751070000000.0,355121478422.0952,70003265392.8037,23.0,59.1404,11.9801,2947572443450.84,97040599006.26,1204365123193.13,54585681279.59
2025-12-28,87877.0,88088.75,87435.0,87952.71,4446.29285,1241426.0,2949.05,2961.23,2924.54,2950.91,128834.139,1484510.0,124.74,125.64,123.08,125.27,1828960.451,519293.0,5.7943333333333325e-05,5.959e-05,0.0001,1752150000000.0,355577573188.3152,70153370705.78313,24.0,58.9539,11.9616,2973923395929.38,48195628249.64,1220678530943.57,34453273572.45
2025-12-29,87952.71,90406.08,86806.5,87237.13,19894.98575,4793589.0,2950.91,3057.78,2910.25,2937.9,485959.1824,5162535.0,125.27,130.16,122.36,123.28,4307595.105,1525275.0,8.275333333333335e-05,6.51e-05,4.029666666666667e-05,1739930000000.0,354107676974.60474,69316600807.72409,24.0,58.9301,11.9555,2976710235974.97,52358732248.91,1222532159391.43,37200828379.77
2025-12-30,87237.13,89400.0,86845.66,88485.49,13105.91001,3542176.0,2937.91,3009.8,2919.44,2973.69,286583.2879,3959890.0,123.28,126.52,122.58,125.01,2480631.516,955705.0,7.652666666666667e-05,4.128000000000001e-05,1.454e-05,1765830000000.0,358367374381.821,70186453685.15594,23.0,58.9435,11.9994,2951927310595.86,117125977919.13,1211957655822.94,68712655004.34
2025-12-31,88485.5,89200.0,87250.0,87648.22,11558.62047,2897396.0,2973.69,3028.08,2958.91,2971.64,233729.5887,2935432.0,125.02,132.75,122.99,124.65,2941643.658,966712.0,2.708333333333333e-05,3.296333333333333e-05,7.359333333333333e-05,1747660000000.0,358238005980.3975,70125503054.8712,21.0,59.0733,11.9972,2988937415573.34,90083989817.52,1223272694005.65,54493279593.77
2026-01-01,87648.21,88919.45,87550.43,88839.04,6279.57133,1449281.0,2971.65,3010.0,2971.15,3004.19,136088.5207,1338212.0,124.64,127.25,124.15,126.9,1733664.978,515257.0,7.237e-05,6.0796666666666674e-05,2.2546666666666665e-05,1771000000000.0,362192027246.5644,71329715373.7179,20.0,58.9858,12.0872,2962686913811.92,87825284543.53,1215122456354.41,53992043417.74
2026-01-02,88839.05,90961.81,88379.88,89995.13,17396.97301,5010211.0,3004.19,3150.01,2992.49,3125.45,369891.2449,5276480.0,126.91,133.25,125.84,132.29,2924227.372,1348954.0,4.88e-05,6.047666666666667e-05,0.0001,1796130000000.0,377082496182.4104,74476080817.07706,28.0,58.9757,12.0527,3004534871630.71,60763165835.69,1232588723872.37,41914710645.56
2026-01-03,89995.14,90741.16,89314.01,90628.01,7057.46716,1684214.0,3125.46,3136.71,3076.0,3127.11,134405.2258,1823251.0,132.28,133.99,129.6,133.37,1520623.499,637040.0,3.701e-05,3.946333333333334e-05,8.237666666666668e-05,1809310000000.0,377201195483.1576,75113630004.62654,29.0,58.5264,12.2859,3069214747084.34,118434512841.52,1272914660437.1,72038196068.14
2026-01-04,90628.01,91810.0,90628.0,91529.73,10426.5297,2207037.0,3127.11,3167.22,3118.75,3144.7,181576.0686,2261499.0,133.37,135.54,133.12,134.12,1809269.113,892859.0,6.578999999999999e-05,5.013666666666667e-05,6.388666666666667e-05,1824560000000.0,378996076766.9647,75469147083.53455,25.0,58.5689,12.2122,3089360589368.91,67206026264.46,1279954767248.82,46426013674.85
2026-01-05,91529.74,94789.08,91514.81,93859.71,20673.59584,5485489.0,3144.71,3265.66,3135.02,3224.99,382446.6618,5401982.0,134.12,139.87,133.18,137.9,3327567.484,1633145.0,7.282000000000001e-05,4.659e-05,2.5093333333333333e-05,1876310000000.0,389802644560.4537,77902515216.83495,26.0,58.5183,12.151,3121302203496.37,80698829864.05,1294769461896.43,53923831388.23
2026-01-06,93859.71,94444.44,91262.94,93747.97,18546.41829,5018686.0,3224.99,3308.86,3183.27,3296.84,412503.5066,5310071.0,137.91,143.48,136.19,141.08,3771795.117,1877400.0,1.377e-05,6.387e-05,7.824333333333334e-05,1868870000000.0,397211327459.0173,79431242519.84999,44.0,58.4391,12.1358,3208060885996.93,133240409078.8,1333298476245.82,79856849462.51
2026-01-07,93747.97,93747.97,90675.52,91364.16,14276.49025,4340252.0,3296.83,3296.84,3125.42,3168.72,321350.1225,4839276.0,141.08,141.4,134.41,136.39,2321642.178,1424664.0,6.489e-05,6.276e-05,1.7940000000000004e-05,1821670000000.0,381809454671.85046,76847894315.05113,42.0,58.229,12.3743,3214487569219.65,137384919078.81,1342723045395.63,84950887572.08
2026-01-08,91364.16,91687.99,89311.0,91099.99,16132.79117,4923472.0,3168.72,3184.39,3054.65,3106.65,343616.1005,4982423.0,136.39,140.07,132.67,138.37,3113437.835,1555663.0,8.376333333333332e-05,4.917e-05,3.550666666666667e-05,1819470000000.0,375253093195.06384,78127969183.33327,28.0,58.3237,12.2238,3126397327476.89,110297322167.36,1302967126681.89,66836026760.85
2026-01-09,91100.0,92082.55,89694.66,90641.28,15590.27939,4155703.0,3106.66,3148.41,3058.69,3088.4,274587.4533,4182570.0,138.37,141.17,134.98,135.97,3778547.996,1559427.0,1.5543333333333334e-05,5.328333333333334e-05,9.856333333333336e-05,1808380000000.0,372343750649.46765,76659307072.33156,27.0,58.5242,12.0608,3106463656563.03,112093617884.01,1288430532805.17,69708231896.54
2026-01-10,90641.27,90832.0,90404.0,90504.7,3104.11722,766357.0,3088.4,3104.12,3077.99,3086.72,82341.0546,881069.0,135.96,137.05,135.37,135.84,1000837.004,419628.0,6.511666666666667e-05,8.078666666666666e-05,-5.4986666666666666e-05,1805750000000.0,371987887442.4087,76566107923.5933,25.0,58.5158,12.0451,3089606517552.13,97780395048.9,1281699869412.99,59473509061.49
2026-01-11,90504.7,91283.89,90236.0,91013.65,5477.13594,1282029.0,3086.72,3147.27,3084.46,3123.45,149381.2965,1522502.0,135.85,141.6,135.75,139.7,2209913.206,857832.0,5.027e-05,7.424333333333332e-05,7.696666666666666e-05,1812010000000.0,375667997171.7405,78511901175.45676,29.0,58.4788,12.0505,3087244401681.41,45505426812.24,1281859727326.72,33118974279.15
2026-01-12,91013.66,92519.95,90128.44,91296.2,16188.08268,4099509.0,3123.46,3171.49,3065.55,3095.75,297373.4681,4303605.0,139.69,144.4,138.34,139.22,4160120.091,1815385.0,3.121666666666667e-05,6.711666666666667e-05,7.896666666666667e-05,1820510000000.0,373076196647.4756,78517005191.35098,27.0,58.4756,12.1307,3102959243476.82,58339682476.26,1288483676656.53,41174058996.51
2026-01-13,91296.2,96495.0,91042.66,95414.0,23021.51482,5025071.0,3095.75,3367.79,3091.96,3325.82,457782.2816,4876916.0,139.21,148.74,137.82,145.51,4195082.468,1781041.0,5.176e-05,5.5133333333333336e-05,5.306666666666667e-05,1903720000000.0,400983889804.6071,82258561814.78087,26.0,58.6883,12.0246,3103751137437.92,107121690382.23,1282210941855.71,65775784878.77
2026-01-14,95413.99,97924.49,94559.28,96951.78,22851.89428,5346212.0,3325.83,3402.89,3280.48,3354.92,503440.0759,5351410.0,145.52,148.44,143.37,146.69,3695077.378,1481363.0,2.2340000000000003e-05,9.443666666666668e-05,9.935333333333332e-05,1938510000000.0,405111613845.66016,82854907016.97218,48.0,58.6414,12.3481,3247757333484.21,137333657852.9,1343227827457.74,82352877653.77
2026-01-15,96951.78,97193.34,95134.48,95604.8,21725.81369,4493095.0,3354.92,3384.19,3273.72,3318.69,389993.836,4766390.0,146.7,146.73,140.9,142.4,2462143.139,1301300.0,9.693333333333333e-06,5.246e-05,3.2273333333333335e-05,1908620000000.0,400047456685.6065,80402273273.36284,61.0,58.9718,12.3316,3283479128666.19,153765682434.14,1347153817993.56,93176362678.02
2026-01-16,95604.81,95871.47,94293.46,95550.94,11167.7146,2971559.0,3318.7,3326.79,3253.01,3296.28,223921.7876,3528248.0,142.41,145.55,140.26,144.89,1900879.026,1014424.0,5.724e-05,3.203e-05,-1.5396666666666668e-05,1907530000000.0,397738800498.2166,81901809426.66774,49.0,59.0676,12.3896,3231735580943.48,129201591559.75,1322825899485.0,76117173122.17
2026-01-17,95550.94,95639.45,95021.67,95147.77,4280.80137,1020527.0,3296.28,3330.26,3283.96,3310.56,124325.0303,1229614.0,144.9,144.99,143.32,143.72,835154.761,392089.0,1.935e-05,7.489e-05,5.378e-05,1899930000000.0,399128071435.4816,81249292909.05098,50.0,59.0675,12.3111,3230505135067.08,96789608709.11,1322326763889.72,63542098177.24
2026-01-18,95147.77,95531.12,93615.4,93673.14,6895.17819,1488785.0,3310.56,3368.82,3278.86,3284.03,173354.3026,2227452.0,143.73,144.0,137.74,137.87,1877438.698,712971.0,6.563333333333333e-05,2.5296666666666668e-05,-3.649e-05,1883080000000.0,398525238548.7136,78711050645.93106,49.0,58.9283,12.387,3224199088328.39,59037250962.23,1324232694445.83,43016404099.92
2026-01-19,93673.14,93673.14,91910.2,92631.0,14295.52747,3359066.0,3284.04,3284.58,3165.38,3189.55,442540.5596,4406164.0,137.87,137.87,130.0,133.44,2972524.77,1113535.0,2.6366666666666663e-05,1.836333333333333e-05,3.681666666666667e-05,1848460000000.0,384424659896.7162,75459867040.0719,44.0,58.9582,12.4839,3173322436541.21,68899775009.91,1302387680685.13,48084499338.35
2026-01-20,92630.99,92870.0,87895.98,88427.66,22007.3261,6064031.0,3189.56,3200.5,2920.0,2939.88,518166.4787,7228638.0,133.44,134.63,124.68,125.8,3532423.88,1665250.0,7.365666666666667e-05,5.314666666666667e-05,1.3396666666666663e-05,1762800000000.0,354578659527.41034,71201207845.32257,32.0,59.0704,12.2855,3130750940939.45,120236477334.26,1281405262255.57,81043693865.37
2026-01-21,88427.66,90574.0,87263.53,89454.73,20617.50372,6419053.0,2939.88,3069.07,2866.11,2982.27,577800.2481,8064316.0,125.81,132.17,125.26,129.54,3161736.36,1568002.0,6.155e-05,7.316666666666666e-06,-7.12e-06,1790070000000.0,361115192844.4796,73391492131.7575,24.0,59.1367,11.8759,2983907165594.0,140673192204.51,1219323265887.25,87668806626.76
2026-01-22,89454.73,90359.99,88515.37,89559.67,10825.50492,3743412.0,2982.28,3038.33,2906.02,2952.69,291660.7349,4696521.0,129.53,130.94,126.73,128.47,1811586.462,1016749.0,6.961333333333333e-05,2.2890000000000003e-05,-2.115e-05,1786030000000.0,355794582646.666,72573837699.5938,20.0,59.0726,11.8966,3022772747468.19,146424590620.46,1237143791165.11,90090085460.58
2026-01-23,89559.68,91224.99,88578.36,89600.26,13918.48919,4619907.0,2952.7,3019.26,2892.4,2956.41,318415.3317,5479038.0,128.47,130.2,125.28,127.43,2044063.077,1068593.0,5.149333333333333e-05,3.1956666666666665e-05,-2.1606666666666664e-05,1786960000000.0,356241209591.52655,72013408353.85167,24.0,59.2235,11.7951,3018034650925.23,99620652811.76,1230650360866.12,64070451561.27
2026-01-24,89600.26,89957.39,89162.08,89225.34,4226.56737,959854.0,2956.41,2970.41,2943.84,2953.22,92082.9039,1185149.0,127.43,128.12,126.64,127.21,807419.995,331896.0,4.780333333333334e-05,2.046e-05,-7.456666666666666e-06,1781910000000.0,356128590881.5642,71932128135.82452,25.0,59.2154,11.8028,3019706207536.56,110344345214.97,1231573941930.9,71343497689.1
2026-01-25,89225.34,89319.13,86074.72,86670.36,14426.22019,3720178.0,2953.23,2960.29,2787.0,2816.89,380186.5326,4637787.0,127.22,127.46,117.15,118.85,4540879.449,1232391.0,4.768e-05,4.961e-05,-1.965333333333333e-05,1727200000000.0,338768274906.0145,67259754195.21434,25.0,59.1336,11.8211,3010541590050.43,53608532603.16,1230300184645.04,39049688461.26
2026-01-26,86670.36,88860.0,86509.63,88347.08,17766.51453,4798083.0,2816.9,2951.21,2812.37,2930.35,485169.3372,5933570.0,118.85,125.6,118.53,124.24,2355751.363,1187889.0,4.1733333333333336e-05,-1.9210000000000004e-05,-5.945e-05,1765030000000.0,353656355568.63824,70321098040.78137,20.0,59.2585,11.6416,2919003314601.78,102101281264.06,1189246679871.1,66055023221.09
2026-01-27,88347.08,89523.16,87304.33,89250.0,13125.40425,3787336.0,2930.35,3035.08,2899.77,3026.77,478792.3988,5278439.0,124.24,127.84,123.12,127.19,2036509.042,1006079.0,5.932666666666667e-05,8.479e-05,6.113333333333333e-05,1783510000000.0,364837992936.4362,72010076671.69719,29.0,59.0879,11.8348,2984538775089.33,119519166869.86,1221036759614.94,74189154759.56
2026-01-28,89249.99,90600.0,88833.65,89299.99,14332.18502,4385791.0,3026.77,3045.78,2983.67,3010.78,296607.6549,5061029.0,127.18,128.34,124.78,125.35,1997863.528,1065285.0,5.413666666666667e-05,7.586e-05,5.974333333333333e-05,1781890000000.0,363101825977.4944,70826606929.8614,29.0,58.9068,12.0674,3022867412017.49,117064497915.55,1242192762026.1,78327427473.51
2026-01-29,89300.0,89348.0,83383.33,84650.16,30431.38201,5598749.0,3010.78,3013.5,2754.53,2822.59,561288.5979,6779608.0,125.34,125.51,115.39,117.82,3730613.473,1444201.0,5.696333333333334e-05,2.5473333333333336e-05,-3.770333333333333e-05,1688860000000.0,340181306549.0913,66544087857.7948,26.0,58.9858,12.0115,3020556483515.94,104472125797.37,1238857737260.64,64619419215.6
2026-01-30,84650.16,84735.75,81118.0,84260.49,35195.84793,8998829.0,2822.6,2828.65,2636.01,2707.38,793279.6252,10661631.0,117.82,119.12,112.14,117.59,4761006.742,1991218.0,2.167333333333333e-05,3.633333333333331e-07,-0.00010596,1678840000000.0,325831353763.3768,66329025415.89523,16.0,58.7564,11.8277,2875687027669.77,156961595857.26,1186037809655.7,92207980012.89
2026-01-31,84260.5,84270.02,75719.9,78741.09,39491.89133,7384976.0,2707.37,2714.64,2250.0,2451.95,1113097.7132,9305297.0,117.6,118.85,96.4,105.58,8567398.326,3248600.0,6.608666666666666e-05,-4.685666666666668e-05,-0.0001171066666666,1572670000000.0,295006118551.6256,59638615050.554016,20.0,59.1663,11.48,2841155122820.61,170679744443.46,1160148426614.93,98695165220.73
2026-02-01,78741.1,79424.0,75700.0,76968.21,25395.48168,8001906.0,2451.96,2475.98,2222.0,2270.15,1026573.9466,11038637.0,105.58,106.69,98.02,100.79,4204256.051,2202213.0,6.253333333333334e-06,-7.44e-05,-0.0003246166666666,1536890000000.0,274003148492.64853,57041300397.25282,14.0,59.0654,11.1014,2660524317026.48,180978003026.74,1089076026478.01,110495726084.48
2026-02-02,76968.22,79360.0,74604.0,78738.61,42273.59016,10085578.0,2270.16,2396.62,2157.14,2347.02,1248535.2114,11149156.0,100.78,106.12,95.95,104.55,5574032.681,2856979.0,-2.896e-05,-0.00011477,-9.109e-05,1572970000000.0,283101157973.9489,59210060010.79936,14.0,59.353,10.5656,2590179375124.41,140064859446.3,1052830439380.62,86800099455.15
2026-02-03,78738.6,79186.81,72945.5,75770.21,39120.10889,9199445.0,2347.01,2359.88,2110.0,2233.72,1321099.3867,11643770.0,104.54,105.1,96.64,97.89,4514018.115,2135637.0,-1.4100000000000005e-06,-6.125e-05,-0.0001287833333333,1512380000000.0,269319527013.5023,55373199661.8756,17.0,59.3776,10.686,2648043207932.09,207243386161.24,1075698391288.52,132101450295.61
2026-02-04,75770.21,76971.52,71888.0,73165.83,38375.36,10724002.0,2233.72,2295.74,2076.68,2148.26,1264743.43,10912540.0,97.89,99.67,89.3,92.12,6251459.371,2940009.0,2.7626666666666664e-05,-2.1716666666666665e-05,-0.0003274,1460640000000.0,259176762014.6872,52099152370.37898,14.0,59.0594,10.5117,2559559718481.03,169163101986.87,1047898277978.45,100907037361.17
2026-02-05,73165.84,73341.18,62345.0,62909.86,106298.82899,15364010.0,2148.25,2173.77,1818.18,1826.83,1952286.6951,13667587.0,92.11,93.43,77.6,78.35,10243355.48,4871571.0,1.5046666666666668e-05,-9.326666666666668e-06,-1.39e-05,1268910000000.0,223287604057.5196,44765777731.79487,12.0,58.868,10.4354,2479257387783.53,165877704079.23,1019768237853.14,98670063152.08
2026-02-06,62909.87,71751.33,60000.0,70580.26,92539.21531,13228528.0,1826.83,2093.94,1747.8,2063.38,2102311.5573,12362731.0,78.34,89.84,67.5,87.46,11811095.766,3980604.0,-9.587666666666666e-05,-0.00011429,-0.0003829533333333,1411890000000.0,249120675680.03287,49723127684.38866,9.0,57.9165,10.1564,2165376390515.56,268871243551.13,911266139431.44,143345552616.77
2026-02-07,70580.26,71690.07,67300.0,69289.38,44255.48036,7167427.0,2063.37,2121.7,1994.57,2087.08,1142616.4487,7938360.0,87.45,89.2,84.16,87.59,4486649.48,1746041.0,-8.803666666666665e-05,3.817666666666667e-05,-0.0003088733333333,1382310000000.0,251802715901.83487,49590318424.61761,6.0,58.7204,10.3696,2400781264841.82,259063111510.54,991033932988.25,144278267270.62
2026-02-08,69289.37,72271.41,68888.0,70330.38,21420.53168,4870449.0,2087.08,2152.03,2064.1,2089.74,482837.2515,4379045.0,87.59,89.08,85.77,86.99,2534998.683,1040850.0,-3.937666666666667e-05,-1.926333333333333e-05,-0.00032942,1409450000000.0,252707805801.5424,49350951145.62936,7.0,58.3231,10.6228,2374499382435.29,148521174713.63,989617481518.62,86176213815.38
2026-02-09,70330.38,71453.53,68308.0,70138.0,29152.72842,6644769.0,2089.73,2147.73,2008.62,2105.02,625378.5569,6331904.0,86.99,88.69,82.86,86.77,3667652.416,1641253.0,-1.837666666666667e-05,-3.077333333333333e-05,-0.0001208366666666,1403930000000.0,254302706151.4068,49297391404.43421,14.0,58.7483,10.543,2390772306664.45,89356096829.7,986233570996.22,49621821923.19
2026-02-10,70138.0,70527.59,67800.0,68841.29,20373.77072,4558658.0,2105.02,2124.71,1989.38,2022.67,574321.6908,5159394.0,86.77,87.49,81.91,82.99,2975212.105,1118002.0,-7.481e-05,-0.00010126,-0.0001238066666666,1372880000000.0,243468014556.33908,46969628597.297615,9.0,58.6644,10.6286,2389099143159.16,117123248524.14,987548992200.0,65133626496.39
2026-02-11,68841.28,69292.88,65756.0,67082.52,28718.24602,6956577.0,2022.67,2032.31,1903.19,1941.18,529655.8177,6450810.0,82.99,84.39,78.04,79.3,3814913.32,1519961.0,-2.7286666666666667e-05,-0.0001124333333333,-4.749666666666667e-05,1338950000000.0,234150664612.75183,44983205464.56566,11.0,58.7084,10.4096,2342019545304.21,98367408888.61,967058341718.03,57778577414.4
2026-02-12,67082.52,68410.52,65118.0,66272.17,24271.74283,6778280.0,1941.19,2001.42,1897.24,1947.85,427567.1469,5262808.0,79.31,82.25,76.6,78.4,3196230.117,1324436.0,1.300000000000001e-06,-1.471e-05,-0.0001444033333333,1323630000000.0,234729727862.3188,44413835728.50963,5.0,58.5552,10.2421,2287353016865.78,115219192597.5,947989503945.1,65466689180.42
2026-02-13,66272.17,69482.97,65872.46,68853.96,20244.54955,6450842.0,1947.85,2073.68,1924.72,2048.72,425649.7698,4695571.0,78.39,85.63,77.53,84.33,3370390.272,1245544.0,1.758666666666667e-05,-3.0886666666666663e-05,-1.3079999999999998e-05,1376420000000.0,247240161558.00763,47857321493.887856,9.0,58.1676,10.3253,2275136543637.08,103392850398.92,951745350683.32,58676283008.45
2026-02-14,68853.97,70560.01,68730.13,69822.95,18114.78393,3803163.0,2048.72,2107.67,2042.37,2086.59,220677.2355,2720271.0,84.34,88.9,84.21,88.06,2698607.215,771870.0,4.569999999999999e-06,-2.4900000000000003e-06,-3.486666666666666e-05,1395180000000.0,251841701776.53152,50120868692.14113,9.0,58.4235,10.4939,2355867536230.18,96735550296.98,979486750610.5,55918867192.21
2026-02-15,69822.94,70983.0,68000.0,68832.58,22290.05208,4598633.0,2086.59,2103.32,1928.88,1966.58,834778.0952,5864311.0,88.06,91.26,84.89,86.16,3929085.4,1210120.0,4.083333333333333e-06,-2.571000000000001e-05,-4.506e-05,1371870000000.0,236591282557.09467,48729539322.65299,8.0,58.0978,10.4877,2400255908414.88,84112476525.57,1005760925430.43,48097861544.02
2026-02-16,68832.59,70126.67,67294.11,68892.43,15515.76534,5233849.0,1966.59,2023.51,1937.24,1998.33,351347.9433,4476026.0,86.15,86.93,82.55,86.45,3559751.811,1097748.0,-1.5766666666666666e-05,-4.912666666666667e-05,-7.121666666666666e-05,1374260000000.0,240949454555.05487,49029022632.318016,12.0,58.4728,10.0888,2351359325805.8,110448343528.66,976454781455.06,70256135484.57
2026-02-17,68892.43,69241.5,66621.06,67503.52,16489.06921,5994853.0,1998.34,2015.33,1941.66,1991.66,406246.9427,6420841.0,86.45,87.69,82.92,85.08,2774655.865,1064339.0,4.544e-05,4.693333333333331e-06,-7.372333333333333e-05,1348780000000.0,240471341200.52432,48324737555.07104,10.0,58.2925,10.2128,2361037352302.79,85502557076.49,984729276972.09,51883416206.3
2026-02-18,67503.52,68476.22,65870.0,66461.0,15492.43839,4548997.0,1991.67,2039.05,1923.78,1955.91,393639.0086,5176537.0,85.09,86.09,80.48,81.61,3137603.97,1026899.0,2.2260000000000004e-05,-1.176e-05,-0.0001218333333333,1327020000000.0,235576434260.26584,46280028010.3864,8.0,57.9461,10.3259,2328042922228.27,87687984066.52,979032205746.52,52766328306.91
2026-02-19,66461.0,67320.0,65631.83,67003.73,14542.26988,4679351.0,1955.9,1987.55,1907.0,1949.08,300257.0733,3793608.0,81.61,82.67,79.61,82.5,2848277.49,946105.0,-1.4599999999999996e-05,-7.145e-05,-7.228333333333333e-05,1338080000000.0,235092122748.02853,46781248307.37643,9.0,57.9903,10.2993,2290230419094.46,82750968402.52,962118453461.35,49657181128.08
2026-02-20,67003.73,68318.39,66280.2,68020.01,35351.87091,5044912.0,1949.08,1981.18,1922.97,1968.88,386253.5557,3948261.0,82.5,85.49,81.77,84.67,3754556.759,1184887.0,1.9986666666666663e-05,-4.995666666666667e-05,-2.319333333333333e-05,1359010000000.0,237414652145.85938,48014603036.80512,7.0,58.2124,10.2254,2299600581997.44,77789573607.96,960947711397.54,46298454502.2
2026-02-21,68020.0,68698.7,67534.69,67975.93,8032.84131,1593539.0,1968.88,1995.56,1955.62,1973.35,179173.8456,1362230.0,84.68,86.72,83.97,85.17,1780748.862,501200.0,3.392e-05,4.7566666666666666e-05,-1.315e-05,1359900000000.0,238311929952.07327,48458997166.2256,8.0,58.2733,10.1849,2332894416878.06,103595062645.11,973440698617.86,56086797672.05
2026-02-22,67975.93,68245.0,67190.0,67643.4,8175.13484,2160900.0,1973.35,1983.13,1935.0,1957.82,155325.6482,1850073.0,85.17,85.6,82.48,82.79,1798852.596,478017.0,1.9146666666666667e-05,3.499999999999999e-06,-7.405333333333334e-05,1350520000000.0,235687116110.6905,47015314262.23708,9.0,58.2659,10.209,2333014242991.92,52441277099.53,973661559774.4,34085707300.31
2026-02-23,67643.39,67684.86,63888.79,64656.02,33075.90923,8268695.0,1957.82,1958.33,1837.13,1856.3,547359.4869,6684753.0,82.8,82.85,77.15,77.9,5163373.383,1508435.0,-4.000000000000008e-07,-0.0001273833333333,-0.0002525666666666,1293370000000.0,224103328942.5963,44312070171.76873,5.0,58.4373,10.2088,2314274534973.84,49466536618.87,961874038116.51,31569694533.91
2026-02-24,64656.01,65026.75,62510.28,64058.15,23102.83622,7553629.0,1856.3,1869.58,1800.0,1851.94,438064.0284,6607359.0,77.91,79.62,75.63,78.99,3592828.376,1232135.0,1.4436666666666663e-05,-1.603333333333333e-05,-5.800666666666666e-05,1282080000000.0,223935072856.7122,45055591940.40441,8.0,58.0576,10.0634,2225518171446.21,115501385951.95,933436312488.56,64362429035.47
2026-02-25,64058.15,69988.83,63913.27,67988.04,30749.99259,7096715.0,1851.95,2148.39,1846.74,2057.48,682979.4378,9024746.0,78.99,92.1,78.73,88.06,5632749.415,2076213.0,4.800000000000001e-06,2.6186666666666668e-05,-1.3970000000000003e-05,1360380000000.0,248298719110.57968,50012670463.09048,11.0,57.8675,10.1005,2213549044343.99,92071655380.71,932622967540.91,51216244142.77
2026-02-26,67988.04,68860.0,66500.0,67485.18,20737.77792,5426137.0,2057.48,2083.33,1975.35,2027.68,439783.3566,7142316.0,88.05,89.27,84.34,85.91,3356890.979,1381041.0,2.9366666666666685e-06,3.0406666666666665e-05,1.6233333333333336e-05,1350040000000.0,244819829245.48096,48862723999.32749,11.0,57.9181,10.5718,2346452096651.67,126676168986.89,987431302966.93,73046791392.07
2026-02-27,67485.19,68216.8,64914.46,65872.1,21228.58424,3856064.0,2027.68,2063.52,1887.0,1929.84,428687.234,5213158.0,85.91,88.29,80.32,81.85,3370499.359,1290836.0,-3.2566666666666674e-05,-3.097e-05,-9.175666666666666e-05,1316970000000.0,232900652484.98032,46528236744.915504,13.0,57.9748,10.5141,2326893457092.33,104282252961.48,977880943348.24,61293848419.38
2026-02-28,65872.09,67760.0,63030.0,66973.26,22548.71649,5268514.0,1929.84,1984.99,1835.36,1964.51,461680.9835,6186042.0,81.84,85.65,77.12,84.35,4737699.879,1652423.0,-1.3303333333333334e-05,-8.487666666666666e-05,-0.0001397566666666,1339030000000.0,236977892641.64584,47955708968.2745,11.0,57.9767,10.2545,2271948950710.83,97314040428.0,954748435746.46,57030664761.11
2026-03-01,66973.26,68199.99,65056.0,65776.47,23201.85859,5312013.0,1964.51,2054.8,1907.41,1939.71,529196.8464,6616298.0,84.35,88.9,81.69,83.6,4435194.222,1639105.0,2.2743333333333333e-05,2.290333333333333e-05,3.597333333333334e-05,1314420000000.0,233957889326.002,47615858525.08386,14.0,58.1458,10.2941,2304037439470.58,102407056705.14,964336437205.97,60372575561.59
2026-03-02,65776.48,70096.0,65259.21,68830.06,32010.38431,8397526.0,1939.71,2090.0,1920.0,2027.35,577406.3749,9343785.0,83.61,90.29,82.37,86.64,5123433.26,2012450.0,-1.1126666666666665e-05,-6.222333333333334e-05,-2.530333333333333e-05,1378220000000.0,245390041301.50848,49463027489.28991,10.0,57.9156,10.3107,2270028628658.73,100208703972.67,955328992210.59,59464447619.53
2026-03-03,68830.06,69258.08,66158.0,68338.0,24972.2418,7648119.0,2027.34,2041.48,1929.56,1982.8,509329.8534,8311355.0,86.65,87.46,82.5,86.97,4136742.745,1899723.0,9.106666666666669e-06,-2.470333333333333e-05,-8.223333333333333e-05,1368420000000.0,239840232932.18817,49620741886.92069,14.0,58.4597,10.3972,2353233659996.14,127249408045.28,977540447741.08,70551194213.27
2026-03-04,68338.01,74050.0,67400.0,72666.77,44919.0761,8618302.0,1982.81,2199.0,1945.08,2127.28,737644.8152,9527323.0,86.98,94.05,84.78,90.85,6329931.383,2311936.0,6.043333333333331e-06,-2.946666666666668e-06,1.284e-05,1453160000000.0,256781404050.40576,51814697757.76813,10.0,58.5303,10.2545,2333680512743.56,113100447428.66,967770597810.35,65153527512.71
2026-03-05,72666.77,73558.15,70645.47,70890.72,26590.51253,6709160.0,2127.28,2163.66,2054.75,2072.86,432157.8126,6753565.0,90.86,92.96,87.91,88.77,3753710.608,1560359.0,2.902e-05,-1.2103333333333332e-05,-4.2810000000000005e-05,1419600000000.0,250633337037.93472,50621951214.553535,22.0,59.1958,10.4511,2455986104085.64,155254645778.52,1002146549751.55,80173676171.44
2026-03-06,70891.02,71419.98,67744.78,68114.02,22629.88722,5302899.0,2072.86,2093.33,1955.95,1978.68,411597.7569,5601424.0,88.78,89.31,83.64,84.7,3135324.642,1074615.0,-1.1826666666666666e-05,-2.6216666666666662e-05,-4.877333333333334e-05,1364420000000.0,239279806038.23825,48328657716.35917,18.0,58.8972,10.3957,2406044730645.46,111679151937.16,988951524799.27,60501460937.37
2026-03-07,68114.02,68551.04,66915.26,67262.91,12719.54315,2067476.0,1978.68,1996.04,1948.09,1969.59,184459.82,2029543.0,84.69,85.07,82.28,83.22,1465281.721,449215.0,-2.433333333333316e-07,-2.7236666666666663e-05,-6.017e-05,1346230000000.0,237809902198.10425,47407592340.73515,12.0,58.5263,10.2576,2328054756450.63,96288970822.43,965530952480.31,52517149179.88
2026-03-08,67262.91,68200.0,65618.49,65971.2,21593.63901,3028392.0,1969.6,1979.8,1916.14,1937.1,391189.7317,4044585.0,83.22,84.13,80.26,81.59,2102965.687,874561.0,-2.826333333333333e-05,-7.021000000000001e-05,-0.0001580333333333,1324010000000.0,234493964841.25143,46702015695.808174,12.0,58.3604,10.312,2304947749107.55,55500143083.5,959770928119.26,32243210457.59
2026-03-09,65971.2,69516.65,65821.97,68432.16,28896.7213,5093667.0,1937.11,2053.52,1929.65,1992.98,550825.4883,6360581.0,81.6,87.06,81.54,84.96,3594057.289,1435938.0,-4.593333333333333e-05,-4.835333333333333e-05,-6.723666666666667e-05,1370550000000.0,241023029128.3993,48598988323.65192,8.0,58.1218,10.2975,2270115604214.35,75155532368.54,950683184878.84,41958706242.49
2026-03-10,68432.16,71777.0,68391.41,69948.63,32602.57726,5176064.0,1992.97,2088.19,1991.0,2036.51,463411.8739,5226998.0,84.95,88.8,84.83,85.88,3643895.134,1345421.0,1.913333333333333e-06,4.002333333333333e-05,2.4646666666666672e-05,1397840000000.0,245602776123.0825,48929012712.8692,13.0,58.544,10.2939,2337499887152.53,108743480148.8,969033135312.65,59238538577.87
2026-03-11,69948.64,71321.0,68977.91,70191.86,27249.27542,4759855.0,2036.5,2085.58,2007.17,2051.97,350061.256,4730286.0,85.88,88.09,84.36,86.58,3182175.739,1160083.0,-7.376e-05,8.413333333333335e-06,-6.398333333333333e-05,1406010000000.0,248114805231.22128,49516429464.19922,15.0,58.776,10.3301,2380086793505.14,114831821515.66,981166774469.83,60826424901.2
2026-03-12,70191.86,70800.0,69205.91,70541.34,21997.1605,4344059.0,2051.97,2095.0,2017.59,2073.52,400507.8132,4757775.0,86.58,87.69,84.72,86.84,2913681.148,1011244.0,-6.858333333333332e-05,-2.474e-05,-4.082666666666666e-05,1410830000000.0,250911124894.47635,49640860975.80847,18.0,58.7023,10.3538,2392060343614.59,99042740510.16,987866369529.53,53804846451.4
2026-03-13,70541.34,73913.74,70386.01,70930.0,35996.61678,5312490.0,2073.51,2209.03,2070.12,2092.22,599657.0399,6138489.0,86.83,92.98,86.71,88.18,4940378.617,1573489.0,2.786666666666666e-06,1.4333333333333334e-05,7.856666666666667e-05,1418700000000.0,252498879935.86505,50335475942.37667,15.0,58.6906,10.4158,2402712055027.06,95642849028.47,992544776456.13,54771509863.41
2026-03-14,70930.01,71307.92,70317.0,71211.95,13017.24737,1661739.0,2092.21,2106.09,2061.6,2096.16,152500.5822,1584458.0,88.17,88.71,86.51,88.03,1498143.039,452790.0,-3.0726666666666665e-05,-1.2626666666666664e-05,-6.434333333333332e-05,1422850000000.0,253010466194.80392,50279816030.36557,16.0,58.7378,10.4517,2416336264579.12,133610216933.08,997033638124.36,72442868669.66
2026-03-15,71211.95,73199.0,70858.82,72815.24,14037.30704,2509013.0,2096.16,2202.87,2083.35,2178.3,280825.9377,3001730.0,88.04,93.23,87.36,92.3,2614547.105,884525.0,-1.8950000000000003e-05,5.599999999999992e-07,-4.869e-05,1454400000000.0,262844318468.71893,52676725814.61215,15.0,58.7661,10.4403,2423903250372.04,56565868132.69,999469318121.4,34282390078.76
2026-03-16,72815.25,74909.08,72270.41,74884.67,28409.53019,5396482.0,2178.29,2386.02,2164.73,2352.97,845892.7756,7409311.0,92.31,97.68,91.18,96.2,5621650.621,1713091.0,3.889e-05,8.228e-05,8.274666666666666e-05,1494670000000.0,283790399482.6051,54888517823.22735,23.0,58.826,10.6183,2475733149082.16,71747227317.25,1019358243434.64,43749486191.04
2026-03-17,74884.67,76000.0,73399.19,73909.36,24521.26636,4863187.0,2352.97,2376.66,2294.15,2317.39,493831.1016,5596636.0,96.19,96.95,93.15,94.62,2833557.586,1112613.0,-1.1746666666666669e-05,2.0206666666666667e-05,2.5806666666666668e-05,1481940000000.0,280405332124.5782,54215388149.55695,28.0,58.5796,11.1016,2556327401344.12,141022295063.7,1058841168738.12,85451125680.65
2026-03-18,73909.37,74672.34,70500.0,71246.54,23392.88093,4733897.0,2317.38,2350.0,2153.21,2203.39,488040.8887,5684937.0,94.61,95.65,88.55,90.08,3293861.558,1252844.0,-2.988e-05,4.686666666666667e-06,-4.099666666666667e-05,1425300000000.0,265580356841.31912,51432305567.51144,26.0,58.4988,11.0675,2528135919069.45,115375647270.0,1049207254477.33,65867450089.71
2026-03-19,71246.55,71613.79,68793.35,69930.0,22364.81819,4972526.0,2203.39,2233.72,2099.38,2137.81,490791.679,6142160.0,90.07,91.41,87.0,88.89,2609542.924,969701.0,-9.27e-06,-3.95e-06,-3.5363333333333334e-05,1399190000000.0,258041714815.53,50779973493.7911,23.0,58.3076,10.8803,2444340754170.12,111146167690.46,1019103812431.16,64921649494.44
2026-03-20,69930.01,71367.0,69388.0,70510.73,18121.16745,4369971.0,2137.82,2176.84,2116.88,2146.22,300156.1778,4595372.0,88.9,90.45,88.13,89.84,2201411.538,829967.0,3.85e-06,-4.122333333333333e-05,-3.535333333333333e-05,1410420000000.0,259074652356.0299,51372573645.85315,11.0,58.2034,10.7365,2402862731735.62,105176508223.04,1004315773498.37,60545849725.08
2026-03-21,70510.73,71100.94,68571.42,68918.12,13397.1675,1640086.0,2146.21,2168.27,2070.78,2084.87,132559.4646,1375463.0,89.85,90.81,87.14,87.56,1241845.225,430506.0,-3.793333333333333e-06,1.8526666666666667e-05,-3.621666666666667e-05,1394360000000.0,256421328909.59503,50861339582.15217,12.0,58.362,10.719,2417008969944.12,89063741072.33,1006393543508.29,50773672335.5
2026-03-22,68918.12,69588.79,67360.66,67859.0,14843.78682,3269152.0,2084.86,2127.21,2026.0,2053.89,313070.5572,3577857.0,87.55,89.2,85.14,86.2,2138087.131,792987.0,-3.485333333333333e-05,-2.443333333333333e-05,-0.0001310933333333,1360570000000.0,248402035115.14328,49418939670.88475,10.0,58.1525,10.6095,2367252863106.9,51189301598.43,990636749441.49,30062805456.2
2026-03-23,67859.0,71817.09,67445.18,70906.45,28335.09119,6509730.0,2053.9,2198.57,2023.04,2152.03,614508.4369,7349668.0,86.21,92.26,85.11,91.43,4561706.388,1666603.0,-1.594e-05,-4.500000000000019e-07,-1.084e-05,1414740000000.0,259261126939.0044,52220295804.257774,8.0,58.0662,10.6021,2337308374320.64,74978674405.1,980122065883.07,44880433662.9
2026-03-24,70906.45,71400.0,68923.07,70556.74,20702.42244,4191328.0,2152.03,2175.16,2103.02,2156.23,316703.4728,4633093.0,91.44,92.22,88.42,90.8,3086042.526,1020843.0,3.653333333333334e-05,7.733333333333333e-06,5.770000000000003e-06,1412420000000.0,260339047128.61624,51980225661.59104,11.0,58.4511,10.7035,2426522821630.58,124726403123.08,1008193683662.87,73221023039.55
2026-03-25,70556.74,72026.09,70408.0,71336.53,17719.50066,3298902.0,2156.22,2199.02,2146.35,2169.02,275641.5255,3492121.0,90.8,93.47,90.71,91.7,2652534.798,844728.0,2.7016666666666665e-05,-3.3666666666666685e-07,3.9080000000000005e-05,1425840000000.0,261723498586.8149,52429130812.81849,14.0,58.349,10.7618,2417642258268.2,95659652802.62,1006971535581.53,55480626118.23
2026-03-26,71336.53,71436.82,68153.0,68820.31,20820.45768,3597702.0,2169.02,2172.19,2034.54,2060.43,338010.6238,3890747.0,91.7,91.98,85.45,86.53,3566192.736,864864.0,5.746666666666666e-06,-1.0146666666666667e-05,-0.0001130899999999,1374670000000.0,248507753029.49832,49450340837.87886,10.0,58.4225,10.7175,2441585324140.87,87676550779.9,1015150505013.08,52267050463.98
2026-03-27,68820.31,69179.05,65548.25,66407.28,28603.69557,4159306.0,2060.43,2077.19,1970.93,1992.75,394873.5248,3909237.0,86.52,87.04,81.86,83.11,2840562.07,817296.0,-3.071333333333333e-05,-7.825333333333333e-05,-0.0002712666666666,1324480000000.0,240043230983.48068,47422206304.095535,13.0,58.3307,10.5364,2358801733778.56,93245872627.93,982896924478.77,54282611253.97
2026-03-28,66407.28,67288.94,65932.09,66377.03,11462.39847,1687368.0,1992.76,2047.45,1983.17,1994.74,154831.8055,1569810.0,83.11,84.29,81.69,82.09,1667010.099,451858.0,-5.2883333333333336e-05,-4.344333333333334e-05,-0.00022161,1327310000000.0,240706570570.62125,46958132755.04832,12.0,57.9639,10.4956,2290037061438.48,100849309238.08,962642795024.83,54367264053.27
2026-03-29,66377.04,67130.5,65000.0,66010.93,10052.85584,2146177.0,1994.74,2019.65,1938.82,1984.64,166726.7382,2049808.0,82.09,83.24,78.96,81.44,1624673.475,523110.0,-3.3833333333333333e-06,-2.853e-05,-0.0002275666666666,1319890000000.0,239315916200.7432,46548446231.22652,9.0,57.9106,10.4967,2291589340168.25,52390550786.89,964515436588.72,31466022210.22
2026-03-30,66010.93,68169.65,65800.59,66797.37,18353.38975,3902849.0,1984.65,2085.0,1980.28,2026.48,338304.4344,3886546.0,81.45,84.99,81.15,82.54,3025854.687,887139.0,5.166666666666667e-06,9.013333333333334e-06,-9.998666666666668e-05,1333620000000.0,244132320461.15256,47176889227.07647,8.0,57.8964,10.4974,2279499711125.01,54318895460.3,959752381422.92,32671780424.26
2026-03-31,66797.38,68589.49,65998.05,68284.48,22105.40662,4846820.0,2026.48,2124.03,2012.64,2105.43,421897.9023,5013796.0,82.55,84.62,80.08,83.2,4272567.426,1157793.0,-1.5226666666666668e-05,3.4766666666666667e-06,-6.163e-05,1364930000000.0,253624848886.628,47527447415.07082,11.0,58.003,10.6148,2301333098946.08,88721282138.69,966490818901.75,51026177386.77
2026-04-01,68284.49,69310.0,67578.75,68113.92,19020.1899,3741910.0,2105.43,2167.85,2082.08,2140.35,399227.3779,4211533.0,83.19,86.65,80.77,81.18,4676736.12,1221698.0,-1.111e-05,2.9843333333333336e-05,-3.0366666666666675e-06,1363000000000.0,258385671863.206,46527959712.34327,8.0,58.1975,10.8272,2345871850149.12,99801061877.86,980633328450.84,56802591736.03
2026-04-02,68113.92,68653.38,65712.12,66901.99,20203.47916,4189133.0,2140.35,2159.37,2017.04,2057.17,346872.8323,4462923.0,81.19,81.77,76.7,78.94,4210024.263,1149760.0,-1.010666666666667e-05,-9.870333333333331e-05,-9.579333333333332e-05,1338850000000.0,248191710732.5344,45205500084.65296,12.0,58.0117,10.9932,2348541924002.81,93278546832.66,986111943160.98,56817171775.79
2026-04-03,66901.99,67370.42,66282.0,66964.3,11429.13131,2023104.0,2057.18,2081.76,2040.66,2053.83,136266.6393,1741595.0,78.95,80.91,78.85,80.4,2230839.74,585265.0,-3.596666666666667e-06,-1.103e-05,3.556666666666666e-06,1338550000000.0,247612775096.75967,45988545143.99252,9.0,58.1008,10.7751,2303738300226.11,97407802976.57,965248363502.96,58080041574.18
2026-04-04,66964.29,67562.93,66775.91,67300.42,7373.51613,1356179.0,2053.83,2084.0,2044.63,2065.52,86504.4406,1246022.0,80.39,81.61,79.57,80.83,1562930.767,339581.0,3.175666666666667e-05,1.8733333333333336e-05,-5.0700000000000006e-05,1346650000000.0,249135836325.8505,46265921986.98866,11.0,58.084,10.7472,2306147704170.02,59592298894.33,966644496473.93,36777915045.38
2026-04-05,67300.42,69136.2,66611.66,69034.18,11733.46752,2106257.0,2065.51,2123.49,2021.5,2110.17,157353.3199,2504865.0,80.84,82.13,78.52,81.89,1732438.558,530668.0,2.7026666666666667e-05,-4.249999999999999e-06,-7.128e-05,1379230000000.0,254765403183.96588,46824364331.25031,12.0,58.0873,10.7522,2318250643816.9,44130005627.51,971641457420.01,28250462283.39
2026-04-06,69034.18,70351.46,68300.0,68853.66,20281.61044,4695523.0,2110.17,2174.79,2087.5,2107.16,356054.2894,5330366.0,81.89,83.2,79.6,80.03,2730370.564,836312.0,4.346666666666667e-05,3.53e-05,1.593e-05,1375680000000.0,253675504790.3364,45829266685.92552,13.0,58.4894,10.784,2360161314748.85,56293830933.53,979716343340.71,33320141273.16
2026-04-07,68853.66,72761.0,67732.01,71924.22,23750.49661,4871706.0,2107.16,2273.87,2060.24,2240.01,460094.8093,5189711.0,80.03,87.02,78.38,85.56,4312598.52,1320957.0,3.593666666666667e-05,-1.959e-05,-0.0001277366666666,1442030000000.0,271302397585.3056,49212939903.21723,11.0,58.5454,10.8067,2353816237677.66,91804299363.63,975765070721.4,52261408813.91
2026-04-08,71924.22,72857.0,70707.23,71069.93,19802.68627,3843988.0,2240.01,2270.55,2179.78,2190.0,404717.6321,4339985.0,85.56,85.9,82.24,82.57,2952758.548,910454.0,3.877e-05,7.515e-05,0.0001,1422610000000.0,264148412050.4304,47379446859.67871,17.0,58.7047,11.0291,2452418042126.31,107549855877.7,1012732636680.13,62898923976.41
2026-04-09,71069.93,73145.0,70466.0,71787.97,18158.42159,3773025.0,2190.0,2246.0,2157.31,2190.2,275317.9503,3756386.0,82.56,85.95,81.4,83.33,2775927.629,900238.0,1.0353333333333336e-05,1.248e-05,1.809333333333333e-05,1436730000000.0,264343877527.30508,47845242398.1945,14.0,58.8573,10.9319,2417860235358.74,102130642915.51,994773263040.13,59689457109.28
2026-04-10,71787.98,73434.0,71426.15,72962.7,17372.63288,3176308.0,2190.17,2257.99,2176.1,2245.05,272899.0858,2929213.0,83.33,85.67,82.62,84.83,2186078.343,684681.0,2.273333333333333e-06,3.616666666666666e-06,6.146e-05,1459900000000.0,270895207393.2845,48719897552.81517,16.0,58.9868,10.8514,2435400628513.6,93725019364.92,998836920172.85,54924062215.5
2026-04-11,72962.71,73790.0,72513.09,73043.16,9070.94374,1472041.0,2245.06,2329.93,2229.0,2284.99,214785.4039,1929651.0,84.83,86.26,83.8,84.93,1570901.883,479797.0,-6.687666666666666e-05,-5.840666666666666e-05,4.126666666666667e-06,1463410000000.0,276002188233.60944,48791334140.662445,15.0,59.1501,10.9745,2469200620759.58,99348099625.57,1008666942344.91,61626053332.52
2026-04-12,73043.16,73137.24,70505.88,70740.98,13472.46801,2068779.0,2285.0,2288.57,2175.0,2191.65,258156.8821,2575808.0,84.94,85.0,81.27,81.53,2174791.866,639807.0,-4.044333333333333e-05,-2.606666666666668e-06,-2.7566666666666665e-05,1414730000000.0,264330368419.4629,46825440051.98455,16.0,59.0471,11.1385,2476315972549.09,72423026352.99,1014122729607.32,49136790554.03
2026-04-13,70741.56,74900.0,70566.99,74417.99,24230.21625,3673539.0,2191.64,2394.71,2175.68,2369.46,453870.8292,4527557.0,81.54,86.81,81.4,86.51,2950390.415,1038169.0,-1.942e-05,1.6853333333333333e-05,4.297e-05,1493770000000.0,286422177728.19507,49687924599.07375,12.0,58.8005,10.9855,2408226487937.34,75889437382.64,992176763823.08,46007318576.88
2026-04-14,74418.0,76038.0,73795.47,74131.55,26532.94456,4033448.0,2369.46,2415.5,2302.9,2322.44,460107.3841,3689565.0,86.51,87.67,83.3,83.72,3532984.692,949683.0,-2.785333333333333e-05,7.83e-05,0.0001,1484620000000.0,280390715026.9749,48206611039.61733,21.0,59.0885,11.3411,2522246699219.07,116615554405.32,1031889111538.69,64335037859.93
2026-04-15,74131.55,75425.0,73514.0,74809.99,14425.04167,3187792.0,2322.44,2385.61,2308.5,2359.95,268190.6377,3232871.0,83.72,85.83,82.65,84.9,2602448.593,866567.0,-7.183e-05,1.237e-05,-3.7476666666666666e-05,1496430000000.0,284441677905.4719,48818867201.47753,23.0,59.1771,11.1756,2509003792463.73,156313384404.94,1024249008371.35,102774852591.48
2026-04-16,74809.99,75534.76,73309.85,75154.29,17088.68777,3581890.0,2359.94,2369.59,2285.1,2348.17,328960.9377,3793210.0,84.9,90.53,83.8,89.05,3940291.341,1188495.0,-2.8280000000000004e-05,-3.55e-05,9.101666666666668e-05,1503140000000.0,283579018389.12305,51217878222.746605,23.0,59.1553,11.251,2531413658600.72,132540939640.89,1033948845111.58,94450431925.36
2026-04-17,75154.28,78333.0,74529.4,77072.0,25941.36694,4931167.0,2348.16,2464.91,2317.43,2419.0,491731.3615,4541654.0,89.06,90.73,87.34,88.76,4237208.388,1177055.0,-1.5703333333333333e-05,1.1673333333333334e-05,4.700333333333334e-05,1543590000000.0,292345519519.959,51101593446.96274,21.0,58.8656,11.0914,2555696804792.52,152063229025.18,1051271249122.89,110751503999.43
2026-04-18,77072.01,77420.08,75445.16,75691.76,9141.84456,1941112.0,2419.0,2427.64,2339.92,2350.32,221741.3888,2045925.0,88.77,89.16,85.78,86.16,1893190.543,560071.0,-6.588666666666667e-05,-6.155333333333333e-05,-5.307333333333334e-05,1517150000000.0,284097153499.0907,49639256925.95536,26.0,59.1738,11.1987,2609181803991.12,175737309975.42,1065229223946.64,121598101504.67
2026-04-19,75691.76,76240.66,73762.9,73801.79,11369.82232,2739751.0,2350.33,2355.3,2252.72,2263.27,256086.8276,2728260.0,86.15,87.12,82.94,83.47,2594849.065,769677.0,-9.296666666666669e-05,-0.0001493033333333,-7.730333333333334e-05,1479420000000.0,273467852129.69647,48085674431.063484,27.0,59.3544,11.1102,2553835239177.74,119941767425.53,1038020887888.97,93928806919.76
2026-04-20,73801.8,76558.62,73724.31,75840.97,16993.41034,3563591.0,2263.28,2346.78,2259.67,2313.85,301000.0659,3751621.0,83.47,86.22,83.34,85.28,2300346.75,755776.0,-4.046e-05,-5.0833333333333335e-06,-1.656666666666667e-05,1517670000000.0,279249858497.88245,49108477386.04376,29.0,59.2437,10.9528,2494934725428.5,125226986402.94,1016844185378.71,94294934969.12
2026-04-21,75840.97,76927.57,74821.57,76336.15,14912.57132,3616213.0,2313.84,2338.75,2284.19,2327.14,226645.977,3398934.0,85.29,86.89,84.31,86.03,2111587.269,789037.0,-6.001e-05,-3.926e-05,3.8576666666666666e-05,1523570000000.0,280448894111.8985,49402290969.78744,33.0,59.5635,10.9571,2549700499846.87,143239222439.11,1031008653329.45,103565092131.25
2026-04-22,76336.14,79472.82,76132.95,78178.23,19737.51225,3757077.0,2327.15,2423.75,2312.95,2374.07,379707.1259,4230243.0,86.04,89.32,86.01,86.87,3154871.835,814469.0,1.913333333333332e-06,5.2230000000000006e-05,8.790333333333334e-05,1567850000000.0,287453797947.1876,50086693564.79261,32.0,59.6048,10.9561,2564248543217.03,132812492740.4,1035833994085.24,96358596923.38
2026-04-23,78178.22,78662.5,76960.0,78257.48,16970.79501,3571796.0,2374.08,2382.0,2285.42,2330.26,356645.6923,4079579.0,86.86,87.18,84.48,86.12,2894663.239,789600.0,-6.039666666666666e-05,6.636666666666668e-06,2.0836666666666667e-05,1566200000000.0,281268180123.6536,49554840072.07257,46.0,59.9697,10.9831,2610474995048.88,153159227771.81,1044982111852.06,104827752792.14
2026-04-24,78257.48,78581.93,77264.08,77437.13,12675.14315,2581973.0,2330.27,2337.5,2300.22,2314.99,183887.6181,2413824.0,86.12,86.94,84.92,86.18,1818574.663,545936.0,-4.948666666666667e-05,-7.59e-05,-5.338e-05,1550420000000.0,279470395534.3292,49660004470.18507,39.0,60.0894,10.7907,2607747464829.18,145436855836.39,1040768539941.5,105090654318.88
2026-04-25,77437.13,77885.35,77140.23,77625.0,5685.1142,806542.0,2314.98,2323.21,2300.55,2319.5,68139.2191,658757.0,86.18,86.8,85.53,86.18,1033932.436,300075.0,-4.3370000000000007e-05,-3.653e-05,5.289999999999999e-06,1554070000000.0,279911338312.4642,49600327679.88944,31.0,59.9157,10.7986,2588159839378.11,132755908140.27,1037446438344.63,99971682405.0
2026-04-26,77625.0,78961.0,77326.51,78657.55,7963.56162,1476971.0,2319.49,2380.0,2306.72,2369.44,154591.6219,1508570.0,86.19,87.32,85.84,86.93,1453501.452,380657.0,1.9633333333333333e-06,-1.968e-05,1.4876666666666668e-05,1572410000000.0,285890578556.5678,50038772793.93344,33.0,59.9978,10.8058,2590201307560.45,98340939748.37,1036138506593.08,81639492158.91
2026-04-27,78657.55,79485.66,76459.64,77371.32,16046.92418,2982889.0,2369.45,2404.37,2266.09,2303.67,300363.8586,3192282.0,86.93,88.08,83.63,84.82,3009101.691,737519.0,-4.696e-05,-7.364666666666666e-05,-4.916333333333334e-05,1546770000000.0,277335300263.79785,48773160979.00072,47.0,60.0425,10.9046,2623120725227.89,105813368650.73,1048132156372.87,84329301735.52
2026-04-28,77371.32,77478.0,75666.6,76342.77,13210.72383,2352446.0,2303.66,2310.88,2258.24,2289.42,187932.2201,2346992.0,84.82,84.93,82.98,84.06,1664394.443,397883.0,-6.376666666666665e-06,-9.252333333333332e-05,-5.0213333333333336e-05,1527560000000.0,276074084854.31287,48336065334.42061,33.0,60.0384,10.7737,2580083139361.93,141380491667.22,1031043199008.44,103245967199.23
2026-04-29,76342.78,77904.93,74937.52,75780.0,18279.93022,3032890.0,2289.42,2346.95,2220.36,2252.9,355078.1015,3588292.0,84.06,85.56,81.4,83.04,2576063.596,581305.0,6.786666666666667e-06,4.096666666666667e-05,-1.646666666666668e-06,1517570000000.0,272043906643.29272,47796555654.81638,26.0,59.8556,10.8189,2553807030321.88,119150659303.05,1025210090372.24,87094059288.74
2026-04-30,75780.0,76669.14,75323.65,76346.57,10381.81607,2569480.0,2252.9,2279.0,2231.64,2257.51,167194.2776,2649837.0,83.05,84.01,82.16,83.09,1372591.611,481530.0,-2.987e-05,-6.148333333333334e-05,3.743e-05,1527700000000.0,272346459660.91272,47808787488.11223,29.0,59.8359,10.7249,2535273210987.7,138991149954.67,1018268821746.29,97531664556.63
2026-05-01,76346.58,78914.12,76320.42,78231.13,17315.46502,2388458.0,2257.51,2325.28,2257.21,2295.63,191082.555,1805481.0,83.09,84.86,83.08,83.76,1798067.959,432422.0,-2.899666666666667e-05,-2.669333333333333e-05,4.220666666666666e-05,1564440000000.0,276714243701.31854,48216082428.764046,26.0,60.0353,10.7003,2544943244677.18,122132606594.0,1017078390174.99,92634539047.11
2026-05-02,78231.13,79199.48,78040.0,78686.85,6150.87642,936143.0,2295.63,2343.6,2292.91,2316.97,85588.4724,870699.0,83.76,84.97,83.44,84.26,1027759.499,283023.0,-2.8216666666666667e-05,-1.5479999999999997e-05,6.303333333333332e-06,1576090000000.0,279863764746.2662,48616202269.94361,39.0,60.3784,10.6812,2593241053229.18,131594709547.81,1027483308453.6,92428371661.87
2026-05-03,78686.84,79447.0,78084.08,78568.57,7425.7929,1352474.0,2316.97,2356.92,2297.59,2322.65,151074.4342,1374290.0,84.26,84.97,83.58,83.91,1268647.522,341393.0,5.316666666666667e-06,3.5463333333333337e-05,-1.5500000000000004e-06,1574830000000.0,280723743485.02905,48423786186.18729,47.0,60.4187,10.7236,2606994034907.71,90283275543.91,1031880965598.94,73526342518.22
2026-05-04,78568.58,80776.99,78202.0,79861.01,26042.96135,3734604.0,2322.65,2398.93,2309.24,2347.16,453020.7985,4137093.0,83.91,85.9,83.23,84.1,3469307.218,757940.0,3.2866666666666656e-06,4.248000000000001e-05,6.544666666666666e-05,1598400000000.0,283302315397.19794,48464692381.46575,40.0,60.3608,10.7564,2605472227794.47,94293269792.0,1032787612110.75,73748024625.28
2026-05-05,79861.01,81791.48,79808.72,80905.52,16947.17995,2490930.0,2347.17,2399.5,2344.93,2360.77,286636.7312,2512190.0,84.11,86.98,84.04,86.29,2478888.126,520564.0,-4.416333333333333e-05,-3.629e-05,8.134666666666667e-05,1620640000000.0,284899989715.606,49765365956.14087,50.0,60.5702,10.7319,2638846176828.43,169914137705.88,1040491172899.02,115592183326.7
2026-05-06,80905.53,82850.0,80731.14,81447.01,18798.77396,2794707.0,2360.76,2423.74,2338.0,2350.84,420667.3161,3062625.0,86.29,90.03,86.1,89.16,3483256.03,799669.0,-6.353e-05,-5.534e-05,8.559000000000001e-05,1629350000000.0,283443321170.61633,51358571772.91904,46.0,60.5409,10.6461,2676466285954.24,145740607836.76,1056108580453.35,106041549663.67
2026-05-07,81447.01,81708.32,79500.0,80006.0,16154.80338,2540329.0,2350.84,2352.3,2280.1,2291.06,469521.9378,3191083.0,89.16,90.44,87.63,88.42,2892180.501,829550.0,-4.479333333333333e-05,-7.632333333333333e-05,3.7556666666666666e-05,1601830000000.0,276407275317.46936,50921462985.602165,47.0,60.4407,10.516,2697883510640.86,154228720016.31,1067264108571.0,112476796908.86
2026-05-08,80006.0,80500.0,79181.48,80193.17,16001.31009,2265372.0,2291.06,2321.22,2265.61,2307.06,421035.1582,2568056.0,88.43,92.8,87.6,92.01,2644434.859,780119.0,-2.1776666666666668e-05,-2.391666666666667e-05,6.150333333333333e-05,1605690000000.0,278348412779.0506,53063664045.75064,38.0,60.3362,10.4109,2655783201562.67,140816374676.55,1053385228898.97,163885181522.4
2026-05-09,80193.18,81080.0,80129.85,80678.4,7548.42177,1002373.0,2307.07,2338.37,2300.0,2326.44,230431.157,1248625.0,92.02,94.17,91.85,93.13,1974272.696,591555.0,5.646666666666665e-06,6.424333333333334e-05,5.276e-05,1615420000000.0,280764697877.39526,53783511743.2462,38.0,60.0308,10.4086,2675049580817.23,96636527651.12,1069195458965.91,62847981772.69
2026-05-10,80678.41,82479.32,80279.77,82210.07,12034.31882,1801608.0,2326.43,2382.53,2311.83,2371.27,398122.8623,2272749.0,93.12,97.0,92.6,96.47,2559168.995,795120.0,3.493333333333333e-05,8.327333333333333e-05,-1.4593333333333336e-05,1647370000000.0,286605382020.5215,55707072829.12192,47.0,60.1535,10.4554,2685463231291.39,63141179913.23,1070062579725.43,45038646223.55
2026-05-11,82210.07,82380.0,80462.97,81745.65,12951.76056,2576396.0,2371.26,2374.92,2304.0,2339.87,236962.0552,2594593.0,96.46,98.41,94.3,97.37,3078049.965,1005178.0,4.315e-05,4.271e-05,6.324666666666667e-05,1636550000000.0,282295676342.83325,56202902638.3378,48.0,60.1625,10.4558,2734766909991.24,88191883389.77,1089463770137.03,61223116107.45
2026-05-12,81745.66,81788.0,79843.59,80504.47,12386.25676,2345137.0,2339.88,2340.85,2256.27,2274.96,252981.1082,2520381.0,97.37,97.68,93.55,94.28,2810037.359,755594.0,3.194666666666667e-05,2.8700000000000003e-05,1.8616666666666667e-05,1612780000000.0,274865564079.336,54570908069.55189,49.0,60.1544,10.3761,2720943662604.91,91432944989.05,1084176824990.1,59023984974.55
2026-05-13,80504.47,81324.64,78754.65,79313.61,14810.05643,2350570.0,2274.97,2323.36,2234.13,2258.65,258455.7299,2145600.0,94.28,95.99,90.27,91.17,3192571.802,846316.0,4.184333333333333e-05,2.3046666666666667e-05,-1.205333333333333e-05,1588100000000.0,272414353761.0555,52662264976.33925,42.0,60.1625,10.2461,2679082987828.19,87671766735.68,1067278525247.89,55485655143.93
2026-05-14,79313.61,82048.13,78922.0,81089.99,19727.86807,3101046.0,2258.66,2319.33,2238.64,2283.25,256680.8359,2730407.0,91.17,93.68,89.82,92.15,2709125.808,747394.0,3.65e-05,5.137999999999999e-05,-7.826333333333334e-05,1625870000000.0,276230079161.94,53367783692.57374,34.0,59.998,10.295,2646588235842.2,93672631636.92,1058688490488.47,59597506411.37
2026-05-15,81090.0,81664.45,78659.0,79113.21,17351.27079,3184114.0,2283.26,2300.29,2205.11,2224.66,288536.5507,2977308.0,92.16,92.66,88.55,89.24,2675843.631,692037.0,-1.528e-05,3.64e-06,1.5069999999999998e-05,1583600000000.0,268291684796.1256,51566960702.01116,43.0,60.2425,10.2177,2695026436853.4,105773258619.31,1071474719297.56,62041686740.46
2026-05-16,79113.2,79227.77,77640.0,78148.05,12132.86192,1597661.0,2224.65,2231.51,2162.55,2180.77,199288.5761,1541883.0,89.23,89.44,85.52,86.54,1963021.594,478209.0,2.894333333333333e-05,6.023e-05,-5.066666666666573e-07,1565630000000.0,263155951056.23328,50042047558.47805,31.0,60.1658,10.194,2632157588765.3,96509231550.89,1048497639244.91,58326425565.33
2026-05-17,78148.05,78599.99,76735.16,77457.67,8442.7022,1570433.0,2180.77,2198.14,2091.48,2131.0,175116.8149,1638605.0,86.53,87.29,83.5,85.24,1914165.244,480098.0,1.7536666666666668e-05,5.785666666666667e-05,-7.714666666666666e-05,1552310000000.0,258647057667.46115,49289990783.44479,27.0,60.1942,10.1195,2599699928514.64,65558649851.33,1034832382771.61,39662872123.21
2026-05-18,77457.67,77800.0,76051.0,77001.87,18745.51678,3529328.0,2131.0,2157.24,2077.23,2130.08,381878.3932,3981985.0,85.23,85.8,83.5,85.38,2771861.344,781366.0,3.9416666666666665e-05,2.5786666666666668e-05,-3.314333333333333e-05,1541870000000.0,257084534539.95508,49364880668.25276,28.0,60.2516,9.9817,2573828230574.09,57065924330.68,1023054885448.68,36163132768.99
2026-05-19,77001.88,77414.62,76144.71,76834.36,11024.85978,2315121.0,2130.08,2146.95,2094.47,2111.93,186945.075,2356965.0,85.38,85.97,83.7,84.29,1662986.216,488954.0,5.178666666666667e-05,6.425e-05,-4.483666666666667e-05,1538550000000.0,254889203783.1455,48747853075.2174,25.0,60.114,10.0179,2564248072727.97,100202338712.23,1022774831643.27,58684362115.55
2026-05-20,76834.36,77853.04,76516.74,77552.23,11296.26307,2437754.0,2111.93,2149.0,2103.29,2129.44,189088.294,2256505.0,84.3,87.09,83.85,86.17,2365152.438,584791.0,6.031666666666666e-05,4.621333333333333e-05,2.466666666666666e-06,1550620000000.0,256477457616.7204,49667895242.687775,27.0,60.2126,9.9725,2553453440138.83,70080826675.31,1015953445431.07,44049030652.15
2026-05-21,77552.24,78200.0,76719.47,77615.52,11318.25841,2473146.0,2129.44,2157.5,2105.15,2133.76,232889.1117,2526150.0,86.17,88.0,85.32,87.36,2654321.9,565249.0,4.019333333333333e-05,4.0786666666666674e-05,2.97e-05,1554400000000.0,257318079903.6456,50362844092.36921,29.0,60.1647,9.9534,2579317177822.19,75691936284.41,1027478836055.36,48953438352.96
2026-05-22,77615.52,77900.0,75359.18,75539.5,11272.36134,2370783.0,2133.77,2141.39,2057.79,2065.85,221783.2548,2344218.0,87.35,87.85,84.0,84.4,2208484.663,540819.0,1.8783333333333334e-05,4.654e-05,2.750333333333333e-05,1513810000000.0,249429079004.99524,48855797113.08988,28.0,59.9798,9.933,2589823180309.06,80066673817.35,1036451805542.12,52925372598.89
2026-05-23,75539.5,77404.18,74289.6,76752.01,15086.88814,2103536.0,2065.86,2149.95,2009.3,2117.68,350546.2289,2641732.0,84.4,87.5,81.5,85.75,2973101.711,602178.0,3.416333333333333e-05,5.515333333333333e-05,-0.0001279033333333,1534930000000.0,255391021545.79504,49507049208.74172,28.0,59.8595,9.8628,2525702422897.51,79851239254.97,1013828767719.78,51929788519.91
2026-05-24,76752.0,77543.15,76108.0,77064.96,8398.00156,1612969.0,2117.69,2132.14,2063.0,2099.85,197748.7605,1928016.0,85.76,87.0,83.7,85.27,2086657.403,442697.0,7.199666666666666e-05,6.751333333333334e-05,7.866666666666665e-06,1541600000000.0,253081119536.97083,49250885786.38777,25.0,59.9206,9.96,2563132063824.95,80932213661.56,1027289129719.84,50965668007.3
2026-05-25,77064.96,77905.52,76914.25,77322.01,7672.32197,1778509.0,2099.86,2141.98,2092.26,2113.01,166428.5979,1786621.0,85.27,86.52,84.71,85.06,1562235.465,395894.0,3.834e-05,4.705333333333334e-05,-1.6826666666666666e-05,1547510000000.0,254552179276.0717,49132349796.64924,30.0,60.0834,9.864,2566624473248.23,59930319182.34,1024510124697.79,39357483396.64
2026-05-26,77322.01,78080.0,75677.97,75930.01,16953.47629,3360745.0,2113.01,2140.49,2055.06,2073.77,282553.3096,2963706.0,85.06,86.13,83.15,83.72,2358777.43,578993.0,5.895333333333334e-05,3.553e-05,-3.496666666666668e-06,1518930000000.0,250016301769.30704,48351832739.662125,34.0,60.0261,9.8788,2579108875863.71,63672949547.84,1030969451243.55,43864045232.8
2026-05-27,75930.01,76174.15,74243.99,74449.3,16877.77483,3367068.0,2073.77,2097.4,2016.0,2024.84,267963.1573,3056962.0,83.73,84.84,82.1,82.44,2119456.363,691460.0,9.620666666666668e-05,5.5066666666666666e-05,-7.302333333333333e-05,1487970000000.0,243799361585.062,47582393478.06293,25.0,59.8726,9.8502,2537380279586.97,95801714921.59,1018184711714.91,59726744467.41
2026-05-28,74449.31,74590.77,72582.82,73617.51,21274.02026,3799713.0,2024.83,2030.0,1967.0,2009.9,363834.9211,3609031.0,82.43,83.01,80.0,82.11,2306915.48,853185.0,8.337e-05,2.649333333333333e-05,-7.581000000000001e-05,1472610000000.0,242075512494.14764,47423868115.345314,22.0,59.7148,9.7841,2494110418135.96,88507992545.82,1004757349349.85,54644160829.25
2026-05-29,73617.52,74514.1,72512.49,73460.78,18686.74141,2897318.0,2009.89,2046.59,1976.48,2014.54,283145.695,2925370.0,82.12,83.24,80.35,82.04,2064277.646,674991.0,7.364333333333333e-05,7.396e-05,4.3513333333333336e-05,1469090000000.0,242427272176.9792,47342397241.63725,23.0,59.6052,9.8008,2471704057218.53,100932002319.54,998440971281.96,60783596136.24
2026-05-30,73460.78,74143.76,73216.0,73884.38,7515.40909,1124406.0,2014.54,2032.0,2002.0,2022.44,97977.5349,969371.0,82.04,83.17,81.86,82.73,1018490.244,268631.0,4.803333333333333e-05,5.695666666666666e-05,5.158e-05,1477310000000.0,243647582159.56607,47728667623.26586,23.0,59.476,9.8234,2471692542303.36,89619325334.18,1001629462331.66,55084629027.16
2026-05-31,73884.38,74275.66,73400.0,73674.39,6986.45707,1363437.0,2022.44,2038.0,1993.75,2007.01,163735.4958,1454319.0,82.74,83.42,81.33,82.44,993880.666,317381.0,5.361e-05,6.104666666666667e-05,2.872e-05,1474690000000.0,241821176181.81024,47556855497.31448,28.0,59.298,9.7785,2492142106415.57,60420493223.47,1014352113831.74,40861234322.63
2026-06-01,73674.39,74092.0,70686.68,71408.9,23921.09184,4237773.0,2007.02,2021.5,1956.04,2006.73,374428.2839,3806222.0,82.45,83.1,79.11,81.28,2309147.396,701707.0,,,,1429190000000.0,241585841883.19904,46978714822.06089,29.0,59.2305,9.718,2488888162967.24,58256214746.94,1014706136051.94,40801325104.09
2026-06-02,71408.9,71408.9,66193.0,66760.83,32858.19586,6250677.0,2006.73,2006.78,1839.02,1859.84,556885.5418,5759311.0,81.28,81.3,72.73,74.23,3642536.917,1150607.0,,,,1333320000000.0,223744304983.94687,42635403232.055046,23.0,58.6363,9.9209,2437223359354.95,111676315856.1,1008125810874.81,68299562868.42
2026-06-03,66760.84,67516.0,64092.49,64142.75,30138.3065,6676358.0,1859.84,1893.07,1769.62,1813.05,584760.4818,6496256.0,74.23,75.71,70.93,71.61,3655245.68,1261571.0,,,,1287090000000.0,219137065663.5153,41441041985.07157,11.0,58.0881,9.7457,2300212605026.85,129507676340.47,964063864736.67,74538674812.53
2026-06-04,64142.75,64764.32,61383.56,63885.99,43577.17571,9057976.0,1813.05,1820.5,1717.28,1770.77,648306.1051,8222751.0,71.61,72.09,66.8,68.88,4928249.49,1899749.0,,,,1275220000000.0,213076159940.86328,39653044476.86501,12.0,57.3313,9.768,2237946263880.01,124511765298.87,954903249173.79,77099002576.04
2026-06-05,63885.99,63978.0,59130.91,61056.47,55027.28807,11658856.0,1770.76,1774.99,1540.19,1583.4,1257013.1608,13017779.0,68.87,69.1,61.48,63.64,7041593.488,2696738.0,,,,1220510000000.0,190282592047.7129,36701922398.92388,12.0,57.9126,9.6716,2207931253100.38,145820894025.94,929259942150.89,81990980353.96
2026-06-06,61056.47,61530.05,59500.0,60884.62,19795.58877,5000874.0,1583.4,1601.22,1505.68,1569.69,558458.3672,6254953.0,63.64,64.86,60.13,62.2,3570841.056,1364694.0,,,,1217810000000.0,188813620397.2073,35909318373.2922,12.0,58.1748,9.0895,2100508271053.51,170408905760.01,878541718639.68,98831760362.3
2026-06-07,60884.62,64234.68,60746.0,63332.01,26612.10443,4752461.0,1569.68,1721.93,1564.1,1690.51,458280.5909,5095675.0,62.21,67.92,61.96,66.5,2941571.373,1086945.0,,,,1265630000000.0,202997445538.13205,38310110344.50643,12.0,58.2034,9.0348,2095567529990.77,82554271665.47,875876684888.05,51596464428.32
2026-06-08,63332.01,64200.0,62408.0,63085.99,23053.38624,4887564.0,1690.5,1714.5,1645.0,1690.49,480027.3121,5759621.0,66.5,68.17,64.98,66.82,3058995.367,987258.0,,,,1264660000000.0,204495996109.14587,38712097873.93032,8.0,58.2393,9.3566,2177252270206.05,84770964184.35,909235114460.33,48761262893.36
2026-06-09,63086.0,63526.01,60780.0,61730.0,21636.21959,4347332.0,1690.48,1696.88,1614.02,1639.52,384147.2349,4501516.0,66.82,67.47,63.54,64.96,3082150.311,1032126.0,,,,1235220000000.0,197522266390.73785,37612778590.135056,10.0,58.1216,9.3773,2175066240501.42,88094734740.6,910882589862.55,53957109397.5
2026-06-10,61730.0,62857.99,60755.0,61510.99,15998.71652,4655686.0,1639.52,1667.96,1603.44,1621.59,290791.2819,4680030.0,64.97,65.77,62.34,63.19,2937917.561,1207455.0,,,,1231100000000.0,195421631715.8624,36522156574.98399,9.0,58.0509,9.288,2128413723824.95,90795386813.48,892849640671.67,50650709591.56
2026-06-11,61510.99,63933.02,61510.99,63625.99,17380.94642,3446803.0,1621.6,1693.59,1621.6,1673.46,278507.7204,3410263.0,63.19,67.42,63.19,66.93,2881561.031,819698.0,,,,1271990000000.0,201810879555.6743,38719813408.98712,12.0,58.2979,9.2563,2112501235963.05,74665250032.66,880957305983.99,47169656203.27
2026-06-12,63626.0,64394.44,62829.81,63580.01,16397.0524,3154052.0,1673.46,1691.07,1652.09,1666.41,201888.0102,2888517.0,66.93,68.82,65.95,66.82,2839586.683,637487.0,,,,1272150000000.0,200673713944.31808,38634817988.76185,12.0,58.4698,9.2621,2178294183422.07,77601686072.6,904650297152.87,48284146079.4
2026-06-13,63580.0,64762.77,63418.66,64458.01,9960.74163,1489009.0,1666.42,1697.28,1662.2,1681.18,106751.6077,1222979.0,66.83,69.59,66.59,68.94,1525014.5,434658.0,,,,1291170000000.0,202731056793.5934,39957024236.03652,13.0,58.5673,9.2417,2174442338532.04,72791448188.8,900929352791.69,45909799197.62
2026-06-14,64458.01,65800.0,63678.83,65746.45,13203.03375,2060901.0,1681.19,1732.28,1654.9,1725.62,178009.9541,1935991.0,68.94,71.29,66.94,71.28,1851821.931,576477.0,,,,1315090000000.0,207854507556.8993,41080763463.46632,18.0,58.6627,9.2132,2200815491046.22,49022759173.39,909758103268.22,32063879937.68
2026-06-15,65746.45,67292.15,65354.0,66328.74,18559.80102,3140494.0,1725.63,1849.54,1709.66,1796.13,464135.2553,3136116.0,71.29,76.09,70.66,73.98,3102777.468,1041029.0,,,,1327290000000.0,216050774490.39563,42826169358.1283,20.0,58.7646,9.2862,2241187979870.29,56656033140.73,924162983097.49,35084105807.79
2026-06-16,66328.74,66992.0,65360.92,65675.01,14302.05801,2964629.0,1796.14,1839.77,1758.0,1792.99,353577.549,3651200.0,73.99,75.65,72.29,73.52,2185905.595,844497.0,,,,1315600000000.0,216272627905.89536,42658375668.87932,23.0,58.5397,9.5443,2269630890145.72,91630885146.77,940994823812.19,58703571916.72
2026-06-17,65675.02,66445.93,63915.77,64509.4,19048.65409,3933123.0,1793.0,1810.21,1725.34,1750.6,334498.0575,4175463.0,73.53,74.69,70.83,72.05,2443239.391,1139773.0,,,,1290830000000.0,210862747836.9741,41729328243.546616,22.0,58.4218,9.6008,2250755772515.81,75577135511.46,935824401971.27,50511572766.26
2026-06-18,64509.4,64806.0,62272.07,62958.01,16935.59661,3573931.0,1750.61,1762.99,1671.79,1711.11,312480.9656,3404966.0,72.05,72.68,68.23,69.71,2263712.329,944431.0,,,,1259480000000.0,206093151323.49368,40334754059.07209,15.0,58.2482,9.5161,2217319048570.16,83055560428.28,925769965966.51,51766124268.42
2026-06-19,62958.01,63666.0,62316.44,63543.91,14247.424,2671918.0,1711.11,1719.51,1679.11,1711.19,165078.1984,2339768.0,69.72,70.09,67.92,69.74,1884570.868,714964.0,,,,1268980000000.0,205947166499.3312,40280212110.67928,14.0,58.0882,9.5055,2170175971581.07,78073735647.14,909559277878.93,47652611103.78
2026-06-20,63543.9,64388.0,63184.21,64298.01,9522.10324,1970081.0,1711.18,1749.55,1704.06,1741.08,159791.8211,1842588.0,69.73,74.3,69.48,73.22,2267614.627,740168.0,,,,1287310000000.0,209904293466.9969,42497313902.72223,23.0,58.336,9.4583,2182306409683.16,58254648795.67,909235357674.37,35900307948.66
2026-06-21,64298.01,64588.0,63270.0,63311.99,8034.66333,1768294.0,1741.08,1741.45,1702.0,1706.94,123762.4689,1658599.0,73.22,74.68,72.31,72.46,2122685.618,680563.0,,,,1270200000000.0,205997487375.3372,42094561561.105255,23.0,58.4439,9.526,2203420325058.28,50142890671.82,915655835531.47,32660193737.56
2026-06-22,63312.0,65622.83,63312.0,64020.01,15423.10851,3521337.0,1706.94,1779.9,1706.94,1728.19,262657.182,3303043.0,72.47,75.0,71.37,71.95,2567224.067,912146.0,,,,,,,,,,,,,
2026-06-23,64020.01,64275.38,61938.0,62734.57,20222.99292,3626190.0,1728.19,1736.25,1635.65,1667.13,248262.012,3415279.0,71.95,72.06,68.16,69.71,2202519.285,876300.0,,,,,,,,,,,,,
2026-06-24,62734.57,63239.06,59102.7,61077.99,30678.28543,5367531.0,1667.13,1693.67,1552.95,1622.17,355728.3403,5254099.0,69.7,70.44,64.71,68.11,3368667.529,1267052.0,,,,,,,,,,,,,
2026-06-25,61078.0,61962.4,58115.01,59794.0,30386.00694,5683275.0,1622.18,1660.54,1532.9,1567.84,440671.005,4454580.0,68.12,69.66,64.04,67.72,3716901.281,1391124.0,,,,,,,,,,,,,
2026-06-26,59794.64,60759.99,58337.0,60097.27,27403.55723,6019134.0,1567.86,1594.7,1512.0,1578.68,423691.4393,4010582.0,67.72,73.93,65.91,71.9,4422868.716,1842812.0,,,,,,,,,,,,,
2026-06-27,60097.27,60941.17,59855.16,60029.0,9587.22916,1763416.0,1578.68,1611.02,1562.86,1573.99,131592.3598,1281824.0,71.9,73.19,70.25,70.5,1921832.56,634959.0,,,,,,,,,,,,,
2026-06-28,60029.01,60545.01,58905.0,59577.01,8907.13796,2299232.0,1574.0,1588.82,1548.37,1571.96,140181.1417,1506628.0,70.49,72.41,69.74,71.38,1709274.918,776562.0,,,,,,,,,,,,,
2026-06-29,59577.01,60780.57,58900.01,60260.21,20203.14178,4884336.0,1571.96,1637.58,1550.43,1613.07,309968.9748,2959728.0,71.39,76.49,70.35,75.16,3861722.1,1751231.0,,,,,,,,,,,,,
2026-06-30,60260.2,60276.54,58201.0,58624.71,19639.82787,3804809.0,1613.07,1614.41,1550.2,1572.01,222057.2042,2013738.0,75.17,75.8,71.9,73.67,2668784.103,989235.0,,,,,,,,,,,,,
2026-07-01,58624.71,61334.0,57800.19,60024.0,25093.44662,4166849.0,1572.0,1646.26,1552.92,1609.58,306536.311,2678598.0,73.67,78.96,72.25,77.46,3613325.296,1293054.0,,,,,,,,,,,,,
2026-07-02,60024.0,62200.0,59588.0,61560.0,21382.14163,3883096.0,1609.59,1725.0,1597.22,1700.57,373453.5082,2999563.0,77.46,82.78,76.9,80.73,3740503.81,1323576.0,,,,,,,,,,,,,
2026-07-03,61560.0,62979.86,61248.86,62583.26,14048.98627,2571531.0,1700.57,1775.78,1694.72,1758.21,244416.868,2558467.0,80.72,83.22,80.34,82.34,1769217.383,747224.0,,,,,,,,,,,,,
2026-07-04,62583.26,63461.99,62328.24,63144.01,9139.8274,1643288.0,1758.22,1807.65,1744.09,1780.64,190880.1497,1984105.0,82.35,83.98,81.36,81.8,1853790.462,623191.0,,,,,,,,,,,,,
2026-07-05,63144.01,63999.0,62436.59,63650.0,9172.07758,1790183.0,1780.64,1808.0,1748.79,1785.65,389673.4191,2710301.0,81.8,82.43,79.68,81.59,1405482.139,531552.0,,,,,,,,,,,,,
2026-07-06,63650.01,64700.0,61306.84,64042.02,21435.28437,3777895.0,1785.65,1833.4,1728.95,1799.56,305879.3304,2770665.0,81.59,83.74,79.23,81.94,2393607.64,1012792.0,,,,,,,,,,,,,
2026-07-07,64042.93,64314.0,62671.39,63363.99,16834.20823,3282102.0,1799.56,1813.16,1757.57,1771.45,241536.7253,2520272.0,81.94,82.79,80.34,80.58,1858989.517,835044.0,,,,,,,,,,,,,
2026-07-08,63364.0,63761.99,61544.56,62290.0,18620.09796,3598487.0,1771.45,1785.0,1713.44,1743.54,225231.2254,2459826.0,80.58,80.78,76.29,77.83,2171403.36,786423.0,,,,,,,,,,,,,
2026-07-09,62290.01,63500.0,61705.29,63230.0,16742.80672,3176050.0,1743.55,1762.36,1721.93,1745.16,173705.2572,1852063.0,77.83,78.83,76.71,78.04,1458437.834,628012.0,,,,,,,,,,,,,
2026-07-10,63230.01,64692.83,62926.01,64161.72,17589.00122,2927425.0,1745.17,1812.0,1737.68,1796.85,215605.8045,1885371.0,78.05,79.68,77.07,78.13,1853732.075,600906.0,,,,,,,,,,,,,
2026-07-11,64161.72,64504.11,63819.0,63819.0,9151.97432,1406178.0,1796.85,1830.0,1786.58,1787.76,178703.4183,1196630.0,78.14,78.88,76.77,76.79,1341468.467,427167.0,,,,,,,,,,,,,
2026-07-12,63819.01,64290.11,63640.83,63780.0,13914.83703,1919605.0,1787.76,1826.92,1779.46,1806.8,141072.9835,1163165.0,76.79,77.78,75.65,76.92,1107014.96,428321.0,,,,,,,,,,,,,
2026-07-13,63780.0,64425.0,61824.97,62334.52,21682.50204,3349712.0,1806.8,1846.0,1750.2,1776.72,295031.6198,2649302.0,76.92,78.2,74.1,75.01,1598648.362,711539.0,,,,,,,,,,,,,
2026-07-14,62334.52,65100.0,62272.2,65043.98,20552.41384,3080945.0,1776.71,1896.14,1773.41,1891.87,368913.772,3283907.0,75.02,77.95,74.56,77.87,1797979.602,654450.0,,,,,,,,,,,,,
2026-07-15,65043.99,65600.0,64485.0,64756.28,18401.89741,2668919.0,1891.87,1946.52,1864.38,1917.86,319800.9693,2766157.0,77.87,79.04,76.94,77.29,1789391.588,661584.0,,,,,,,,,,,,,
2026-07-16,64756.28,64997.52,63748.74,63830.2,18764.52679,2813481.0,1917.86,1929.48,1857.54,1864.71,271689.0863,2577028.0,77.28,77.64,75.01,75.32,1525454.678,525461.0,,,,,,,,,,,,,
2026-07-17,63830.2,64387.99,62537.56,63931.67,18189.89389,3239296.0,1864.71,1871.08,1803.05,1841.93,253027.7556,2654101.0,75.33,75.75,73.39,75.04,1361493.075,553564.0,,,,,,,,,,,,,
2026-07-18,63931.67,64865.0,63886.65,64834.22,8031.18012,1088701.0,1841.94,1867.58,1837.58,1862.61,92597.9232,898148.0,75.04,75.67,74.5,75.52,651011.695,249534.0,,,,,,,,,,,,,
2026-07-19,64834.21,64967.25,64280.0,64722.54,8379.91474,1464337.0,1862.61,1879.38,1851.71,1872.23,143922.6662,1375145.0,75.53,76.7,75.37,76.38,1176910.446,322166.0,,,,,,,,,,,,,
2026-07-20,64722.55,65799.0,63100.0,65255.51,21323.48702,3606847.0,1872.24,1918.16,1843.14,1904.77,271195.633,2898762.0,76.38,78.38,75.5,77.85,1867200.851,674507.0,,,,,,,,,,,,,
2026-07-21,65255.51,66956.15,65148.75,66556.16,18618.28087,3005241.0,1904.77,1953.0,1900.74,1930.09,326965.6779,2430342.0,77.85,78.88,77.42,78.12,1283561.32,395822.0,,,,,,,,,,,,,
2026-07-22,66556.15,66739.89,65553.67,66114.49,18074.86602,3381825.0,1930.09,1956.45,1910.68,1934.25,251140.8253,2535468.0,78.13,78.85,77.0,77.97,1424652.173,497292.0,,,,,,,,,,,,,
2026-07-23,66114.5,66313.14,64650.0,65098.97,14698.22673,2557299.0,1934.26,1941.5,1869.44,1878.38,219789.0733,2040809.0,77.97,78.54,75.43,75.88,1346651.926,474224.0,,,,,,,,,,,,,
2026-07-24,65098.98,65808.59,63739.75,64139.99,16821.2718,2467691.0,1878.38,1909.8,1848.09,1861.44,200795.4361,2134534.0,75.88,76.45,73.44,73.96,1450088.265,405521.0,,,,,,,,,,,,,
2026-07-25,64140.0,64475.28,63810.0,64375.0,8863.0503,1005338.0,1861.44,1877.07,1851.22,1874.89,88434.488,763113.0,73.97,74.73,73.56,74.52,726815.749,174339.0,,,,,,,,,,,,,
2026-07-26,64375.01,65577.0,64293.81,65399.99,7933.06089,1138023.0,1874.88,1967.36,1873.85,1954.72,153233.6949,1515963.0,74.53,77.1,74.47,76.76,892413.373,289185.0,,,,,,,,,,,,,
2026-07-27,65400.0,65744.6,63605.56,63755.86,14791.90543,2921636.0,1954.72,1981.24,1882.49,1892.53,342451.48,3195743.0,76.77,77.5,73.74,74.2,1608273.931,583673.0,,,,,,,,,,,,,
2026-07-28,63755.86,64100.0,62742.47,63915.0,13889.82996,2679943.0,1892.53,1929.67,1856.88,1922.23,289225.1629,2505196.0,74.21,74.59,72.36,73.83,1697225.448,525294.0,,,,,,,,,,,,,
2026-07-29,63915.0,64744.81,63267.34,63984.28,16780.11912,3615294.0,1922.22,1935.68,1872.0,1910.72,298562.344,3050869.0,73.83,74.53,72.32,73.68,1597653.875,597407.0,,,,,,,,,,,,,
2026-07-30,63984.29,65176.6,63603.92,64780.02,17131.58486,3246691.0,1910.72,1936.99,1893.99,1918.31,176531.6818,1937149.0,73.69,74.99,73.14,74.51,1218863.451,404129.0,,,,,,,,,,,,,
2026-07-31,64780.03,65409.56,62466.0,62887.88,20475.60686,2740238.0,1918.32,1936.15,1848.7,1862.6,242904.7865,2209134.0,74.52,75.29,72.56,72.87,1337998.051,448362.0,,,,,,,,,,,,,
2026-08-01,62887.88,63150.0,62275.0,62823.64,7563.08904,831983.0,1862.6,1875.45,1822.06,1844.94,108886.9878,880600.0,72.87,73.21,70.58,71.95,1111519.095,270094.0,,,,,,,,,,,,,
2026-08-02,62823.65,63796.33,62806.58,63570.0,8387.01154,1286064.0,1844.95,1898.5,1843.67,1885.36,123655.0632,1129827.0,71.95,74.33,71.93,73.63,845346.938,251642.0,,,,,,,,,,,,,
2026-08-03,63570.01,64080.0,62300.0,63520.0,15543.29743,2494364.0,1885.36,1885.95,1828.62,1860.5,175607.0099,1775363.0,73.64,74.28,71.98,73.56,1227842.329,370920.0,,,,,,,,,,,,,
2026-08-04,63520.0,64549.16,63322.01,64106.56,13690.47909,2388039.0,1860.5,1882.44,1848.38,1869.75,185254.5452,1809806.0,73.56,74.45,73.04,73.75,1198568.943,454998.0,,,,,,,,,,,,,
2026-08-05,64106.55,65025.22,63880.0,64665.23,12742.85528,2402227.0,1869.74,1928.0,1855.5,1908.9,238330.3269,2270605.0,73.76,74.83,73.27,74.04,1549828.637,475409.0,,,,,,,,,,,,,
2026-08-06,64665.24,64999.0,64172.0,64323.61,9864.43284,2087951.0,1908.91,1920.51,1892.04,1904.1,177529.7135,1782371.0,74.04,74.35,72.34,72.7,1276204.923,386001.0,,,,,,,,,,,,,
2026-08-07,64323.61,65390.99,64166.0,64923.19,11807.40403,2283383.0,1904.1,1943.02,1894.35,1914.18,210276.529,1579936.0,72.7,74.35,72.43,73.66,1552676.887,384085.0,,,,,,,,,,,,,
2026-08-08,64923.2,65192.54,64784.19,64962.6,5760.14298,540447.0,1914.19,1926.72,1912.27,1916.74,56872.3931,433955.0,73.67,76.81,73.57,76.01,1383412.487,320650.0,,,,,,,,,,,,,
2026-08-09,64962.6,65474.46,64730.08,64901.59,7031.23606,803981.0,1916.75,1938.22,1907.56,1910.65,87855.3253,681191.0,76.02,77.84,75.73,76.27,980767.674,266929.0,,,,,,,,,,,,,
2026-08-10,64901.59,65391.14,63806.27,63970.01,13638.40877,2054347.0,1910.65,1931.57,1867.96,1873.16,209809.0221,1866587.0,76.26,77.17,75.58,75.99,1278238.355,394958.0,,,,,,,,,,,,,
2026-08-11,63970.01,64515.43,63238.0,63600.0,12891.63248,1660517.0,1873.16,1897.8,1853.62,1882.59,193300.5166,1441139.0,76.0,76.67,74.63,76.3,1315794.682,397860.0,,,,,,,,,,,,,
2026-08-12,63600.01,64500.0,63310.34,63479.99,13627.06822,1990499.0,1882.58,1925.0,1873.29,1879.81,171255.9975,1564544.0,76.3,77.33,75.35,75.63,1154149.214,374325.0,,,,,,,,,,,,,
2026-08-13,63479.99,64010.0,62802.27,63490.86,10793.85853,2078777.0,1879.8,1900.0,1863.67,1886.15,154140.6308,1514857.0,75.64,76.62,75.1,76.28,1093508.557,348474.0,,,,,,,,,,,,,
2026-08-14,63490.86,63617.45,62535.24,63043.56,12340.82899,2184530.0,1886.16,1891.3,1864.28,1882.2,108123.7734,1319228.0,76.28,76.33,74.69,75.4,1063864.906,290010.0,,,,,,,,,,,,,
2026-08-15,63043.56,63187.98,62920.0,63086.01,5405.16038,540313.0,1882.2,1886.59,1876.01,1882.64,48197.0909,409630.0,75.4,75.74,75.05,75.35,602113.822,139474.0,,,,,,,,,,,,,
2026-08-16,63086.01,63390.0,62716.0,62900.0,4737.23135,640294.0,1882.64,1892.31,1869.17,1876.0,68574.4231,573492.0,75.35,75.71,74.1,74.61,681414.225,174852.0,,,,,,,,,,,,,
2026-08-17,62900.0,64610.01,62751.1,64532.1,14255.64713,2111256.0,1876.01,1918.71,1872.46,1913.6,175727.2871,1441485.0,74.62,76.22,74.43,76.02,1269854.354,374664.0,,,,,,,,,,,,,
2026-08-18,64532.11,65058.81,64027.85,64725.42,11789.91312,1608019.0,1913.59,1923.27,1885.78,1917.85,144436.9084,1229278.0,76.02,77.41,75.2,77.05,1454862.952,371906.0,,,,,,,,,,,,,
2026-08-19,64725.42,70000.0,64166.0,69334.79,29054.29976,4160596.0,1917.85,2333.65,1906.0,2252.8,799553.3447,5279678.0,77.05,87.21,76.63,85.38,4041510.276,1184929.0,,,,,,,,,,,,,
2026-08-20,69334.78,73400.0,68902.22,73025.15,35904.79287,6249114.0,2252.81,2360.0,2221.54,2326.82,648620.7228,5641127.0,85.39,88.1,84.01,87.66,3689410.426,1005508.0,,,,,,,,,,,,,
2026-08-21,73027.02,79500.0,73027.02,78338.03,44339.56568,8928944.0,2326.83,2546.78,2324.99,2516.3,740662.9146,7242698.0,87.65,94.99,87.57,93.72,5840669.108,2071985.0,,,,,,,,,,,,,
2026-08-22,78338.03,78828.15,76500.0,77074.93,18524.50847,3950045.0,2516.31,2529.99,2385.0,2422.6,485164.8901,4481778.0,93.72,102.74,87.72,93.82,7094617.466,2695492.0,,,,,,,,,,,,,
2026-08-23,77074.94,78052.85,75545.67,77734.0,15367.23185,3627829.0,2422.6,2484.62,2355.71,2463.41,378847.2022,3810702.0,93.83,97.21,91.58,95.43,3782856.806,1675306.0,,,,,,,,,,,,,
2026-08-24,77734.0,80000.0,76670.01,78992.75,30179.29391,6334409.0,2463.42,2532.95,2424.73,2482.31,467435.1868,4314361.0,95.44,98.99,93.26,98.97,4605794.101,2016011.0,,,,,,,,,,,,,
2026-08-25,78992.76,81272.62,77851.0,78539.14,24772.51394,6360202.0,2482.31,2532.5,2414.64,2442.64,341388.961,3492228.0,98.98,103.08,95.32,96.6,4972932.43,2278101.0,,,,,,,,,,,,,
2026-08-26,78539.13,79251.6,77632.58,79023.75,14613.75887,4284527.0,2442.65,2515.38,2432.32,2506.78,250583.2707,2687659.0,96.6,102.46,94.95,102.07,2636923.175,1263515.0,,,,,,,,,,,,,
2026-08-27,79023.75,80848.74,78546.13,80249.58,16265.53695,4932285.0,2506.78,2566.53,2481.74,2510.94,336914.06,3426529.0,102.08,110.6,100.52,109.14,5165991.59,2268943.0,,,,,,,,,,,,,
2026-08-28,80249.59,81478.87,76888.0,77845.87,19756.43646,4822157.0,2510.94,2535.05,2405.97,2442.8,361082.4672,3449843.0,109.15,110.0,102.28,104.15,4462058.441,1912888.0,,,,,,,,,,,,,
2026-08-29,77845.88,78330.0,77382.37,78230.0,7016.30257,1519886.0,2442.79,2459.76,2430.45,2457.67,103523.9255,828389.0,104.14,105.88,103.03,105.61,1438492.498,532121.0,,,,,,,,,,,,,
2026-08-30,78230.0,79400.0,77000.0,77682.0,9085.42405,2404922.0,2457.67,2534.98,2387.28,2416.88,268297.9503,2396145.0,105.61,107.48,100.31,101.75,2069486.493,879686.0,,,,,,,,,,,,,
2026-08-31,77682.0,79250.0,77392.0,78581.29,15303.90602,4354737.0,2416.89,2489.95,2401.35,2467.65,265221.8545,2904113.0,101.75,105.0,100.9,103.06,2161872.059,1049007.0,,,,,,,,,,,,,
2026-09-01,78581.3,79220.61,76420.0,77439.0,14130.63949,3662805.0,2467.64,2485.5,2383.34,2418.57,276587.6824,2474291.0,103.06,104.38,98.33,100.0,2492674.341,1004311.0,,,,,,,,,,,,,
2026-09-02,77439.01,77792.0,76264.0,77340.01,13070.9782,3312492.0,2418.58,2429.0,2356.41,2391.92,285609.6463,2339119.0,100.01,100.71,97.38,100.43,1936294.175,877533.0,,,,,,,,,,,,,
2026-09-03,77340.01,82300.0,76968.0,81270.37,19806.42247,4460645.0,2391.91,2529.84,2370.14,2507.51,351147.3009,3098803.0,100.44,105.91,99.23,103.94,2855673.06,1163878.0,,,,,,,,,,,,,
2026-09-04,81270.37,81427.75,78660.0,79660.77,19198.62549,3417900.0,2507.5,2546.66,2431.61,2455.85,412267.7587,2876331.0,103.95,104.79,100.21,101.93,2246822.503,871318.0,,,,,,,,,,,,,
2026-09-05,79660.77,80200.0,79442.0,79831.75,9117.2402,1276050.0,2455.86,2493.57,2444.47,2480.34,130096.5621,941585.0,101.93,104.37,101.6,103.18,1567775.504,453611.0,,,,,,,,,,,,,
2026-09-06,79831.75,80559.99,79233.0,80341.83,8854.81827,1658245.0,2480.33,2526.2,2460.92,2514.48,217690.0843,1673587.0,103.18,107.36,103.17,106.55,2692250.92,964987.0,,,,,,,,,,,,,
2026-09-07,80341.83,80443.99,78680.0,79112.01,10572.45495,2464603.0,2514.48,2536.64,2466.0,2490.16,256448.183,2126476.0,106.55,107.06,102.96,103.8,2196321.837,772179.0,,,,,,,,,,,,,
2026-09-08,79112.0,79485.0,77620.01,78455.8,19235.06605,4339646.0,2490.16,2507.99,2441.68,2485.06,244422.1272,2434365.0,103.81,104.83,101.72,103.37,1956384.98,765308.0,,,,,,,,,,,,,
2026-09-09,78455.8,79760.0,77770.0,78306.43,14129.92027,3338369.0,2485.07,2523.3,2442.44,2468.13,301745.8701,2792573.0,103.37,105.2,100.33,101.57,2152439.686,896526.0,,,,,,,,,,,,,
2026-09-10,78306.43,78564.39,76464.0,76568.72,15320.36904,3080707.0,2468.14,2484.76,2405.85,2438.27,347434.2123,2794354.0,101.57,102.19,98.5,98.67,2017908.833,894071.0,,,,,,,,,,,,,
2026-09-11,76568.73,79890.0,76046.58,77225.7,19713.27729,3614263.0,2438.27,2665.99,2433.77,2516.43,639601.9328,4461161.0,98.67,105.8,98.0,102.46,3248395.127,1370645.0,,,,,,,,,,,,,
2026-09-12,77225.71,77505.67,77059.75,77278.73,8060.44455,748574.0,2516.44,2546.01,2508.64,2525.93,159918.3258,897690.0,102.45,102.59,101.23,101.76,1098651.894,352365.0,,,,,,,,,,,,,
2026-09-13,77278.73,77450.0,76500.0,76842.01,6959.68366,1275503.0,2525.92,2527.56,2462.02,2477.1,216470.6683,1376331.0,101.77,102.34,99.19,99.3,1382002.404,515033.0,,,,,,,,,,,,,
2026-09-14,76842.01,79600.0,76388.72,78189.21,15413.48971,3225517.0,2477.1,2615.0,2464.71,2515.75,355412.3953,3140018.0,99.31,104.82,99.0,102.53,2202678.496,1032882.0,,,,,,,,,,,,,
2026-09-15,78189.2,78250.46,74967.97,75644.48,21682.71734,3419940.0,2515.72,2520.0,2358.88,2398.26,442620.7591,3412911.0,102.54,102.86,95.82,96.88,2823506.302,953367.0,,,,,,,,,,,,,
2026-09-16,75644.48,76560.76,75064.82,76206.01,14887.98431,3057694.0,2398.26,2430.64,2369.11,2418.26,321896.138,2946303.0,96.88,98.94,96.09,98.66,2342273.394,721490.0,,,,,,,,,,,,,
2026-09-17,76206.0,77179.47,76000.0,76417.01,10925.02219,2014558.0,2418.26,2483.74,2413.56,2447.28,237879.9919,2085593.0,98.66,102.05,98.47,101.64,2139152.106,623573.0,,,,,,,,,,,,,
2026-09-18,76417.01,81400.0,76296.0,80883.87,23907.77962,3193109.0,2447.28,2646.0,2436.89,2612.14,507313.0893,3823182.0,101.63,114.32,100.9,112.72,4710994.168,1243835.0,,,,,,,,,,,,,
