date,btc_dominance,eth_dominance,USD_total_market_cap,USD_total_volume24h,USD_altcoin_market_cap,USD_altcoin_volume24h
2013-04-29,94.1977,0.0,1583440000.0,0.0,91876704.0,0.0
2013-04-30,94.3854,0.0,1686950016.0,0.0,94716304.0,0.0
2013-05-01,94.3595,0.0,1637389952.0,0.0,92358096.0,0.0
2013-05-02,94.0775,0.0,1333880064.0,0.0,78998704.0,0.0
2013-05-03,94.1598,0.0,1275410048.0,0.0,74487104.0,0.0
2013-05-04,93.8787,0.0,1169469952.0,0.0,71586800.0,0.0
2013-05-05,93.9531,0.0,1335379968.0,0.0,80748800.0,0.0
2013-05-06,94.0777,0.0,1370880000.0,0.0,81187200.0,0.0
2013-05-07,94.3851,0.0,1313900032.0,0.0,73773904.0,0.0
2013-05-08,94.3697,0.0,1320509952.0,0.0,74349200.0,0.0
2013-05-09,94.1743,0.0,1333639936.0,0.0,77693800.0,0.0
2013-05-10,94.17,0.0,1329740032.0,0.0,77524096.0,0.0
2013-05-11,94.3601,0.0,1390119936.0,0.0,78401504.0,0.0
2013-05-12,94.53,0.0,1363549952.0,0.0,74586200.0,0.0
2013-05-13,94.6565,0.0,1355529984.0,0.0,72433504.0,0.0
2013-05-14,94.7398,0.0,1388739968.0,0.0,73050304.0,0.0
2013-05-15,95.0813,0.0,1294729984.0,0.0,63683700.0,0.0
2013-05-16,95.0698,0.0,1340729984.0,0.0,66100900.0,0.0
2013-05-17,95.3061,0.0,1384470016.0,0.0,64985300.0,0.0
2013-05-18,95.1281,0.0,1445779968.0,0.0,70436800.0,0.0
2013-05-19,94.9963,0.0,1448819968.0,0.0,72494096.0,0.0
2013-05-20,94.9247,0.0,1445040000.0,0.0,73339504.0,0.0
2013-05-21,95.0092,0.0,1440290048.0,0.0,71881904.0,0.0
2013-05-22,95.1327,0.0,1445490048.0,0.0,70355696.0,0.0
2013-05-23,95.129,0.0,1453590016.0,0.0,70803800.0,0.0
2013-05-24,95.1727,0.0,1489100032.0,0.0,71884000.0,0.0
2013-05-25,95.362,0.0,1562419968.0,0.0,72465200.0,0.0
2013-05-26,95.4477,0.0,1548679936.0,0.0,70501400.0,0.0
2013-05-27,95.3898,0.0,1573330048.0,0.0,72534096.0,0.0
2013-05-28,95.4272,0.0,1526700032.0,0.0,69812400.0,0.0
2013-05-29,95.4023,0.0,1515890048.0,0.0,69695400.0,0.0
2013-05-30,95.5571,0.0,1547800064.0,0.0,68767696.0,0.0
2013-05-31,95.6685,0.0,1505750016.0,0.0,65221100.0,0.0
2013-06-01,95.6794,0.0,1522409984.0,0.0,65777500.0,0.0
2013-06-02,95.8299,0.0,1511010048.0,0.0,63010600.0,0.0
2013-06-03,95.7567,0.0,1437159936.0,0.0,60983200.0,0.0
2013-06-04,95.7515,0.0,1436720000.0,0.0,61038300.0,0.0
2013-06-05,95.5681,0.0,1423719936.0,0.0,63098300.0,0.0
2013-06-06,95.5824,0.0,1435030016.0,0.0,63394000.0,0.0
2013-06-07,95.624,0.0,1388729984.0,0.0,60771500.0,0.0
2013-06-08,95.6198,0.0,1304230016.0,0.0,57127400.0,0.0
2013-06-09,95.5603,0.0,1271680000.0,0.0,56458700.0,0.0
2013-06-10,95.4778,0.0,1191800064.0,0.0,53895000.0,0.0
2013-06-11,95.564,0.0,1250160000.0,0.0,55456900.0,0.0
2013-06-12,95.7856,0.0,1273360000.0,0.0,53664200.0,0.0
2013-06-13,95.7903,0.0,1275980032.0,0.0,53714700.0,0.0
2013-06-14,95.821,0.0,1220999936.0,0.0,51025100.0,0.0
2013-06-15,95.909,0.0,1185330048.0,0.0,48492200.0,0.0
2013-06-16,95.9758,0.0,1180249984.0,0.0,47495700.0,0.0
2013-06-17,95.9147,0.0,1176669952.0,0.0,48070300.0,0.0
2013-06-18,95.7799,0.0,1202899968.0,0.0,50763900.0,0.0
2013-06-19,95.9287,0.0,1265750016.0,0.0,51532200.0,0.0
2013-06-20,95.8523,0.0,1277170048.0,0.0,52973400.0,0.0
2013-06-21,95.9264,0.0,1310230016.0,0.0,53373700.0,0.0
2013-06-22,95.1716,0.0,1302089984.0,0.0,62870500.0,0.0
2013-06-23,95.0529,0.0,1288729984.0,0.0,63754200.0,0.0
2013-06-24,94.6937,0.0,1291449984.0,0.0,68527904.0,0.0
2013-06-25,94.8328,0.0,1230290048.0,0.0,63571700.0,0.0
2013-06-26,94.9549,0.0,1233400064.0,0.0,62226000.0,0.0
2013-06-27,94.8785,0.0,1242759936.0,0.0,63648300.0,0.0
2013-06-28,94.5885,0.0,1210230016.0,0.0,65491600.0,0.0
2013-06-29,94.6573,0.0,1134630016.0,0.0,60619900.0,0.0
2013-06-30,94.6005,0.0,1139769984.0,0.0,61542200.0,0.0
2013-07-01,94.3866,0.0,1172969984.0,0.0,65843600.0,0.0
2013-07-02,93.9795,0.0,1057609984.0,0.0,63673000.0,0.0
2013-07-03,94.2017,0.0,1088760064.0,0.0,63129900.0,0.0
2013-07-04,93.7838,0.0,955878016.0,0.0,59419300.0,0.0
2013-07-05,93.6998,0.0,966713024.0,0.0,60905000.0,0.0
2013-07-06,93.4153,0.0,834792000.0,0.0,54968400.0,0.0
2013-07-07,93.3813,0.0,844910016.0,0.0,55922400.0,0.0
2013-07-08,93.4569,0.0,931886976.0,0.0,60974400.0,0.0
2013-07-09,93.6571,0.0,932504000.0,0.0,59147700.0,0.0
2013-07-10,93.6715,0.0,933443008.0,0.0,59072700.0,0.0
2013-07-11,93.9584,0.0,1080230016.0,0.0,65263600.0,0.0
2013-07-12,94.2228,0.0,1076860032.0,0.0,62212200.0,0.0
2013-07-13,94.3057,0.0,1136999936.0,0.0,64744600.0,0.0
2013-07-14,94.3478,0.0,1190220032.0,0.0,67273504.0,0.0
2013-07-15,94.1144,0.0,1139960064.0,0.0,67093500.0,0.0
2013-07-16,94.2201,0.0,1199859968.0,0.0,69350896.0,0.0
2013-07-17,93.966,0.0,1170960000.0,0.0,70655800.0,0.0
2013-07-18,93.9424,0.0,1198240000.0,0.0,72584200.0,0.0
2013-07-19,93.8333,0.0,1099559936.0,0.0,67806304.0,0.0
2013-07-20,93.8505,0.0,1121080064.0,0.0,68940304.0,0.0
2013-07-21,93.8157,0.0,1090009984.0,0.0,67409904.0,0.0
2013-07-22,93.84,0.0,1116540032.0,0.0,68779104.0,0.0
2013-07-23,93.8697,0.0,1117319936.0,0.0,68495296.0,0.0
2013-07-24,94.0915,0.0,1164940032.0,0.0,68829800.0,0.0
2013-07-25,93.9125,0.0,1165080064.0,0.0,70924200.0,0.0
2013-07-26,93.9459,0.0,1182160000.0,0.0,71569800.0,0.0
2013-07-27,94.0444,0.0,1170620032.0,0.0,69717104.0,0.0
2013-07-28,93.9641,0.0,1149859968.0,0.0,69404304.0,0.0
2013-07-29,94.1109,0.0,1219320064.0,0.0,71806704.0,0.0
2013-07-30,94.1784,0.0,1232210048.0,0.0,71734000.0,0.0
2013-07-31,94.4024,0.0,1295500032.0,0.0,72516400.0,0.0
2013-08-01,94.5277,0.0,1288370048.0,0.0,70504000.0,0.0
2013-08-02,94.3726,0.0,1276920064.0,0.0,71857600.0,0.0
2013-08-03,94.4049,0.0,1268060032.0,0.0,70948600.0,0.0
2013-08-04,94.183,0.0,1281040000.0,0.0,74518000.0,0.0
2013-08-05,90.9503,0.0,1337120000.0,0.0,121005000.0,0.0
2013-08-06,91.428,0.0,1347129984.0,0.0,115476000.0,0.0
2013-08-07,91.8892,0.0,1337590016.0,0.0,108489000.0,0.0
2013-08-08,92.0604,0.0,1335100032.0,0.0,106002000.0,0.0
2013-08-09,92.0383,0.0,1290710016.0,0.0,102762000.0,0.0
2013-08-10,92.0289,0.0,1287970048.0,0.0,102666000.0,0.0
2013-08-11,92.2312,0.0,1288230016.0,0.0,100080000.0,0.0
2013-08-12,92.0704,0.0,1316160000.0,0.0,104366000.0,0.0
2013-08-13,92.2073,0.0,1339740032.0,0.0,104402000.0,0.0
2013-08-14,92.2729,0.0,1364760064.0,0.0,105456000.0,0.0
2013-08-15,92.7341,0.0,1402560000.0,0.0,101909000.0,0.0
2013-08-16,92.9881,0.0,1356220032.0,0.0,95096496.0,0.0
2013-08-17,92.8355,0.0,1357629952.0,0.0,97267000.0,0.0
2013-08-18,91.707,0.0,1422400000.0,0.0,117960000.0,0.0
2013-08-19,91.7773,0.0,1432429952.0,0.0,117785000.0,0.0
2013-08-20,92.1921,0.0,1494409984.0,0.0,116683000.0,0.0
2013-08-21,92.0456,0.0,1541289984.0,0.0,122601000.0,0.0
2013-08-22,92.2818,0.0,1538150016.0,0.0,118717000.0,0.0
2013-08-23,92.5605,0.0,1527970048.0,0.0,113673000.0,0.0
2013-08-24,92.4451,0.0,1486739968.0,0.0,112321000.0,0.0
2013-08-25,92.3843,0.0,1502029952.0,0.0,114390000.0,0.0
2013-08-26,92.3786,0.0,1542210048.0,0.0,117538000.0,0.0
2013-08-27,92.1393,0.0,1523270016.0,0.0,119740000.0,0.0
2013-08-28,92.4966,0.0,1591139968.0,0.0,119390000.0,0.0
2013-08-29,92.619,0.0,1539219968.0,0.0,113609000.0,0.0
2013-08-30,92.6731,0.0,1536940032.0,0.0,112610000.0,0.0
2013-08-31,92.9685,0.0,1663939968.0,0.0,117001000.0,0.0
2013-09-01,93.2512,0.0,1686150016.0,0.0,113795000.0,0.0
2013-09-02,93.3906,0.0,1725049984.0,0.0,114015000.0,0.0
2013-09-03,93.4091,0.0,1689730048.0,0.0,111369000.0,0.0
2013-09-04,93.3259,0.0,1701299968.0,0.0,113546000.0,0.0
2013-09-05,92.5751,0.0,1592210048.0,0.0,118219000.0,0.0
2013-09-06,92.5758,0.0,1579960064.0,0.0,117300000.0,0.0
2013-09-07,92.2188,0.0,1505129984.0,0.0,117118000.0,0.0
2013-09-08,92.3267,0.0,1568790016.0,0.0,120378000.0,0.0
2013-09-09,92.1561,0.0,1541709952.0,0.0,120930000.0,0.0
2013-09-10,92.4437,0.0,1607289984.0,0.0,121451000.0,0.0
2013-09-11,92.6824,0.0,1585789952.0,0.0,116042000.0,0.0
2013-09-12,92.7939,0.0,1713639936.0,0.0,123486000.0,0.0
2013-09-13,92.7278,0.0,1685250048.0,0.0,122556000.0,0.0
2013-09-14,92.7733,0.0,1700290048.0,0.0,122875000.0,0.0
2013-09-15,92.6915,0.0,1633159936.0,0.0,119359000.0,0.0
2013-09-16,92.6237,0.0,1648640000.0,0.0,121608000.0,0.0
2013-09-17,92.4297,0.0,1669360000.0,0.0,126376000.0,0.0
2013-09-18,91.375,0.0,1689139968.0,0.0,145688992.0,0.0
2013-09-19,90.9023,0.0,1694140032.0,0.0,154128000.0,0.0
2013-09-20,90.6861,0.0,1677149952.0,0.0,156207008.0,0.0
2013-09-21,91.0428,0.0,1634960000.0,0.0,146446000.0,0.0
2013-09-22,91.2004,0.0,1644760064.0,0.0,144732992.0,0.0
2013-09-23,90.9602,0.0,1671500032.0,0.0,151100992.0,0.0
2013-09-24,91.0372,0.0,1623750016.0,0.0,145534000.0,0.0
2013-09-25,90.9162,0.0,1645389952.0,0.0,149464000.0,0.0
2013-09-26,91.1021,0.0,1654739968.0,0.0,147238000.0,0.0
2013-09-27,90.1776,0.0,1680760064.0,0.0,165091008.0,0.0
2013-09-28,89.6462,0.0,1753810048.0,0.0,181587008.0,0.0
2013-09-29,90.1305,0.0,1774419968.0,0.0,175124992.0,0.0
2013-09-30,90.68,0.0,1782739968.0,0.0,166151008.0,0.0
2013-10-01,91.0618,0.0,1719629952.0,0.0,153704000.0,0.0
2013-10-02,91.2034,0.0,1707559936.0,0.0,150207008.0,0.0
2013-10-03,91.7967,0.0,1465260032.0,0.0,120199000.0,0.0
2013-10-04,91.581,0.0,1595090048.0,0.0,134290000.0,0.0
2013-10-05,91.334,0.0,1668969984.0,0.0,144632992.0,0.0
2013-10-06,91.3585,0.0,1660649984.0,0.0,143504992.0,0.0
2013-10-07,91.373,0.0,1664640000.0,0.0,143608992.0,0.0
2013-10-08,91.5417,0.0,1634909952.0,0.0,138284992.0,0.0
2013-10-09,91.5238,0.0,1624310016.0,0.0,137680000.0,0.0
2013-10-10,91.7609,0.0,1680860032.0,0.0,138487008.0,0.0
2013-10-11,91.5586,0.0,1688359936.0,0.0,142520992.0,0.0
2013-10-12,91.9151,0.0,1679760000.0,0.0,135807008.0,0.0
2013-10-13,91.82,0.0,1734179968.0,0.0,141856992.0,0.0
2013-10-14,92.3525,0.0,1784710016.0,0.0,136484992.0,0.0
2013-10-15,92.6188,0.0,1795750016.0,0.0,132547000.0,0.0
2013-10-16,93.2494,0.0,1865520000.0,0.0,125933000.0,0.0
2013-10-17,93.4479,0.0,1807200000.0,0.0,118409000.0,0.0
2013-10-18,93.1923,0.0,1861529984.0,0.0,126727000.0,0.0
2013-10-19,93.7603,0.0,1970070016.0,0.0,122926000.0,0.0
2013-10-20,94.6147,0.0,2168709888.0,0.0,116792000.0,0.0
2013-10-21,94.7832,0.0,2192689920.0,0.0,114388000.0,0.0
2013-10-22,95.1629,0.0,2280790016.0,0.0,110324000.0,0.0
2013-10-23,95.5106,0.0,2412029952.0,0.0,108287000.0,0.0
2013-10-24,95.2888,0.0,2685189888.0,0.0,126505000.0,0.0
2013-10-25,94.437,0.0,2476329984.0,0.0,137759008.0,0.0
2013-10-26,94.9056,0.0,2345939968.0,0.0,119510000.0,0.0
2013-10-27,94.8336,0.0,2223689984.0,0.0,114884000.0,0.0
2013-10-28,95.1125,0.0,2459320064.0,0.0,120199000.0,0.0
2013-10-29,95.3739,0.0,2480600064.0,0.0,114756000.0,0.0
2013-10-30,95.4712,0.0,2551810048.0,0.0,115566000.0,0.0
2013-10-31,95.3312,0.0,2501270016.0,0.0,116780000.0,0.0
2013-11-01,95.2758,0.0,2547200000.0,0.0,120334000.0,0.0
2013-11-02,95.1234,0.0,2606729984.0,0.0,127120000.0,0.0
2013-11-03,94.7368,0.0,2600819968.0,0.0,136888000.0,0.0
2013-11-04,94.6969,0.0,2707279872.0,0.0,143570000.0,0.0
2013-11-05,94.9442,0.0,2894020096.0,0.0,146316000.0,0.0
2013-11-06,95.1819,0.0,3083889920.0,0.0,148584992.0,0.0
2013-11-07,95.0427,0.0,3290769920.0,0.0,163132000.0,0.0
2013-11-08,94.7406,0.0,3749839872.0,0.0,197220000.0,0.0
2013-11-09,94.8597,0.0,4266599936.0,0.0,219315008.0,0.0
2013-11-10,95.511,0.0,4394720256.0,0.0,197276992.0,0.0
2013-11-11,95.4563,0.0,4063399936.0,0.0,184628992.0,0.0
2013-11-12,95.5865,0.0,4303070208.0,0.0,189918000.0,0.0
2013-11-13,95.6604,0.0,4514740224.0,0.0,195923008.0,0.0
2013-11-14,95.9165,0.0,5145359872.0,0.0,210111008.0,0.0
2013-11-15,96.0988,0.0,5235899904.0,0.0,204264000.0,0.0
2013-11-16,96.1074,0.0,5186939904.0,0.0,201904992.0,0.0
2013-11-17,96.1777,0.0,5493060096.0,0.0,209962000.0,0.0
2013-11-18,96.6265,0.0,6172020224.0,0.0,208214000.0,0.0
2013-11-19,96.1309,0.0,8902689792.0,0.0,344457984.0,0.0
2013-11-20,96.1127,0.0,7101029888.0,0.0,276040000.0,0.0
2013-11-21,96.1783,0.0,7475680256.0,0.0,285700000.0,0.0
2013-11-22,96.0024,0.0,9092079616.0,0.0,363468992.0,0.0
2013-11-23,95.9638,0.0,9701480448.0,0.0,391572000.0,0.0
2013-11-24,95.8472,0.0,10021600256.0,0.0,416174016.0,0.0
2013-11-25,95.4811,0.0,9782479872.0,0.0,442059008.0,0.0
2013-11-26,94.482,0.0,10266399744.0,0.0,566499968.0,0.0
2013-11-27,92.5688,0.0,11985899520.0,0.0,890700032.0,0.0
2013-11-28,90.116,0.0,13280000000.0,0.0,1312589952.0,0.0
2013-11-29,88.8409,0.0,13823699968.0,0.0,1542610048.0,0.0
2013-11-30,90.0648,0.0,15136199680.0,0.0,1503820032.0,0.0
2013-12-01,88.5713,0.0,15387700224.0,0.0,1758620032.0,0.0
2013-12-02,87.2858,0.0,13134100480.0,0.0,1669910016.0,0.0
2013-12-03,88.4743,0.0,14266600448.0,0.0,1644320000.0,0.0
2013-12-04,88.0936,0.0,14913999872.0,0.0,1775719936.0,0.0
2013-12-05,87.4594,0.0,15936100352.0,0.0,1998470016.0,0.0
2013-12-06,87.8406,0.0,14336799744.0,0.0,1743270016.0,0.0
2013-12-07,88.2094,0.0,11355599872.0,0.0,1338889984.0,0.0
2013-12-08,88.8415,0.0,9426419712.0,0.0,1051849984.0,0.0
2013-12-09,88.6447,0.0,10827200512.0,0.0,1229459968.0,0.0
2013-12-10,88.2251,0.0,12487600128.0,0.0,1470409984.0,0.0
2013-12-11,87.8733,0.0,13619500032.0,0.0,1651600000.0,0.0
2013-12-12,88.2432,0.0,12058300416.0,0.0,1417660032.0,0.0
2013-12-13,88.2553,0.0,11970100224.0,0.0,1405859968.0,0.0
2013-12-14,88.4539,0.0,12292100096.0,0.0,1419260032.0,0.0
2013-12-15,88.7721,0.0,11968900096.0,0.0,1343859968.0,0.0
2013-12-16,88.7604,0.0,12054800384.0,0.0,1354909952.0,0.0
2013-12-17,89.2939,0.0,9693609984.0,0.0,1037809984.0,0.0
2013-12-18,90.0601,0.0,9153699840.0,0.0,909872000.0,0.0
2013-12-19,90.9764,0.0,6986350080.0,0.0,630417984.0,0.0
2013-12-20,90.1701,0.0,9332540416.0,0.0,917382976.0,0.0
2013-12-21,90.0687,0.0,8225730048.0,0.0,816924032.0,0.0
2013-12-22,90.0173,0.0,8120240128.0,0.0,810620032.0,0.0
2013-12-23,90.0097,0.0,8259129856.0,0.0,825110976.0,0.0
2013-12-24,90.2471,0.0,9225870336.0,0.0,899788992.0,0.0
2013-12-25,89.4917,0.0,9047919616.0,0.0,950782016.0,0.0
2013-12-26,88.2038,0.0,9460100096.0,0.0,1115929984.0,0.0
2013-12-27,87.6954,0.0,10631199744.0,0.0,1308130048.0,0.0
2013-12-28,87.666,0.0,10232000512.0,82164096.0,1262019968.0,35162000.0
2013-12-29,87.8459,0.0,10099699712.0,48907900.0,1227529984.0,16611900.0
2013-12-30,87.6484,0.0,10327100416.0,34095000.0,1275559936.0,15104400.0
2013-12-31,87.5899,0.0,10545800192.0,38049700.0,1308749952.0,17336100.0
2014-01-01,87.6262,0.0,10553499648.0,32186200.0,1305869952.0,11061100.0
2014-01-02,87.491,0.0,10760699904.0,40160800.0,1346060032.0,17000500.0
2014-01-03,87.1947,0.0,11201599488.0,104306000.0,1434390016.0,65756900.0
2014-01-04,87.8253,0.0,11402800128.0,81151400.0,1388259968.0,43222900.0
2014-01-05,88.1162,0.0,11882099712.0,63420000.0,1412050048.0,25432700.0
2014-01-06,88.791,0.0,12875700224.0,115640000.0,1443229952.0,42507200.0
2014-01-07,88.6379,0.0,13110099968.0,156352000.0,1489590016.0,70786000.0
2014-01-08,89.3615,0.0,10802599936.0,138380000.0,1149240064.0,55320000.0
2014-01-09,89.1749,0.0,11650100224.0,128696000.0,1261139968.0,58673100.0
2014-01-10,89.2643,0.0,11512299520.0,84935000.0,1235929984.0,26189200.0
2014-01-11,89.2616,0.0,11897499648.0,46837100.0,1277600000.0,15164400.0
2014-01-12,89.2643,0.0,12602900480.0,77831504.0,1353010048.0,32209400.0
2014-01-13,89.3148,0.0,11765099520.0,63735400.0,1257120000.0,24742300.0
2014-01-14,89.6112,0.0,11569999872.0,51027900.0,1201980032.0,5738710.0
2014-01-15,89.4696,0.0,11409699840.0,31628200.0,1201490048.0,10815200.0
2014-01-16,89.342,0.0,11815799808.0,44852900.0,1259320064.0,16780100.0
2014-01-17,89.4629,0.0,11447400448.0,30490300.0,1206220032.0,11006300.0
2014-01-18,89.4809,0.0,11198300160.0,53525100.0,1177959936.0,14643500.0
2014-01-19,89.2595,0.0,11568400384.0,29290100.0,1242499968.0,11375400.0
2014-01-20,89.1607,0.0,12003600384.0,40296200.0,1301110016.0,14859700.0
2014-01-21,89.0147,0.0,12036200448.0,45672800.0,1322210048.0,18904500.0
2014-01-22,88.7,0.0,11973300224.0,42872500.0,1352979968.0,23875200.0
2014-01-23,89.1001,0.0,11679099904.0,42104100.0,1273010048.0,23468900.0
2014-01-24,89.2276,0.0,11331600384.0,35572900.0,1220690048.0,20165100.0
2014-01-25,89.4426,0.0,10954800128.0,71230400.0,1156540032.0,36335400.0
2014-01-26,88.9975,0.0,11757400064.0,48678300.0,1293609984.0,24384400.0
2014-01-27,89.1483,0.0,12214800384.0,56462000.0,1325510016.0,24392000.0
2014-01-28,89.4392,0.0,10660100096.0,76038704.0,1125799936.0,26311400.0
2014-01-29,89.4313,0.0,11194399744.0,68820000.0,1183110016.0,24072800.0
2014-01-30,89.4473,0.0,11387299840.0,28626100.0,1201670016.0,10924600.0
2014-01-31,89.4328,0.0,11288699904.0,44598400.0,1192889984.0,14696800.0
2014-02-01,89.2172,0.0,11511300096.0,26735900.0,1241240064.0,9449270.0
2014-02-02,89.1497,0.0,11524800512.0,32873400.0,1250480000.0,13309200.0
2014-02-03,89.0466,0.0,11416999936.0,20631000.0,1250550016.0,9360360.0
2014-02-04,89.2779,0.0,11406900224.0,22532000.0,1223049984.0,8501920.0
2014-02-05,89.4494,0.0,11447199744.0,29317100.0,1207760000.0,12732500.0
2014-02-06,89.5313,0.0,11261400064.0,37350400.0,1178919936.0,14548800.0
2014-02-07,89.5901,0.0,10766699520.0,64001600.0,1120800000.0,14222200.0
2014-02-08,89.3334,0.0,9620620288.0,138444992.0,1026200000.0,25659000.0
2014-02-09,89.1973,0.0,9281949696.0,47547600.0,1002700032.0,10929200.0
2014-02-10,89.0596,0.0,9434380288.0,51492500.0,1032160000.0,12589200.0
2014-02-11,89.202,0.0,9481849856.0,155130000.0,1023849984.0,42198300.0
2014-02-12,88.8216,0.0,9333329920.0,105055000.0,1043320000.0,32859800.0
2014-02-13,88.8495,0.0,9087979520.0,42317600.0,1013350016.0,17208200.0
2014-02-14,88.9188,0.0,8389510144.0,65737400.0,929656000.0,26835100.0
2014-02-15,89.0445,0.0,9188410368.0,150948992.0,1006630016.0,49154700.0
2014-02-16,88.8038,0.0,9092780032.0,44393200.0,1018049984.0,17921600.0
2014-02-17,88.7791,0.0,8597449728.0,56690900.0,964712000.0,16644800.0
2014-02-18,77.3645,0.0,10080300032.0,49656200.0,2281730048.0,17643500.0
2014-02-19,88.7642,0.0,8756859904.0,31291200.0,983904000.0,11259900.0
2014-02-20,88.6727,0.0,8742389760.0,28048500.0,990275008.0,14170600.0
2014-02-21,88.645,0.0,7798000128.0,72914200.0,885465984.0,25639500.0
2014-02-22,88.9594,0.0,8049269760.0,65161500.0,888686016.0,17949800.0
2014-02-23,88.8557,0.0,8456600064.0,44184900.0,942425024.0,12782700.0
2014-02-24,88.7644,0.0,8513099776.0,52479600.0,956497024.0,18391000.0
2014-02-25,88.3771,0.0,7458590208.0,70473200.0,866902016.0,14597300.0
2014-02-26,88.8644,0.0,7489840128.0,163786000.0,834041984.0,39491700.0
2014-02-27,89.1169,0.0,8128019968.0,84957000.0,884579008.0,20691900.0
2014-02-28,87.4377,0.0,8248039936.0,35596100.0,1036140032.0,9993920.0
2014-03-01,87.1441,0.0,7778590208.0,41190400.0,1000009984.0,12967000.0
2014-03-02,87.6995,0.0,8061109760.0,28168800.0,991556992.0,9957750.0
2014-03-03,87.0663,0.0,8025630208.0,17991000.0,1038009984.0,9995350.0
2014-03-04,84.5728,0.0,9845340160.0,128748000.0,1518860032.0,32701000.0
2014-03-05,83.662,0.0,9947599872.0,117840000.0,1625240064.0,62562000.0
2014-03-06,86.0193,0.0,9658000384.0,40563000.0,1350259968.0,18230600.0
2014-03-07,87.0475,0.0,9540490240.0,29649200.0,1235740032.0,13449600.0
2014-03-08,87.6916,0.0,8978209792.0,46192600.0,1105069952.0,11992600.0
2014-03-09,86.9214,0.0,8837059584.0,29520700.0,1155760000.0,10801500.0
2014-03-10,87.1671,0.0,9140330496.0,26725800.0,1172969984.0,11216600.0
2014-03-11,86.7678,0.0,9058180096.0,30191200.0,1198599936.0,9756960.0
2014-03-12,86.9586,0.0,9086489600.0,21746900.0,1184999936.0,10022000.0
2014-03-13,86.8765,0.0,9104570368.0,39007500.0,1194840064.0,20164000.0
2014-03-14,87.2815,0.0,9138209792.0,20095100.0,1162240000.0,8675430.0
2014-03-15,87.5056,0.0,9006419968.0,19430100.0,1125299968.0,7527570.0
2014-03-16,87.7172,0.0,9074110464.0,11605000.0,1114550016.0,7271600.0
2014-03-17,87.9054,0.0,8994100224.0,14757400.0,1087800064.0,9474010.0
2014-03-18,88.4878,0.0,8811119616.0,26553800.0,1014360000.0,11899000.0
2014-03-19,86.9038,0.0,8862159872.0,57312300.0,1160610048.0,33329300.0
2014-03-20,87.8902,0.0,8683039744.0,54879500.0,1051500032.0,40642200.0
2014-03-21,88.0164,0.0,8373080064.0,41059200.0,1003390016.0,20580600.0
2014-03-22,87.965,0.0,8136790016.0,64618900.0,979262976.0,26242700.0
2014-03-23,86.8709,0.0,8161399808.0,27724900.0,1071520000.0,10399400.0
2014-03-24,87.1972,0.0,8101510144.0,15999900.0,1037219968.0,6686130.0
2014-03-25,87.6554,0.0,8377390080.0,37327200.0,1034150016.0,14583300.0
2014-03-26,88.8761,0.0,8237080064.0,24229200.0,916284992.0,10292800.0
2014-03-27,88.4651,0.0,8245380096.0,28701200.0,951092992.0,12350600.0
2014-03-28,89.5168,0.0,6728269824.0,97310304.0,705342016.0,32766400.0
2014-03-29,89.4905,0.0,7049789952.0,77960200.0,740897984.0,24436400.0
2014-03-30,89.2323,0.0,6938250240.0,18285200.0,747091008.0,6998950.0
2014-03-31,89.3455,0.0,6511099904.0,57272700.0,693726016.0,14244200.0
2014-04-01,89.4186,0.0,6438260224.0,28962600.0,681260032.0,11463100.0
2014-04-02,89.5438,0.0,6726139904.0,46153600.0,703297984.0,10648700.0
2014-04-03,90.0814,0.0,6104529920.0,69008000.0,605486976.0,19354700.0
2014-04-04,90.3162,0.0,6233750016.0,55351200.0,603665024.0,14491600.0
2014-04-05,90.1962,0.0,6242019840.0,31953200.0,611953984.0,8933540.0
2014-04-06,90.2518,0.0,6484029952.0,18466000.0,632073024.0,4977090.0
2014-04-07,90.1373,0.0,6473359872.0,17368300.0,638449984.0,7271350.0
2014-04-08,90.2158,0.0,6252420096.0,22470300.0,611748992.0,6944270.0
2014-04-09,90.3014,0.0,6340639744.0,16510800.0,614956032.0,5805010.0
2014-04-10,90.3713,0.0,6181799936.0,17768800.0,595225024.0,4640630.0
2014-04-11,91.0107,0.0,5048180224.0,74263000.0,453796000.0,18375300.0
2014-04-12,90.2711,0.0,5890789888.0,82780000.0,573112000.0,22039400.0
2014-04-13,90.5242,0.0,5888110080.0,29932700.0,557945984.0,10751300.0
2014-04-14,90.5954,0.0,5785269760.0,33532500.0,544081984.0,10804300.0
2014-04-15,90.4496,0.0,6423029760.0,74779800.0,613424000.0,23997000.0
2014-04-16,90.0314,0.0,7340890112.0,39255700.0,731785984.0,31669300.0
2014-04-17,90.0745,0.0,7432039936.0,92858400.0,737667008.0,36542800.0
2014-04-18,90.0912,0.0,6968730112.0,56428000.0,690518976.0,22438600.0
2014-04-19,89.8946,0.0,6753509888.0,35511400.0,682470016.0,16474700.0
2014-04-20,89.6351,0.0,7101760000.0,34599500.0,736086976.0,14984600.0
2014-04-21,89.822,0.0,7026189824.0,25128400.0,715126976.0,13055100.0
2014-04-22,89.8082,0.0,7015240192.0,24732600.0,714979008.0,9500030.0
2014-04-23,89.9825,0.0,6885940224.0,21165600.0,689798976.0,9325640.0
2014-04-24,89.9915,0.0,6934790144.0,16910800.0,694067968.0,7190050.0
2014-04-25,89.9425,0.0,7057780224.0,23565500.0,709835008.0,10373600.0
2014-04-26,90.8264,0.0,6454839808.0,70743000.0,592137984.0,24362200.0
2014-04-27,90.7773,0.0,6389089792.0,21395900.0,589246976.0,7950720.0
2014-04-28,91.093,0.0,6033619968.0,19197000.0,537416000.0,7690790.0
2014-04-29,90.6797,0.0,6165170176.0,31688700.0,574611008.0,8017530.0
2014-04-30,90.6407,0.0,6270689792.0,24215400.0,586892992.0,7861910.0
2014-05-01,90.4171,0.0,6295510016.0,28880900.0,603294016.0,13444400.0
2014-05-02,90.5419,0.0,6431560192.0,21087000.0,608305984.0,8191800.0
2014-05-03,90.7048,0.0,6295470080.0,16765800.0,585177024.0,6436550.0
2014-05-04,90.7293,0.0,6138180096.0,15728600.0,569051008.0,5876920.0
2014-05-05,90.7069,0.0,6114189824.0,9648060.0,568198976.0,3601270.0
2014-05-06,90.7654,0.0,6072399872.0,14042200.0,560760000.0,4342440.0
2014-05-07,90.5106,0.0,6050209792.0,20075900.0,574129024.0,7530400.0
2014-05-08,90.4738,0.0,6198419968.0,26609500.0,590470976.0,8153380.0
2014-05-09,90.4655,0.0,6201200128.0,16818200.0,591251008.0,7371440.0
2014-05-10,90.3228,0.0,6365949952.0,19218100.0,616046976.0,8874510.0
2014-05-11,90.4491,0.0,6411890176.0,14078800.0,612390016.0,7309740.0
2014-05-12,90.495,0.0,6195539968.0,18677200.0,588883008.0,6418870.0
2014-05-13,90.4654,0.0,6220109824.0,14221300.0,593065024.0,6928700.0
2014-05-14,90.4651,0.0,6220510208.0,13307900.0,593116992.0,5621860.0
2014-05-15,90.3248,0.0,6274140160.0,16880600.0,607038976.0,7405580.0
2014-05-16,90.2859,0.0,6326410240.0,17674300.0,614553024.0,10331300.0
2014-05-17,90.3251,0.0,6338070016.0,14046200.0,613203008.0,7569010.0
2014-05-18,90.3957,0.0,6344439808.0,8752610.0,609339008.0,5810340.0
2014-05-19,90.3862,0.0,6309250048.0,8881520.0,606561024.0,5929880.0
2014-05-20,90.4421,0.0,6312719872.0,11624400.0,603363008.0,5369470.0
2014-05-21,90.7442,0.0,6848840192.0,52354600.0,633913984.0,11993400.0
2014-05-22,90.8161,0.0,6924170240.0,21359500.0,635907008.0,6782480.0
2014-05-23,91.3153,0.0,7353759744.0,50987300.0,638654976.0,17767600.0
2014-05-24,90.9742,0.0,7329789952.0,60082300.0,661576000.0,25162800.0
2014-05-25,90.976,0.0,7400249856.0,23857100.0,667800000.0,12431300.0
2014-05-26,91.2112,0.0,8029660160.0,66033700.0,705710016.0,19038000.0
2014-05-27,91.5257,0.0,8157879808.0,40674700.0,691324992.0,10457900.0
2014-05-28,91.5544,0.0,8010769920.0,53544000.0,676555008.0,15858600.0
2014-05-29,91.7827,0.0,8065399808.0,35381400.0,662753984.0,15998000.0
2014-05-30,91.6862,0.0,7951309824.0,34990200.0,661057024.0,16282500.0
2014-05-31,92.0246,0.0,8581910016.0,51721600.0,684438016.0,19681500.0
2014-06-01,92.2021,0.0,8681929728.0,28599700.0,677006016.0,13564100.0
2014-06-02,92.1582,0.0,8811700224.0,65782900.0,690992000.0,20378700.0
2014-06-03,92.3147,0.0,9184159744.0,62372200.0,705827968.0,16990200.0
2014-06-04,92.3183,0.0,9295660032.0,54127700.0,714062016.0,13605700.0
2014-06-05,92.294,0.0,8916729856.0,50044900.0,687123968.0,12375100.0
2014-06-06,92.3414,0.0,9171080192.0,43766400.0,702379008.0,14237000.0
2014-06-07,92.3332,0.0,9075940352.0,28446500.0,695833024.0,9560840.0
2014-06-08,92.4278,0.0,9114749952.0,24394100.0,690185024.0,8640060.0
2014-06-09,92.4298,0.0,9132229632.0,19269500.0,691331968.0,10620200.0
2014-06-10,92.324,0.0,9064930304.0,28418300.0,695820992.0,9305050.0
2014-06-11,92.2312,0.0,9122169856.0,28640000.0,708683008.0,10777100.0
2014-06-12,92.093,0.0,8860309504.0,34085500.0,700585984.0,8794670.0
2014-06-13,92.0322,0.0,8211400192.0,60570600.0,654265024.0,9676220.0
2014-06-14,91.9448,0.0,8430430208.0,41791700.0,679084992.0,6915510.0
2014-06-15,91.9749,0.0,8070179840.0,45400900.0,647644032.0,6911130.0
2014-06-16,91.9291,0.0,8295529984.0,29757900.0,669526976.0,6161200.0
2014-06-17,92.1141,0.0,8292490240.0,35789700.0,653942016.0,7252050.0
2014-06-18,92.2422,0.0,8538639872.0,26339100.0,662412032.0,7721880.0
2014-06-19,92.1714,0.0,8526859776.0,27310600.0,667534016.0,9627710.0
2014-06-20,91.9812,0.0,8381510144.0,25387700.0,672096000.0,12162700.0
2014-06-21,92.1743,0.0,8334179840.0,32135100.0,652204032.0,14393500.0
2014-06-22,92.1559,0.0,8345670144.0,17100700.0,654643008.0,7850760.0
2014-06-23,92.2603,0.0,8450070016.0,17434200.0,654008000.0,6555910.0
2014-06-24,92.2384,0.0,8326790144.0,20112300.0,646289024.0,6052340.0
2014-06-25,92.2903,0.0,8165919744.0,20744500.0,629571968.0,6397900.0
2014-06-26,92.4192,0.0,7923740160.0,29134600.0,600684032.0,8590110.0
2014-06-27,92.4839,0.0,8142550016.0,21691100.0,612001984.0,6998060.0
2014-06-28,92.6119,0.0,8354619904.0,27945400.0,617248000.0,7130820.0
2014-06-29,92.7346,0.0,8334219776.0,20899300.0,605516032.0,7904530.0
2014-06-30,92.8652,0.0,8403489792.0,14966500.0,599571008.0,6151150.0
2014-07-01,93.2169,0.0,8973920256.0,57495700.0,608707968.0,10454400.0
2014-07-02,93.5765,0.0,8891920384.0,51461200.0,571169024.0,12738600.0
2014-07-03,93.6805,0.0,9010929664.0,39509000.0,569446976.0,14048200.0
2014-07-04,93.5589,0.0,8941500416.0,27128900.0,575932992.0,8318940.0
2014-07-05,93.7421,0.0,8723390464.0,29852100.0,545897984.0,7614690.0
2014-07-06,93.8658,0.0,8739640320.0,17742300.0,536108000.0,8677680.0
2014-07-07,93.9657,0.0,8783750144.0,16171900.0,530036000.0,6069520.0
2014-07-08,93.7702,0.0,8619599872.0,27611200.0,536987008.0,9566710.0
2014-07-09,93.7417,0.0,8667830272.0,17316100.0,542462016.0,7309950.0
2014-07-10,93.7209,0.0,8667039744.0,16818700.0,544211968.0,7008340.0
2014-07-11,93.6989,0.0,8558260224.0,23773100.0,539260032.0,7883560.0
2014-07-12,93.668,0.0,8774989824.0,22587000.0,555628032.0,6125420.0
2014-07-13,93.4848,0.0,8827360256.0,22945500.0,575121024.0,9619680.0
2014-07-14,93.3938,0.0,8732000256.0,20093900.0,576854976.0,8822530.0
2014-07-15,93.4094,0.0,8641290240.0,19852200.0,569513024.0,7128260.0
2014-07-16,93.458,0.0,8667540480.0,16116500.0,567032000.0,5250910.0
2014-07-17,93.4941,0.0,8590310400.0,19798700.0,558876032.0,6596030.0
2014-07-18,93.2169,0.0,8700210176.0,23480900.0,590147008.0,6928770.0
2014-07-19,93.1723,0.0,8802329600.0,21413500.0,600995008.0,7230990.0
2014-07-20,93.3021,0.0,8784589824.0,12332600.0,588385024.0,5139210.0
2014-07-21,93.305,0.0,8722499584.0,10060900.0,583974016.0,4288610.0
2014-07-22,93.0161,0.0,8728659968.0,15086300.0,609603008.0,4374190.0
2014-07-23,93.1181,0.0,8705349632.0,14471100.0,599089984.0,4866860.0
2014-07-24,93.162,0.0,8680880128.0,15211000.0,593596992.0,4141520.0
2014-07-25,93.3517,0.0,8414060032.0,28235400.0,559393984.0,7290470.0
2014-07-26,93.3784,0.0,8414689792.0,18542500.0,557185984.0,6278400.0
2014-07-27,93.4018,0.0,8332630016.0,14420400.0,549801024.0,3684090.0
2014-07-28,93.3788,0.0,8315639808.0,12228800.0,550596992.0,4431470.0
2014-07-29,93.4229,0.0,8193970176.0,24583900.0,538926976.0,5284670.0
2014-07-30,93.3711,0.0,8189499904.0,15329500.0,542873024.0,4059540.0
2014-07-31,93.4196,0.0,7944659968.0,20851800.0,522788992.0,5892250.0
2014-08-01,93.3096,0.0,8220480000.0,30458400.0,549982016.0,7991850.0
2014-08-02,93.2956,0.0,8346180096.0,23311300.0,559561984.0,5092320.0
2014-08-03,93.293,0.0,8264730112.0,12336600.0,554313984.0,3991600.0
2014-08-04,93.3224,0.0,8227230208.0,13398700.0,549377984.0,3471100.0
2014-08-05,93.5131,0.0,8251369984.0,13979800.0,535256992.0,4127880.0
2014-08-06,93.5791,0.0,8204870144.0,14709200.0,526828992.0,3908900.0
2014-08-07,93.5972,0.0,8187520000.0,18393200.0,524232000.0,3891300.0
2014-08-08,93.6573,0.0,8243990016.0,17345200.0,522895008.0,6214260.0
2014-08-09,93.7296,0.0,8290390016.0,16048300.0,519838016.0,4977520.0
2014-08-10,93.8371,0.0,8237680128.0,13552100.0,507684000.0,5642790.0
2014-08-11,93.9386,0.0,8261029888.0,11090900.0,500732000.0,3520930.0
2014-08-12,94.2462,0.0,8031159808.0,24281800.0,462094016.0,9499280.0
2014-08-13,94.4209,0.0,7933609984.0,23270800.0,442624992.0,9269810.0
2014-08-14,94.5545,0.0,7588420096.0,36166700.0,413228992.0,10426900.0
2014-08-15,94.2615,0.0,7126080000.0,44312800.0,408932000.0,7734120.0
2014-08-16,94.2348,0.0,6944620032.0,29892800.0,400371008.0,4309050.0
2014-08-17,94.4828,0.0,7225149952.0,26703300.0,398628992.0,3890350.0
2014-08-18,94.5932,0.0,6834749952.0,29830800.0,369542016.0,5526700.0
2014-08-19,94.8432,0.0,6402699776.0,61772600.0,330176000.0,10948200.0
2014-08-20,94.249,0.0,6774859776.0,50040500.0,389624992.0,11579400.0
2014-08-21,93.9164,0.0,7156800000.0,61006600.0,435388992.0,14591900.0
2014-08-22,93.7306,0.0,7273460224.0,63732200.0,456000000.0,14369400.0
2014-08-23,93.7348,0.0,7216470016.0,48044200.0,452127008.0,11435200.0
2014-08-24,93.9274,0.0,6991889920.0,31784700.0,424590016.0,6667440.0
2014-08-25,93.5901,0.0,7158980096.0,29581600.0,458884000.0,10198100.0
2014-08-26,93.1889,0.0,7111329792.0,29356600.0,484359008.0,11023600.0
2014-08-27,92.019,0.0,7342329856.0,37187500.0,585995008.0,14131600.0
2014-08-28,91.983,0.0,7328869888.0,33560000.0,587553984.0,10998200.0
2014-08-29,92.2697,0.0,7273339904.0,27766800.0,562252992.0,7856530.0
2014-08-30,92.3733,0.0,7269870080.0,24190600.0,554449024.0,6600780.0
2014-08-31,92.2587,0.0,7200010240.0,17077000.0,557377024.0,5563180.0
2014-09-01,92.2141,0.0,6846150144.0,54543100.0,533035008.0,9987300.0
2014-09-02,92.2369,0.0,6798770176.0,25554400.0,527796000.0,5078280.0
2014-09-03,92.4015,0.0,6822790144.0,29098500.0,518428992.0,5811920.0
2014-09-04,92.1491,0.0,6855309824.0,18004700.0,538204032.0,4683310.0
2014-09-05,92.103,0.0,7032929792.0,33808900.0,555393984.0,7681310.0
2014-09-06,91.9511,0.0,6955469824.0,20282700.0,559841984.0,5031710.0
2014-09-07,91.8764,0.0,6989239808.0,16567300.0,567779008.0,5997800.0
2014-09-08,91.83,0.0,6946979840.0,14449500.0,567571008.0,5492690.0
2014-09-09,91.6547,0.0,6862000128.0,37717600.0,572657024.0,7759170.0
2014-09-10,91.6758,0.0,6871029760.0,27805100.0,571961024.0,6359040.0
2014-09-11,91.4393,0.0,6950739968.0,31660000.0,595035008.0,8856450.0
2014-09-12,91.3528,0.0,6959050240.0,24746900.0,601763008.0,7876120.0
2014-09-13,91.3182,0.0,6937719808.0,21347800.0,602318016.0,5947780.0
2014-09-14,91.2366,0.0,6965559808.0,23161000.0,610420992.0,7570170.0
2014-09-15,91.0493,0.0,6962259968.0,26191400.0,623171008.0,13073400.0
2014-09-16,91.234,0.0,6907990016.0,26367400.0,605553984.0,10989400.0
2014-09-17,91.0123,0.0,6795789824.0,24826500.0,610787008.0,8539640.0
2014-09-18,90.7366,0.0,6687059968.0,32336900.0,619449024.0,11280000.0
2014-09-19,90.3314,0.0,6237519872.0,48948800.0,603078976.0,14449700.0
2014-09-20,90.3796,0.0,5803460096.0,47188900.0,558316992.0,9296000.0
2014-09-21,90.531,0.0,5992620032.0,48403300.0,567438976.0,11544500.0
2014-09-22,90.5816,0.0,5859200000.0,33455900.0,551841984.0,6940930.0
2014-09-23,90.4658,0.0,5912549888.0,29298300.0,563713984.0,5145120.0
2014-09-24,90.7275,0.0,6390810112.0,56187700.0,592587008.0,11040400.0
2014-09-25,90.5533,0.0,6219829760.0,37438700.0,587569984.0,6879120.0
2014-09-26,90.4607,0.0,6055629824.0,34506800.0,577662016.0,7704210.0
2014-09-27,90.1453,0.0,5962039808.0,31482300.0,587542976.0,10060100.0
2014-09-28,90.1634,0.0,5901980160.0,21133400.0,580553024.0,6106230.0
2014-09-29,89.6932,0.0,5599490048.0,29856600.0,577129984.0,6168680.0
2014-09-30,89.9801,0.0,5570630144.0,36613300.0,558172992.0,4771690.0
2014-10-01,90.0393,0.0,5736450048.0,39877400.0,571390016.0,5133680.0
2014-10-02,89.9655,0.0,5686280192.0,30462700.0,570587008.0,4233300.0
2014-10-03,89.9153,0.0,5565839872.0,26077800.0,561297984.0,4243040.0
2014-10-04,89.6792,0.0,5354549760.0,35693700.0,552633024.0,4758550.0
2014-10-05,89.2578,0.0,4918210048.0,56975700.0,528326016.0,9732430.0
2014-10-06,89.3257,0.0,4788570112.0,96210304.0,511147008.0,12814100.0
2014-10-07,89.3195,0.0,4942790144.0,94177504.0,527916000.0,15079900.0
2014-10-08,89.3956,0.0,5022470144.0,61193500.0,532601984.0,11964200.0
2014-10-09,89.7255,0.0,5253049856.0,64939400.0,539724992.0,10249000.0
2014-10-10,89.936,0.0,5419619840.0,95785504.0,545430016.0,12342200.0
2014-10-11,89.711,0.0,5385240064.0,52625900.0,554086016.0,8985630.0
2014-10-12,90.1037,0.0,5381649920.0,19638600.0,532584992.0,6276570.0
2014-10-13,90.3236,0.0,5596870144.0,22310300.0,541577984.0,4766340.0
2014-10-14,90.5421,0.0,5788499968.0,42665900.0,547472000.0,7322260.0
2014-10-15,90.5952,0.0,5923369984.0,49813400.0,557081984.0,11452800.0
2014-10-16,90.5935,0.0,5830029824.0,33098500.0,548401024.0,7877250.0
2014-10-17,90.5008,0.0,5663580160.0,34271600.0,537993984.0,7280440.0
2014-10-18,90.4343,0.0,5687289856.0,20337000.0,544027008.0,6726080.0
2014-10-19,90.4939,0.0,5793059840.0,16099000.0,550691968.0,4659470.0
2014-10-20,90.5847,0.0,5758759936.0,9791450.0,542201984.0,3905010.0
2014-10-21,90.5552,0.0,5661289984.0,22132700.0,534700000.0,5732840.0
2014-10-22,90.4811,0.0,5722339840.0,18703600.0,544704000.0,4524410.0
2014-10-23,90.5374,0.0,5673710080.0,17030200.0,536880000.0,5398840.0
2014-10-24,90.3521,0.0,5325040128.0,32770200.0,513755008.0,6289860.0
2014-10-25,90.3449,0.0,5327349760.0,21478400.0,514360992.0,5902770.0
2014-10-26,90.4537,0.0,5157380096.0,22151500.0,492340000.0,4016120.0
2014-10-27,90.6066,0.0,5257909760.0,15134600.0,493899008.0,3862550.0
2014-10-28,90.3083,0.0,5253609984.0,17833000.0,509163008.0,4786930.0
2014-10-29,90.4704,0.0,5303070208.0,12009300.0,505361984.0,4165230.0
2014-10-30,90.354,0.0,4993430016.0,22954200.0,481668000.0,4750130.0
2014-10-31,90.561,0.0,5121650176.0,35190100.0,483432000.0,5038810.0
2014-11-01,90.5067,0.0,5032019968.0,17149500.0,477704000.0,4605680.0
2014-11-02,90.631,0.0,4839949824.0,40233800.0,453455008.0,23523400.0
2014-11-03,90.5462,0.0,4838349824.0,12128300.0,457407008.0,3544840.0
2014-11-04,90.4461,0.0,4868919808.0,16610900.0,465172000.0,3678410.0
2014-11-05,90.4794,0.0,4921010176.0,19624900.0,468508000.0,3964580.0
2014-11-06,90.4438,0.0,5054879744.0,24976000.0,483052000.0,5140870.0
2014-11-07,90.7049,0.0,5195639808.0,23465200.0,482940000.0,4672280.0
2014-11-08,90.6443,0.0,5086640128.0,21309500.0,475889984.0,4496660.0
2014-11-09,90.4684,0.0,5145970176.0,11835300.0,490491008.0,3325290.0
2014-11-10,90.6906,0.0,5385880064.0,28088200.0,501392000.0,3889980.0
2014-11-11,90.7813,0.0,5435330048.0,36548100.0,501064992.0,6179510.0
2014-11-12,90.8566,0.0,5463730176.0,20359000.0,499572992.0,4894160.0
2014-11-13,91.2649,0.0,6317340160.0,58848700.0,551827008.0,12496600.0
2014-11-14,91.295,0.0,6186039808.0,76714496.0,538494976.0,18216000.0
2014-11-15,91.1072,0.0,5922440192.0,38944200.0,526668992.0,10376000.0
2014-11-16,90.9304,0.0,5565389824.0,20737600.0,504760000.0,5405310.0
2014-11-17,90.9963,0.0,5765069824.0,16897000.0,519071008.0,4312140.0
2014-11-18,91.0001,0.0,5758000128.0,48107000.0,518212000.0,6584090.0
2014-11-19,90.8978,0.0,5559609856.0,38544600.0,506047008.0,6392900.0
2014-11-20,90.7257,0.0,5667140096.0,23665200.0,525585984.0,4828450.0
2014-11-21,90.3016,0.0,5359340032.0,31614400.0,519769984.0,6354460.0
2014-11-22,89.8329,0.0,5294090240.0,35848400.0,538254976.0,5917710.0
2014-11-23,89.3679,0.0,5346930176.0,20212700.0,568492032.0,4984230.0
2014-11-24,88.7617,0.0,5594849792.0,20157500.0,628768000.0,5001470.0
2014-11-25,89.0127,0.0,5731729920.0,37348800.0,629761024.0,6425190.0
2014-11-26,88.4447,0.0,5756669952.0,33405800.0,665198016.0,7934970.0
2014-11-27,87.7799,0.0,5716619776.0,25990300.0,698574016.0,7172810.0
2014-11-28,86.1874,0.0,5806009856.0,18358300.0,801958976.0,9777350.0
2014-11-29,85.9611,0.0,5929759744.0,29386700.0,832473024.0,6419610.0
2014-11-30,86.3343,0.0,5895750144.0,21887500.0,805694016.0,6537830.0
2014-12-01,87.7103,0.0,5847320064.0,14834300.0,718620992.0,5638700.0
2014-12-02,87.0781,0.0,5906769920.0,18326800.0,763265024.0,6566400.0
2014-12-03,86.8458,0.0,5962809856.0,18117000.0,784360000.0,5735810.0
2014-12-04,86.4789,0.0,5895190016.0,17803400.0,797092992.0,4438500.0
2014-12-05,86.4079,0.0,5803039744.0,20694200.0,788755968.0,6122160.0
2014-12-06,86.3872,0.0,5921059840.0,20166300.0,806022016.0,5045500.0
2014-12-07,86.019,0.0,5917570048.0,11511000.0,827334976.0,4504020.0
2014-12-08,85.792,0.0,5936659968.0,10542800.0,843480000.0,4048990.0
2014-12-09,86.223,0.0,5702790144.0,25268800.0,785676032.0,6294750.0
2014-12-10,85.3695,0.0,5607040000.0,40250900.0,820337984.0,7366100.0
2014-12-11,84.7499,0.0,5523359744.0,21030300.0,842318976.0,4465420.0
2014-12-12,84.6452,0.0,5630660096.0,38125100.0,864574016.0,5693840.0
2014-12-13,84.6426,0.0,5665059840.0,22329800.0,870006016.0,5340030.0
2014-12-14,84.201,0.0,5602390016.0,16109700.0,885121984.0,4465870.0
2014-12-15,84.2769,0.0,5673630208.0,15587600.0,892068992.0,3162130.0
2014-12-16,83.7002,0.0,5621689856.0,23971100.0,916323008.0,6693640.0
2014-12-17,79.8828,0.0,5571140096.0,44550300.0,1120760064.0,13678900.0
2014-12-18,78.2963,0.0,5562390016.0,50791200.0,1207239936.0,13259200.0
2014-12-19,76.9631,0.0,5507749888.0,51074500.0,1268819968.0,11917300.0
2014-12-20,79.2342,0.0,5461980160.0,39027900.0,1134230016.0,15253200.0
2014-12-21,78.4989,0.0,5721509888.0,30231100.0,1230189952.0,9398430.0
2014-12-22,78.1357,0.0,5601650176.0,21688600.0,1224760064.0,6538000.0
2014-12-23,77.4483,0.0,5845819904.0,31290500.0,1318329984.0,8972840.0
2014-12-24,78.8307,0.0,5785869824.0,24383700.0,1224829952.0,7820820.0
2014-12-25,78.6894,0.0,5588120064.0,21545400.0,1190860032.0,6459260.0
2014-12-26,78.2968,0.0,5563140096.0,14804100.0,1207379968.0,4939720.0
2014-12-27,78.0606,0.0,5728940032.0,23206100.0,1256899968.0,6769440.0
2014-12-28,78.1661,0.0,5523270144.0,20751100.0,1205939968.0,5647820.0
2014-12-29,77.9199,0.0,5569439744.0,16938000.0,1229740032.0,5367170.0
2014-12-30,77.4855,0.0,5514500096.0,17615200.0,1241560064.0,5515640.0
2014-12-31,77.4679,0.0,5485470208.0,18371600.0,1235990016.0,5545760.0
2015-01-01,78.1602,0.0,5604919808.0,19576000.0,1224099968.0,5862630.0
2015-01-02,78.2925,0.0,5486110208.0,11261100.0,1190899968.0,3322900.0
2015-01-03,78.7009,0.0,5472629760.0,12185000.0,1165619968.0,4342060.0
2015-01-04,79.0052,0.0,4869479936.0,44892800.0,1022339968.0,11460600.0
2015-01-05,79.8485,0.0,4544220160.0,67376800.0,915724992.0,12136600.0
2015-01-06,79.397,0.0,4735660032.0,60206700.0,975689984.0,16290200.0
2015-01-07,79.7746,0.0,4911450112.0,29736900.0,993363008.0,6489810.0
2015-01-08,80.1185,0.0,5029409792.0,31678400.0,999921024.0,6844860.0
2015-01-09,79.6844,0.0,4856070144.0,27683700.0,986540032.0,7585260.0
2015-01-10,79.8412,0.0,4985430016.0,25153700.0,1005000000.0,6435100.0
2015-01-11,80.5267,0.0,4675420160.0,22634000.0,910457024.0,6913800.0
2015-01-12,80.4224,0.0,4538500096.0,22555900.0,888529984.0,4359590.0
2015-01-13,80.506,0.0,4556230144.0,23171700.0,888192000.0,4498370.0
2015-01-14,80.0696,0.0,3836679936.0,83455000.0,764664000.0,11059400.0
2015-01-15,78.2659,0.0,3102020096.0,109935000.0,674195968.0,12920600.0
2015-01-16,78.6343,0.0,3650030080.0,91085200.0,779852992.0,9714310.0
2015-01-17,78.4906,0.0,3636019968.0,45393900.0,782086016.0,7072210.0
2015-01-18,78.7478,0.0,3489270016.0,26635400.0,741547008.0,3352390.0
2015-01-19,79.5132,0.0,3654000128.0,34893200.0,748585024.0,4700960.0
2015-01-20,79.529,0.0,3679040000.0,21610300.0,753137024.0,3089210.0
2015-01-21,79.3392,0.0,3662149888.0,27722500.0,756630016.0,3780330.0
2015-01-22,79.9237,0.0,3910629888.0,34168100.0,785110976.0,4153200.0
2015-01-23,80.0186,0.0,4013430016.0,37634800.0,801937024.0,4276820.0
2015-01-24,80.1769,0.0,3992389888.0,28075200.0,791416000.0,3528810.0
2015-01-25,80.7348,0.0,4215409920.0,32240500.0,812105984.0,7515980.0
2015-01-26,80.8437,0.0,4325199872.0,45632800.0,828548992.0,12010100.0
2015-01-27,82.3722,0.0,4564899840.0,123363000.0,804691008.0,16827700.0
2015-01-28,82.0895,0.0,4417200128.0,52121400.0,791142016.0,7747380.0
2015-01-29,81.3049,0.0,3952920064.0,51540300.0,739004992.0,7284760.0
2015-01-30,81.5125,0.0,3934299904.0,38162500.0,727355008.0,6076050.0
2015-01-31,81.3593,0.0,3835450112.0,30963400.0,714955008.0,4377900.0
2015-02-01,80.937,0.0,3693570048.0,26476200.0,704105024.0,3203020.0
2015-02-02,81.6829,0.0,3823330048.0,34635700.0,700323008.0,5590070.0
2015-02-03,82.6761,0.0,3961370112.0,35695800.0,686262016.0,5069050.0
2015-02-04,82.6905,0.0,3795719936.0,45923000.0,657019008.0,5248270.0
2015-02-05,82.4294,0.0,3811419904.0,32075800.0,669691008.0,5400510.0
2015-02-06,81.1693,0.0,3689019904.0,29451600.0,694665984.0,6971080.0
2015-02-07,80.7326,0.0,3807810048.0,29573900.0,733665024.0,5182920.0
2015-02-08,81.4279,0.0,3862210048.0,24302500.0,717294016.0,2684890.0
2015-02-09,81.2804,0.0,3796999936.0,20200700.0,710784000.0,3058300.0
2015-02-10,81.3925,0.0,3740120064.0,32644900.0,695942016.0,4769850.0
2015-02-11,81.6027,0.0,3722149888.0,25195900.0,684776000.0,4190890.0
2015-02-12,81.4463,0.0,3721459968.0,20785900.0,690467968.0,3528560.0
2015-02-13,81.4509,0.0,3768940032.0,18293900.0,699105024.0,3051500.0
2015-02-14,81.7663,0.0,3984780032.0,47792800.0,726572032.0,5061340.0
2015-02-15,82.6055,0.0,4313630208.0,54963600.0,750334976.0,5108520.0
2015-02-16,82.3908,0.0,3944910080.0,62543500.0,694665984.0,6106270.0
2015-02-17,82.3911,0.0,3922439936.0,30926600.0,690697984.0,2905910.0
2015-02-18,82.6677,0.0,4083889920.0,30396700.0,707833024.0,3096300.0
2015-02-19,82.5367,0.0,3967899904.0,27867800.0,692928000.0,2593020.0
2015-02-20,82.7457,0.0,4023399936.0,20216700.0,694209984.0,2205220.0
2015-02-21,83.1138,0.0,4065100032.0,26543200.0,686438976.0,3145820.0
2015-02-22,83.2885,0.0,4070799872.0,14517700.0,680291968.0,1893220.0
2015-02-23,83.0963,0.0,3938660096.0,22108300.0,665777984.0,2788660.0
2015-02-24,82.9171,0.0,3998409984.0,18952500.0,683044992.0,2604310.0
2015-02-25,82.7975,0.0,4003310080.0,16953200.0,688668992.0,2819710.0
2015-02-26,82.6624,0.0,3984920064.0,13936700.0,690888000.0,2472970.0
2015-02-27,82.7072,0.0,3968709888.0,16158900.0,686300992.0,2683640.0
2015-02-28,83.4142,0.0,4225679872.0,48276900.0,700864000.0,4263030.0
2015-03-01,83.7224,0.0,4218769920.0,16216700.0,686713024.0,2390920.0
2015-03-02,84.4319,0.0,4284320000.0,29280000.0,666988032.0,3940610.0
2015-03-03,85.0093,0.0,4496580096.0,45075800.0,674070016.0,4649470.0
2015-03-04,86.5682,0.0,4523729920.0,57888800.0,607619968.0,7427480.0
2015-03-05,86.4844,0.0,4385160192.0,47395900.0,592683008.0,6213660.0
2015-03-06,85.7138,0.0,4472050176.0,47097700.0,638888000.0,5985850.0
2015-03-07,85.9811,0.0,4405839872.0,32294900.0,617648000.0,3507850.0
2015-03-08,86.3264,0.0,4456050176.0,21263500.0,609304000.0,3093620.0
2015-03-09,86.7517,0.0,4409430016.0,24530800.0,584176000.0,2839910.0
2015-03-10,86.692,0.0,4655320064.0,65404600.0,619528000.0,6222370.0
2015-03-11,87.1164,0.0,4660469760.0,74987296.0,600435008.0,7345460.0
2015-03-12,87.191,0.0,4731319808.0,38805300.0,606035968.0,4603020.0
2015-03-13,87.0666,0.0,4707030016.0,36426000.0,608779008.0,3950040.0
2015-03-14,86.7545,0.0,4569759744.0,36117700.0,605289024.0,3660100.0
2015-03-15,86.3039,0.0,4545970176.0,24921400.0,622619008.0,3394160.0
2015-03-16,86.6289,0.0,4598640128.0,14282100.0,614886976.0,2408810.0
2015-03-17,86.6718,0.0,4676519936.0,24879400.0,623296000.0,3415370.0
2015-03-18,86.5796,0.0,4593500160.0,24798300.0,616465984.0,3376320.0
2015-03-19,85.8814,0.0,4157860096.0,63477900.0,587032000.0,6144330.0
2015-03-20,86.0674,0.0,4232209920.0,59475400.0,589657024.0,6781820.0
2015-03-21,86.0763,0.0,4243950080.0,20609900.0,590913984.0,2368950.0
2015-03-22,86.1119,0.0,4215350016.0,19979900.0,585433024.0,3080570.0
2015-03-23,86.339,0.0,4334410240.0,20822900.0,592123008.0,2421910.0
2015-03-24,86.2569,0.0,4318300160.0,25999300.0,593465984.0,3460230.0
2015-03-25,86.0886,0.0,4017900032.0,44666800.0,558947968.0,4104980.0
2015-03-26,86.3961,0.0,3985410048.0,40901000.0,542172032.0,5181390.0
2015-03-27,86.7453,0.0,4007340032.0,28990300.0,531161984.0,3475930.0
2015-03-28,86.5617,0.0,3991350016.0,19774800.0,536368992.0,2538080.0
2015-03-29,86.736,0.0,4077390080.0,17800000.0,540825984.0,1952770.0
2015-03-30,86.7014,0.0,3920940032.0,23473500.0,521430016.0,2522020.0
2015-03-31,87.0415,0.0,3980179968.0,26497300.0,515772000.0,3529550.0
2015-04-01,87.4547,0.0,3910710016.0,26604700.0,490609984.0,3707050.0
2015-04-02,87.5086,0.0,3955099904.0,25793300.0,494046016.0,3104020.0
2015-04-03,87.5212,0.0,4051520000.0,28773200.0,505579008.0,2710150.0
2015-04-04,86.9496,0.0,4098830080.0,25454200.0,534912992.0,2852820.0
2015-04-05,87.0088,0.0,4088610048.0,14203000.0,531158016.0,1898120.0
2015-04-06,87.3528,0.0,4185319936.0,21547100.0,529327008.0,2187000.0
2015-04-07,87.1897,0.0,4106459904.0,22670800.0,526048992.0,2539120.0
2015-04-08,86.8973,0.0,4085720064.0,21428600.0,535337984.0,3259400.0
2015-04-09,86.4949,0.0,3970779904.0,33278300.0,536256000.0,3369500.0
2015-04-10,86.8897,0.0,3936600064.0,25017400.0,516100000.0,3466430.0
2015-04-11,86.9448,0.0,3811180032.0,32473800.0,497558016.0,3712650.0
2015-04-12,87.2138,0.0,3808730112.0,18823900.0,486992992.0,2566570.0
2015-04-13,86.9669,0.0,3810959872.0,14017300.0,496686016.0,1713910.0
2015-04-14,86.948,0.0,3632009984.0,34165700.0,474048992.0,2946850.0
2015-04-15,86.7416,0.0,3549499904.0,34897800.0,470606016.0,3320480.0
2015-04-16,87.1042,0.0,3613659904.0,25083100.0,466008992.0,2548070.0
2015-04-17,87.1243,0.0,3688880128.0,27154900.0,474969984.0,2545060.0
2015-04-18,86.9175,0.0,3605910016.0,22727000.0,471740992.0,2459850.0
2015-04-19,87.044,0.0,3611340032.0,14419200.0,467884000.0,1521620.0
2015-04-20,87.1311,0.0,3595040000.0,16810800.0,462643008.0,1847110.0
2015-04-21,87.1717,0.0,3626769920.0,20465100.0,465254016.0,2489040.0
2015-04-22,87.5091,0.0,3790449920.0,28396100.0,473460000.0,2818050.0
2015-04-23,87.3824,0.0,3772000000.0,26240100.0,475935008.0,2829380.0
2015-04-24,87.3964,0.0,3803170048.0,19343500.0,479336992.0,2398450.0
2015-04-25,87.2491,0.0,3733959936.0,23569900.0,476115008.0,2325530.0
2015-04-26,86.9597,0.0,3669280000.0,15713600.0,478484992.0,1851900.0
2015-04-27,87.2604,0.0,3544800000.0,31099500.0,451592000.0,2545260.0
2015-04-28,87.5333,0.0,3688280064.0,41452100.0,459806016.0,3098070.0
2015-04-29,87.6194,0.0,3631269888.0,23510400.0,449572000.0,2428170.0
2015-04-30,87.4562,0.0,3640519936.0,21317700.0,456659008.0,2614280.0
2015-05-01,87.5968,0.0,3800580096.0,37512600.0,471395008.0,3512660.0
2015-05-02,87.5709,0.0,3744709888.0,21472100.0,465433984.0,2666950.0
2015-05-03,87.6585,0.0,3782840064.0,13931200.0,466859008.0,1555730.0
2015-05-04,87.8449,0.0,3863780096.0,21220800.0,469647008.0,2757730.0
2015-05-05,87.8306,0.0,3841090048.0,23638200.0,467436000.0,2542320.0
2015-05-06,87.8959,0.0,3797440000.0,26217400.0,459644992.0,2327140.0
2015-05-07,87.7281,0.0,3699680000.0,31753900.0,454022016.0,2243490.0
2015-05-08,88.1425,0.0,3804160000.0,33579600.0,451076992.0,4573460.0
2015-05-09,88.3334,0.0,3902020096.0,29659600.0,455232000.0,2429150.0
2015-05-10,88.2852,0.0,3872379904.0,21807400.0,453639008.0,2093900.0
2015-05-11,88.4261,0.0,3844209920.0,17203200.0,444924992.0,2237620.0
2015-05-12,88.4504,0.0,3873750016.0,22752000.0,447403008.0,2010360.0
2015-05-13,88.3815,0.0,3865840128.0,22206500.0,449152000.0,3046880.0
2015-05-14,88.4672,0.0,3780239872.0,30714400.0,435967008.0,3742690.0
2015-05-15,88.5919,0.0,3787790080.0,26736600.0,432113984.0,2583740.0
2015-05-16,88.5051,0.0,3803510016.0,17923800.0,437208992.0,1808310.0
2015-05-17,88.5622,0.0,3775810048.0,12506700.0,431868000.0,1544560.0
2015-05-18,88.7994,0.0,3780859904.0,12616900.0,423478016.0,1484100.0
2015-05-19,89.0756,0.0,3708819968.0,19467200.0,405166016.0,2768660.0
2015-05-20,88.2387,0.0,3726419968.0,17662400.0,438275008.0,3514120.0
2015-05-21,88.1196,0.0,3766640128.0,18036000.0,447492992.0,2648010.0
2015-05-22,88.1121,0.0,3788989952.0,22028500.0,450430016.0,7004610.0
2015-05-23,87.7586,0.0,3885469952.0,37984400.0,475636992.0,11084900.0
2015-05-24,87.6322,0.0,3870619904.0,23550700.0,478708992.0,9131000.0
2015-05-25,87.5812,0.0,3905489920.0,18456300.0,485016992.0,7059140.0
2015-05-26,87.3828,0.0,3853210112.0,22505200.0,486167008.0,8245000.0
2015-05-27,87.4226,0.0,3851800064.0,24847400.0,484456000.0,8584110.0
2015-05-28,87.1328,0.0,3868679936.0,28359500.0,497788992.0,9705200.0
2015-05-29,86.3134,0.0,3908290048.0,24622100.0,534910016.0,11089000.0
2015-05-30,85.4116,0.0,3945880064.0,25803200.0,575640000.0,11251600.0
2015-05-31,85.9655,0.0,3855950080.0,22109600.0,541163008.0,8081280.0
2015-06-01,86.1687,0.0,3799950080.0,22144800.0,525583008.0,7531110.0
2015-06-02,86.5104,0.0,3665149952.0,33737000.0,494416000.0,7852090.0
2015-06-03,86.0817,0.0,3731350016.0,27931200.0,519340992.0,7659060.0
2015-06-04,86.1102,0.0,3731640064.0,24032900.0,518316992.0,6387140.0
2015-06-05,86.1319,0.0,3704880128.0,20306100.0,513795008.0,5725490.0
2015-06-06,85.9289,0.0,3728630016.0,24551300.0,524659008.0,6506600.0
2015-06-07,85.9676,0.0,3737920000.0,16506700.0,524520992.0,5476160.0
2015-06-08,85.9558,0.0,3694360064.0,18779300.0,518843008.0,5560870.0
2015-06-09,86.141,0.0,3781070080.0,29487500.0,524016000.0,6238020.0
2015-06-10,86.1254,0.0,3790309888.0,34299400.0,525889984.0,6130210.0
2015-06-11,86.1311,0.0,3788859904.0,21925700.0,525472000.0,6144960.0
2015-06-12,86.1441,0.0,3803269888.0,20929300.0,526977984.0,6373320.0
2015-06-13,86.246,0.0,3803279872.0,19671900.0,523102016.0,5843070.0
2015-06-14,86.106,0.0,3852320000.0,20494400.0,535241984.0,7273370.0
2015-06-15,85.9146,0.0,3878190080.0,21100900.0,546257984.0,8844250.0
2015-06-16,85.6841,0.0,3945309952.0,27361300.0,564804992.0,7429580.0
2015-06-17,84.6983,0.0,4229080064.0,59972500.0,647123008.0,18443100.0
2015-06-18,84.4618,0.0,4218490112.0,66409600.0,655478016.0,22586200.0
2015-06-19,83.7224,0.0,4250350080.0,46459400.0,691854016.0,15549800.0
2015-06-20,83.1847,0.0,4201390080.0,39030100.0,706476992.0,15155700.0
2015-06-21,83.1846,0.0,4212169984.0,29217100.0,708294016.0,8747360.0
2015-06-22,83.6552,0.0,4170050048.0,31256000.0,681587968.0,20649800.0
2015-06-23,83.4926,0.0,4229949952.0,38067900.0,698254976.0,20515400.0
2015-06-24,83.5654,0.0,4182030080.0,22359700.0,687299008.0,7456170.0
2015-06-25,83.4738,0.0,4120590080.0,26994500.0,680974976.0,9688860.0
2015-06-26,83.3875,0.0,4164389888.0,24965200.0,691806976.0,8980350.0
2015-06-27,83.2903,0.0,4186629888.0,20545700.0,699571968.0,6714060.0
2015-06-28,83.3118,0.0,4313789952.0,30521900.0,719892992.0,10125000.0
2015-06-29,83.1461,0.0,4284969984.0,22173600.0,722182976.0,7147860.0
2015-06-30,82.687,0.0,4453899776.0,53162000.0,771105024.0,18487900.0
2015-07-01,83.0987,0.0,4541760000.0,67593904.0,767617024.0,23107100.0
2015-07-02,83.1384,0.0,4458010112.0,39329200.0,751691008.0,12517700.0
2015-07-03,82.9747,0.0,4414560256.0,32154900.0,751590976.0,10732400.0
2015-07-04,82.9415,0.0,4435420160.0,27245400.0,756616000.0,8219960.0
2015-07-05,83.3068,0.0,4491429888.0,23355500.0,749763968.0,7860200.0
2015-07-06,83.5701,0.0,4655300096.0,63410500.0,764862016.0,19219300.0
2015-07-07,83.2741,0.0,4653579776.0,80044800.0,778353984.0,30382700.0
2015-07-08,83.367,0.0,4580910080.0,48125600.0,761940992.0,19724000.0
2015-07-09,82.8417,0.0,4695249920.0,66350500.0,805625984.0,29253200.0
2015-07-10,81.961,0.0,4717510144.0,93158800.0,850993024.0,53153600.0
2015-07-11,85.0255,0.0,4814439936.0,177252000.0,720937984.0,77074496.0
2015-07-12,85.574,0.0,4923550208.0,67371800.0,710270016.0,26366400.0
2015-07-13,85.4668,0.0,5228389888.0,81847400.0,759851008.0,25523200.0
2015-07-14,85.2999,0.0,4923160064.0,83701600.0,723708992.0,21769800.0
2015-07-15,85.1855,0.0,4863649792.0,39729100.0,720524032.0,10976100.0
2015-07-16,85.6246,0.0,4806340096.0,39779500.0,690931968.0,12395900.0
2015-07-17,86.1543,0.0,4645089792.0,72177600.0,643147008.0,22695000.0
2015-07-18,86.1019,0.0,4669830144.0,40065200.0,649017984.0,12507200.0
2015-07-19,85.7463,0.0,4613770240.0,36665900.0,657630976.0,11612900.0
2015-07-20,85.9072,0.0,4585099776.0,22514800.0,646169024.0,7309180.0
2015-07-21,86.0155,0.0,4670720000.0,29697500.0,653177984.0,7200780.0
2015-07-22,86.1669,0.0,4609610240.0,30531400.0,637652992.0,7610950.0
2015-07-23,86.2351,0.0,4635339776.0,25265500.0,638051968.0,5959560.0
2015-07-24,86.2755,0.0,4611959808.0,22932100.0,632969984.0,4560060.0
2015-07-25,85.8868,0.0,4838349824.0,55316500.0,682848000.0,18201500.0
2015-07-26,85.764,0.0,4854569984.0,33663100.0,691099008.0,13092200.0
2015-07-27,85.7425,0.0,4924290048.0,26609600.0,702081024.0,10754800.0
2015-07-28,85.551,0.0,4953370112.0,38978400.0,715713024.0,8390230.0
2015-07-29,85.3839,0.0,4978610176.0,39227400.0,727676992.0,13961500.0
2015-07-30,85.3625,0.0,4890149888.0,33942500.0,715795968.0,9547370.0
2015-07-31,85.518,0.0,4858630144.0,29693800.0,703628032.0,8117260.0
2015-08-01,85.3977,0.0,4815830016.0,30379300.0,703222976.0,6950280.0
2015-08-02,85.8252,0.0,4721769984.0,27296200.0,669300992.0,8285620.0
2015-08-03,85.8948,0.0,4758850048.0,26412300.0,671246016.0,8783160.0
2015-08-04,85.8478,0.0,4736130048.0,29195500.0,670267008.0,7761700.0
2015-08-05,85.8267,0.0,4799430144.0,27792800.0,680238976.0,6080640.0
2015-08-06,85.7684,0.0,4754200064.0,24460700.0,676601024.0,4552570.0
2015-08-07,86.022,0.0,4688130048.0,25029900.0,655307008.0,6151500.0
2015-08-08,82.9267,0.0,4881739776.0,69909696.0,833475968.0,27377700.0
2015-08-09,84.623,0.0,4466599936.0,93907600.0,686830016.0,35611500.0
2015-08-10,84.5616,0.0,4545619968.0,29089400.0,701769984.0,5726440.0
2015-08-11,84.5176,0.0,4529820160.0,25435900.0,701324992.0,4746980.0
2015-08-12,84.3163,0.0,4649419776.0,31978000.0,729201984.0,6733030.0
2015-08-13,84.2699,0.0,4577070080.0,34352500.0,719980032.0,7614140.0
2015-08-14,83.6964,0.0,4574080000.0,35883900.0,745739008.0,8313390.0
2015-08-15,83.5285,0.0,4608640000.0,36489000.0,759110976.0,9638030.0
2015-08-16,83.5452,0.0,4545229824.0,25636600.0,747908992.0,6120140.0
2015-08-17,83.5916,0.0,4485210112.0,38239900.0,735950976.0,8649540.0
2015-08-18,83.7576,0.0,4467680256.0,27536200.0,725660032.0,6052410.0
2015-08-19,83.5251,0.0,3920809984.0,53813000.0,645950016.0,7581050.0
2015-08-20,83.1587,0.0,3960580096.0,69868704.0,667011968.0,9953820.0
2015-08-21,83.0038,0.0,4116910080.0,40046300.0,699718016.0,7900770.0
2015-08-22,83.0106,0.0,4070629888.0,29442300.0,691576000.0,6307860.0
2015-08-23,83.1653,0.0,4024219904.0,28689500.0,677465984.0,5474630.0
2015-08-24,83.3122,0.0,3978579968.0,24144300.0,663937024.0,5750050.0
2015-08-25,83.0731,0.0,3675379968.0,70485296.0,622129984.0,11365000.0
2015-08-26,84.084,0.0,3839660032.0,77395696.0,611121984.0,16452700.0
2015-08-27,83.9315,0.0,3916559872.0,39820400.0,629331008.0,8251950.0
2015-08-28,83.942,0.0,3893609984.0,26969400.0,625236992.0,5190890.0
2015-08-29,84.177,0.0,4002129920.0,39206200.0,633257024.0,7754010.0
2015-08-30,83.8964,0.0,3987940096.0,22152500.0,642198976.0,4854310.0
2015-08-31,83.4689,0.0,3995770112.0,24912900.0,660542016.0,5544000.0
2015-09-01,83.5973,0.0,4010599936.0,26871000.0,657846976.0,6392690.0
2015-09-02,83.5777,0.0,3973760000.0,25291700.0,652584000.0,4787050.0
2015-09-03,83.8367,0.0,3985110016.0,25156600.0,644124032.0,6390560.0
2015-09-04,84.1567,0.0,3934429952.0,21571600.0,623345024.0,4158960.0
2015-09-05,84.2687,0.0,3981860096.0,21424400.0,626398016.0,2844880.0
2015-09-06,83.7488,0.0,4088920064.0,23573600.0,664497984.0,5280440.0
2015-09-07,83.9166,0.0,4169760000.0,31881900.0,670640000.0,8087730.0
2015-09-08,83.9733,0.0,4166500096.0,24270700.0,667753024.0,5567620.0
2015-09-09,84.256,0.0,4215300096.0,30382400.0,663657984.0,5770310.0
2015-09-10,84.2607,0.0,4128160000.0,27144500.0,649742976.0,5775660.0
2015-09-11,84.3003,0.0,4127280128.0,24373800.0,647971968.0,4984910.0
2015-09-12,84.1529,0.0,4162089984.0,22597100.0,659569984.0,5724250.0
2015-09-13,84.1941,0.0,4081039872.0,22348700.0,645044992.0,4427910.0
2015-09-14,83.9368,0.0,4013959936.0,20265100.0,644771008.0,3735000.0
2015-09-15,84.7625,0.0,3973880064.0,23575600.0,605518016.0,4802430.0
2015-09-16,84.4054,0.0,3987589888.0,21787800.0,621849984.0,4853870.0
2015-09-17,84.6486,0.0,3956819968.0,22928900.0,607425984.0,4975590.0
2015-09-18,84.5967,0.0,3972080128.0,24634700.0,611830016.0,5699340.0
2015-09-19,84.5815,0.0,4027340032.0,22983600.0,620958016.0,5082640.0
2015-09-20,84.6141,0.0,4001420032.0,16163300.0,615654976.0,3929260.0
2015-09-21,84.3822,0.0,4010129920.0,16266200.0,626291968.0,4247970.0
2015-09-22,84.5407,0.0,3929969920.0,22483200.0,607545024.0,4791460.0
2015-09-23,84.7965,0.0,3987660032.0,28336200.0,606262016.0,5124140.0
2015-09-24,85.1107,0.0,3964069888.0,19722700.0,590220032.0,4548630.0
2015-09-25,85.3468,0.0,4022759936.0,28079900.0,589464000.0,4967990.0
2015-09-26,85.5678,0.0,4025730048.0,24482000.0,580998976.0,4380400.0
2015-09-27,85.5565,0.0,4011229952.0,15487200.0,579363008.0,2199840.0
2015-09-28,85.6082,0.0,3987500032.0,13780600.0,573873984.0,1829690.0
2015-09-29,86.0597,0.0,4072859904.0,29975000.0,567769024.0,7205340.0
2015-09-30,86.5062,0.0,4012750080.0,27903700.0,541470976.0,7376410.0
2015-10-01,86.3798,0.0,4008809984.0,22585300.0,546008000.0,5157470.0
2015-10-02,86.5705,0.0,4022370048.0,21767900.0,540182976.0,3514830.0
2015-10-03,86.3611,0.0,4032019968.0,19871200.0,549921984.0,2704140.0
2015-10-04,86.5878,0.0,4044979968.0,16422400.0,542518976.0,2360860.0
2015-10-05,86.8775,0.0,4026060032.0,13181100.0,528320000.0,1824480.0
2015-10-06,87.2285,0.0,4048250112.0,23867000.0,517023008.0,2731140.0
2015-10-07,86.9958,0.0,4158129920.0,28608400.0,540732992.0,3245010.0
2015-10-08,86.981,0.0,4107480064.0,23306200.0,534755008.0,2739440.0
2015-10-09,87.2403,0.0,4086520064.0,20221500.0,521425984.0,4267700.0
2015-10-10,87.2527,0.0,4107749888.0,19572700.0,523628992.0,4301880.0
2015-10-11,87.2768,0.0,4124620032.0,16931700.0,524782016.0,3427860.0
2015-10-12,87.2254,0.0,4164049920.0,17629500.0,531939008.0,3126900.0
2015-10-13,87.0663,0.0,4144359936.0,19158600.0,536016992.0,4050450.0
2015-10-14,87.358,0.0,4203810048.0,30873000.0,531444000.0,4853000.0
2015-10-15,87.6419,0.0,4235190016.0,30856500.0,523391008.0,5616460.0
2015-10-16,87.7365,0.0,4268559872.0,27449100.0,523476992.0,4917200.0
2015-10-17,88.0761,0.0,4394480128.0,38704200.0,523993984.0,4445600.0
2015-10-18,88.5265,0.0,4508950016.0,46482800.0,517332992.0,5331660.0
2015-10-19,88.5156,0.0,4359989760.0,23397700.0,500720000.0,3181870.0
2015-10-20,88.5804,0.0,4386489856.0,26890500.0,500920992.0,3893640.0
2015-10-21,89.0639,0.0,4458570240.0,32498100.0,487595008.0,4150970.0
2015-10-22,88.9777,0.0,4417390080.0,27085700.0,486897984.0,3857100.0
2015-10-23,88.9791,0.0,4537030144.0,40297400.0,500019008.0,4716600.0
2015-10-24,89.1879,0.0,4574770176.0,31131400.0,494631008.0,4249850.0
2015-10-25,89.3194,0.0,4650840064.0,26535800.0,496740000.0,2880230.0
2015-10-26,89.4244,0.0,4682630144.0,48452100.0,495215008.0,4432050.0
2015-10-27,89.2685,0.0,4717790208.0,34031200.0,506291008.0,4531340.0
2015-10-28,89.2533,0.0,4860810240.0,49622300.0,522379008.0,5447160.0
2015-10-29,89.3168,0.0,5034200064.0,55033900.0,537811008.0,6409460.0
2015-10-30,88.592,0.0,5237139968.0,80225400.0,597451008.0,17759700.0
2015-10-31,88.8237,0.0,5467469824.0,96448600.0,611060992.0,19534600.0
2015-11-01,89.0134,0.0,5232799744.0,55306600.0,574905984.0,8457530.0
2015-11-02,88.8376,0.0,5426579968.0,41706800.0,605737024.0,6704530.0
2015-11-03,89.5088,0.0,5981170176.0,112804000.0,627497984.0,11431500.0
2015-11-04,90.1134,0.0,6628879872.0,232539008.0,655371008.0,26376300.0
2015-11-05,90.8933,0.0,6645600256.0,294500992.0,605196032.0,33217000.0
2015-11-06,90.937,0.0,6317910016.0,168595008.0,572593024.0,18902200.0
2015-11-07,90.8614,0.0,6100149760.0,132852000.0,557465984.0,13650500.0
2015-11-08,90.9329,0.0,6259979776.0,58278300.0,567596032.0,6587180.0
2015-11-09,90.8479,0.0,6104970240.0,52651600.0,558729984.0,5600380.0
2015-11-10,91.1301,0.0,6179639808.0,73196200.0,548128000.0,9103890.0
2015-11-11,90.7343,0.0,5551929856.0,103802000.0,514423008.0,9299220.0
2015-11-12,90.5162,0.0,5145200128.0,113925000.0,487960000.0,7752700.0
2015-11-13,90.4955,0.0,5548009984.0,83156600.0,527310016.0,7247740.0
2015-11-14,90.5515,0.0,5515360256.0,52129700.0,521118016.0,4725620.0
2015-11-15,90.6112,0.0,5454530048.0,37851900.0,512116000.0,2738070.0
2015-11-16,90.4818,0.0,5245329920.0,44520900.0,499263008.0,3519490.0
2015-11-17,90.5514,0.0,5417099776.0,48405900.0,511838016.0,3893020.0
2015-11-18,90.5553,0.0,5487609856.0,52312900.0,518288000.0,4770720.0
2015-11-19,90.5536,0.0,5490540032.0,42880300.0,518656992.0,3509920.0
2015-11-20,90.482,0.0,5360370176.0,45483300.0,510200000.0,4767590.0
2015-11-21,90.446,0.0,5293040128.0,54581700.0,505696992.0,4336510.0
2015-11-22,90.4862,0.0,5372469760.0,27635800.0,511126016.0,3260320.0
2015-11-23,90.4481,0.0,5333120000.0,21743400.0,509416992.0,2515280.0
2015-11-24,90.4555,0.0,5312180224.0,26647200.0,507023008.0,3551370.0
2015-11-25,90.4899,0.0,5262720000.0,28142200.0,500491008.0,3343390.0
2015-11-26,90.4547,0.0,5401959936.0,43968100.0,515633984.0,5675190.0
2015-11-27,90.8003,0.0,5769249792.0,115671000.0,530752000.0,12861100.0
2015-11-28,90.9947,0.0,5844630016.0,56727600.0,526326016.0,5340110.0
2015-11-29,90.9491,0.0,5854490112.0,36078900.0,529886016.0,3850890.0
2015-11-30,91.1202,0.0,6073299968.0,41063000.0,539294016.0,4934350.0
2015-12-01,91.3085,0.0,6159980032.0,74521000.0,535396992.0,6533610.0
2015-12-02,91.2328,0.0,5912419840.0,62714400.0,518352992.0,5676460.0
2015-12-03,91.2526,0.0,5871660032.0,56597100.0,513617984.0,6188480.0
2015-12-04,91.205,0.0,5907700224.0,51334900.0,519580992.0,4086990.0
2015-12-05,90.9492,0.0,5966159872.0,35243300.0,539984000.0,3804160.0
2015-12-06,91.0213,0.0,6386740224.0,67458000.0,573448000.0,4973560.0
2015-12-07,91.1175,0.0,6388610048.0,83270800.0,567465024.0,7051130.0
2015-12-08,91.0109,0.0,6492429824.0,65644700.0,583612992.0,6766800.0
2015-12-09,90.7041,0.0,6823969792.0,62346300.0,634348992.0,7502240.0
2015-12-10,90.0687,0.0,6932890112.0,104531000.0,688521984.0,14678900.0
2015-12-11,90.0318,0.0,6893280256.0,55890600.0,687137984.0,8849940.0
2015-12-12,90.4647,0.0,7474440192.0,118134000.0,712713984.0,11653800.0
2015-12-13,90.1797,0.0,7157300224.0,138726000.0,702867008.0,11101700.0
2015-12-14,90.0916,0.0,7192759808.0,58649500.0,712688000.0,6771560.0
2015-12-15,90.7813,0.0,7315210240.0,137050000.0,674364032.0,8360160.0
2015-12-16,91.3485,0.0,7621470208.0,91852304.0,659372992.0,12936500.0
2015-12-17,91.3044,0.0,7456220160.0,110348000.0,648363008.0,7325100.0
2015-12-18,91.3388,0.0,7472880128.0,47206700.0,647238976.0,4939040.0
2015-12-19,91.6046,0.0,7579259904.0,59986400.0,636307008.0,5290260.0
2015-12-20,91.6443,0.0,7556420096.0,45570000.0,631393024.0,3475810.0
2015-12-21,91.5345,0.0,7250030080.0,76729400.0,613747968.0,5549170.0
2015-12-22,91.449,0.0,7170070016.0,82111296.0,613116032.0,7645700.0
2015-12-23,91.5418,0.0,7152860160.0,50818200.0,605004032.0,4728670.0
2015-12-24,91.6158,0.0,7253250048.0,47147800.0,608126016.0,5176520.0
2015-12-25,91.7459,0.0,7436980224.0,57357300.0,613856000.0,5040170.0
2015-12-26,91.5155,0.0,7472489984.0,38273300.0,634006016.0,4899440.0
2015-12-27,91.2341,0.0,6852080128.0,120821000.0,600643008.0,7196700.0
2015-12-28,91.2203,0.0,6967860224.0,52886000.0,611756032.0,4161630.0
2015-12-29,91.1471,0.0,6954710016.0,50615300.0,615696000.0,3838180.0
2015-12-30,91.3355,0.0,7126430208.0,50926700.0,617468032.0,4224960.0
2015-12-31,91.1913,0.0,7017319936.0,47689200.0,618136000.0,4167170.0
2016-01-01,91.2983,0.0,7090529792.0,47060200.0,616995008.0,4310330.0
2016-01-02,91.3457,0.0,7152640000.0,37064800.0,619011008.0,4071150.0
2016-01-03,91.3098,0.0,7139970048.0,30737500.0,620478016.0,3901870.0
2016-01-04,91.2552,0.0,7088010240.0,39163500.0,619833024.0,2728000.0
2016-01-05,91.3361,0.0,7133420032.0,41151700.0,618035008.0,5937510.0
2016-01-06,91.3434,0.0,7114720256.0,34198900.0,615891008.0,2989220.0
2016-01-07,91.3112,0.0,7088480256.0,35064800.0,615902976.0,3727840.0
2016-01-08,91.6847,0.0,7513359872.0,91408896.0,624756992.0,7534640.0
2016-01-09,91.5863,0.0,7455269888.0,62028400.0,627265024.0,8968330.0
2016-01-10,91.4401,0.0,7384300032.0,37946900.0,632088000.0,8816810.0
2016-01-11,91.4761,0.0,7391110144.0,37731900.0,630014016.0,4790700.0
2016-01-12,91.41,0.0,7390029824.0,45089900.0,634804992.0,8037770.0
2016-01-13,90.9971,0.0,7201710080.0,70394400.0,648361024.0,28109800.0
2016-01-14,90.9434,0.0,7168320000.0,65190200.0,649206976.0,13148600.0
2016-01-15,90.9427,0.0,7136220160.0,40366300.0,646352000.0,9178050.0
2016-01-16,90.2942,0.0,6099829760.0,153138000.0,592038016.0,15391400.0
2016-01-17,90.6164,0.0,6447260160.0,112633000.0,604987008.0,13382500.0
2016-01-18,90.3035,0.0,6380640256.0,48622700.0,618700992.0,7560710.0
2016-01-19,90.2884,0.0,6472050176.0,54941000.0,628542016.0,10671700.0
2016-01-20,90.2944,0.0,6351179776.0,47133700.0,616419968.0,7493390.0
2016-01-21,90.5216,0.0,7002529792.0,122696000.0,663724992.0,12982500.0
2016-01-22,90.3852,0.0,6849509888.0,70344000.0,658569984.0,17281000.0
2016-01-23,89.9958,0.0,6422389760.0,102174000.0,642505984.0,23515900.0
2016-01-24,89.6855,0.0,6542080000.0,70185200.0,674782016.0,22947600.0
2016-01-25,89.6178,0.0,6788720128.0,69084304.0,704820992.0,17661200.0
2016-01-26,89.0505,0.0,6658599936.0,96335200.0,729081024.0,41466000.0
2016-01-27,88.574,0.0,6703750144.0,110814000.0,765969024.0,55975500.0
2016-01-28,87.4549,0.0,6838009856.0,90280600.0,857832000.0,47789200.0
2016-01-29,87.5791,0.0,6570030080.0,87109104.0,816057984.0,32600600.0
2016-01-30,87.4555,0.0,6559640064.0,103727000.0,822876032.0,22417100.0
2016-01-31,87.777,0.0,6527759872.0,44222900.0,797884992.0,16096500.0
2016-02-01,87.8247,0.0,6371879936.0,53740800.0,775798016.0,18111200.0
2016-02-02,87.94,0.0,6426749952.0,64514700.0,775065024.0,16354900.0
2016-02-03,87.7052,0.0,6475709952.0,49254300.0,796177984.0,12652200.0
2016-02-04,87.404,0.0,6422340096.0,50631300.0,808961024.0,11297900.0
2016-02-05,87.6475,0.0,6730319872.0,73667904.0,831360000.0,11507100.0
2016-02-06,87.4062,0.0,6710900224.0,48827400.0,845160000.0,10654000.0
2016-02-07,86.8762,0.0,6578050048.0,56600100.0,863289984.0,11559300.0
2016-02-08,86.3002,0.0,6628140032.0,47838000.0,908040000.0,14657800.0
2016-02-09,86.1675,0.0,6581219840.0,58552900.0,910345984.0,13452700.0
2016-02-10,85.4907,0.0,6683630080.0,74494096.0,969750016.0,22486900.0
2016-02-11,85.093,0.0,6823249920.0,116720000.0,1017150016.0,36271700.0
2016-02-12,83.6097,0.0,6902349824.0,106048000.0,1131320064.0,36521100.0
2016-02-13,83.688,0.0,6987840000.0,96979104.0,1139859968.0,35236000.0
2016-02-14,84.0898,0.0,7106189824.0,87173200.0,1130610048.0,31771400.0
2016-02-15,84.3353,0.0,7351439872.0,79079600.0,1151580032.0,19965200.0
2016-02-16,84.1217,0.0,7260959744.0,86275904.0,1152920064.0,21703300.0
2016-02-17,85.2714,0.0,7275769856.0,91191696.0,1071619968.0,27847300.0
2016-02-18,86.206,0.0,7356140032.0,102208000.0,1014700032.0,27644300.0
2016-02-19,85.8914,0.0,7494329856.0,95036600.0,1057350016.0,26956800.0
2016-02-20,85.4196,0.0,7517369856.0,62951000.0,1096060032.0,17695800.0
2016-02-21,86.0785,0.0,7747879936.0,97162704.0,1078620032.0,18435500.0
2016-02-22,85.8808,0.0,7788939776.0,89616000.0,1099730048.0,15619500.0
2016-02-23,84.9977,0.0,7858339840.0,82108096.0,1178930048.0,22883700.0
2016-02-24,84.7151,0.0,7575020032.0,97129104.0,1157830016.0,22171500.0
2016-02-25,84.2308,0.0,7693910016.0,77926496.0,1213260032.0,19116400.0
2016-02-26,84.3755,0.0,7675299840.0,90614400.0,1199219968.0,29108900.0
2016-02-27,84.6437,0.0,7800710144.0,70127504.0,1197900032.0,17071600.0
2016-02-28,84.2356,0.0,7835530240.0,58051500.0,1235219968.0,16719000.0
2016-02-29,84.2106,0.0,7855280128.0,75463104.0,1240310016.0,22427800.0
2016-03-01,84.4796,0.0,7912920064.0,76127296.0,1228109952.0,15502700.0
2016-03-02,83.3718,0.0,7968889856.0,105433000.0,1325080064.0,30591000.0
2016-03-03,82.3854,0.0,7858379776.0,111511000.0,1384230016.0,36122100.0
2016-03-04,81.493,0.0,7907299840.0,150828000.0,1463410048.0,50756200.0
2016-03-05,80.1981,0.0,7826379776.0,134812000.0,1549769984.0,43823100.0
2016-03-06,79.2562,0.0,7723570176.0,204124000.0,1602160000.0,68582600.0
2016-03-07,79.2052,0.0,7869969920.0,149012000.0,1636540032.0,58011000.0
2016-03-08,80.7549,0.0,7847649792.0,132986000.0,1510290048.0,47326800.0
2016-03-09,80.3708,0.0,7876279808.0,107954000.0,1546060032.0,37944900.0
2016-03-10,78.7007,0.0,8062139904.0,119325000.0,1717170048.0,49396000.0
2016-03-11,79.1279,0.0,8068890112.0,127812000.0,1684150016.0,46628400.0
2016-03-12,79.0796,0.0,8160450048.0,113189000.0,1707200000.0,39425700.0
2016-03-13,76.8916,0.0,8196380160.0,154112000.0,1894050048.0,61409700.0
2016-03-14,76.4155,0.0,8300389888.0,129645000.0,1957609984.0,55108700.0
2016-03-15,77.7266,0.0,8205510144.0,167440000.0,1827640064.0,71585800.0
2016-03-16,77.7438,0.0,8215699968.0,104266000.0,1828499968.0,37815100.0
2016-03-17,78.1268,0.0,8197100032.0,99921400.0,1792969984.0,34726100.0
2016-03-18,79.2972,0.0,8129330176.0,141106000.0,1683000064.0,57521900.0
2016-03-19,79.0768,0.0,7935050240.0,172844992.0,1660259968.0,67056400.0
2016-03-20,79.529,0.0,7913610240.0,91831104.0,1620000000.0,34125000.0
2016-03-21,79.8963,0.0,7937010176.0,70507504.0,1595629952.0,24679500.0
2016-03-22,78.56,0.0,8068259840.0,97353904.0,1729830016.0,35728600.0
2016-03-23,79.0856,0.0,8114160128.0,87202704.0,1697030016.0,27659800.0
2016-03-24,78.018,0.0,8232370176.0,84733200.0,1809639936.0,29194200.0
2016-03-25,78.7896,0.0,8116360192.0,96951104.0,1721510016.0,35761500.0
2016-03-26,79.1395,0.0,8098990080.0,67491696.0,1689490048.0,22002000.0
2016-03-27,79.0147,0.0,8128909824.0,54728400.0,1705869952.0,17458500.0
2016-03-28,79.8734,0.0,8205109760.0,92000704.0,1651410048.0,27903300.0
2016-03-29,78.9231,0.0,8262490112.0,94208000.0,1741479936.0,33047200.0
2016-03-30,78.7193,0.0,8140120064.0,95844400.0,1732280064.0,27447800.0
2016-03-31,78.5886,0.0,8124769792.0,87291600.0,1739629952.0,28295600.0
2016-04-01,79.0188,0.0,8111410176.0,75749200.0,1701869952.0,22939000.0
2016-04-02,78.909,0.0,8157120000.0,64678400.0,1720419968.0,20322700.0
2016-04-03,78.9177,0.0,8211680256.0,54137000.0,1731209984.0,15925200.0
2016-04-04,78.7772,0.0,8230689792.0,42638900.0,1746780032.0,11377800.0
2016-04-05,79.1181,0.0,8200269824.0,67338800.0,1712370048.0,16704400.0
2016-04-06,79.9168,0.0,8175079936.0,83781800.0,1641820032.0,27090200.0
2016-04-07,79.7055,0.0,8185979904.0,75903904.0,1661299968.0,23617000.0
2016-04-08,80.4532,0.0,8098109952.0,70762400.0,1582919936.0,20195100.0
2016-04-09,80.7266,0.0,8032560128.0,79017400.0,1548150016.0,22431000.0
2016-04-10,81.3827,0.0,7946809856.0,66084000.0,1479490048.0,22858200.0
2016-04-11,81.9562,0.0,7936300032.0,119721000.0,1432009984.0,52721500.0
2016-04-12,82.251,0.0,7928019968.0,66060600.0,1407139968.0,21842600.0
2016-04-13,83.2977,0.0,7881939968.0,95943104.0,1316470016.0,32409400.0
2016-04-14,82.7902,0.0,7900740096.0,104684000.0,1359699968.0,42746300.0
2016-04-15,82.3112,0.0,7958040064.0,57835400.0,1407680000.0,19788700.0
2016-04-16,82.5883,0.0,8029349888.0,65878300.0,1398040064.0,17990000.0
2016-04-17,82.2373,0.0,8085349888.0,47818900.0,1436179968.0,14688100.0
2016-04-18,81.5462,0.0,8098659840.0,75845904.0,1494509952.0,29953900.0
2016-04-19,81.5011,0.0,8125599744.0,76294000.0,1503149952.0,27503100.0
2016-04-20,81.9884,0.0,8204049920.0,63458900.0,1477680000.0,17818800.0
2016-04-21,82.2811,0.0,8291469824.0,87923696.0,1469159936.0,22729400.0
2016-04-22,82.7433,0.0,8401719808.0,81334304.0,1449859968.0,20456900.0
2016-04-23,83.0501,0.0,8301360128.0,70717200.0,1407069952.0,19405600.0
2016-04-24,82.6802,0.0,8428349952.0,62243000.0,1459769984.0,19266700.0
2016-04-25,83.1132,0.0,8545560064.0,79191800.0,1443069952.0,18861400.0
2016-04-26,83.6608,0.0,8538120192.0,109354000.0,1395059968.0,29882200.0
2016-04-27,83.9994,0.0,8590759936.0,99953696.0,1374569984.0,29610100.0
2016-04-28,83.234,0.0,8276859904.0,118783000.0,1387689984.0,33863800.0
2016-04-29,83.8258,0.0,8300939776.0,85900800.0,1342610048.0,19811700.0
2016-04-30,83.7067,0.0,8421620224.0,58725900.0,1372160000.0,17363100.0
2016-05-01,82.5064,0.0,8420480000.0,104166000.0,1473049984.0,42615600.0
2016-05-02,82.5175,0.0,8486219776.0,55902200.0,1483600000.0,21787400.0
2016-05-03,81.3444,0.0,8473469952.0,137212992.0,1580780032.0,48069500.0
2016-05-04,82.1426,0.0,8496139776.0,84385296.0,1517190016.0,27899100.0
2016-05-05,81.9759,0.0,8450030080.0,72663000.0,1523040000.0,25226000.0
2016-05-06,81.6943,0.0,8504640000.0,71321400.0,1556839936.0,23904800.0
2016-05-07,82.242,0.0,8670889984.0,101140000.0,1539769984.0,31345300.0
2016-05-08,82.1956,0.0,8655040512.0,52518500.0,1540979968.0,17282100.0
2016-05-09,82.1516,0.0,8657800192.0,56660200.0,1545280000.0,19348000.0
2016-05-10,82.3723,0.0,8680559616.0,72392400.0,1530189952.0,20012600.0
2016-05-11,82.1139,0.0,8527470080.0,80446896.0,1525240064.0,24251600.0
2016-05-12,81.7091,0.0,8601650176.0,68569104.0,1573319936.0,20949700.0
2016-05-13,81.7491,0.0,8645069824.0,86099600.0,1577799936.0,29396600.0
2016-05-14,81.4057,0.0,8702220288.0,95138000.0,1618119936.0,37489000.0
2016-05-15,81.5597,0.0,8686600192.0,57969500.0,1601830016.0,23728800.0
2016-05-16,81.8562,0.0,8691760128.0,38912300.0,1577010048.0,13454400.0
2016-05-17,80.8208,0.0,8736270336.0,93174200.0,1675549952.0,36740200.0
2016-05-18,80.1245,0.0,8808030208.0,110132000.0,1750640000.0,46233100.0
2016-05-19,79.1274,0.0,8937589760.0,156319008.0,1865510016.0,72268400.0
2016-05-20,77.6425,0.0,8774939648.0,156722000.0,1961859968.0,63004200.0
2016-05-21,78.5164,0.0,8781899776.0,139076000.0,1886669952.0,60531600.0
2016-05-22,78.2498,0.0,8818820096.0,70283000.0,1918109952.0,30508600.0
2016-05-23,77.9587,0.0,8777050112.0,59645900.0,1934569984.0,23053300.0
2016-05-24,78.8486,0.0,8778179584.0,77778200.0,1856710016.0,29991400.0
2016-05-25,79.3209,0.0,8762760192.0,110814000.0,1812060032.0,47968100.0
2016-05-26,79.4821,0.0,8817699840.0,103866000.0,1809200000.0,41661300.0
2016-05-27,79.5061,0.0,8892409856.0,110233000.0,1822400000.0,47565900.0
2016-05-28,80.9347,0.0,9113239552.0,249115008.0,1737469952.0,87602896.0
2016-05-29,81.9172,0.0,10042500096.0,250108000.0,1815949952.0,72676896.0
2016-05-30,80.677,0.0,10218500096.0,196424000.0,1974509952.0,51205000.0
2016-05-31,80.4967,0.0,10354599936.0,112182000.0,2019490048.0,27669100.0
2016-06-01,79.5353,0.0,10421399552.0,198256992.0,2132710016.0,63235200.0
2016-06-02,79.6446,0.0,10515500032.0,122548000.0,2140460032.0,39849300.0
2016-06-03,79.8662,0.0,10511399936.0,76823800.0,2116349952.0,19852100.0
2016-06-04,80.5351,0.0,11047499776.0,157708000.0,2150380032.0,39878300.0
2016-06-05,80.6835,0.0,11098999808.0,119633000.0,2143929984.0,28185900.0
2016-06-06,80.5718,0.0,11142500352.0,92674000.0,2164780032.0,23853500.0
2016-06-07,80.8738,0.0,11313399808.0,88451000.0,2163830016.0,21205300.0
2016-06-08,80.3862,0.0,11223600128.0,134367008.0,2201380096.0,36915500.0
2016-06-09,80.4386,0.0,11316799488.0,95015504.0,2213730048.0,29843800.0
2016-06-10,80.2368,0.0,11224200192.0,74707000.0,2218259968.0,19591400.0
2016-06-11,80.5959,0.0,11231800320.0,72142304.0,2179429888.0,21764800.0
2016-06-12,81.133,0.0,11758300160.0,87758704.0,2218429952.0,21840200.0
2016-06-13,81.5166,0.0,12895500288.0,304660000.0,2383520000.0,65803100.0
2016-06-14,81.1204,0.0,13595700224.0,300067008.0,2566820096.0,64098300.0
2016-06-15,79.6942,0.0,13472199680.0,286296000.0,2735630080.0,104046000.0
2016-06-16,80.176,0.0,13606200320.0,135144992.0,2697299968.0,39554800.0
2016-06-17,80.3139,0.0,14989800448.0,338983008.0,2950919936.0,70393400.0
2016-06-18,82.9694,0.0,14140800000.0,615500032.0,2408270080.0,258684992.0
2016-06-19,85.4902,0.0,13872700416.0,420649984.0,2012899968.0,174819008.0
2016-06-20,84.7814,0.0,14126499840.0,226472992.0,2149860096.0,95283000.0
2016-06-21,84.5044,0.0,13656099840.0,255612000.0,2116099968.0,86143200.0
2016-06-22,82.7953,0.0,12615799808.0,405700992.0,2170510080.0,106263000.0
2016-06-23,81.6561,0.0,11478899712.0,406040000.0,2105670016.0,141878000.0
2016-06-24,81.8617,0.0,11991799808.0,307464992.0,2175119872.0,59636200.0
2016-06-25,82.1748,0.0,12707000320.0,281828000.0,2265039872.0,64204300.0
2016-06-26,82.184,0.0,12721300480.0,155906000.0,2266419968.0,36361200.0
2016-06-27,81.6954,0.0,12097200128.0,139735008.0,2214340096.0,35609400.0
2016-06-28,81.8947,0.0,12622000128.0,149298000.0,2285260032.0,29968000.0
2016-06-29,82.5102,0.0,12264599552.0,216432992.0,2145069952.0,83145296.0
2016-06-30,82.1806,0.0,12249199616.0,194646000.0,2182729984.0,57649900.0
2016-07-01,82.8235,0.0,12762800128.0,175232000.0,2192199936.0,40562000.0
2016-07-02,83.0133,0.0,12816700416.0,159047008.0,2177129984.0,35979300.0
2016-07-03,83.5622,0.0,13266899968.0,123848000.0,2180790016.0,26023300.0
2016-07-04,83.0203,0.0,12482100224.0,147204000.0,2119410048.0,27804500.0
2016-07-05,83.2911,0.0,12905499648.0,119119000.0,2156359936.0,30809700.0
2016-07-06,83.8048,0.0,12589100032.0,195032992.0,2038829952.0,69361800.0
2016-07-07,83.9065,0.0,12720600064.0,163616992.0,2047200000.0,33094000.0
2016-07-08,83.7849,0.0,12039000064.0,290512992.0,1952130048.0,36735900.0
2016-07-09,83.2889,0.0,12599300096.0,172507008.0,2105479936.0,35634600.0
2016-07-10,83.1689,0.0,12321099776.0,207394000.0,2073779968.0,32985400.0
2016-07-11,83.0499,0.0,12300099584.0,107946000.0,2084870016.0,15277000.0
2016-07-12,83.0389,0.0,12299200512.0,125907000.0,2086089984.0,31294400.0
2016-07-13,82.4036,0.0,12711199744.0,153559008.0,2236699904.0,32288300.0
2016-07-14,81.2916,0.0,12656100352.0,148978000.0,2367759872.0,25157000.0
2016-07-15,80.9625,0.0,12830600192.0,117649000.0,2442619904.0,42080100.0
2016-07-16,80.9786,0.0,12919100416.0,109900000.0,2457390080.0,42141600.0
2016-07-17,81.0961,0.0,12867099648.0,56266800.0,2432399872.0,21105000.0
2016-07-18,81.7189,0.0,13114200064.0,95647000.0,2397420032.0,29714900.0
2016-07-19,82.097,0.0,12919499776.0,93398600.0,2312969984.0,28835700.0
2016-07-20,80.8133,0.0,13127300096.0,100783000.0,2518690048.0,39579800.0
2016-07-21,80.3033,0.0,13063400448.0,166595008.0,2573050112.0,76156496.0
2016-07-22,80.2934,0.0,13060299776.0,98464704.0,2573740032.0,37972900.0
2016-07-23,78.8531,0.0,13016200192.0,226878000.0,2752519936.0,92708496.0
2016-07-24,79.6424,0.0,12981199872.0,114263000.0,2642670080.0,43620500.0
2016-07-25,80.5297,0.0,12954099712.0,226192000.0,2522200064.0,108008000.0
2016-07-26,80.0839,0.0,12888899584.0,134680000.0,2566949888.0,56503900.0
2016-07-27,80.5512,0.0,12764399616.0,442838016.0,2482530048.0,217703008.0
2016-07-28,80.5895,0.0,12815699968.0,278750016.0,2487600128.0,131289000.0
2016-07-29,80.5723,0.0,12831899648.0,163404000.0,2492930048.0,76975104.0
2016-07-30,80.9035,0.0,12817899520.0,106035000.0,2447770112.0,45331700.0
2016-07-31,80.8971,0.0,12782799872.0,64892400.0,2441880064.0,26436300.0
2016-08-01,80.5676,0.0,12238900224.0,175607008.0,2378319872.0,64789500.0
2016-08-02,80.5155,0.0,11891300352.0,204460992.0,2316960000.0,84583600.0
2016-08-03,80.5293,0.0,10758400000.0,593628992.0,2094729984.0,263934000.0
2016-08-04,80.0988,0.0,11166000128.0,353159008.0,2222180096.0,145176992.0
2016-08-05,79.9066,0.0,11430500352.0,220046000.0,2296770048.0,94754200.0
2016-08-06,79.5095,0.0,11424400384.0,110994000.0,2340930048.0,44866000.0
2016-08-07,79.7286,0.0,11646900224.0,132278000.0,2360999936.0,51481100.0
2016-08-08,80.169,0.0,11682100224.0,143080992.0,2316679936.0,60682400.0
2016-08-09,79.9253,0.0,11685499904.0,104756000.0,2345819904.0,43561600.0
2016-08-10,79.4446,0.0,11689900032.0,168060992.0,2402899968.0,79292000.0
2016-08-11,79.9135,0.0,11711099904.0,167422000.0,2352349952.0,64517000.0
2016-08-12,80.0636,0.0,11624800256.0,117861000.0,2317570048.0,46604100.0
2016-08-13,79.8232,0.0,11632600064.0,113319000.0,2347079936.0,47642800.0
2016-08-14,79.7366,0.0,11611599872.0,71017104.0,2352910080.0,27454100.0
2016-08-15,79.6043,0.0,11332500480.0,91214200.0,2311350016.0,30363100.0
2016-08-16,79.529,0.0,11279899648.0,87250304.0,2309110016.0,29988000.0
2016-08-17,79.8438,0.0,11444899840.0,80478000.0,2306850048.0,25632400.0
2016-08-18,79.8821,0.0,11360199680.0,78637800.0,2285430016.0,27680600.0
2016-08-19,79.8785,0.0,11374499840.0,84673504.0,2288730112.0,24776900.0
2016-08-20,79.8656,0.0,11412299776.0,74481000.0,2297799936.0,27359000.0
2016-08-21,79.8005,0.0,11539000320.0,63850900.0,2330840064.0,22145800.0
2016-08-22,79.9353,0.0,11508599808.0,55112100.0,2309149952.0,16812700.0
2016-08-23,80.0286,0.0,11604500480.0,113745000.0,2317590016.0,44363800.0
2016-08-24,80.1759,0.0,11518199808.0,146535008.0,2283379968.0,61185400.0
2016-08-25,80.2066,0.0,11451299840.0,84729600.0,2266599936.0,31967400.0
2016-08-26,80.1827,0.0,11407899648.0,178516000.0,2260740096.0,38480300.0
2016-08-27,80.2446,0.0,11433799680.0,75086800.0,2258779904.0,29915900.0
2016-08-28,80.1804,0.0,11254099968.0,98941400.0,2230530048.0,42562600.0
2016-08-29,80.0753,0.0,11354099712.0,158423008.0,2262269952.0,75603200.0
2016-08-30,79.707,0.0,11408700416.0,197234000.0,2315170048.0,90654800.0
2016-08-31,79.7618,0.0,11471299584.0,115772000.0,2321580032.0,49005500.0
2016-09-01,79.5692,0.0,11459600384.0,207312992.0,2341289984.0,53460400.0
2016-09-02,79.3804,0.0,11425399808.0,136452000.0,2355879936.0,62884500.0
2016-09-03,79.1319,0.0,11525600256.0,198656992.0,2405179904.0,56972400.0
2016-09-04,79.9479,0.0,11865700352.0,262272000.0,2379320064.0,106398000.0
2016-09-05,79.9004,0.0,12080700416.0,154328992.0,2428169984.0,60031400.0
2016-09-06,79.7543,0.0,12054700032.0,129974000.0,2440560128.0,51185700.0
2016-09-07,80.043,0.0,12092999680.0,129581000.0,2413400064.0,54534600.0
2016-09-08,80.2394,0.0,12145099776.0,120364000.0,2399940096.0,48816700.0
2016-09-09,80.5841,0.0,12325000192.0,135347008.0,2393009920.0,52142200.0
2016-09-10,80.437,0.0,12281299968.0,103359000.0,2402589952.0,39154400.0
2016-09-11,80.024,0.0,12355999744.0,73700896.0,2468239872.0,29465300.0
2016-09-12,80.2426,0.0,11999299584.0,116087000.0,2370749952.0,42421700.0
2016-09-13,79.9788,0.0,12060600320.0,107957000.0,2414680064.0,38635700.0
2016-09-14,79.9716,0.0,12079399936.0,130141000.0,2419310080.0,48372200.0
2016-09-15,80.0223,0.0,12107799552.0,70348800.0,2418860032.0,26087500.0
2016-09-16,79.5918,0.0,12108099584.0,99438304.0,2471040000.0,43595500.0
2016-09-17,79.5364,0.0,12117199872.0,112198000.0,2479620096.0,50784500.0
2016-09-18,79.4352,0.0,12115500032.0,56705600.0,2491520000.0,23089500.0
2016-09-19,79.6676,0.0,12152899584.0,89260400.0,2470980096.0,40554400.0
2016-09-20,79.2968,0.0,12198599680.0,85705200.0,2525499904.0,34247300.0
2016-09-21,78.4533,0.0,12216500224.0,133314000.0,2632260096.0,60457700.0
2016-09-22,78.8736,0.0,12025900032.0,127748000.0,2540649984.0,52457700.0
2016-09-23,79.088,0.0,11972899840.0,111751000.0,2503770112.0,48233500.0
2016-09-24,79.0542,0.0,12115099648.0,74273696.0,2537609984.0,26878200.0
2016-09-25,79.1967,0.0,12090600448.0,55835500.0,2515249920.0,23927800.0
2016-09-26,78.8756,0.0,12102400000.0,50342200.0,2556559872.0,19894800.0
2016-09-27,79.4056,0.0,12167400448.0,88767904.0,2505799936.0,33200700.0
2016-09-28,79.1594,0.0,12171100160.0,70395600.0,2536519936.0,24577300.0
2016-09-29,78.8858,0.0,12190000128.0,77590704.0,2573809920.0,32460200.0
2016-09-30,79.0179,0.0,12184899584.0,80018896.0,2556640000.0,28004600.0
2016-10-01,79.1394,0.0,12252199936.0,83884496.0,2555869952.0,31312400.0
2016-10-02,79.6982,0.0,12247900160.0,87448096.0,2486530048.0,34947500.0
2016-10-03,79.532,0.0,12215199744.0,56122400.0,2500209920.0,20502000.0
2016-10-04,79.4251,0.0,12254699520.0,65700000.0,2521400064.0,22588300.0
2016-10-05,79.5862,0.0,12194700288.0,71235800.0,2489400064.0,24568700.0
2016-10-06,79.2691,0.0,12290299904.0,112519000.0,2547879936.0,48061600.0
2016-10-07,79.4637,0.0,12264399872.0,90591000.0,2518650112.0,37550800.0
2016-10-08,79.8398,0.0,12302300160.0,89699600.0,2480160000.0,29303300.0
2016-10-09,80.1315,0.0,12295400448.0,65402000.0,2442899968.0,26822900.0
2016-10-10,80.0888,0.0,12256700416.0,59375100.0,2440460032.0,23816200.0
2016-10-11,80.3575,0.0,12264800256.0,103168000.0,2409110016.0,38900600.0
2016-10-12,80.8911,0.0,12610799616.0,144547008.0,2409779968.0,45233600.0
2016-10-13,80.8186,0.0,12528100352.0,118449000.0,2403079936.0,30070800.0
2016-10-14,80.7098,0.0,12565499904.0,85610600.0,2423920128.0,27833800.0
2016-10-15,80.7345,0.0,12628100096.0,74992704.0,2432859904.0,20702100.0
2016-10-16,80.9004,0.0,12579399680.0,52566100.0,2402619904.0,17375100.0
2016-10-17,80.8896,0.0,12636099584.0,55561800.0,2414810112.0,18944900.0
2016-10-18,80.7758,0.0,12607699968.0,82007904.0,2423719936.0,27695900.0
2016-10-19,80.3692,0.0,12647600128.0,100712000.0,2482840064.0,38865400.0
2016-10-20,80.5142,0.0,12478199808.0,96017400.0,2431480064.0,30387300.0
2016-10-21,80.3743,0.0,12504399872.0,81748000.0,2454089984.0,28590300.0
2016-10-22,80.3334,0.0,12558199808.0,74933696.0,2469760000.0,22822600.0
2016-10-23,80.9527,0.0,12945399808.0,101019000.0,2465760000.0,26080300.0
2016-10-24,80.9374,0.0,12940300288.0,68805904.0,2466759936.0,18558300.0
2016-10-25,80.9861,0.0,12871700480.0,77094896.0,2447419904.0,18578600.0
2016-10-26,81.3817,0.0,12882499584.0,124958000.0,2398510080.0,38818300.0
2016-10-27,81.7844,0.0,13220700160.0,115474000.0,2408219904.0,30552200.0
2016-10-28,82.2018,0.0,13345000448.0,129561000.0,2375180032.0,37787400.0
2016-10-29,82.7749,0.0,13298199552.0,113772000.0,2290629888.0,36821200.0
2016-10-30,83.8903,0.0,13575900160.0,201996992.0,2187030016.0,70181400.0
2016-10-31,82.9466,0.0,13511400448.0,136788000.0,2304140032.0,40785200.0
2016-11-01,83.1748,0.0,13450800128.0,129297000.0,2263119872.0,36809300.0
2016-11-02,83.9062,0.0,13881199616.0,175840992.0,2234010112.0,50772600.0
2016-11-03,84.0364,0.0,14094300160.0,113837000.0,2249949952.0,32600400.0
2016-11-04,83.187,0.0,13218899968.0,211012992.0,2222500096.0,44008400.0
2016-11-05,83.1209,0.0,13507099648.0,126540000.0,2279879936.0,31230400.0
2016-11-06,82.9111,0.0,13548300288.0,70251000.0,2315259904.0,20525200.0
2016-11-07,83.1998,0.0,13635600384.0,75006200.0,2290810112.0,19419100.0
2016-11-08,83.1313,0.0,13501500416.0,88908600.0,2277540096.0,28447700.0
2016-11-09,83.2566,0.0,13612099584.0,107595000.0,2279130112.0,32523400.0
2016-11-10,83.6795,0.0,13793200128.0,172436000.0,2251120128.0,44852700.0
2016-11-11,83.5657,0.0,13674399744.0,86677600.0,2247300096.0,22199700.0
2016-11-12,83.6585,0.0,13683800064.0,82524496.0,2236140032.0,23590100.0
2016-11-13,83.5932,0.0,13475399680.0,93616400.0,2210889984.0,33318800.0
2016-11-14,83.4266,0.0,13442499584.0,108066000.0,2227879936.0,31756600.0
2016-11-15,83.5408,0.0,13506499584.0,78944800.0,2223049984.0,20019000.0
2016-11-16,83.5759,0.0,13603300352.0,105565000.0,2234210048.0,37957000.0
2016-11-17,84.4179,0.0,14109899776.0,174356992.0,2198609920.0,37495800.0
2016-11-18,84.4708,0.0,14023799808.0,128337000.0,2177789952.0,24750600.0
2016-11-19,84.9474,0.0,14156300288.0,111038000.0,2130889984.0,28384800.0
2016-11-20,84.8547,0.0,14174199808.0,125023000.0,2146720000.0,20075100.0
2016-11-21,84.6703,0.0,13816999936.0,169604992.0,2118099968.0,19929900.0
2016-11-22,84.7305,0.0,13966900224.0,73458304.0,2132679936.0,16935300.0
2016-11-23,84.7631,0.0,14191399936.0,158980992.0,2162330112.0,33393300.0
2016-11-24,84.7682,0.0,14057700352.0,94478096.0,2141240064.0,22390900.0
2016-11-25,85.0612,0.0,13932499968.0,119350000.0,2081350016.0,37634600.0
2016-11-26,84.9834,0.0,13966999552.0,86990000.0,2097360000.0,23575600.0
2016-11-27,84.8833,0.0,13870499840.0,65053400.0,2096770048.0,14341200.0
2016-11-28,85.0007,0.0,13797300224.0,67785296.0,2069500032.0,19369000.0
2016-11-29,85.2206,0.0,13835700224.0,75703696.0,2044850048.0,18147300.0
2016-11-30,85.597,0.0,13775699968.0,95553296.0,1984109952.0,31161000.0
2016-12-01,85.4889,0.0,13977499648.0,111976000.0,2028290048.0,32267400.0
2016-12-02,85.7514,0.0,14151100416.0,98119104.0,2016339968.0,22081900.0
2016-12-03,86.4971,0.0,14414100480.0,162223008.0,1946320000.0,39249100.0
2016-12-04,86.2878,0.0,14328299520.0,90761400.0,1964720000.0,25976200.0
2016-12-05,86.6794,0.0,14297600000.0,77783504.0,1904530048.0,21455700.0
2016-12-06,86.9396,0.0,13986100224.0,142860000.0,1826630016.0,40999000.0
2016-12-07,86.3811,0.0,14180100096.0,186526000.0,1931170048.0,74761104.0
2016-12-08,86.0215,0.0,14313299968.0,132767000.0,2000770048.0,40789200.0
2016-12-09,86.0597,0.0,14343499776.0,107275000.0,1999529984.0,31947400.0
2016-12-10,85.9195,0.0,14425799680.0,89852096.0,2031219968.0,25723800.0
2016-12-11,86.2633,0.0,14401999872.0,67985400.0,1978360064.0,19123900.0
2016-12-12,86.114,0.0,14341300224.0,71139600.0,1991440000.0,18247900.0
2016-12-13,86.0489,0.0,14551600128.0,94480800.0,2030109952.0,22275400.0
2016-12-14,86.05,0.0,14541500416.0,97809296.0,2028530048.0,21007600.0
2016-12-15,86.1152,0.0,14529099776.0,95662600.0,2017330048.0,25726300.0
2016-12-16,86.2589,0.0,14489900032.0,107755000.0,1991059968.0,30635900.0
2016-12-17,86.2597,0.0,14606600192.0,99339104.0,2006989952.0,20382000.0
2016-12-18,86.4763,0.0,14680099840.0,95466400.0,1985289984.0,22857300.0
2016-12-19,86.3352,0.0,14699799552.0,75142096.0,2008700032.0,19752600.0
2016-12-20,86.4053,0.0,14718499840.0,90277200.0,2000940032.0,23434500.0
2016-12-21,86.5444,0.0,14852200448.0,124717000.0,1998450048.0,29927600.0
2016-12-22,86.7918,0.0,15432099840.0,187686000.0,2038310016.0,38035600.0
2016-12-23,87.3073,0.0,15907699712.0,243860000.0,2019110016.0,51333600.0
2016-12-24,87.8753,0.0,16853799936.0,338100000.0,2043469952.0,68753600.0
2016-12-25,87.5726,0.0,16500700160.0,180072000.0,2050610048.0,48664200.0
2016-12-26,87.5978,0.0,16447699968.0,183375008.0,2039879936.0,45503100.0
2016-12-27,87.5798,0.0,16662899712.0,149052992.0,2069560064.0,31365400.0
2016-12-28,87.9191,0.0,17084499968.0,211112992.0,2063970048.0,48491900.0
2016-12-29,88.0351,0.0,17799700480.0,293616000.0,2129699968.0,62631300.0
2016-12-30,87.4089,0.0,17881700352.0,265358000.0,2251500032.0,72994400.0
2016-12-31,87.2375,0.0,17699600384.0,236040992.0,2258909952.0,55485000.0
2017-01-01,87.3457,0.0,17735499776.0,130048000.0,2244300032.0,37257200.0
2017-01-02,87.6238,0.0,18322800640.0,188274000.0,2267670016.0,46141100.0
2017-01-03,87.5888,0.0,18754199552.0,277449984.0,2327630080.0,61539000.0
2017-01-04,87.1329,0.0,19275599872.0,263236992.0,2480209920.0,83941104.0
2017-01-05,86.9902,0.0,21386299392.0,440440992.0,2782309888.0,102718000.0
2017-01-06,86.5412,0.0,18851201024.0,615907968.0,2537149952.0,115980000.0
2017-01-07,85.7054,0.0,16979600384.0,465452992.0,2427170048.0,74678304.0
2017-01-08,85.9575,0.0,16998400000.0,343017984.0,2387010048.0,69283200.0
2017-01-09,85.7632,0.0,17134199808.0,206334000.0,2439369984.0,48436100.0
2017-01-10,85.5709,0.0,16971400192.0,192399008.0,2448819968.0,56250600.0
2017-01-11,85.326,0.0,17129299968.0,152751008.0,2513550080.0,42784700.0
2017-01-12,84.6161,0.0,14746200064.0,386102016.0,2268539904.0,81053800.0
2017-01-13,84.7249,0.0,15271900160.0,291750016.0,2332780032.0,76274704.0
2017-01-14,85.0318,0.0,15623799808.0,223600992.0,2338599936.0,59774700.0
2017-01-15,84.8115,0.0,15533599744.0,134163000.0,2359310080.0,45884500.0
2017-01-16,84.7956,0.0,15607600128.0,113635000.0,2373050112.0,48080900.0
2017-01-17,84.9734,0.0,15750700032.0,116660000.0,2366799872.0,40118700.0
2017-01-18,85.4873,0.0,17135800320.0,194284000.0,2486870016.0,45596600.0
2017-01-19,85.3019,0.0,16777700352.0,253603008.0,2465999872.0,33738900.0
2017-01-20,85.1959,0.0,16986800128.0,130782000.0,2514749952.0,34045300.0
2017-01-21,85.1006,0.0,16958699520.0,114950000.0,2526739968.0,35075100.0
2017-01-22,85.1798,0.0,17449699328.0,136883008.0,2586089984.0,31462300.0
2017-01-23,85.3848,0.0,17472399360.0,155515008.0,2553619968.0,44217400.0
2017-01-24,85.1018,0.0,17251600384.0,97353104.0,2570170112.0,26031500.0
2017-01-25,85.0544,0.0,16907700224.0,127476000.0,2526960128.0,28278800.0
2017-01-26,85.2081,0.0,17077300224.0,150236992.0,2526070016.0,35412300.0
2017-01-27,85.1999,0.0,17383100416.0,158440000.0,2572730112.0,32195900.0
2017-01-28,85.2727,0.0,17398099968.0,184704000.0,2562259968.0,65513100.0
2017-01-29,85.1483,0.0,17468299264.0,99483600.0,2594350080.0,35685800.0
2017-01-30,85.0664,0.0,17450999808.0,85046200.0,2606070016.0,29779000.0
2017-01-31,84.9664,0.0,17488900096.0,110616000.0,2629199872.0,37855100.0
2017-02-01,85.4193,0.0,18342299648.0,214916992.0,2674429952.0,56456200.0
2017-02-02,85.5551,0.0,18675499008.0,188458000.0,2697659904.0,45261500.0
2017-02-03,85.694,0.0,19051599872.0,177143008.0,2725519872.0,38183700.0
2017-02-04,85.715,0.0,19423399936.0,241972992.0,2774619904.0,46639500.0
2017-02-05,85.657,0.0,19668500480.0,194102000.0,2821040128.0,46591600.0
2017-02-06,85.5334,0.0,19413899264.0,140150000.0,2808519936.0,31647700.0
2017-02-07,85.542,0.0,19635499008.0,137586000.0,2838899968.0,30665300.0
2017-02-08,85.6949,0.0,20020699136.0,180884992.0,2863990016.0,39585800.0
2017-02-09,85.803,0.0,20042600448.0,233024992.0,2845440000.0,37812100.0
2017-02-10,85.5732,0.0,18795200512.0,476102016.0,2711549952.0,75078000.0
2017-02-11,85.4328,0.0,18700900352.0,220735008.0,2724189952.0,38140700.0
2017-02-12,85.4689,0.0,18971400192.0,120120000.0,2756760064.0,25290500.0
2017-02-13,85.4376,0.0,18892699648.0,83813296.0,2751229952.0,23943000.0
2017-02-14,85.5136,0.0,18743199744.0,122271000.0,2715219968.0,28376500.0
2017-02-15,84.756,0.0,19189299200.0,200404000.0,2925210112.0,69853104.0
2017-02-16,84.7288,0.0,19224999936.0,124287000.0,2935889920.0,42558800.0
2017-02-17,85.0605,0.0,19503300608.0,178374000.0,2913690112.0,64711500.0
2017-02-18,85.382,0.0,19869300736.0,165852000.0,2904499968.0,35259000.0
2017-02-19,85.4665,0.0,19957000192.0,125530000.0,2900450048.0,33610100.0
2017-02-20,85.3965,0.0,19860500480.0,99508200.0,2900329984.0,30125000.0
2017-02-21,86.0338,0.0,20290799616.0,146864000.0,2833850112.0,43544000.0
2017-02-22,86.3884,0.0,20874799104.0,225440992.0,2841390080.0,47943000.0
2017-02-23,86.3953,0.0,20921600000.0,163139008.0,2846320128.0,34102800.0
2017-02-24,86.5649,0.0,21919199232.0,228374000.0,2944880128.0,43424300.0
2017-02-25,86.6993,0.0,21845000192.0,386668000.0,2905550080.0,71983400.0
2017-02-26,86.3043,0.0,21457600512.0,180372992.0,2938769920.0,48560500.0
2017-02-27,86.0575,0.0,21889099776.0,150510000.0,3051889920.0,43459700.0
2017-02-28,85.8798,0.0,22256199680.0,181712000.0,3142619904.0,56866800.0
2017-03-01,85.6203,0.0,22313400320.0,284716000.0,3208600064.0,107344000.0
2017-03-02,85.2268,0.0,23267000320.0,346087008.0,3437289984.0,122568000.0
2017-03-03,84.7357,0.0,23902199808.0,570705984.0,3648489984.0,212512000.0
2017-03-04,84.6078,0.0,24452599808.0,485223008.0,3763800064.0,179242000.0
2017-03-05,84.844,0.0,23945199616.0,244251008.0,3629129984.0,69164800.0
2017-03-06,84.5905,0.0,24272099328.0,191974000.0,3740199936.0,66459600.0
2017-03-07,84.3868,0.0,24443600896.0,220022000.0,3816430080.0,75233296.0
2017-03-08,84.1879,0.0,23542300672.0,370208000.0,3722540032.0,86834800.0
2017-03-09,84.567,0.0,22042800128.0,415950016.0,3401860096.0,91060000.0
2017-03-10,84.2427,0.0,22880700416.0,284588000.0,3605380096.0,82311400.0
2017-03-11,82.995,0.0,21801000960.0,735966976.0,3707249920.0,181599008.0
2017-03-12,82.0886,0.0,23235000320.0,438094016.0,4161700096.0,166152000.0
2017-03-13,81.6471,0.0,24260100096.0,400392000.0,4452440064.0,180491008.0
2017-03-14,79.9307,0.0,24994400256.0,798246016.0,5016209920.0,424919008.0
2017-03-15,79.6403,0.0,25251500032.0,452431008.0,5141130240.0,214588992.0
2017-03-16,77.4256,0.0,26210600960.0,613422976.0,5916890112.0,321684992.0
2017-03-17,73.4475,0.0,26061799424.0,1222800000.0,6920070144.0,612606016.0
2017-03-18,71.7983,0.0,24845500416.0,1400600064.0,7006859776.0,705040000.0
2017-03-19,72.6994,0.0,21796599808.0,1118680064.0,5950589952.0,503032000.0
2017-03-20,70.6144,0.0,23833399296.0,780966976.0,7003559936.0,390768992.0
2017-03-21,71.3578,0.0,23999600640.0,544150016.0,6874010112.0,257476992.0
2017-03-22,72.501,0.0,25085300736.0,575729024.0,6898209792.0,245182000.0
2017-03-23,71.1711,0.0,23947100160.0,631254016.0,6903680000.0,257024000.0
2017-03-24,70.2637,0.0,23991099392.0,436001984.0,7134060032.0,194247008.0
2017-03-25,65.7176,0.0,23136600064.0,966321024.0,7931789824.0,479217984.0
2017-03-26,67.4452,0.0,23448399872.0,770211008.0,7633580032.0,342476992.0
2017-03-27,67.0619,0.0,23537999872.0,541164032.0,7752970240.0,231586000.0
2017-03-28,69.1214,0.0,24543000576.0,647662016.0,7578549760.0,281819008.0
2017-03-29,68.4768,0.0,24812599296.0,558588032.0,7821709824.0,240083008.0
2017-03-30,67.6674,0.0,25019199488.0,539153984.0,8089350144.0,247656992.0
2017-03-31,66.7849,0.0,24974200832.0,782729024.0,8295220224.0,435928992.0
2017-04-01,67.242,0.0,25896099840.0,921254016.0,8483040256.0,483003008.0
2017-04-02,67.1413,0.0,26152900608.0,541278016.0,8593510400.0,260012000.0
2017-04-03,64.6635,0.0,27719800832.0,1112390016.0,9795210240.0,604334016.0
2017-04-04,68.9019,0.0,27022399488.0,1205040000.0,8403469824.0,631024000.0
2017-04-05,67.99,0.0,27115300864.0,910126976.0,8679619584.0,482320992.0
2017-04-06,67.369,0.0,27167700992.0,911342976.0,8865099776.0,503334016.0
2017-04-07,69.469,0.0,27593000960.0,965302976.0,8424419840.0,494176000.0
2017-04-08,69.3587,0.0,27492800512.0,567630976.0,8424130048.0,278643008.0
2017-04-09,68.5608,0.0,27908700160.0,416222016.0,8774280192.0,215134000.0
2017-04-10,69.3617,0.0,27841400832.0,477324992.0,8530129920.0,242942000.0
2017-04-11,69.3501,0.0,27852900352.0,420535008.0,8536880128.0,212179008.0
2017-04-12,69.5358,0.0,28188100608.0,383667008.0,8587279872.0,175592000.0
2017-04-13,68.2627,0.0,28626599936.0,1519510016.0,9085309952.0,1238380032.0
2017-04-14,66.779,0.0,28517599232.0,691377024.0,9473850368.0,347892000.0
2017-04-15,67.3392,0.0,28210200576.0,494124992.0,9213670400.0,247356992.0
2017-04-16,66.5772,0.0,28666099712.0,415431008.0,9581020160.0,219986000.0
2017-04-17,66.8196,0.0,28824600576.0,334575008.0,9564109824.0,159408000.0
2017-04-18,66.9859,0.0,29011699712.0,517019008.0,9577969664.0,263776992.0
2017-04-19,66.5618,0.0,29648900096.0,556249984.0,9914070016.0,294393984.0
2017-04-20,67.2774,0.0,29311299584.0,573859968.0,9591430144.0,292471008.0
2017-04-21,67.4805,0.0,29668800512.0,598568000.0,9648149504.0,292572992.0
2017-04-22,67.072,0.0,29690400768.0,521179008.0,9776459776.0,257652000.0
2017-04-23,67.0163,0.0,29942200320.0,529624992.0,9876049920.0,288823008.0
2017-04-24,66.5469,0.0,29611300864.0,580958976.0,9905899520.0,328963008.0
2017-04-25,66.5039,0.0,30633299968.0,471428000.0,10261000192.0,243984000.0
2017-04-26,66.5484,0.0,30996799488.0,458903008.0,10368900096.0,224856992.0
2017-04-27,65.8515,0.0,31721699328.0,665433984.0,10832499712.0,346046016.0
2017-04-28,64.266,0.0,33417299968.0,979403008.0,11941300224.0,540819008.0
2017-04-29,61.7741,0.0,34771599360.0,1013420032.0,13291700224.0,529568000.0
2017-04-30,61.0147,0.0,35316801536.0,947835008.0,13768299520.0,535774016.0
2017-05-01,59.5149,0.0,36934901760.0,970486976.0,14953100288.0,567368000.0
2017-05-02,60.9198,0.0,38034001920.0,1571139968.0,14863800320.0,867756992.0
2017-05-03,61.448,0.0,38580801536.0,957603968.0,14873700352.0,491844000.0
2017-05-04,60.5744,0.0,40135598080.0,1221920000.0,15823699968.0,647617024.0
2017-05-05,57.3268,0.0,43841699840.0,1979049984.0,18708699136.0,1054910016.0
2017-05-06,56.5889,0.0,44877299712.0,2075820032.0,19481700352.0,1145309952.0
2017-05-07,55.6361,0.0,46316199936.0,1281159936.0,20547700736.0,712940032.0
2017-05-08,53.737,0.0,48488898560.0,2381969920.0,22432399360.0,1310979968.0
2017-05-09,53.217,0.0,52863201280.0,2789270016.0,24731000832.0,1460930048.0
2017-05-10,55.7521,0.0,51420598272.0,2476640000.0,22752499712.0,1319090048.0
2017-05-11,55.0575,0.0,52782399488.0,1896240000.0,23721699328.0,989659008.0
2017-05-12,56.0218,0.0,53784498176.0,1529709952.0,23653500928.0,740723968.0
2017-05-13,53.457,0.0,52626100224.0,1405650048.0,24493799424.0,676662976.0
2017-05-14,53.7714,0.0,54685401088.0,1098070016.0,25280299008.0,528502016.0
2017-05-15,53.5315,0.0,55168598016.0,864835968.0,25635999744.0,438172992.0
2017-05-16,51.0156,0.0,55759998976.0,1481289984.0,27313700864.0,757611008.0
2017-05-17,48.3792,0.0,58299400192.0,2063030016.0,30094600192.0,1112809984.0
2017-05-18,47.8804,0.0,62051500032.0,2293519872.0,32341000192.0,1242979968.0
2017-05-19,48.1079,0.0,64436498432.0,1900109952.0,33437399040.0,1016419968.0
2017-05-20,47.6623,0.0,68025200640.0,2667899904.0,35602800640.0,1524720000.0
2017-05-21,47.566,0.0,71015800832.0,2061840000.0,37236400128.0,1108220032.0
2017-05-22,45.1491,0.0,73963102208.0,2676199936.0,40569401344.0,1536640000.0
2017-05-23,46.5953,0.0,76880297984.0,4566680064.0,41057701888.0,2641189888.0
2017-05-24,45.9356,0.0,82614001664.0,3089890048.0,44664799232.0,1723609984.0
2017-05-25,47.1571,0.0,84813103104.0,3758299904.0,44817698816.0,2049709952.0
2017-05-26,49.1713,0.0,77180297216.0,5551830016.0,39229698048.0,3148770048.0
2017-05-27,48.9521,0.0,73371901952.0,4055360000.0,37454798848.0,2325440000.0
2017-05-28,48.9581,0.0,68621799424.0,4543940096.0,35025801216.0,2840829952.0
2017-05-29,48.7075,0.0,72521801728.0,2964450048.0,37198299136.0,1834140032.0
2017-05-30,47.7202,0.0,77319397376.0,2490530048.0,40422400000.0,1506169984.0
2017-05-31,45.6291,0.0,78429396992.0,3981509888.0,42642698240.0,2541189888.0
2017-06-01,45.6507,0.0,82027700224.0,3922650112.0,44581400576.0,2392189952.0
2017-06-02,44.7577,0.0,87905697792.0,4137979904.0,48561098752.0,2496120064.0
2017-06-03,45.5077,0.0,89692700672.0,3134070016.0,48875601920.0,1828550016.0
2017-06-04,45.9158,0.0,90836303872.0,3374629888.0,49128099840.0,1873609984.0
2017-06-05,44.2182,0.0,93024903168.0,3325080064.0,51890999296.0,1984099968.0
2017-06-06,45.183,0.0,97516699648.0,3089430016.0,53455699968.0,1728540032.0
2017-06-07,45.9454,0.0,102272999424.0,4285400064.0,55283499008.0,2209530112.0
2017-06-08,45.3355,0.0,98283003904.0,3345080064.0,53725900800.0,1838649984.0
2017-06-09,45.2627,0.0,101600002048.0,2827269888.0,55613300736.0,1563090048.0
2017-06-10,44.3667,0.0,104428003328.0,3309240064.0,58097000448.0,1973299968.0
2017-06-11,43.7488,0.0,110193999872.0,5724980224.0,61985501184.0,3717829888.0
2017-06-12,43.013,0.0,112503996416.0,5168019968.0,64112599040.0,3434350080.0
2017-06-13,39.8757,0.0,110178000896.0,7365640192.0,66243399680.0,4810690048.0
2017-06-14,38.7432,0.0,114931998720.0,4773779968.0,70403801088.0,3022030080.0
2017-06-15,38.5917,0.0,106166001664.0,4640840192.0,65194799104.0,2961019904.0
2017-06-16,38.697,0.0,104618000384.0,6107400192.0,64134098944.0,4097619968.0
2017-06-17,38.3563,0.0,107459002368.0,3628110080.0,66241601536.0,2450190080.0
2017-06-18,38.6865,0.0,112543997952.0,5432679936.0,69004599296.0,3911589888.0
2017-06-19,37.8403,0.0,110465998848.0,4392139776.0,68665098240.0,3227760128.0
2017-06-20,37.5556,0.0,113160003584.0,5108819968.0,70662201344.0,3675079936.0
2017-06-21,38.8138,0.0,114497003520.0,5460839936.0,70056697856.0,3632630016.0
2017-06-22,39.8493,0.0,110776000512.0,4990600192.0,66632699904.0,3376379904.0
2017-06-23,40.0364,0.0,110938996736.0,3382970112.0,66522898432.0,2308160000.0
2017-06-24,39.3046,0.0,114319998976.0,2860369920.0,69386698752.0,1919399936.0
2017-06-25,39.1718,0.0,109221003264.0,3010210048.0,66437201920.0,2047600000.0
2017-06-26,40.344,0.0,105378996224.0,3948720128.0,62864699392.0,2804979968.0
2017-06-27,41.4516,0.0,98133803008.0,5796610048.0,57455800320.0,4133360128.0
2017-06-28,41.2177,0.0,101672001536.0,5377310208.0,59764899840.0,3882439936.0
2017-06-29,39.5808,0.0,106492002304.0,4589420032.0,64341499904.0,3429850112.0
2017-06-30,40.7161,0.0,102389997568.0,3535020032.0,60700598272.0,2603549952.0
2017-07-01,40.9425,0.0,99965100032.0,2797619968.0,59036901376.0,1955160064.0
2017-07-02,41.7983,0.0,95722602496.0,2666660096.0,55712198656.0,1905799936.0
2017-07-03,41.4008,0.0,99121397760.0,3227069952.0,58084298752.0,2442279936.0
2017-07-04,41.6552,0.0,100991000576.0,3696859904.0,58922799104.0,2751300096.0
2017-07-05,42.0717,0.0,101637996544.0,3650040064.0,58877198336.0,2679589888.0
2017-07-06,42.344,0.0,101199003648.0,3244940032.0,58347098112.0,2322710016.0
2017-07-07,42.3668,0.0,101174001664.0,2597250048.0,58309898240.0,1848909952.0
2017-07-08,44.0405,0.0,94044504064.0,2922099968.0,52626898944.0,2017319936.0
2017-07-09,43.8113,0.0,96512000000.0,3001179904.0,54228901888.0,2286759936.0
2017-07-10,44.2444,0.0,93564600320.0,2011049984.0,52167499776.0,1483200000.0
2017-07-11,46.8018,0.0,83809099776.0,3256410112.0,44585000960.0,2165870080.0
2017-07-12,47.8312,0.0,80190201856.0,4328620032.0,41834299392.0,3033349888.0
2017-07-13,44.6143,0.0,88561401856.0,4307570176.0,49050300416.0,3205969920.0
2017-07-14,45.9751,0.0,84443996160.0,3037299968.0,45620801536.0,2220120064.0
2017-07-15,46.0818,0.0,79600295936.0,2751190016.0,42918998016.0,1887480064.0
2017-07-16,46.7162,0.0,70141698048.0,2986220032.0,37374201856.0,2014749952.0
2017-07-17,47.3712,0.0,67118899200.0,4084709888.0,35323899904.0,2916610048.0
2017-07-18,46.3778,0.0,79239397376.0,4395630080.0,42489901056.0,3205540096.0
2017-07-19,44.5044,0.0,85896601600.0,5824130048.0,47668801536.0,4334199808.0
2017-07-20,46.4664,0.0,80395296768.0,4802760192.0,43038498816.0,3575759872.0
2017-07-21,48.8824,0.0,95574196224.0,5977739776.0,48855298048.0,3738390016.0
2017-07-22,47.9109,0.0,91690303488.0,3708630016.0,47760699392.0,2261019904.0
2017-07-23,47.3702,0.0,97595203584.0,2760440064.0,51364200448.0,1604359936.0
2017-07-24,47.2276,0.0,95274000384.0,3098880000.0,50278301696.0,2050200064.0
2017-07-25,47.4101,0.0,95781502976.0,2150840064.0,50371301376.0,1305309952.0
2017-07-26,48.1014,0.0,88261599232.0,3818030080.0,45806600192.0,2373390080.0
2017-07-27,47.8138,0.0,87456800768.0,2470469888.0,45640400896.0,1546499968.0
2017-07-28,49.0103,0.0,90071998464.0,1761650048.0,45927501824.0,987766976.0
2017-07-29,51.403,0.0,90024501248.0,2711520000.0,43749298176.0,1353080064.0
2017-07-30,49.6588,0.0,90397999104.0,2220470016.0,45507497984.0,1433350016.0
2017-07-31,51.0544,0.0,89190703104.0,1695559936.0,43654901760.0,1011699968.0
2017-08-01,51.3459,0.0,92162703360.0,2099890048.0,44840898560.0,1260349952.0
2017-08-02,45.0147,0.0,99857997824.0,3911899904.0,54907199488.0,2613440000.0
2017-08-03,44.5105,0.0,100350001152.0,2832090112.0,55683698688.0,1756839936.0
2017-08-04,45.4069,0.0,101915000832.0,2166850048.0,55638298624.0,1380259968.0
2017-08-05,47.0404,0.0,101568004096.0,2493969920.0,53790298112.0,1512249984.0
2017-08-06,47.7053,0.0,112610000896.0,4790689792.0,58888998912.0,2874010112.0
2017-08-07,47.2306,0.0,112188997632.0,3668229888.0,59201298432.0,2589860096.0
2017-08-08,46.8682,0.0,118610001920.0,3917829888.0,63019601920.0,2465979904.0
2017-08-09,45.5767,0.0,123802001408.0,4958479872.0,67377201152.0,3230650112.0
2017-08-10,45.4409,0.0,121332998144.0,5464659968.0,66198102016.0,4020900096.0
2017-08-11,45.4462,0.0,122492002304.0,4496829952.0,66824101888.0,3003790080.0
2017-08-12,46.1462,0.0,130545999872.0,5143059968.0,70303997952.0,3153319936.0
2017-08-13,47.6923,0.0,134265004032.0,5053609984.0,70230900736.0,2862860032.0
2017-08-14,49.4122,0.0,135821000704.0,6637159936.0,68708999168.0,3510330112.0
2017-08-15,50.7181,0.0,140828000256.0,5200399872.0,69402796032.0,2767830016.0
2017-08-16,50.6171,0.0,136994996224.0,6274880000.0,67652100096.0,3054330112.0
2017-08-17,50.6794,0.0,142837006336.0,4831439872.0,70448300032.0,2605509888.0
2017-08-18,49.7405,0.0,143558000640.0,5850299904.0,72151703552.0,3346670080.0
2017-08-19,47.9148,0.0,142614003712.0,8796059648.0,74280902656.0,5911249920.0
2017-08-20,47.3624,0.0,146091999232.0,8815660032.0,76899196928.0,5884649984.0
2017-08-21,46.6504,0.0,144837001216.0,5458429952.0,77269901312.0,3382340096.0
2017-08-22,45.911,0.0,143867002880.0,8399569920.0,77816496128.0,5620700160.0
2017-08-23,45.6109,0.0,148107001856.0,9276829696.0,80554303488.0,5543040000.0
2017-08-24,45.4357,0.0,150463004672.0,7502230016.0,82099298304.0,5146590208.0
2017-08-25,46.6851,0.0,153357991936.0,5905930240.0,81762402304.0,3898660096.0
2017-08-26,46.5408,0.0,155238006784.0,4366419968.0,82989203456.0,2674690048.0
2017-08-27,45.8077,0.0,156761997312.0,3933280000.0,84953096192.0,2455190016.0
2017-08-28,45.5684,0.0,159031001088.0,4942949888.0,86563102720.0,3437779968.0
2017-08-29,45.0799,0.0,160944996352.0,5479549952.0,88391000064.0,3536969984.0
2017-08-30,45.8112,0.0,164930994176.0,6228210176.0,89373900800.0,3761179904.0
2017-08-31,45.1266,0.0,166912999424.0,5608050176.0,91590901760.0,3684059904.0
2017-09-01,44.977,0.0,172862619648.0,5343719936.0,95114199040.0,3407250176.0
2017-09-02,45.3035,0.0,178928140288.0,8069445120.0,97867472896.0,5477004800.0
2017-09-03,46.0012,0.0,164868784128.0,8549033472.0,89027158016.0,5836313600.0
2017-09-04,45.9943,0.0,165141217280.0,5460251136.0,89185624064.0,3536451328.0
2017-09-05,48.0104,0.0,145706860544.0,8387929600.0,75752439808.0,5395419648.0
2017-09-06,47.3814,0.0,152841928704.0,7644898816.0,80423215104.0,4944228864.0
2017-09-07,46.6339,0.0,162853765120.0,6372214784.0,86908772352.0,4204044800.0
2017-09-08,46.5749,0.0,163650912256.0,5903867392.0,87430684672.0,4062507520.0
2017-09-09,47.1306,0.0,148559675392.0,7675353600.0,78542577664.0,4974093824.0
2017-09-10,47.4682,0.0,147505463296.0,3581538816.0,77487308800.0,2172558848.0
2017-09-11,47.4156,0.0,143952789504.0,4418566144.0,75696750592.0,2741486080.0
2017-09-12,47.2552,0.0,146086379520.0,3958501120.0,77053018112.0,2398511104.0
2017-09-13,47.4898,0.0,144098672640.0,4801362944.0,75666472960.0,2940073216.0
2017-09-14,47.1331,0.0,136192172032.0,5316146688.0,72000643072.0,3099746560.0
2017-09-15,48.6256,0.0,107872043008.0,6567738880.0,55418560512.0,3832308992.0
2017-09-16,48.4207,0.0,124474998784.0,10921453568.0,64203296768.0,6783053312.0
2017-09-17,48.3762,0.0,123527217152.0,4540605440.0,63769399296.0,2730295296.0
2017-09-18,48.1147,0.0,123692064768.0,2849420544.0,64178012160.0,1610250496.0
2017-09-19,48.0609,0.0,140489048064.0,5174393856.0,72968732672.0,3226294016.0
2017-09-20,47.8699,0.0,135614341120.0,4154930432.0,70695878656.0,2592880384.0
2017-09-21,48.0527,0.0,134597107712.0,3197688320.0,69919563776.0,1988228224.0
2017-09-22,48.596,0.0,123780472832.0,3493323008.0,63628173312.0,2077313152.0
2017-09-23,48.1483,0.0,125009928192.0,2840860160.0,64819822592.0,1647350272.0
2017-09-24,47.7791,0.0,131760971776.0,2320652800.0,68806713344.0,1392031872.0
2017-09-25,47.5112,0.0,128519241728.0,2097712896.0,67458170880.0,1331255808.0
2017-09-26,47.6757,0.0,136675500032.0,3222412288.0,71514472448.0,1848312192.0
2017-09-27,47.6649,0.0,135485800448.0,2570651648.0,70906642432.0,1528101632.0
2017-09-28,47.7594,0.0,145800019968.0,4074629632.0,76166807552.0,2386649600.0
2017-09-29,47.9873,0.0,144245014528.0,4319234560.0,75025801216.0,2609084672.0
2017-09-30,48.5681,0.0,142349844480.0,3347354880.0,73213255680.0,1980764928.0
2017-10-01,48.715,0.0,147895386112.0,2786199808.0,75848122368.0,1576119808.0
2017-10-02,48.9939,0.0,148923088896.0,2748509184.0,75959844864.0,1540059264.0
2017-10-03,49.2366,0.0,148631945216.0,3106045184.0,75450572800.0,1677895168.0
2017-10-04,49.318,0.0,145408278528.0,2763500800.0,73695821824.0,1473320832.0
2017-10-05,49.0753,0.0,143114010624.0,2510280704.0,72880332800.0,1395380736.0
2017-10-06,49.1678,0.0,146052268032.0,2835108352.0,74241581056.0,1673978496.0
2017-10-07,48.9471,0.0,148251901952.0,2394834688.0,75686895616.0,1323574656.0
2017-10-08,49.063,0.0,149961359360.0,2066441984.0,76385869824.0,1157713024.0
2017-10-09,50.3079,0.0,152374427648.0,3159786240.0,75718025216.0,1847556224.0
2017-10-10,52.3948,0.0,151449747456.0,4464966144.0,72097980416.0,2496816128.0
2017-10-11,51.8846,0.0,153375473664.0,3462258176.0,73797238784.0,1860288128.0
2017-10-12,51.6312,0.0,155442479104.0,2440831744.0,75185725440.0,1207291776.0
2017-10-13,54.8797,0.0,165475450880.0,5203909632.0,74663100416.0,2392359680.0
2017-10-14,54.1876,0.0,173107953664.0,7204963840.0,79304859648.0,3602163968.0
2017-10-15,54.8946,0.0,176723886080.0,3610716416.0,79712075776.0,1935896320.0
2017-10-16,54.4449,0.0,173678182400.0,4242873088.0,79119204352.0,2268273152.0
2017-10-17,54.6579,0.0,174666940416.0,5073084416.0,79197675520.0,3066674432.0
2017-10-18,54.645,0.0,170537467904.0,5024417792.0,77347266560.0,3202968064.0
2017-10-19,55.078,0.0,168609792000.0,5044578304.0,75742846976.0,2646578176.0
2017-10-20,55.8799,0.0,169914417152.0,3599244544.0,74966425600.0,1818114432.0
2017-10-21,57.5366,0.0,173390856192.0,4357414400.0,73627648000.0,2004244480.0
2017-10-22,58.0151,0.0,173123731456.0,3819347712.0,72685854720.0,1608127744.0
2017-10-23,58.1209,0.0,171954798592.0,3651247360.0,72013152256.0,1622907520.0
2017-10-24,58.6028,0.0,168561197056.0,4178328576.0,69779603456.0,1768178432.0
2017-10-25,55.5963,0.0,165396381696.0,5410519552.0,73442115584.0,2621879296.0
2017-10-26,56.5468,0.0,169214246912.0,3481466624.0,73529065472.0,1514066560.0
2017-10-27,57.4263,0.0,171046191104.0,3282238464.0,72820760576.0,1381678592.0
2017-10-28,56.8004,0.0,169663479808.0,3373928192.0,73293955072.0,1658148096.0
2017-10-29,56.694,0.0,169012183040.0,3232251136.0,73192341504.0,1829041152.0
2017-10-30,57.2836,0.0,177769758720.0,7144169984.0,75936800768.0,4286589952.0
2017-10-31,57.2528,0.0,178384683008.0,3818739200.0,76254502912.0,2056729344.0
2017-11-01,58.7412,0.0,182643113984.0,4196266752.0,75356282880.0,1877566848.0
2017-11-02,60.4863,0.0,186669580288.0,5961729536.0,73759989760.0,3087879424.0
2017-11-03,61.3276,0.0,192545865728.0,9116119040.0,74462035968.0,4472698880.0
2017-11-04,60.7992,0.0,196345085952.0,7559247360.0,76968820736.0,4189507328.0
2017-11-05,61.8451,0.0,199511703552.0,5312147968.0,76123512832.0,2839557888.0
2017-11-06,61.8989,0.0,199324041216.0,4843650048.0,75944665088.0,2463259904.0
2017-11-07,60.4326,0.0,193697300480.0,6322193408.0,76641001472.0,3205803520.0
2017-11-08,60.3816,0.0,197148459008.0,5040909824.0,78107009024.0,2721689600.0
2017-11-09,59.9582,0.0,207054946304.0,8993362944.0,82908569600.0,4394053120.0
2017-11-10,57.9951,0.0,206237007872.0,7048676352.0,86629580800.0,3803406336.0
2017-11-11,56.0334,0.0,196957323264.0,13876081664.0,86595387392.0,8687211520.0
2017-11-12,52.3456,0.0,200551202816.0,14087428096.0,95571509248.0,9189318656.0
2017-11-13,51.2302,0.0,193302003712.0,23265839104.0,94272921600.0,14288560128.0
2017-11-14,53.1855,0.0,205758676992.0,14863025152.0,96324837376.0,8605325312.0
2017-11-15,52.8404,0.0,209435754496.0,8233509376.0,98769125376.0,5033399808.0
2017-11-16,55.3365,0.0,220766158848.0,8288302080.0,98601893888.0,4079922176.0
2017-11-17,58.2143,0.0,225075593216.0,11921904640.0,94049484800.0,6796104192.0
2017-11-18,56.3078,0.0,228076781568.0,11315221504.0,99651813376.0,6671531520.0
2017-11-19,55.4708,0.0,233626779648.0,9965075456.0,104032034816.0,6306376192.0
2017-11-20,56.4826,0.0,237537181696.0,7922857984.0,103369924608.0,4775977984.0
2017-11-21,56.1198,0.0,244061880320.0,7905933312.0,107094941696.0,4403333120.0
2017-11-22,56.2583,0.0,239700606976.0,9219906560.0,104849227776.0,4957376512.0
2017-11-23,55.1717,0.0,249121275904.0,9118309376.0,111676850176.0,5487059456.0
2017-11-24,52.9812,0.0,254461132800.0,13444281344.0,119644684288.0,9192932352.0
2017-11-25,51.9578,0.0,264891760640.0,14188626944.0,127259852800.0,9169537024.0
2017-11-26,52.183,0.0,281296928768.0,11014281216.0,134507765760.0,6669630976.0
2017-11-27,52.9777,0.0,294880706560.0,11946624000.0,138659659776.0,6409893376.0
2017-11-28,53.7401,0.0,305366695936.0,12939994112.0,141262389248.0,7283994112.0
2017-11-29,53.6289,0.0,313947783168.0,15660434432.0,145580998656.0,9321934848.0
2017-11-30,56.1292,0.0,294922354688.0,24278384640.0,129384849408.0,12602985472.0
2017-12-01,55.8601,0.0,305110745088.0,16784720896.0,134675554304.0,8357690880.0
2017-12-02,56.1494,0.0,326788775936.0,13477820416.0,143298985984.0,6714770432.0
2017-12-03,56.2978,0.0,329067102208.0,10715938816.0,143809658880.0,5578689024.0
2017-12-04,56.0029,0.0,337789845504.0,13981987840.0,148617871360.0,7303788032.0
2017-12-05,55.5921,0.0,351469469696.0,13229934592.0,156080177152.0,7061564928.0
2017-12-06,55.7903,0.0,357392547840.0,15672337408.0,158002167808.0,8722157568.0
2017-12-07,60.8244,0.0,392276148224.0,25255462912.0,153676513280.0,12574963712.0
2017-12-08,66.5202,0.0,447662686208.0,30173585408.0,149876473856.0,12030686208.0
2017-12-09,62.5152,0.0,442155597824.0,35248623616.0,165741019136.0,14147921920.0
2017-12-10,60.8698,0.0,416926367744.0,25167534080.0,163144237056.0,11265134592.0
2017-12-11,62.8035,0.0,411038908416.0,22130808832.0,152892047360.0,8716708864.0
2017-12-12,61.8943,0.0,457481879552.0,23525392384.0,174326480896.0,11371193344.0
2017-12-13,58.4693,0.0,500946894848.0,37536649216.0,208046997504.0,22916347904.0
2017-12-14,55.9058,0.0,490590339072.0,33210693632.0,216321753088.0,20311992320.0
2017-12-15,53.0196,0.0,524211617792.0,38723723264.0,246276800512.0,24914823168.0
2017-12-16,55.3383,0.0,537379110912.0,33449152512.0,240002859008.0,19137253376.0
2017-12-17,56.2777,0.0,579520495616.0,28328013824.0,253379706880.0,15578413056.0
2017-12-18,54.5052,0.0,587100651520.0,29563117568.0,267100225536.0,16286317568.0
2017-12-19,51.7883,0.0,618369056768.0,38121996288.0,298126082048.0,23278897152.0
2017-12-20,48.2394,0.0,616770764800.0,44539883520.0,319244402688.0,27640184832.0
2017-12-21,44.9442,0.0,620385468416.0,57309618176.0,341558296576.0,35099717632.0
2017-12-22,43.4428,0.0,613178998784.0,42199707648.0,346796883968.0,25601607680.0
2017-12-23,44.3598,0.0,526935392256.0,54249832448.0,293188141056.0,31848230912.0
2017-12-24,43.2335,0.0,566283599872.0,32745070592.0,321459486720.0,19554570240.0
2017-12-25,43.4573,0.0,539815444480.0,27220822016.0,305226317824.0,15575621632.0
2017-12-26,42.31,0.0,556119687168.0,25785724928.0,320825229312.0,15080324096.0
2017-12-27,44.9038,0.0,603458502656.0,29059401728.0,332482478080.0,15618201600.0
2017-12-28,44.2982,0.0,600449744896.0,29451694080.0,334461370368.0,16990794752.0
2017-12-29,43.0908,0.0,571879522304.0,33558282240.0,325452267520.0,21127280640.0
2017-12-30,39.9953,0.0,615634108416.0,37190664192.0,369409490944.0,24195766272.0
2017-12-31,38.6465,0.0,559755231232.0,38822621184.0,343429513216.0,24497623040.0
2018-01-01,38.6221,0.0,612924653568.0,31416518656.0,376200232960.0,19277318144.0
2018-01-02,37.1291,0.0,615633059840.0,27340439552.0,387054108672.0,17021338624.0
2018-01-03,37.3185,0.0,673426702336.0,43249201152.0,422114197504.0,26450702336.0
2018-01-04,34.6683,0.0,739147579392.0,52711313408.0,482897428480.0,35750412288.0
2018-01-05,34.3842,0.0,755427835904.0,67713847296.0,495679995904.0,45877547008.0
2018-01-06,37.5344,0.0,780860784640.0,61347840000.0,487769473024.0,37479038976.0
2018-01-07,36.0939,0.0,815159246848.0,48035467264.0,520936816640.0,29777766400.0
2018-01-08,33.3855,0.0,828537372672.0,43567509504.0,551926104064.0,27677509632.0
2018-01-09,34.3037,0.0,740258414592.0,50421280768.0,486322208768.0,32025882624.0
2018-01-10,33.4559,0.0,732246441984.0,47219552256.0,487266484224.0,30504951808.0
2018-01-11,34.2265,0.0,734480695296.0,53713485824.0,483093708800.0,35208785920.0
2018-01-12,33.9247,0.0,666141392896.0,48601755648.0,440154750976.0,32032854016.0
2018-01-13,32.6588,0.0,717697908736.0,36942569472.0,483306471424.0,24866467840.0
2018-01-14,32.441,0.0,744264695808.0,40144896000.0,502818013184.0,27380295680.0
2018-01-15,32.8133,0.0,705001750528.0,33718431744.0,473667207168.0,22681731072.0
2018-01-16,34.0529,0.0,682809425920.0,38898614272.0,450292711424.0,26129213440.0
2018-01-17,35.8278,0.0,536239702016.0,57925136384.0,344116920320.0,39060836352.0
2018-01-18,34.7576,0.0,541584719872.0,59402108928.0,353342816256.0,40547508224.0
2018-01-19,34.1125,0.0,563280609280.0,49456119808.0,371131285504.0,34584616960.0
2018-01-20,34.0816,0.0,575029903360.0,33454921728.0,379050590208.0,22650322944.0
2018-01-21,34.3684,0.0,630635626496.0,36185837568.0,413896179712.0,24360538112.0
2018-01-22,34.7362,0.0,563229491200.0,32852326400.0,367585001472.0,22829025280.0
2018-01-23,34.6793,0.0,530826428416.0,32600068096.0,346739671040.0,22074466304.0
2018-01-24,34.734,0.0,528067919872.0,28890075136.0,344648876032.0,19223314432.0
2018-01-25,34.4268,0.0,558179745792.0,29847877632.0,366016364544.0,19702677504.0
2018-01-26,34.4206,0.0,550247137280.0,27302303744.0,360849047552.0,18498703360.0
2018-01-27,34.5137,0.0,544869253120.0,29008248832.0,356814553088.0,19257690112.0
2018-01-28,34.3667,0.0,561976639488.0,21040355328.0,368843751424.0,13437725696.0
2018-01-29,33.2403,0.0,595276398592.0,26412380160.0,397404897280.0,18056331264.0
2018-01-30,33.3645,0.0,570485309440.0,21352564736.0,380145795072.0,14242975744.0
2018-01-31,33.8436,0.0,502852550656.0,25147754496.0,332668993536.0,16499654656.0
2018-02-01,33.3298,0.0,517171871744.0,24512888832.0,344799543296.0,16461599744.0
2018-02-02,33.8744,0.0,454481379328.0,28487213056.0,300528697344.0,18546104320.0
2018-02-03,34.986,0.0,426127949824.0,39442333696.0,277042757632.0,26684635136.0
2018-02-04,34.5598,0.0,447205244928.0,23294361600.0,292651958272.0,16042851328.0
2018-02-05,35.2568,0.0,395170643968.0,21671804928.0,255845941248.0,14610355200.0
2018-02-06,35.9426,0.0,330554540032.0,26410778624.0,211744620544.0,17010449408.0
2018-02-07,35.2176,0.0,371073253376.0,40717025280.0,240390045696.0,26767726592.0
2018-02-08,35.8885,0.0,358649856000.0,25514647552.0,229935775744.0,16335848448.0
2018-02-09,35.3158,0.0,394758422528.0,25022167040.0,255346376704.0,15678925824.0
2018-02-10,34.4259,0.0,426949541888.0,19837898752.0,279968350208.0,13065559040.0
2018-02-11,34.398,0.0,422247038976.0,26283563008.0,277002452992.0,18521202688.0
2018-02-12,34.3019,0.0,400146137088.0,19457486848.0,262888357888.0,13307966464.0
2018-02-13,34.8616,0.0,431751888896.0,18241718272.0,281236242432.0,11984258048.0
2018-02-14,34.8345,0.0,416320323584.0,16896848896.0,271297183744.0,11208379392.0
2018-02-15,34.7631,0.0,460329975808.0,24380936192.0,300304826368.0,16466265088.0
2018-02-16,35.753,0.0,478170120192.0,25032452096.0,307210125312.0,15993031680.0
2018-02-17,35.4699,0.0,485459034112.0,20050501632.0,313267322880.0,12778501120.0
2018-02-18,36.5253,0.0,513788051456.0,22385408000.0,326125420544.0,13714167808.0
2018-02-19,36.9925,0.0,481324531712.0,22438148096.0,303270395904.0,13707297792.0
2018-02-20,37.6869,0.0,502924541952.0,19399817216.0,313388040192.0,11756548096.0
2018-02-21,39.4643,0.0,486329253888.0,25115938816.0,294403047424.0,15187227648.0
2018-02-22,39.2598,0.0,458321625088.0,23367251968.0,278385557504.0,14008462336.0
2018-02-23,39.1377,0.0,428603572224.0,20116506624.0,260858019840.0,12098667520.0
2018-02-24,38.5919,0.0,450050490368.0,20573513728.0,276367376384.0,12854932480.0
2018-02-25,38.3578,0.0,431220555776.0,18186975232.0,265813901312.0,11288386560.0
2018-02-26,37.9425,0.0,430344110080.0,15180637184.0,267060690944.0,9463227392.0
2018-02-27,38.8948,0.0,451307765760.0,18723049472.0,275772342272.0,11405189120.0
2018-02-28,39.4519,0.0,457545515008.0,17899302912.0,277035220992.0,10933243904.0
2018-03-01,39.862,0.0,440083808256.0,17487165440.0,264657403904.0,10572386304.0
2018-03-02,40.3872,0.0,459194007552.0,18292068352.0,273738252288.0,10980808704.0
2018-03-03,41.0424,0.0,457041444864.0,18301616128.0,269460553728.0,10697346048.0
2018-03-04,41.9344,0.0,463317237760.0,16394948608.0,269027983360.0,9717178368.0
2018-03-05,41.4238,0.0,470507716608.0,15784275968.0,275605684224.0,9700175872.0
2018-03-06,41.9117,0.0,463779102720.0,17893974016.0,269401538560.0,11389825024.0
2018-03-07,41.6564,0.0,438422306816.0,17150973952.0,255791300608.0,10385684480.0
2018-03-08,41.715,0.0,403310084096.0,21073948672.0,235069292544.0,12286519296.0
2018-03-09,42.0036,0.0,378979811328.0,17731414016.0,219794817024.0,10543873024.0
2018-03-10,41.354,0.0,384311885824.0,21059457024.0,226193178624.0,12343867392.0
2018-03-11,41.3328,0.0,361763307520.0,13525172224.0,212047085568.0,8165542400.0
2018-03-12,41.7714,0.0,388832690176.0,14976182272.0,226411970560.0,8683931648.0
2018-03-13,41.7259,0.0,371874988032.0,15279132672.0,216706727936.0,8840292352.0
2018-03-14,41.8494,0.0,372504068096.0,13878729728.0,216613486592.0,7874420224.0
2018-03-15,42.2038,0.0,332376309760.0,15516070912.0,192101007360.0,9074581504.0
2018-03-16,42.5058,0.0,331328585728.0,16623182848.0,190494654464.0,9785062400.0
2018-03-17,42.67,0.0,330052763648.0,12974233600.0,189219225600.0,7674622976.0
2018-03-18,43.4009,0.0,307706494976.0,10908431360.0,174159134720.0,6514201600.0
2018-03-19,44.359,0.0,318403379200.0,17741903872.0,177162977280.0,10988723200.0
2018-03-20,43.4911,0.0,335520595968.0,18053300224.0,189598957568.0,11338509312.0
2018-03-21,43.7507,0.0,345859751936.0,17628205056.0,194543763456.0,11276165120.0
2018-03-22,43.7713,0.0,345810829312.0,16237137920.0,194444886016.0,10204797952.0
2018-03-23,44.0053,0.0,336189128704.0,14840541184.0,188248162304.0,9314840576.0
2018-03-24,44.3415,0.0,340001325056.0,17459968000.0,189239574528.0,11433347072.0
2018-03-25,44.2219,0.0,329886466048.0,15058314240.0,184004427776.0,9451354112.0
2018-03-26,43.7631,0.0,328952676352.0,11944108032.0,184992825344.0,7389208576.0
2018-03-27,44.4603,0.0,312456052736.0,15511460864.0,173537099776.0,9585480704.0
2018-03-28,44.8099,0.0,296321384448.0,14687452160.0,163540107264.0,9315722240.0
2018-03-29,44.9833,0.0,300566675456.0,13861370880.0,165361729536.0,8927380480.0
2018-03-30,45.7185,0.0,265829810176.0,16378446848.0,144296329216.0,10017637376.0
2018-03-31,44.6871,0.0,261417500672.0,15615965184.0,144597712896.0,9332096000.0
2018-04-01,44.9861,0.0,263871070208.0,11311711232.0,145165877248.0,6743731200.0
2018-04-02,45.4861,0.0,255105548288.0,11364388864.0,139068047360.0,6830519296.0
2018-04-03,45.5006,0.0,264644526080.0,11134631936.0,144229613568.0,6783001600.0
2018-04-04,44.7894,0.0,282286424064.0,14123113472.0,155852095488.0,8642122752.0
2018-04-05,45.098,0.0,257531641856.0,12756321280.0,141390086144.0,7827860992.0
2018-04-06,44.8708,0.0,257629929472.0,14143320064.0,142029373440.0,8530240512.0
2018-04-07,45.046,0.0,249670369280.0,9800367104.0,137203736576.0,6039877632.0
2018-04-08,45.1555,0.0,259973398528.0,9762612224.0,142581219328.0,5789592064.0
2018-04-09,44.8555,0.0,266446176256.0,9043139584.0,146930401280.0,5389729280.0
2018-04-10,44.2631,0.0,260500586496.0,12231066624.0,145194975232.0,7333086208.0
2018-04-11,43.8169,0.0,265026158592.0,10846143488.0,148900003840.0,6580313600.0
2018-04-12,42.8031,0.0,275792134144.0,14112886784.0,157744545792.0,9469017088.0
2018-04-13,42.6572,0.0,314398605312.0,24979789824.0,180285014016.0,16065429504.0
2018-04-14,42.5752,0.0,313989660672.0,22599700480.0,180308082688.0,14834760704.0
2018-04-15,42.569,0.0,319038849024.0,14822450176.0,183227236352.0,9626109952.0
2018-04-16,42.0303,0.0,336830660608.0,15296965632.0,195259891712.0,10060965888.0
2018-04-17,41.8476,0.0,327545716736.0,16009713664.0,190475714560.0,10377673728.0
2018-04-18,41.6125,0.0,324243128320.0,18973630464.0,189317414912.0,12084350976.0
2018-04-19,40.355,0.0,343428530176.0,18786093056.0,204837928960.0,12257002496.0
2018-04-20,39.0923,0.0,360113274880.0,21015128064.0,219336704000.0,13949927424.0
2018-04-21,38.4348,0.0,391148961792.0,26496778240.0,240811540480.0,18070038528.0
2018-04-22,39.3021,0.0,385859649536.0,24590290944.0,234208591872.0,17028469760.0
2018-04-23,38.5505,0.0,387669164032.0,21230065664.0,238220705792.0,14633116672.0
2018-04-24,37.7355,0.0,402389663744.0,22091425792.0,250545864704.0,15156135936.0
2018-04-25,37.8316,0.0,435861258240.0,35707777024.0,270968012800.0,25072275456.0
2018-04-26,38.7026,0.0,389472387072.0,37667053568.0,238736277504.0,26586155008.0
2018-04-27,37.8725,0.0,417052557312.0,28180912128.0,259104161792.0,19218122752.0
2018-04-28,37.7159,0.0,402987581440.0,25613975552.0,250997096448.0,18059415552.0
2018-04-29,37.0615,0.0,428821872640.0,25972115456.0,269894025216.0,18195785728.0
2018-04-30,36.5235,0.0,438900719616.0,33159731200.0,278598877184.0,24299470848.0
2018-05-01,37.1825,0.0,423181713408.0,30800865280.0,265832136704.0,22131605504.0
2018-05-02,36.575,0.0,423428751360.0,26519588864.0,268559745024.0,18822899712.0
2018-05-03,36.1988,0.0,433955995648.0,25080881152.0,276869316608.0,17485010944.0
2018-05-04,36.1519,0.0,456284635136.0,32794693632.0,291329015808.0,22589693952.0
2018-05-05,36.2195,0.0,455706411008.0,26817437696.0,290651766784.0,18660136960.0
2018-05-06,35.8573,0.0,467245596672.0,25195143168.0,299704156160.0,17548222464.0
2018-05-07,36.0304,0.0,455618854912.0,25044385792.0,291457630208.0,17836025856.0
2018-05-08,36.2337,0.0,440672518144.0,26226780160.0,281000607744.0,18829871104.0
2018-05-09,35.7827,0.0,438796484608.0,23231057920.0,281783107584.0,15830358016.0
2018-05-10,36.5328,0.0,434602180608.0,22433249280.0,275830046720.0,15210470400.0
2018-05-11,36.849,0.0,418306850816.0,22486462464.0,264164802560.0,15586751488.0
2018-05-12,37.4765,0.0,383554748416.0,29733255168.0,239811805184.0,21303767040.0
2018-05-13,37.1801,0.0,390051790848.0,25163669504.0,245030207488.0,18354710528.0
2018-05-14,36.4571,0.0,407062872064.0,20015775744.0,258659713024.0,14157045760.0
2018-05-15,36.6572,0.0,404511588352.0,24148654080.0,256228917248.0,16808543232.0
2018-05-16,37.1485,0.0,389996707840.0,21142474752.0,245118664704.0,14453494784.0
2018-05-17,37.0111,0.0,385312423936.0,21131931648.0,242704154624.0,14373872640.0
2018-05-18,37.5885,0.0,366817968128.0,18976176128.0,228936630272.0,13124025344.0
2018-05-19,37.3318,0.0,376860540928.0,18786744320.0,236171771904.0,13034754048.0
2018-05-20,37.364,0.0,376179818496.0,15385260032.0,235623890944.0,10673740800.0
2018-05-21,37.1637,0.0,390877282304.0,16875702272.0,245613019136.0,11697051648.0
2018-05-22,37.5557,0.0,382189207552.0,16395000832.0,238655258624.0,11250071552.0
2018-05-23,38.2563,0.0,358173868032.0,16091222016.0,221149888512.0,10959921152.0
2018-05-24,39.083,0.0,329873850368.0,21037324288.0,200949121024.0,14559064064.0
2018-05-25,38.0584,0.0,340187348992.0,20307857408.0,210717376512.0,14254587904.0
2018-05-26,38.4769,0.0,331839864832.0,15560022016.0,204158058496.0,10706492416.0
2018-05-27,38.1864,0.0,328846671872.0,12889075712.0,203271847936.0,8848225280.0
2018-05-28,38.5407,0.0,326272483328.0,12795774976.0,200524775424.0,8743404544.0
2018-05-29,39.9492,0.0,304476454912.0,16659800064.0,182840492032.0,11622179840.0
2018-05-30,38.9538,0.0,327192576000.0,18672168960.0,199738720256.0,13008238592.0
2018-05-31,39.0309,0.0,323808919552.0,16431029248.0,197423333376.0,11337428992.0
2018-06-01,38.6445,0.0,331262164992.0,16361333760.0,203247714304.0,11240074240.0
2018-06-02,38.536,0.0,333831241728.0,15590742016.0,205186138112.0,10676742144.0
2018-06-03,37.9239,0.0,343550459904.0,18012227584.0,213262860288.0,13079658496.0
2018-06-04,37.5133,0.0,351363072000.0,16615163904.0,219555053568.0,11763403776.0
2018-06-05,37.8766,0.0,338151702528.0,16652175360.0,210071224320.0,11666854912.0
2018-06-06,37.6392,0.0,346003472384.0,16332468224.0,215770595328.0,11372527616.0
2018-06-07,37.854,0.0,345197215744.0,15038267392.0,214526099456.0,10342256640.0
2018-06-08,37.9934,0.0,345509888000.0,14837116928.0,214238871552.0,10353096704.0
2018-06-09,38.1475,0.0,341794488320.0,13619356672.0,211408420864.0,9396566016.0
2018-06-10,38.1853,0.0,335542845440.0,12492304384.0,207414804480.0,8617124864.0
2018-06-11,39.1448,0.0,296782757888.0,19737747456.0,180607713280.0,13956938752.0
2018-06-12,39.0165,0.0,302453915648.0,15842665472.0,184446828544.0,11116645376.0
2018-06-13,39.8056,0.0,283226308608.0,15421835264.0,170486284288.0,10759296000.0
2018-06-14,39.9496,0.0,271362588672.0,16305951744.0,162954215424.0,11271092224.0
2018-06-15,39.4184,0.0,289418674176.0,17214228480.0,175334375424.0,12081849344.0
2018-06-16,39.8784,0.0,276739784704.0,13145126912.0,166380388352.0,9197136896.0
2018-06-17,39.9593,0.0,280067211264.0,10415037440.0,168154349568.0,7227417600.0
2018-06-18,39.9965,0.0,278322806784.0,9599320064.0,167003389952.0,6494180352.0
2018-06-19,40.1022,0.0,287529402368.0,12411128832.0,172223725568.0,8371288576.0
2018-06-20,39.7539,0.0,291302146048.0,13264679936.0,175498182656.0,9200320512.0
2018-06-21,40.0821,0.0,289348485120.0,12866644992.0,173371588608.0,8979585024.0
2018-06-22,40.2478,0.0,286397857792.0,11499451392.0,171128897536.0,7977141760.0
2018-06-23,40.8721,0.0,254937776128.0,17136112640.0,150739288064.0,12058432512.0
2018-06-24,40.9838,0.0,257369997312.0,11701473280.0,151889920000.0,8278003712.0
2018-06-25,41.9769,0.0,251626635264.0,16930790400.0,146001625088.0,12379200512.0
2018-06-26,41.8151,0.0,255967936512.0,18264672256.0,148934688768.0,12763061248.0
2018-06-27,42.7167,0.0,243813679104.0,10537202688.0,139664408576.0,7252642816.0
2018-06-28,42.3698,0.0,248609964032.0,10640192512.0,143274328064.0,7355102720.0
2018-06-29,42.6479,0.0,236779569152.0,11251453952.0,135798128640.0,7781173760.0
2018-06-30,42.9093,0.0,247976476672.0,12472551424.0,141571620864.0,8498971648.0
2018-07-01,42.5997,0.0,257741733888.0,14370782208.0,147944603648.0,9823672320.0
2018-07-02,42.4798,0.0,257234649088.0,15038041088.0,147961790464.0,10246650880.0
2018-07-03,41.8386,0.0,270058602496.0,14612756480.0,157069869056.0,10165876736.0
2018-07-04,42.1125,0.0,266462429184.0,15564372992.0,154248478720.0,10892223488.0
2018-07-05,41.7674,0.0,270693138432.0,13917130752.0,157631610880.0,9739271168.0
2018-07-06,42.1278,0.0,269989380096.0,16080091136.0,156248702976.0,11080050688.0
2018-07-07,42.3727,0.0,269674545152.0,13769182208.0,155406123008.0,9455171584.0
2018-07-08,42.2211,0.0,278348070912.0,12176983040.0,160826556416.0,8210683392.0
2018-07-09,42.2686,0.0,274713853952.0,11015291904.0,158596251648.0,7631522304.0
2018-07-10,42.9395,0.0,269016612864.0,12326258688.0,153502269440.0,8608078848.0
2018-07-11,43.3051,0.0,250605486080.0,13718644736.0,142080409600.0,9667894272.0
2018-07-12,43.1474,0.0,254169268224.0,12052092928.0,144501915648.0,8416813056.0
2018-07-13,43.3686,0.0,246504259584.0,11890355200.0,139598741504.0,8111194624.0
2018-07-14,43.0594,0.0,248797118464.0,11931593728.0,141666631680.0,8148623360.0
2018-07-15,43.111,0.0,249525010432.0,9088020480.0,141952204800.0,6169120768.0
2018-07-16,42.6996,0.0,255340953600.0,10298556416.0,146311479296.0,7008606720.0
2018-07-17,42.3483,0.0,272979247104.0,14592121856.0,157377069056.0,9862191104.0
2018-07-18,42.9951,0.0,291872538624.0,18245163008.0,166381699072.0,12283253760.0
2018-07-19,43.7215,0.0,289526841344.0,19693955072.0,162941353984.0,13591835648.0
2018-07-20,44.4619,0.0,288183746560.0,16560726016.0,160051757056.0,11449375744.0
2018-07-21,45.6574,0.0,276359053312.0,15295636480.0,150180691968.0,10375486464.0
2018-07-22,45.2109,0.0,281586630656.0,11775197184.0,154278723584.0,8049056768.0
2018-07-23,45.3774,0.0,280473534464.0,11497741312.0,153201786880.0,7802311168.0
2018-07-24,46.6926,0.0,283702394880.0,14799787008.0,151234314240.0,9668937728.0
2018-07-25,47.5286,0.0,302699642880.0,21180338176.0,158830624768.0,13875146752.0
2018-07-26,46.9771,0.0,298879516672.0,17537720320.0,158474518528.0,11720259584.0
2018-07-27,46.9252,0.0,290958639104.0,14402001920.0,154425835520.0,9501372416.0
2018-07-28,47.1885,0.0,297328967680.0,16179419136.0,157023846400.0,10979748864.0
2018-07-29,47.3327,0.0,297788342272.0,12652347392.0,156836970496.0,8647627776.0
2018-07-30,47.4172,0.0,297865478144.0,13078498304.0,156626026496.0,8969707520.0
2018-07-31,47.9949,0.0,292863223827.39,17692152629.79,152303662867.39,12142662629.79
2018-08-01,48.0585,0.0,277770824530.3,15398085549.03,144278230371.82,10106975549.03
2018-08-02,48.041,0.0,273078776005.22,14300071695.05,141889137194.69,9514991695.05
2018-08-03,48.6978,0.0,266882624887.51,12435726230.71,136916661991.51,8220656230.71
2018-08-04,48.1154,0.0,265734630258.81,13725709166.11,137875236930.56,9106999166.11
2018-08-05,47.6251,0.0,253793167140.12,12103007752.44,132923895811.16,7837207752.44
2018-08-06,47.3072,0.0,256685678246.55,10851633584.22,135254846282.05,7168133584.22
2018-08-07,47.4911,0.0,251928492969.34,11672704696.56,132284877435.34,7757584696.56
2018-08-08,48.1821,0.0,240795927755.36,14347635147.1,124775408442.86,9672895147.1
2018-08-09,48.9538,0.0,221523876955.22,15595461702.61,113079594963.22,10549331702.61
2018-08-10,49.0182,0.0,230585271971.11,12803574364.53,117556440543.07,8546644364.53
2018-08-11,49.465,0.0,215120772951.55,13187802320.99,108711266924.05,8671082320.99
2018-08-12,50.8645,0.0,212538114471.1,12308690118.74,104431686411.1,8265260118.74
2018-08-13,51.0634,0.0,213678455515.44,14763847222.89,104566954413.44,9104847222.89
2018-08-14,53.0503,0.0,203955648753.93,12292752083.09,95756495133.43,8211352083.09
2018-08-15,53.5267,0.0,200031157580.19,15546976807.53,92961141522.19,10230266807.53
2018-08-16,53.5266,0.0,202396405785.17,14148946098.24,94060591092.42,9269626098.24
2018-08-17,53.2118,0.0,205126750431.84,12752030940.86,95975118305.59,8435970940.86
2018-08-18,50.685,0.0,223614315020.17,16685237784.89,110275386410.76,11696027784.89
2018-08-19,52.0113,0.0,212612696317.6,13669597748.39,102030170571.6,9712567748.39
2018-08-20,51.5879,0.0,216981452892.04,11288184650.87,105045355402.67,7980284650.87
2018-08-21,52.8794,0.0,205209754523.93,11373659455.03,96696035045.68,7733239455.03
2018-08-22,52.752,0.0,211773714009.18,9991910921.73,100058844392.93,6648000921.73
2018-08-23,53.2934,0.0,205932375951.0,13290211072.08,96183973765.5,8623151072.08
2018-08-24,53.2555,0.0,211929458478.98,10271017599.76,99065362092.74,6851957599.76
2018-08-25,53.3958,0.0,216830185630.33,12004427637.9,101051999081.58,7915437637.9
2018-08-26,53.5191,0.0,217468503513.81,9530500526.07,101081328065.81,6229880526.07
2018-08-27,53.6051,0.0,215737416324.21,9673622662.73,100091206544.21,6387542662.73
2018-08-28,52.9536,0.0,224288668823.39,12292077254.91,105519788668.43,8266857254.91
2018-08-29,52.6119,0.0,232343569596.46,13673100367.33,110103147347.69,9045490367.33
2018-08-30,52.968,0.0,229244190529.48,13009187140.95,107818136116.36,8872527140.95
2018-08-31,53.2186,0.0,225929211307.5,12861639083.44,105692828691.61,8401469083.44
2018-09-01,53.1557,0.0,228519875837.38,12875929400.96,107048598153.16,8392089400.96
2018-09-02,52.3571,0.0,236799441781.92,13174388392.35,112818103978.46,9059048392.35
2018-09-03,52.7537,0.0,237967206775.24,13060530491.43,112430602362.13,8735260491.43
2018-09-04,52.9815,0.0,236447714955.29,12071737953.36,111174219930.29,7992927953.36
2018-09-05,53.1826,0.0,238768615083.78,13047885196.66,111785182111.26,8728485196.66
2018-09-06,55.3472,0.0,210553289677.66,17856404670.96,94017836360.16,12044984670.96
2018-09-07,54.3528,0.0,207248415991.36,16026849060.91,94603163778.36,10522669060.91
2018-09-08,54.8862,0.0,203095290000.9,12671676559.15,91623926121.15,8408796559.15
2018-09-09,55.5767,0.0,193241453390.95,11069642438.62,85844198881.39,7238442438.62
2018-09-10,55.6573,0.0,195408805619.07,11121511414.58,86649460752.48,7452431414.58
2018-09-11,55.8329,0.0,195750661452.44,10955589247.85,86457429462.88,7229879247.85
2018-09-12,56.7733,0.0,192075609523.99,11280664804.74,83027990669.62,7458534804.74
2018-09-13,57.0583,0.0,192265956329.47,12392008029.38,82562309318.59,8329818029.38
2018-09-14,55.7866,0.0,201658202523.24,13719770142.05,89160038643.49,9516330142.05
2018-09-15,56.0169,0.0,200663093598.4,12974764632.32,88257797988.4,8909384632.32
2018-09-16,55.4923,0.0,203429416981.82,10216043138.07,90541692026.66,7005013138.07
2018-09-17,55.3586,0.0,203235698051.45,10202286197.95,90727218335.23,6923686197.95
2018-09-18,56.4001,0.0,192361442096.37,12529754718.32,83869324022.45,8642724718.32
2018-09-19,55.3409,0.0,198902029227.13,12750157523.8,88827842588.38,8567397523.8
2018-09-20,55.3146,0.0,199862560168.26,12599282347.65,89309468747.01,8173562347.65
2018-09-21,53.1202,0.0,211883521537.62,13768980881.83,99330609334.68,9426440881.83
2018-09-22,51.3729,0.0,226552821622.22,24211812354.56,110166025514.12,17687372354.56
2018-09-23,51.7175,0.0,224408914366.8,15957091555.14,108350140701.96,11489211555.14
2018-09-24,51.2614,0.0,226074934638.68,13862892963.94,110185834715.93,9674322963.94
2018-09-25,52.7589,0.0,216367839971.34,13465432788.75,102214512384.34,9300132788.75
2018-09-26,52.4429,0.0,212725183133.01,16209845559.4,101165884464.78,11494275559.4
2018-09-27,52.4337,0.0,214185262933.9,15401476248.46,101879912629.15,10977956248.46
2018-09-28,51.7138,0.0,223324281320.53,16227365506.59,107834835414.28,11624485506.59
2018-09-29,52.0976,0.0,220520444107.59,16254302188.32,105634672707.59,11259182188.32
2018-09-30,51.4146,0.0,222182622757.38,15186966539.45,107948219068.38,10833596539.45
2018-10-01,51.2856,0.0,223278557451.55,14691032656.87,108768809202.1,10710282656.87
2018-10-02,51.3209,0.0,222253552748.45,14482727709.97,108191080953.57,10496587709.97
2018-10-03,51.9463,0.0,218287584054.87,13174936187.49,104895319878.87,9207506187.49
2018-10-04,51.998,0.0,216231294620.2,13317684588.09,103795280751.28,9444464588.09
2018-10-05,52.0904,0.0,218403592441.5,12364823182.16,104636204264.2,8531023182.16
2018-10-06,52.0027,0.0,220400615590.73,11952121420.64,105786370124.48,8286341420.64
2018-10-07,52.3583,0.0,217872853926.06,11369965728.23,103798233913.06,8113905728.23
2018-10-08,52.2887,0.0,218500486910.27,11557426733.33,104249382958.02,8249296733.33
2018-10-09,52.0578,0.0,221249534175.83,12423388129.75,106071912196.83,8456958129.75
2018-10-10,52.3535,0.0,219597789758.22,11078491698.46,104630717145.24,7516641698.46
2018-10-11,52.4465,0.0,217463061890.85,11972002773.01,103411274390.97,8201342773.01
2018-10-12,55.0243,0.0,196362979123.27,16305029483.08,88315628264.77,11145929483.08
2018-10-13,54.1469,0.0,200805930240.78,12304452410.49,92075787383.82,8568452410.49
2018-10-14,53.9441,0.0,201915338472.47,9320114380.49,92993899843.08,6280624380.49
2018-10-15,54.5031,0.0,199992805106.12,9464278891.87,90990593814.12,6385318891.87
2018-10-16,54.0861,0.0,211448593055.33,22241976013.37,97084201681.16,14879206013.37
2018-10-17,53.7817,0.0,212315485481.86,12069535224.28,98128630250.86,8000145224.28
2018-10-18,53.6699,0.0,211222553718.54,12202797371.5,97859597902.58,8113037371.5
2018-10-19,53.9179,0.0,208207079107.95,11566785333.59,95946259016.61,7656315333.59
2018-10-20,53.7936,0.0,208157193469.86,10420362238.06,96182019811.86,6859252238.06
2018-10-21,53.6512,0.0,209673266982.97,9824785133.66,97181108140.88,6454455133.66
2018-10-22,53.6699,0.0,209490331905.69,9942520526.42,97057009591.83,6687720526.42
2018-10-23,53.6378,0.0,209196934969.41,10652396936.69,96988302734.09,6981086936.69
2018-10-24,53.5842,0.0,209640848140.02,10556706205.05,97306451902.77,6859796205.05
2018-10-25,53.6269,0.0,209676886226.83,9615840523.47,97233625876.03,6185440523.47
2018-10-26,53.6849,0.0,208947728615.41,8992023493.23,96774306089.41,5787863493.23
2018-10-27,53.6815,0.0,209383041748.33,9469096012.87,96983079271.33,6177736012.87
2018-10-28,53.7615,0.0,209150655563.58,9349406809.37,96708107531.08,5956916809.37
2018-10-29,53.6486,0.0,209925125343.79,9428283410.95,97303303746.29,6013953410.95
2018-10-30,54.1283,0.0,203108867865.79,11886887686.49,93169462017.79,7686977686.49
2018-10-31,54.0238,0.0,203522810758.92,10456255815.37,93572073640.17,6684295815.37
2018-11-01,53.8983,0.0,203413112151.59,11463369386.39,93776798034.09,7294589386.39
2018-11-02,53.8415,0.0,205610064416.34,10493359182.56,94906459384.34,6715579182.56
2018-11-03,53.4457,0.0,207424465225.98,12007302520.72,96565055924.1,7798952520.72
2018-11-04,53.3799,0.0,206996226408.61,10506002930.9,96501934711.72,6865662930.9
2018-11-05,52.5805,0.0,210100642127.58,14211012397.87,99628599835.64,9855522397.87
2018-11-06,52.377,0.0,213251002874.12,13081274028.82,101556589328.12,8911784028.82
2018-11-07,51.1074,0.0,219762178691.63,15498325079.73,107447510929.13,10812985079.73
2018-11-08,51.6411,0.0,219319362183.37,15211402595.97,106060391479.63,10312662595.97
2018-11-09,52.3076,0.0,213898551931.56,14136987663.14,102013300096.56,9494577663.14
2018-11-10,52.3819,0.0,211742200873.76,13054892072.33,100827575727.26,8739142072.33
2018-11-11,52.1861,0.0,213472180857.81,11431610535.31,102069435224.0,7753500535.31
2018-11-12,52.3062,0.0,212942081893.03,12357601547.79,101560116111.91,8414031547.79
2018-11-13,52.2686,0.0,211834718516.38,13010866246.88,101111695348.88,8769716246.88
2018-11-14,52.618,0.0,209721197624.29,13328842093.83,99370073000.41,8864222093.83
2018-11-15,52.9157,0.0,188363337900.62,21717252171.29,88689488803.07,14323372171.29
2018-11-16,52.6285,0.0,186409404690.0,21199041309.41,88304892597.0,14200351309.41
2018-11-17,52.9404,0.0,183137142603.58,15443789910.77,86183653635.58,10201779910.77
2018-11-18,52.6857,0.0,183419871732.07,13280759220.45,86783740179.19,9000159220.45
2018-11-19,52.5474,0.0,185938137534.46,13385680271.18,88232399833.46,9241340271.18
2018-11-20,52.4157,0.0,161320291176.73,21056493893.24,76763178493.48,14037583893.24
2018-11-21,53.4212,0.0,145333283899.3,24209900472.9,67694570403.32,15791590472.9
2018-11-22,53.194,0.0,150738143505.1,17758048780.73,70554530080.51,11695368780.73
2018-11-23,53.4826,0.0,141781283033.19,13225770449.67,65952961715.69,8675550449.67
2018-11-24,53.9433,0.0,140163628549.1,14893383715.34,64554690835.1,10072943715.34
2018-11-25,53.5068,0.0,126144597808.32,13871091783.09,58648616755.82,9201061783.09
2018-11-26,53.9659,0.0,129411389477.3,20161542624.63,59573414469.96,13398542624.63
2018-11-27,52.9466,0.0,123728383577.82,18625779631.97,58218365245.32,12225939631.97
2018-11-28,53.0685,0.0,125308701122.79,16731135095.61,58809286094.54,10771725095.61
2018-11-29,53.3293,0.0,139274221579.57,20292726471.29,65000187301.57,13027456471.29
2018-11-30,53.9731,0.0,138271143675.33,17875847578.76,63641909224.95,11415164518.17
2018-12-01,53.5552,0.0,130762088332.33,16736131821.27,60732237151.59,10707724733.44
2018-12-02,53.7671,0.0,135963481533.57,14885575173.14,62859856911.62,9560387203.21
2018-12-03,53.6508,0.0,134536782785.64,14163045275.11,62356710178.45,8914556638.71
2018-12-04,53.6674,0.0,126040571093.24,13714010035.63,58397910460.38,8650975928.12
2018-12-05,53.8846,0.0,127890149125.34,13654973838.26,58977027308.93,8638730139.58
2018-12-06,54.2351,0.0,120501195325.75,14234506226.05,55147312545.52,8971384672.34
2018-12-07,54.9232,0.0,111347892250.86,16201658770.0,50192112573.02,10351018394.87
2018-12-08,54.4512,0.0,109422684222.68,19039865776.5,49840681405.05,12261221812.25
2018-12-09,54.7472,0.0,110473312282.51,14818260802.36,49992308266.98,9571567814.76
2018-12-10,54.8849,0.0,114610944403.75,13771441089.23,51706885525.95,8873176974.07
2018-12-11,55.0178,0.0,110719700837.51,13439441377.26,49804101623.69,8474252640.8
2018-12-12,55.0712,0.0,108215638936.12,12999350092.16,48619951640.81,8333526980.06
2018-12-13,55.0034,0.0,110461832388.98,11280164965.85,49704020344.27,7181305883.95
2018-12-14,54.8,0.0,105283132302.18,11705057932.63,47587986153.04,7388446698.19
2018-12-15,55.2382,0.0,102321920608.56,11613525693.29,45801183762.95,7281257410.32
2018-12-16,55.2374,0.0,102090684902.67,9663921664.9,45698477235.75,6141843421.89
2018-12-17,54.9245,0.0,103215161080.45,10451759325.59,46524775903.79,6721575301.6
2018-12-18,54.3034,0.0,113767575969.41,15794086790.24,51987876276.77,10373874159.38
2018-12-19,53.8299,0.0,120026558329.96,17696193889.42,55416323184.51,11785242920.13
2018-12-20,54.0911,0.0,120599612086.98,20412845947.57,55365946315.46,13656474899.69
2018-12-21,53.5854,0.0,134486929915.09,26728184543.26,62421545456.32,17852309675.26
2018-12-22,53.1372,0.0,127903692107.71,22765082451.53,59939192097.98,15563157396.32
2018-12-23,53.0817,0.0,132091321309.84,17008730918.04,61975025640.25,11423306541.6
2018-12-24,51.9144,0.0,134384144342.19,20372343732.16,64619358146.01,14272018788.45
2018-12-25,51.3553,0.0,138603001025.83,25864885114.14,67423046938.6,18540913309.05
2018-12-26,51.6511,0.0,128997948413.59,20369632788.16,62369069200.73,14229673024.57
2018-12-27,51.6761,0.0,130132336131.8,17212043187.34,62885031270.65,11943299271.08
2018-12-28,52.8054,0.0,120705485561.33,15900211846.55,56966417787.52,10807048368.89
2018-12-29,51.7348,0.0,132640648897.22,18394389716.15,64019209513.34,12776710249.2
2018-12-30,51.6336,0.0,129192462699.96,16723988069.77,62485731516.09,11754331580.11
2018-12-31,51.6535,0.0,130661029929.6,14739270709.0,63170045673.23,10023964214.88
2019-01-01,52.0264,0.0,125708389363.89,14063410413.02,60306839525.67,9420164956.52
2019-01-02,51.5953,0.0,130240709694.49,13344108770.37,63042629320.94,9000029929.41
2019-01-03,50.9787,0.0,134632691607.09,16981883265.82,65998646180.98,11774372337.53
2019-01-04,51.3142,0.0,130398228106.72,14086272722.41,63485399423.08,9630358796.92
2019-01-05,51.1779,0.0,131439559283.8,15659828712.27,64171528723.33,10848407516.69
2019-01-06,50.9827,0.0,131428942071.32,16819459470.85,64422888103.23,11710855744.77
2019-01-07,51.5299,0.0,138251683419.63,17748889970.16,67010785398.48,12187072837.79
2019-01-08,51.807,0.0,135836097214.74,16043399832.34,65463475947.66,10848863288.61
2019-01-09,51.6874,0.0,136271304624.2,16006356019.21,65836260935.68,10729802879.25
2019-01-10,51.4167,0.0,137101912829.61,15685761824.72,66608641643.26,10614356867.21
2019-01-11,52.3592,0.0,122620488581.0,22892773931.15,58417344475.08,16054556574.76
2019-01-12,52.425,0.0,122911592285.65,16889704504.34,58475148788.54,11464760952.75
2019-01-13,52.3875,0.0,122074175017.52,14227767744.59,58122557163.18,9542957928.3
2019-01-14,52.9776,0.0,117375260096.41,14358194396.64,55192618431.9,9751736225.58
2019-01-15,52.2464,0.0,123946419686.52,17149274414.65,59188895323.43,11573133521.16
2019-01-16,52.5775,0.0,120759638364.3,16593613039.91,57267227653.7,11130747319.29
2019-01-17,52.3208,0.0,122044239823.45,16249649722.01,58189723590.17,10933019523.66
2019-01-18,52.325,0.0,122918241006.63,16665636112.61,58601219666.15,11304629067.28
2019-01-19,52.4574,0.0,121766488906.26,15207279807.86,57891013524.09,10340527400.57
2019-01-20,52.4426,0.0,124249206672.58,16988506302.51,59089712205.15,11393479827.05
2019-01-21,52.4486,0.0,120077388940.35,17691570055.43,57098455666.77,11898783879.17
2019-01-22,52.3889,0.0,119382493531.37,14727787568.59,56839264403.51,9836567153.89
2019-01-23,52.3125,0.0,120587293098.46,15772863684.27,57505008277.37,10624422681.37
2019-01-24,52.348,0.0,119814328059.83,15448980922.31,57093863734.53,10175518663.72
2019-01-25,52.4043,0.0,120463967572.73,14907380088.45,57335718068.1,9807375741.26
2019-01-26,52.4618,0.0,120087567875.66,15352015883.43,57087466226.82,10200981284.65
2019-01-27,52.4988,0.0,120181561678.24,14987696623.36,57087685890.46,9948705079.2
2019-01-28,52.8509,0.0,118716627218.98,16687111036.75,55973795012.79,11184625638.69
2019-01-29,53.456,0.0,113605320985.83,21689991220.65,52876418227.35,14857434245.02
2019-01-30,53.4061,0.0,112904770080.97,17458608433.75,52606781790.76,11661798838.03
2019-01-31,52.8666,0.0,115442830951.12,17840224043.93,54412094398.38,11975594717.51
2019-02-01,53.3231,0.0,113650785040.46,17195336439.88,53048645640.31,11568286626.74
2019-02-02,53.3872,0.0,114316904778.8,16385796301.24,53286295958.61,11088813444.35
2019-02-03,53.2061,0.0,115755374814.77,15388407404.85,54166456145.24,10419345279.8
2019-02-04,53.3961,0.0,113749591264.5,15221667370.58,53011715813.85,10291797007.31
2019-02-05,53.3418,0.0,113474773066.31,15766148590.72,52945330418.6,10547804878.55
2019-02-06,53.4353,0.0,113751515481.82,15799556589.33,52968043797.63,10676366136.61
2019-02-07,53.5921,0.0,111661084193.05,16887950117.44,51819566422.69,11528579382.34
2019-02-08,53.4596,0.0,111507536009.02,14895224949.88,51896077269.3,9965615608.97
2019-02-09,52.98,0.0,121469339109.02,24310668849.38,57114837874.64,16652449513.19
2019-02-10,52.8781,0.0,121770140188.35,19235545022.97,57380386528.51,13178970464.26
2019-02-11,52.6001,0.0,123173026799.33,20097521326.44,58383896795.79,13895298878.5
2019-02-12,52.8468,0.0,120856578340.0,19920525975.66,56987754645.33,13772290058.07
2019-02-13,52.6422,0.0,121698980088.63,20245229108.38,57633903668.05,13881243430.3
2019-02-14,52.6829,0.0,120871574719.98,20325305539.45,57192970388.58,13994830189.67
2019-02-15,52.8233,0.0,120104243663.03,19400197992.29,56661209429.09,13235316388.29
2019-02-16,52.6395,0.0,120464624288.4,19458592541.15,57052693419.08,13451185470.54
2019-02-17,52.6844,0.0,120977025212.53,18370934200.05,57240996556.63,12529894054.94
2019-02-18,52.2199,0.0,123343888820.79,22545062078.2,58933788598.93,15614529990.7
2019-02-19,51.88,0.0,132292341786.26,32710091806.2,63659064135.55,22922168101.84
2019-02-20,51.9759,0.0,133245397659.07,33478673047.12,63989908845.25,23675109387.89
2019-02-21,51.5372,0.0,136216170893.98,29027715694.85,66014164449.29,20486454632.08
2019-02-22,51.9712,0.0,133474529294.36,24968293613.71,64106240270.18,17356505262.64
2019-02-23,51.8711,0.0,135320999892.01,24619942535.17,65128474436.25,16922534469.1
2019-02-24,51.5635,0.0,141131526542.75,29020770309.68,68359207661.76,20230049946.07
2019-02-25,52.4586,0.0,127409677644.41,38387016672.76,60572324732.36,27702637683.11
2019-02-26,51.8763,0.0,131279537884.57,31082837753.25,63176548086.02,21941972425.29
2019-02-27,51.9538,0.0,130381453350.27,25941562975.51,62643336884.85,18140592346.04
2019-02-28,52.1313,0.0,129639931367.08,27122134709.75,62056899909.2,18943037043.84
2019-03-01,52.0609,0.0,130014397834.09,27054067754.58,62327681974.61,18807681079.61
2019-03-02,51.9192,0.0,130437285832.21,23992990373.42,62715247856.34,16493378988.98
2019-03-03,52.0311,0.0,130403727834.74,23588484426.06,62553224052.31,16201119540.29
2019-03-04,52.1475,0.0,129547564672.23,22152867195.6,61991805312.25,15074156807.82
2019-03-05,52.3536,0.0,126188440516.26,28634418362.99,60124191583.37,19785589387.96
2019-03-06,51.6605,0.0,132563731848.62,33523962782.8,64080669279.39,23429968948.91
2019-03-07,51.5738,0.0,133013397756.33,30453421175.41,64413314751.63,21367462560.46
2019-03-08,51.517,0.0,133509468402.63,31495433302.33,64729435386.0,21975110113.26
2019-03-09,51.8014,0.0,132156611955.57,33191205926.34,63697680832.19,22620396782.42
2019-03-10,51.5754,0.0,135190124463.58,34117203572.69,65465328775.97,23405536634.68
2019-03-11,51.5469,0.0,134853788746.74,30680023336.25,65340860745.32,21035093465.85
2019-03-12,51.6764,0.0,132828742359.39,32736903098.92,64187644706.63,22675965708.91
2019-03-13,51.2533,0.0,134257524031.24,31085108270.74,65446095615.16,21351715342.62
2019-03-14,51.1934,0.0,134170939704.69,29812677598.06,65484291269.82,20417545795.26
2019-03-15,51.0775,0.0,135216153158.66,32929303498.32,66151106299.45,22551109755.41
2019-03-16,50.7144,0.0,137490669640.33,29606070217.6,67763090002.89,20318638043.41
2019-03-17,50.6067,0.0,140713223600.0,32681086285.33,69502960121.68,22920590069.27
2019-03-18,50.7538,0.0,139704530506.09,26048945797.31,68799202110.77,17912588949.09
2019-03-19,50.7965,0.0,139697368141.08,31622052175.63,68735954027.31,22051804135.63
2019-03-20,50.7958,0.0,141036831960.34,30129076003.77,69396100435.03,20843744964.16
2019-03-21,50.755,0.0,141622429422.83,33511854508.58,69741982146.05,23427633134.88
2019-03-22,50.9858,0.0,139081671452.45,35491979620.8,68169743856.37,24758460216.22
2019-03-23,50.748,0.0,139548267583.98,29981972885.27,68730310595.32,20816148773.33
2019-03-24,50.473,0.0,140757041326.54,30774062246.1,69712692987.17,21275059267.26
2019-03-25,50.5159,0.0,140267256987.01,29921125698.77,69409976702.25,20826527696.09
2019-03-26,50.6332,0.0,138048451545.57,33401490369.62,68150132931.38,23114977925.45
2019-03-27,50.646,0.0,138548769704.16,34050895465.5,68379345624.89,23371200272.35
2019-03-28,50.1997,0.0,143271013351.23,38621815561.62,71349335689.41,27804827133.99
2019-03-29,50.2316,0.0,142719358615.08,30890758979.41,71029142638.71,21604524023.09
2019-03-30,50.2112,0.0,143900290392.78,36292349851.56,71646245847.5,25440970668.25
2019-03-31,50.2275,0.0,144066137192.98,33185593890.96,71705256914.71,23548375708.62
2019-04-01,50.0918,0.0,144326758804.63,30227792860.28,72030942146.67,21259924179.9
2019-04-02,50.055,0.0,146331398254.87,33767676132.55,73085160667.84,23719126651.11
2019-04-03,50.6666,0.0,169632626194.51,74257610138.81,83685620926.63,52949284166.27
2019-04-04,50.9811,0.0,172260378530.14,87070782030.91,84440115929.19,64409923671.5
2019-04-05,51.0058,0.0,170365462451.91,64123016381.76,83469260999.51,46069668136.72
2019-04-06,50.3161,0.0,176505669487.31,56393137257.76,87694913606.73,39714421818.03
2019-04-07,50.4805,0.0,176716452377.77,56381808873.17,87509035503.12,39571691392.81
2019-04-08,50.4279,0.0,181795206173.24,57256577321.55,90119751426.32,40750937845.31
2019-04-09,50.9184,0.0,182998352033.74,61027124688.04,89818607258.77,44051441337.67
2019-04-10,51.0723,0.0,179547073875.03,50581540548.13,87848256972.53,35987433351.53
2019-04-11,51.2918,0.0,183369005165.4,54005786954.25,89315806509.17,38610809742.51
2019-04-12,51.9299,0.0,171734644510.25,59235989496.62,82552992665.27,42780380074.67
2019-04-13,51.9761,0.0,172661385523.86,46440046458.34,82918794929.88,32884000229.77
2019-04-14,52.018,0.0,172711357466.48,37302522280.09,82870402344.55,26583557697.0
2019-04-15,51.7953,0.0,176229429717.89,35584207966.89,84950847915.42,25234533482.55
2019-04-16,51.9926,0.0,171790017059.33,44501452474.67,82471874137.91,32333950203.91
2019-04-17,52.1722,0.0,177171545955.69,39280652576.73,84737288476.1,27756393394.63
2019-04-18,52.1682,0.0,177734828438.41,40572366661.26,85013831735.89,28243406694.0
2019-04-19,51.8522,0.0,180310747571.93,45400239884.38,86815708519.59,32208886273.25
2019-04-20,51.8749,0.0,180568136720.39,45330990910.77,86898632019.99,31614773475.2
2019-04-21,52.1083,0.0,180845184246.46,41468806336.3,86609766075.54,28369287588.98
2019-04-22,52.7008,0.0,177997114800.54,45089833285.3,84191232987.68,31459424161.23
2019-04-23,52.8294,0.0,180646766473.16,45125583946.21,85212230382.54,30590967153.43
2019-04-24,53.8994,0.0,182365996197.3,49992820352.34,84071824921.72,34098707036.11
2019-04-25,54.442,0.0,177449310360.36,55464503118.12,80842272937.6,38504884603.26
2019-04-26,54.5531,0.0,168840817775.06,49153188887.73,76732884212.06,33850243972.04
2019-04-27,54.5427,0.0,171178254245.84,53054143130.72,77813007952.69,36454125590.0
2019-04-28,54.3572,0.0,171257171469.15,39347279825.95,78166612215.68,26361073333.33
2019-04-29,54.5956,0.0,171111954643.84,38809805250.18,77692344680.57,26059475219.3
2019-04-30,54.9875,0.0,168725442669.73,43639997346.39,75947605447.04,29955947101.78
2019-05-01,54.0396,0.0,174999688245.82,45671846424.27,80430618525.96,31899998295.2
2019-05-02,54.3823,0.0,175715287313.0,42518100544.59,80157292762.54,28996047515.84
2019-05-03,54.7038,0.0,177868210351.62,45189460437.56,80567454047.23,30632927281.68
2019-05-04,55.0601,0.0,185306947785.43,57862248571.2,83276724284.98,39260446970.05
2019-05-05,55.7729,0.0,184749861223.18,54722606906.42,81709560613.75,37299757451.33
2019-05-06,55.8164,0.0,183343467488.07,44970788075.22,81007816835.11,30364918492.9
2019-05-07,55.3372,0.0,183556678649.2,50509264844.16,81981549008.67,34911850711.69
2019-05-08,56.1965,0.0,183678225569.45,56208945718.23,80457552300.24,38354117008.95
2019-05-09,56.6059,0.0,187132030293.57,45610697501.48,81204264317.75,30538038393.44
2019-05-10,57.896,0.0,188830380153.87,48513450532.8,79505066564.31,31857798415.1
2019-05-11,58.1866,0.0,193872020083.06,58423055083.22,81064476544.94,39094556119.84
2019-05-12,58.6938,0.0,216930660967.35,93117525240.5,89605728905.27,64292620591.6
2019-05-13,58.8046,0.0,209398490519.95,86425103752.96,86262452265.31,58964045013.83
2019-05-14,60.3537,0.0,228620070169.79,84401718219.96,90639332197.59,55977799857.67
2019-05-15,58.7689,0.0,240775039451.39,103541402888.45,99274137311.76,71569950872.74
2019-05-16,56.7599,0.0,254952247041.1,94944471505.64,110241644087.83,66878197605.73
2019-05-17,56.2399,0.0,248593118253.35,116982200815.66,108784536109.44,84194487359.35
2019-05-18,56.0244,0.0,232272809505.68,106114176365.29,102143419409.52,76223422736.88
2019-05-19,56.3242,0.0,228575326173.97,70618634340.17,99832062155.18,49529146623.08
2019-05-20,56.9384,0.0,254610892028.5,86924304504.74,109639582579.52,61203566506.18
2019-05-21,56.9875,0.0,248170967409.89,78224509678.01,106744636923.39,54684774489.2
2019-05-22,56.4882,0.0,249478962573.8,79660068430.14,108552717494.98,54747063729.6
2019-05-23,56.7327,0.0,239175209026.09,75102346966.57,103484727376.12,50615885141.98
2019-05-24,56.9999,0.0,244830672286.75,74344442445.08,105277481409.53,50144428364.26
2019-05-25,56.8392,0.0,249462924887.72,80313059551.83,107670110548.14,54549801428.78
2019-05-26,56.8367,0.0,251124244346.83,67590272374.66,108393516905.57,45523239558.72
2019-05-27,57.4221,0.0,268137605002.23,80699844720.89,114167279666.99,54095368399.1
2019-05-28,56.7167,0.0,274260174186.88,94150561814.07,118708903787.33,67085175914.02
2019-05-29,56.3914,0.0,273812925505.63,82582328914.85,119406092319.69,58697490122.36
2019-05-30,55.8932,0.0,274488367498.96,80022506327.31,121068129387.96,56741756494.31
2019-05-31,56.2263,0.0,262401682109.85,103371405868.42,114863024936.5,74334236534.66
2019-06-01,55.7258,0.0,272740797777.43,85902727151.23,120753744819.95,60808281729.3
2019-06-02,56.0775,0.0,271179358682.65,78304704647.47,119108638028.65,56060865043.43
2019-06-03,56.0321,0.0,276743970001.71,68552329624.79,121678579270.31,48454083593.78
2019-06-04,56.0771,0.0,258770660607.4,77371910763.83,113659643142.21,55539096685.55
2019-06-05,55.5923,0.0,246247944927.81,84047373489.83,109353028910.32,59886097551.82
2019-06-06,55.5519,0.0,249652999180.26,72601181953.85,110965930661.33,51100939358.06
2019-06-07,55.2219,0.0,251667691067.4,66150805492.17,112692012535.36,46760046177.85
2019-06-08,55.4148,0.0,257254279194.37,65774275864.65,114697225297.55,46867342981.01
2019-06-09,55.5298,0.0,254270067815.08,57554360136.11,113074424007.02,41159296263.23
2019-06-10,55.8257,0.0,244105958220.66,58493179376.86,107832189941.96,42045842777.59
2019-06-11,55.5158,0.0,256418409070.54,65672989285.14,114065620270.54,47117384978.47
2019-06-12,55.3653,0.0,254138735931.11,58656620036.75,113434187986.76,41707927969.38
2019-06-13,55.2267,0.0,262224215399.97,65942939204.01,117406348027.14,46985070661.1
2019-06-14,55.4897,0.0,263575046562.93,64497101645.49,117318011778.3,45953442978.31
2019-06-15,56.5626,0.0,273071387881.24,66232827773.08,118615138837.38,46556438986.74
2019-06-16,56.6436,0.0,277298209726.86,62068797644.52,120226566402.48,43911579588.41
2019-06-17,56.84,0.0,281570831862.22,76530317501.5,121525859768.62,53268077758.83
2019-06-18,57.2012,0.0,290023395633.75,52846680466.16,124126527043.43,37350514339.64
2019-06-19,57.2168,0.0,282177021999.47,54163293705.0,120724374748.96,38379490938.51
2019-06-20,57.0359,0.0,289053982292.49,50455365493.56,124189368931.92,35093014600.9
2019-06-21,57.7861,0.0,292955274446.45,57122024129.58,123667811824.62,39324882263.98
2019-06-22,58.4381,0.0,309998832280.33,69025937885.83,128841553455.23,48267169990.45
2019-06-23,58.5121,0.0,324832641333.78,97628667921.7,134766167667.82,67986714148.06
2019-06-24,59.0875,0.0,326258353514.14,69469773829.83,133480518058.0,48632112295.29
2019-06-25,59.2981,0.0,330467576723.36,63894143297.56,134506718027.12,44831539254.09
2019-06-26,60.5647,0.0,345167808167.21,79525795463.77,136118090757.15,54769163010.26
2019-06-27,62.7436,0.0,366029254212.48,135560510481.19,136369276397.17,90808045728.94
2019-06-28,62.063,0.0,320242270571.68,120976997942.15,121490280313.11,81355195807.06
2019-06-29,63.2399,0.0,348044730696.57,102276151758.05,127941639855.0,67547702662.3
2019-06-30,61.8305,0.0,343189832665.2,92052152595.61,130993860900.74,62353272714.57
2019-07-01,61.4614,0.0,312732046218.49,85978151092.29,120522679236.31,58875432986.07
2019-07-02,60.5866,0.0,310952946399.95,89734727540.4,122557132408.18,60580889952.69
2019-07-03,61.4759,0.0,314867221620.04,93049419137.53,121299704427.24,62021126568.49
2019-07-04,63.0818,0.0,338447046425.52,87567714008.42,124948491647.78,57003613262.1
2019-07-05,62.5024,0.0,318417835894.62,77166414037.98,119399002833.83,51517466211.1
2019-07-06,62.1502,0.0,316010453725.58,71606616942.06,119609274266.33,47982567456.89
2019-07-07,62.2906,0.0,319662633173.57,64319958505.82,120542972384.31,43480226333.41
2019-07-08,62.1129,0.0,328562318132.26,61634021235.35,124482580477.17,42382061567.81
2019-07-09,63.4433,0.0,345102488375.18,71284000103.44,126158005778.24,47913993642.2
2019-07-10,64.2738,0.0,348007388916.47,82221837281.41,124329753003.41,54231702758.86
2019-07-11,64.8897,0.0,332584760516.24,100284818510.72,116771667908.45,66991711302.52
2019-07-12,65.1974,0.0,310115255578.1,89474923311.25,107928138139.96,61179766367.57
2019-07-13,65.2994,0.0,322627674068.26,71447440334.21,111953686853.6,48169331215.81
2019-07-14,65.119,0.0,311772496327.43,63845507956.45,108749224088.05,42875971704.66
2019-07-15,65.5052,0.0,278817901909.0,71763929239.68,96177551640.43,49326052168.83
2019-07-16,66.5764,0.0,291447661471.02,80763294830.39,97412275558.41,55622622603.43
2019-07-17,66.2181,0.0,255281942006.12,77730597327.4,86239168132.23,53615824780.35
2019-07-18,65.4843,0.0,264016412852.75,81995348729.73,91127125539.81,57429133082.64
2019-07-19,65.8425,0.0,289009692924.43,79976217332.47,98718466314.51,54804518582.13
2019-07-20,65.6809,0.0,285851096132.77,65020361891.89,98101665588.21,44427316588.02
2019-07-21,65.3469,0.0,293699409335.96,64464014670.54,101776067355.83,44358061536.58
2019-07-22,65.1834,0.0,290243718064.41,54053300384.96,101053052408.28,37220839282.36
2019-07-23,65.2504,0.0,282386803396.61,53405046567.6,98128179798.5,37217716090.86
2019-07-24,64.9342,0.0,270827379489.57,57488495176.93,94967840398.48,39740741802.27
2019-07-25,64.3791,0.0,271548305763.13,58686111796.24,96727856083.14,41651121194.92
2019-07-26,64.5736,0.0,273935328655.49,52125958829.35,97045477045.94,36569468703.88
2019-07-27,64.2625,0.0,273876430339.6,47472336235.21,97876505482.98,33172321691.83
2019-07-28,64.4309,0.0,262880958914.67,54379805035.59,93504267456.49,37895778675.48
2019-07-29,64.381,0.0,264829465871.72,45281903903.39,94329503916.12,31648698145.17
2019-07-30,64.4104,0.0,263927228236.84,45737143609.89,93930768131.61,32155984703.09
2019-07-31,64.4667,0.0,265899173443.33,45334184824.0,94482825083.7,31627501035.18
2019-08-01,64.9462,0.0,277128649792.09,52418493843.04,97144148009.32,35901656271.52
2019-08-02,65.7389,0.0,282887657490.84,52056416146.22,96920473371.33,35045190809.37
2019-08-03,66.1678,0.0,283886417353.72,53199944489.84,96045032421.56,35879033544.86
2019-08-04,66.5204,0.0,290535141183.62,47437208126.55,97269949356.78,32205695074.42
2019-08-05,66.859,0.0,292943213194.94,48800394843.38,97084396453.98,32398357305.82
2019-08-06,67.859,0.0,310837591116.55,69996181944.44,99906160406.4,46324694967.09
2019-08-07,68.0297,0.0,300729209363.9,68008552462.62,96144012403.75,44581825973.61
2019-08-08,68.931,0.0,310375747919.69,63225110461.04,96430626181.54,41173139688.49
2019-08-09,69.1412,0.0,309077976656.4,57995828332.06,95377806889.28,38609598157.25
2019-08-10,69.8532,0.0,303585615853.5,56418736138.09,91521398712.78,38293554947.37
2019-08-11,68.9394,0.0,293847592393.65,55963907436.23,91270829325.61,37994727659.09
2019-08-12,68.5997,0.0,300011049746.85,50011059278.29,94204300447.61,34327675357.65
2019-08-13,68.6968,0.0,296313792257.54,44087319894.65,92755603872.72,30613140871.1
2019-08-14,67.9995,0.0,286123533078.99,51187934486.84,91560922051.71,34566554251.32
2019-08-15,68.2875,0.0,264176515119.84,63725047117.92,83776956523.26,43658251571.09
2019-08-16,68.561,0.0,268692222340.53,70590426695.35,84474270500.29,48037307122.97
2019-08-17,69.1397,0.0,267695406629.13,59406146974.03,82611573032.92,39412369232.69
2019-08-18,68.8887,0.0,265593819274.39,43057925279.38,82629661502.33,29449738653.25
2019-08-19,68.3391,0.0,270699960710.5,44141715585.91,85706079550.7,31247523193.17
2019-08-20,69.0671,0.0,283030911033.72,50179385477.84,87549587984.98,34199058779.27
2019-08-21,69.3326,0.0,278097557363.28,48459140660.92,85285350588.33,33605327437.99
2019-08-22,68.8309,0.0,263334835211.7,62321175494.49,82079098827.18,42936709892.0
2019-08-23,68.4617,0.0,264242530235.14,57607418392.71,83337564348.84,40701920551.85
2019-08-24,68.6601,0.0,271330722212.9,52169183627.65,85034654621.17,36735392651.25
2019-08-25,68.4331,0.0,265543217846.58,50175416386.43,83823680316.73,34836817605.91
2019-08-26,68.67,0.0,264064043534.89,47021612543.53,82731383620.79,32920729094.6
2019-08-27,69.0231,0.0,269115907383.91,58790156777.03,83363763184.26,40750815796.29
2019-08-28,68.8549,0.0,265004286150.98,48271307930.24,82535896145.42,33469785048.91
2019-08-29,69.2308,0.0,251815890058.93,58159511077.86,77481853980.98,40639124287.31
2019-08-30,68.9582,0.0,246819440421.16,57478192504.52,76617079689.75,40517920694.53
2019-08-31,69.1197,0.0,248700430548.81,46000203300.74,76799428775.63,32596464172.22
2019-09-01,69.0718,0.0,249569894973.25,41292802083.99,77187384658.76,29916667208.68
2019-09-02,69.3322,0.0,252011503162.36,40831650323.9,77286366125.0,29356652322.36
2019-09-03,70.0878,0.0,264844046685.47,54787672672.73,79220772689.89,37730547106.18
2019-09-04,70.4632,0.0,269871131149.41,60857677304.95,79711389866.48,41602952483.75
2019-09-05,70.7445,0.0,268104540403.62,51540830726.96,78435248017.38,34941061933.94
2019-09-06,70.9114,0.0,267438021496.85,47335816518.49,77794014096.76,33149175981.06
2019-09-07,70.8229,0.0,262044067984.5,60854673189.5,76456758808.03,41355931084.34
2019-09-08,70.366,0.0,267846057292.02,52448356137.78,79373434438.59,37292856163.13
2019-09-09,69.8979,0.0,267691282584.34,49257739984.09,80580725091.0,35689486517.8
2019-09-10,69.7982,0.0,265311974440.24,59568240199.4,80129123626.24,42060847076.35
2019-09-11,69.5698,0.0,260693137671.44,51027850751.86,79329503237.1,36256007076.66
2019-09-12,69.9603,0.0,261205250141.73,53756718079.59,78465291108.83,38497804192.7
2019-09-13,70.3724,0.0,265586913588.85,49208808655.57,78687106995.15,34012691382.63
2019-09-14,70.2257,0.0,264370058116.61,47012628167.43,78714451298.29,33064332636.93
2019-09-15,69.7677,0.0,266290332915.88,48236930736.64,80505591126.26,34910690401.13
2019-09-16,69.6598,0.0,266406889761.24,43851440870.01,80828441321.26,31928821859.7
2019-09-17,69.2898,0.0,266241537779.29,54257184615.72,81763287202.41,39212370763.93
2019-09-18,68.256,0.0,269113272732.1,60192603042.99,85427450305.49,44999632459.52
2019-09-19,67.3915,0.0,271820341033.78,63307730834.16,88636667512.72,47251362246.04
2019-09-20,67.4923,0.0,273111331089.57,73612359233.67,88782162180.57,53781356619.02
2019-09-21,67.6188,0.0,270131829777.62,55000427193.54,87471794499.02,40507644380.19
2019-09-22,67.5295,0.0,266408183675.03,50299504094.89,86504094465.61,36987299337.49
2019-09-23,68.105,0.0,265440019428.77,50020652772.9,84662025370.39,36929194176.97
2019-09-24,68.3432,0.0,255575783256.46,55084347102.61,80907124501.71,40071020069.12
2019-09-25,69.238,0.0,223170705656.34,89540043042.05,68651782492.83,64658432870.06
2019-09-26,68.4365,0.0,222372178793.31,76215677061.09,70188443361.39,54806421907.13
2019-09-27,67.9976,0.0,214282066346.64,64866100782.93,68575395424.43,45762523941.99
2019-09-28,67.782,0.0,218725362797.42,57637369730.5,70468950664.72,41350299582.67
2019-09-29,67.8008,0.0,218673820821.6,49521769264.26,70411207613.2,35459144002.68
2019-09-30,67.8265,0.0,214537250187.04,45993880569.54,69024135150.55,33079385072.42
2019-10-01,67.3821,0.0,221174846174.24,59824492652.15,72142584022.93,42728646951.71
2019-10-02,67.7789,0.0,221235513683.64,55874740029.38,71284581065.94,40338197436.53
2019-10-03,67.6547,0.0,223494461352.58,46323386726.19,72289957674.0,33261823003.44
2019-10-04,67.6169,0.0,219231523887.94,46889237240.46,70994067139.86,33349840826.63
2019-10-05,67.256,0.0,219036963001.41,45701752759.62,71721432969.46,32761105997.52
2019-10-06,67.1595,0.0,218210208210.93,42447633558.27,71661388300.29,30368172269.71
2019-10-07,66.9239,0.0,214381558941.95,45576683672.72,70909110095.08,32518139024.87
2019-10-08,66.6302,0.0,222521471709.77,61950984776.1,74254861604.12,44124755281.95
2019-10-09,66.4449,0.0,222634926060.23,54602434057.81,74705417643.46,39097789952.66
2019-10-10,66.57,0.0,232017691465.28,66387842630.05,77563400148.67,47137697364.81
2019-10-11,66.9718,0.0,230541837464.83,60798231102.03,76143870676.57,43333338635.43
2019-10-12,66.8548,0.0,223962218819.14,65107132171.01,74232634655.17,45605790564.06
2019-10-13,66.9523,0.0,223843873427.82,50264062377.65,73975182875.26,35879382180.27
2019-10-14,66.7058,0.0,224200284529.06,47970639056.34,74645799908.16,34287495434.06
2019-10-15,66.2377,0.0,227457939632.47,52906260188.17,76795031488.42,37816128683.04
2019-10-16,66.289,0.0,222606694432.4,55757674751.79,75043050605.07,40769401907.66
2019-10-17,66.3712,0.0,218075520604.65,57766014699.27,73336285626.77,41845305270.56
2019-10-18,66.0081,0.0,220947312042.98,51937302981.12,75104228799.94,37737829072.81
2019-10-19,66.1245,0.0,217058887631.17,57480646179.3,73529742539.34,41950193429.06
2019-10-20,66.2022,0.0,217499959311.75,50158513915.07,73510305304.92,36454852830.48
2019-10-21,66.5255,0.0,222732148135.31,55093479570.56,74558402060.24,39702202859.14
2019-10-22,66.3505,0.0,223320913500.27,56888070872.35,74994206300.08,41130567447.56
2019-10-23,66.2833,0.0,219391010602.35,58330830763.15,74036106777.72,41633589926.21
2019-10-24,65.9934,0.0,205190729017.25,78426089990.14,69861946171.86,56625048524.26
2019-10-25,65.6108,0.0,205647509967.73,60204655536.68,70720572732.35,44090661692.69
2019-10-26,66.7039,0.0,234439162526.1,99555001734.96,78059140875.06,70876520724.5
2019-10-27,68.2292,0.0,244088980094.68,139892772178.44,77549053602.08,96153923657.42
2019-10-28,68.309,0.0,252528219570.81,108998713892.52,80028640067.6,76674694057.61
2019-10-29,67.6869,0.0,246115458439.21,104082242804.65,79527517315.28,73390068294.14
2019-10-30,67.3948,0.0,251923198220.84,96985401843.27,82140141123.64,68812978298.84
2019-10-31,67.322,0.0,246361875773.78,92322077476.98,80506230893.7,64831212766.45
2019-11-01,67.4083,0.0,245742526631.21,85660754004.17,80091565172.1,59294536370.8
2019-11-02,67.5077,0.0,247392900302.58,79799402513.12,80383587330.73,55622430628.72
2019-11-03,67.4718,0.0,249920224663.87,70705682328.51,81294563279.2,49580892931.31
2019-11-04,67.3738,0.0,247072711203.52,71828101671.97,80610394324.81,50885515917.25
2019-11-05,67.3358,0.0,252022284385.41,87869914368.36,82321109966.79,61840707110.4
2019-11-06,66.8712,0.0,251901342584.08,89143857563.66,83451776640.67,63137043679.98
2019-11-07,66.5967,0.0,253316684393.63,81794174699.65,84616103272.7,58917958985.95
2019-11-08,66.8391,0.0,249894570754.08,79574469657.17,82867199672.54,57065233455.41
2019-11-09,66.4918,0.0,238915429227.25,82483654898.97,80056366493.71,58331765054.26
2019-11-10,66.2467,0.0,239781929869.29,61294428276.85,80934286635.16,43906778167.64
2019-11-11,66.3647,0.0,246162089756.91,73033103437.26,82797341582.78,52673224800.81
2019-11-12,66.0131,0.0,239391927223.95,69350696583.76,81361970735.16,49235840994.97
2019-11-13,66.0596,0.0,240851464597.69,69297550340.3,81745910361.08,49271795064.6
2019-11-14,65.9535,0.0,241239437279.91,61510440122.75,82133630318.97,44152743872.52
2019-11-15,65.8812,0.0,238649608499.13,66332278045.99,81424294036.1,47398894464.31
2019-11-16,65.9261,0.0,232565113364.37,74577769595.27,79244062190.21,52918674552.41
2019-11-17,65.8986,0.0,234190188629.37,56677374965.91,79862189074.79,40363873393.17
2019-11-18,65.8364,0.0,235192752469.85,63309924941.75,80350398904.05,44776562004.17
2019-11-19,65.9052,0.0,227503116007.84,72337158103.57,77566668140.9,50905695416.57
2019-11-20,66.0156,0.0,224521879611.03,70924589549.28,76302312237.55,49998801408.88
2019-11-21,65.8194,0.0,219994679481.9,68812343074.43,75195543850.51,48215689061.39
2019-11-22,66.1326,0.0,208801582666.43,77641891187.36,70715589127.37,55242094924.11
2019-11-23,66.4044,0.0,198511701142.66,111470578988.11,66691108060.94,77363900650.22
2019-11-24,66.0105,0.0,202535673973.99,73459719027.4,68840905742.07,52679836113.18
2019-11-25,66.2671,0.0,191655684063.26,87459032231.72,64650947469.87,57067355307.66
2019-11-26,66.4465,0.0,194398367185.01,118878664654.07,65227498672.01,76621885089.52
2019-11-27,66.2179,0.0,196682287956.91,69920849033.12,66443374416.91,48932479488.52
2019-11-28,66.5864,0.0,204726235192.53,80818189849.23,68406422086.21,56912034026.92
2019-11-29,66.5205,0.0,202918999897.73,64777678720.09,67936312125.31,45806678656.8
2019-11-30,66.7543,0.0,210161291355.69,66908306202.87,69869616131.69,47380936230.78
2019-12-01,66.6811,0.0,205200632333.81,58564085088.02,68370687712.92,41541480589.67
2019-12-02,66.4317,0.0,202135939662.52,63018744034.76,67853499521.54,44396292589.61
2019-12-03,66.5035,0.0,199217390318.29,58931106768.47,66730870375.38,41896714260.09
2019-12-04,66.5944,0.0,198711739621.28,52458521903.44,66380822654.39,37710614941.97
2019-12-05,66.718,0.0,196120312746.64,70045503431.94,65272723193.45,48596177604.44
2019-12-06,66.8251,0.0,201542997622.76,61707340913.73,66861781742.28,42997817010.57
2019-12-07,66.9795,0.0,203952399538.17,57650857086.92,67346203830.69,39613456338.47
2019-12-08,66.9174,0.0,204207897597.94,50596132157.46,67557216201.76,35288374832.6
2019-12-09,66.7025,0.0,205129791290.38,51040016089.41,68303074467.5,35758009731.85
2019-12-10,66.6468,0.0,200550218824.5,57807614345.74,66889871717.31,40065520601.69
2019-12-11,66.6531,0.0,197469022766.78,58218028799.24,65849789621.62,40137035980.8
2019-12-12,66.6956,0.0,196622485329.98,56806763603.3,65483929946.36,40379010576.49
2019-12-13,66.6152,0.0,196913517806.18,62916223832.73,65739212301.79,44352577916.18
2019-12-14,66.5715,0.0,197613940730.48,58949291630.97,66059404971.62,41927049196.16
2019-12-15,66.4343,0.0,193903157550.66,57520429868.53,65084896722.26,40521003651.74
2019-12-16,66.454,0.0,195114324660.45,58736045218.6,65452995691.78,41988009258.97
2019-12-17,66.8686,0.0,187692198477.08,69676321508.34,62185092591.21,49627915630.79
2019-12-18,67.6245,0.0,177171232798.81,78801683633.93,57360159098.33,56619616505.6
2019-12-19,68.123,0.0,193850530069.08,103908229403.03,61793681065.11,72125459959.64
2019-12-20,0.0,0.0,191374820551.46,84641983980.85,60826643010.66,58975731860.19
2019-12-21,68.2831,0.0,191518209159.21,75613153650.96,60743704514.79,53107109431.3
2019-12-22,68.358,0.0,190488163929.35,62625538620.15,60274333236.43,43518151270.35
2019-12-23,68.8395,0.0,198230261805.23,76041953490.82,61769551067.61,52894536459.42
2019-12-24,68.8311,0.0,193426930731.44,85922657122.44,60288974669.97,58440883103.26
2019-12-25,68.697,0.0,193063675342.47,75755829117.57,60434677756.5,52977161161.6
2019-12-26,68.8484,0.0,191691734906.67,68496073528.84,59715046461.75,47171167308.45
2019-12-27,68.7354,0.0,190752771796.27,74011241652.93,59638181569.58,51404532992.77
2019-12-28,68.6586,0.0,192486227320.55,73863457128.47,60327932212.72,51315227586.66
2019-12-29,68.4864,0.0,193172668435.48,73052953902.77,60875585164.6,51376867257.78
2019-12-30,68.283,0.0,196928346755.65,75108342661.08,62459683966.01,52892759472.82
2019-12-31,68.218,0.0,193518482937.31,76460241218.45,61504019615.39,53827110617.52
2020-01-01,68.3033,0.0,190906009352.88,68967599558.58,60510822865.3,48085893488.0
2020-01-02,68.191,0.0,191542043659.12,61537198640.32,60927629629.78,43165791686.37
2020-01-03,68.1546,0.0,185801651215.77,67968229449.61,59169187394.32,47313600802.05
2020-01-04,68.1903,0.0,195561663745.56,89683613405.89,62207670176.82,61669455022.82
2020-01-05,68.1272,0.0,197601246408.57,62858900974.31,62981016042.95,44577835599.96
2020-01-06,67.9849,0.0,197779783038.89,67673095532.85,63319405081.72,48122188006.35
2020-01-07,67.5872,0.0,208829737313.18,81914860924.1,67687461015.97,58864604874.7
2020-01-08,68.825,0.0,215477982659.48,90640060982.89,67175226002.08,62232639297.9
2020-01-09,68.8697,0.0,212579989779.82,96417460157.84,66176827839.1,65156129390.6
2020-01-10,68.5321,0.0,208391004804.04,76792347658.35,65576187016.79,52942547579.57
2020-01-11,68.3113,0.0,217142833904.37,94863790145.25,68809688410.42,66183283095.43
2020-01-12,68.0386,0.0,213912161290.96,88206299492.02,68369228969.93,62881682986.8
2020-01-13,67.9123,0.0,218845911766.87,79886153277.92,70222511293.15,57161124121.95
2020-01-14,68.0319,0.0,217302263269.43,76542192567.0,69467510969.7,54230185565.35
2020-01-15,66.0767,0.0,241690318632.41,162337957911.43,81989302924.25,117749473620.17
2020-01-16,66.2298,0.0,241800731133.13,144578067793.22,81656617991.41,104930831230.71
2020-01-17,66.1773,0.0,239495173360.02,119393234203.89,81003789337.46,88351935761.82
2020-01-18,65.9473,0.0,245136022351.94,137079364761.41,83475535128.89,100955017343.17
2020-01-19,66.3028,0.0,244524577534.93,125135420549.4,82397966284.91,92977868325.58
2020-01-20,66.275,0.0,238885714824.02,122591548910.68,80564091622.57,88604589822.9
2020-01-21,65.948,0.0,238430922469.24,96638062390.01,81190551939.71,70463481333.81
2020-01-22,65.7571,0.0,241570437714.8,88652213131.11,82720820800.37,64750829197.48
2020-01-23,65.6642,0.0,240267938713.9,83729457733.32,82497890797.47,61262677657.29
2020-01-24,65.9755,0.0,231568764821.78,93767603078.63,78790162836.7,68122066761.75
2020-01-25,66.1028,0.0,232407217157.28,93144055613.84,78779572950.23,68917074544.4
2020-01-26,66.1857,0.0,229601452323.23,74506660153.02,77638113940.35,55037010588.26
2020-01-27,65.8236,0.0,237755757505.3,83531643318.45,81256466974.83,61441388186.84
2020-01-28,65.9908,0.0,245557058625.93,106306511528.97,83512093373.02,77967173990.28
2020-01-29,66.496,0.0,256574234368.08,122588027069.85,85962525912.19,88305045859.24
2020-01-30,66.444,0.0,254824602587.36,116180209197.45,85508818189.27,85876711466.72
2020-01-31,65.9566,0.0,262023250691.98,122010640093.35,89201659805.38,89904404632.56
2020-02-01,66.162,0.0,257141798147.88,113397823901.3,87011532909.81,84198096163.81
2020-02-02,0.0,0.0,259115266400.08,99860408541.86,88374205343.03,74062971280.49
2020-02-03,65.4761,0.0,259643454502.83,114681253384.76,89638985282.75,83999653853.79
2020-02-04,65.1192,0.0,259637740495.12,112517394109.32,90563739379.27,81813970936.13
2020-02-05,64.7499,0.0,258031287663.73,106538796907.01,90956275184.85,76800775090.9
2020-02-06,64.3859,0.0,272040179475.93,133658671242.94,96884776086.68,98540035383.55
2020-02-07,64.1799,0.0,275980858371.69,137155614086.77,98856693546.79,99730801977.27
2020-02-08,63.9356,0.0,278843832637.22,128147270077.95,100563430284.1,93906556155.6
2020-02-09,63.7816,0.0,281368466963.51,132066970018.91,101907134963.91,97026061103.87
2020-02-10,63.6231,0.0,289967404094.29,132255252697.71,105481237931.1,96470659998.83
2020-02-11,63.246,0.0,283671652202.42,144600230822.82,104260594174.47,105486859232.49
2020-02-12,63.169,0.0,294226229673.34,136829373939.86,108366474822.82,99422215721.92
2020-02-13,62.0509,0.0,302858654579.49,165489689737.29,114932141815.89,122316781983.27
2020-02-14,61.6874,0.0,301351995936.52,187532603478.89,115455657792.08,138381951650.35
2020-02-15,60.9996,0.0,308079263556.73,162518023841.4,120152221522.03,119307565272.36
2020-02-16,61.9628,0.0,290967846084.15,168384313779.74,110675972042.41,124780848399.06
2020-02-17,62.8024,0.0,288032593679.92,175100800773.61,107141162045.6,131837058931.07
2020-02-18,62.236,0.0,283498176398.9,181054522902.95,107060380142.78,135365160700.19
2020-02-19,62.3883,0.0,296512753130.03,174269189199.61,111523518398.31,127226388328.83
2020-02-20,62.8671,0.0,279069958247.02,161625924473.69,103626721299.92,114818373240.44
2020-02-21,62.9577,0.0,278139908243.86,166435377869.69,103029456533.04,121923660671.39
2020-02-22,62.7238,0.0,281461430066.85,144600262697.81,104918262325.23,103912101244.74
2020-02-23,62.8667,0.0,280184042427.29,125133541943.89,104041526915.24,89604185057.81
2020-02-24,62.5778,0.0,289022567872.44,142014747849.58,108158687122.14,100998876991.09
2020-02-25,62.9358,0.0,279557111926.53,160852920418.46,103615737880.89,116147394748.93
2020-02-26,63.6613,0.0,267659886323.56,156156127183.39,97264101938.16,113867931271.33
2020-02-27,64.4957,0.0,249569511347.98,189988162451.22,88607807329.96,139790312792.07
2020-02-28,63.9496,0.0,250860225333.47,170640350104.12,90435995688.22,125451378057.65
2020-02-29,63.8706,0.0,247691279806.4,159056824282.08,89489269650.85,114692561638.05
2020-03-01,64.0496,0.0,245016228835.25,128935991272.48,88084204780.07,93321897855.66
2020-03-02,64.0846,0.0,243559652309.56,129880123881.63,87475479110.73,94808077620.7
2020-03-03,63.6857,0.0,254099538219.92,181440967513.31,92274537737.32,138799754798.11
2020-03-04,63.7851,0.0,251545638677.94,173136422543.39,91096971984.48,131054222352.16
2020-03-05,63.7059,0.0,251430824416.41,136172503420.74,91254542957.36,101571716417.78
2020-03-06,63.9298,0.0,259454088291.83,140044426474.29,93585668995.28,100515068875.76
2020-03-07,63.2332,0.0,263364575633.36,140565387465.47,96830820655.85,100007815598.29
2020-03-08,63.4863,0.0,256378312657.83,131817966953.13,93613201487.35,95785746281.79
2020-03-09,64.008,0.0,231145558855.08,150783410130.55,83193804448.53,110808389428.94
2020-03-10,63.7093,0.0,227631260801.88,171208491871.64,82608904249.73,124490548270.48
2020-03-11,64.0479,0.0,225342205926.88,140897698295.2,81015316888.76,98971603455.89
2020-03-12,64.6118,0.0,223936047902.73,130232893958.16,79246971420.78,91711300823.79
2020-03-13,64.3322,0.0,142897912556.92,192950889418.95,50968574924.94,138480042224.04
2020-03-14,63.426,0.0,160732124376.88,255120202251.3,58786110989.42,181260165456.5
2020-03-15,63.5218,0.0,148748542369.05,123571214236.96,54260716932.07,87640430777.67
2020-03-16,63.7472,0.0,152899471729.92,115229711545.42,55430278889.58,81500189695.19
2020-03-17,64.2795,0.0,142633255585.11,148892777188.89,50949332192.55,103666572429.55
2020-03-18,63.8515,0.0,149316408512.45,120867394963.16,53975668025.46,82483428287.61
2020-03-19,63.6878,0.0,150971345133.11,119539558479.46,54821005183.89,81619457519.92
2020-03-20,64.706,0.0,175207095665.5,169463828443.57,61837655685.89,116353582098.8
2020-03-21,65.0284,0.0,173221023662.35,183017751032.82,60578093228.52,128781382307.61
2020-03-22,64.9257,0.0,174118493965.9,137524051353.17,61070900298.04,95189427212.04
2020-03-23,64.7551,0.0,163354331068.49,128959423074.93,57574140799.86,89045376035.59
2020-03-24,63.9917,0.0,184665034905.21,147976813767.78,66494756045.46,101452993284.72
2020-03-25,65.9854,0.0,186199661159.28,148529407873.94,63334982528.76,100668620367.89
2020-03-26,65.9627,0.0,185509062533.46,136921094622.06,63142206688.06,92370815474.36
2020-03-27,65.6494,0.0,187791438192.16,112475058471.02,64507476031.92,77301255844.86
2020-03-28,65.3557,0.0,179963102773.1,112444370676.35,62346884033.69,78041860652.79
2020-03-29,64.8982,0.0,175761793543.83,117045937077.48,61695634708.69,82570668442.66
2020-03-30,64.409,0.0,167994375804.33,95417790611.08,59790937889.09,67093549820.04
2020-03-31,65.7528,0.0,179004620408.42,120067660437.62,61304083023.89,82357746416.15
2020-04-01,65.0457,0.0,180965099061.58,105966267719.6,63255053907.23,73370978404.82
2020-04-02,65.4098,0.0,185907562467.74,126724022166.39,64305754562.45,86043310791.98
2020-04-03,65.447,0.0,190041172057.38,149014324829.18,65664845494.88,101774809620.1
2020-04-04,65.0947,0.0,189324175844.15,124769415485.85,66084087117.02,85992316119.21
2020-04-05,65.211,0.0,192890422623.33,108291293270.43,67104599501.18,75164344474.21
2020-04-06,65.1669,0.0,190553835278.15,98481971430.27,66375830311.78,69162930799.31
2020-04-07,64.4748,0.0,206897708040.81,162766898283.78,73500827472.67,115800813938.02
2020-04-08,64.5072,0.0,203656663262.74,156245172850.22,72283400665.77,112383059965.39
2020-04-09,63.9607,0.0,209782873298.31,138057738560.69,75604237077.06,100637614308.72
2020-04-10,63.9765,0.0,208982008814.87,120237473143.53,75282704670.81,86124915377.82
2020-04-11,64.1851,0.0,196193718614.81,149901273918.25,70266565940.23,106237634666.53
2020-04-12,64.13,0.0,195938721149.61,110211851286.12,70283284852.97,79078580127.42
2020-04-13,64.149,0.0,198521261835.83,123306024032.27,71171767935.91,87437895791.02
2020-04-14,64.2034,0.0,195537345136.44,132520511886.96,69995781984.83,94702678242.47
2020-04-15,64.1724,0.0,195202053528.77,117625847388.77,69936247979.43,83518431198.69
2020-04-16,64.0468,0.0,189006663543.68,112732530921.27,67953926691.94,80491244350.57
2020-04-17,63.94,0.0,203538405735.91,165320372325.13,73396011710.23,119073995884.67
2020-04-18,63.8731,0.0,203760455786.76,119998416239.09,73612403096.2,87564156513.07
2020-04-19,63.3454,0.0,210091706887.07,127425582377.2,77008329928.66,95134587723.11
2020-04-20,63.6524,0.0,206876648151.5,123894637922.39,75194770922.89,93189776556.6
2020-04-21,63.6469,0.0,198279570171.76,146122415514.6,72080729647.73,108474125565.0
2020-04-22,63.5343,0.0,198531006715.65,117930065779.02,72395783561.28,85469639280.67
2020-04-23,63.4761,0.0,205956894776.33,123280757601.31,75223484866.36,90050535614.29
2020-04-24,64.0512,0.0,213212605910.54,152276653797.72,76647472465.17,108779902052.74
2020-04-25,63.9016,0.0,216674137449.86,124186028539.19,78215827653.72,89861518781.55
2020-04-26,63.5712,0.0,218337748656.88,123817805691.79,79537789083.33,91038457452.43
2020-04-27,63.7704,0.0,221610785841.97,127992990764.74,80288669894.63,94641042868.38
2020-04-28,63.952,0.0,223396700061.91,135841142068.3,80530072920.13,99979485157.03
2020-04-29,63.6155,0.0,225062168283.75,126177308207.73,81887655443.99,93134939415.75
2020-04-30,64.958,0.0,248445875018.99,207212949734.98,87060525535.13,147220026857.83
2020-05-01,65.4798,0.0,243138650002.87,228953952638.95,83931978865.62,161560036263.97
2020-05-02,65.3807,0.0,248672837525.42,152203851984.11,86088863987.75,108324018566.55
2020-05-03,65.4414,0.0,252156470811.77,137730159610.57,87141625371.87,97835646157.52
2020-05-04,65.7388,0.0,248947970054.02,158942868105.15,85292498574.44,111899483797.98
2020-05-05,65.8989,0.0,248643650991.88,162685103400.49,84790267054.7,117044254638.85
2020-05-06,66.2141,0.0,249584132598.12,146222096621.39,84324211926.89,103202176098.48
2020-05-07,66.9874,0.0,253224242766.61,160893363131.36,83595946637.86,111465675150.16
2020-05-08,67.9003,0.0,269024453121.22,192153793723.11,86355961376.26,131275583967.6
2020-05-09,67.5105,0.0,267222497107.86,169523686151.06,86819335352.2,118067088279.76
2020-05-10,67.0774,0.0,262419623119.76,157002189778.36,86395253207.13,110602228222.29
2020-05-11,67.111,0.0,239905498766.75,207500270575.05,78902635359.96,144584349831.01
2020-05-12,66.9088,0.0,235531548194.97,180381091455.61,77940231776.85,123577983722.99
2020-05-13,67.0516,0.0,241577838734.57,136371133740.47,79596001106.45,94397233932.25
2020-05-14,67.599,0.0,252415621562.45,144038496641.84,81785287061.15,98608734859.1
2020-05-15,67.7409,0.0,264661769847.45,174846669894.7,85377596480.4,118360763491.81
2020-05-16,66.2322,0.0,258952934234.05,175747473490.06,83264609078.47,118870560671.11
2020-05-17,66.4892,0.0,261728797382.22,175747473490.06,84157169576.28,118870560671.11
2020-05-18,0.0,0.0,272773461240.49,175747473490.06,87708508437.46,118870560671.11
2020-05-19,0.0,0.0,265552242186.84,135053104249.5,85386573050.43,94511674941.05
2020-05-20,0.0,0.0,261561632338.35,123941268368.67,82956487711.86,85608198405.92
2020-05-21,66.6972,0.0,262083059149.23,120405744864.7,87281016510.35,83989213040.47
2020-05-22,66.4426,0.0,250877075733.58,127145162603.1,84187798915.61,87889453804.25
2020-05-23,65.9754,0.0,255973855249.76,105373246350.02,87094161480.36,76020369774.17
2020-05-24,66.0264,0.0,256076822519.13,93777128666.31,86998492696.77,66161501328.76
2020-05-25,65.6724,0.0,245307463085.45,106687107046.48,84208240561.44,74058398788.12
2020-05-26,65.4796,0.0,250129346422.25,100229270448.08,86345556935.0,69238142648.33
2020-05-27,65.5225,0.0,247898276955.0,94638813909.07,85469209232.19,65189363094.37
2020-05-28,65.9059,0.0,256310023012.92,102051966387.34,87386634954.47,69298934874.73
2020-05-29,66.0504,0.0,265482468347.8,107715047299.13,90130118615.63,73368475310.27
2020-05-30,65.8267,0.0,263503313795.46,104192550380.4,90047664425.57,71504158210.86
2020-05-31,65.2249,0.0,273399601030.28,114542187996.57,95075004282.22,81868473911.61
2020-06-01,65.4246,0.0,265879743003.06,100985785037.81,91929091355.3,73324534402.32
2020-06-02,65.8572,0.0,283622394999.81,116574656272.6,96836515741.32,81287618014.02
2020-06-03,64.9626,0.0,269669185656.96,128183531608.65,94484972223.92,89381893166.33
2020-06-04,64.7742,0.0,274151564785.2,88006798254.57,96572104659.29,63087127614.97
2020-06-05,64.969,0.0,277698210836.31,90069281108.44,97280388572.97,64254570891.13
2020-06-06,64.7035,0.0,274096163172.04,84358842355.79,96746397225.28,60787310393.6
2020-06-07,64.6942,0.0,274332683081.12,69886580941.17,96855314038.56,49703027566.99
2020-06-08,64.8078,0.0,277380076894.01,84732651340.62,97616116194.94,59726335574.94
2020-06-09,64.8166,0.0,278096680550.81,72334494642.26,97843738115.67,50644224668.89
2020-06-10,64.8101,0.0,278040733449.28,76337955822.49,97842308495.51,52908121075.76
2020-06-11,64.7861,0.0,280341768033.13,80033826208.76,98719175483.38,54381273085.49
2020-06-12,65.0664,0.0,262936200561.58,104889416078.59,91853029576.22,74666143101.93
2020-06-13,64.8098,0.0,269409716517.27,79566758965.27,94805788446.96,57106654605.85
2020-06-14,64.7181,0.0,269522607497.99,62811020346.84,95092689009.42,45266966120.13
2020-06-15,64.9232,0.0,266035895347.15,63470008834.37,93316959588.4,44530272957.51
2020-06-16,65.2329,0.0,266622801180.69,89917033080.12,92697063814.06,63259311866.91
2020-06-17,65.1751,0.0,269178229660.08,71434478011.97,93741115397.32,49944357198.37
2020-06-18,64.9889,0.0,268500160916.02,69433067011.82,94004816084.84,49317133246.26
2020-06-19,64.954,0.0,266619579292.93,61269048243.31,93439462569.17,43594653505.97
2020-06-20,64.8664,0.0,263460088359.75,66359834343.44,92563110714.41,46761769861.58
2020-06-21,64.8134,0.0,266022682513.16,59369170115.95,93604276059.72,42242381900.74
2020-06-22,64.7461,0.0,264363305114.11,53756780220.55,93198312673.33,38492779482.63
2020-06-23,64.8125,0.0,274231132219.34,73492518369.09,96495052508.02,52402161190.84
2020-06-24,64.6293,0.0,274415084009.52,60809621251.33,97062402802.08,43896044661.59
2020-06-25,64.5056,0.0,265664251280.1,68954772301.42,94295989769.02,49919991078.67
2020-06-26,64.5483,0.0,264249039210.3,60551195454.4,93680734160.34,42044247532.57
2020-06-27,64.4938,0.0,261915394219.36,63599010300.6,92996140144.64,45266870988.02
2020-06-28,64.9597,0.0,256683113723.66,61281854694.23,89942411332.57,44071777396.25
2020-06-29,64.8973,0.0,259040084886.56,52156497097.72,90930075063.42,37632369993.93
2020-06-30,64.7074,0.0,261229652828.12,57673660243.69,92194760882.49,41294176024.62
2020-07-01,64.7972,0.0,260320888909.67,53952721893.81,91640195497.72,38217554291.96
2020-07-02,64.6054,0.0,263115754743.22,56936944693.85,93128817973.0,41039920146.69
2020-07-03,64.4048,0.0,260857828462.15,58063186463.91,92852744941.07,41794473203.27
2020-07-04,64.4854,0.0,259448465559.54,48357643864.73,92141971698.34,35313675126.69
2020-07-05,64.2307,0.0,261182291101.76,47020077010.9,93422990688.98,34817044242.26
2020-07-06,64.1911,0.0,260306522652.66,50770212056.16,93212915560.98,37861097077.07
2020-07-07,63.58,0.0,270192602657.79,73479666925.46,98404266852.74,55711323941.78
2020-07-08,63.3439,0.0,269315231661.25,56470274252.87,98720347625.87,42700259556.31
2020-07-09,62.7688,0.0,276880592437.92,79860176009.97,103085929102.74,60185512247.5
2020-07-10,62.6314,0.0,272563372849.37,69877329175.99,101853001027.31,51936995490.2
2020-07-11,62.8263,0.0,272331437056.72,59283788347.95,101235629674.14,42481061982.13
2020-07-12,62.4895,0.0,272534506383.59,49393605468.76,102229143947.29,36197714881.72
2020-07-13,62.3843,0.0,274590327540.7,53578817272.07,103289162695.52,39081993379.97
2020-07-14,62.5319,0.0,272377789266.65,65908835962.42,102054773092.02,48467592198.67
2020-07-15,62.3378,0.0,273330065471.21,63158768374.96,102942082619.07,45152735049.62
2020-07-16,62.1933,0.0,272564922679.2,56672872493.94,103047745875.73,40873168094.11
2020-07-17,62.3728,0.0,269849125577.79,58293541126.99,101536737427.97,42632231193.72
2020-07-18,62.3679,0.0,270503463234.1,49526346320.59,101796180489.41,35624306039.84
2020-07-19,62.1405,0.0,271688028820.17,44970095319.0,102859745547.86,32771971346.38
2020-07-20,62.0082,0.0,273663203342.16,47670540655.03,103969580716.07,34733981728.45
2020-07-21,62.3267,0.0,270807056798.71,49282340770.91,102022066638.84,35598202758.89
2020-07-22,62.2143,0.0,277880541033.02,61362409372.16,104999164997.4,43299718032.87
2020-07-23,61.7285,0.0,284405679305.48,59140376978.83,108846189743.42,42643119445.06
2020-07-24,61.4269,0.0,287777703349.12,69065547787.56,111004888642.8,50998104497.74
2020-07-25,61.3495,0.0,286767769660.61,62829965757.42,110837144076.04,46350140926.95
2020-07-26,60.509,0.0,294997375792.62,69656804856.76,116497351752.43,53069961690.44
2020-07-27,60.9377,0.0,299852311722.38,80198364054.7,117129179180.16,59766331928.23
2020-07-28,63.0999,0.0,323033150312.8,121364853968.81,119199606893.74,85872650631.23
2020-07-29,62.5121,0.0,322202500952.51,101283387275.01,120786980397.4,72672140743.07
2020-07-30,62.839,0.0,325282044762.39,88109965992.77,120878110465.34,63542495210.09
2020-07-31,62.3547,0.0,328863389993.88,84227395800.88,123801714659.17,61476477157.74
2020-08-01,62.2885,0.0,336164467809.56,86038004144.8,126772537878.94,62884789293.96
2020-08-02,61.5078,0.0,353064238860.0,102768393729.66,135902333208.28,76749315397.27
2020-08-03,61.0044,0.0,333882055719.94,121696417525.42,130199181221.41,94353589903.23
2020-08-04,60.4838,0.0,343012862913.12,84725918471.92,135545782761.31,64577298476.25
2020-08-05,60.2936,0.0,343073470927.81,88501802750.9,136222194488.05,67328677587.36
2020-08-06,61.0019,0.0,355796884138.52,90590726287.11,138754072680.56,66195175368.14
2020-08-07,60.9511,0.0,356551104258.56,88335988324.11,139229256922.1,65040344017.68
2020-08-08,61.1393,0.0,350215991454.09,98814483385.34,136096474576.0,75765111091.42
2020-08-09,60.558,0.0,358447921936.55,73006305175.68,141378872123.2,55424855713.1
2020-08-10,60.3636,0.0,357297704990.78,73461663443.91,141619973090.86,56071195219.13
2020-08-11,60.2664,0.0,364207711950.89,100007273993.58,144712756671.52,73935541167.89
2020-08-12,60.294,0.0,348972550558.98,109899478616.04,138563080647.58,82948989306.58
2020-08-13,59.7278,0.0,358006269803.14,102139790416.36,144177085946.49,77133282310.23
2020-08-14,58.9955,0.0,369417711004.01,121835451295.89,151477709814.47,94282454857.46
2020-08-15,58.707,0.0,370156171458.71,103585844876.02,152848736250.33,79525314370.38
2020-08-16,58.7265,0.0,372982747508.72,103148119966.54,153943010304.14,79971099899.06
2020-08-17,58.3722,0.0,376535095494.19,96787351264.63,156743233221.43,76234455435.48
2020-08-18,59.0938,0.0,383377492060.84,115281734292.5,156825058985.16,87136382802.79
2020-08-19,59.0068,0.0,374964554228.23,108034281294.27,153710003765.41,82129488744.13
2020-08-20,59.3795,0.0,365420906813.08,106561349405.99,148435628666.81,82141979347.74
2020-08-21,58.8368,0.0,372862154031.1,87391080548.79,153481998053.45,67323841083.53
2020-08-22,59.6121,0.0,358605318729.22,110529262939.47,144833075998.15,86861470496.28
2020-08-23,59.1269,0.0,364684962617.6,87501191224.67,149057874639.58,67446222490.75
2020-08-24,59.2354,0.0,363519561203.83,76834148022.63,148187366115.46,58460197539.88
2020-08-25,58.8479,0.0,369526870847.28,83769950048.3,152068134158.18,63188106432.51
2020-08-26,59.2271,0.0,354049798580.44,107729913774.56,144356336304.19,81523102044.76
2020-08-27,59.0225,0.0,359336226125.74,93908658506.97,147246860939.53,71556803336.67
2020-08-28,59.336,0.0,352749467573.2,97304102328.88,143441934050.08,74158904478.16
2020-08-29,58.9599,0.0,361736022917.49,82228462440.75,148456750797.94,62519940845.41
2020-08-30,58.423,0.0,363413622317.6,81595839844.7,151096475814.54,64227880752.87
2020-08-31,57.8802,0.0,373760804695.97,94786673670.49,157427285197.86,75102187197.77
2020-09-01,57.1796,0.0,377429479714.17,99201011088.05,161616947457.63,77027706206.89
2020-09-02,56.5229,0.0,390803527915.99,130521593353.58,169910008525.07,103307371833.81
2020-09-03,56.0866,0.0,375587086048.11,136115249524.18,164932986532.95,108262310057.95
2020-09-04,56.5458,0.0,334122390605.8,147097082070.6,145190218485.31,115148648410.46
2020-09-05,56.7373,0.0,342425218920.61,140210466280.47,148142284588.69,110493205733.55
2020-09-06,58.4959,0.0,321664616571.63,192759416897.63,133503860624.11,147679860878.88
2020-09-07,57.4773,0.0,330496789159.04,164069975000.42,140536106113.78,127179178019.62
2020-09-08,57.7817,0.0,332018032720.92,147053793865.37,140172298653.97,113394530929.47
2020-09-09,57.8769,0.0,323532314808.98,138423927251.43,136281884694.34,105109477253.84
2020-09-10,57.3134,0.0,330559114017.34,106455405034.51,141104409399.37,82425595147.12
2020-09-11,56.7896,0.0,336184918587.58,223147985654.59,145266922279.92,168546637068.31
2020-09-12,56.6818,0.0,339832899537.44,193879933387.37,147209472589.64,148501356714.68
2020-09-13,56.0781,0.0,344614053270.44,149284620904.12,151361066506.95,112462267899.45
2020-09-14,56.6702,0.0,337006816516.43,183787961806.9,146024502656.06,147165477470.36
2020-09-15,56.9591,0.0,347071719896.29,142097718959.51,149382703842.99,106581264637.12
2020-09-16,57.8962,0.0,344781485880.53,131129967919.97,145165949903.33,98673096583.38
2020-09-17,58.3034,0.0,347965535929.32,129292211243.73,145089687345.64,98642000469.1
2020-09-18,57.6275,0.0,351598855637.39,141655049893.17,148981168099.35,103539688423.67
2020-09-19,57.7011,0.0,350895477289.46,122167455145.26,148424950869.95,95896066023.94
2020-09-20,57.8943,0.0,354137607350.84,97519909465.98,149112027470.89,74892970427.07
2020-09-21,58.2788,0.0,347033217718.37,103447989188.73,144786407985.18,78802689407.45
2020-09-22,58.9081,0.0,327731497589.63,130611747588.47,134670980167.6,101762922644.04
2020-09-23,58.728,0.0,332027368586.14,97425724479.93,137034212474.12,73898278943.79
2020-09-24,59.2733,0.0,318976234710.22,94656609379.6,129908598784.03,71740299093.64
2020-09-25,58.8523,0.0,337981088523.23,95200968853.5,139071500899.72,72302986532.93
2020-09-26,58.2777,0.0,339757512440.31,92105056967.8,141754799365.54,70960770976.3
2020-09-27,58.1757,0.0,341673718633.88,79963648755.2,142902631565.82,61921284709.47
2020-09-28,58.2177,0.0,344251832740.74,80772167442.99,143836435242.3,62580912810.49
2020-09-29,58.1388,0.0,340861714277.42,92780333922.32,142688907743.64,70318139806.69
2020-09-30,58.1376,0.0,345412564397.67,82963451798.46,144597923582.92,62649386835.67
2020-10-01,57.9912,0.0,344524134993.74,80421404805.97,144730420009.98,59830742319.09
2020-10-02,58.0297,0.0,338747511469.35,99177391297.0,142173309031.46,72043408405.56
2020-10-03,58.427,0.0,335281202262.36,97363868224.1,139386322120.51,74300885708.42
2020-10-04,58.3396,0.0,335000601208.81,66672390834.24,139562657694.08,49595599277.03
2020-10-05,58.254,0.0,339534475425.58,70393369351.75,141741998469.8,52867957068.21
2020-10-06,58.4263,0.0,342175344403.82,75518713892.75,142254850603.24,56165200919.04
2020-10-07,58.9511,0.0,333624112364.85,97920955450.48,136948946098.39,75730444001.98
2020-10-08,58.8731,0.0,335851867860.45,77407130563.98,138125431752.66,59948182073.16
2020-10-09,58.9279,0.0,343540317957.84,91180890837.06,141099184592.5,69133661712.39
2020-10-10,58.5205,0.0,350453038073.5,93804782714.38,145366006959.75,71374111155.21
2020-10-11,58.4273,11.7061,357912892945.41,78216024243.13,148794100597.61,55399283639.5
2020-10-12,58.4338,11.7481,360699683538.96,69761310491.04,149928984554.83,50060350872.93
2020-10-13,58.5069,11.9793,365679314190.56,88132535313.19,151731770599.28,61967784668.62
2020-10-14,58.4469,11.8995,361984974231.78,78724567414.12,150415886405.62,54483315655.5
2020-10-15,58.6674,11.8871,360732167029.59,75012768221.45,149100089051.99,50913500993.16
2020-10-16,58.7123,11.7655,362557610974.42,77492818135.99,149691662188.65,53007747047.31
2020-10-17,59.0335,11.6551,355188138511.74,80860778559.37,145508226885.5,55222350702.65
2020-10-18,58.9983,11.6956,356531115436.62,59465745079.86,146183844070.67,40405824123.99
2020-10-19,58.8907,11.8412,361126871930.7,58303186795.66,148456880792.32,40024099874.52
2020-10-20,59.4954,11.7527,365537367571.53,72386128953.68,148059356186.25,48528160760.92
2020-10-21,60.5288,11.4474,364646583208.62,86354549691.16,143930391574.27,55443680443.64
2020-10-22,61.3409,11.4546,387217676543.42,120000803705.07,149695020306.22,76613978450.0
2020-10-23,60.8464,11.8554,394720890092.92,102075373669.46,154547399605.41,67346666333.32
2020-10-24,60.9574,11.7918,392938880651.47,87548609575.84,153413589851.28,58534732093.91
2020-10-25,61.0169,11.7265,398069341441.43,73991781846.92,155179727499.52,49473208444.76
2020-10-26,61.1,11.6356,395020775608.59,72524703299.63,153663139474.36,48095701276.77
2020-10-27,61.6061,11.3343,393177378815.86,103775249657.4,150956126553.66,74319516895.44
2020-10-28,62.295,11.2586,405831302119.0,96816028716.67,153018844509.68,63097524169.6
2020-10-29,62.3436,11.1573,394477096476.48,103912058771.92,148545708418.77,68027716061.07
2020-10-30,62.9539,11.0634,395724541581.12,141134530005.28,146600417433.35,84666391461.53
2020-10-31,63.4478,10.9545,395999585957.65,91855661090.6,144746375700.63,61244435042.32
2020-11-01,63.6621,10.9131,401102887541.66,81043254521.35,145752395195.63,50737285957.59
2020-11-02,63.2843,11.1549,401824507173.2,65619735261.08,147532649781.75,41196249719.15
2020-11-03,63.6662,11.0109,394576942039.75,89704150204.98,143364884443.72,58944437492.01
2020-11-04,64.3727,10.9412,401023565313.12,87673913518.24,142873945380.31,57827719272.61
2020-11-05,64.4165,11.201,406544594779.04,102300481116.44,144662681415.17,67200642465.15
2020-11-06,65.9389,10.7216,437549654410.55,134072613937.85,149034191843.99,93294198485.97
2020-11-07,64.4549,11.5138,447416537279.64,140421276284.99,159034720794.49,100966393943.14
2020-11-08,64.158,11.5196,428851811023.74,143472608351.47,153708992125.22,108424660251.01
2020-11-09,64.3205,11.5217,446246872494.5,98613532020.68,159218642330.34,71972273389.13
2020-11-10,64.4062,11.4139,441394336668.18,119721463533.4,157108875052.45,85613684008.48
2020-11-11,64.0134,11.512,442807777253.78,101771831299.12,159351310693.06,76191172557.17
2020-11-12,64.3935,11.6099,451901023061.24,112069013048.19,160906335800.66,82317992908.73
2020-11-13,65.3298,11.3137,461951179267.05,115696338971.29,160159230727.73,81521785693.17
2020-11-14,64.6868,11.512,467536036680.91,116123549333.61,165101790249.81,84511142255.48
2020-11-15,64.6717,11.3335,460717550683.66,101174377302.29,162763574131.52,73685990982.69
2020-11-16,64.9335,11.1471,455640762342.77,92010423015.05,159777275400.44,68326071067.06
2020-11-17,65.29,11.0006,474483337309.75,110023303907.6,164693181245.92,135026498801.71
2020-11-18,65.7098,10.9436,498409255225.89,144227979733.67,170905660792.38,105221552703.36
2020-11-19,66.1432,10.8972,499383676173.62,176165848981.31,169075127129.02,127195871709.47
2020-11-20,66.1407,10.7156,499329478518.06,136687860550.36,169069313827.85,99713817556.26
2020-11-21,65.9898,11.0529,523496257846.75,151699824277.1,178042250066.58,114711242879.68
2020-11-22,63.866,11.5291,541419963033.64,199112219933.01,195636424611.0,159460561759.59
2020-11-23,63.7842,11.8789,534708757258.93,210916044039.69,193649216757.33,169648914139.88
2020-11-24,61.4529,12.4582,554170017481.06,223550795321.44,213616707914.34,180822047689.24
2020-11-25,61.4507,11.8847,576480056951.06,270680997667.14,222228778501.93,219199690355.09
2020-11-26,62.1665,11.5955,559593841229.0,226170486858.95,211713844884.24,182398670797.69
2020-11-27,62.4431,11.5726,508923217353.29,292856851262.43,191135991073.68,231486831930.63
2020-11-28,62.1696,11.51,510351295856.8,182830808552.67,193068045505.61,143982597016.31
2020-11-29,61.9218,11.5153,530913238735.19,155949319705.93,202162432806.3,123318919115.86
2020-11-30,61.918,11.9978,544589320351.08,146720222075.07,207390590660.68,115654685121.88
2020-12-01,62.4505,11.968,584024794487.98,206105822465.9,219298254772.06,158353077344.09
2020-12-02,62.4886,11.9568,559470038896.67,232949207786.02,209865011574.77,183202839443.84
2020-12-03,62.3792,11.9061,571382903267.67,168516882687.43,214958820712.29,131176227384.3
2020-12-04,62.2831,12.1008,579480943320.72,142325217110.59,218562426148.26,110366550879.67
2020-12-05,62.9614,11.739,552420643594.1,149970824460.27,204608639451.33,116133184073.66
2020-12-06,62.5375,11.9288,568375469439.93,121814229906.07,212927542626.12,94589860281.26
2020-12-07,62.5654,11.9278,573838755753.35,112360169509.2,214813997589.89,87048971132.68
2020-12-08,62.6287,11.8351,569021068193.99,112551522266.13,212650716822.46,85657592261.78
2020-12-09,62.8883,11.6633,540994202129.59,132721445431.25,200772145970.55,101040464724.07
2020-12-10,62.5568,11.8454,550913634569.53,152377667948.67,206279752514.91,117920320260.1
2020-12-11,62.7518,11.7903,540615658936.79,111884632446.85,201369350699.21,86328670831.24
2020-12-12,63.0548,11.6742,532039480570.26,121520380485.05,196563308292.99,93582011370.94
2020-12-13,63.4622,11.7595,550108027522.3,98004221310.83,200997641755.95,76239997158.66
2020-12-14,63.2269,11.9379,562303659635.7,105342810142.5,206776612568.34,79890363592.6
2020-12-15,63.4374,11.8339,563583183356.43,93387368442.65,206060920720.54,70925912377.02
2020-12-16,63.6627,11.8435,566555638559.17,110755182869.07,205871216261.39,84003640042.56
2020-12-17,64.1733,11.738,617233878970.85,176533957327.63,221134561971.86,132151327393.36
2020-12-18,65.5085,11.3321,646662647680.5,279395483914.52,223043914122.35,208017878529.69
2020-12-19,65.4007,11.3534,656811291446.32,180713082444.32,227252066900.64,140377628402.34
2020-12-20,65.8869,11.1624,672830201076.79,161049166154.15,229523204670.05,122546422473.18
2020-12-21,65.9392,10.9955,662256546234.09,166298209339.6,225569865539.76,128473716182.51
2020-12-22,66.3766,10.8735,639482098768.53,188291126666.59,215015526690.75,142468339959.57
2020-12-23,67.033,10.9742,659168264910.21,192251530225.7,217308037770.86,148117625287.39
2020-12-24,69.2394,10.6814,624113054376.15,225585965492.39,191980825705.41,174452743896.08
2020-12-25,68.1597,10.774,647402293656.33,188251119545.3,206134933342.09,147138358307.43
2020-12-26,68.6839,10.7037,667349490727.7,185977723498.09,208987666400.14,143872925272.85
2020-12-27,70.0526,10.3386,701188197535.36,188852985196.0,209987784090.67,140557568802.85
2020-12-28,69.4167,11.0673,704185686414.61,261857126362.03,215363125226.83,195266767788.78
2020-12-29,69.1401,11.4448,728179385072.71,205319228594.65,224715736728.77,156212947748.92
2020-12-30,69.4398,11.3996,732422027293.74,199301806904.62,223829470435.44,154113954960.77
2020-12-31,70.425,11.2736,760731060139.62,191906601060.48,224985945906.25,140614606652.67
2021-01-01,70.4528,11.0002,765312965839.57,167124239672.76,226128333016.9,120364754194.39
2021-01-02,70.6696,10.7852,772481366071.7,161674914466.97,226571863481.16,120949191585.31
2021-01-03,71.798,10.635,831050843622.62,232555411727.42,234373153964.24,164840617099.97
2021-01-04,69.5703,12.7394,876589922892.12,320443594023.47,266743909000.28,241476657509.47
2021-01-05,68.3439,13.649,869548486452.6,174321177974.47,275265367503.25,93137867853.53
2021-01-06,68.7089,13.6515,920624311572.56,141977339323.72,288073219694.45,74347818278.41
2021-01-07,68.5012,13.7656,1000232390769.68,164039168270.47,315061491732.38,88820306474.56
2021-01-08,69.6016,13.2963,1052206214274.87,180029012156.19,319853731563.5,95355878084.03
2021-01-09,70.3697,12.9469,1078151392864.04,177851128738.93,319459652900.33,90555211397.29
2021-01-10,68.8379,13.4529,1088240613852.74,143317089479.62,339118604537.97,81336513807.15
2021-01-11,68.1367,13.7675,1047705851913.44,184458707534.94,333833273193.98,104369884199.12
2021-01-12,69.1322,13.0059,957506510510.2,244799025184.36,295561598183.2,121415911174.4
2021-01-13,68.5632,12.9539,919926156837.37,155615242438.11,289195266120.32,80807921487.46
2021-01-14,68.905,12.8109,1007426555868.52,132229001782.59,313259647528.54,62881814906.34
2021-01-15,68.831,13.1571,1059027014104.1,132492785124.05,330088582765.22,68920287324.02
2021-01-16,68.0186,13.2956,1005282606669.72,149530603908.59,321503282617.04,81823520491.17
2021-01-17,66.53,13.9412,1012362471103.07,135680686064.59,338837823945.78,77964874037.22
2021-01-18,66.1606,13.9799,1007051878926.17,121675774736.41,340780301985.17,69267399902.92
2021-01-19,66.2562,13.9593,1030379574330.94,110191430518.12,347688788785.38,60602447207.82
2021-01-20,65.1071,15.2803,1032869171007.11,142055504111.51,360397879486.37,84696321432.5
2021-01-21,64.5811,15.4345,1025653410835.52,152550937127.47,363275202814.53,85689517696.61
2021-01-22,64.8111,14.4944,885703222647.15,161255657777.05,311669077392.3,85476382842.2
2021-01-23,64.5717,14.8801,949923044916.44,158724977471.27,336541557105.93,81545729587.62
2021-01-24,63.706,15.0298,936376288463.76,107038040266.94,339848340613.81,58679540907.73
2021-01-25,62.3748,16.5296,963889593144.28,113214077395.04,362665478312.33,64576772968.86
2021-01-26,63.1847,15.8903,952725120616.35,134284000028.15,350748487003.21,74388701820.86
2021-01-27,62.9842,16.1089,962965946229.64,132777082522.17,356449658202.88,72527710506.7
2021-01-28,62.8927,15.9226,899608105524.53,136309454820.55,333819901148.46,73831820529.08
2021-01-29,63.3916,15.5296,981399142368.02,142638847963.5,359274789364.93,66354523110.34
2021-01-30,63.2399,15.7046,1008115569246.02,237763757633.95,370583882101.83,119704150098.72
2021-01-31,62.6685,15.4778,1018463731294.19,153684257076.48,380207622033.53,88620668738.57
2021-02-01,62.2892,15.2092,990275887106.73,134883270003.64,373441374708.94,82202014398.77
2021-02-02,61.994,15.5938,1006449250810.23,158462046846.98,382510675865.07,97055820847.42
2021-02-03,62.045,16.2774,1065615072249.44,151102833655.03,404453728533.2,87973683268.25
2021-02-04,61.57,16.7886,1132177735792.22,144177129930.67,435095867448.11,83014472540.57
2021-02-05,61.3403,16.2912,1121071194215.43,171880746244.4,433402556056.55,103022864677.47
2021-02-06,60.2552,16.7342,1176650523167.46,156414407919.21,467657100810.2,97908897260.57
2021-02-07,61.1832,16.0859,1194592738676.8,164318443394.79,463702634501.52,92963409233.42
2021-02-08,61.1644,15.603,1184569745811.79,171306699712.46,460034487940.96,105792008440.68
2021-02-09,63.3904,14.7526,1356473377047.12,211946253650.01,496599072434.26,110802234251.86
2021-02-10,62.5384,14.636,1384154619947.43,208763683230.2,518525775114.27,116852910124.63
2021-02-11,61.0014,14.5752,1370856155170.38,226885051713.53,534614894535.51,139607727700.61
2021-02-12,61.6307,14.1325,1445387833199.8,196533919942.38,554584817406.62,115120166561.24
2021-02-13,60.1672,14.3662,1471565274739.58,199354538960.94,586165706497.43,122892698038.44
2021-02-14,59.5947,14.1296,1472225150017.07,207685526841.64,594856368563.62,137486618774.05
2021-02-15,60.9341,13.9017,1489533291681.0,189560253079.69,581898850467.23,118295686923.93
2021-02-16,61.0149,13.924,1464258536313.8,216272304969.28,570843276570.19,139263809598.88
2021-02-17,61.5149,13.7089,1490946011412.48,188285633185.66,573792154718.48,111316233592.07
2021-02-18,61.8264,13.4713,1571730150472.86,191801867278.34,599986152891.15,111051147235.46
2021-02-19,60.654,14.0058,1587960801799.29,138297572149.71,624799222289.43,86275969012.89
2021-02-20,60.9757,13.1823,1706551988686.55,166915431853.1,665970624072.24,103531990434.29
2021-02-21,61.5163,12.9659,1699848120501.44,192679832452.38,654164884407.69,124521074482.3
2021-02-22,61.4551,12.7395,1744111720940.62,145089923751.24,672265773868.39,93197529528.94
2021-02-23,61.3438,12.4133,1647603133821.13,232632635406.34,636900254057.51,140679715135.26
2021-02-24,61.8556,12.2295,1467056625531.13,261706706377.61,559599886400.05,155714954109.52
2021-02-25,61.2704,12.3395,1510602884475.79,171777263157.76,585050237585.6,108067972048.02
2021-02-26,61.6063,11.8802,1430592091566.2,142819282110.83,549257074017.22,88328074738.25
2021-02-27,61.2638,11.7733,1408473597631.53,455253020446.06,545589568857.08,102167250832.29
2021-02-28,60.6459,11.8177,1421511102160.5,128030108281.81,559423594029.18,82076121250.52
2021-03-01,60.9004,11.7711,1380689031695.14,140673015102.24,539844527303.61,87264517764.69
2021-03-02,61.0605,11.8634,1515177964309.47,129331510686.43,590002747122.47,75336449591.68
2021-03-03,60.9434,11.5844,1479787789839.6,124739563455.68,577954203077.2,77196525317.27
2021-03-04,61.0884,11.7428,1543748682020.24,129121018461.24,600697752802.69,75860498818.87
2021-03-05,60.6724,11.8701,1492279202668.93,137051382398.95,586877589675.58,84718042995.55
2021-03-06,60.7347,11.7271,1502552865324.52,118697130190.25,589981800439.65,70116806698.63
2021-03-07,60.0835,12.5427,1518551847557.71,93176734777.41,606152815701.3,58801777324.29
2021-03-08,60.3591,12.5226,1585196572691.68,103042841496.9,628386529773.87,59918726999.35
2021-03-09,60.0369,12.9956,1623367549044.83,123853327399.99,648748592643.35,75230143760.86
2021-03-10,59.9459,12.5932,1704294520581.81,133751159450.26,682639581550.77,82863002091.94
2021-03-11,61.1765,12.1233,1708422615326.76,134140394089.13,663268736463.66,76817237659.41
2021-03-12,61.5417,11.9855,1751033647877.46,131978421610.65,673418610930.81,75179859904.34
2021-03-13,61.8837,11.7874,1728235544521.7,139845647304.46,658739347316.53,84160076259.45
2021-03-14,62.059,12.0273,1841094129185.99,148672539842.08,698529119878.71,88153378226.81
2021-03-15,61.9431,11.9615,1789792456499.14,117865928232.09,681139401174.69,73965505441.27
2021-03-16,61.0555,12.0653,1707276189268.97,153414047450.51,664889700189.37,86968239304.26
2021-03-17,60.7882,11.928,1738831316438.59,143465062404.9,681826836285.12,84300607506.94
2021-03-18,60.9259,11.6385,1801671789498.99,140430860674.19,703986333580.11,80218981609.28
2021-03-19,60.9504,11.5851,1771215330271.86,129645807572.16,691652928985.98,73887449025.42
2021-03-20,60.4699,11.6196,1800100265836.79,117543420876.99,711582044127.47,68493382221.64
2021-03-21,60.5572,11.6167,1797970179884.56,120482799718.51,709170353179.2,70157833378.33
2021-03-22,60.2432,11.5562,1781647327529.74,113914702301.46,708326140033.27,61911015986.13
2021-03-23,59.8264,11.4484,1701640874999.6,127708449642.38,683610921460.12,71195944945.74
2021-03-24,59.8703,11.3303,1707727162944.86,129923304356.64,685305023211.81,73437483900.66
2021-03-25,60.274,11.2315,1634570685516.3,146466168744.48,649349037776.57,76009836687.04
2021-03-26,59.4432,11.3191,1623529674149.42,142683958716.3,658451526347.18,74540610001.51
2021-03-27,59.3271,11.3102,1734484004138.44,122050569883.64,705465097108.54,65415716943.13
2021-03-28,59.5427,11.2707,1755880628770.7,109051738578.35,710381524219.84,61774250571.99
2021-03-29,59.424,11.0899,1758110718730.48,104824838770.7,713370235535.78,56989767361.91
2021-03-30,59.0507,11.4907,1825801906631.66,127188399468.76,747652331787.5,69560108169.61
2021-03-31,59.0175,11.4185,1863981199793.12,125685877328.63,763906284092.84,71535778711.7
2021-04-01,58.5257,11.7638,1879792110128.97,163117996908.1,779629770782.01,97622031069.47
2021-04-02,57.9703,11.9775,1903824109713.87,163676633225.68,800172439173.37,102004892530.95
2021-04-03,56.9111,12.6812,1948275550271.01,161115894959.99,839490392980.03,102397633301.75
2021-04-04,57.159,12.4308,1882423093695.86,162198933895.23,806448609370.22,102574240420.71
2021-04-05,56.2923,12.3867,1949002578558.65,145257022241.68,851864982157.45,94499503332.76
2021-04-06,55.7368,12.2894,1976828143329.49,192034307844.73,875008169959.13,131338661093.48
2021-04-07,54.8009,12.3223,1984148829242.77,211536479485.84,896817919633.74,145459129207.01
2021-04-08,55.7265,12.0986,1881979289294.0,219869853167.62,833218502837.05,144234198179.44
2021-04-09,55.0741,12.1876,1977830891895.14,142953119956.45,888557355256.71,89887605201.53
2021-04-10,54.9262,12.0731,1980748568310.93,122484326765.29,892799589361.33,75783098975.66
2021-04-11,54.6103,12.0566,2045405684064.1,158640312340.03,928402643100.69,100411738091.33
2021-04-12,54.2631,12.0153,2072661874926.67,142581800513.52,947970304178.41,96306073597.32
2021-04-13,53.794,11.878,2080396210743.75,151460437918.49,961268880041.06,99617520842.04
2021-04-14,54.0325,12.0946,2197811709903.58,193839805893.63,1010278963201.48,123891952924.23
2021-04-15,53.0721,12.6606,2217887624034.03,235242383393.08,1040808286625.87,157739356266.17
2021-04-16,52.3264,12.8665,2259233680547.6,188963558142.96,1077057819043.82,128010728899.11
2021-04-17,51.451,12.5584,2237628557667.6,308040023462.59,1086345496773.94,223714142041.61
2021-04-18,51.6228,12.3422,2198602921303.39,239650692830.02,1063622685018.81,173497386771.82
2021-04-19,51.2376,12.6002,2049504342804.95,300690499650.8,999386938060.65,203258354113.22
2021-04-20,51.699,12.4189,2013020032223.88,225776133997.89,972309058059.15,160477435558.59
2021-04-21,50.9968,13.0104,2068523587315.62,229497301644.32,1013642032031.51,161640669353.92
2021-04-22,50.4943,13.6825,1994278314257.17,179642303211.82,987281040081.17,124787353821.54
2021-04-23,50.4688,14.4998,1916829750697.46,226959790955.32,949427920591.97,152170176451.54
2021-04-24,50.3437,14.4176,1896561955270.02,267844058775.64,941761966380.98,181189394680.25
2021-04-25,51.2053,13.997,1826281250070.77,143290977318.89,891128444702.94,94294769791.63
2021-04-26,50.2333,14.6664,1824757624647.65,127311587950.35,908121730748.97,81103991967.81
2021-04-27,50.0009,14.5083,2019390396279.5,160865425588.5,1009677507850.95,102608178998.44
2021-04-28,49.2961,14.7411,2085563671994.19,145098174112.29,1057462798113.64,95627822094.26
2021-04-29,48.9268,15.1653,2094349280175.74,151727679331.87,1069652225640.27,103726262628.99
2021-04-30,48.2182,15.3568,2076747433317.0,136793042461.92,1075376340909.8,90710634070.17
2021-05-01,49.0324,14.5665,2202189769327.3,144779478387.96,1122403734280.11,92385336120.7
2021-05-02,48.1702,15.186,2244084268334.95,133721460219.21,1163105473403.63,90891288908.48
2021-05-03,47.8168,15.4294,2213766969074.5,125314942137.82,1155214307471.9,87178060725.71
2021-05-04,46.258,17.1583,2312368990373.25,167204217435.2,1242712864799.23,115485419247.11
2021-05-05,45.7342,17.2141,2177702251591.46,252866697686.89,1181748054488.58,184365008029.58
2021-05-06,44.9585,17.075,2386883839277.0,265435714688.67,1313776821144.73,196243019618.29
2021-05-07,44.4769,17.0354,2371260683957.56,284705205267.1,1316596988004.26,215132691591.88
2021-05-08,45.0737,16.9544,2379475419702.69,267518828381.27,1306957188666.04,199077441382.09
2021-05-09,44.6338,18.3501,2463506402007.01,218839699630.8,1363949981549.02,153459550541.5
2021-05-10,44.3289,18.5082,2456518166904.53,243951910748.73,1367571907713.19,178069903888.15
2021-05-11,44.3493,19.4209,2354289970693.0,269499409229.87,1310178713262.24,197745607030.55
2021-05-12,42.3958,19.308,2502801521503.85,237260535325.89,1441719655950.38,175940806241.94
2021-05-13,42.1965,20.1111,2210077001195.96,252883647394.69,1277502525685.71,177593879184.91
2021-05-14,41.5677,19.2811,2237244955780.75,320296984198.08,1307272628218.34,223368229109.18
2021-05-15,39.9721,20.2345,2335084960875.95,210942290777.58,1401702078589.02,155169118411.02
2021-05-16,40.2005,19.4073,2177512723943.98,212358673843.02,1302140779762.21,153236921748.14
2021-05-17,40.0596,19.1486,2169168079472.59,210568489198.43,1300208235939.94,146554661842.26
2021-05-18,40.2289,18.7789,2021563048922.92,231016632418.07,1208310557717.19,156027074619.01
2021-05-19,39.2584,19.1569,2047589623111.84,187401765676.43,1243738417223.63,131202057348.64
2021-05-20,43.7153,18.0457,1586428418885.85,375723146159.7,892916895346.44,249560724002.01
2021-05-21,42.5661,18.0132,1787816617243.12,277060349562.83,1026812479711.45,188905032849.27
2021-05-22,43.6864,17.6198,1597425646826.4,235966802078.69,899568613004.81,153947057004.61
2021-05-23,45.2667,17.1615,1552307006310.07,170375303170.08,849628859975.42,112958158466.69
2021-05-24,45.907,17.2594,1418495270201.05,228287891301.26,767307301528.45,149746477988.63
2021-05-25,43.5643,18.4381,1661357595908.09,210578671955.14,937598765914.15,143226366041.27
2021-05-26,43.2494,18.8928,1658843816739.54,185853784915.43,941404201326.62,129683345135.18
2021-05-27,42.0176,19.1122,1751087019178.69,163148538731.82,1015321847850.0,111832386911.54
2021-05-28,42.561,18.7954,1691490891974.8,135805800862.11,971575728679.24,92558261827.61
2021-05-29,43.0715,18.1036,1550715146762.87,158527175700.59,882798107168.34,103315457549.42
2021-05-30,43.6175,17.8072,1484497152534.16,127657075061.5,836996781015.51,82431201721.89
2021-05-31,43.2404,17.9633,1543725890384.16,102993035350.77,876212140211.31,71377190630.88
2021-06-01,42.1135,18.9459,1659100453454.15,119138090762.6,960395454246.36,80129390248.46
2021-06-02,41.9713,18.6765,1635922584515.64,112534285923.18,949304045996.08,77918187320.33
2021-06-03,41.5796,18.5792,1693469168939.95,111189461700.3,989331754334.22,78124607667.27
2021-06-04,41.5235,18.76,1767339896058.76,112999898117.23,1033478837795.71,77566401342.67
2021-06-05,41.6159,18.8108,1660961801310.91,129514217618.62,969738182081.02,87635372729.66
2021-06-06,41.2765,18.9301,1612808480193.27,103981945713.85,947096814967.54,68040335430.65
2021-06-07,41.0008,19.2519,1636932562394.85,78104697076.19,965777804756.35,49189303423.4
2021-06-08,41.0136,19.6462,1533003950260.85,98361534914.85,904263506881.11,64681048837.51
2021-06-09,41.1667,19.2061,1522153846982.68,136894406682.96,895532889200.6,86995067207.24
2021-06-10,42.8766,18.5877,1630806890792.87,129462236711.36,931572386735.3,75466984235.94
2021-06-11,43.5877,18.2058,1578378270924.34,103511580627.46,890398952617.92,59882835651.96
2021-06-12,45.0222,17.6259,1551277554865.42,91340482256.6,852858521611.25,52652048046.52
2021-06-13,43.8802,18.1868,1517151283644.55,89266077914.49,851422321287.49,51323431905.55
2021-06-14,44.9064,17.8991,1629650696539.94,90707282874.04,897832673168.45,50085858489.05
2021-06-15,45.216,17.8625,1671750632515.21,100186848860.97,915852288158.13,52033487149.18
2021-06-16,45.5713,17.9225,1651468714192.19,89186212915.63,898873674694.08,48980976829.84
2021-06-17,45.2909,17.3604,1586167060397.71,88200900526.0,867777950595.28,48988294771.77
2021-06-18,45.0277,17.4238,1585439969106.78,79991535301.96,871552922769.48,42887371686.98
2021-06-19,44.8044,17.3424,1499518129332.01,83144013075.39,827667893484.64,46924794416.08
2021-06-20,45.1011,17.0992,1477596721768.39,68649065199.63,811183959984.11,37449715455.93
2021-06-21,44.7603,17.5111,1492167308397.19,81971253320.94,824269410176.37,45323480153.99
2021-06-22,46.4365,17.2064,1276173404169.88,126542176910.78,683563733116.34,73730772228.68
2021-06-23,47.5107,17.0492,1282593465902.12,143327708005.56,673224397980.33,84340050689.7
2021-06-24,46.649,16.9384,1353218312400.25,103823866640.3,721956116886.44,62042837932.93
2021-06-25,46.6353,16.6332,1394656334645.45,78900934271.92,744253609959.32,45723108591.5
2021-06-26,46.3339,16.4985,1278048997056.57,93436258117.52,685878906271.85,53219504556.91
2021-06-27,46.6459,16.4185,1295821836507.49,83877945727.84,691374517233.44,45375213737.28
2021-06-28,47.0475,16.7025,1381613853117.83,75782275348.9,731599656902.44,40265730422.48
2021-06-29,46.2802,17.3703,1395514135235.1,81339006029.05,749667037972.85,47686386795.45
2021-06-30,46.2959,17.3452,1453057024141.87,92506924538.53,780351367877.88,54648196090.08
2021-07-01,45.4903,18.354,1443740569103.02,89429950138.79,786979055819.38,55372973487.49
2021-07-02,45.4476,17.7656,1383828223983.63,84802808105.89,754911008865.32,46952087350.35
2021-07-03,45.3615,17.9148,1399096678469.44,78268790328.77,764445005396.07,39546773981.36
2021-07-04,45.3256,18.0985,1433810438951.76,60476741421.23,783926670675.12,36096858574.9
2021-07-05,45.0946,18.4496,1466939884287.63,63819227568.74,805429453609.16,38892203319.35
2021-07-06,44.8845,18.1888,1408670057645.14,69049295622.53,776395562910.44,42344770362.31
2021-07-07,44.3434,18.7164,1447160819009.8,75267273556.26,805440025380.48,48759252380.13
2021-07-08,44.0697,18.7442,1441909752646.65,75072129288.99,806464179972.39,50268606833.73
2021-07-09,44.8654,17.9627,1373437544731.84,80965213324.67,757239112168.53,51050155312.08
2021-07-10,45.1092,17.8151,1405548705051.49,74506102125.69,771516489076.42,47083941792.96
2021-07-11,45.2282,17.7209,1389401173477.36,60710205299.21,761000421227.04,37740923183.42
2021-07-12,45.4364,17.6611,1413837577847.68,52379822196.46,771440114160.05,32269671843.66
2021-07-13,45.4005,17.3425,1368394038633.56,63045285332.24,747135810919.1,38722144935.8
2021-07-14,45.8803,16.9315,1337726918122.82,59177331833.44,723974005401.8,40057702173.3
2021-07-15,45.7574,17.2979,1345660454551.38,65556803013.86,729921766516.84,44181222809.78
2021-07-16,45.7394,17.1299,1305800227300.81,66098805742.36,708534939339.64,44755908430.98
2021-07-17,46.1523,17.1669,1276125597537.53,65003817060.75,687164301923.36,41324922143.4
2021-07-18,46.9857,17.6185,1259003870112.32,54570461067.46,667452063906.51,35671462192.64
2021-07-19,46.1019,17.0791,1294032244032.82,52262113679.86,697458855394.19,33472857794.21
2021-07-20,46.4633,17.0573,1245202814756.7,56374562154.26,666640934338.66,35936980019.86
2021-07-21,46.4055,17.3151,1204677240889.18,66023270004.43,645640461034.97,42880152917.41
2021-07-22,46.1027,17.8114,1307987250061.45,81890599530.35,704969211262.43,53678283037.96
2021-07-23,45.7523,17.8527,1324921902082.75,64743820281.67,718739157537.13,45191113846.63
2021-07-24,45.9133,18.071,1372969711997.31,70364952896.46,742593457695.48,47797240551.4
2021-07-25,45.8902,18.222,1402256802749.15,73527008222.34,758758489544.13,51866291397.58
2021-07-26,46.5584,17.9517,1426244767009.43,65901911221.67,762207716379.49,45033406822.75
2021-07-27,47.4942,17.6925,1472981630084.41,130817047763.4,773401312782.42,79838272460.81
2021-07-28,48.2187,17.4971,1537614832648.81,97846185317.39,796196329205.44,62705249456.67
2021-07-29,48.3594,17.31,1552331698844.43,92964434201.17,801633583097.35,54281773038.83
2021-07-30,47.8309,17.7298,1570822811697.76,75178917742.71,819484214172.65,48005744597.65
2021-07-31,48.4894,17.6277,1634296830979.41,88471091517.98,841835302876.58,55374583265.08
2021-08-01,47.5896,18.0899,1635499465717.85,75378684765.9,857172163107.64,49589151133.14
2021-08-02,46.7104,18.6462,1605291730562.67,82987225975.1,855454161215.38,56327603810.37
2021-08-03,45.9907,19.0772,1599832267571.21,77237872681.51,864057592807.77,51644523064.76
2021-08-04,45.8815,18.7494,1562901785892.3,78104822543.75,845818943787.06,51925334197.39
2021-08-05,45.6193,19.4909,1635780430423.28,81014998384.55,889548189103.1,55651510671.05
2021-08-06,45.7286,19.7119,1678061403940.65,99435926118.23,910707450804.41,64249796797.13
2021-08-07,46.3415,19.4928,1735655255290.46,100225078506.64,931326308289.5,62000645855.67
2021-08-08,45.6989,20.1943,1831731527441.35,120756240043.19,994650894924.8,80737422488.31
2021-08-09,46.347,19.8696,1774501349978.63,105730122702.38,952072530991.34,69428732904.74
2021-08-10,46.6252,19.8579,1864264417198.56,111432014017.97,995047063361.63,72703570466.86
2021-08-11,45.8055,19.6748,1869799155703.19,107126726065.94,1013328414796.88,73576870642.23
2021-08-12,45.0171,19.4785,1901686429134.03,125916640589.3,1045602531800.43,91606631047.27
2021-08-13,44.9232,19.211,1858196176272.52,119046367159.67,1023435165395.2,85317074633.16
2021-08-14,44.7894,19.403,2005227678476.43,106841841663.6,1107098812288.54,75104410612.64
2021-08-15,44.2688,19.1384,1998619494676.87,110602206348.3,1113854744167.3,79386058679.18
2021-08-16,43.7686,19.2045,2018285326179.09,111808041373.53,1134910451179.79,80825977065.86
2021-08-17,43.8888,18.7593,1966489225457.42,119834487459.51,1103421624421.24,87076788923.37
2021-08-18,44.2341,18.5887,1898164006594.37,124747048015.51,1058529005269.07,91296401672.72
2021-08-19,43.8868,18.4652,1915630974639.44,115320635254.52,1074922038164.7,83117234161.87
2021-08-20,43.5597,18.4994,2015577125330.44,115136959521.11,1137597442512.88,77921283618.62
2021-08-21,44.0293,18.2959,2105331098043.51,110968374364.09,1178368737468.62,76259695955.61
2021-08-22,44.1375,18.1719,2080789866038.47,110777880609.12,1162381501250.65,70193984975.89
2021-08-23,44.0459,18.0642,2103254071104.22,91573004077.69,1176855836685.37,66211614672.14
2021-08-24,43.3802,18.1507,2147406305136.86,117101255882.68,1215857564125.55,82788477741.51
2021-08-25,43.8161,18.1809,2046971679006.08,121023640490.24,1150068252533.58,85664906464.22
2021-08-26,43.9075,18.0433,2096980430009.91,114018305922.75,1176249099961.73,81368715540.27
2021-08-27,44.1451,18.186,1997932828867.22,109238518117.74,1115944297072.11,76571875486.03
2021-08-28,43.6152,18.1476,2115878389097.14,111371142631.21,1193033489041.26,77011063368.12
2021-08-29,43.7106,18.0977,2104359656052.3,91273248703.69,1184530670953.89,62859858180.58
2021-08-30,43.7601,18.0445,2098254859020.15,91058405993.68,1180057165918.75,65402134402.09
2021-08-31,43.1792,18.4906,2046396184884.7,108061739226.31,1162778808027.5,76259147804.13
2021-09-01,42.3663,19.2064,2090108123816.08,125951816595.65,1204606434112.87,91366862830.52
2021-09-02,41.5744,20.3347,2210190743182.79,127041591164.32,1291316189244.51,87934825662.69
2021-09-03,41.7002,20.0325,2223262376536.0,124670993995.77,1296156704549.94,85243641475.87
2021-09-04,41.3877,20.341,2269225310292.2,139914486939.2,1330044657536.35,96891754003.1
2021-09-05,41.3648,20.108,2270810366334.45,126030611692.82,1331495073847.66,88764159025.81
2021-09-06,41.5298,19.774,2343397052207.83,120135090083.38,1370188106529.27,89818592163.62
2021-09-07,41.8268,19.4717,2367110899522.54,138337042998.1,1377024467944.85,99431043195.53
2021-09-08,42.2686,19.3518,2084766535702.86,235764136192.61,1203565643548.71,170549161659.52
2021-09-09,41.4216,19.6691,2093266027712.8,182474313876.78,1226202347578.12,133505987711.8
2021-09-10,41.2805,19.0462,2116290061816.93,145883168099.18,1242675451399.2,107271681001.49
2021-09-11,41.4509,18.5325,2038038722056.34,140816757831.17,1193253195613.73,101642517562.72
2021-09-12,41.1558,18.5815,2066435429814.47,112978393565.25,1215976765313.78,78691195682.49
2021-09-13,40.839,18.8592,2121600275771.01,106497712540.43,1255160069799.45,78733756879.69
2021-09-14,41.2538,18.8276,2049083378297.22,140510625486.65,1203758421542.41,99665740393.72
2021-09-15,41.6072,18.9737,2131773368969.14,113531477530.77,1244801204889.09,74846419409.42
2021-09-16,41.3071,19.3643,2193850208470.17,100260768151.47,1287633964836.54,69746941725.08
2021-09-17,41.4972,19.3616,2165882966767.53,111089182675.05,1267103081708.68,79396123756.47
2021-09-18,42.1748,18.9264,2110336104813.56,101095984285.93,1220306365419.47,72455514474.05
2021-09-19,42.208,18.7457,2151845798097.24,89128620907.52,1243594157170.72,60849070096.36
2021-09-20,42.3241,18.6608,2102146817352.21,82217964160.9,1212432063112.3,55295140516.67
2021-09-21,42.8362,18.5289,1888633277740.66,143887194143.16,1079615196321.32,100287836970.46
2021-09-22,42.8497,18.2074,1789919374944.78,140150884471.96,1022945002218.84,91520825715.49
2021-09-23,41.8424,18.4694,1959270141458.51,117805440571.05,1139464203339.59,79677712901.27
2021-09-24,41.9757,18.4286,2013411569329.61,101677856685.21,1168267114569.69,67972997660.05
2021-09-25,42.1967,18.0584,1911127480162.45,132296187288.7,1104694159097.14,89479844686.96
2021-09-26,42.3521,18.1314,1898759245195.11,94399231691.44,1094593933248.56,63387947494.97
2021-09-27,42.4036,18.781,1917022703480.15,110738963328.67,1104135730952.33,79932991238.29
2021-09-28,42.549,18.4248,1867797174802.72,98279126182.81,1073068983022.39,67147611588.88
2021-09-29,42.6425,18.2656,1813411098326.22,90996443498.42,1040126462162.48,60790904094.23
2021-09-30,42.43,18.2065,1843843859701.15,89045505975.21,1061500771194.6,58514781223.38
2021-10-01,42.747,18.3067,1930206546551.02,92640990063.92,1105100645606.96,61492188825.15
2021-10-02,43.0217,18.4914,2107108356132.57,117134614352.67,1200594087063.61,74282521148.91
2021-10-03,42.3955,18.8535,2118041594222.74,97294096326.71,1220086623072.06,66685909441.73
2021-10-04,42.3423,18.7782,2144334561753.68,89505500142.15,1236374358978.83,62867677916.14
2021-10-05,43.0553,18.5179,2151193957976.05,107575875915.43,1224991904185.36,74170356347.49
2021-10-06,43.4847,18.576,2230198463918.98,111551676652.97,1260403351008.7,75682524002.56
2021-10-07,45.1693,18.2613,2307759140110.85,142285176191.45,1265361422157.95,93259387955.92
2021-10-08,44.3573,18.5032,2284858519632.81,130195654413.76,1271357580743.81,93389091228.02
2021-10-09,44.508,18.3798,2282617879057.19,116418741703.03,1266670481418.98,81618440821.82
2021-10-10,44.6122,18.1573,2320592869768.16,96069068193.48,1285324305844.9,63564530138.44
2021-10-11,45.5488,17.8051,2263956492331.17,99482106793.28,1232752608346.37,59975385284.52
2021-10-12,46.3619,17.8835,2337846752408.15,108037005201.9,1253975484144.02,65388236265.54
2021-10-13,45.8838,17.8952,2301188084255.03,108221709181.44,1245314577394.37,67140150413.12
2021-10-14,45.7693,17.9962,2362017168443.25,113141028585.24,1280938024939.01,71466781171.99
2021-10-15,45.2147,18.7016,2389974462411.1,101274153774.48,1309355109677.67,64656397518.58
2021-10-16,46.6372,18.3141,2489474164126.01,134699121367.84,1328454207646.91,82908678413.49
2021-10-17,46.4117,18.2721,2472363690507.54,94826087161.41,1324897813958.15,60584000716.09
2021-10-18,46.7335,18.2872,2482132715354.28,85383083895.84,1322145928672.7,56349367702.65
2021-10-19,47.2121,17.8494,2476826071321.6,98932054728.89,1307464835382.86,60873096143.88
2021-10-20,47.7166,18.0189,2539301745464.84,93009947079.51,1327633336983.7,52542453059.22
2021-10-21,47.0358,18.5677,2645014414565.28,106949756945.14,1400909892794.61,66148601197.04
2021-10-22,46.1176,18.8157,2543946325264.84,127620316150.1,1370739548539.38,81517942166.18
2021-10-23,47.0936,19.294,2429579196015.08,71156643894.7,1285403156740.06,32725722782.06
2021-10-24,45.2218,19.2501,2558355886312.44,81232292516.94,1401422268130.31,54344464600.21
2021-10-25,45.5769,19.1438,2518922930927.89,95608985254.87,1370875647845.48,68299283522.05
2021-10-26,45.3557,19.0044,2620270321258.32,97113680848.13,1431828177185.81,66047516231.26
2021-10-27,44.4022,19.0401,2562836163405.7,114137140542.34,1424880761727.26,79244846998.86
2021-10-28,45.0048,18.9412,2453041063932.37,178766445087.99,1349055083950.24,135200953117.69
2021-10-29,44.2193,19.5834,2585645667861.5,174477281953.41,1442290447328.04,129251947345.65
2021-10-30,44.1327,19.6288,2660968465494.5,131626633162.43,1486611565866.67,94847312093.86
2021-10-31,44.4419,19.3871,2635516181597.75,134783670568.4,1464243277349.26,102819436421.04
2021-11-01,44.0615,19.3082,2623470715128.38,137671546847.22,1467530643515.02,105644454154.86
2021-11-02,43.5669,19.3541,2639747768929.52,129671065575.28,1489691047808.02,93609151472.27
2021-11-03,43.5434,19.7987,2744413323694.91,197185337811.71,1549402969783.68,159460849397.13
2021-11-04,43.0763,19.7343,2756013114635.46,137033866081.49,1568825759835.82,101006101048.02
2021-11-05,42.7861,19.7734,2708056483341.32,129646723869.47,1549384455171.74,97131602687.36
2021-11-06,42.5846,19.5679,2701917317104.94,113586667365.59,1551317176294.29,83055254454.16
2021-11-07,42.5245,19.5534,2730012879478.47,97756649332.22,1569087381665.25,68717361899.46
2021-11-08,42.8079,19.5642,2798837945006.15,85518458179.38,1600713785490.34,60671070338.53
2021-11-09,43.5675,19.448,2919712061567.39,126063347098.88,1647666793959.46,85337648140.05
2021-11-10,43.5851,19.308,2904441786523.23,139801903387.39,1638538966370.73,97540622761.94
2021-11-11,43.6364,19.4891,2795662464235.44,172306870718.37,1575735305090.46,123725539367.95
2021-11-12,43.1067,19.651,2839026028977.3,124513097942.55,1615216359750.87,88844244673.63
2021-11-13,43.1118,19.7086,2816319098401.41,123107178534.27,1602152099339.3,87080591700.63
2021-11-14,43.0427,19.4273,2828244768580.86,96517259414.18,1610890649365.09,66432511210.05
2021-11-15,43.5049,19.225,2856402443353.2,83603296927.95,1613728083627.01,58217607401.65
2021-11-16,43.0779,19.3916,2770352701376.63,98862064232.7,1576942195382.23,68500887910.07
2021-11-17,43.4186,19.1004,2610277667843.23,153351505019.49,1476931510616.39,106825274532.72
2021-11-18,43.2047,19.2422,2632515813852.25,129559517900.38,1495144266989.38,90569411260.1
2021-11-19,43.3808,19.105,2479966732735.88,146527792352.78,1404136148187.38,105089690909.01
2021-11-20,42.2236,19.5887,2601441808254.25,122107886043.71,1503020706192.35,83543662555.26
2021-11-21,42.3182,19.6116,2661883324166.28,106063881037.66,1535422973143.81,75819602397.07
2021-11-22,42.229,19.2297,2621705856761.9,101773701101.08,1514585179327.61,75671421002.29
2021-11-23,41.9984,19.0941,2531838134679.18,119046941227.34,1468506052077.21,83780890792.28
2021-11-24,41.6311,19.7712,2615121702569.8,125734506735.44,1526418718886.78,88309550666.59
2021-11-25,42.0099,19.663,2578175921072.41,133396083265.31,1495087712358.31,100192829084.32
2021-11-26,41.6918,20.0769,2674346782847.32,141915348440.25,1559364291922.98,106940903342.13
2021-11-27,41.7303,19.6891,2432377040254.63,160857781834.06,1417338372551.63,118961958478.59
2021-11-28,41.7714,19.5945,2470050367465.36,106459059505.81,1438276337790.38,76286460288.53
2021-11-29,42.1869,19.8633,2570958702692.84,108997791713.72,1486350816057.47,80833999260.37
2021-11-30,41.7463,20.1724,2610403565918.97,107909496106.79,1520657166652.41,75681000570.86
2021-12-01,41.0543,20.9385,2610697177790.38,130255545597.81,1538893179511.97,93745928643.12
2021-12-02,41.1268,20.6799,2620337568877.35,122510733559.49,1542677284209.52,85768315863.16
2021-12-03,40.9904,20.5523,2606278892433.23,116190327495.8,1537955314886.43,83881510306.87
2021-12-04,41.0364,20.1995,2469728395954.19,134476399938.08,1456241741986.47,94670986308.63
2021-12-05,40.1492,21.1283,2325276769609.98,204965025217.93,1391696432198.19,143479559617.01
2021-12-06,40.672,21.6982,2291059411505.28,122661770129.76,1359239099756.42,85594136806.89
2021-12-07,40.4173,21.9034,2365667098833.1,139187510452.98,1409529446807.12,101537007100.86
2021-12-08,40.6219,21.7281,2353043988076.8,110468751346.15,1397193552817.92,76946193840.53
2021-12-09,39.8482,22.0358,2398128952717.08,102461604942.1,1442517867617.02,74032102771.34
2021-12-10,40.0664,21.7529,2246451014482.47,103295371200.87,1346378541060.56,73736397633.0
2021-12-11,40.9057,21.2329,2186225143946.02,103643600188.03,1291933821546.74,72754940524.08
2021-12-12,41.0081,21.3152,2276678136332.38,81999989169.17,1343056329359.78,56441071854.08
2021-12-13,41.0782,21.2958,2307655957452.67,67548077617.86,1359713415606.59,45683994846.82
2021-12-14,41.5126,21.1372,2120949294197.65,96646749088.96,1240489065519.33,64522004542.21
2021-12-15,41.6117,20.8791,2194857907305.78,100215475694.98,1281540318650.61,9986796786461.44
2021-12-16,41.0045,21.2126,2254885775437.92,115303583176.45,1330282157984.2,78696524650.48
2021-12-17,40.8143,21.3078,2204653085516.86,89665706106.83,1304839651133.57,62561602982.29
2021-12-18,40.3564,21.2894,2160497217354.23,102768760227.87,1288598171347.59,69973371164.58
2021-12-19,40.1496,21.3193,2206935070001.73,82175240795.86,1320859358858.78,56203254247.15
2021-12-20,40.2981,21.2718,2185279151480.47,74631155502.99,1304652627097.19,49473234837.94
2021-12-21,40.401,21.4315,2197867669214.83,97449403517.26,1309906947775.65,66575700933.98
2021-12-22,40.7138,21.0311,2274542949222.24,83182788022.71,1348490515704.69,56201185850.89
2021-12-23,40.4206,20.8052,2276758327799.92,86234296540.48,1356479052830.78,61857294806.48
2021-12-24,40.3586,20.5424,2382714955203.91,102875737021.9,1421084451829.85,74752536144.68
2021-12-25,40.8062,20.4102,2351520040972.63,89693142265.28,1391954417935.32,65441651582.29
2021-12-26,40.2176,20.502,2372345031391.49,71129630972.87,1418245479895.18,52105282827.23
2021-12-27,40.1894,20.2401,2391312129050.74,75212941894.54,1430258226434.86,54329811907.5
2021-12-28,40.2457,20.123,2379601905151.61,81628266032.94,1421913649582.02,57342820874.88
2021-12-29,40.1962,20.1647,2239793448093.28,107406711238.7,1339480818266.95,74068956871.0
2021-12-30,40.3838,19.8481,2176300394043.55,92301517680.54,1297427350383.01,62297631039.15
2021-12-31,40.2889,19.9808,2217587341587.41,79859922253.59,1324146888050.74,53372616396.86
2022-01-01,40.0513,20.0488,2188927499015.76,91350861845.16,1312233985373.62,54314681845.48
2022-01-02,40.0386,19.9016,2253025340162.08,66638131551.96,1350944891565.24,42094495120.58
2022-01-03,39.6628,20.1753,2255963303858.94,73253871166.58,1361184808985.93,45401770840.75
2022-01-04,39.5255,20.1455,2225213380991.03,87772654928.84,1345687441336.79,54708889455.65
2022-01-05,39.3336,20.4348,2206005900549.9,101800178203.34,1338304087811.42,59348510788.39
2022-01-06,39.4781,20.2288,2082775500630.5,112003900838.45,1260535863356.33,75224229899.65
2022-01-07,39.4849,19.6918,2067677528682.61,105959376584.79,1251256161371.5,75898079990.45
2022-01-08,40.0048,19.3462,1969496245696.54,142860989808.14,1181602834632.26,58576144136.92
2022-01-09,40.616,18.9318,1941933529129.49,90480440846.51,1153197035965.42,62494449684.32
2022-01-10,40.2969,19.0917,1969300758849.55,72302255348.86,1175734098853.56,51086725808.19
2022-01-11,40.8623,18.9517,1935846004184.75,100912419170.77,1144814197138.18,68894245498.39
2022-01-12,40.2759,19.2204,2010183566518.26,87696385857.95,1200563495381.88,61389652490.99
2022-01-13,39.8542,19.2625,2087721022892.51,95200039571.6,1255675579052.38,61741773206.54
2022-01-14,39.9045,19.1404,2019726952110.09,102390004137.43,1213765086794.75,54829602863.59
2022-01-15,39.6271,19.1727,2060979891846.87,86791653248.99,1244273265254.18,63295089974.87
2022-01-16,39.4873,19.1864,2067705583569.23,61894761298.36,1251225294109.74,43594223006.86
2022-01-17,39.2906,19.2233,2078540080706.28,62372947488.35,1261869595664.2,44514111870.77
2022-01-18,39.6399,18.9769,2018661958726.47,76827074990.27,1218465396381.35,55171390904.84
2022-01-19,40.0397,18.824,2003711640480.49,77960572300.2,1201430664601.22,55599089224.12
2022-01-20,40.2492,18.7896,1963424131727.88,74238843482.45,1173161992346.83,51181163134.91
2022-01-21,40.415,18.7846,1905499311655.53,230699755078.31,1135391547832.14,210271271081.58
2022-01-22,40.7876,18.1413,1701513109218.73,128887040190.27,1007506828540.13,85844498391.37
2022-01-23,41.394,17.9092,1603209042332.5,132430434193.79,939575955679.84,92847435205.16
2022-01-24,40.9939,18.0695,1672150757366.93,85310684697.24,986670131368.9,59356523228.75
2022-01-25,42.0438,17.6271,1648838906691.41,128882156030.31,955604843605.86,87182173965.48
2022-01-26,41.6385,17.4318,1680833241296.57,85815992952.1,980958870985.66,59403719947.81
2022-01-27,41.598,17.5501,1677745802850.06,103606885332.84,979836436272.42,72263155552.56
2022-01-28,42.0597,17.2861,1672297868711.29,81892258093.96,968933715365.85,56855223224.61
2022-01-29,41.9267,17.807,1707020008438.95,76409686661.68,991322667437.25,54172004380.11
2022-01-30,41.7428,17.9131,1731076093854.02,59923101329.65,1008476813420.2,42728782288.78
2022-01-31,41.8779,18.1217,1715526833234.09,52780237047.14,997099370430.77,38200593740.57
2022-02-01,41.6495,18.3312,1747697914960.14,67032400737.68,1019790854199.96,46312915267.33
2022-02-02,41.223,18.7188,1781167366800.51,65105292554.59,1046916567782.77,44886953981.4
2022-02-03,41.026,18.7906,1706863307646.47,66856039035.3,1006604783373.19,47715762755.22
2022-02-04,41.0077,18.6556,1720302767061.88,63370347878.9,1014846109644.36,44636884267.7
2022-02-05,41.812,18.9678,1879304102089.98,86190568078.42,1093529166572.73,56826209845.45
2022-02-06,41.4431,19.0179,1895043129794.91,74498766531.97,1109678020441.85,55076997906.03
2022-02-07,41.5127,18.8666,1934046813498.54,61398325062.44,1131171071768.02,45231946078.95
2022-02-08,41.3888,18.7083,2010523948074.08,94424406162.44,1178392521785.32,65878649086.61
2022-02-09,41.7715,18.6393,1999216084043.86,104663584806.77,1164113810986.34,71653685739.34
2022-02-10,41.3526,19.0643,2031874561528.74,78701880577.94,1191641216827.29,55499060250.6
2022-02-11,41.8997,18.653,1968237227424.53,108684639366.41,1143551312326.32,76597866772.09
2022-02-12,42.4322,18.4639,1893201871382.25,93809558679.81,1089875251172.2,66986182926.57
2022-02-13,42.2879,18.4157,1891821619436.48,70167467408.02,1091809785103.99,52071095147.47
2022-02-14,42.5012,18.3134,1878359557297.44,59350320353.98,1080034060253.26,44622267704.74
2022-02-15,42.496,18.4624,1899897565889.97,68851421413.85,1092517364702.49,48084046436.52
2022-02-16,42.0733,18.9528,2006110544466.53,77475297838.91,1162073966689.07,54746977380.7
2022-02-17,42.0084,18.87,1983350838637.84,70785121330.72,1150176946415.5,51056240652.06
2022-02-18,41.721,18.7513,1841059855052.45,84545554192.84,1072951283114.29,58294662363.54
2022-02-19,41.8544,18.3637,1813268592522.52,75282111752.5,1054336714697.09,52056937241.34
2022-02-20,41.9095,18.2132,1815074513996.24,53931450519.54,1054386632423.6,40252564326.77
2022-02-21,41.9233,18.0797,1735862785646.88,65556633194.74,1008131635946.96,47219823729.6
2022-02-22,42.03,18.4152,1674156716081.72,99622055925.91,970508740024.21,70305909157.06
2022-02-23,42.096,18.3203,1723289051013.58,84882622303.56,997853394219.98,59525237273.18
2022-02-24,41.8424,18.326,1689631859713.11,109756861.8,982648969185.19,56545765815.94
2022-02-25,42.4983,18.1827,1710733287020.27,150946705399.02,983701122992.6,104547585239.69
2022-02-26,41.8718,18.6417,1776643564418.71,95210334276.42,1032731416516.74,68661998657.59
2022-02-27,41.6992,18.7173,1779018648489.38,69270988790.81,1037182123412.3,51816565930.42
2022-02-28,41.834,18.3535,1709714818781.76,81848489143.74,994471951132.91,58406695160.86
2022-03-01,42.9267,18.3181,1908897877352.67,104290665882.84,1089471046459.8,68940498205.02
2022-03-02,43.2792,18.3128,1944935693858.79,108651051093.03,1103182451622.5,76188575798.2
2022-03-03,43.1965,18.3199,1929361073402.29,97371440674.91,1095945151921.3,68205215891.4
2022-03-04,42.9973,18.1299,1873577424734.18,81407179034.33,1067990184060.97,56449123460.5
2022-03-05,42.4689,17.9424,1749503595810.7,87933155136.57,1006509195794.44,59397996388.63
2022-03-06,42.1674,18.0115,1773221304629.7,56900344964.19,1025499701289.75,39933142088.96
2022-03-07,42.3183,17.7674,1723621761763.7,62778297248.91,994213634772.58,43029592574.37
2022-03-08,42.3966,17.5731,1702978646889.8,85575511798.21,980973758722.44,57064159018.1
2022-03-09,42.3671,17.8042,1735324509581.52,78427169255.7,1000118581738.56,52660219466.35
2022-03-10,43.2686,17.7708,1840926736254.95,94837875191.79,1044384329685.74,62567610099.97
2022-03-11,42.5966,17.798,1757146126223.41,91138959524.2,1008660782124.05,60063224575.44
2022-03-12,42.5084,17.7209,1732014742949.07,81531503641.3,995762377649.82,55164484555.19
2022-03-13,42.5209,17.7797,1735530252915.07,54584860570.58,997567441767.53,39965797197.27
2022-03-14,42.3333,17.8048,1696301916874.15,60253823259.04,978201512037.18,42958455848.13
2022-03-15,42.9104,17.71,1754651434997.2,74252010392.71,1001723547026.93,49930285421.72
2022-03-16,42.6697,17.9616,1749724151838.29,74221804325.22,1003122821025.86,50289716934.22
2022-03-17,42.7761,18.2175,1825738833245.35,104698803910.01,1044759717897.67,65084355547.15
2022-03-18,42.4504,18.4425,1831023941249.34,76803452930.49,1053747293563.54,54797600857.52
2022-03-19,42.2608,18.8196,1877294040726.05,97069363443.27,1083935071087.62,62659294300.84
2022-03-20,42.146,18.6119,1900933342870.07,82866120368.12,1099765947643.31,63199816696.19
2022-03-21,42.1553,18.4786,1858489052537.3,80142662841.44,1075037247397.46,60015160177.02
2022-03-22,41.713,18.6036,1869269060178.52,89532075389.3,1089541220726.63,64916255907.94
2022-03-23,41.9801,18.6191,1917114273924.95,100378436422.7,1112307504570.8,68369717359.01
2022-03-24,41.7377,18.6502,1951616316096.99,95065418239.22,1137056082799.28,69805941460.72
2022-03-25,41.8434,18.7057,1995485207938.21,109920283154.75,1160507224556.08,78889069455.26
2022-03-26,42.3023,18.7388,1991293918291.93,91336161229.3,1148931753014.66,60763980876.26
2022-03-27,42.0125,18.7652,2012084245260.48,59910844731.47,1166757477463.14,42960224570.3
2022-03-28,42.2824,18.7995,2103474483298.77,85919528862.64,1214075890145.53,57757502394.75
2022-03-29,42.3733,18.9802,2112204792356.44,120398068878.97,1217193587132.18,84025733314.53
2022-03-30,42.0961,19.0859,2141883962333.05,116373259989.19,1240234717299.69,84980507854.08
2022-03-31,41.738,18.9908,2142202038307.02,112602389245.96,1248090177297.83,83268131766.45
2022-04-01,41.5615,18.9437,2082095621891.59,128634994317.65,1216746382791.1,95310394102.75
2022-04-02,41.1035,19.3812,2139468598908.0,128343448828.44,1260072372199.55,90181189338.84
2022-04-03,40.9215,19.4471,2129598041309.94,114237935539.1,1258134612080.58,84899179118.06
2022-04-04,40.7369,19.5477,2166647653492.07,94103285157.76,1284022475758.27,68691025979.56
2022-04-05,41.017,19.6021,2160036369638.58,110814687356.14,1274054102667.81,78313735339.09
2022-04-06,41.0054,19.4362,2110999077617.25,100157035046.16,1245374675436.44,70510743893.92
2022-04-07,41.4613,19.2612,1980493912054.59,126688200867.83,1159355072955.3,87293443443.42
2022-04-08,41.0586,19.3129,2013774280303.93,87427165744.16,1186947202637.43,61325004510.59
2022-04-09,41.0878,19.6317,1956014446768.46,89756927838.7,1152331012272.3,62542550907.01
2022-04-10,40.9331,19.7532,1986574058614.36,57912192000.66,1173408198773.87,41861416481.72
2022-04-11,40.9791,19.7416,1957656513477.26,61256177404.82,1155426138864.82,43596909131.15
2022-04-12,41.1216,19.6329,1827232552985.02,102579491470.54,1075845499121.95,68630397561.88
2022-04-13,40.9035,19.5575,1864839919149.3,94789049760.13,1102054516576.22,63798871119.91
2022-04-14,40.9671,19.6495,1910202868623.24,83749269604.51,1127647658681.13,56059070999.59
2022-04-15,40.8099,19.5394,1860534665195.87,78603106396.79,1101252412862.02,54260548833.99
2022-04-16,40.923,19.4316,1884081931511.96,63399692524.91,1113058949158.32,41642061316.05
2022-04-17,40.7707,19.559,1885057863724.37,50373706394.03,1116506185480.64,33541742986.73
2022-04-18,40.9073,19.5245,1846230971848.56,57929287845.83,1090988580460.63,38839429103.2
2022-04-19,41.0268,19.4598,1892298042872.79,93897901021.16,1115948815555.72,60192788912.94
2022-04-20,40.9796,19.413,1925877976585.35,80931927000.78,1136660118738.24,55629560619.26
2022-04-21,41.1053,19.3694,1914112895269.67,90783115660.59,1127311695285.43,62963963228.97
2022-04-22,41.2172,19.2454,1869964856358.09,104503927703.89,1099216842844.25,69127497068.5
2022-04-23,40.8326,19.2989,1851001110959.29,83735005991.95,1095188712573.51,55726645752.65
2022-04-24,40.8825,19.2715,1836887852587.82,54999242858.47,1085921834645.1,38861486534.39
2022-04-25,41.064,19.266,1828331719908.61,55986249711.75,1077545179690.66,38022676575.35
2022-04-26,41.2223,19.4289,1866741324696.47,101627136740.13,1097228298070.53,66183638785.74
2022-04-27,41.2418,19.254,1758264083993.15,94893107536.81,1033123587302.67,60323271086.98
2022-04-28,41.4644,19.3437,1800422932555.41,84135423411.7,1053888585667.81,53155325285.43
2022-04-29,41.6226,19.4782,1817880992312.91,94410919785.74,1061232259070.84,60508392782.63
2022-04-30,41.8469,19.3413,1755332617995.95,93640423923.76,1020780568691.22,62757606269.6
2022-05-01,42.3766,19.4428,1693345382417.17,80072582373.27,975763801891.24,56176606051.18
2022-05-02,42.1501,19.6374,1736689493706.14,83494798193.63,1004673300408.29,56492067478.28
2022-05-03,42.213,19.8438,1736808174629.35,86935756863.3,1003649035182.41,54012846915.88
2022-05-04,42.077,19.6668,1707255031148.14,72536850733.48,988892565295.48,45211119722.23
2022-05-05,41.8892,19.6706,1803486551946.1,98326938726.04,1048020049205.43,61571580201.5
2022-05-06,41.505,19.7788,1677074080534.15,114325090368.92,981004463158.78,71219170776.99
2022-05-07,41.4295,19.6415,1655749859058.39,92837625017.16,969781018251.1,674136179410.21
2022-05-08,41.6968,19.6313,1620601533242.5,76921052027.91,944862616242.96,52544314544.54
2022-05-09,41.4185,19.4167,1565264594253.84,103112492774.63,916955323373.65,66346006427.61
2022-05-10,41.7559,19.6205,1380631810481.0,159101117269.94,804136666948.87,95733323568.45
2022-05-11,41.7182,19.9851,1415452718527.68,170212438067.64,824951307953.91,110432516794.67
2022-05-12,43.731,19.863,1259685975101.05,213727678738.79,708812296900.31,143336571344.88
2022-05-14,44.2486,19.304,1259895009983.04,119931779072.69,702409003750.37,77151172263.54
2022-05-15,44.4245,19.2511,1290062500750.44,90067337736.89,716958394507.52,61491592130.13
2022-05-16,44.4585,19.3324,1340727354741.77,76918927624.34,744659809611.58,51083708667.13
2022-05-17,44.5311,19.1369,1276945482042.39,88943005329.11,708307009809.32,56328473636.52
2022-05-18,44.2063,19.2706,1310623492596.71,78334689676.88,731245197988.45,49235262655.15
2022-05-19,44.6101,18.8897,1226040356031.56,79312434278.8,679103084701.14,48028803020.84
2022-05-20,44.9443,18.9877,1284446454170.97,84007749705.03,707160844816.78,50239748121.99
2022-05-21,44.5702,18.9961,1247747612485.61,76165061493.88,691624082370.41,1011034161794234.0
2022-05-22,44.5083,18.9495,1259469044786.43,50221546604.78,698900904904.81,32948568069.31
2022-05-23,44.6067,19.0759,1294498240079.56,60071895372.73,717065770674.33,38439257033.96
2022-05-24,44.2864,19.05,1251603961234.32,83845649277.51,697314102517.19,52366789803.29
2022-05-25,44.5116,18.8536,1269044934413.2,70618686606.32,704173103008.23,44006202253.44
2022-05-26,44.7126,18.6726,1259528121492.91,70677604885.02,696359872314.58,43149195398.77
2022-05-27,45.8416,17.935,1215915464317.68,95985042148.4,658520717801.58,59206839060.1
2022-05-28,46.0219,17.6048,1184959234425.29,94646223757.36,639618160719.2,58071224283.0
2022-05-29,45.7336,17.932,1209009255029.13,53368296305.52,656085551964.05,34116939414.68
2022-05-30,45.8227,17.9041,1224305629472.27,50284426004.87,663295577937.8,32189486262.96
2022-05-31,46.0102,18.3848,1313815238862.78,90273700055.32,709325857531.01,50993253165.82
2022-06-01,46.2762,17.9517,1309096207704.8,88598223382.43,703295996417.93,55059740671.73
2022-06-02,46.0094,17.8758,1234102908925.65,97264390742.05,666300146266.74,56128134990.03
2022-06-03,46.1783,17.655,1257315278519.81,71963363050.54,676708771201.53,42879851680.59
2022-06-04,46.2449,17.552,1224144161697.26,62692992854.92,658039421796.78,36517034507.0
2022-06-05,46.1115,17.6876,1233065389887.51,44175826409.59,664479968190.01,27587491902.96
2022-06-06,46.1904,17.7111,1234089501735.15,45151931584.01,664058147530.32,27887503346.28
2022-06-07,46.8338,17.6324,1276723377196.49,72936300242.03,678785638259.5,40988163073.67
2022-06-08,47.0657,17.4103,1261682263786.71,92670845981.42,667862492613.83,51900035296.92
2022-06-09,46.4924,17.5326,1238829879210.49,72744502058.87,662867865049.26,42503169249.35
2022-06-10,46.3917,17.5187,1237318651528.38,58778745667.02,663305412282.42,37087365160.47
2022-06-11,46.7029,16.9883,1187216558811.33,70660931568.92,632752509486.41,40792914231.59
2022-06-12,47.473,16.2683,1139214785477.76,70005818026.08,598395195366.01,42757596244.21
2022-06-13,47.1652,16.184,1081333363726.9,83361542617.46,571319902382.16,49187809540.9
2022-06-14,45.376,15.4455,944917063345.24,152394396672.49,516151498392.78,84196344221.27
2022-06-15,44.8693,15.5598,943479821065.54,115227136776.74,520146623828.51,64317962626.81
2022-06-16,44.4301,15.4275,968860131733.83,126848423848.75,538394930414.88,71930969725.52
2022-06-17,44.1221,14.6908,880972456707.04,75567867300.0,492268833886.02,44382224680.2
2022-06-18,43.7969,14.7731,891411077791.7,62276843388.07,501001022268.52,35145786612.64
2022-06-19,43.1871,14.3437,839650962999.44,87173093137.72,477029910599.91,45164313322.93
2022-06-20,43.4868,15.1665,901399351176.46,79134402796.83,509409495336.11,43804355270.1
2022-06-21,43.3419,15.0838,906369414385.51,73377981928.47,513531389627.01,42561786921.01
2022-06-22,43.2466,14.9326,913620025532.34,70911680866.03,518510296351.46,41940962732.56
2022-06-23,43.1704,14.4378,883095045011.47,65176705807.12,501858981982.98,36602101861.34
2022-06-24,43.267,14.9161,929596227295.69,61523435492.31,527387990270.66,35331331005.26
2022-06-25,42.4017,15.5771,955238172988.68,66174094513.22,550201029600.49,41216325733.59
2022-06-26,42.4985,15.6262,965084267347.38,50874543851.27,554937744754.53,32499448320.29
2022-06-27,42.5996,15.4557,941715698414.9,51243900209.17,540548763074.57,33218141449.3
2022-06-28,42.3442,15.5,934175654099.83,54885227157.38,538606323440.4,33919386770.26
2022-06-29,42.5861,15.2839,908640044126.71,57125007131.97,521685757242.03,35744728758.27
2022-06-30,42.7807,14.8734,896757783095.82,62401180840.2,513118791995.73,38847032969.37
2022-07-01,42.7439,14.6589,884026054929.61,65299942090.58,506158811429.6,39000265074.95
2022-07-02,42.3618,14.8187,868145263703.86,68822231399.92,500383710454.16,38075350296.27
2022-07-03,42.174,14.8682,870694559732.85,44011118725.7,503487606650.96,25912772285.99
2022-07-04,42.1532,14.9208,873658987260.77,39463136646.21,505384078871.75,23071992067.77
2022-07-05,42.3624,15.3314,911335062932.44,53360378667.25,525271887894.9,31765830713.32
2022-07-06,42.5774,15.2217,905158500281.15,64540257339.01,519765730184.9,37825372596.16
2022-07-07,42.4769,15.6117,923318115009.18,59198855208.79,531121337936.68,34600073778.21
2022-07-08,43.0949,15.6838,958373466358.13,59383106871.45,545363648531.78,33567923569.26
2022-07-09,43.3738,15.5305,956068228844.79,86167770987.68,541384747173.57,36261975538.52
2022-07-10,43.0712,15.4484,956960576045.51,54247860579.89,544786099740.3,24617599388.72
2022-07-11,42.913,15.2964,927919604901.18,55230620788.84,529721129096.79,26540736006.05
2022-07-12,42.8833,14.9959,889072921269.98,53495882651.63,507809453353.77,29345529563.5
2022-07-13,42.7148,14.606,863767929602.87,55226540928.34,494811522745.3,29415047288.48
2022-07-14,42.8439,15.0251,900717591718.62,71605337185.61,514815161642.33,38561704993.35
2022-07-15,42.4781,15.6635,924679773714.18,69477851265.52,531893139172.77,38319459476.25
2022-07-16,42.5083,16.0144,935912347104.07,64033096683.96,538072370127.82,38127528901.23
2022-07-17,41.8671,17.0166,966593664917.4,61101459536.86,561908873752.47,36797286249.03
2022-07-18,41.6174,17.0707,953526446987.57,58301396592.48,556693610240.67,35373211974.18
2022-07-19,41.3531,18.493,1037991980400.82,96995594449.72,608750165476.56,56996405586.79
2022-07-20,42.2897,17.764,1056348564754.33,108298181019.02,609621864767.05,59547004045.35
2022-07-21,42.7167,17.8018,1038728376196.05,95960356171.54,595017599712.74,53027649174.02
2022-07-22,42.0842,18.2443,1051291271400.53,77193189873.52,608864222301.37,43563317805.49
2022-07-23,42.0438,18.1279,1031757201913.72,72049344884.78,597967534619.45,40629588636.84
2022-07-24,41.6834,18.3101,1029480335962.46,59283284890.87,600357824645.83,35260595072.89
2022-07-25,41.5157,18.7079,1040257197191.05,58279935786.75,608387508130.15,34713544932.11
2022-07-26,41.7031,17.976,978521062470.84,76102664448.07,570447893657.11,40525123870.27
2022-07-27,41.5787,17.9796,976010072010.68,66286352332.57,570197789005.68,37655627257.08
2022-07-28,41.5412,18.8843,1054678227732.53,83900307501.79,616552689965.67,52147246238.47
2022-07-29,41.6027,19.1815,1095068233082.87,104736164002.52,639489815401.82,64525938347.96
2022-07-30,41.3935,19.1432,1098632382007.06,100324318668.74,643869531731.45,64435598941.87
2022-07-31,41.3647,18.8994,1092674957538.31,78383131427.77,640693763628.14,50237045105.65
2022-08-01,41.1967,18.9172,1082465015425.74,71721670030.5,636525637620.09,48169470886.24
2022-08-02,41.3834,18.5008,1076452655518.82,72697520281.87,630980384814.93,46847240094.21
2022-08-03,41.2411,18.6786,1064857531037.37,77328206049.63,625699055963.26,48937600129.89
2022-08-04,41.0537,18.5415,1063605530517.46,67351062564.34,626955911357.45,41062354560.44
2022-08-05,40.7079,18.4417,1062431553531.93,62694689603.88,629938358058.87,37574910670.89
2022-08-06,40.4017,19.1561,1101827326982.49,69406924643.74,656669930197.55,40521941026.4
2022-08-07,40.3353,18.9449,1088158476453.97,45660682726.96,649246991808.7,29684314512.24
2022-08-08,40.3736,18.8726,1097375715084.31,41713178118.06,654325997626.07,25827529264.8
2022-08-09,40.4696,19.2413,1124714161841.73,69830686765.15,669546543291.72,41253163481.02
2022-08-10,40.4396,18.9583,1095020263036.44,65800051665.36,652198665461.3,42245080215.91
2022-08-11,40.152,19.7984,1140268140392.0,89167964569.49,682427694083.71,56327459604.95
2022-08-12,40.0835,20.0706,1142713417538.08,88820372199.68,684673435368.75,51694910968.21
2022-08-13,39.9787,20.4506,1167053952302.46,65053200477.23,700481145481.2,37785148907.22
2022-08-14,39.8846,20.6364,1171016455089.17,58107250470.21,703961500379.45,35119402286.94
2022-08-15,40.0127,20.3258,1162168587472.8,61043490817.9,697153919267.14,38049552662.87
2022-08-16,40.1383,20.1963,1149666537328.04,79350933435.78,688210139210.49,44229760436.33
2022-08-17,40.0174,20.0744,1141282193913.31,64638103532.21,684570333219.06,36885522507.29
2022-08-18,40.0477,20.066,1114499232189.02,73767087926.07,668167427818.31,42834651982.28
2022-08-19,40.1951,20.4052,1104495345759.08,58465039885.26,660542599229.98,34715247817.1
2022-08-20,39.6876,19.5638,1006016564920.7,92469208178.8,606752310457.33,51957071725.29
2022-08-21,40.1632,19.0934,1007871584128.26,74279531752.76,603077660442.86,46688104806.55
2022-08-22,40.0316,19.2101,1028890777487.94,58461687188.73,617009519236.74,35358909339.38
2022-08-23,39.9431,19.3283,1024859097062.76,69584693985.49,615498551636.38,37915389527.04
2022-08-24,39.7518,19.5945,1035973082047.57,70024101419.66,624155452916.87,38147048744.05
2022-08-25,39.7106,19.6306,1030737972278.74,69339620922.02,621425265441.13,37378358867.86
2022-08-26,39.6113,19.8571,1043190518189.12,63981451444.89,629968798636.7,32952279189.92
2022-08-27,39.8135,18.9135,973690272798.25,92082679863.38,586030530295.68,49752325479.32
2022-08-28,39.6226,18.8201,967810386075.82,68447233586.53,584338634615.72,38333580845.26
2022-08-29,39.7072,18.4846,945298873089.24,50647265612.86,569947388630.11,26270114215.44
2022-08-30,39.3915,19.2412,986070848659.7,66835639464.22,597642901267.47,34206283296.7
2022-08-31,39.1399,19.2358,968007001645.5,72607626676.72,589129808179.02,38123110736.85
2022-09-01,39.2565,19.4226,977461199593.76,69485888477.77,593744059527.73,36261383192.79
2022-09-02,39.0746,19.6616,985802356570.52,64006149341.26,600604265937.0,33823216530.81
2022-09-03,38.9889,19.6632,980309974525.62,62924029602.61,598097546918.85,33798325172.71
2022-09-04,38.8841,19.4929,976231655346.37,44928970333.73,596632543971.22,21316303380.59
2022-09-05,38.8259,19.5723,985415723231.75,46411964057.5,602819312126.94,21161450229.58
2022-09-06,38.4261,20.0293,987113284853.46,57993227722.28,607803871580.16,29182031616.88
2022-09-07,38.1191,20.179,946025849261.37,90056081628.9,585409049693.22,46650250591.31
2022-09-08,37.8991,20.4532,974419687085.15,74759309931.72,605123859571.54,39522210947.01
2022-09-09,37.6546,20.3491,982761823144.78,72045179488.33,612706309897.1,39850958755.99
2022-09-10,39.1108,20.0892,1046572404358.09,100910033922.44,637249195682.77,52434843846.46
2022-09-11,39.068,20.447,1062501927930.7,74876384006.21,647403486837.16,37966471929.32
2022-09-12,39.2788,20.31,1061255536784.28,66970051831.45,644406709538.59,32474118323.04
2022-09-13,40.1574,19.6559,1066761673362.16,93553397585.58,638377834281.31,43339879280.15
2022-09-14,39.1245,19.5042,987946352969.7,102888796768.68,601417609500.03,50759878315.2
2022-09-15,38.7572,20.0027,1000185081910.45,77376489332.52,612541681609.54,39504432082.71
2022-09-16,39.3035,18.7618,960062701109.57,85664742459.18,582724643541.41,49274365433.7
2022-09-17,39.4569,18.2683,959872374393.37,66744907084.39,581136588593.96,36621222953.48
2022-09-18,39.3998,18.3872,978457022868.12,49555837775.13,592947027064.81,24598806313.87
2022-09-19,40.0182,17.5878,929481300890.9,64407867894.83,557519807554.7,33147220921.97
2022-09-20,39.6524,17.8644,944174134646.38,79538631452.75,569786609673.28,39366470161.81
2022-09-21,39.2755,17.6001,921392471045.92,69764853858.96,559511308389.43,32975185435.69
2022-09-22,39.4536,17.0326,900280246375.15,88170797808.62,545087518997.29,41806672675.94
2022-09-23,39.4196,17.2361,943471693458.89,76770784247.26,571558757768.36,35635547145.97
2022-09-24,39.1467,17.2282,944429439095.91,82360289575.37,574716671939.62,43460893090.03
2022-09-25,38.9289,17.3249,932005271632.78,55538989006.76,569185468085.3,29391595640.6
2022-09-26,39.0093,17.1698,923565129007.53,50504119604.46,563288512158.8,27143252847.36
2022-09-27,39.2326,17.4291,938830688985.02,77537834041.98,570502710824.35,33384925214.36
2022-09-28,39.2315,17.4664,933295280804.14,94671176141.55,567149323259.17,36102444627.86
2022-09-29,39.5424,17.4111,941494448042.75,87331385052.88,569204699213.81,34261365420.57
2022-09-30,39.5968,17.2835,947311152505.71,70110085425.41,572206628532.59,29070733695.5
2022-10-01,39.5509,17.2906,941591522475.82,74333278602.87,569183348295.23,30359436108.9
2022-10-02,39.5669,17.1915,935479628742.66,37302772267.0,565339271948.12,18584501719.16
2022-10-03,39.6262,16.9873,921169893135.97,41423817571.08,556145448995.03,20652853756.33
2022-10-04,39.8506,17.1953,943902738005.02,54872574511.44,567751668115.72,24388947420.88
2022-10-05,40.2305,17.2415,969001925491.8,60129292188.61,579167679778.77,24241818419.54
2022-10-06,40.1095,17.222,963595096609.65,56838217662.27,577102268371.18,23612800530.51
2022-10-07,40.0011,17.3381,956460304815.51,59710337462.62,573865994850.11,25000504851.08
2022-10-08,39.5896,17.2719,946602239863.89,52501578015.01,571846117059.11,23273658194.3
2022-10-09,39.6318,17.1845,939379283592.62,32921494922.12,567086146084.18,16485761945.14
2022-10-10,39.5092,17.1989,943771480926.06,32086577632.02,570894755085.3,15248590872.16
2022-10-11,39.6992,17.144,924514904382.68,50972145766.53,557489534631.13,23545639786.9
2022-10-12,39.8162,17.1179,917597919457.94,52664489076.17,552245331739.76,23954298841.47
2022-10-13,39.8627,17.2492,921631155257.85,44720804676.45,554244307491.41,19770270488.19
2022-10-14,40.2641,17.1313,923223867894.39,81191934186.93,551495667176.67,36971109710.36
2022-10-15,40.0311,17.3325,919198303939.68,66638975298.55,551232942322.9,28188322917.88
2022-10-16,39.9951,17.1334,912085340842.26,35505098045.97,546816325600.11,19348746852.53
2022-10-17,40.0769,17.3819,926743260655.18,40502472096.21,555946006041.29,20582776719.11
2022-10-18,40.0525,17.405,936323400389.87,49983953608.58,561302094299.04,22511196653.14
2022-10-19,39.8486,17.2293,930767744061.88,53868444600.06,559870162397.33,23287434470.69
2022-10-20,39.9865,17.1358,918204960913.66,63274396177.58,551047241294.65,40850129422.17
2022-10-21,40.0231,17.1933,913317057090.35,45356822558.5,547779195012.97,20862866177.29
2022-10-22,39.9842,17.292,919961107374.68,55284383225.6,552122203135.11,22827022263.43
2022-10-23,39.9065,17.4159,923502090908.36,33199793506.44,554965157998.91,17095862633.18
2022-10-24,39.8578,17.7128,941978088189.21,43092165455.55,566526512600.48,20962197090.75
2022-10-25,39.8701,17.6784,931039149518.89,54514883032.64,559833202247.91,24314780020.87
2022-10-26,39.7347,18.4324,970409904052.8,86073465820.56,584820477300.73,38308458705.54
2022-10-27,39.7428,19.1138,1002977060493.01,103989331247.24,604365477122.25,45094591227.08
2022-10-28,39.5836,18.8418,983556747306.8,89273527016.08,594229903473.21,39647347589.28
2022-10-29,39.4107,18.9792,1002936573726.14,80319022784.31,607672198051.55,36325931760.66
2022-10-30,39.0078,19.3503,1024316330884.41,90364341714.15,624753098604.02,49994415050.76
2022-10-31,38.9838,19.1613,1015953394662.61,70268970463.34,619896567098.01,38781859398.02
2022-11-01,38.717,18.9409,1016101923638.05,87904654646.76,622697291249.72,42236207949.02
2022-11-02,38.6958,19.0242,1016153400661.43,74996780632.22,622944909859.79,35177304530.66
2022-11-03,38.9298,18.7066,994159124418.94,100855909146.44,607135271268.91,45302696594.32
2022-11-04,38.7373,18.7131,1001545778865.78,80090006107.42,613574356473.72,36862314086.8
2022-11-05,38.4576,19.0707,1055629736075.07,113237758904.62,649660310873.73,49164191280.11
2022-11-06,38.6493,18.8421,1057293384002.61,74247124309.67,648656987093.46,36394287938.86
2022-11-07,39.0128,18.6823,1029852768064.03,66264515821.84,628078358543.33,31186687787.17
2022-11-08,38.6194,18.7402,1024292503555.91,92642549993.37,628716734134.54,39133673660.35
2022-11-09,38.6995,17.7278,920048077204.3,209604219538.89,563993988310.78,90607851545.22
2022-11-10,38.3947,16.9491,794331764018.25,184329307126.45,489350423754.48,81418835704.04
2022-11-11,38.1572,17.9679,885027733402.98,151781269848.66,547325832337.12,68581674605.3
2022-11-12,37.9084,18.252,863039068527.06,100104063677.62,535874505597.88,44232454980.3
2022-11-13,38.1696,18.1725,845298425854.95,57400108170.76,522651179151.62,27688065054.66
2022-11-14,38.0725,18.1245,824954511603.51,54542454407.48,510874095542.68,27332080235.92
2022-11-15,38.1265,18.1491,837175503257.68,85862370234.07,517989449991.85,36230626012.17
2022-11-16,38.3151,18.0964,846463366113.21,64085527423.76,522139685781.16,27487083519.05
2022-11-17,38.4188,17.8475,833492490363.59,60946752934.69,513274854422.68,27022021044.57
2022-11-18,38.6188,17.7024,830099250096.84,50315921386.59,509525028774.38,22446855012.28
2022-11-19,38.4659,17.7904,833897922942.26,46381921201.63,513131779073.11,19519495889.91
2022-11-20,38.4325,17.8477,835426245135.27,32359111653.25,514351438169.88,16253120457.16
2022-11-21,38.7897,17.3253,806933231060.66,48538490383.02,493926251510.83,27224603434.97
2022-11-22,38.4812,17.2059,788135744889.64,72353092800.9,484851474109.61,34922548289.3
2022-11-23,38.5765,17.2255,806539054321.71,60281864099.78,495404627426.2,29554230740.88
2022-11-24,38.3252,17.3864,832845172232.41,62066462016.86,513655687503.52,29108199632.63
2022-11-25,38.1633,17.6221,836021770978.78,50715576968.76,516968676206.07,24586303249.29
2022-11-26,38.102,17.6062,833281598804.3,36971663565.81,515784742615.22,18294381336.88
2022-11-27,37.8866,17.6705,835125705619.11,35598150574.23,518724737760.42,17598449449.41
2022-11-28,37.8829,17.532,834144584739.19,37446145928.27,518146376388.75,17001195393.83
2022-11-29,38.0054,17.4578,820118905600.9,50009040792.45,508429458574.4,22267851834.85
2022-11-30,37.9182,17.8649,833582469673.54,43549687810.14,517502790115.63,19967542661.69
2022-12-01,38.137,18.3251,865280321577.53,53508153531.02,535288102603.65,23983868418.33
2022-12-02,38.2028,18.2941,853750513601.95,43263026782.6,527593495876.72,20368735736.88
2022-12-03,38.1124,18.377,861937517393.97,38563146840.82,533432016317.51,19023168129.37
2022-12-04,38.3474,17.9498,847609512975.23,31107617432.63,522572969556.26,14892204801.76
2022-12-05,38.292,18.2157,859993293104.71,30985039172.39,530684749382.39,14160188255.37
2022-12-06,38.2714,18.0788,852725946536.27,40952353022.79,526375856239.22,18741930490.52
2022-12-07,38.3287,18.1527,857232871647.94,36215521621.8,528666630845.77,16325583142.96
2022-12-08,38.5101,17.9296,841172408010.25,37197846820.24,517236416230.25,17523635524.21
2022-12-09,38.549,18.2384,859576210907.25,36987663759.17,528218447542.34,16489306296.37
2022-12-10,38.6043,18.1289,853451483785.05,35792454020.07,523982802258.4,15465650367.19
2022-12-11,38.5621,18.1426,854202845056.21,24048277720.91,524804035263.48,11340855904.75
2022-12-12,38.6809,18.1865,850335384728.14,25118322642.01,521418358307.97,10994961007.2
2022-12-13,38.863,18.3188,851490261907.57,36767277915.3,520575279638.02,17150995062.32
2022-12-14,39.3345,18.5874,869455503217.59,53252048502.15,527459315419.11,26616702919.28
2022-12-15,39.5347,18.4862,866697919250.39,44926853370.62,524051444436.36,19393785189.13
2022-12-16,39.4531,18.3057,846593463891.11,35960419506.71,512586076447.69,14996043772.88
2022-12-17,39.9993,17.8564,800566129517.81,45801883751.73,480344949256.56,21763126522.04
2022-12-18,39.8589,17.9377,810569289635.72,30180761749.78,487485335959.36,15722354712.59
2022-12-19,39.7907,17.8941,810215735889.84,20573019600.16,487825591678.39,9645631683.68
2022-12-20,39.9156,18.034,792401270999.2,31370924055.93,476109513032.63,14152088949.82
2022-12-21,39.9268,18.292,814606870523.14,37623012860.32,489360506788.86,14902978380.89
2022-12-22,39.9686,18.345,809581597303.54,26429482455.51,486002954516.59,11545410712.21
2022-12-23,39.9192,18.3761,811200671225.28,28961157427.07,487375946706.35,12520594236.75
2022-12-24,39.8692,18.4187,810659246046.12,26450723855.98,487455954046.18,11121486351.09
2022-12-25,39.9522,18.4164,811438681199.83,16607815949.52,487250901034.3,6863062055.51
2022-12-26,40.0077,18.4137,810083859115.48,21109472741.41,485988149474.37,9453076800.07
2022-12-27,39.9556,18.4255,814903547383.63,21434044368.4,489304180721.69,9546205336.85
2022-12-28,39.8465,18.3819,807372501990.81,27256205863.41,485662748679.3,11508193821.0
2022-12-29,40.0558,18.3106,795301489646.14,30921932039.02,476736816798.39,13916382611.04
2022-12-30,40.1219,18.419,798316858352.07,27094556091.96,478017260728.06,12622119052.83
2022-12-31,40.1343,18.4317,796250986547.87,27631790518.1,476680998000.73,11703210465.22
2023-01-01,40.0387,18.4091,795532009425.33,19881266055.53,477011658662.29,8642137598.45
2023-01-02,40.0759,18.4051,798558682944.8,16724262386.4,478528711099.65,7479687723.33
2023-01-03,39.86,18.443,805985802601.42,24052080196.22,484719731845.34,11954654372.83
2023-01-04,39.8378,18.4421,806055809207.06,26170560117.73,484940508837.99,12267662976.6
2023-01-06,39.6606,18.722,817338901068.52,27402813034.87,493177548320.59,13709826346.55
2023-01-07,39.5699,18.8321,824876026116.15,29691779490.38,498473333182.8,15279437643.36
2023-01-08,39.5986,18.7651,824447232481.07,17229444788.02,497977929602.62,9514803367.74
2023-01-09,39.3052,18.8136,837399569381.43,22406111785.29,508257601379.94,12604944522.35
2023-01-10,39.0412,19.0667,848143875052.55,46737548471.45,517018516141.71,28124560836.46
2023-01-11,39.1532,19.0595,858138218471.18,35190776600.23,522149572274.98,19382155635.5
2023-01-12,39.2424,19.297,880115750657.84,38042894266.22,534737638282.63,19659343761.7
2023-01-13,40.0929,19.1424,906463039393.48,63387011331.23,543036153196.92,28420301735.76
2023-01-14,40.8228,18.9086,939407328290.8,53279274376.22,555914908447.75,24051415681.24
2023-01-15,41.0143,19.2623,985176419016.13,82519395124.36,581112854741.28,43554315555.19
2023-01-16,40.931,19.332,982748084895.92,46465363034.47,580499697545.62,27167264136.1
2023-01-17,41.1842,19.4855,990375757999.46,54007483271.22,582497877273.61,27213545113.67
2023-01-18,41.2734,19.4234,987748507121.63,48647297644.64,580071060123.16,23644176960.27
2023-01-19,41.4624,19.291,961289904211.85,61608563604.17,562716497777.82,31603987220.67
2023-01-20,41.4206,19.3694,980831842034.48,40547298217.26,574565630647.75,19396725090.96
2023-01-21,41.9249,19.4885,1042190218741.52,53098890300.86,605252818317.85,24300344058.08
2023-01-22,42.3274,19.2042,1036917597874.56,62733288677.41,598017470644.89,30292878104.06
2023-01-23,42.1001,19.1626,1039953113862.48,51552421107.57,602132172189.55,26804317856.9
2023-01-24,42.1255,18.9917,1049043473416.26,55980792550.18,607129091029.68,29461776302.67
2023-01-25,42.6018,18.6026,1024052655950.07,55233936238.38,587787702587.07,28828963967.81
2023-01-26,42.3958,18.7677,1050702697969.12,61950522869.99,605248704739.9,31262722270.9
2023-01-27,42.2981,18.693,1049463666822.53,54426623483.32,605560292130.57,28075668641.84
2023-01-28,42.156,18.5335,1055230006832.02,53636787014.43,610387150307.31,28253865268.35
2023-01-29,42.3268,18.3476,1048839400594.33,36865642480.52,604899013675.97,22152290549.51
2023-01-30,42.3846,18.6305,1081269921766.65,52215648093.49,622977964340.72,24791583947.15
2023-01-31,42.4111,18.4751,1038184168292.52,57104997411.62,597879066041.88,29898150370.22
2023-02-01,42.3839,18.4472,1052447330811.81,47229356160.18,606379010344.16,24392280151.38
2023-02-02,42.3712,18.6115,1079368080356.3,55907439918.36,622026375210.39,29222704878.92
2023-02-03,42.0986,18.7061,1074883020346.56,65908105085.18,622371986553.98,33841092147.87
2023-02-04,41.6621,18.7723,1085135800599.04,56726164973.43,633045254197.95,29647063521.3
2023-02-05,41.5142,18.8259,1083672907518.97,38673691662.3,633794589586.21,23033408365.06
2023-02-06,41.5292,18.734,1065820780089.09,48566666147.31,623194299260.35,29002793434.67
2023-02-07,41.5745,18.7352,1055615189036.14,49571616450.79,616748749502.82,25745799299.95
2023-02-08,41.2588,18.8167,1087350031990.26,59423580843.29,638722326960.94,32235591974.26
2023-02-09,41.2435,18.8317,1072799678657.28,58256419279.51,630339404760.56,32883384491.58
2023-02-10,41.4578,18.6452,1015022886376.74,79208103009.37,594216994495.5,46635289854.81
2023-02-11,41.3931,18.3759,1008850447625.1,57145322794.75,591255706227.44,30067469068.3
2023-02-12,41.3144,18.455,1021065764990.42,35260984420.94,599218300246.89,18905380194.16
2023-02-13,41.4542,18.287,1013799601952.38,37854397620.34,593536920142.12,20031420807.55
2023-02-14,41.7827,18.3203,1006679733579.84,59253250100.32,586061462601.94,35334293594.42
2023-02-15,41.6122,18.4942,1030129662052.34,57819763109.55,601469684284.68,31029933732.48
2023-02-16,42.4809,18.5553,1103889918757.99,64877813855.61,634947489604.31,32390440765.34
2023-02-17,42.4618,18.7004,1073316020438.25,82872820210.92,617566377746.66,43548623648.0
2023-02-18,42.5333,18.6113,1114348219233.85,76168686272.84,640378761518.57,34815999182.72
2023-02-19,42.559,18.5316,1117148887398.39,44275930199.19,641701813429.16,24652415813.3
2023-02-20,42.3148,18.5492,1109583735636.79,56307800976.88,640065602388.75,30731402622.86
2023-02-21,42.4505,18.4599,1128772610999.91,64517089719.8,649602562779.47,35549666066.21
2023-02-22,42.5731,18.3176,1107713462647.65,66728454697.12,636125539935.9,35475859507.08
2023-02-23,42.4234,18.274,1100428687615.49,63527964747.65,633589209458.25,33327679785.52
2023-02-24,42.2368,18.4636,1094247702767.35,59210213277.3,632072741998.25,28733015645.62
2023-02-25,42.115,18.514,1063198874005.93,58013494228.19,615432530135.59,31203115080.84
2023-02-26,42.2582,18.4377,1058520984537.45,37413629731.13,611208819859.37,21312248396.81
2023-02-27,42.1796,18.622,1078240731969.19,34341666010.34,623443271338.3,17696021289.75
2023-02-28,42.3058,18.6351,1073293611797.83,45362478074.36,619228366556.92,22702620791.4
2023-03-01,42.2972,18.6014,1056525760908.85,42666748722.72,609644474963.36,22129838980.19
2023-03-02,42.2208,18.8271,1081249585434.97,48678729349.86,624736891084.94,24017290129.55
2023-03-03,42.3506,18.8378,1070204199000.59,42543211782.68,616966347086.36,22158618488.39
2023-03-04,41.9986,18.6792,1028052926302.48,54664109491.33,596285110458.45,28600468567.54
2023-03-05,42.2007,18.7497,1022767784265.27,26938448848.66,591152855332.44,15773285969.03
2023-03-06,42.2682,18.6784,1024951173177.32,28750383104.81,591722436386.7,15433862818.43
2023-03-07,42.2739,18.7218,1024529362847.64,35225327862.28,591420676108.74,17871530691.97
2023-03-08,42.1713,18.787,1017418783044.55,44482339994.83,588360233710.26,21715174284.29
2023-03-09,42.1855,18.8809,994277359445.18,44320979167.78,574836605152.24,21784486216.18
2023-03-10,41.6565,18.6472,944168313860.41,57773496227.85,550861026890.35,27403862563.66
2023-03-11,41.4604,18.597,940408550880.81,76289657908.14,550511824082.46,36710003683.42
2023-03-12,41.8573,19.0576,951967403420.31,91096944569.08,553500018990.54,60918424793.51
2023-03-13,42.2199,19.1986,1013838148032.96,64580463010.92,585796442801.7,35296250594.54
2023-03-14,43.4954,19.1327,1074729507891.88,97270664123.23,607271242970.33,47811137109.12
2023-03-15,43.7508,19.0789,1093183678306.77,101182591590.01,614906573002.51,46564591635.27
2023-03-16,44.2288,19.0374,1064655214409.96,83701408243.65,593770741356.19,40037032687.45
2023-03-17,44.4637,18.8548,1088592130913.77,62601200934.48,604563947604.76,28736551431.11
2023-03-18,45.4509,18.8142,1166253531968.25,84321789109.78,636180303278.83,33565080485.13
2023-03-19,45.4814,18.8245,1145640894647.41,68924084925.26,624587523609.62,33202888821.22
2023-03-20,46.086,18.5857,1175626910203.8,65056772847.18,633827307898.46,27284389880.21
2023-03-21,46.5431,18.4221,1152833369209.93,77383433884.74,616269148195.76,32612622116.4
2023-03-22,46.0186,18.6836,1182800706981.5,67723817736.0,638492553241.02,31623104558.11
2023-03-23,46.0846,18.5691,1144997903838.9,69463882830.51,617330208413.97,36084680815.14
2023-03-24,46.1724,18.7427,1185764476460.89,55703450260.6,638269106430.7,31484919478.82
2023-03-25,46.149,18.6197,1151301162287.42,54992894975.01,619987665973.69,29012797858.76
2023-03-26,46.2965,18.5903,1147888688788.54,32983707724.72,616456746611.7,19601618670.84
2023-03-27,46.3824,18.6252,1166614358045.19,31515223763.7,625510823770.68,17636330529.19
2023-03-28,46.2872,18.5237,1133247655824.84,42377984347.67,608699416477.14,24189190729.78
2023-03-29,45.8374,18.866,1149951260042.02,40036422743.91,622844035257.51,22253457199.66
2023-03-30,46.3796,18.5705,1181645138837.99,47058201981.09,633603204534.27,26372582803.79
2023-03-31,46.206,18.709,1172903467797.31,50873473705.86,630951239871.29,28435054048.92
2023-04-01,46.3692,18.4837,1187304591349.8,43800734346.52,636761348712.39,24789399855.89
2023-04-02,46.394,18.4954,1186182338347.54,31095093332.11,635865454463.1,19542077537.54
2023-04-03,46.4408,18.425,1173729564560.52,31925080914.24,628640501845.12,19639706921.45
2023-04-04,45.9907,18.6608,1168517121895.68,48986217518.21,631107521864.34,29427380810.85
2023-04-05,45.8786,18.9824,1187283888063.25,42013585460.02,642574157362.24,26730163262.42
2023-04-06,45.6171,19.2528,1194470635423.77,43898178157.34,649587215309.68,26845658286.96
2023-04-07,45.8227,19.0623,1183473039111.85,37033375218.8,641173232405.67,23195565838.53
2023-04-08,45.8153,19.0607,1178722452763.51,30162320386.68,638687698637.55,19301035638.35
2023-04-09,45.9793,18.9501,1175705519761.06,27341712671.25,635124762396.57,17968336070.34
2023-04-10,46.1912,18.8795,1186469173909.93,29603164737.32,638425181262.12,17428400098.67
2023-04-11,46.8487,18.8048,1224314269340.28,40721826862.93,650739191113.31,21439460069.23
2023-04-12,47.3691,18.4605,1234603276299.42,44418849673.6,649782233743.22,24297589830.54
2023-04-13,47.0829,18.8095,1228187207745.42,48234780317.02,649920603226.99,28714714075.45
2023-04-14,46.7895,19.2918,1257089294871.11,45450261019.25,668903610577.49,27940525548.26
2023-04-15,46.2391,19.8057,1275619778482.57,63108090693.47,685784309855.72,40449835852.69
2023-04-16,46.1019,19.7526,1272308854423.25,35403809366.17,685750877469.4,23462618627.3
2023-04-17,45.777,19.8072,1281350156306.89,36693765812.84,694786034803.74,23838929938.0
2023-04-18,45.5048,19.8026,1252121628040.14,46765212440.53,682346622527.12,28891768257.24
2023-04-19,45.8989,19.6014,1281436072304.01,46893048612.33,693270875106.94,27412137768.68
2023-04-20,46.1818,19.1348,1207742665879.22,61366623614.09,649984931549.97,36795058193.34
2023-04-21,45.8332,19.6217,1192679746259.05,52573332528.06,646036446141.85,31236015415.62
2023-04-22,45.7792,19.3193,1152874818412.54,50856264676.28,625098022918.07,30096810671.04
2023-04-23,45.8612,19.2251,1173885720427.83,31006148039.28,635527637557.58,17880264491.55
2023-04-24,45.8694,19.2588,1164226275750.82,30093079797.04,630202725150.28,17307548477.84
2023-04-25,45.9359,19.132,1159583910036.04,38405334555.9,626918692050.5,20701646992.24
2023-04-26,46.3176,18.9997,1182825744182.45,39538742427.17,634969760246.32,21805405685.48
2023-04-27,46.5967,19.033,1180847546468.08,64226853050.34,630611412575.71,32372445096.41
2023-04-28,47.1286,18.9839,1210771940661.43,54511450507.59,640151765130.31,27359839788.82
2023-04-29,47.126,18.9074,1205188547671.96,39379327826.37,637231310425.91,21835587255.19
2023-04-30,46.9253,19.0465,1206623693405.96,24771847803.25,640411972246.16,14108623914.92
2023-05-01,47.1431,18.773,1201145917496.18,31897279995.43,634888330223.6,17240285214.5
2023-05-02,46.6667,18.924,1165408544465.5,40810771252.63,621550384267.8,22159353193.68
2023-05-03,46.9668,19.0477,1182377779493.73,35176475458.64,627052212246.44,18742657135.89
2023-05-04,46.9852,19.175,1195915355366.97,42043679699.05,634012257892.03,22919534516.58
2023-05-05,47.1072,19.0602,1185919033324.54,32912154108.68,627265366259.94,17364048562.77
2023-05-06,46.8861,19.6872,1219932160469.87,42864216955.31,647953476396.57,24927675573.53
2023-05-07,47.1537,19.2651,1187051646719.99,39352635794.44,627313238958.84,23439481655.04
2023-05-08,46.9789,19.2147,1172950585268.7,27741671879.54,621911065960.75,16435082483.64
2023-05-09,46.9594,19.48,1142228138195.64,46572605157.71,605845043983.8,27455332672.86
2023-05-10,46.9142,19.4787,1141816056349.67,31936584768.74,606142505197.18,17808962738.08
2023-05-11,46.8119,19.3959,1142914575699.0,45887894685.18,607894904717.62,25232553487.79
2023-05-12,46.8095,19.3413,1117071625654.42,37849293416.72,594175771595.91,21124252479.53
2023-05-13,46.2251,19.7664,1123373193788.81,41515886992.11,604092253704.08,22201758748.4
2023-05-14,46.309,19.6898,1120563284619.52,22736824841.1,601642158594.36,12737653236.02
2023-05-15,46.3312,19.6574,1126129060708.0,22048926216.23,604379606337.74,12034038480.55
2023-05-16,46.4194,19.6951,1134524450202.64,31232667514.22,607885294646.63,16818861863.49
2023-05-17,46.4366,19.4505,1128065356726.9,28503434501.75,604230385019.46,15771360662.45
2023-05-18,46.5906,19.2316,1139537975900.49,34363999774.5,608620234548.12,19223992849.32
2023-05-19,46.3071,19.299,1122684786946.14,32096067293.3,602801703568.94,16872596763.53
2023-05-20,46.2865,19.3667,1125750276154.75,25385427378.49,604679466568.23,14126490104.0
2023-05-21,46.4295,19.3384,1132119586673.94,17071105239.84,606481654353.07,10025515743.74
2023-05-22,46.3625,19.4098,1118255293392.19,19705728479.39,599803936767.08,11058593315.35
2023-05-23,46.3114,19.4526,1123799321986.28,25124546524.13,603352014505.81,14068114682.67
2023-05-24,46.3554,19.5915,1138323039474.38,30753018683.44,610648291749.62,17055297144.15
2023-05-25,46.1032,19.5536,1107058187851.86,36030850734.88,596669404223.03,19731122856.43
2023-05-26,46.23,19.5636,1110074243461.14,30478156200.28,596886529574.03,16627038582.27
2023-05-27,46.2343,19.6298,1120278246898.01,27682593768.86,602325688962.95,14971259866.21
2023-05-28,46.2549,19.5542,1126119219087.63,18302089413.29,605233892470.24,10409424545.27
2023-05-29,46.6919,19.7015,1165912227241.03,30629539696.06,621526084972.43,16083187349.25
2023-05-30,46.5511,19.7009,1155541150266.57,31671659594.4,617623637264.55,16492374472.62
2023-05-31,46.4001,19.7497,1157517351489.13,30459508251.71,620428519394.08,17209145649.4
2023-06-01,46.2386,19.7434,1141386025717.69,33069748499.63,613624932323.83,17409681019.72
2023-06-02,46.0125,19.8116,1130322801196.87,30335501140.38,610233394579.65,15655273681.15
2023-06-03,45.9476,19.9417,1150072084709.49,31148280082.37,621641136663.56,16311519294.55
2023-06-04,45.9179,19.8993,1143438619013.72,19690672252.98,618395073230.28,11304635242.64
2023-06-05,45.9319,19.8502,1145085643469.01,21804578581.58,619126209940.25,12441973506.5
2023-06-06,45.8095,19.9793,1089983827627.7,48295838529.01,590667769295.62,26782523928.04
2023-06-07,46.5688,19.9735,1134368224163.94,44069589650.12,606107010863.86,22137702312.02
2023-06-08,46.5452,20.0676,1097885285219.47,40625628696.97,586872625813.6,21096098733.94
2023-06-09,46.5727,20.1065,1103969173108.02,26114471296.76,589821000210.98,14209154223.8
2023-06-10,46.7098,20.1198,1099705595019.4,25979215626.84,586035090439.58,14964258115.98
2023-06-11,47.5877,19.9927,1053854087683.9,54676156906.26,552349625235.32,34803479703.44
2023-06-12,47.6645,19.9674,1055658271915.24,24709772288.43,552484345216.88,13976528078.37
2023-06-13,47.7089,19.8886,1053321471181.85,29781917699.24,550793490722.43,18105096555.72
2023-06-14,47.6222,19.8008,1055974909050.23,33613807356.3,553096253844.83,19470271195.04
2023-06-15,47.548,19.3559,1025169913018.33,33013066941.15,537722528642.59,18747065933.52
2023-06-16,47.8836,19.319,1036376111963.25,37258140758.64,540122366829.49,21421096309.13
2023-06-17,48.1489,19.4499,1061030715762.65,32299360665.14,550156562549.19,15974713699.73
2023-06-18,48.1134,19.4189,1069223848966.28,23935025257.12,554783644768.39,12845538355.39
2023-06-19,48.0784,19.457,1062998307234.91,20558873686.97,551926077898.14,10992913242.95
2023-06-20,48.3985,19.3997,1076488359786.43,26049414545.99,555484678023.89,13218139759.81
2023-06-21,49.1545,19.2657,1118136277429.04,39554147708.58,568521525739.78,17342767522.91
2023-06-22,49.7216,19.3965,1171484161022.83,60328118017.7,589003169541.83,26979238765.72
2023-06-23,49.8427,19.33,1164511643979.7,44314563215.41,584087807197.75,23668034314.96
2023-06-24,50.0612,19.117,1190408236019.41,46501485989.92,594475793408.4,22386645550.93
2023-06-25,50.1346,19.0644,1182714342718.72,30951557814.34,589765738487.17,18804600330.43
2023-06-26,49.8396,19.2386,1187181553019.6,31999934124.49,595495406181.88,19295962559.72
2023-06-27,50.0678,19.0392,1173770599195.32,38651174717.38,586089194642.95,22157647055.1
2023-06-28,50.1377,19.1116,1188437057477.2,35549731564.51,592581881910.33,19119958842.08
2023-06-29,50.3919,18.9597,1159129967797.16,34103094016.86,575021870626.3,19531694960.21
2023-06-30,50.3527,18.9686,1173857798372.55,29971175518.2,582788693470.91,16789801754.97
2023-07-01,49.5523,19.4637,1194104821380.71,62657652263.1,602398993292.68,36269568272.13
2023-07-02,49.5147,19.2877,1199536209909.9,28936813850.42,605589034425.83,19850113975.0
2023-07-03,49.4296,19.3635,1203000452278.47,30128549940.35,608362125527.84,19593581259.77
2023-07-04,49.6532,19.2925,1218521713154.76,37764555911.44,613486415493.15,22492129963.77
2023-07-05,49.6144,19.3266,1204716166099.71,30794379592.97,607002887446.34,17984099349.13
2023-07-06,49.7532,19.2847,1190972637821.09,31607993243.46,598425530839.37,19126119888.1
2023-07-07,49.8569,19.0683,1165097671211.44,44309607949.81,584215821720.19,23178762633.59
2023-07-08,49.9427,19.0566,1180115765334.86,30705959659.72,590733884657.9,17328220623.52
2023-07-09,49.8927,19.0159,1179320427088.28,19878534366.52,590925085888.27,12369125878.54
2023-07-10,49.8855,19.0628,1174873887113.13,19725790995.39,588782562817.64,11822476072.41
2023-07-11,49.8642,19.078,1184948422383.82,33649579246.73,594082961012.62,18820916059.1
2023-07-12,49.9998,18.9776,1189774023800.27,27182439112.71,594889384778.99,15030861427.37
2023-07-13,49.9392,19.0349,1182243036977.16,31116788493.35,591840411854.89,16311310439.48
2023-07-14,48.6498,19.1844,1256989265356.72,60736595875.74,645466813396.74,37050261938.11
2023-07-15,48.4927,19.1802,1215343018636.36,56566851617.72,625990774517.4,35649121843.32
2023-07-16,48.4596,19.1128,1214770944438.23,27442600292.56,626098356261.77,19431563014.02
2023-07-17,48.5755,19.1091,1210039419682.48,25724476071.66,622256553362.2,17207349392.2
2023-07-18,48.5272,19.0349,1207175878074.08,35271056572.52,621366851239.29,22032718845.4
2023-07-19,48.4026,19.0275,1198817727279.92,32088058036.73,618558504784.24,18948361422.72
2023-07-20,48.3641,18.8895,1202050942289.6,31362915624.95,620689367410.84,19235229921.76
2023-07-21,48.2681,18.9465,1199821606876.71,36901483544.14,620690449835.87,22244627101.29
2023-07-22,48.3431,18.9251,1202430059408.43,33547586300.15,621137627788.99,22576891023.17
2023-07-23,48.5744,18.8162,1191643148427.29,22413059869.42,612809295708.29,14538032087.54
2023-07-24,48.6031,18.8721,1203080973493.21,23613007970.16,618345973181.43,14391887716.63
2023-07-25,48.4062,18.9778,1171685588054.51,35398797540.32,604517091973.03,20004680646.52
2023-07-26,48.3285,19.008,1175578928225.96,25703626696.38,607439699223.43,15436389539.71
2023-07-27,48.2497,19.0792,1182701156936.86,31409877395.1,612050809780.4,17911609522.4
2023-07-28,48.2133,18.9848,1177880788379.4,25943404114.22,609985091585.64,15170500923.84
2023-07-29,48.1282,19.1255,1184378628058.55,25272534404.91,614358886567.63,14055391445.25
2023-07-30,48.0886,19.0464,1186925083706.07,17778212780.78,616148938732.36,11296605991.98
2023-07-31,48.175,19.0654,1181621186644.45,24169910071.28,612374964871.05,15491250673.32
2023-08-01,48.3305,18.9685,1176013336537.18,28340330956.25,607640311045.53,16684286702.63
2023-08-02,48.5207,18.9134,1189867379623.23,39618911455.21,612535012769.78,21346519063.93
2023-08-03,48.4727,19.0718,1169718673389.78,38198593979.4,602724045913.74,18992937088.3
2023-08-04,48.7186,18.9339,1164656172414.18,29245341607.92,597251813843.85,16467640880.98
2023-08-05,48.7389,18.9318,1160155487524.85,29128208292.28,594707960268.87,17091574573.37
2023-08-06,48.6233,18.9804,1161697134650.26,20241668833.22,596841324740.27,13643200524.5
2023-08-07,48.6806,18.9247,1160281982994.49,20655635028.29,595449871581.97,13385873325.3
2023-08-08,48.8165,18.881,1162687277885.27,32919645559.26,595103676925.31,19301987704.21
2023-08-09,48.9599,18.8559,1182605780571.14,36006447526.98,603603724541.69,18435525686.75
2023-08-10,48.7921,18.9041,1178625089431.3,35546358274.25,603548838659.93,17167718673.82
2023-08-11,48.7606,18.9409,1174029082809.46,26133839466.51,601565210706.77,14268980624.16
2023-08-12,48.7655,18.9229,1172831964140.99,22907590547.53,600894696303.13,12713836801.83
2023-08-13,48.7316,18.9158,1174409648297.14,16545264352.66,602101231089.44,10351107930.82
2023-08-14,48.7327,18.9018,1169116064432.26,19376785083.97,599374598739.85,12046833886.89
2023-08-15,48.7437,18.8743,1173911487219.06,28557513693.77,601703136963.38,14544112261.94
2023-08-16,48.977,18.9401,1158906738926.79,29935482466.96,591308479189.11,17295233788.97
2023-08-17,49.0962,19.0692,1137568287868.92,34321985607.85,579065069656.21,19372899351.39
2023-08-18,48.7247,19.001,1064404161356.54,63377899625.17,545776894527.68,32251830172.17
2023-08-19,48.2274,18.9946,1051146223087.08,47531023493.38,544205251177.52,23508764231.95
2023-08-20,48.0801,18.9989,1056354911960.4,24779195648.31,548458813006.54,14147161519.9
2023-08-21,48.0018,19.0744,1061887440957.66,21753799324.09,552162204995.35,12717306007.01
2023-08-22,48.2552,19.0209,1053745017025.04,29284145639.63,545257887149.09,15912587747.03
2023-08-23,48.4504,18.7802,1046007630054.52,33084239848.12,539212551298.4,18579070327.64
2023-08-24,48.317,18.9571,1064882221991.8,34697011299.75,550363606758.32,17711639632.81
2023-08-25,48.3078,18.9288,1054311694140.14,27502627322.68,544997369809.42,14628119426.87
2023-08-26,48.2675,18.9144,1050573300381.91,27537097350.98,543487364639.89,15131881788.71
2023-08-27,48.286,18.8731,1048640170544.89,15142066308.98,542293496164.73,9107356961.86
2023-08-28,48.2337,18.921,1053098943196.97,16329890710.52,545150177713.33,9415904151.48
2023-08-29,48.2721,18.8665,1052892008490.65,24577299869.87,544639163144.49,13574736766.57
2023-08-30,48.9507,18.8542,1102884983370.28,52903434518.44,563015245391.22,23534651760.37
2023-08-31,48.9094,18.8615,1086855012886.33,31552475320.23,555280666076.34,15209014205.67
2023-09-01,48.2708,18.9102,1046144517702.37,37571352059.13,541162154694.3,17390381318.27
2023-09-02,48.3273,18.8307,1039655934927.76,33960057979.21,537218255483.07,16758184871.12
2023-09-03,48.3222,18.8762,1042569720049.44,21932761798.03,538776714309.19,11832332888.69
2023-09-04,48.4188,18.8277,1044553481554.5,19855263792.02,538793064801.03,10893135544.58
2023-09-05,48.2974,18.8217,1040971064456.37,24054019621.64,538209043261.88,13373472376.08
2023-09-06,48.231,18.8643,1041166631106.19,24778543297.08,539001645911.39,13684273832.93
2023-09-07,48.1895,18.8527,1040848209981.33,27029764183.92,539269172237.68,14277259380.6
2023-09-08,48.5181,18.8009,1053594075056.86,24167769182.71,542410208447.44,13077776178.7
2023-09-09,48.3306,18.8375,1044137912140.25,23561309545.85,539499638001.91,12744830585.99
2023-09-10,48.3396,18.8371,1043586526789.19,13440240267.55,539120617281.7,7958922523.34
2023-09-11,48.5997,18.7707,1035507857537.16,20279672156.4,532254412375.72,12380119109.0
2023-09-12,48.6729,18.5204,1007169395785.06,32530881578.69,516950828746.5,17930896364.85
2023-09-13,48.9142,18.6061,1029085048058.72,35423451439.22,525716046905.47,16765612867.07
2023-09-14,49.0705,18.5624,1041455228178.83,27302036656.18,530408271697.84,14230597643.21
2023-09-15,49.1329,18.5851,1052417682131.76,28414670934.81,535333915220.26,14602750585.38
2023-09-16,48.9193,18.6199,1059895167761.48,25608292082.29,541402199964.34,14126848407.15
2023-09-17,48.8503,18.5485,1059874488138.3,19496196198.49,542122761108.02,12095491226.76
2023-09-18,49.0559,18.5106,1054114116355.4,17607070976.34,537008918406.63,10832581226.15
2023-09-19,49.0436,18.5125,1063330646470.47,31127779684.52,541834728763.95,15512550797.47
2023-09-20,49.2221,18.3389,1077461946206.82,27278835522.59,547112157802.93,13471255238.03
2023-09-21,49.3078,18.1911,1072488425423.51,28082794439.47,543667572966.97,14801648100.17
2023-09-22,49.2154,18.1016,1052168523016.98,32352223636.24,534339111566.31,58980846757.88
2023-09-23,49.1232,18.1616,1054710914959.55,22126067423.01,536602782041.32,11547216319.49
2023-09-24,49.1253,18.1682,1054731717099.65,16244650304.88,536591758610.79,8840143428.45
2023-09-25,49.0422,18.2104,1043687188538.18,17995019275.53,531839946918.82,9801442437.08
2023-09-26,48.9578,18.2345,1047178228939.27,24689515114.64,534502314250.5,12691904267.93
2023-09-27,48.8935,18.3263,1045283965763.64,22702290381.43,534208369297.99,12716547434.42
2023-09-28,48.9863,18.3117,1048964411622.17,27303085450.61,535115725566.95,15584804188.46
2023-09-29,49.0688,18.5077,1073830375025.56,31004821037.08,546914568670.71,16925751953.06
2023-09-30,48.8385,18.6637,1074492624286.71,40311855811.08,549726479376.18,29915634978.07
2023-10-01,48.8356,18.6598,1076839086689.66,32436623763.63,550958505300.51,27105641391.02
2023-10-02,49.1235,18.7636,1110774639228.37,33129903900.2,565123102778.42,23624369752.87
2023-10-03,49.3464,18.3882,1087603651244.27,43833929056.94,550910794185.37,24040293528.09
2023-10-04,49.2992,18.3574,1085141311636.84,35973907826.5,550174853006.76,24567541360.27
2023-10-05,49.708,18.1649,1090762128883.91,28002070268.38,548566222412.56,16858079346.84
2023-10-06,49.6719,17.9995,1076484719293.35,26024174048.55,541774313750.2,14147045756.44
2023-10-07,49.7804,18.072,1095067311152.66,26479956729.31,549938856131.31,12987724931.39
2023-10-08,49.9148,17.9812,1093098548403.85,15736210617.32,547480981902.91,9183300345.33
2023-10-09,49.9415,18.0011,1091179431499.26,17993484538.15,546227921801.5,10076091448.71
2023-10-10,50.2774,17.7489,1070423866234.62,28659929370.74,532242080217.58,16652413820.13
2023-10-11,50.191,17.7052,1064750812935.9,23901300194.51,530342076681.4,13928083662.97
2023-10-12,49.8275,17.8994,1052280272133.4,27203644812.6,527955532393.06,13552696444.17
2023-10-13,49.9867,17.727,1044356785290.49,22468366832.39,522317033669.17,13075975212.95
2023-10-14,49.9193,17.7753,1050094148491.25,27421676398.6,525894628532.88,12256256445.75
2023-10-15,49.8339,17.7813,1051769112210.66,13946542632.74,527631035197.35,8558135593.61
2023-10-16,50.0314,17.6874,1059425864624.88,18364309175.51,529379791597.12,11265548573.64
2023-10-17,50.7984,17.5672,1095710203484.59,60535714366.94,539106998833.51,32698668182.61
2023-10-18,51.044,17.328,1086436130507.98,46588112216.24,531875795315.97,31716271390.21
2023-10-19,51.0912,17.3777,1082263475877.94,40508041359.24,529322485758.39,27784192275.06
2023-10-20,51.2516,17.2316,1094005072553.77,40993099711.61,533309722939.42,26544782962.84
2023-10-21,51.6474,17.2035,1121831459276.21,51089976603.22,542435183788.4,29553419074.26
2023-10-22,51.4203,17.2525,1135772003962.88,38310201989.95,551754394283.14,26769419702.66
2023-10-23,51.143,17.4764,1145025658169.76,40315072632.84,559424835620.52,29868940229.69
2023-10-24,52.5076,17.2651,1229974525135.45,69650080042.63,584145029469.89,31281458916.69
2023-10-25,53.0373,17.1958,1248180982644.24,83170507698.84,586179563602.67,38244472507.81
2023-10-26,53.3053,17.0099,1263748056115.35,51801603619.23,590103908089.56,26547970626.32
2023-10-27,52.9391,17.2207,1259755328202.72,47964994144.38,592852704971.53,28537003153.88
2023-10-28,52.9916,17.1345,1249435415222.27,37642422539.1,587339957890.53,21224975310.41
2023-10-29,53.0076,17.0147,1255780027773.15,24444477110.81,590121486125.79,14284209433.67
2023-10-30,53.0568,16.9896,1271072550582.4,25807550720.52,596682561566.23,14647531626.19
2023-10-31,52.7601,17.0475,1277029061226.45,39460377437.05,603267650353.58,22275239764.22
2023-11-01,52.8041,17.0383,1281992776894.48,40580055949.27,605047725543.67,24821843009.22
2023-11-02,52.8894,16.9758,1308678434166.76,53554876705.39,616526524100.18,31108074365.6
2023-11-03,52.8441,16.7705,1291414042107.93,50250607101.33,608978424465.58,29252441558.98
2023-11-04,52.4597,17.0469,1293261871779.75,41557961734.12,614820416991.71,24400208300.99
2023-11-05,52.356,17.0666,1309015796545.3,27906586640.41,623667081197.24,18345419456.93
2023-11-06,51.8582,17.2552,1320182625569.52,38262295253.18,635559539902.23,25849535370.55
2023-11-07,51.3431,17.1406,1333308694649.49,39648091326.31,648746397683.84,26955006273.96
2023-11-08,51.8445,17.0037,1335127572367.48,49256435921.19,642937203834.09,30421474061.66
2023-11-09,51.7341,16.8787,1346084005957.99,42168545573.94,649700066204.82,24873833804.4
2023-11-10,51.2729,18.2399,1398383575385.91,96163729885.64,681391968810.36,58405752199.91
2023-11-11,51.382,17.6149,1418844964727.99,69117600853.58,689813572907.16,46407455975.73
2023-11-12,51.286,17.4495,1414865971470.37,55155651521.86,689237187931.76,41231800302.24
2023-11-13,51.1702,17.3787,1415333472844.52,46268513172.43,691104976941.1,34723392692.32
2023-11-14,51.153,17.7252,1394265987209.0,64604877784.23,681057314372.67,45545403536.6
2023-11-15,50.9045,17.4438,1364502154648.59,65405333333.81,669908615402.19,41548800779.66
2023-11-16,51.4041,17.2028,1440170833742.97,67376307046.17,699864180227.3,40008175078.86
2023-11-17,51.1618,17.0751,1381335242906.16,71621942772.77,674619828705.96,45614667872.67
2023-11-18,51.4016,16.9436,1392113702451.12,61641466980.23,676545034952.49,39198142267.18
2023-11-19,51.4196,16.9755,1390730073576.85,40607308190.97,675622127703.99,28722221573.51
2023-11-20,51.4451,17.0393,1420313224272.62,38807583588.79,689632356037.99,25888787020.37
2023-11-21,51.6755,17.1547,1417560728672.17,55029365347.64,685029450837.62,34143234727.09
2023-11-22,51.7786,17.2251,1351079062227.38,66410016904.96,651509415954.75,41231302321.15
2023-11-23,51.5806,17.4979,1418535373207.75,59415066531.37,686846493588.57,35033708811.36
2023-11-24,51.4812,17.5099,1416271368894.3,39948340991.0,687157245491.58,25733527264.18
2023-11-25,51.5287,17.485,1431273819704.62,54210631246.48,693756529990.38,31288314003.0
2023-11-26,51.3514,17.4145,1439185469599.81,31220639691.41,700144205067.35,22121126635.97
2023-11-27,51.3557,17.3877,1426561110016.36,40656263052.68,693940681804.01,26910968942.53
2023-11-28,51.6473,17.2853,1410404031441.63,51966232264.82,681968958791.42,32962933356.41
2023-11-29,51.9648,17.3092,1423588669812.78,51267542363.8,683824256000.5,29572402931.79
2023-11-30,52.0983,17.1722,1421170963266.71,48539289994.2,680765430901.49,27810610348.33
2023-12-01,51.8418,17.344,1422813233503.07,42479582594.91,685200862203.3,24363523565.17
2023-12-02,52.1291,17.2905,1451579404781.26,50793444368.72,694884203354.48,27281091993.53
2023-12-03,51.9898,17.5349,1485069548685.56,42481035444.68,712984675871.64,26946266400.3
2023-12-04,52.1913,17.6035,1498312891719.88,44075804300.86,716324516263.41,28303834736.7
2023-12-05,52.9809,17.3993,1550068073028.41,95714033402.13,728827452664.64,55857249069.94
2023-12-06,53.8383,17.2182,1601656435248.47,80606214908.36,739352492414.43,44291273509.52
2023-12-07,53.9191,16.9057,1587619574933.8,77231711597.17,731590077301.13,47324381313.02
2023-12-08,52.8398,17.6812,1602895300033.9,71213191115.16,755927905147.99,43574353977.82
2023-12-09,52.6925,17.289,1640137689741.01,66671389101.46,775908685737.3,42250907432.7
2023-12-10,52.5407,17.2855,1628340641736.58,61781506150.61,772798596899.39,44412338424.66
2023-12-11,52.2445,17.246,1639844113351.76,44627330832.33,783115530956.06,31627414655.14
2023-12-12,51.89,17.1954,1555170606714.12,97464486356.76,748191857591.14,56833342523.82
2023-12-13,51.8981,16.9361,1563228562115.44,69514717258.5,751943328828.23,44733376250.67
2023-12-14,52.1714,16.8935,1608677425918.02,70160286457.22,769407101502.83,43365348922.95
2023-12-15,51.8103,17.1329,1625208845100.88,105054292786.84,783183543715.46,79474629219.53
2023-12-16,51.8605,16.8622,1582494624018.18,99526228660.57,761805560785.82,79886480906.97
2023-12-17,51.6779,16.7333,1599685273364.12,47379271774.47,773001714288.02,32993619808.47
2023-12-18,51.6233,16.8331,1568028389888.06,47526180366.85,758560974955.4,30845104422.16
2023-12-19,52.1696,16.6651,1599568036103.31,64592434078.85,765080071872.19,39368217108.61
2023-12-20,52.2187,16.519,1584407035121.43,60233140532.78,757050221585.18,37063082016.84
2023-12-21,52.5687,16.0538,1625478027741.18,69468687267.61,770986074075.17,41598573838.89
2023-12-22,51.831,16.2447,1656956943109.25,66237580785.93,798138766710.63,43786341313.71
2023-12-23,51.3933,16.6807,1676335969152.05,70942829263.62,814811700598.14,49914841292.47
2023-12-24,51.0832,16.5579,1676210411830.28,48938113761.63,819948004754.95,35429561716.12
2023-12-25,50.8396,16.4361,1656582894748.92,64524457197.07,814383228852.64,45690693877.5
2023-12-26,50.6382,16.1966,1686182449757.13,76648251979.4,832330520562.93,55534245577.73
2023-12-27,50.331,16.2117,1654251277637.67,81638929657.22,821650072651.33,51611193804.38
2023-12-28,50.0837,16.831,1699092662960.57,74943723670.46,848123732597.97,49679114199.85
2023-12-29,49.9761,16.8907,1670123853309.12,78922292937.41,835461582820.62,55931113968.92
2023-12-30,49.9243,16.7433,1651319430957.1,70807962155.44,826910165263.61,44807878006.33
2023-12-31,50.0225,16.6899,1650457252142.8,43629092637.98,824857453159.2,27613867695.0
2024-01-01,50.2434,16.6402,1647895239480.1,45890790502.08,819936648213.43,29493555742.86
2024-01-02,50.5456,16.5153,1711920394246.82,48834341831.19,846620369485.22,30403953838.97
2024-01-03,51.142,16.4428,1722002934615.59,81798818096.8,841335714749.67,42476318018.29
2024-01-04,51.2703,16.2277,1637244188137.75,116308696896.23,797823439017.4,69962479767.39
2024-01-05,51.4041,16.1957,1683933362957.3,74231853887.32,818323012865.74,43781552017.53
2024-01-06,51.7916,16.3219,1670815972358.85,73556752295.75,805473945783.31,41222638804.12
2024-01-07,52.1815,16.3118,1651760668915.86,45881164457.03,789847865850.69,29787923337.64
2024-01-08,52.6463,16.3352,1635454867091.54,47874661366.64,774448076293.96,28538952691.3
2024-01-09,53.2095,16.2081,1729897502023.57,86836407855.63,809427177359.27,44089870968.64
2024-01-10,52.9863,16.5202,1705891985197.72,84904697914.19,802002877638.05,45081851823.82
2024-01-11,51.664,17.5494,1769019931447.03,112210131304.42,855073441802.18,62091247923.58
2024-01-12,51.2,17.7413,1774422173721.75,106938283077.2,865917351450.46,61109353278.64
2024-01-13,50.1176,18.1118,1674602580778.05,99537952126.0,835332538679.66,56205035876.75
2024-01-14,49.691,18.3313,1689693799791.85,54364011990.57,850067555874.31,33763967159.04
2024-01-15,49.7217,18.05,1645890473684.53,48568967323.33,827526354699.05,31042909878.34
2024-01-16,49.7643,18.0262,1674078332753.98,56405252244.24,840985351108.73,34083993859.92
2024-01-17,49.7445,18.2918,1699949742503.76,58593142716.96,854318369686.02,34529814277.69
2024-01-18,49.7612,18.0485,1683643666920.57,55319956386.51,845842160544.14,34468208443.03
2024-01-19,49.603,18.1851,1630908410094.85,63084768018.95,821928549969.81,37866415673.84
2024-01-20,49.7512,18.2444,1639959782989.59,63855641107.64,824059547329.64,38103654852.6
2024-01-21,49.7462,18.0747,1642051980365.67,35417530928.59,825192946099.47,23830466517.04
2024-01-22,49.8443,18.0495,1634220237273.51,30221722660.74,819654135158.35,20878083841.05
2024-01-23,49.78,17.8459,1556200458260.09,69362799082.74,781523835905.73,38019685916.64
2024-01-24,50.3555,17.3541,1552061251441.3,72206307832.66,770513081256.45,42964394780.68
2024-01-25,50.3104,17.1876,1561892695798.95,53449482801.12,776097707454.51,31090871186.48
2024-01-26,50.4185,17.1592,1553151153442.3,47208330479.13,770074869492.81,28717193771.04
2024-01-27,50.8585,16.8999,1612314125133.8,57849734430.55,792315004583.86,32250805294.2
2024-01-28,50.8987,16.7949,1622950425700.9,32374020083.58,796889775753.95,20954311299.17
2024-01-29,50.9403,16.7626,1618249953970.65,42362491759.43,793907966584.71,25503739133.95
2024-01-30,51.0465,16.7423,1663411086072.74,50038660306.12,814298279314.75,29369820848.56
2024-01-31,50.9274,17.0312,1654099236635.1,57650543059.28,811709822317.75,33806666285.63
2024-02-01,51.2768,16.8425,1628623575395.08,60788770938.71,793518082972.33,36115407916.98
2024-02-02,51.3476,16.8253,1645573465455.66,52624229565.45,800611238371.74,31201397416.92
2024-02-03,51.198,16.7638,1654644834611.77,45739909474.89,807499590764.62,27136066435.56
2024-02-04,51.2095,16.7544,1647007757572.07,29518768535.87,803582537248.13,18349041310.56
2024-02-05,51.1573,16.8496,1632931794935.99,33241624743.13,797568494009.18,18439717018.85
2024-02-06,51.1363,16.8815,1636654079824.89,43911905092.17,799730519330.12,25196208852.06
2024-02-07,51.0551,17.2181,1655839211363.85,44152008380.03,810448236518.36,27353321771.72
2024-02-08,51.2508,17.1663,1696992917817.09,50643521783.06,827271238827.67,29516934008.12
2024-02-09,51.6457,16.897,1721113607773.85,57954458472.96,832233167235.96,31803348311.75
2024-02-10,52.0161,16.8065,1778770039518.05,77878473125.73,853523445694.31,38557534193.9
2024-02-11,52.1993,16.7364,1795914117772.02,41003465775.02,858460092166.21,24607330273.49
2024-02-12,52.465,16.6804,1806535731763.11,45439137951.37,858737357014.86,26121514567.32
2024-02-13,52.4016,17.0791,1870791944289.62,71263903655.97,890466423892.33,36746173185.91
2024-02-14,52.4409,17.0545,1861545364916.97,78236881415.85,885333785938.64,42647266869.09
2024-02-15,52.5338,17.2364,1936566880630.91,85859240745.13,919213854941.75,46753017452.76
2024-02-16,52.2246,17.3894,1952129892510.32,93803689966.05,932638084395.1,55237332198.82
2024-02-17,52.42,17.2485,1953276393460.69,72846308770.32,929368268179.02,44667243104.9
2024-02-18,52.2804,17.2622,1939867589085.9,60181687493.73,925696269170.7,40172443539.56
2024-02-19,51.9554,17.571,1969694654317.08,64182744937.96,946331173441.72,46584912245.22
2024-02-20,51.386,17.8821,1978226747854.8,68149540351.92,961696021132.94,46787770051.68
2024-02-21,51.5117,18.1798,1992573712300.35,91344467063.84,966165997185.48,57987287956.33
2024-02-22,51.6278,18.0998,1971740336161.7,80913912721.55,953773538081.59,52289934107.01
2024-02-23,51.3789,18.2091,1960266634598.79,76673944262.3,953103855017.64,51259706827.81
2024-02-24,51.3108,18.0828,1941517982381.92,66759133627.77,945308720814.72,45331831529.02
2024-02-25,51.1706,18.1691,1978931703345.18,49308164083.24,966300343016.56,34134982091.45
2024-02-26,50.7777,18.6936,2000679858530.21,52750989868.24,984779746610.91,37336902323.01
2024-02-27,51.3553,18.3191,2084913343439.5,85790849360.12,1014199226958.76,51715184430.59
2024-02-28,52.1897,18.1481,2147905041854.19,111940458402.51,1026919553477.7,62179389964.86
2024-02-29,53.6109,17.7688,2289759613158.26,175925228955.61,1062198742029.75,92680361008.82
2024-03-01,53.1198,17.7488,2262267045079.07,154815261549.5,1060555927485.83,89322518234.36
2024-03-02,52.6698,17.727,2328429668644.46,106180247399.15,1102049592007.06,65997580533.87
2024-03-03,51.9502,17.5306,2345448294605.43,93011989407.85,1126982114624.29,69123515722.95
2024-03-04,52.1961,17.6417,2376725934234.39,97597784318.7,1136167520209.96,71341721918.95
2024-03-05,53.3657,17.3412,2515541965737.49,170941712555.99,1173104800678.31,100265683066.2
2024-03-06,52.6052,17.9311,2382473149905.46,261866570378.7,1129169218930.04,159070026827.61
2024-03-07,52.0284,18.3796,2495816953042.41,179252017359.93,1197283964870.18,110506146568.04
2024-03-08,51.7033,18.2984,2543584754426.72,135817396708.15,1228468489002.21,88829108791.54
2024-03-09,51.9208,18.0881,2584406400510.68,153068139756.37,1242562184362.48,93868028483.8
2024-03-10,51.6677,18.0521,2604521486537.47,88482700400.87,1258826306320.34,66872441400.68
2024-03-11,51.9393,17.8522,2611405017260.58,110847085387.27,1255060248915.25,75153830650.3
2024-03-12,52.0166,17.9257,2724366347156.13,169351233660.28,1307242445914.27,103635461794.2
2024-03-13,51.9789,17.6874,2702455243821.11,162830942683.25,1297748999949.28,100278247707.9
2024-03-14,51.9266,17.3909,2766421242865.48,134539193347.49,1329911531705.71,86327682114.31
2024-03-15,51.7209,17.1849,2712374343100.34,164949314479.47,1309510558915.03,105352019784.5
2024-03-16,51.7269,17.0156,2638800135784.86,202673871649.05,1273831184013.82,124353502677.53
2024-03-17,51.6973,17.0357,2482336255824.97,143052508217.06,1199035981157.86,96183627738.45
2024-03-18,51.8085,16.8606,2593967840121.63,128707900338.64,1250072937486.19,83994784486.9
2024-03-19,52.2326,16.6192,2543180164476.73,134978436903.21,1214811915292.85,85716871858.32
2024-03-20,52.2039,16.262,2332165085284.75,188222137776.02,1114684067803.35,113996648474.38
2024-03-21,52.2743,16.5297,2553534036855.56,167795892705.42,1218691278630.67,101002457528.11
2024-03-22,51.6225,16.8128,2494253819480.45,120862353646.27,1206658137530.97,76383343317.1
2024-03-23,51.6022,16.4754,2431168688325.8,111392812338.09,1176631323061.23,69979188213.47
2024-03-24,51.5451,16.3877,2443224857298.82,74245811351.64,1183862171469.06,49510063576.74
2024-03-25,51.8834,16.2805,2547654020781.56,74750553044.33,1225845730371.64,47583119548.62
2024-03-26,52.0805,16.3331,2639960273520.6,110347353369.4,1265056995794.38,67648996814.59
2024-03-27,52.0332,16.2846,2645174287243.57,106990977340.48,1268806420804.47,70980709114.79
2024-03-28,52.2671,16.084,2612964988643.82,116659911260.97,1247243288134.18,75832287321.76
2024-03-29,52.2776,16.062,2662192649637.29,101656338413.21,1270462146570.32,67285480735.1
2024-03-30,51.9992,15.9498,2643541867940.1,86138137159.96,1268921639384.7,60906757937.95
2024-03-31,52.0752,16.0121,2630605390148.13,67661161029.18,1260713638325.7,50529157347.21
2024-04-01,51.9186,16.206,2702110380158.71,66064724773.37,1299211711707.68,46012754479.47
2024-04-02,52.2946,16.0528,2621751984020.23,104401487897.81,1250718557049.22,69528325680.94
2024-04-03,52.1493,15.9398,2469110490474.71,131737700307.84,1181487106431.8,81031605079.02
2024-04-04,52.2787,16.0148,2482939356244.87,101198779944.0,1184890838592.62,66751609357.49
2024-04-05,52.8032,15.6642,2552830574787.12,96902671048.67,1204855016043.64,62463377129.32
2024-04-06,52.8568,15.7807,2525250173369.25,95782588641.34,1190483808302.27,62033616321.77
2024-04-07,52.8315,15.694,2565997363251.02,62177110399.09,1210343678830.67,42209244343.32
2024-04-08,52.574,15.9746,2595923117967.1,63183450187.7,1231143477544.49,41980961529.27
2024-04-09,52.397,16.4935,2690115456643.2,97132434144.94,1280576251622.16,59872362757.77
2024-04-10,52.5234,16.2478,2590332383182.75,99161692210.25,1229802186166.31,62733811099.15
2024-04-11,52.8461,16.1863,2629244612586.56,96004098380.2,1239791708053.08,57684677799.19
2024-04-12,52.8876,16.144,2606519159137.88,79854552750.22,1227993755439.63,49699803072.16
2024-04-13,54.0436,15.9102,2446022444649.57,127961832566.58,1124103669572.67,83828266491.24
2024-04-14,54.8254,15.7413,2295029087077.94,156335648896.07,1036770184087.15,103442373274.63
2024-04-15,54.2351,15.8908,2386104470436.41,131235743503.22,1091999350797.91,82175993208.03
2024-04-16,53.9905,16.1041,2312536134625.53,114917318308.87,1063986634637.67,71323411043.3
2024-04-17,54.2952,16.0079,2314115029263.64,103439194443.31,1057661666903.89,60589280638.66
2024-04-18,53.911,16.0183,2237583484356.61,97029800847.01,1031278877040.55,55113357966.34
2024-04-19,54.0763,15.9224,2312087835648.24,85381487149.36,1061795523246.35,49374442518.41
2024-04-20,54.1493,15.8238,2321310734155.77,113515796090.43,1064338183221.52,63594758049.48
2024-04-21,53.5058,15.8546,2391289833671.96,62028256100.36,1111811824694.47,38930253305.37
2024-04-22,53.6288,15.8539,2383944533885.66,56538236066.74,1105464036566.98,36032410486.35
2024-04-23,53.7411,15.6981,2448876315429.2,72717474279.15,1132823322363.97,44433401277.18
2024-04-24,53.4884,16.0738,2444719597048.95,68873086373.69,1137077503013.54,44562161739.6
2024-04-25,53.3767,16.1611,2371015986187.0,85155293523.63,1105445193069.22,54875658560.54
2024-04-26,53.4126,16.2043,2377171562504.47,80341921215.47,1107461694656.42,48187969931.02
2024-04-27,53.508,16.2826,2346041034187.67,62712506894.43,1090721037139.83,38580072735.0
2024-04-28,52.9818,16.8422,2357067109046.17,56413070929.33,1108249775285.38,36880926388.35
2024-04-29,52.9245,16.959,2347932832710.39,50536955388.53,1105301895125.78,33200326640.09
2024-04-30,53.424,16.678,2353093636672.24,69182941183.56,1095976694890.11,42544291634.89
2024-05-01,53.4133,16.4472,2234609305389.39,90167587988.28,1041030636475.73,52326723802.1
2024-05-02,52.4211,16.5599,2188656460739.3,105693601082.04,1041337713559.11,57224654722.04
2024-05-03,52.6565,16.2311,2210508623713.37,75000422381.25,1046531690583.14,42300945471.54
2024-05-04,53.2774,16.0328,2325108015887.24,74793197433.6,1086349979352.09,41620153880.85
2024-05-05,53.5227,15.9248,2351104742384.51,54860177487.08,1092729734555.28,34240640461.79
2024-05-06,53.3944,15.9529,2361950003809.62,49878355034.88,1100802027203.86,31582047434.24
2024-05-07,53.3457,15.7733,2331942992513.07,73428276360.93,1087951380640.32,44726487175.51
2024-05-08,53.4683,15.7255,2295857550237.38,65536216914.51,1068301895924.61,39605264885.64
2024-05-09,53.2602,15.7846,2262486691395.08,66713750869.78,1057481395112.62,40631995938.25
2024-05-10,53.3589,15.6657,2327651559053.77,63860923900.02,1085642232833.51,38400663738.68
2024-05-11,53.2022,15.5278,2250668759351.94,68644656075.29,1053263420217.13,40840107284.29
2024-05-12,53.2143,15.5392,2250568869932.33,39921264046.34,1052944397381.21,26078719577.52
2024-05-13,53.4662,15.5377,2263903579689.51,35871621702.28,1053481470556.48,22069943621.42
2024-05-14,53.9647,15.4299,2296221656028.04,72814513782.48,1057073511710.98,44923935480.83
2024-05-15,54.0329,15.4222,2243947967000.46,75436102137.4,1031478459924.56,47249450100.4
2024-05-16,54.5738,15.2473,2391521965794.53,93133466995.84,1086376506125.14,53318152836.77
2024-05-17,54.5516,15.0166,2355764734038.59,81099494492.18,1070658093473.35,49540490977.56
2024-05-18,54.4198,15.3105,2427531663542.14,74900615607.4,1106474412259.49,46861510418.87
2024-05-19,54.2811,15.4427,2429296554607.77,51222827829.37,1110647986220.03,34521766953.78
2024-05-20,54.5158,15.4045,2395126595314.28,50739104392.35,1089405071027.1,31485267677.82
2024-05-21,53.8069,16.8201,2615573718092.34,114445563764.61,1208213921018.51,70587473158.92
2024-05-22,53.0587,17.4786,2604361294724.86,134744785277.27,1222522121412.41,87819131024.97
2024-05-23,52.9744,17.4613,2570965883244.09,99612466656.02,1209012395991.16,66809747600.27
2024-05-24,52.6568,17.8632,2541932883977.79,140417302346.7,1203432417385.97,98519943359.46
2024-05-25,53.0021,17.5744,2547610708503.64,89233008495.94,1197324319329.67,60036578210.6
2024-05-26,53.0431,17.5038,2573187323023.6,53254458320.97,1208289023456.39,37781915759.36
2024-05-27,52.7643,17.9665,2557829022721.66,58994734520.13,1208209251430.13,43362897149.22
2024-05-28,52.6364,17.9993,2597544972957.73,83891583207.14,1230291617993.66,58020681161.77
2024-05-29,52.4616,17.9817,2565726025170.29,96330445389.8,1219705658204.67,63609565596.49
2024-05-30,52.684,17.8879,2527402129678.35,83465570885.49,1195865628906.19,56754941835.69
2024-05-31,53.0807,17.7383,2537683768904.6,84594934988.34,1190662665350.1,55089193211.52
2024-06-01,52.7744,17.9248,2519825642968.84,76087028837.78,1190003737636.14,48699294243.8
2024-06-02,52.6545,18.0782,2534191856410.43,44005482579.0,1199826812564.72,32364084413.17
2024-06-03,52.8211,17.9691,2527418313923.05,60217613865.99,1192408491795.36,43111131630.05
2024-06-04,53.1059,17.7232,2553181907090.25,85079944489.48,1197292919082.78,52678006535.98
2024-06-05,53.1495,17.505,2616428352349.35,83061657878.41,1225810865097.82,49911751821.01
2024-06-06,53.0347,17.5775,2641855435511.78,87137675027.71,1240754990939.52,54327933053.66
2024-06-07,53.151,17.454,2624002542274.16,75183493516.51,1229320102766.18,49959742662.52
2024-06-08,53.6546,17.3513,2546857535177.09,106318544773.76,1180352327062.36,70127303890.35
2024-06-09,53.9207,17.4587,2533193929265.58,54597642423.12,1167278047090.25,40336273879.48
2024-06-10,53.8448,17.4654,2549432399899.93,48502937747.85,1176695026289.99,34969071176.58
2024-06-11,54.2512,17.4444,2525455364000.95,65904968653.08,1155366758869.47,45306122874.01
2024-06-12,54.4304,17.2395,2438116119633.84,94465545431.32,1111039086965.93,57348730816.49
2024-06-13,54.0922,17.1993,2486779961497.64,88956117378.54,1141626914031.52,54457602506.68
2024-06-14,54.3245,17.2065,2422127857891.97,73787958080.16,1106319905501.4,44833546897.47
2024-06-15,54.2257,17.4253,2399558954907.6,74939168323.35,1098380291789.19,47535297566.43
2024-06-16,53.9242,17.7089,2419640895422.37,46672913502.3,1114868644069.85,32551435883.73
2024-06-17,53.7876,17.8168,2442288500428.58,41936417632.67,1128640863962.18,28655075783.38
2024-06-18,54.5919,17.5705,2401046544002.34,79142808653.58,1090268438873.64,49134873533.74
2024-06-19,54.5436,18.0881,2354546170486.31,101393273225.89,1070292678845.71,61909323400.72
2024-06-20,54.1107,18.3891,2366746114029.34,62963090749.42,1086083579026.94,41859667245.02
2024-06-21,54.2113,18.2092,2357760699876.26,69594137950.28,1079587192881.64,43951583644.91
2024-06-22,53.9532,18.3551,2342469133752.69,68697862970.81,1078633052023.01,42511997351.02
2024-06-23,54.0702,18.241,2342749758265.42,35006004201.25,1076020943731.85,25147994693.05
2024-06-24,54.1414,18.1702,2300610267516.85,38257668625.89,1055026842023.77,27086175078.41
2024-06-25,53.2762,18.0481,2230520379018.54,98106598382.2,1042183308847.3,54957968849.12
2024-06-26,53.4598,17.8997,2279168197877.6,68632727854.96,1060728706032.28,39431273207.53
2024-06-27,53.262,17.9861,2251209730721.5,58370640294.24,1052171456305.3,35863231519.31
2024-06-28,53.0357,18.0762,2290527323716.67,59657917364.66,1075730537288.14,38426032087.25
2024-06-29,53.1088,18.1043,2239560907950.68,63114655010.51,1050157127974.11,38162004264.19
2024-06-30,53.3678,18.0195,2249710371399.39,36085948903.29,1049089802148.86,23432854276.76
2024-07-01,53.5727,17.8838,2306953889585.33,45106391467.36,1071055308385.12,27770926134.22
2024-07-02,53.6054,17.8828,2311916483553.84,59822087977.38,1072604677242.91,34357798491.97
2024-07-03,53.2311,17.8686,2297948619115.12,51160159438.45,1074724338807.69,31007766125.78
2024-07-04,53.4547,17.8308,2219313450381.92,73488992939.08,1032985206568.2,43732703495.27
2024-07-05,53.8598,17.6018,2086926699007.72,95335450955.79,962913013862.43,54167856675.48
2024-07-06,54.0287,17.3307,2068016542791.24,131734133940.11,950693464394.9,76322060754.72
2024-07-07,53.6949,17.2341,2140034481027.61,55973691381.12,990944872272.46,35362863011.95
2024-07-08,53.921,17.2409,2042484361089.75,54899595424.36,941155773685.87,34342592076.66
2024-07-09,53.5826,17.388,2086874335853.81,96137070559.0,968672318080.25,56371646941.93
2024-07-10,53.7796,17.3178,2127519693665.83,67761765505.45,983349126548.26,39910869018.05
2024-07-11,53.4371,17.4998,2130632979309.23,62508443511.16,992084150395.26,36333917439.16
2024-07-12,53.4103,17.6019,2117203596483.9,67665589952.3,986399472140.16,38957027825.05
2024-07-13,53.2807,17.581,2143136663028.72,60298089500.43,1001259085370.11,34693541016.75
2024-07-14,53.4629,17.4813,2184698034864.01,44592603514.51,1016696147487.86,27510407674.36
2024-07-15,53.6361,17.4509,2235487391543.43,53155204337.2,1036459583373.26,30931096995.66
2024-07-16,53.7916,17.6377,2377311440200.79,85500455679.31,1098518675845.45,47404338842.52
2024-07-17,53.9952,17.4156,2378159542460.7,97327557230.8,1094067446522.98,55712960555.85
2024-07-18,53.8769,17.3531,2347458349055.82,79356242246.1,1082720172074.42,46835734698.68
2024-07-19,53.8012,17.5593,2345729682270.61,69864805150.35,1083699671862.98,42626305113.97
2024-07-20,54.1749,17.3499,2429223937336.48,83941976631.53,1113195261201.55,46938243743.32
2024-07-21,54.1664,17.2953,2446305800507.15,52190548965.31,1121228876830.9,33160856355.67
2024-07-22,54.2109,17.1398,2480571182912.81,66252880041.53,1135832316123.95,39597047765.78
2024-07-23,54.6667,16.961,2438970748615.08,87254785296.84,1105666921267.7,44609015162.52
2024-07-24,54.1912,17.442,2400619048326.51,88025406742.96,1099694014218.37,52419066939.13
2024-07-25,54.4777,16.9395,2367659644777.78,67222812469.39,1077813690099.27,39752409319.29
2024-07-26,55.3367,16.2718,2345393393057.63,91814770075.53,1047530116630.75,53498415868.6
2024-07-27,55.3616,16.2711,2420506209109.66,68626009679.17,1080476091870.11,38136467301.93
2024-07-28,55.4316,16.1688,2415371874133.68,72217674805.18,1076493060317.73,37522402226.97
2024-07-29,55.5999,16.2359,2422253724674.67,44175426500.64,1075483722258.15,26134701267.86
2024-07-30,55.0149,16.6557,2396120180016.28,83123679325.34,1077898149034.06,42338154057.18
2024-07-31,55.0068,16.6006,2374705242028.52,67083108766.82,1068455399847.01,35702179071.23
2024-08-01,54.828,16.7058,2326133820855.18,69922216071.8,1050761143499.27,38618330504.4
2024-08-02,55.334,16.5233,2329935456276.36,88361161096.01,1040688920413.21,47374172700.51
2024-08-03,55.3128,16.3868,2191214261815.97,91751031090.08,979191855535.22,48689892622.62
2024-08-04,55.6989,16.2359,2149874157221.39,72872986825.29,952416988294.67,41127588076.74
2024-08-05,55.924,15.7527,2051299308403.97,77898599707.53,904130800524.69,46134036012.35
2024-08-06,55.8642,15.2435,1907676295786.55,246974908798.03,841967512068.77,137993021434.5
2024-08-07,55.9473,14.9663,1977319473550.58,107967649668.85,871063050111.08,58662101955.46
2024-08-08,56.0134,14.4989,1940974262187.04,97698170607.2,853767887819.18,56066125463.29
2024-08-09,56.4288,14.9529,2158778820012.68,98283397437.81,940606804210.16,52984656247.94
2024-08-10,56.6073,14.7301,2122501571994.94,73806306977.2,921010817511.96,40382993423.99
2024-08-11,56.5002,14.7442,2129065315217.66,41055786152.73,926139928364.73,25308139254.68
2024-08-12,56.4457,14.9602,2053476248580.97,55406204698.3,894376217247.17,32646838456.63
2024-08-13,55.6955,15.5731,2103681579522.86,83445264713.66,932024755907.78,46370701963.89
2024-08-14,56.1623,15.2637,2130183445477.85,66930736870.33,933824316502.86,36604747962.98
2024-08-15,55.653,15.3764,2082894307755.6,67731750970.01,923701309086.72,37768096414.77
2024-08-16,55.7072,15.1556,2039663236575.86,75051382920.64,903424260487.38,39370223750.26
2024-08-17,56.1999,15.0772,2068776806213.3,63712908469.27,906126191763.06,34364201544.97
2024-08-18,56.169,15.0426,2090410011920.08,35539366618.54,916248352227.0,21949997663.98
2024-08-19,55.7955,15.1917,2068731558937.02,44999813865.25,914472250922.35,27254466785.86
2024-08-20,55.8055,15.0758,2104286209496.39,60162454865.44,929979525124.65,34258236066.94
2024-08-21,55.6939,14.7951,2092105964420.92,68034564199.9,926929795799.89,36422944346.67
2024-08-22,56.142,14.713,2151071214186.33,67910483910.16,943416131720.59,35179329838.15
2024-08-23,55.6849,14.7384,2140944615895.16,58968878566.52,948761824867.09,31342523803.36
2024-08-24,56.0515,14.7318,2257815451085.0,86574458625.64,992275973365.87,44007277313.19
2024-08-25,55.9653,14.7146,2264200294830.6,59245728073.15,997033302697.48,37819818023.35
2024-08-26,56.2779,14.6547,2256397901581.43,52031370392.99,986545640636.48,33202673600.88
2024-08-27,56.3937,14.6536,2201246509885.14,65549489892.15,959881201505.72,37867193298.83
2024-08-28,56.309,14.1802,2085987150563.27,82868246537.2,911389042011.87,43763832933.91
2024-08-29,55.9813,14.6079,2082152431598.38,89070808304.89,916536463221.02,48788609376.7
2024-08-30,56.2013,14.5789,2086431434871.71,66675177391.47,913830275555.27,34449667793.78
2024-08-31,56.1117,14.605,2080581815978.75,68724335066.25,913132193283.25,36431527240.95
2024-09-01,56.2327,14.6005,2070839343078.55,31551858910.74,906351292099.32,19148331020.62
2024-09-02,56.3349,14.5343,2009407868097.39,52493141460.48,877409991808.38,27891585387.31
2024-09-03,56.2907,14.7232,2074078109093.68,58240498392.4,906565670712.12,31203483351.0
2024-09-04,56.4435,14.4965,2010418670748.81,56374571440.89,875667916265.75,29706493254.64
2024-09-05,56.4743,14.5375,2027297100460.6,74639685004.29,882394269746.76,39011103546.71
2024-09-06,56.1746,14.4275,1974526271998.48,62228922504.72,865343766381.1,31193162893.27
2024-09-07,56.0539,14.0779,1900955521605.02,99458218322.36,835395614879.01,50090502227.42
2024-09-08,55.7568,14.2645,1918138161150.91,44499826402.31,848645710096.39,25438415350.77
2024-09-09,55.7323,14.2191,1944195134890.39,43214527636.73,860651194494.77,24946232394.53
2024-09-10,56.0264,14.1167,2010843076815.53,70315200668.07,884239337904.25,35693825019.66
2024-09-11,56.0596,14.1536,2031024882697.5,59090233312.37,892440781121.71,30234963435.14
2024-09-12,56.1928,13.9702,2015741646724.72,71269216639.14,883040286786.29,34215218424.41
2024-09-13,56.1404,13.8945,2045329928450.0,64939814943.97,897072755391.74,31105897161.21
2024-09-14,56.5869,13.8969,2113952597260.69,66228812902.73,917732216401.39,33731181713.03
2024-09-15,56.5118,13.8743,2097498134906.21,40424402431.71,912163692337.02,23995970666.96
2024-09-16,56.8071,13.5637,2057410658749.32,44625319169.99,888655278465.02,26494883639.88
2024-09-17,56.7041,13.623,2027558160819.87,69121026054.71,877848736123.77,37090371574.51
2024-09-18,57.1998,13.529,2083060693121.4,73883273105.33,891553130688.15,35807128780.98
2024-09-19,57.3762,13.4351,2124664753083.19,82919461803.23,905612364035.57,41911225280.91
2024-09-20,57.1765,13.6398,2175120212584.88,89480599725.66,931462717928.22,46786999973.4
2024-09-21,56.7851,14.0186,2198584340003.1,82776052273.18,950116238721.97,47600640205.03
2024-09-22,56.3715,14.1662,2221582367264.55,44991499938.85,969243722145.47,30582273153.35
2024-09-23,56.7862,14.0389,2213827759436.73,54294134911.53,956678965714.02,34107554234.11
2024-09-24,56.2265,14.3218,2225346983560.31,78541441823.87,974112936102.81,47140765178.34
2024-09-25,56.2591,14.1481,2257772231906.25,74595604528.25,987570449773.34,44658121088.13
2024-09-26,56.2726,14.0033,2216998201365.29,65767791465.29,969436363167.06,40688882516.35
2024-09-27,56.3878,13.8718,2284040590283.76,86584923851.3,996119711759.32,49711960142.53
2024-09-28,56.1325,14.0093,2315963922823.78,79968173618.25,1015954401095.65,47907636477.16
2024-09-29,56.3107,13.9374,2312128500905.48,50097117212.17,1010152362788.38,34853152926.23
2024-09-30,56.2292,13.8767,2306181620068.54,50991304060.36,1009433247439.83,36200239286.42
2024-10-01,56.1202,14.0489,2229803903919.32,83851176981.74,978433373115.53,46737135849.9
2024-10-02,56.2534,13.793,2136953003242.0,115557490185.56,934844238002.2,65335622307.28
2024-10-03,56.7689,13.4844,2110770733745.94,92194673765.61,912509473866.12,51431199068.29
2024-10-04,56.9929,13.4261,2106577056233.18,83022148305.14,905977702478.71,46913417026.48
2024-10-05,56.8438,13.4695,2157919831897.52,69968058267.29,931276912766.89,40381700490.08
2024-10-06,56.8935,13.4821,2156377087100.65,39134337819.86,929539176111.19,25829307356.56
2024-10-07,56.828,13.4436,2184731052744.7,41910520986.21,943191217263.24,27133882328.25
2024-10-08,56.7962,13.4655,2165360275189.33,82089206773.05,935518584032.36,47829746798.11
2024-10-09,56.7049,13.5622,2165508168659.59,69453100745.22,937558059095.09,41321196182.77
2024-10-10,56.6185,13.4797,2114888906888.61,67754785718.21,917469876019.94,40083283975.9
2024-10-11,56.4506,13.5975,2110603716102.6,69535965779.63,919154967092.11,39082751156.3
2024-10-12,56.7188,13.4764,2177354952137.5,66984621163.97,942385045934.16,36653394833.67
2024-10-13,56.6981,13.5309,2203077262237.06,46712687173.65,953974899085.73,29969557278.05
2024-10-14,56.6712,13.5507,2192108898362.88,48214149945.94,949814864571.85,30035334766.26
2024-10-15,56.8389,13.7769,2297371509584.36,94910845937.04,991571893827.47,51204124670.78
2024-10-16,57.4001,13.5891,2309078971392.39,107860187482.33,983666214975.19,58995382524.85
2024-10-17,57.6043,13.5466,2320316457139.61,83302455868.67,983713831457.63,45106504181.64
2024-10-18,57.7655,13.593,2307153529591.12,72531164513.99,974414850703.97,39730368407.36
2024-10-19,57.7025,13.5665,2344156786785.66,77926074159.8,991520336495.22,41076698945.61
2024-10-20,57.5791,13.5845,2347331543282.18,42781991001.28,995758437185.82,28338168657.27
2024-10-21,57.198,13.8614,2385197146408.51,59020517699.49,1020911630405.54,40052079409.18
2024-10-22,57.0998,13.7594,2332371897529.42,85994754374.6,1000592569593.47,48497894551.14
2024-10-23,57.3079,13.5733,2324261428376.11,75808949173.77,992276129806.7,44001319905.8
2024-10-24,57.5139,13.2601,2291131104177.58,79420720703.49,973411442229.58,46999869631.33
2024-10-25,57.7814,13.0822,2332504889688.17,75114637983.59,984750743772.08,43698882324.45
2024-10-26,58.3698,13.0023,2256518029813.26,100281080763.84,939393968711.37,58808238234.87
2024-10-27,58.1199,13.0949,2280149860475.13,56721880610.26,954929937023.46,37157128266.3
2024-10-28,58.1475,13.0596,2310213765382.02,45717624593.94,966881770132.94,28995142147.97
2024-10-29,58.4768,13.0673,2364036805535.51,87291939750.03,981623907863.09,48492226446.9
2024-10-30,58.874,13.004,2442274861588.49,113292026883.57,1004408917995.32,54747101019.18
2024-10-31,58.85,13.1654,2430682184963.43,89825655386.71,1000225408619.87,49181163505.21
2024-11-01,59.0453,12.8811,2351531452195.02,87209654078.96,963062473782.94,46581742002.73
2024-11-02,58.9304,12.9713,2331728462827.88,97906599389.8,957632155731.44,47916082189.6
2024-11-03,59.0963,12.934,2319882521470.87,46462654022.78,948916735859.85,28276089719.26
2024-11-04,59.3318,12.9074,2291490609534.01,75138196433.71,931908835192.04,40272340037.82
2024-11-05,59.4298,12.7905,2256274212685.71,83405813335.08,915374445531.42,42218615943.55
2024-11-06,59.3953,12.6294,2309804334194.16,90880961605.68,937889538179.64,44821920994.68
2024-11-07,59.3914,13.0237,2518854265967.66,222983220758.89,1022871886560.02,104389298537.61
2024-11-08,59.9458,13.9242,2504380105336.88,139745495385.64,1003109846878.75,76278567464.52
2024-11-09,58.5569,13.7982,2585834661831.96,130499317033.6,1071649245490.75,75324227893.55
2024-11-10,57.6367,14.3101,2633943829411.79,101921587558.6,1115824565662.48,72903600152.55
2024-11-11,58.4617,14.1083,2722276314514.16,219211722905.84,1130786895962.86,136647987541.4
2024-11-12,58.7924,13.6176,2985151619830.18,280407001794.18,1230110802228.96,162431698023.03
2024-11-13,59.1519,13.2846,2942242979132.74,333939286102.43,1201849345244.98,200280891668.67
2024-11-14,59.9668,12.8699,2986605300921.9,311292374594.49,1195632715066.6,187736617214.05
2024-11-15,59.7018,12.7348,2893265721238.15,235694371502.32,1165932797288.55,148082097818.17
2024-11-16,59.8262,12.3576,3010795419540.48,200300090611.36,1209550848011.51,122060456103.8
2024-11-17,58.9781,12.4214,3037660380460.84,164930220643.88,1246106327265.67,120628364145.28
2024-11-18,58.99,12.2915,3013295825375.71,163656874217.17,1235753731411.41,117305544358.98
2024-11-19,58.3852,12.5951,3067134588352.3,198877120789.96,1276381742209.37,123304285826.72
2024-11-20,59.2093,12.1399,3086246487333.64,180916284295.85,1258902312054.06,106395939458.24
2024-11-21,60.0869,11.9088,3106477817930.27,176093678179.13,1239891016262.2,104360039619.21
2024-11-22,59.6425,12.3856,3266768156800.32,246628621638.45,1318385961529.24,140600661897.7
2024-11-23,59.0591,12.0963,3316915399425.73,214064299641.84,1357975161063.4,135593595382.12
2024-11-24,58.0248,12.2711,3334036945276.56,217655597975.19,1399467520279.14,173241044219.38
2024-11-25,58.0154,12.1259,3340351384919.09,200087860671.33,1402431595655.98,148371650022.81
2024-11-26,57.3123,12.7955,3213127046331.37,239757942129.01,1371609197127.79,158850379162.08
2024-11-27,57.3579,12.6244,3172467328924.79,225248765213.47,1352807751101.58,133627534112.71
2024-11-28,56.9557,13.2112,3333668213375.94,198431982649.16,1434954905605.73,127295783494.27
2024-11-29,56.9642,12.973,3323287594018.09,158595961980.78,1430201953522.43,106336430160.46
2024-11-30,56.7302,12.7286,3400297194886.94,166450714186.02,1471303443110.87,111480960166.98
2024-12-01,55.9609,13.0859,3411190371140.16,150960273480.18,1502258013121.99,119325147227.59
2024-12-02,55.5257,12.8918,3466836003440.1,162612250061.35,1541850394493.5,126015578820.96
2024-12-03,54.7365,12.6641,3465724388227.53,288571014779.49,1568708266981.01,215889254642.42
2024-12-04,54.1544,12.4293,3506787309735.75,286682251140.98,1607706051531.92,219618891588.86
2024-12-05,54.4297,12.889,3590416779173.57,284778253625.48,1636163848732.06,207559173886.77
2024-12-06,54.2491,12.8937,3541356395514.92,369472452977.86,1620202347925.42,216801601734.84
2024-12-07,53.9221,13.1587,3666504425640.29,261810071573.16,1689447139910.53,167273284907.63
2024-12-08,54.1553,13.1982,3651323373496.61,159075270544.96,1673939286990.3,114896555414.85
2024-12-09,53.9544,12.9982,3712940445460.34,148776448356.94,1709644789673.39,104570424563.33
2024-12-10,55.6324,12.9217,3465642120589.85,319454957155.61,1537622303482.42,208783837363.78
2024-12-11,55.6448,12.7207,3438231342620.71,312088874555.66,1525033609509.09,207260980720.55
2024-12-12,55.4727,12.7888,3610480945066.78,220977476583.03,1607649011995.03,135584417203.54
2024-12-13,55.0304,12.9956,3598529706326.72,213049922021.37,1618245557949.82,140977565879.7
2024-12-14,55.1509,12.9299,3641265145505.97,171591397120.84,1633074450176.23,114696425064.39
2024-12-15,55.6411,12.9187,3607060533474.7,136169357033.68,1600052601306.65,95784467212.78
2024-12-16,55.8634,12.8767,3699070084343.39,136660841482.76,1632642498126.62,85505331251.41
2024-12-17,56.4109,12.9048,3721464308632.09,220584859417.92,1622151425870.64,129573578661.0
2024-12-18,56.7497,12.6543,3702886479765.24,189223390430.57,1601510364621.16,120628954223.2
2024-12-19,56.9999,12.5432,3478746478546.05,246563049128.49,1495863037439.78,152676404638.56
2024-12-20,57.626,12.2919,3347912807432.93,279695999868.5,1418643318732.55,182492261250.54
2024-12-21,57.0626,12.33,3392045025205.56,307342602622.51,1456456504576.22,201713614351.63
2024-12-22,57.7511,12.0585,3333161232578.76,173182352206.17,1408224837939.46,121418918981.71
2024-12-23,57.4899,12.0549,3275157665449.97,135225799058.13,1392271864327.14,92073078212.96
2024-12-24,56.3265,12.3607,3330204205477.62,172395017699.65,1454416600694.93,107156308313.29
2024-12-25,56.7261,12.2144,3443448784766.45,133676217490.55,1490115857939.8,86563808899.71
2024-12-26,57.0358,12.2041,3448687737498.91,116542518215.12,1481702389834.8,82834827244.54
2024-12-27,57.15,12.1041,3315007830548.19,125826857466.03,1420482136436.71,78987083613.72
2024-12-28,56.7789,12.2112,3283624827657.58,132212632436.62,1419217956097.67,79792747097.25
2024-12-29,56.4627,12.266,3337384190449.78,83146890356.37,1453006307392.83,59043077869.71
2024-12-30,56.6932,12.3503,3267393362606.53,85913433776.13,1415002485990.23,56269364365.08
2024-12-31,56.4801,12.4482,3247898394633.62,140202669025.15,1413482956047.58,84014470251.48
2025-01-01,56.7671,12.3175,3258746507343.04,115220336975.45,1408851043312.52,71594425662.14
2025-01-02,56.3047,12.1665,3320489672657.69,85537859519.7,1450897089637.97,61015959749.02
2025-01-03,56.3374,12.2095,3405927430240.98,129650628919.13,1487115339018.12,83642146392.03
2025-01-04,55.5999,12.428,3495925745929.8,121703354054.28,1552194702651.35,86091822033.11
2025-01-05,55.5045,12.5704,3504945338235.71,92573950200.45,1559543167240.7,70232031021.4
2025-01-06,55.6628,12.5154,3498617459363.75,82666431723.72,1551187583236.69,62135636730.47
2025-01-07,56.3399,12.3602,3595363765063.57,133216589657.54,1569738688212.27,81437481970.24
2025-01-08,56.7933,12.0497,3380563758123.9,161158751592.35,1460631561618.18,102472476671.74
2025-01-09,56.6258,12.0549,3324489803269.58,169993862959.69,1441970990637.22,106116106196.87
2025-01-10,56.7404,12.0096,3229618490789.13,154724842219.34,1397118670771.14,91943072297.92
2025-01-11,56.8241,11.9239,3301102095312.17,147522058703.68,1425281800768.39,85470864307.64
2025-01-12,56.4512,11.917,3318364500460.98,73388446370.39,1445107666601.02,54524967127.12
2025-01-13,56.7167,11.9235,3300218680026.26,68690226545.9,1428443230875.24,47804595121.58
2025-01-14,57.252,11.5548,3270257202523.72,177509424097.33,1397970259031.63,104521693800.89
2025-01-15,57.074,11.5927,3350823804176.3,122357249180.36,1438374303503.89,68586171182.68
2025-01-16,56.3235,11.7613,3535019661394.52,154399593950.83,1543973381566.36,96566158778.28
2025-01-17,56.4343,11.3556,3510134503065.26,155841184441.28,1529215898307.62,102111512074.53
2025-01-18,56.4296,11.4512,3655480693951.43,169046953341.92,1592708014395.05,97384950849.24
2025-01-19,56.8622,10.9476,3638190132866.74,194132968104.8,1569433853114.32,143685436817.39
2025-01-20,57.3799,11.0813,3491688992644.81,307337808886.32,1488161104897.09,230533555666.05
2025-01-21,57.3344,11.2012,3527959268473.6,341184847367.11,1505226547209.84,214921491962.28
2025-01-22,57.7211,11.005,3643530974678.86,219618822937.04,1540443177362.7,130888308382.92
2025-01-23,57.4414,10.9223,3575509686929.14,142586785230.31,1521686931008.23,88709681345.4
2025-01-24,57.4712,11.2247,3583557277067.62,205681930796.46,1524045132670.43,101574513354.89
2025-01-25,57.8867,11.1149,3588317671694.16,136527614559.24,1511157965274.33,84142188057.02
2025-01-26,57.7389,11.1246,3593420557034.11,85025501839.14,1518617829152.38,61134518553.08
2025-01-27,57.9022,11.0963,3512866013502.11,83743654722.68,1478839559638.61,61193992735.8
2025-01-28,57.9842,10.9849,3489061617847.85,209574891215.78,1465956184861.83,120563434738.19
2025-01-29,58.4987,10.8032,3431419006241.1,120238304379.87,1424084415582.84,73062973859.94
2025-01-30,58.7658,10.7291,3497403781609.53,121632400444.78,1442125761759.9,74194521478.86
2025-01-31,58.1759,10.9693,3568224709032.81,108621722338.67,1492379286267.99,66703688128.22
2025-02-01,57.7038,11.3044,3516993057788.09,124232182849.05,1487555299724.4,78505582407.89
2025-02-02,58.5817,11.0361,3404785947219.02,93296537496.34,1410205657246.71,65536527684.09
2025-02-03,59.7831,10.6808,3237065223245.08,185765968881.16,1301845990280.5,122668445405.18
2025-02-04,60.0624,10.3838,3347044150619.95,362153467660.01,1336728280355.7,246752675228.41
2025-02-05,60.3659,10.2577,3211896616067.22,195093120103.87,1273007589099.57,122023514906.4
2025-02-06,60.3696,10.5969,3170964823563.68,126642637235.32,1256664753232.22,77482481616.26
2025-02-07,60.9692,10.3167,3140898658992.51,123101971873.01,1225916543130.07,77755132255.44
2025-02-08,60.9825,10.0758,3137762374344.57,134727100912.36,1224275423495.44,79109380516.18
2025-02-09,60.5815,10.0529,3156658483674.17,74665088014.43,1244308546224.61,52233025501.68
2025-02-10,60.6678,10.0485,3152772812294.35,86622684004.34,1240054513839.9,58921659373.3
2025-02-11,60.593,10.063,3187922451217.23,104552607006.16,1256264086727.2,64832938236.12
2025-02-12,60.2812,9.964,3148688017432.79,106623221698.39,1250620015201.58,69200191500.7
2025-02-13,59.9812,10.2014,3234606452886.7,129889869725.47,1294452301306.46,80572863200.02
2025-02-14,59.9444,10.0957,3195309929461.84,105357730234.84,1279901428987.41,68178802949.45
2025-02-15,59.6132,10.1343,3242462500405.79,106165408802.33,1309526895914.24,73470922044.76
2025-02-16,59.8564,10.0465,3232035644670.51,63674622511.77,1297456867849.62,46630074789.36
2025-02-17,59.7272,10.057,3191800094884.11,59069779871.13,1285428046092.4,42511621150.17
2025-02-18,59.6711,10.3935,3182099475264.11,93806021817.89,1283304647070.31,66459708312.65
2025-02-19,60.3199,10.2453,3141277235758.08,107293420731.05,1246460734415.18,70067993231.94
2025-02-20,60.118,10.273,3186823379381.67,83182996218.1,1270968359439.54,54513181681.63
2025-02-21,60.2324,10.2038,3237095123386.73,91726482162.05,1287315874632.71,60464701701.54
2025-02-22,60.3624,10.159,3157246552852.82,138640600154.03,1251455443984.81,88973658023.02
2025-02-23,59.9388,10.4313,3194694521035.13,73024001412.15,1279832596853.86,54681967950.86
2025-02-24,59.8519,10.661,3189407296499.41,68801769380.76,1280484961719.64,51836843011.66
2025-02-25,60.9141,10.1816,2977207640155.26,129521943878.71,1163667987413.62,85864678437.06
2025-02-26,60.0417,10.2718,2926200617553.67,205145277845.51,1169259084748.3,115743838009.46
2025-02-27,59.5722,10.0441,2799523154088.58,149767870583.33,1131785550113.7,86022245041.56
2025-02-28,59.7488,9.8908,2810724469054.45,122483345874.72,1131349044725.73,69311214928.78
2025-03-01,59.8498,9.6504,2794952485170.98,182228469930.84,1122178716733.33,98637571848.92
2025-03-02,60.2114,9.4324,2833440231117.95,80110155957.23,1127386833176.53,50881512134.1
2025-03-03,59.4301,9.6567,3145935962311.2,173165786091.94,1276303566736.03,114387810822.14
2025-03-04,60.5092,9.1723,2822210600612.19,174173054036.15,1114513930560.54,103653060194.0
2025-03-05,60.316,9.1255,2868032589798.71,167966722251.23,1138149428346.91,99987077109.3
2025-03-06,60.6374,9.1218,2963845654848.98,117722066115.9,1166647481354.47,66979473533.55
2025-03-07,60.6268,9.026,2942575723599.91,112154884668.33,1158585357672.67,64456321660.26
2025-03-08,60.4212,9.0677,2846132338534.98,141763100984.79,1126463858505.25,75398936011.15
2025-03-09,60.3264,9.3746,2833093956356.32,57434908422.42,1123989648384.62,39162748109.56
2025-03-10,60.3851,9.1795,2649816819071.97,84995818327.1,1049721820626.38,53885243620.97
2025-03-11,60.9068,8.7747,2558936833651.42,141377442955.02,1000371457705.14,87348005947.84
2025-03-12,61.3372,8.6438,2679998804426.44,139197309906.61,1036161579758.34,84513751520.34
2025-03-13,61.2047,8.4879,2711966393587.14,104520277857.92,1052116338715.96,64299890076.11
2025-03-14,60.7605,8.4883,2647509050533.26,91985857464.15,1038869690554.03,60543746070.51
2025-03-15,60.9407,8.4278,2733771554175.94,78843180040.93,1067793308999.4,49246673046.02
2025-03-16,60.6177,8.465,2760351361704.98,48616098191.6,1087089936399.42,34978945309.76
2025-03-17,60.8226,8.4526,2693217623381.76,61942728952.92,1055133416969.03,40630564995.42
2025-03-18,60.737,8.4654,2745435274756.97,72841625966.58,1077939474498.68,47905203649.86
2025-03-19,60.5108,8.5947,2711707476050.95,71974205496.23,1070832064575.01,47839381097.97
2025-03-20,60.6417,8.7341,2842050798568.89,101927386774.99,1118582468351.7,67132977712.64
2025-03-21,60.4843,8.6603,2760879877591.82,80447534922.29,1090979678332.57,51455367609.15
2025-03-22,60.6251,8.619,2750368289836.87,63264973923.65,1082955139200.79,44220739684.06
2025-03-23,60.4789,8.6856,2750136299498.24,42190220694.49,1086884690680.15,32326999915.53
2025-03-24,60.8461,8.624,2805913365720.63,50244017968.01,1098625315856.38,37616200360.35
2025-03-25,60.6446,8.7645,2863279147575.78,88560197889.71,1126856048708.19,54119711436.34
2025-03-26,60.5263,8.6988,2867131763166.54,77205197848.88,1131763414654.99,47230124571.07
2025-03-27,60.8286,8.5508,2834782213887.99,78152467350.18,1110424409532.04,51221621218.06
2025-03-28,60.8118,8.4917,2845132366870.99,73445897846.59,1114956115852.46,49023616969.92
2025-03-29,61.0687,8.3436,2741206846571.8,92252224980.42,1067187779185.32,58111017608.69
2025-03-30,61.2697,8.2407,2675468576833.92,59166242655.19,1036217440154.67,42191887962.23
2025-03-31,61.3103,8.178,2665255723028.77,49336236680.84,1031180730866.5,34585646988.29
2025-04-01,61.4073,8.2455,2667542682341.72,80330493308.13,1029475885112.53,51353137622.5
2025-04-02,61.6421,8.3841,2742142137874.53,77583995300.02,1051829120736.28,49448599536.44
2025-04-03,61.9144,8.1904,2644295755496.96,119528382473.49,1007097074837.57,71977606974.93
2025-04-04,61.9644,8.231,2662216496096.46,95277013760.04,1012589353181.18,58395115155.67
2025-04-05,61.9603,8.1562,2685795066701.58,104369755311.03,1021669697614.57,59208045062.36
2025-04-06,61.9717,8.1491,2674309952996.06,43141876234.49,1016995112378.23,28775376469.89
2025-04-07,62.5001,7.6602,2485869405665.09,94826732931.77,932198533020.54,58551584519.99
2025-04-08,62.7009,7.4793,2506456117484.03,206668712171.19,934885843043.09,115387678427.01
2025-04-09,62.5291,7.3388,2420957450085.37,110196076629.14,907155337758.67,61973424820.44
2025-04-10,62.3915,7.665,2626946878705.57,178875382658.79,987955597425.25,94838748291.95
2025-04-11,62.3548,7.2496,2533574147525.09,104565632309.52,953769955042.25,59848924608.13
2025-04-12,62.8249,7.1752,2635035024204.48,92244811444.01,979578221222.15,50618245570.77
2025-04-13,62.4635,7.3197,2710025730557.76,71748018243.3,1017248879153.63,47453346151.78
2025-04-14,62.6569,7.2673,2651914257272.77,78157302792.06,990306699517.62,49293716477.37
2025-04-15,62.8196,7.331,2671852379559.01,86678407608.93,993405170613.59,52606485150.59
2025-04-16,62.9578,7.2698,2637947431994.9,73697600984.96,977153699477.37,45651652774.75
2025-04-17,63.0587,7.1977,2645449093617.8,80926101688.44,977262983311.13,51679835785.11
2025-04-18,63.1502,7.1563,2669373250053.47,63159296202.41,983658674659.41,41522511345.98
2025-04-19,62.9509,7.2005,2663370088681.14,44678551821.39,986754339316.78,31950542672.77
2025-04-20,62.7918,7.2386,2689723413368.2,45722679255.57,1000798659046.35,30538102536.0
2025-04-21,62.9429,7.1321,2686531790539.74,48855810605.29,995551232606.95,34225918884.33
2025-04-22,63.5284,6.9713,2735184068666.69,91989075518.69,997564152456.06,50580180103.63
2025-04-23,63.634,7.2742,2915705611165.02,123404933206.55,1060325381660.13,67516560238.73
2025-04-24,63.4725,7.3969,2931025902543.43,117181690985.54,1070630451193.91,75421611643.68
2025-04-25,63.4587,7.267,2940262416387.24,91245031507.94,1074409383208.17,59707798840.04
2025-04-26,63.539,7.2859,2959859067146.07,106549580116.03,1079193710003.17,65609743015.77
2025-04-27,63.3053,7.4077,2969192395640.96,65632317925.63,1089536160148.97,48022461962.69
2025-04-28,63.3001,7.3555,2941512672805.8,60650412067.82,1079530975140.85,42557476380.94
2025-04-29,63.4169,7.3022,2975175235909.15,92205023614.91,1088411394775.2,59849053491.03
2025-04-30,63.4611,7.3616,2950185417932.73,77052797594.85,1077965427108.69,50616856809.44
2025-05-01,63.5229,7.3548,2944967064868.37,79492511052.04,1074239870216.32,51146110157.44
2025-05-02,63.7525,7.3866,3005742722444.4,82928583117.08,1089507748852.78,50051694887.49
2025-05-03,63.8073,7.3763,3016087433285.38,71226465132.69,1091603290380.91,44800154208.33
2025-05-04,63.8639,7.4258,2981403745766.67,48550366119.12,1077363836615.89,32777349701.65
2025-05-05,63.8009,7.4384,2935729267530.39,51135034066.92,1062708781776.18,32936340314.19
2025-05-06,63.849,7.455,2947183238128.65,67273959173.21,1065435551575.95,41561618594.12
2025-05-07,64.3098,7.3323,2989982517103.93,73774396334.84,1067131702147.49,47204087618.26
2025-05-08,64.383,7.3063,2993482192419.78,124043409424.15,1066189889224.29,47052233850.61
2025-05-09,63.5161,8.2517,3228661003151.7,162228657312.15,1177941738303.48,92342339555.4
2025-05-10,62.6355,8.672,3265491894823.65,174637758130.18,1220134865022.81,115976408376.59
2025-05-11,61.7123,9.2496,3371555312987.71,131504788923.11,1290891036607.27,89197913090.73
2025-05-12,62.1463,9.1151,3327829196151.48,129065852332.33,1259705245505.07,82832452621.4
2025-05-13,61.5968,9.0897,3315483887226.43,180686917309.45,1273250254386.98,117131245106.74
2025-05-14,61.127,9.5594,3384993704659.26,148864262004.06,1315849139627.94,96235362520.13
2025-05-15,61.5572,9.4312,3341132865123.04,127575048510.14,1284423477586.33,81235151215.25
2025-05-16,62.3222,9.3008,3306851935866.14,133125570906.25,1245950501965.22,82672110076.82
2025-05-17,62.3721,9.2923,3296202571544.31,109018019744.93,1240293317324.77,64661638203.78
2025-05-18,62.6841,9.1412,3269729880656.18,93708649277.6,1220130450129.52,55807538867.72
2025-05-19,62.8405,8.9644,3365862234590.21,122440977924.21,1250738291473.49,72537741204.36
2025-05-20,62.9163,9.1547,3334929360512.02,138337288635.66,1236716495660.37,76137954583.34
2025-05-21,63.1336,9.0662,3361605784601.77,107062008254.79,1239303479302.14,69970445147.86
2025-05-22,63.3104,8.9531,3441643763241.35,172915877576.77,1262724130345.09,94873779253.85
2025-05-23,63.0212,9.1351,3521198923414.85,163241461699.66,1302095423004.72,93146020731.78
2025-05-24,63.1658,9.0364,3375353066586.07,172245079173.61,1243284990671.99,104625549521.48
2025-05-25,63.1047,9.0009,3394107202665.36,95962508702.49,1252264358541.7,50049143937.22
2025-05-26,63.2434,8.9935,3425272030195.48,103453439172.3,1259012474579.25,55958132775.48
2025-05-27,63.4069,9.0259,3429916633449.51,103370553748.48,1255112024067.08,57837390665.49
2025-05-28,62.929,9.3403,3441420258700.16,132560042498.69,1275769454567.64,75098340468.63
2025-05-29,62.7853,9.4901,3411688276306.9,116705882803.11,1269648383120.69,67559980431.38
2025-05-30,62.7573,9.5025,3344158837150.71,135572077211.01,1245455030607.32,130179725744.19
2025-05-31,63.4427,9.3776,3257644725323.91,150209766209.61,1190905958195.8,92525199773.58
2025-06-01,63.4887,9.3219,3275399283271.81,102369694163.04,1195889616897.5,63351722923.08
2025-06-02,63.5764,9.2758,3302646623160.53,88111607455.88,1202944041649.97,50713547524.38
2025-06-03,63.3375,9.4744,3322372941727.33,105318828902.31,1218063759838.78,59526407922.58
2025-06-04,63.2486,9.4522,3313020619377.92,111737129534.39,1217582629254.74,65548340875.12
2025-06-05,63.2642,9.57,3290728491343.64,104637725601.77,1208873966326.18,60109235920.72
2025-06-06,63.6527,9.1974,3171640219646.37,137030274449.34,1152806842386.09,79988792885.3
2025-06-07,63.825,9.201,3250773613241.06,111686175096.3,1175967762511.72,62815767679.8
2025-06-08,63.7146,9.2555,3295079839234.35,85348922273.22,1195631825502.54,46977539342.63
2025-06-09,63.6821,9.18,3301947743973.64,89177750002.44,1199196697614.09,52488880918.64
2025-06-10,63.7291,9.4093,3440137021406.84,122300615404.95,1247769844464.42,65896816837.33
2025-06-11,63.1665,9.7923,3469534860205.16,144905293680.9,1277950461946.33,89723688714.25
2025-06-12,63.2249,9.7976,3417060495421.26,133670615315.03,1256625778940.98,82853353649.74
2025-06-13,63.4355,9.6392,3316178396809.45,127160863010.93,1212543909917.1,72381040791.0
2025-06-14,63.8481,9.4273,3303513358182.01,167117046235.32,1194283064489.16,97581642750.0
2025-06-15,64.0106,9.3358,3275383864728.55,82538151594.87,1178789747839.1,44522183697.8
2025-06-16,63.8318,9.3548,3287463042469.71,81507637580.79,1189016599171.4,44745424305.3
2025-06-17,64.0365,9.2548,3315140978188.43,123693969818.42,1192242241164.08,73336900805.76
2025-06-18,63.9744,9.3252,3250011514831.32,132023219344.45,1170835696973.01,75559965283.72
2025-06-19,64.019,9.3568,3257429809184.11,110796480712.41,1172056628666.61,63506366689.24
2025-06-20,63.9933,9.36,3252118162853.55,84905800849.17,1170979390617.61,47562672624.13
2025-06-21,64.3162,9.0988,3193619333281.39,115295735404.15,1139605327243.48,64321784381.6
2025-06-22,64.7368,8.8384,3138352601451.89,92339334420.25,1106683221284.59,54019174202.07
2025-06-23,64.9398,8.6998,3092059833701.08,144566501365.38,1084082519657.35,79029544805.84
2025-06-24,64.5104,8.975,3251422984478.75,145370532299.99,1153915450067.79,80156720636.85
2025-06-25,64.4476,9.0347,3272564487406.99,115907633538.93,1163476798190.03,67062971620.28
2025-06-26,64.9175,8.8802,3288731370968.22,109154726645.23,1153768970957.6,57506871523.95
2025-06-27,65.1177,8.9298,3266323067177.36,102512696862.55,1139370227427.34,58617674876.58
2025-06-28,64.9492,8.9248,3278624909730.19,97131729846.71,1149183049890.09,51783621719.74
2025-06-29,64.7124,8.9207,3297877117822.64,66379128693.18,1163743066480.87,36342957779.63
2025-06-30,64.5198,9.0368,3340390617686.81,79213143423.58,1185177569262.59,43660864759.75
2025-07-01,64.3824,9.0703,3309726866995.0,102305812622.83,1178845681110.36,59768139574.24
2025-07-02,64.6941,8.9384,3249064580818.2,97853901270.09,1147109917177.09,53811163825.41
2025-07-03,64.4382,9.2382,3359230686524.17,127746350750.45,1194604503836.25,71500639323.35
2025-07-04,64.4485,9.2455,3383128377207.79,116401514233.0,1202752551840.41,65912570914.07
2025-07-05,64.6629,9.1142,3322183505343.47,97314083570.83,1173964880526.67,54707140279.84
2025-07-06,64.6551,9.1275,3329243611099.58,65679146413.27,1176718400791.71,35064689199.98
2025-07-07,64.486,9.2134,3368903740745.58,82101595211.89,1196432472712.21,45813369722.16
2025-07-08,64.4749,9.189,3340490469840.17,101182692207.58,1186712659110.31,55764484413.34
2025-07-09,64.2632,9.3632,3372141459977.23,99809526761.02,1205096162295.7,56035658153.97
2025-07-10,63.9403,9.6587,3462715757240.17,134210140295.09,1248645269979.66,76296087596.89
2025-07-11,63.8418,9.8639,3613640884854.91,193145116248.24,1306629291502.13,97225796859.0
2025-07-12,63.7757,9.742,3665570910840.58,215901360946.25,1327826391037.82,129488574270.07
2025-07-13,63.8392,9.7087,3659383301005.78,120693905188.58,1323262354393.94,75182491884.79
2025-07-14,63.7605,9.6578,3716211159114.99,122706827701.24,1346736387703.65,73650409770.81
2025-07-15,63.6484,9.7121,3745815779140.9,297063806487.85,1361665540624.61,115313177975.65
2025-07-16,62.8844,10.1732,3725825731262.98,209240262381.13,1382862916858.89,111543374925.33
2025-07-17,62.1934,10.7186,3797747452611.02,195654443892.18,1435798500466.77,124066736487.33
2025-07-18,61.3959,10.8601,3864463609209.33,202847137744.3,1491839980530.77,142609169406.75
2025-07-19,61.0259,11.1352,3846761518959.17,245507308899.42,1499242129565.12,167560692384.98
2025-07-20,60.7821,11.2424,3859940982598.73,131641583294.34,1513788346188.32,84080763590.84
2025-07-21,59.9782,11.6609,3891487437183.71,179671114337.25,1557444499790.32,122192646171.2
2025-07-22,59.6801,11.6043,3914541031797.71,203672233598.52,1578339021405.89,133853573304.46
2025-07-23,60.0532,11.3829,3975636632856.58,219490951729.3,1588140800559.45,140279374309.17
2025-07-24,61.0286,11.3144,3872291607259.01,206846395648.84,1509084517898.72,140245207635.96
2025-07-25,61.006,11.5931,3860448257469.04,202459763682.83,1505344259784.03,129837713034.37
2025-07-26,60.5837,11.6435,3863480415856.83,224610104100.87,1522840890910.37,119743523988.8
2025-07-27,60.5204,11.6471,3877931493684.97,123026511607.07,1530991330438.01,74520582503.83
2025-07-28,60.1961,11.8462,3948544615623.41,140164426843.02,1571672842488.61,85484177807.76
2025-07-29,60.6019,11.8165,3873826505516.51,175973832451.87,1526214194187.31,110632039949.14
2025-07-30,60.6566,11.8368,3868437749046.61,172177478755.85,1521974726811.33,103721382260.09
2025-07-31,60.7898,11.9188,3857231591412.11,169988516378.55,1512427254303.26,101146216511.82
2025-08-01,60.9352,11.8055,3780087321041.26,163829760262.55,1476682189118.96,94482366559.79
2025-08-02,61.2459,11.4356,3681223544371.78,211187714740.87,1426625440756.88,119902780036.17
2025-08-03,61.728,11.2892,3627818740391.8,134865563143.77,1388437840077.79,77977523889.97
2025-08-04,61.3709,11.3979,3703975645932.46,106538229871.39,1430814193078.16,58443722704.05
2025-08-05,60.6389,11.8898,3776771547549.3,118300822841.16,1486578070784.63,82518763809.24
2025-08-06,61.0555,11.7192,3720352203083.95,146666065520.78,1448872205022.5,85655518858.86
2025-08-07,60.886,11.8267,3759963070600.88,129620515189.43,1470671622557.68,73255990483.75
2025-08-08,60.2129,12.161,3884377153423.13,163260312499.02,1545479287426.97,99186953511.04
2025-08-09,59.7298,12.4473,3888254278468.31,174127637251.13,1565806033275.25,114411953388.65
2025-08-10,59.0473,13.1048,3927105101686.92,157916204287.68,1608257003250.11,103938952069.62
2025-08-11,59.6591,12.8977,3980340328098.71,161383807766.26,1605703954127.4,96621110512.61
2025-08-12,59.9163,12.9348,3943808853058.7,214864335667.67,1580823185708.84,124342774082.3
2025-08-13,58.9044,13.6472,4060031322321.97,208784679151.96,1668493664461.08,135462037664.03
2025-08-14,58.8472,13.7515,4172149391652.69,244520534392.06,1716955637075.87,153637530503.26
2025-08-15,58.8495,13.7145,4004132426774.25,287210632784.18,1647720284896.85,183243818265.6
2025-08-16,58.9661,13.5267,3963573258872.9,194058123381.58,1626406897537.74,125964197758.62
2025-08-17,58.8529,13.4438,3973562525362.8,120552947110.1,1635004746271.23,72499303159.48
2025-08-18,58.631,13.5415,3988427090708.63,127530322364.43,1649973715281.75,81688229998.36
2025-08-19,58.9897,13.2711,3923496984498.12,194164417238.39,1609037727723.0,121392863163.42
2025-08-20,59.3228,12.9863,3786913651750.15,189877271744.19,1540409779694.6,117704430297.3
2025-08-21,58.5738,13.4717,3884119772887.84,184546966061.63,1609044015486.72,116026468997.03
2025-08-22,58.7533,13.3807,3810520784548.13,147195334224.23,1571714581695.2,89375881798.55
2025-08-23,57.5895,14.4298,4040858970682.4,245748611645.15,1713749464694.14,164000367883.58
2025-08-24,57.4676,14.4228,3997638084457.27,151380520201.56,1700291379396.41,96727906802.79
2025-08-25,57.1651,14.5985,3952051896250.28,200007749171.23,1692855824671.2,126481484979.9
2025-08-26,58.0185,13.9712,3779490353606.92,230429510799.95,1586686279442.06,144675635298.96
2025-08-27,57.4464,14.3312,3875088960828.19,188281805222.04,1648989314908.32,118877666150.15
2025-08-28,57.5426,14.1271,3849439690642.03,173365765044.11,1634371818493.53,111386093016.06
2025-08-29,57.5132,13.9689,3897230544082.87,161840758401.64,1655807233648.57,102501245404.03
2025-08-30,57.3532,13.9829,3763781119268.45,199681440424.94,1605132159022.3,121851282143.6
2025-08-31,57.3714,13.9798,3777244254407.55,120610489953.98,1610187809128.68,69123396390.95
2025-09-01,57.3442,14.0984,3758950865270.84,117896818454.78,1603410478084.52,69899927047.63
2025-09-02,57.8286,13.8426,3762088070214.27,173061948360.64,1586523436313.49,106059872685.31
2025-09-03,57.8243,13.6319,3830057403802.4,176584656133.48,1615354606867.55,101779311152.81
2025-09-04,57.6162,13.9122,3862052276812.46,149981002753.64,1636885169362.97,88849059270.5
2025-09-05,58.0284,13.6547,3800304306576.44,144858025339.47,1595048982929.45,84739699042.64
2025-09-06,57.8475,13.6459,3809690437352.44,163021076244.28,1605881098794.77,102816208623.34
2025-09-07,57.8583,13.597,3794143819617.98,77185980961.78,1598915174772.28,55280883482.16
2025-09-08,57.7037,13.5455,3836663835419.05,84794676622.46,1622765011763.72,60186143510.29
2025-09-09,57.5593,13.4075,3877964626711.72,140453607287.71,1645833459041.56,100323869107.85
2025-09-10,57.3952,13.439,3870761701942.21,151088280343.43,1649131997510.85,105101391776.14
2025-09-11,57.5844,13.3162,3942094066374.19,162162623480.29,1672062326205.95,105842551176.25
2025-09-12,57.4948,13.456,4001901923620.56,149620558090.15,1701016203935.44,103938466446.77
2025-09-13,56.8154,13.9814,4070516921201.28,173951302295.83,1757834454147.83,119190746563.62
2025-09-14,56.7359,13.8408,4071141488937.63,144149045856.46,1761341289078.29,109602519971.08
2025-09-15,57.0097,13.7976,4032044654711.0,129734731905.19,1733390008632.16,96934979367.65
2025-09-16,57.3892,13.635,4006446451887.87,170521375033.3,1707179715291.2,117574451096.62
2025-09-17,57.5188,13.4332,4046883226054.64,142237773441.32,1719162570386.22,96944029250.63
2025-09-18,56.9077,13.5961,4077209274237.12,188111014235.81,1756964782919.34,127584818438.13
2025-09-19,56.9472,13.5195,4097611382320.37,171555814979.4,1764137543670.82,122100271799.95
2025-09-20,57.2351,13.4008,4027179557845.82,137251023388.71,1722219301372.9,98422566118.33
2025-09-21,57.0694,13.3915,4040165764283.03,95684493569.95,1734468049105.11,72822085601.37
2025-09-22,57.1508,13.3623,4019479262530.72,104715579283.52,1722315920302.79,82214784456.41
2025-09-23,57.7248,13.034,3892285391346.74,235217896157.61,1645469909458.52,164561317292.61
2025-09-24,57.719,13.0017,3866807940007.29,158534002973.27,1634925996749.94,111368676479.11
2025-09-25,57.8942,12.8532,3900714237081.73,156619241744.33,1642427566629.09,108574663839.92
2025-09-26,58.3411,12.5468,3724052157508.57,245740991618.15,1551399089201.74,170196480102.39
2025-09-27,57.754,12.8694,3785100578979.93,188427990097.71,1599054452690.11,130663879268.62
2025-09-28,57.771,12.8223,3783381657744.54,100361144612.16,1597683920141.51,74057438369.0
2025-09-29,57.7738,12.9262,3868622810249.71,111808311929.34,1633572392843.74,78432789952.01
2025-09-30,58.0413,12.9607,3927591899491.65,177176921337.5,1647965221011.95,117702341134.27
2025-10-01,58.2793,12.8316,3899878206959.86,170101446884.8,1627056054235.16,111137407921.96
2025-10-02,58.313,12.9532,4054434829623.38,194134474126.99,1690170878297.93,122774249357.95
2025-10-03,57.9579,13.0578,4147788703177.12,204283433928.23,1743816652272.06,132408888463.71
2025-10-04,58.0396,12.9805,4198276257821.33,217884525773.72,1761615022818.05,133956203110.02
2025-10-05,58.4075,12.9725,4176964075761.32,118895585187.86,1737304797499.49,82123372461.96
2025-10-06,58.5459,12.9641,4203977685865.46,188382223415.84,1742720651577.55,114693705056.07
2025-10-07,58.1387,13.2302,4276096147344.24,203069961391.44,1790029900067.38,130948426629.4
2025-10-08,58.225,12.9241,4156729862708.31,232638702938.0,1736474593113.62,156471648923.5
2025-10-09,58.2586,12.9491,4219881862458.85,193057155783.26,1761436372042.95,127711272190.55
2025-10-10,58.5943,12.7389,4140370931751.28,211711221331.15,1714348043554.29,137055474726.7
2025-10-11,60.1327,12.358,3749317655375.35,417331388487.48,1494751205571.87,264177768719.3
2025-10-12,59.8352,12.264,3691252258730.43,296052259501.3,1482585431506.73,185311179045.09
2025-10-13,58.8017,12.8715,3902591403361.21,262597668722.59,1607801917477.47,168478077759.62
2025-10-14,58.3302,13.0081,3939084414401.06,234109459252.65,1641409520148.39,162468902507.03
2025-10-15,58.5948,12.9429,3847725242515.07,267487194252.09,1593158667669.66,175180424680.24
2025-10-16,58.8506,12.8239,3752771974745.55,204264857004.22,1544244342665.84,132164091843.67
2025-10-17,58.8603,12.8292,3664296743180.6,222364951392.6,1507480969498.18,135065077740.61
2025-10-18,58.9681,12.8512,3599873305696.44,245028901764.81,1477096979163.14,145326351131.86
2025-10-19,58.7614,12.9101,3637138018596.93,110794138685.79,1499903320229.98,73017615934.26
2025-10-20,58.8992,12.7555,3678341634508.39,135742396996.42,1511828940678.61,88092344160.25
2025-10-21,58.9732,12.8511,3738741078709.74,169099320694.49,1533885254666.62,105563519359.25
2025-10-22,59.0672,12.7813,3660221077917.81,229137936282.69,1498230823146.38,127718251530.88
2025-10-23,59.2247,12.6808,3623935438825.19,197278838912.11,1477670600531.63,116479668347.04
2025-10-24,59.268,12.5691,3703709473490.72,155527002516.8,1508593730043.97,100976025210.24
2025-10-25,59.1298,12.684,3744347471368.37,144348346916.44,1530322914178.22,96542228905.3
2025-10-26,59.086,12.6655,3767718805606.62,84273754265.55,1541525142857.16,59559705306.77
2025-10-27,58.9506,12.9573,3873674588309.92,123807275190.99,1590120850319.8,82148486542.09
2025-10-28,59.0789,12.9107,3851991443223.37,169984114696.53,1576275674569.94,108241312018.76
2025-10-29,59.3306,12.6602,3795223610355.91,172991008417.65,1543493838059.66,108888824838.1
2025-10-30,58.8832,12.6402,3727456158702.79,168775355737.64,1532612293056.57,106613612819.51
2025-10-31,59.2555,12.5981,3644635239380.09,186433740224.94,1484989243319.39,116764334225.81
2025-11-01,59.2483,12.5917,3687696202680.25,162383279578.24,1502798552452.97,102295013212.36
2025-11-02,59.2036,12.6108,3707325180562.38,88831043085.34,1512456972856.04,63013386490.97
2025-11-03,59.2448,12.6731,3723628148439.64,104021467218.44,1517570582161.11,69737291248.12
2025-11-04,60.1276,12.3025,3534206605351.27,212062696371.79,1409172833621.66,139223419727.25
2025-11-05,60.1201,11.7897,3368737767516.78,290948210234.43,1343448206667.72,179997715876.31
2025-11-06,59.907,11.9512,3458865996569.55,197660680881.44,1386764489539.09,120059035521.31
2025-11-07,59.9145,11.857,3371986733027.51,166736639486.24,1351677978550.06,103180515976.27
2025-11-08,59.2964,11.9268,3475899478372.93,222982440117.36,1414814708481.46,130823276122.26
2025-11-09,59.2883,11.9267,3441080584438.74,139677780571.14,1400921032608.82,88222331189.38
2025-11-10,59.2195,12.2617,3527376685155.67,145822784627.24,1438483137890.13,86171121749.5
2025-11-11,59.2666,12.0704,3567270051349.99,176675860282.66,1453069207677.11,107487176451.06
2025-11-12,59.491,11.9363,3454136912294.99,177369935688.4,1399235498519.6,106522716748.29
2025-11-13,59.24,12.0341,3423467037517.58,162043597354.67,1395404187662.15,97660975670.52
2025-11-14,59.4296,11.6592,3346329391947.81,219786929402.36,1357618677707.89,118264483461.63
2025-11-15,58.8293,11.7055,3203271709223.11,234817175345.49,1318810921984.91,120132684844.06
2025-11-16,58.7952,11.7892,3241911688566.6,103180573421.59,1335822898182.13,64724302460.32
2025-11-17,58.8049,11.6851,3195192164876.78,157104836334.0,1316261688032.22,86031348943.43
2025-11-18,58.7592,11.6771,3126931383746.27,203131673856.93,1289571568603.06,108929422895.89
2025-11-19,58.3588,11.8608,3177409320943.4,207665190806.42,1323112582370.28,106023124492.27
2025-11-20,58.611,11.7191,3113320924061.28,180909960424.15,1288571424400.57,100566273693.22
2025-11-21,58.2184,11.5192,2965135089214.47,205707205214.66,1238882222435.77,110849822855.38
2025-11-22,58.4373,11.4898,2904895832898.94,262183342152.65,1207353867211.85,133161977223.85
2025-11-23,58.3639,11.543,2894335861303.77,101140126165.93,1205088611099.84,60372503181.07
2025-11-24,58.6059,11.4412,2955026694506.42,122532435842.49,1223205892117.97,64279099152.49
2025-11-25,58.1036,11.7563,3031240619876.72,162468676225.77,1269980624740.53,87993307302.01
2025-11-26,57.8378,11.8515,3013140717682.51,140402884916.42,1270406672424.41,75626426011.46
2025-11-27,58.2653,11.7888,3099796507303.76,139920152857.87,1293691426363.83,73424350949.85
2025-11-28,58.5707,11.6986,3110368201688.38,118289959188.66,1288605047932.51,61194646046.36
2025-11-29,58.5733,11.8157,3097354048626.7,130062590231.39,1283132816915.47,69169837238.45
2025-11-30,58.7277,11.696,3086627556076.25,84158288425.61,1273921216339.12,46211639842.56
2025-12-01,58.7201,11.7561,3071711460766.56,84354417578.23,1267999997288.33,45850596769.43
2025-12-02,58.7584,11.5281,2931539712013.4,181784971722.91,1209014007708.27,93782455084.37
2025-12-03,58.9377,11.6979,3093030885993.87,156821898412.51,1270068328736.79,78265888367.88
2025-12-04,58.6235,12.0967,3181627825841.59,158576614193.74,1316446756602.8,81151389277.82
2025-12-05,58.7347,12.0832,3130735049271.67,134990550313.45,1291905760153.62,70454709867.34
2025-12-06,58.6388,11.998,3041893784254.5,135627956125.7,1258162898540.44,72233709356.11
2025-12-07,58.5287,12.0539,3043695850628.64,78629766912.27,1262259401215.32,40638571412.86
2025-12-08,58.8308,12.0445,3067794380088.19,104609886385.11,1262985983323.09,57162391855.59
2025-12-09,58.5777,12.2115,3088492345273.68,123122589868.5,1279324324364.75,65741946691.62
2025-12-10,58.4563,12.6625,3165260348352.59,147808606858.04,1314965132676.98,80934747889.85
2025-12-11,58.47,12.7726,3141462062831.25,144916697303.25,1304649038438.18,79516155478.96
2025-12-12,58.8375,12.4485,3138717203208.4,140955430663.96,1291974320527.48,76421278429.63
2025-12-13,58.7909,12.1467,3064936086159.75,146860462471.0,1263031747606.03,66574189157.72
2025-12-14,58.5981,12.2284,3075544208039.34,102053589995.9,1273333149970.09,37821523315.76
2025-12-15,58.4691,12.2741,3010235906439.55,96448069081.47,1250179460967.51,45938711404.44
2025-12-16,58.464,12.1242,2950968811410.86,118899883205.97,1225712951174.97,73337180821.76
2025-12-17,58.7923,11.9907,2982808459352.01,104463664213.13,1229146776097.91,63201009102.9
2025-12-18,59.1378,11.751,2908913333027.86,115169674942.15,1188647004887.05,71011323096.25
2025-12-19,59.2564,11.8501,2879542664557.9,130093541518.32,1173228716005.71,77428558033.87
2025-12-20,58.9865,12.0534,2981811194912.08,124314566536.95,1222945470623.93,77583842213.67
2025-12-21,58.976,12.0158,2990613320545.69,54411472214.62,1226869481275.87,39742649974.76
2025-12-22,59.0295,12.0858,2997407400024.44,68983001077.75,1228052562958.16,49164634217.82
2025-12-23,59.0177,12.119,2994312469900.24,103385813710.36,1227139503037.72,65339254663.05
2025-12-24,59.0224,12.0926,2957176632218.16,102088658647.57,1211779488751.39,58399405970.0
2025-12-25,59.1383,12.0186,2957884186914.29,75158900610.56,1208640648593.28,49615119124.27
2025-12-26,59.3462,11.9396,2934700277588.46,64300755845.82,1193068529471.1,44345939247.6
2025-12-27,59.1404,11.9801,2947572443450.84,97040599006.26,1204365123193.13,54585681279.59
2025-12-28,58.9539,11.9616,2973923395929.38,48195628249.64,1220678530943.57,34453273572.45
2025-12-29,58.9301,11.9555,2976710235974.97,52358732248.91,1222532159391.43,37200828379.77
2025-12-30,58.9435,11.9994,2951927310595.86,117125977919.13,1211957655822.94,68712655004.34
2025-12-31,59.0733,11.9972,2988937415573.34,90083989817.52,1223272694005.65,54493279593.77
2026-01-01,58.9858,12.0872,2962686913811.92,87825284543.53,1215122456354.41,53992043417.74
2026-01-02,58.9757,12.0527,3004534871630.71,60763165835.69,1232588723872.37,41914710645.56
2026-01-03,58.5264,12.2859,3069214747084.34,118434512841.52,1272914660437.1,72038196068.14
2026-01-04,58.5689,12.2122,3089360589368.91,67206026264.46,1279954767248.82,46426013674.85
2026-01-05,58.5183,12.151,3121302203496.37,80698829864.05,1294769461896.43,53923831388.23
2026-01-06,58.4391,12.1358,3208060885996.93,133240409078.8,1333298476245.82,79856849462.51
2026-01-07,58.229,12.3743,3214487569219.65,137384919078.81,1342723045395.63,84950887572.08
2026-01-08,58.3237,12.2238,3126397327476.89,110297322167.36,1302967126681.89,66836026760.85
2026-01-09,58.5242,12.0608,3106463656563.03,112093617884.01,1288430532805.17,69708231896.54
2026-01-10,58.5158,12.0451,3089606517552.13,97780395048.9,1281699869412.99,59473509061.49
2026-01-11,58.4788,12.0505,3087244401681.41,45505426812.24,1281859727326.72,33118974279.15
2026-01-12,58.4756,12.1307,3102959243476.82,58339682476.26,1288483676656.53,41174058996.51
2026-01-13,58.6883,12.0246,3103751137437.92,107121690382.23,1282210941855.71,65775784878.77
2026-01-14,58.6414,12.3481,3247757333484.21,137333657852.9,1343227827457.74,82352877653.77
2026-01-15,58.9718,12.3316,3283479128666.19,153765682434.14,1347153817993.56,93176362678.02
2026-01-16,59.0676,12.3896,3231735580943.48,129201591559.75,1322825899485.0,76117173122.17
2026-01-17,59.0675,12.3111,3230505135067.08,96789608709.11,1322326763889.72,63542098177.24
2026-01-18,58.9283,12.387,3224199088328.39,59037250962.23,1324232694445.83,43016404099.92
2026-01-19,58.9582,12.4839,3173322436541.21,68899775009.91,1302387680685.13,48084499338.35
2026-01-20,59.0704,12.2855,3130750940939.45,120236477334.26,1281405262255.57,81043693865.37
2026-01-21,59.1367,11.8759,2983907165594.0,140673192204.51,1219323265887.25,87668806626.76
2026-01-22,59.0726,11.8966,3022772747468.19,146424590620.46,1237143791165.11,90090085460.58
2026-01-23,59.2235,11.7951,3018034650925.23,99620652811.76,1230650360866.12,64070451561.27
2026-01-24,59.2154,11.8028,3019706207536.56,110344345214.97,1231573941930.9,71343497689.1
2026-01-25,59.1336,11.8211,3010541590050.43,53608532603.16,1230300184645.04,39049688461.26
2026-01-26,59.2585,11.6416,2919003314601.78,102101281264.06,1189246679871.1,66055023221.09
2026-01-27,59.0879,11.8348,2984538775089.33,119519166869.86,1221036759614.94,74189154759.56
2026-01-28,58.9068,12.0674,3022867412017.49,117064497915.55,1242192762026.1,78327427473.51
2026-01-29,58.9858,12.0115,3020556483515.94,104472125797.37,1238857737260.64,64619419215.6
2026-01-30,58.7564,11.8277,2875687027669.77,156961595857.26,1186037809655.7,92207980012.89
2026-01-31,59.1663,11.48,2841155122820.61,170679744443.46,1160148426614.93,98695165220.73
2026-02-01,59.0654,11.1014,2660524317026.48,180978003026.74,1089076026478.01,110495726084.48
2026-02-02,59.353,10.5656,2590179375124.41,140064859446.3,1052830439380.62,86800099455.15
2026-02-03,59.3776,10.686,2648043207932.09,207243386161.24,1075698391288.52,132101450295.61
2026-02-04,59.0594,10.5117,2559559718481.03,169163101986.87,1047898277978.45,100907037361.17
2026-02-05,58.868,10.4354,2479257387783.53,165877704079.23,1019768237853.14,98670063152.08
2026-02-06,57.9165,10.1564,2165376390515.56,268871243551.13,911266139431.44,143345552616.77
2026-02-07,58.7204,10.3696,2400781264841.82,259063111510.54,991033932988.25,144278267270.62
2026-02-08,58.3231,10.6228,2374499382435.29,148521174713.63,989617481518.62,86176213815.38
2026-02-09,58.7483,10.543,2390772306664.45,89356096829.7,986233570996.22,49621821923.19
2026-02-10,58.6644,10.6286,2389099143159.16,117123248524.14,987548992200.0,65133626496.39
2026-02-11,58.7084,10.4096,2342019545304.21,98367408888.61,967058341718.03,57778577414.4
2026-02-12,58.5552,10.2421,2287353016865.78,115219192597.5,947989503945.1,65466689180.42
2026-02-13,58.1676,10.3253,2275136543637.08,103392850398.92,951745350683.32,58676283008.45
2026-02-14,58.4235,10.4939,2355867536230.18,96735550296.98,979486750610.5,55918867192.21
2026-02-15,58.0978,10.4877,2400255908414.88,84112476525.57,1005760925430.43,48097861544.02
2026-02-16,58.4728,10.0888,2351359325805.8,110448343528.66,976454781455.06,70256135484.57
2026-02-17,58.2925,10.2128,2361037352302.79,85502557076.49,984729276972.09,51883416206.3
2026-02-18,57.9461,10.3259,2328042922228.27,87687984066.52,979032205746.52,52766328306.91
2026-02-19,57.9903,10.2993,2290230419094.46,82750968402.52,962118453461.35,49657181128.08
2026-02-20,58.2124,10.2254,2299600581997.44,77789573607.96,960947711397.54,46298454502.2
2026-02-21,58.2733,10.1849,2332894416878.06,103595062645.11,973440698617.86,56086797672.05
2026-02-22,58.2659,10.209,2333014242991.92,52441277099.53,973661559774.4,34085707300.31
2026-02-23,58.4373,10.2088,2314274534973.84,49466536618.87,961874038116.51,31569694533.91
2026-02-24,58.0576,10.0634,2225518171446.21,115501385951.95,933436312488.56,64362429035.47
2026-02-25,57.8675,10.1005,2213549044343.99,92071655380.71,932622967540.91,51216244142.77
2026-02-26,57.9181,10.5718,2346452096651.67,126676168986.89,987431302966.93,73046791392.07
2026-02-27,57.9748,10.5141,2326893457092.33,104282252961.48,977880943348.24,61293848419.38
2026-02-28,57.9767,10.2545,2271948950710.83,97314040428.0,954748435746.46,57030664761.11
2026-03-01,58.1458,10.2941,2304037439470.58,102407056705.14,964336437205.97,60372575561.59
2026-03-02,57.9156,10.3107,2270028628658.73,100208703972.67,955328992210.59,59464447619.53
2026-03-03,58.4597,10.3972,2353233659996.14,127249408045.28,977540447741.08,70551194213.27
2026-03-04,58.5303,10.2545,2333680512743.56,113100447428.66,967770597810.35,65153527512.71
2026-03-05,59.1958,10.4511,2455986104085.64,155254645778.52,1002146549751.55,80173676171.44
2026-03-06,58.8972,10.3957,2406044730645.46,111679151937.16,988951524799.27,60501460937.37
2026-03-07,58.5263,10.2576,2328054756450.63,96288970822.43,965530952480.31,52517149179.88
2026-03-08,58.3604,10.312,2304947749107.55,55500143083.5,959770928119.26,32243210457.59
2026-03-09,58.1218,10.2975,2270115604214.35,75155532368.54,950683184878.84,41958706242.49
2026-03-10,58.544,10.2939,2337499887152.53,108743480148.8,969033135312.65,59238538577.87
2026-03-11,58.776,10.3301,2380086793505.14,114831821515.66,981166774469.83,60826424901.2
2026-03-12,58.7023,10.3538,2392060343614.59,99042740510.16,987866369529.53,53804846451.4
2026-03-13,58.6906,10.4158,2402712055027.06,95642849028.47,992544776456.13,54771509863.41
2026-03-14,58.7378,10.4517,2416336264579.12,133610216933.08,997033638124.36,72442868669.66
2026-03-15,58.7661,10.4403,2423903250372.04,56565868132.69,999469318121.4,34282390078.76
2026-03-16,58.826,10.6183,2475733149082.16,71747227317.25,1019358243434.64,43749486191.04
2026-03-17,58.5796,11.1016,2556327401344.12,141022295063.7,1058841168738.12,85451125680.65
2026-03-18,58.4988,11.0675,2528135919069.45,115375647270.0,1049207254477.33,65867450089.71
2026-03-19,58.3076,10.8803,2444340754170.12,111146167690.46,1019103812431.16,64921649494.44
2026-03-20,58.2034,10.7365,2402862731735.62,105176508223.04,1004315773498.37,60545849725.08
2026-03-21,58.362,10.719,2417008969944.12,89063741072.33,1006393543508.29,50773672335.5
2026-03-22,58.1525,10.6095,2367252863106.9,51189301598.43,990636749441.49,30062805456.2
2026-03-23,58.0662,10.6021,2337308374320.64,74978674405.1,980122065883.07,44880433662.9
2026-03-24,58.4511,10.7035,2426522821630.58,124726403123.08,1008193683662.87,73221023039.55
2026-03-25,58.349,10.7618,2417642258268.2,95659652802.62,1006971535581.53,55480626118.23
2026-03-26,58.4225,10.7175,2441585324140.87,87676550779.9,1015150505013.08,52267050463.98
2026-03-27,58.3307,10.5364,2358801733778.56,93245872627.93,982896924478.77,54282611253.97
2026-03-28,57.9639,10.4956,2290037061438.48,100849309238.08,962642795024.83,54367264053.27
2026-03-29,57.9106,10.4967,2291589340168.25,52390550786.89,964515436588.72,31466022210.22
2026-03-30,57.8964,10.4974,2279499711125.01,54318895460.3,959752381422.92,32671780424.26
2026-03-31,58.003,10.6148,2301333098946.08,88721282138.69,966490818901.75,51026177386.77
2026-04-01,58.1975,10.8272,2345871850149.12,99801061877.86,980633328450.84,56802591736.03
2026-04-02,58.0117,10.9932,2348541924002.81,93278546832.66,986111943160.98,56817171775.79
2026-04-03,58.1008,10.7751,2303738300226.11,97407802976.57,965248363502.96,58080041574.18
2026-04-04,58.084,10.7472,2306147704170.02,59592298894.33,966644496473.93,36777915045.38
2026-04-05,58.0873,10.7522,2318250643816.9,44130005627.51,971641457420.01,28250462283.39
2026-04-06,58.4894,10.784,2360161314748.85,56293830933.53,979716343340.71,33320141273.16
2026-04-07,58.5454,10.8067,2353816237677.66,91804299363.63,975765070721.4,52261408813.91
2026-04-08,58.7047,11.0291,2452418042126.31,107549855877.7,1012732636680.13,62898923976.41
2026-04-09,58.8573,10.9319,2417860235358.74,102130642915.51,994773263040.13,59689457109.28
2026-04-10,58.9868,10.8514,2435400628513.6,93725019364.92,998836920172.85,54924062215.5
2026-04-11,59.1501,10.9745,2469200620759.58,99348099625.57,1008666942344.91,61626053332.52
2026-04-12,59.0471,11.1385,2476315972549.09,72423026352.99,1014122729607.32,49136790554.03
2026-04-13,58.8005,10.9855,2408226487937.34,75889437382.64,992176763823.08,46007318576.88
2026-04-14,59.0885,11.3411,2522246699219.07,116615554405.32,1031889111538.69,64335037859.93
2026-04-15,59.1771,11.1756,2509003792463.73,156313384404.94,1024249008371.35,102774852591.48
2026-04-16,59.1553,11.251,2531413658600.72,132540939640.89,1033948845111.58,94450431925.36
2026-04-17,58.8656,11.0914,2555696804792.52,152063229025.18,1051271249122.89,110751503999.43
2026-04-18,59.1738,11.1987,2609181803991.12,175737309975.42,1065229223946.64,121598101504.67
2026-04-19,59.3544,11.1102,2553835239177.74,119941767425.53,1038020887888.97,93928806919.76
2026-04-20,59.2437,10.9528,2494934725428.5,125226986402.94,1016844185378.71,94294934969.12
2026-04-21,59.5635,10.9571,2549700499846.87,143239222439.11,1031008653329.45,103565092131.25
2026-04-22,59.6048,10.9561,2564248543217.03,132812492740.4,1035833994085.24,96358596923.38
2026-04-23,59.9697,10.9831,2610474995048.88,153159227771.81,1044982111852.06,104827752792.14
2026-04-24,60.0894,10.7907,2607747464829.18,145436855836.39,1040768539941.5,105090654318.88
2026-04-25,59.9157,10.7986,2588159839378.11,132755908140.27,1037446438344.63,99971682405.0
2026-04-26,59.9978,10.8058,2590201307560.45,98340939748.37,1036138506593.08,81639492158.91
2026-04-27,60.0425,10.9046,2623120725227.89,105813368650.73,1048132156372.87,84329301735.52
2026-04-28,60.0384,10.7737,2580083139361.93,141380491667.22,1031043199008.44,103245967199.23
2026-04-29,59.8556,10.8189,2553807030321.88,119150659303.05,1025210090372.24,87094059288.74
2026-04-30,59.8359,10.7249,2535273210987.7,138991149954.67,1018268821746.29,97531664556.63
2026-05-01,60.0353,10.7003,2544943244677.18,122132606594.0,1017078390174.99,92634539047.11
2026-05-02,60.3784,10.6812,2593241053229.18,131594709547.81,1027483308453.6,92428371661.87
2026-05-03,60.4187,10.7236,2606994034907.71,90283275543.91,1031880965598.94,73526342518.22
2026-05-04,60.3608,10.7564,2605472227794.47,94293269792.0,1032787612110.75,73748024625.28
2026-05-05,60.5702,10.7319,2638846176828.43,169914137705.88,1040491172899.02,115592183326.7
2026-05-06,60.5409,10.6461,2676466285954.24,145740607836.76,1056108580453.35,106041549663.67
2026-05-07,60.4407,10.516,2697883510640.86,154228720016.31,1067264108571.0,112476796908.86
2026-05-08,60.3362,10.4109,2655783201562.67,140816374676.55,1053385228898.97,163885181522.4
2026-05-09,60.0308,10.4086,2675049580817.23,96636527651.12,1069195458965.91,62847981772.69
2026-05-10,60.1535,10.4554,2685463231291.39,63141179913.23,1070062579725.43,45038646223.55
2026-05-11,60.1625,10.4558,2734766909991.24,88191883389.77,1089463770137.03,61223116107.45
2026-05-12,60.1544,10.3761,2720943662604.91,91432944989.05,1084176824990.1,59023984974.55
2026-05-13,60.1625,10.2461,2679082987828.19,87671766735.68,1067278525247.89,55485655143.93
2026-05-14,59.998,10.295,2646588235842.2,93672631636.92,1058688490488.47,59597506411.37
2026-05-15,60.2425,10.2177,2695026436853.4,105773258619.31,1071474719297.56,62041686740.46
2026-05-16,60.1658,10.194,2632157588765.3,96509231550.89,1048497639244.91,58326425565.33
2026-05-17,60.1942,10.1195,2599699928514.64,65558649851.33,1034832382771.61,39662872123.21
2026-05-18,60.2516,9.9817,2573828230574.09,57065924330.68,1023054885448.68,36163132768.99
2026-05-19,60.114,10.0179,2564248072727.97,100202338712.23,1022774831643.27,58684362115.55
2026-05-20,60.2126,9.9725,2553453440138.83,70080826675.31,1015953445431.07,44049030652.15
2026-05-21,60.1647,9.9534,2579317177822.19,75691936284.41,1027478836055.36,48953438352.96
2026-05-22,59.9798,9.933,2589823180309.06,80066673817.35,1036451805542.12,52925372598.89
2026-05-23,59.8595,9.8628,2525702422897.51,79851239254.97,1013828767719.78,51929788519.91
2026-05-24,59.9206,9.96,2563132063824.95,80932213661.56,1027289129719.84,50965668007.3
2026-05-25,60.0834,9.864,2566624473248.23,59930319182.34,1024510124697.79,39357483396.64
2026-05-26,60.0261,9.8788,2579108875863.71,63672949547.84,1030969451243.55,43864045232.8
2026-05-27,59.8726,9.8502,2537380279586.97,95801714921.59,1018184711714.91,59726744467.41
2026-05-28,59.7148,9.7841,2494110418135.96,88507992545.82,1004757349349.85,54644160829.25
2026-05-29,59.6052,9.8008,2471704057218.53,100932002319.54,998440971281.96,60783596136.24
2026-05-30,59.476,9.8234,2471692542303.36,89619325334.18,1001629462331.66,55084629027.16
2026-05-31,59.298,9.7785,2492142106415.57,60420493223.47,1014352113831.74,40861234322.63
2026-06-01,59.2305,9.718,2488888162967.24,58256214746.94,1014706136051.94,40801325104.09
2026-06-02,58.6363,9.9209,2437223359354.95,111676315856.1,1008125810874.81,68299562868.42
2026-06-03,58.0881,9.7457,2300212605026.85,129507676340.47,964063864736.67,74538674812.53
2026-06-04,57.3313,9.768,2237946263880.01,124511765298.87,954903249173.79,77099002576.04
2026-06-05,57.9126,9.6716,2207931253100.38,145820894025.94,929259942150.89,81990980353.96
2026-06-06,58.1748,9.0895,2100508271053.51,170408905760.01,878541718639.68,98831760362.3
2026-06-07,58.2034,9.0348,2095567529990.77,82554271665.47,875876684888.05,51596464428.32
2026-06-08,58.2393,9.3566,2177252270206.05,84770964184.35,909235114460.33,48761262893.36
2026-06-09,58.1216,9.3773,2175066240501.42,88094734740.6,910882589862.55,53957109397.5
2026-06-10,58.0509,9.288,2128413723824.95,90795386813.48,892849640671.67,50650709591.56
2026-06-11,58.2979,9.2563,2112501235963.05,74665250032.66,880957305983.99,47169656203.27
2026-06-12,58.4698,9.2621,2178294183422.07,77601686072.6,904650297152.87,48284146079.4
2026-06-13,58.5673,9.2417,2174442338532.04,72791448188.8,900929352791.69,45909799197.62
2026-06-14,58.6627,9.2132,2200815491046.22,49022759173.39,909758103268.22,32063879937.68
2026-06-15,58.7646,9.2862,2241187979870.29,56656033140.73,924162983097.49,35084105807.79
2026-06-16,58.5397,9.5443,2269630890145.72,91630885146.77,940994823812.19,58703571916.72
2026-06-17,58.4218,9.6008,2250755772515.81,75577135511.46,935824401971.27,50511572766.26
2026-06-18,58.2482,9.5161,2217319048570.16,83055560428.28,925769965966.51,51766124268.42
2026-06-19,58.0882,9.5055,2170175971581.07,78073735647.14,909559277878.93,47652611103.78
2026-06-20,58.336,9.4583,2182306409683.16,58254648795.67,909235357674.37,35900307948.66
2026-06-21,58.4439,9.526,2203420325058.28,50142890671.82,915655835531.47,32660193737.56
2026-06-22,58.3109,9.4631,2174113833422.87,48764942736.07,906368371453.1,33024731131.27
