date,btc_open,btc_high,btc_low,btc_close,btc_volume,btc_trades,eth_open,eth_high,eth_low,eth_close,eth_volume,eth_trades,sol_open,sol_high,sol_low,sol_close,sol_volume,sol_trades,btc_funding_rate,eth_funding_rate,sol_funding_rate,btc_sum_open_interest,btc_sum_open_interest_value,btc_count_long_short_ratio,btc_sum_taker_long_short_vol_ratio,eth_sum_open_interest,eth_sum_open_interest_value,eth_count_long_short_ratio,eth_sum_taker_long_short_vol_ratio,sol_sum_open_interest,sol_sum_open_interest_value,sol_count_long_short_ratio,sol_sum_taker_long_short_vol_ratio
2021-01-01,28923.63,29600.0,28624.57,29331.69,54182.925011,1314910.0,736.42,749.0,714.29,728.91,675114.09329,483671.0,1.5088,1.86,1.499,1.8421,4421991.45,55297.0,0.0002784866666666667,0.0005081166666666666,-0.0015012366666666667,36898.91409027777,1078734155.8812025,1.605721776597222,1.0595126563194444,,,,,,,,
2021-01-02,29331.7,33300.0,28946.53,32178.33,129993.873362,2245922.0,728.91,787.69,714.91,774.56,1352618.57668,824134.0,1.8421,2.0,1.7116,1.7999,5253819.62,66430.0,0.00048540666666666666,0.0006133033333333334,-0.0003947933333333334,37398.15435069444,1149104824.876623,1.3696385031597222,1.0719104015972223,,,,,,,,
2021-01-03,32176.45,34778.11,31962.99,33000.05,120957.56675,2369698.0,774.44,1011.07,768.71,978.28,2813603.88615,1636501.0,1.7998,2.38,1.7973,2.1779,8318341.13,113481.0,0.0013126933333333334,0.0010263533333333332,-0.0010363433333333333,34635.83878819444,1160010340.2673564,1.7934304321875,1.0203270554513888,,,,,,,,
2021-01-04,33000.05,33600.0,28130.0,31988.71,140899.88569,2642408.0,978.33,1162.97,890.0,1041.43,4245010.94004,2477862.0,2.1789,2.4989,1.86,2.4909,7800814.8,122009.0,0.0015224833333333336,0.0025199366666666667,-0.00177702,31354.432649305556,1001195130.8773305,1.9415376517013891,1.0035222646875,,,,,,,,
2021-01-05,31989.75,34360.0,29900.0,33949.53,116049.997038,2526851.0,1041.45,1134.6,974.45,1099.56,2706995.67525,1960503.0,2.4911,2.5093,2.0621,2.1636,6702006.99,102299.0,0.00066136,0.0008279566666666667,-0.00478345,28911.858038194445,933409020.5397121,1.970656526979167,1.0236722036458332,,,,,,,,
2021-01-06,33949.53,36939.21,33288.0,36769.36,127139.20131,2591783.0,1100.16,1213.0,1057.26,1208.42,2390136.59334,1600888.0,2.1636,2.189,1.9017,1.9414,8451529.47,88678.0,0.0016215133333333331,0.0021931866666666665,-0.0075,29112.599309027777,1014361274.2810663,2.0914713686458333,1.0584563145833334,,,,,,,,
2021-01-07,36769.36,40365.0,36300.0,39432.28,132825.700437,2814686.0,1208.75,1289.0,1131.0,1224.87,1972922.82059,1402699.0,1.9404,2.65,1.9214,2.3635,30861006.24,271878.0,0.0011430033333333332,0.0015235666666666666,-0.005,28991.400354166668,1103707756.2939956,2.0287885974305557,1.0405079344791668,,,,,,,,
2021-01-08,39432.48,41950.0,36500.0,40582.81,139789.957499,2925632.0,1224.86,1273.75,1065.0,1216.93,2131172.92341,1718817.0,2.3655,3.8,2.175,3.2214,29866396.67,221673.0,0.0014581766666666666,0.00128851,-3.378000000000001e-05,28885.319986111113,1149969226.530801,2.2002483101736114,1.0091412953472223,,,,,,,,
2021-01-09,40586.96,41380.0,38720.0,40088.22,75785.979675,1998156.0,1216.72,1304.37,1171.36,1276.0,1448871.11514,1131871.0,3.212,3.6998,2.93,3.3829,9881188.65,109729.0,0.0009227133333333334,0.0009773666666666667,0.0007445200000000001,29803.272104166666,1204265141.737544,2.658712308541667,1.0378794077430555,,,,,,,,
2021-01-10,40088.22,41350.0,35111.11,38150.02,118209.544503,2628050.0,1276.0,1348.33,1170.0,1254.25,1951179.35003,1437486.0,3.3734,3.7517,3.1556,3.449,5819813.51,70395.0,0.00106408,0.0022316333333333334,0.0019992766666666667,30800.150270833336,1223290524.2668328,2.6565750976388887,1.0426048672916666,,,,,,,,
2021-01-11,38150.02,38264.74,30420.0,35404.47,249131.539943,4431451.0,1254.24,1260.0,915.0,1087.01,4068784.65678,2557613.0,3.4455,3.5282,2.5795,3.1016,8734261.68,92843.0,0.0007382766666666667,0.0009449266666666667,0.00040571666666666667,27582.309270833335,948839706.7185158,2.349267244236111,1.0026378653472223,,,,,,,,
2021-01-12,35410.37,36628.0,32531.0,34051.24,133948.151996,2674145.0,1087.0,1150.02,1006.33,1050.16,2302645.34052,1516625.0,3.1016,3.88,3.058,3.6354,7075911.68,155651.0,0.00046441999999999995,0.00037714333333333335,5.3083333333333334e-05,25857.70636111111,901824770.756616,2.0944650520486108,1.0432980900347222,,,,,,,,
2021-01-13,34049.15,37850.0,32380.0,37371.38,124477.914938,2514289.0,1050.36,1137.65,987.48,1129.89,1564202.39081,1123983.0,3.6354,3.637,3.2633,3.5242,5123655.8,99621.0,0.00035962666666666663,0.0002989166666666667,0.00023063666666666666,26151.863274305553,909473642.6784476,2.089734138854167,1.070745734826389,,,,,,,,
2021-01-14,37371.38,40100.0,36701.23,39144.5,102950.389421,2297466.0,1129.79,1247.55,1086.7,1231.62,1555737.38556,1255769.0,3.5243,3.5955,3.1814,3.2921,6422109.73,96919.0,0.0007315366666666667,0.0005958133333333333,0.0005007966666666666,28107.03173611111,1083053126.1729538,2.138067140902778,1.0743744488888889,,,,,,,,
2021-01-15,39145.21,39747.76,34408.0,36742.22,118300.920916,2560801.0,1231.89,1256.98,1069.42,1168.53,1944038.83738,1519266.0,3.2921,3.4489,2.9618,3.2475,4812542.83,74648.0,0.0007943199999999999,0.0005684133333333333,0.00039952333333333336,28800.686076388887,1080139656.4737263,1.952380273611111,1.0581287688541667,,,,,,,,
2021-01-16,36737.43,37950.0,35357.8,35994.98,86348.431508,2066363.0,1168.48,1298.0,1151.77,1227.83,1575384.43797,1252473.0,3.2479,3.7081,3.2463,3.4247,8562549.63,124687.0,0.00037023,0.00073845,0.0011492633333333334,27914.330465277777,1029255903.1318116,2.232228121597222,1.021599796875,,,,,,,,
2021-01-17,35994.98,36852.5,33850.0,35828.61,80157.727384,1860642.0,1227.83,1269.02,1165.0,1232.45,1317285.00579,1121278.0,3.4251,3.9876,3.3,3.8268,8531899.81,105174.0,0.00024461666666666666,0.0006921766666666667,0.00075941,27487.637555555557,980617025.7418526,2.0494739877430557,1.0746543649652778,,,,,,,,
2021-01-18,35824.99,37469.83,34800.0,36631.27,70698.11875,1707766.0,1232.5,1260.75,1182.58,1258.45,998050.11073,940604.0,3.8243,4.17,3.6167,3.7868,6226924.77,78131.0,0.0006941533333333334,0.00082319,0.00113757,28162.60598263889,1016334230.048793,2.4128967065625,1.084338178576389,,,,,,,,
2021-01-19,36622.46,37850.0,35844.06,35891.49,79611.307769,1939371.0,1258.52,1438.3,1251.49,1365.36,2278852.55758,1840481.0,3.7873,4.0498,3.6,3.6287,4768719.77,64919.0,0.0012007566666666668,0.0017301600000000003,0.0008454666666666667,28888.40609722222,1065932510.5341029,2.515155188125,1.0496516405902776,,,,,,,,
2021-01-20,35901.94,36415.31,33400.0,35468.23,89368.422918,2234539.0,1365.36,1407.93,1235.42,1376.99,2219137.62144,1852253.0,3.6288,3.7413,3.34,3.7166,4801640.28,74604.0,0.00040875666666666667,0.0009171333333333334,-4.906999999999999e-05,29949.159937269374,1051047784.5403224,2.3023287823247234,1.06071773199262,,,,,,,,
2021-01-21,35468.23,35600.0,30071.0,30850.13,131803.182926,2820752.0,1376.72,1390.0,1086.0,1110.96,2254164.80365,1823458.0,3.7199,3.7411,2.9717,2.9899,4375407.94,60277.0,0.00039007999999999995,0.00046079,-1.0083333333333332e-05,31893.837927083336,1051756744.7327344,2.21957853,1.0222919956944443,,,,,,,,
2021-01-22,30851.99,33826.53,28850.0,32945.17,142971.684049,2707810.0,1111.98,1273.79,1042.31,1232.62,2020593.21673,1652010.0,2.9893,3.4992,2.5295,3.3352,6481502.65,83968.0,0.0001,0.00015662666666666666,-0.00024333666666666667,28111.91507638889,894828416.4572788,2.0290894018055554,1.027204139027778,,,,,,,,
2021-01-23,32950.0,33456.0,31390.16,32078.0,64595.287675,1700056.0,1232.61,1272.44,1195.9,1233.6,1009545.08258,932871.0,3.3302,3.6,3.3056,3.5079,2269454.7,33884.0,0.00010727333333333334,0.00021469666666666667,0.0001,26661.86515625,862246950.676753,1.9076398420486111,1.0562321111805555,,,,,,,,
2021-01-24,32078.0,33071.0,30900.0,32259.9,57978.037966,1528287.0,1233.46,1398.83,1220.0,1392.51,1510879.53817,1313986.0,3.5018,3.79,3.4781,3.6278,2457759.67,32628.0,0.00021918666666666665,0.0008202533333333334,0.00011345666666666666,27218.725673611112,876937391.8130538,1.8318154292013888,1.081616529236111,,,,,,,,
2021-01-25,32259.45,34875.0,31910.0,32254.2,88499.226921,2106548.0,1392.19,1475.0,1293.69,1317.88,1885441.31289,1661512.0,3.6287,3.9928,3.4398,3.7038,6791542.33,82263.0,0.00034889,0.0008324700000000001,0.0004764466666666667,28774.22571527778,961014292.0053179,1.8114874633680556,1.0684567194097223,,,,,,,,
2021-01-26,32254.19,32921.88,30837.37,32467.77,84972.20691,2010392.0,1317.6,1378.49,1244.56,1365.97,1682923.65799,1423178.0,3.7036,4.097,3.6478,4.041,6618303.9,75426.0,0.00011168666666666666,0.00025329333333333335,0.0001,27728.995972222223,886691965.3274126,1.9059632846527776,1.0433916534027778,,,,,,,,
2021-01-27,32464.01,32557.29,29241.72,30366.15,95911.961711,2065953.0,1366.54,1373.9,1207.0,1239.03,2009772.08358,1737296.0,4.0418,4.0422,3.5114,3.675,2491757.82,38794.0,0.0001,0.00018780666666666667,0.0001,29480.125072916664,916410036.6089478,1.8321977653125,1.0315989968402777,,,,,,,,
2021-01-28,30362.19,33783.98,29842.1,33364.86,92621.145617,2060660.0,1238.93,1360.0,1217.23,1329.69,1365269.71962,1275024.0,3.664,3.96,3.6,3.81,2055425.01,33822.0,0.00014087333333333334,0.00027226,0.00017415333333333332,29982.88443402778,952155310.1545775,1.7520486352777778,1.085385028923611,,,,,,,,
2021-01-29,33368.18,38531.9,31915.4,34252.2,231827.005626,4403349.0,1329.44,1436.9,1285.35,1379.5,2253963.18682,1714076.0,3.8092,3.912,3.6,3.8293,2992168.86,42872.0,0.0008053066666666667,0.0013854133333333334,0.0006423133333333333,31970.86968402778,1120532227.315706,1.9291183866319446,1.0562602914583334,,,,,,,,
2021-01-30,34246.28,34933.0,32825.0,34262.88,84889.68134,2201040.0,1379.56,1406.0,1326.41,1378.05,1040042.2363,1013174.0,3.8301,4.3179,3.7667,4.228,3944655.04,61647.0,0.00041612,0.0006823666666666666,0.0006699633333333335,29692.45026041667,1011658988.2427886,2.6074749893402775,1.0609447583333333,,,,,,,,
2021-01-31,34262.89,34342.69,32171.67,33092.98,68742.280384,1707064.0,1378.04,1380.74,1281.12,1312.55,958704.85571,828176.0,4.228,4.805,4.154,4.2525,5438870.48,94648.0,0.00048431666666666663,0.0010028133333333333,0.0011015766666666667,31280.13962847222,1046011688.8899384,2.6048968391319445,1.0667971213541667,,,,,,,,
2021-02-01,33092.97,34717.27,32296.16,33526.37,82718.276882,1810492.0,1312.45,1377.99,1269.99,1374.17,1096397.91862,915584.0,4.2568,4.617,4.1075,4.6148,2097052.47,43670.0,0.00039447,0.00047379,0.00028593,30885.926395833332,1041583403.2066731,2.436829846423611,1.141019209513889,,,,,,,,
2021-02-02,33517.09,35984.33,33418.0,35466.24,78056.65988,1789672.0,1374.09,1547.9,1360.28,1511.87,1944227.99878,1614541.0,4.6148,5.4026,4.4632,5.2331,5278922.61,107720.0,0.0006774866666666666,0.0011231633333333333,0.00092155,30512.802475694443,1060174777.8065553,2.4973425332986112,1.151808962534722,,,,,,,,
2021-02-03,35472.71,37662.63,35362.38,37618.87,80784.333663,1881740.0,1511.93,1669.35,1508.39,1664.49,1535869.88801,1384979.0,5.243,5.783,5.0513,5.7311,3977458.72,79473.0,0.0007779633333333333,0.0015846,0.00126416,29742.71742013889,1087379789.410375,2.121002696423611,1.1251434737847221,,,,,,,,
2021-02-04,37620.26,38708.27,36161.95,36936.66,92080.735898,2211866.0,1664.67,1695.2,1554.44,1595.67,1646502.32962,1507993.0,5.7339,6.5426,5.5676,6.4085,5609382.39,102732.0,0.00055095,0.0014221,0.001423923333333333,29868.10139236111,1121123354.3686187,1.837804541076389,1.040381962048611,,,,,,,,
2021-02-05,36936.65,38310.12,36570.0,38290.24,66681.334275,1853253.0,1595.53,1760.49,1591.0,1719.19,1194123.29946,1326415.0,6.4181,7.1438,6.4086,6.7005,4235525.49,95696.0,0.0007687566666666666,0.0014854366666666667,0.0021305399999999998,30340.047756272397,1142296415.146265,1.9397371827240144,1.0513006416129034,,,,,,,,
2021-02-06,38289.32,40955.51,38215.94,39186.94,98757.311183,2291646.0,1718.95,1743.67,1642.94,1676.35,1149808.33101,1152167.0,6.7001,6.8181,5.7,6.1225,5040208.25,112912.0,0.0006899333333333334,0.0012269766666666668,0.0015265066666666667,32788.563444444444,1306867806.2834673,1.9931816685069446,1.0607962340625,,,,,,,,
2021-02-07,39181.01,39700.0,37351.0,38795.69,84363.679763,1976357.0,1676.35,1693.0,1490.46,1611.62,1281734.86814,1263737.0,6.1219,6.8807,5.75,6.6976,5111066.89,100168.0,0.0010895766666666666,0.0009599366666666666,0.00029772333333333333,32846.75760278745,1271876535.313835,2.2641717274216027,1.0302303563763067,,,,,,,,
2021-02-08,38795.69,46794.45,37988.89,46374.87,138597.536914,3230961.0,1611.46,1775.57,1563.89,1750.15,1339777.09536,1372788.0,6.6931,8.078,6.4554,7.855,6719151.08,119254.0,0.00122049,0.0011142833333333334,0.00106754,33286.0855,1376319943.2495415,2.2015982141319443,1.04260430625,,,,,,,,
2021-02-09,46374.86,48142.19,44961.09,46420.42,115499.861712,3119034.0,1749.68,1821.88,1708.49,1769.13,1185071.89593,1173421.0,7.8651,8.4945,7.55,7.8005,4803489.37,92202.0,0.00159619,0.0018803233333333335,0.002669746666666667,35018.75814236111,1636170820.0467882,2.194576910763889,1.0172830604861112,,,,,,,,
2021-02-10,46420.42,47310.0,43727.0,44807.58,97154.1822,2891592.0,1769.14,1837.86,1680.0,1740.78,1219932.25474,1279140.0,7.8005,9.09,7.26,9.09,4419421.79,103167.0,0.0013735333333333335,0.00153335,0.00229951,33890.248526132404,1553926425.6989284,2.4366624406620208,1.0350990513937282,,,,,,,,
2021-02-11,44807.58,48678.9,43994.02,47969.51,89561.081454,2570949.0,1740.76,1819.0,1703.44,1785.62,735079.82699,935602.0,9.0897,9.7425,8.72,9.2004,5694878.77,123562.0,0.0011130733333333334,0.0010613533333333333,0.0014768000000000001,34473.8947826087,1597372903.6653664,2.681158507536232,1.062854134072727,,,,,,,,
2021-02-12,47968.66,48985.8,46125.0,47287.6,85870.035697,2418841.0,1785.83,1864.88,1739.88,1840.26,909600.20653,996495.0,9.2058,9.93,9.0353,9.2,2867258.84,74162.0,0.0011997833333333332,0.0009882833333333333,0.0012513266666666666,35877.931333333334,1708893246.2719438,2.773349325243055,1.0491241340625,,,,,,,,
2021-02-13,47298.15,48150.0,46202.53,47153.69,63768.097399,2058823.0,1840.24,1871.72,1765.0,1814.96,767589.07285,853189.0,9.2007,9.5117,8.658,8.7441,3487478.68,80835.0,0.0011918466666666668,0.0016534666666666667,0.0019687566666666666,34443.18019097222,1628976742.5240867,2.686260878611111,1.0467799207291666,,,,,,,,
2021-02-14,47156.78,49707.43,47014.17,48577.79,73735.475533,2090070.0,1815.25,1850.0,1784.11,1800.42,675261.77873,714827.0,8.7448,9.23,8.5293,8.7158,2889949.04,72201.0,0.0012690733333333333,0.0013728899999999999,0.0025375466666666666,36816.683618055555,1791667796.6705933,2.5450616254861114,1.0519606193402777,,,,,,,,
2021-02-15,48580.47,49010.92,45570.79,47911.1,79398.156784,2313155.0,1800.03,1835.72,1655.67,1779.25,1053474.57879,1086589.0,8.7234,9.38,7.7,8.8516,3424896.19,74311.0,0.0007553666666666667,0.0005814433333333333,0.00028806,34702.84939649123,1662109081.40993,2.199409221508772,1.0178968741052632,,,,,,,,
2021-02-16,47911.1,50689.18,47003.62,49133.45,88813.266298,2199849.0,1779.33,1827.28,1724.0,1781.99,817493.47513,826125.0,8.866,9.0,7.9601,8.3002,2257217.69,49157.0,0.0012165466666666667,0.00110621,0.0010551933333333334,35356.737351916374,1729963209.9687238,2.2042588653310102,1.0531321755052263,,,,,,,,
2021-02-17,49133.45,52618.74,48947.0,52119.71,85743.637818,2514374.0,1781.99,1855.0,1733.01,1849.88,795711.63311,862461.0,8.3035,8.45,7.5182,8.2357,3331645.44,71460.0,0.0011487133333333334,0.001437086666666667,0.0008407699999999999,37558.05865277778,1915943617.4921026,1.8547564758680555,1.0566562835763889,,,,,,,,
2021-02-18,52117.67,52530.0,50901.9,51552.6,60758.046954,1891592.0,1849.7,1950.5,1849.69,1939.61,937227.10191,1053661.0,8.2412,9.32,8.23,8.9771,2479859.19,63813.0,0.0013746466666666665,0.00172004,0.0011422733333333334,36940.31350522648,1920278181.473902,2.0445128962369337,0.9989681343902438,,,,,,,,
2021-02-19,51552.61,56368.0,50710.2,55906.0,79659.77802,2339215.0,1938.91,1972.82,1891.0,1955.0,793404.4115,988320.0,8.988,11.85,8.5257,11.4912,7106323.06,170333.0,0.00101524,0.0013028233333333332,0.0008892966666666667,35308.06993119266,1861578789.826091,2.0611935346330275,1.058313797385321,,,,,,,,
2021-02-20,55906.0,57700.46,53863.93,55841.19,80948.205314,2642846.0,1955.46,2042.34,1803.14,1913.0,1261315.81279,1329067.0,11.4845,11.8327,9.754,9.9869,4731324.37,110824.0,0.0013177266666666665,0.0019066166666666668,0.00183245,34439.386334558825,1940494017.3104305,2.187907528272059,0.991025128125,,,,,,,,
2021-02-21,55841.19,58352.8,55477.59,57408.57,58166.708511,1950533.0,1912.9,1976.31,1883.01,1933.53,756568.19743,895138.0,9.9849,11.6707,9.8101,11.0753,3694265.15,92042.0,0.0010839966666666666,0.00067433,0.0009576533333333333,33558.525725694446,1916155911.669013,2.213079933784722,1.0612657103125,,,,,,,,
2021-02-22,57412.35,57508.47,47622.0,54087.67,134019.434944,3313083.0,1933.54,1936.29,1551.0,1777.58,1807244.98099,1799926.0,11.0738,14.8,9.1,14.4191,14711670.8,307004.0,0.00095565,0.0005318266666666666,0.00053781,31987.775593749997,1752367691.1833885,2.385203856736111,0.9941264372280703,,,,,,,,
2021-02-23,54087.67,54183.59,44892.56,48891.0,169375.025051,3825196.0,1777.42,1782.39,1355.0,1577.89,2547837.82068,2396626.0,14.4176,15.8888,11.47,15.2244,24306320.76,548657.0,0.00022616,0.00015389333333333332,-0.00031486000000000003,28211.009659722222,1385006786.7005644,2.1324917021180556,1.0105353405555555,,,,,,,,
2021-02-24,48891.0,51374.99,46988.69,49676.2,91881.209252,2194532.0,1577.79,1712.7,1500.2,1623.39,1384388.81727,1319936.0,15.2389,18.2052,14.7917,17.1691,10777544.75,248041.0,0.00033026666666666665,0.0002717466666666667,0.00017289333333333332,26982.828160278747,1343807361.061062,2.092575793379791,1.0343000497560975,,,,,,,,
2021-02-25,49676.21,52041.73,46674.34,47073.73,83310.673121,2305679.0,1623.16,1671.59,1459.16,1481.75,1032670.79409,1110019.0,17.1745,17.69,13.6579,13.8442,9520373.92,210627.0,0.00023335333333333332,0.00024316,0.00019475000000000002,28441.374159722225,1421761894.3480532,2.257526678819444,1.027761543611111,,,,,,,,
2021-02-26,47073.73,48424.11,44106.78,46276.87,109423.200663,2371766.0,1482.08,1562.25,1400.0,1444.59,1355973.29378,1298739.0,13.8565,15.5083,13.1,13.5962,8029513.17,188509.0,0.0001,0.00020862666666666667,0.0001,27853.00625,1299926709.9130263,2.2862934346875,1.0172867435416668,,,,,,,,
2021-02-27,46276.88,48394.0,45000.0,46106.43,66060.834292,1757720.0,1444.56,1529.0,1425.0,1458.13,927423.0475,954919.0,13.5864,14.8359,13.01,13.1916,6232463.19,166289.0,0.0002825733333333333,0.00030047,0.00011267333333333334,27909.93017013889,1316235380.6081526,2.0983881906944446,1.0452225384375,,,,,,,,
2021-02-28,46103.67,46638.46,43000.0,45135.66,83055.369042,1838345.0,1458.27,1468.75,1293.18,1419.18,1410207.56284,1190546.0,13.1853,13.7739,11.417,13.0887,7231344.75,181689.0,0.00019235333333333333,0.0001,0.0001,29345.576923344946,1313746443.6059458,1.8942736762020906,1.0360635222648082,,,,,,,,
2021-03-01,45134.11,49790.0,44950.53,49587.03,85086.111648,2147223.0,1418.67,1572.0,1409.91,1569.86,1094695.17839,989006.0,13.08,15.5469,13.0102,14.9855,5511248.26,155523.0,0.00012307,0.00030848666666666666,0.00020236333333333335,28894.905322916668,1374790857.981477,1.9770724929861112,1.0320192287152778,,,,,,,,
2021-03-02,49595.76,50200.0,47047.6,48440.65,64221.06214,1855583.0,1570.0,1602.9,1455.52,1486.78,1061142.38743,966176.0,14.9989,15.25,13.3544,13.9438,4128426.11,111524.0,0.0001,0.0004146833333333333,0.00032216,28997.87103125,1409544716.0460744,2.0314093991319444,1.033065289097473,,,,,,,,
2021-03-03,48436.61,52640.0,48100.71,50349.37,81035.913705,2242131.0,1486.79,1656.94,1475.47,1567.69,1054846.31471,1237215.0,13.9546,14.738,13.7018,14.0742,3277327.93,96740.0,0.00021692666666666666,0.00035697,0.0006492466666666667,29803.66431944444,1503617912.237169,2.011011021076389,1.0739012391666667,,,,,,,,
2021-03-04,50349.37,51773.88,47500.0,48374.09,82649.716829,2291936.0,1567.68,1624.87,1506.36,1539.23,946365.67088,1125118.0,14.0936,14.2737,12.736,13.0508,2764372.37,75817.0,0.0001,0.0003218,0.00041451666666666667,29656.04556597222,1464962817.0174215,2.507820139826389,1.0106880171180554,,,,,,,,
2021-03-05,48374.09,49448.93,46300.0,48751.71,78192.496372,2054216.0,1539.22,1548.96,1441.66,1528.31,910786.28976,1000913.0,13.0649,13.0992,12.1251,12.5382,2069391.25,58681.0,0.0001,0.00019148666666666668,0.00015892,29967.045101045296,1429770030.8703604,2.3391436478745646,1.0472644264808364,,,,,,,,
2021-03-06,48746.81,49200.0,47070.0,48882.2,44399.234242,1476474.0,1528.08,1671.58,1513.03,1650.35,1013300.93928,1188531.0,12.5507,13.31,11.9,13.0421,3061674.23,89887.0,0.0001,0.00040626333333333334,0.00044495666666666663,29502.112972222225,1426766723.3855836,2.260378856111111,1.0492453605208334,,,,,,,,
2021-03-07,48882.2,51450.03,48882.2,50971.75,55235.028032,1758101.0,1650.68,1734.16,1630.35,1726.16,848470.78136,1166072.0,13.0443,14.014,12.7049,13.8174,2999418.25,85302.0,0.00012535333333333332,0.0004889533333333334,0.00068594,29874.638312500003,1500675650.6471853,1.9273758997569443,1.0633249117361112,,,,,,,,
2021-03-08,50959.11,52402.78,49274.67,52375.17,66987.359664,1999401.0,1726.46,1843.59,1664.96,1833.18,1149711.39987,1407402.0,13.8174,13.906,12.996,13.6028,2116684.52,63521.0,0.00014919,0.0003743433333333334,0.0007525733333333335,30610.24065625,1555301871.781933,2.134504765486111,1.075555265173611,,,,,,,,
2021-03-09,52375.18,54895.0,51789.41,54884.5,71656.737076,2194398.0,1833.22,1870.77,1798.2,1870.51,857229.47855,1196670.0,13.608,14.9921,13.1985,14.839,2594490.9,73810.0,0.0005714433333333333,0.0006724366666666666,0.0013795033333333332,32655.275815972225,1763269579.3572268,1.956417318923611,1.0095044228819445,,,,,,,,
2021-03-10,54874.67,57387.69,53005.0,55851.59,84749.238943,2647284.0,1870.5,1877.69,1757.0,1795.12,937230.62831,1098051.0,14.85,15.2118,14.0525,14.2048,1943926.1,60520.0,0.0004328166666666667,0.0007187700000000001,0.0011852466666666666,32550.31456794425,1803934220.1178787,2.0484175298954703,1.0129975929268293,,,,,,,,
2021-03-11,55851.59,58150.0,54272.82,57773.16,81914.812859,2509970.0,1795.28,1846.7,1725.0,1825.78,909011.4961,1023958.0,14.2011,16.3222,13.67,16.031,4125742.57,103981.0,0.0009355833333333334,0.0006476366666666667,0.0006427866666666666,32873.10904513889,1852932906.045702,2.0657654484375,1.0155816663194444,,,,,,,,
2021-03-12,57773.15,58081.51,54962.84,57221.72,73405.406047,2489931.0,1825.78,1841.88,1719.72,1766.1,869564.6361,1126153.0,16.0519,16.5,14.0803,14.5597,3678388.38,110363.0,0.0007344933333333333,0.0007978233333333333,0.0006986633333333332,33496.41387456446,1905433807.3714283,2.072384222543554,1.0152265802090592,,,,,,,,
2021-03-13,57221.72,61844.0,56078.23,61188.39,83245.091346,2559002.0,1766.13,1944.3,1727.75,1922.35,926283.22642,1265904.0,14.5532,15.4072,13.8439,15.3033,2632320.37,74627.0,0.0005517166666666667,0.0007517366666666666,0.00088798,35032.67329861111,2065092855.6800961,2.067308128368056,1.0758915605555555,,,,,,,,
2021-03-14,61188.38,61724.79,58966.78,58968.31,52601.05275,1829769.0,1922.35,1933.1,1836.0,1848.1,637963.63627,963564.0,15.2902,15.376,14.3399,14.4605,1750244.94,57342.0,0.0009383,0.00110293,0.0012320333333333334,36510.01283508772,2210538633.1296577,2.1678120030526316,1.0367928259298247,,,,,,,,
2021-03-15,58976.08,60633.43,54600.0,55605.2,102771.427298,2683815.0,1848.1,1891.76,1730.0,1793.48,1025326.79658,1496415.0,14.461,14.8214,13.6179,14.1577,2020949.93,63118.0,0.0006766533333333333,0.0005729533333333333,0.0009850266666666667,34714.39929166666,2000414695.1422822,2.8870837737152777,1.0569214608680555,,,,,,,,
2021-03-16,55605.2,56938.29,53271.34,56900.75,77986.694355,2241208.0,1793.99,1819.5,1711.68,1805.12,764993.40147,987906.0,14.1586,14.2933,13.1389,13.6392,2501657.49,74993.0,0.00033036000000000003,0.0003177366666666667,0.0007212300000000001,34095.60682291667,1888130961.3886716,3.0252947864583337,1.0280043765277778,,,,,,,,
2021-03-17,56900.74,58974.73,54123.69,58912.97,70421.620841,2204296.0,1805.01,1838.88,1741.18,1823.58,658349.44843,872416.0,13.6379,14.2685,13.0326,14.2018,1703006.56,56596.0,0.00026392,0.00043668,0.0009098166666666667,33421.164399305555,1875884674.9007635,3.118481628715278,1.0414052607638888,,,,,,,,
2021-03-18,58912.97,60129.97,57023.0,57648.16,66580.406675,2040947.0,1823.58,1850.0,1759.04,1776.08,603721.61056,783517.0,14.1987,14.75,13.957,14.204,1576671.71,53867.0,0.00030690333333333335,0.0006844666666666666,0.0014276166666666666,33193.53372222222,1942558655.491595,2.6725934803472224,1.0065429662717769,,,,,,,,
2021-03-19,57641.0,59468.0,56270.74,58030.01,52392.652961,1885830.0,1775.92,1840.61,1733.47,1809.1,500258.42875,703977.0,14.2153,14.4883,13.8554,14.1552,1461762.29,46881.0,0.00026051,0.00019254000000000002,0.00028829,32347.482197916666,1886571528.276021,2.800857531597222,1.0531444646527777,,,,,,,,
2021-03-20,58030.01,59880.0,57820.17,58102.28,44476.941776,1724131.0,1809.01,1868.83,1800.86,1806.1,451556.10639,743672.0,14.1588,14.9793,14.09,14.1894,1393209.56,52559.0,0.00047556000000000003,0.0007185233333333333,0.00016635333333333332,32487.917302083333,1911067599.5818682,2.678088095833333,1.0499888940972222,,,,,,,,
2021-03-21,58100.02,58589.1,55450.11,57351.56,48564.470274,1773546.0,1806.57,1817.16,1747.0,1782.98,465953.98749,748800.0,14.1788,14.3636,13.638,14.3372,1191850.82,43656.0,0.0002791366666666667,0.00032442666666666664,0.00010903999999999999,32917.45302083334,1886669496.3131914,3.0696048828819444,1.0336350868402777,,,,,,,,
2021-03-22,57351.56,58430.73,53650.0,54083.25,62581.626169,1927345.0,1783.23,1807.51,1655.15,1680.97,582727.49081,879976.0,14.3372,16.59,14.1697,14.7964,5102991.54,157441.0,0.00048819333333333337,0.00047124,4.262333333333333e-05,33436.3395625,1900274733.0364122,3.210276664236111,1.0152241209375,,,,,,,,
2021-03-23,54083.25,55830.9,53000.0,54340.89,59789.365427,1740349.0,1681.17,1721.17,1650.0,1668.08,577213.99589,654415.0,14.7962,15.227,14.0146,14.1552,2004427.43,62202.0,0.00031024666666666667,0.00020996333333333332,9.129e-05,33714.28761111111,1845555205.1537461,3.124305200173611,1.0007359218055556,,,,,,,,
2021-03-24,54342.8,57200.0,51700.0,52303.65,83537.465021,2401988.0,1668.2,1740.86,1536.92,1581.84,753834.52393,994542.0,14.1433,15.3719,13.5842,13.5973,2317339.72,76944.0,0.0003214766666666667,0.0003431766666666667,0.0001,33683.13483623694,1858520963.7013326,2.8170195970731706,0.9811936056445993,,,,,,,,
2021-03-25,52303.66,53287.0,50427.56,51293.78,87400.534538,2099425.0,1581.88,1622.0,1549.4,1585.74,701697.00258,778215.0,13.5844,13.7329,12.47,12.9787,2292323.1,71423.0,0.00010609333333333334,0.00018646000000000003,0.0001,34014.197982638885,1773411878.606734,2.9487884009027776,1.0108380608680556,,,,,,,,
2021-03-26,51293.78,55073.46,51214.6,55025.59,63813.774692,1773150.0,1585.83,1699.93,1585.79,1698.84,515470.92907,650812.0,12.9789,14.7921,12.3043,14.7664,2972281.77,94547.0,0.00012,0.00020810333333333333,0.00017178666666666667,33588.361750000004,1786966225.79922,2.666137881770833,1.0386826720138889,,,,,,,,
2021-03-27,55025.59,56700.36,53950.0,55817.14,50105.475055,1528776.0,1698.84,1732.67,1666.41,1712.63,443845.49957,516929.0,14.7751,16.8,14.7173,16.4589,4053893.7,116137.0,0.0001,0.00019996333333333334,0.00019598333333333334,32821.88161458333,1810838726.876062,2.095021824340278,1.0308100224999999,,,,,,,,
2021-03-28,55817.14,56559.75,54691.84,55777.63,39050.387511,1551283.0,1712.52,1725.66,1661.4,1687.01,348895.51314,512231.0,16.4516,19.38,16.3049,18.0645,7200727.49,218108.0,0.0001,0.0002890533333333334,0.0004995433333333333,32092.902315972224,1792015587.668345,2.0715861468055556,1.0091997197916667,,,,,,,,
2021-03-29,55777.65,58405.82,54800.01,57635.47,67857.937398,1983437.0,1687.16,1841.0,1677.85,1816.74,647724.46387,846836.0,18.0645,19.0,17.6439,18.9504,3064381.78,101831.0,0.00012723666666666667,0.0005002366666666667,0.0007968433333333334,33413.965788194444,1904036594.749652,2.0240678657291666,1.042303965625,,,,,,,,
2021-03-30,57635.46,59368.0,57071.35,58746.57,55122.443122,1612744.0,1816.76,1859.13,1786.3,1840.46,568842.00526,856093.0,18.9504,20.87,18.9105,19.0685,3808354.1,124415.0,0.00047595,0.0005577000000000001,0.0009997566666666666,33721.77533680556,1970352307.5725222,2.2176544674305556,1.005446446111111,,,,,,,,
2021-03-31,58746.57,59800.0,56769.0,58740.55,60975.542666,1928224.0,1840.41,1947.29,1768.15,1919.37,746995.8591,1040362.0,19.0645,19.8154,18.0,19.3861,2784733.45,97083.0,0.00070019,0.0007406333333333334,0.0006737566666666666,34495.7570625,2027082371.0801616,2.275497513715278,1.0094734352777777,,,,,,,,
2021-04-01,58739.46,59490.0,57935.45,58720.44,47415.61722,1594431.0,1919.37,1984.77,1885.02,1968.05,741585.07266,994836.0,19.3818,20.3583,18.7433,19.0443,2230609.34,75608.0,0.0008548533333333333,0.0011025266666666667,0.0009746300000000001,34148.15335069444,2012780031.3923602,2.342938629097222,0.9939220314930556,,,,,,,,
2021-04-02,58720.45,60200.0,58428.57,58950.01,47382.418781,1666356.0,1968.05,2146.0,1948.48,2133.69,846197.93215,1218698.0,19.0443,19.8003,18.345,19.7501,1773300.55,61912.0,0.00093083,0.0009627300000000001,0.0010107500000000001,34620.93848611111,2054967348.2488632,2.4275854766319447,1.0111967744097223,,,,,,,,
2021-04-03,58950.01,59791.72,56880.0,57051.94,47409.852113,1606805.0,2133.69,2138.12,1996.3,2008.52,770176.32192,1107620.0,19.7513,23.8476,19.7228,22.5,6266319.5,209602.0,0.0009080766666666667,0.0010416866666666665,0.00133458,34960.45765625,2063158343.1846318,2.4354756794791665,0.9979025374999999,,,,,,,,
2021-04-04,57051.95,58492.85,56388.0,58202.01,41314.081973,1499113.0,2008.59,2091.83,1975.24,2075.69,514345.76554,818926.0,22.4672,25.5309,21.9867,23.7755,5274539.83,193109.0,0.0004236866666666667,0.00068261,0.00035643333333333334,34379.02200347222,1985318853.2182112,2.5052114033333335,1.0250114170138889,,,,,,,,
2021-04-05,58202.01,59272.0,56777.77,59129.99,54258.01579,2035877.0,2075.7,2130.64,2002.15,2107.38,684923.61494,947978.0,23.7755,24.78,22.7664,22.9717,2821214.21,112164.0,0.00040029999999999997,0.0007756733333333333,0.0007781066666666666,34057.47904513889,1980240054.9176457,2.6674499553819446,1.0664893104513888,,,,,,,,
2021-04-06,59129.99,59495.24,57413.02,57991.15,54201.000727,1960513.0,2107.43,2151.0,2044.65,2112.21,673386.05575,1106761.0,22.9876,25.3,21.7554,25.0548,3326493.23,141766.0,0.0007956700000000001,0.00095699,0.00112446,33659.36806597222,1970089273.011823,2.8536354598263887,0.9935831358333334,,,,,,,,
2021-04-07,57990.03,58655.0,55473.0,55953.45,71228.405659,2206433.0,2112.22,2129.01,1930.01,1963.47,892984.90422,1229155.0,25.0548,27.5203,22.9078,26.5385,7815658.63,296563.0,0.00055006,0.0005054933333333334,0.0001,34454.32134722223,1964490711.4651766,3.0727769580208335,0.9924841169444445,,,,,,,,
2021-04-08,55953.44,58153.31,55700.0,58077.52,44283.147019,1661080.0,1963.46,2084.61,1947.35,2080.46,501355.998,911403.0,26.537,27.9951,25.6431,26.9384,4209553.61,170594.0,0.0003065066666666667,0.00026666,0.0001955,34613.02153819444,1980334493.7001894,2.9279247639583335,1.0279652573263889,,,,,,,,
2021-04-09,58077.52,58894.9,57654.0,58142.54,40831.884911,1615962.0,2080.39,2100.0,2047.57,2066.87,426387.4379,645172.0,26.9261,29.0,26.7097,27.6172,3037133.3,144968.0,0.0002256566666666667,0.00048752666666666665,0.00015744,32678.23982291667,1903611144.156241,2.4908291752083334,1.0234470468749999,,,,,,,,
2021-04-10,58142.55,61500.0,57900.01,59769.13,69906.424117,2470398.0,2067.19,2200.0,2058.0,2133.49,655458.20894,1175161.0,27.6194,28.2948,25.9017,26.8021,2705997.06,132263.0,0.0009374499999999999,0.0011330666666666666,0.0006175933333333333,34499.42697222222,2070319466.233442,2.4495342560069444,1.0299408399305556,,,,,,,,
2021-04-11,59769.13,60699.0,59232.52,60002.43,41156.715391,1746102.0,2133.49,2165.02,2113.4,2151.36,392265.50773,830771.0,26.7993,28.649,25.5131,27.8517,2517685.81,126583.0,0.0009738666666666666,0.0007778299999999999,0.0006501566666666667,34096.695857638886,2042507449.3280263,2.9622631896180556,1.0435547780902779,,,,,,,,
2021-04-12,59998.8,61300.0,59350.59,59860.0,56375.037117,1806298.0,2151.42,2203.46,2102.0,2137.69,579093.35694,914567.0,27.8598,29.9295,26.8049,28.5424,2842013.26,149081.0,0.0009816466666666666,0.00110677,0.0008842166666666666,35345.61542013889,2128102139.622224,3.009395393125,1.0386038052430555,,,,,,,,
2021-04-13,59860.01,63777.77,59805.15,63575.0,82848.688746,2703735.0,2137.86,2318.0,2135.53,2299.19,782608.6209,1288668.0,28.5266,28.8162,26.2616,27.4507,2275774.43,114743.0,0.0009889,0.00110854,0.00111235,38234.33571527778,2382147423.133956,2.375078270486111,1.0406183731944445,,,,,,,,
2021-04-14,63575.01,64854.0,61301.0,62959.53,82616.343993,2645625.0,2299.19,2447.29,2281.33,2432.6,972931.60866,1554097.0,27.4571,27.5613,24.7,26.4067,3623963.28,165111.0,0.00101287,0.00150669,0.0009730533333333334,37877.81252083333,2405789767.963076,2.6246394337499996,0.9892272120486112,,,,,,,,
2021-04-15,62959.53,63800.0,62020.0,63159.98,51649.70034,1938028.0,2432.59,2543.47,2400.0,2514.04,681950.96645,1462768.0,26.4182,28.2,25.4479,27.7816,2146653.64,113692.0,0.0008958033333333333,0.00109507,0.0010076166666666668,36536.58385763889,2300789554.535757,3.063100099826389,1.0112772125,,,,,,,,
2021-04-16,63158.74,63520.61,60000.0,61334.8,91764.139884,2639940.0,2514.04,2548.29,2300.0,2422.67,999163.75205,1679215.0,27.7946,28.2571,24.8547,25.2996,2673912.32,125994.0,0.0011506266666666666,0.0013021200000000001,0.0010519133333333332,36765.67763194445,2270093613.9310613,3.684281206145833,0.9868186216319444,,,,,,,,
2021-04-17,61334.81,62506.05,59580.91,60006.66,58912.256128,2268816.0,2422.38,2495.0,2310.0,2317.6,624232.25568,1242299.0,25.2926,26.7914,24.8181,24.85,2442737.39,113942.0,0.00065495,0.0007952266666666668,0.0009432933333333333,34918.422524305555,2141407567.6308146,3.9299161333333337,0.9869403106597221,,,,,,,,
2021-04-18,60006.67,60499.0,50931.3,56150.01,124882.131824,3444089.0,2317.65,2340.0,1946.8,2235.64,1475383.69204,2113566.0,24.8517,32.99,21.1,32.3358,11699397.05,560886.0,0.00050024,0.00039584999999999995,8.638333333333332e-05,30381.85090940766,1703434367.0621173,3.06636078912892,1.0260959147038329,,,,,,,,
2021-04-19,56150.01,57526.81,54221.58,55633.14,78229.042267,2390527.0,2235.65,2300.0,2080.0,2161.12,820592.26555,1411498.0,32.3324,36.095,29.8066,31.4711,12075270.9,599790.0,0.0001,0.00023973333333333335,0.00024902,27925.87366783217,1572810095.5561857,2.6609931052797204,1.0469375591608392,,,,,,,,
2021-04-20,55633.14,57076.24,53329.96,56425.0,72744.482151,2148820.0,2161.12,2346.62,2055.0,2330.03,992240.809,1478664.0,31.5303,32.8,28.81,31.7028,7036100.92,319269.0,0.0001,0.00013759666666666667,0.00038166333333333334,28690.13563888889,1591496932.433325,2.5141162875347223,1.0518298244097222,,,,,,,,
2021-04-21,56425.0,56757.91,53536.02,53787.63,66984.756909,2134946.0,2330.26,2469.54,2235.16,2357.06,1177885.8617,1905822.0,31.6939,35.1801,30.1101,32.5534,6573327.09,343021.0,0.0001,0.0001,0.00016372,28170.613399305556,1560996602.9456024,2.739282613576389,1.027712494375,,,,,,,,
2021-04-22,53787.62,55521.48,50500.0,51690.96,104656.631337,2744621.0,2357.06,2644.47,2303.44,2397.94,2220753.09746,3110597.0,32.5965,41.1587,31.4586,38.9,14017530.86,709708.0,0.0001,0.00014822,0.0001,29404.334520833334,1581262567.2587576,2.3505045123958332,1.0195099114930555,,,,,,,,
2021-04-23,51690.95,52131.85,47500.0,51125.14,132230.780719,2888237.0,2397.94,2442.89,2107.0,2367.39,2532242.44185,2790382.0,38.8718,41.74,31.4936,37.3893,14705148.48,617636.0,0.00022539333333333332,0.00030081,0.00014172333333333333,32909.60453125,1640767743.3822188,2.0835869709375,1.0364036771527778,,,,,,,,
2021-04-24,51110.56,51166.22,48657.14,50047.84,55361.512573,1164985.0,2367.39,2368.74,2154.8,2213.35,997688.94623,1275474.0,37.3018,43.6397,34.5861,40.8401,9722785.06,510976.0,0.00018144000000000002,0.00016797,0.0001,33289.88986111111,1666360325.7258227,1.8011222921874999,1.0461251113541667,,,,,,,,
2021-04-25,50047.84,50567.91,46930.0,49066.77,58255.645004,1475479.0,2214.08,2356.64,2168.0,2320.49,857517.38218,1307545.0,40.8525,48.644,40.572,47.405,11964753.801,701331.0,0.00023419333333333332,0.0001,0.00010206666666666665,33738.16004166667,1674629377.6332173,1.7846657303819444,1.0399211963888888,,,,,,,,
2021-04-26,49066.76,54356.62,48753.44,54001.39,86310.802124,2174544.0,2320.44,2542.8,2303.64,2532.6,1076469.01367,1852607.0,47.395,48.499,43.267,43.878,11079170.602,697927.0,0.0001,0.0001,0.0001,30633.077604166665,1621681658.2610788,1.6583789863194445,1.035357414236111,,,,,,,,
2021-04-27,54001.38,55460.0,53222.0,55011.97,54064.034675,1568666.0,2532.06,2680.0,2480.29,2666.13,771728.46451,1255607.0,43.884,46.606,42.5,43.147,7101848.718,487171.0,0.0001,0.00020221,0.0004174033333333333,28393.078007751938,1546953206.0502357,1.694474485,1.0397986684496126,,,,,,,,
2021-04-28,55011.97,56428.0,53813.16,54846.22,55130.459015,1830042.0,2666.13,2760.0,2559.44,2748.24,999383.1852,1587100.0,43.147,46.962,40.516,44.833,7855066.319,560767.0,0.0001,0.00021118333333333333,0.0003596666666666667,28385.01025347222,1554179041.4465861,1.8095134733680556,1.0409514352430556,,,,,,,,
2021-04-29,54846.23,55195.84,52330.94,53555.0,52486.019455,1763676.0,2748.23,2798.0,2668.0,2757.04,863890.01069,1379738.0,44.831,46.233,40.906,42.484,5805381.221,416105.0,0.0001,0.0001,0.00023512666666666667,29937.107565972223,1612325242.0946763,2.195884988993056,1.0695102076041667,,,,,,,,
2021-04-30,53555.0,57963.0,53013.01,57694.27,68578.910045,2267648.0,2757.04,2798.3,2723.09,2772.42,695339.20482,1382521.0,42.452,44.313,41.21,42.786,3302673.311,258432.0,0.0001,0.0002583,0.00032957666666666674,31503.258958333332,1742091415.7382932,2.1101912565624996,1.0407922889930556,,,,,,,,
2021-05-01,57697.25,58458.07,56956.14,57800.37,42600.351836,1743013.0,2772.42,2954.28,2743.41,2944.77,690260.07741,1437394.0,42.786,49.88,42.001,49.67,5804048.045,476481.0,0.0001790166666666667,0.00019138999999999997,0.0006518599999999999,32822.395805555556,1896431106.014638,2.1443138855902775,1.0226514641319444,,,,,,,,
2021-05-02,57797.35,57911.02,56035.25,56578.21,36812.878863,1371638.0,2944.83,2985.0,2852.26,2949.56,571982.5445,1132280.0,49.646,49.99,45.904,46.897,3794411.245,321216.0,0.0003546233333333333,0.00024391,0.0005492133333333334,33388.63046180556,1899013792.852971,2.4193319243749998,1.052428233715278,,,,,,,,
2021-05-03,56578.21,58981.44,56435.0,57169.39,57649.931286,2102128.0,2949.33,3454.0,2949.32,3431.04,1329088.0628,2502746.0,46.926,49.0,44.774,45.912,3686007.369,313751.0,0.00047936,0.00027209,0.00047704666666666665,33404.843461805554,1935322936.4493442,2.720757504340278,1.002071960625,,,,,,,,
2021-05-04,57169.39,57200.0,53046.69,53200.01,85324.625903,2492629.0,3431.04,3527.0,3160.0,3239.01,1826039.38558,3634236.0,45.935,47.81,42.26,42.636,4180557.381,342455.0,0.0004319033333333333,0.0005801033333333334,0.0005721799999999999,33787.256253472224,1868671015.6844532,2.8321643542361112,1.0106858674305554,,,,,,,,
2021-05-05,53205.05,58069.82,52900.0,57436.11,77263.923439,2378119.0,3239.01,3549.34,3200.23,3524.26,1174816.73588,2224441.0,42.636,46.0,42.305,44.98,2772821.523,229512.0,0.00032964333333333334,0.0006821966666666667,0.0005249933333333333,32632.798444444445,1823246748.5717587,2.508078743229167,1.0497300393402778,,,,,,,,
2021-05-06,57436.11,58360.0,55200.0,56393.68,70181.671908,2459881.0,3524.33,3605.4,3376.47,3489.73,920592.57706,1703109.0,44.965,44.98,42.55,43.496,2337263.012,178097.0,0.0007653633333333333,0.0008192433333333334,0.0012270866666666666,32392.988072916665,1845840543.1414137,2.7957916791319444,1.0299913751041665,,,,,,,,
2021-05-07,56393.68,58650.0,55241.63,57314.75,74542.747829,2361692.0,3489.74,3587.0,3353.23,3479.53,760544.64781,1382532.0,43.496,46.243,41.42,43.182,3259646.399,282796.0,0.00038367333333333333,0.00037734666666666667,0.0009876499999999999,32465.07267361111,1844453042.5927095,2.9068098917013887,1.0272380190972223,,,,,,,,
2021-05-08,57315.49,59500.0,56900.0,58862.05,69709.906028,2311378.0,3479.79,3958.33,3449.27,3910.26,1130467.54852,2146967.0,43.154,46.65,42.275,45.612,2539093.011,227222.0,0.0005069166666666667,0.0004916133333333334,0.0007654,32944.597482638885,1928463057.8437772,2.4776887609722222,1.0451971504166666,,,,,,,,
2021-05-09,58866.53,59300.0,56235.66,58240.84,69806.11991,2170139.0,3910.26,3983.65,3726.08,3923.95,1000401.0082,2289303.0,45.632,47.15,42.6,44.33,3095018.717,253642.0,0.00052217,0.0005155366666666667,0.00048084,32912.540385416665,1908629241.0457926,2.73863147875,1.00000494875,,,,,,,,
2021-05-10,58240.83,59500.0,53400.0,55816.14,89586.34925,2575419.0,3923.95,4208.0,3650.0,3945.88,1505897.92612,3033133.0,44.33,45.89,39.0,42.854,2869549.017,252549.0,0.0007414733333333334,0.0007030533333333334,0.0008089,34221.13820486111,1976721770.3117533,3.030198142951389,1.0298432621180555,,,,,,,,
2021-05-11,55816.14,56862.43,54370.0,56670.02,64329.54055,1911480.0,3946.63,4180.22,3771.64,4173.45,1095927.10403,2290977.0,42.868,45.18,39.7,44.538,2758407.694,238856.0,0.00038685333333333337,0.0003800733333333333,0.00019050333333333334,33169.43898958333,1852394429.1230097,2.6995809044444443,1.024263339513889,,,,,,,,
2021-05-12,56670.02,58000.01,48600.0,49631.32,99842.789836,2676826.0,4173.46,4372.72,3701.58,3823.21,1601842.74017,3188941.0,44.579,49.243,42.18,43.709,7592760.128,579441.0,0.00030052000000000003,0.00037281000000000006,0.00027005,33037.54433333333,1845779429.9613283,2.6137624526041665,1.0360132881597222,,,,,,,,
2021-05-13,49537.15,51367.19,46000.0,49670.97,147332.002121,3570506.0,3810.15,4034.77,3500.0,3717.91,2068708.17427,3943562.0,43.394,45.501,37.43,41.049,7162647.061,497211.0,0.00014833666666666667,0.00021890000000000004,0.00014037666666666667,32646.811625,1626153434.4307513,2.9477742806944445,1.0281175752083334,,,,,,,,
2021-05-14,49671.92,51483.0,48799.75,49841.45,80082.204306,2095860.0,3717.92,4173.28,3691.35,4075.01,1153390.42631,2227244.0,41.051,44.897,39.901,42.7,3421838.277,254778.0,0.0003010933333333333,0.0001,0.00011479666666666666,33545.577388888894,1682917337.1450634,3.0784919833680555,1.0375376704166668,,,,,,,,
2021-05-15,49844.16,50700.0,46555.0,46762.99,89437.449359,2286791.0,4075.02,4134.05,3632.0,3646.68,1039174.88082,2055345.0,42.697,45.5,39.305,43.486,3357108.617,279668.0,0.00013425333333333332,0.00045647333333333337,0.00035996333333333336,34990.19325694445,1708465257.3163934,2.9496448803472224,1.0313675955555555,,,,,,,,
2021-05-16,46762.99,49795.89,43825.39,46431.5,114269.812775,2661295.0,3646.24,3879.0,3343.06,3582.1,1324065.65875,2532983.0,43.462,52.6,41.602,46.85,13162867.429,900493.0,0.00031042,0.00020888333333333336,0.00038932,36690.65402083333,1750292064.4429927,2.7499919719444446,1.0391803555902779,,,,,,,,
2021-05-17,46426.83,46686.0,42001.0,43538.04,166657.172736,3216821.0,3581.81,3587.06,3102.0,3282.51,1904012.43998,2885352.0,46.85,51.985,43.01,46.708,13839076.478,909050.0,0.0004442766666666667,0.00039706,0.00046775666666666664,40454.67500347222,1792106216.0142546,2.943267103472222,1.0171913182291668,,,,,,,,
2021-05-18,43538.02,45799.29,42250.02,42849.78,116979.860784,2561165.0,3282.25,3565.71,3240.0,3375.07,1287110.84143,2143887.0,46.747,58.38,46.051,55.977,12538546.698,867912.0,0.0003039166666666667,0.00029973,0.00026523666666666666,41447.354885416666,1830468979.1524994,3.063798177951389,1.0249985004166666,,,,,,,,
2021-05-19,42849.78,43584.9,30000.0,36690.09,354347.243161,6331062.0,3375.08,3441.73,1888.0,2438.92,4309836.31939,5548968.0,55.969,57.691,26.5,34.988,22259967.849,1402768.0,-0.00014628,-0.0009767366666666667,-0.0016759799999999999,35783.716677192984,1405094685.66068,2.321395680070175,1.0141398644561403,,,,,,,,
2021-05-20,36671.23,42451.67,34850.0,40526.64,203017.596923,4269898.0,2438.92,2990.05,2155.0,2768.62,2942777.9301,4243052.0,34.987,53.0,32.0,44.42,17869805.908,1040786.0,0.0001,0.00010609333333333334,0.00010392333333333334,24962.571152777775,992982829.6963253,1.48190030625,1.0503697272222223,,,,,,,,
2021-05-21,40525.39,42200.0,33488.0,37252.01,202100.888258,3993336.0,2767.87,2938.54,2101.0,2430.98,2727031.93514,3676164.0,44.367,47.7,33.673,38.925,13740700.641,827866.0,5.5150000000000006e-05,0.0001,0.0001,25807.519226027398,1008314231.1289363,1.339242499417808,1.0632172331849314,,,,,,,,
2021-05-22,37263.35,38829.0,35200.62,37449.73,126542.243689,2716691.0,2430.98,2485.0,2145.0,2294.87,1684318.01157,2484734.0,38.925,40.0,31.134,31.222,10122098.005,651683.0,-1.482666666666666e-05,0.0001,0.0001,26596.536288194446,997683888.2985047,1.3421158189928057,1.0493243206944445,,,,,,,,
2021-05-23,37458.51,38270.64,31111.01,34655.25,217136.046593,4082004.0,2295.45,2381.57,1728.74,2096.39,2914548.73125,3761018.0,31.222,32.4,19.117,24.536,25787150.864,1266144.0,-4.58e-06,0.0001,0.0001,30135.410440140844,1053295311.3272643,1.427445185669014,1.0619302424295773,,,,,,,,
2021-05-24,34681.44,39920.0,34031.0,38796.29,161630.893971,3510578.0,2096.63,2675.0,2079.94,2648.43,2186632.92245,3299296.0,24.53,32.19,24.496,31.416,15414302.323,771534.0,-5.4499999999999997e-05,0.0001,0.0001,31410.046336805557,1160542951.8269408,1.4554342147222221,1.0640897317708333,,,,,,,,
2021-05-25,38810.99,39791.77,36419.62,38324.72,111996.228404,2508310.0,2647.92,2750.0,2378.54,2705.11,2115349.50445,2976859.0,31.42,33.195,25.915,29.973,10300933.608,577950.0,0.0001,0.0001,0.0001,30943.03052430555,1176081753.8670943,1.4992069743055554,1.027145277326389,,,,,,,,
2021-05-26,38324.72,40841.0,37800.44,39241.91,104780.773396,2432319.0,2705.1,2910.0,2643.0,2884.94,1583799.59251,2726537.0,29.985,37.25,28.858,35.43,10601343.234,656660.0,0.0001,0.0001,0.0001,32556.017128472224,1276516337.7617965,1.8180289879861111,1.0001647257986113,,,,,,,,
2021-05-27,39241.92,40411.14,37134.27,38529.98,86547.158794,2102182.0,2884.82,2889.74,2633.68,2742.23,1099029.91206,1732113.0,35.427,35.594,30.976,33.747,5698854.676,369106.0,0.0001,0.0001,0.0001,32797.690225694445,1271892070.403716,1.6696149981944446,1.0320884504166665,,,,,,,,
2021-05-28,38529.99,38877.83,34684.0,35663.49,135377.62972,2659178.0,2742.23,2762.45,2327.38,2412.1,1554584.61362,2184249.0,33.761,34.551,28.0,28.989,6370726.751,361849.0,0.0001,0.0001,0.0001,34550.64925087108,1262666011.2009332,1.5945641058536584,1.0241883631707316,,,,,,,,
2021-05-29,35661.79,37338.58,33632.76,34605.15,112663.092689,2169643.0,2412.34,2574.27,2204.1,2278.74,1379427.18851,1887733.0,28.993,30.066,25.7,27.388,3911549.6,213125.0,0.00010125,0.0001,0.0001,37257.385472222224,1312119792.0313163,1.7101748932291665,1.024242047326389,,,,,,,,
2021-05-30,34605.15,36488.0,33379.0,35641.27,73535.386967,1559892.0,2278.74,2476.42,2180.53,2385.98,1151113.19883,1519005.0,27.407,29.781,25.586,28.588,3964240.919,204751.0,0.0001,0.0001,0.0001,37864.81058333334,1342746918.1702259,1.548674107638889,1.0363287830902776,,,,,,,,
2021-05-31,35641.26,37499.0,34153.84,37253.81,94160.735289,1896359.0,2385.82,2720.0,2271.44,2706.15,1307958.04068,1849177.0,28.573,33.014,27.489,32.75,5173286.471,301346.0,0.0001,0.0001,0.0001,38593.205149305555,1394888645.5945685,1.4546567110069446,1.060616655625,,,,,,,,
2021-06-01,37253.82,37894.81,35666.0,36693.09,81234.66377,1760417.0,2706.15,2740.0,2523.74,2634.57,1179577.10806,1790186.0,32.759,33.285,29.852,30.938,4046865.202,244478.0,0.0001,0.0001,0.0001,37838.28927777778,1383639090.7376828,1.7812319334375002,1.0373046224305555,,,,,,,,
2021-06-02,36694.85,38225.0,35920.0,37568.68,67587.372495,1530915.0,2634.31,2802.99,2550.0,2706.22,970070.53563,1349232.0,30.931,35.129,30.402,33.994,4549289.133,257770.0,0.0001,0.0001,0.0001,39447.48236805556,1471022085.5017283,1.4596994674652777,1.066321085,,,,,,,,
2021-06-03,37568.68,39476.0,37170.0,39246.79,75889.106011,1949658.0,2706.21,2891.95,2662.4,2857.25,1024290.89423,1620340.0,33.994,41.523,33.736,39.602,7862225.094,502187.0,0.0001,0.0001,0.0001,42078.721611111105,1621952954.0646598,1.4985099359375,1.0356656524999999,,,,,,,,
2021-06-04,39246.78,39289.07,35555.15,36829.0,91317.799245,1926311.0,2857.25,2860.0,2552.0,2689.51,1188314.11191,1775946.0,39.599,39.737,34.187,37.338,8825815.938,583340.0,0.00013522,0.0001,0.0001,42604.68394097222,1580118268.7991095,1.665598033888889,1.024557564236111,,,,,,,,
2021-06-05,36829.15,37925.0,34800.0,35513.2,70459.62149,1463754.0,2689.54,2816.87,2552.23,2627.73,961824.12413,1670498.0,37.356,42.787,36.982,39.633,8654823.195,626772.0,0.0001,0.0001,0.0001,42460.77874652777,1552845826.4452133,1.6089297724305556,1.0486299734722222,,,,,,,,
2021-06-06,35516.07,36480.0,35222.0,35796.31,47650.206637,993430.0,2627.63,2745.0,2614.0,2711.92,673792.69369,1336460.0,39.663,43.4,38.912,42.205,6151664.294,396217.0,0.0001,0.0001,0.0001,44559.578708333334,1601807441.735156,1.4722646181597223,1.061822808125,,,,,,,,
2021-06-07,35796.31,36900.0,33300.0,33552.79,77574.952573,1532260.0,2711.92,2847.55,2570.0,2592.05,1152128.07856,1926275.0,42.2,44.2,37.8,38.235,8050031.335,532459.0,0.0001,0.0001,0.0001,45245.60629166666,1622429121.8877592,1.6838576840277777,1.0216086961458333,,,,,,,,
2021-06-08,33556.96,34068.01,31000.0,33380.81,123251.189037,2074885.0,2592.05,2620.99,2304.91,2507.23,1693747.42759,2128256.0,38.2,42.596,33.6,41.245,16902544.675,963195.0,7.005000000000001e-05,0.0001,0.0001,49116.584225694445,1613059537.870498,1.4208890800694443,1.0867349503819446,,,,,,,,
2021-06-09,33380.8,37534.79,32396.82,37388.05,136607.597517,2601479.0,2507.43,2626.63,2405.28,2610.18,1276718.24011,1763686.0,41.245,44.0,39.291,42.032,10764252.936,731919.0,-3.4129999999999993e-05,0.0001,-2.2216666666666663e-05,50851.89480555555,1772771110.105253,1.0280215847222223,1.1008758804166667,,,,,,,,
2021-06-10,37388.05,38491.0,35782.0,36675.72,109527.284943,2231430.0,2610.2,2624.46,2425.11,2471.09,741237.49926,978237.0,42.032,43.097,39.459,41.105,5155108.071,354655.0,-2.55333333333333e-06,0.0001,0.0001,49559.211263888894,1832426148.725503,0.9048673144791667,1.0578977193055554,,,,,,,,
2021-06-11,36677.83,37680.4,35936.77,37331.98,78466.0053,1727645.0,2471.01,2497.99,2321.37,2354.01,587364.27358,885172.0,41.091,41.376,35.074,36.157,4760990.078,311982.0,5.796e-05,9.561e-05,0.0001,47855.227288194445,1769324053.2010498,0.9525795996180556,1.0613596436458335,,,,,,,,
2021-06-12,37331.98,37463.63,34600.36,35546.11,87717.54999,1719650.0,2354.09,2454.53,2256.22,2370.74,767439.4984,1127302.0,36.131,37.64,34.1,36.476,5196242.998,312291.0,4.68666666666667e-06,0.0001,0.0001,48375.012416666665,1726717693.672452,1.105008420173611,1.0337530366666667,,,,,,,,
2021-06-13,35546.12,39380.0,34757.0,39020.57,86921.025555,1894103.0,2370.64,2548.41,2308.41,2509.33,715948.75986,1217504.0,36.492,39.442,34.72,38.706,4063329.112,266808.0,1.9776666666666666e-05,0.0001,0.0001,49922.73213541667,1815909782.1095176,1.0216551024305556,1.0741929297916668,,,,,,,,
2021-06-14,39020.56,41064.05,38730.0,40516.29,108522.391949,2185089.0,2509.33,2609.17,2461.0,2580.77,684183.55622,1118498.0,38.713,40.561,36.627,39.694,4590144.279,322569.0,5.618666666666667e-05,7.928333333333334e-05,0.0001,51472.73724652777,2040748755.6793125,0.9950652472569446,1.0375200340625002,,,,,,,,
2021-06-15,40516.28,41330.0,39506.4,40144.04,80679.622838,1931890.0,2580.58,2640.0,2507.7,2543.54,599826.64933,1044834.0,39.7,41.741,39.154,39.536,3725999.561,278396.0,9.334000000000001e-05,0.0001,0.0001,50682.17169444445,2037166943.8094754,1.069498607986111,1.0417938620833334,,,,,,,,
2021-06-16,40143.8,40527.14,38116.01,38349.01,87771.976937,2134897.0,2543.55,2556.19,2351.18,2367.89,624741.78358,896073.0,39.513,41.75,37.455,39.728,5055331.868,370363.0,0.0001,0.0001,0.0001,51442.59812152778,2027341457.6861382,1.2759601116666668,1.0243608062847223,,,,,,,,
2021-06-17,38349.0,39559.88,37365.0,38092.97,79541.307119,1620210.0,2368.02,2460.5,2306.0,2373.28,560667.58566,961448.0,39.73,41.264,38.211,39.265,3274621.978,240293.0,0.0001,0.0001,0.0001,53575.23507638889,2067796636.1813648,1.7799312983680555,1.0195826264930554,,,,,,,,
2021-06-18,38092.97,38202.84,35129.29,35819.84,95228.042935,1809253.0,2373.28,2378.0,2139.0,2234.09,778905.20197,1067542.0,39.259,39.502,34.898,36.82,3777138.806,220838.0,5.229e-05,6.323666666666667e-05,0.0001,54336.861999999994,2009466713.7137365,1.942869453125,1.0150626129513889,,,,,,,,
2021-06-19,35820.48,36457.0,34803.52,35483.72,68712.449461,1212278.0,2234.09,2278.82,2161.67,2164.67,496872.24997,763820.0,36.802,37.318,34.901,35.19,2216638.028,144081.0,-2.390333333333333e-05,-2.793e-05,8.428666666666668e-05,53213.08598611111,1901411224.0490713,1.7090849874305556,1.0854110446875,,,,,,,,
2021-06-20,35483.72,36137.72,33336.0,35600.16,89878.17085,1691871.0,2165.34,2280.01,2040.68,2243.47,743883.64741,1035537.0,35.195,35.949,31.3,35.257,3938821.53,272007.0,5.2100000000000035e-06,-6.344666666666667e-05,-3.0413333333333332e-05,54990.48973958333,1926217078.2059488,1.860065852638889,1.0523122683333335,,,,,,,,
2021-06-21,35600.17,35750.0,31251.23,31608.93,168778.873159,2688993.0,2243.49,2260.16,1865.54,1885.49,1629819.66576,2014010.0,35.248,35.499,25.925,26.59,8213916.627,471372.0,-3.8236666666666666e-05,-3.415333333333333e-05,-5.5830000000000006e-05,54040.36714236111,1790904257.4297988,1.950581798125,1.0300140773958333,,,,,,,,
2021-06-22,31614.12,33298.78,28805.0,32509.56,204208.179762,3113977.0,1885.27,1998.0,1700.48,1879.28,1695338.08052,1856357.0,26.597,28.813,20.187,26.958,15788825.956,745380.0,-4.9530000000000015e-05,4.558333333333333e-05,-0.00023652000000000002,54073.75291269841,1723833186.1827116,1.775559700873016,1.0468162884126984,,,,,,,,
2021-06-23,32509.56,34881.0,31683.0,33678.07,126966.100563,2026228.0,1879.29,2045.0,1821.95,1968.14,918612.30494,1141790.0,26.957,32.9,25.626,30.837,11966311.253,581052.0,-0.00011173666666666667,-3.917333333333333e-05,-0.00020527000000000002,53816.22045454545,1814413762.025424,1.5117507350545454,1.0415070028363635,,,,,,,,
2021-06-24,33675.07,35298.0,32286.57,34663.09,86625.80426,1531230.0,1967.95,2036.61,1884.79,1989.52,701231.67478,833337.0,30.835,33.0,28.481,31.141,7214092.912,347281.0,-5.549333333333333e-05,5.1893333333333333e-05,-0.00015922333333333335,54762.464025089605,1848308066.4280927,1.4297579824731184,1.0554416756989249,,,,,,,,
2021-06-25,34663.08,35500.0,31275.0,31584.45,116061.130356,2094932.0,1989.53,2019.99,1791.22,1808.82,858808.54767,1041338.0,31.144,32.989,27.949,28.641,7293143.176,363124.0,7.457333333333334e-05,9.069e-05,2.376e-05,55097.51629861111,1838894354.7818174,1.4048592355555556,1.0342638094444443,,,,,,,,
2021-06-26,31576.09,32730.0,30151.0,32283.65,107820.375287,1814051.0,1808.97,1852.8,1717.32,1829.64,832315.14904,923226.0,28.619,30.181,26.659,29.698,6492984.234,285933.0,-0.00011507,-5.507e-05,-8.012e-05,54506.69216666667,1714264795.2508905,1.6413962838541667,1.0707546017361111,,,,,,,,
2021-06-27,32283.65,34749.0,31973.45,34700.34,96613.244211,1799875.0,1829.84,1984.5,1804.26,1982.28,696055.79307,1091206.0,29.691,31.95,29.186,31.897,5851211.914,286416.0,-0.00034195,-0.00015696666666666667,3.0776666666666666e-05,56299.82864236111,1858795181.4210339,1.254099587326389,1.0400455909027777,,,,,,,,
2021-06-28,34702.49,35297.71,33862.72,34494.89,82222.267819,1868627.0,1982.27,2145.0,1960.52,2084.41,1044244.68308,1657087.0,31.883,34.34,30.961,33.001,4996728.013,280145.0,3.4660000000000004e-05,1.1103333333333334e-05,0.0001,57619.943649305555,1985096655.0919025,1.0849138068402777,1.0414680710763888,,,,,,,,
2021-06-29,34494.89,36600.0,34225.43,35911.73,90788.79622,1673802.0,2084.42,2245.0,2073.57,2165.33,831257.23277,1536044.0,33.018,35.837,32.665,33.97,4476285.792,276281.0,7.409666666666667e-05,9.113333333333331e-06,5.062e-05,57766.360072916665,2052964873.5328555,1.1323778672916667,1.0435037086458334,,,,,,,,
2021-06-30,35911.72,36100.0,34017.55,35045.0,77152.197634,1301036.0,2165.46,2287.78,2087.99,2275.68,910583.6032,1464112.0,33.974,36.0,31.555,35.51,5361423.665,310774.0,0.0001,0.0001,0.0001,56387.443440972216,1968627398.59358,1.2285706405208332,1.049845689965278,,,,,,,,
2021-07-01,35045.0,35057.57,32711.0,33504.69,71708.266112,1240681.0,2275.68,2275.93,2073.12,2106.41,787865.25137,1414518.0,35.51,35.567,32.17,33.271,4488924.899,263111.0,0.0001,8.284333333333334e-05,9.608e-05,56707.3753125,1911325357.8674114,1.3754862533333334,1.0498702902430557,,,,,,,,
2021-07-02,33502.33,33977.04,32699.0,33786.55,56172.181378,1176457.0,2106.41,2160.0,2018.5,2154.13,672282.37476,862561.0,33.27,34.217,31.367,34.0,4324198.276,220159.0,2.0390000000000003e-05,-5.742333333333332e-05,0.0001,57498.50010416666,1912950841.7434099,1.3551642683333334,1.08900619875,,,,,,,,
2021-07-03,33786.54,34945.61,33316.73,34669.13,43044.578641,1078278.0,2153.95,2240.0,2112.01,2226.99,569264.801,922576.0,34.001,35.406,33.217,34.498,3063406.141,177709.0,-4.962e-05,2.0403333333333335e-05,0.0001,60071.639104166665,2060050940.3898942,1.37558614875,1.063682276111111,,,,,,,,
2021-07-04,34669.12,35967.85,34357.15,35286.51,43703.475789,1164970.0,2226.99,2389.93,2189.58,2322.69,590656.25069,1204553.0,34.497,35.531,33.533,34.28,2972213.418,175443.0,-2.5356666666666664e-05,0.0001,0.0001,60959.288107638895,2149464712.617976,1.3742506957291667,1.0301633113888888,,,,,,,,
2021-07-05,35288.13,35293.78,33125.55,33690.14,64123.874245,1109367.0,2322.69,2324.64,2157.32,2196.53,781806.31605,1264204.0,34.278,34.49,32.37,32.908,3008984.082,162015.0,3.186666666666667e-05,6.607333333333334e-05,0.0001,61879.055440972224,2108257800.4317715,1.4315285512152778,1.0507075872222222,,,,,,,,
2021-07-06,33690.15,35118.88,33532.0,34220.01,58210.596349,1184687.0,2196.85,2350.0,2193.0,2322.5,785330.17152,1326163.0,32.908,35.041,32.883,34.226,3289698.061,184809.0,-6.678e-05,2.8496666666666664e-05,0.0001,58959.380197916675,2012498284.3249757,1.5583721563194444,1.0418920544444445,,,,,,,,
2021-07-07,34220.02,35059.09,33777.77,33862.12,53807.521675,1041416.0,2322.51,2409.0,2291.9,2316.57,666501.35572,1113578.0,34.221,38.1,33.82,36.673,4609258.553,315663.0,2.2126666666666666e-05,7.680666666666666e-05,0.0001,58037.594815972225,2004616221.737956,1.3421658644791665,1.0690480302777778,,,,,,,,
2021-07-08,33862.11,33929.64,32077.0,32875.71,70136.48032,1257892.0,2316.25,2325.6,2084.79,2116.33,880265.04124,1234614.0,36.667,36.934,32.654,33.142,4495022.54,248044.0,-0.00011033666666666665,5.854666666666667e-05,0.0001,62310.991468750006,2047854221.2594142,1.8381097772222224,1.0594069326041666,,,,,,,,
2021-07-09,32875.71,34100.0,32261.07,33815.81,47153.939899,1236351.0,2116.32,2189.4,2046.51,2146.99,738611.36304,867603.0,33.134,34.46,31.976,33.315,2810263.602,153484.0,-0.00015698,7.490333333333333e-05,7.524333333333333e-05,64256.22769097222,2129951084.575387,1.4969604628125,1.1146218114236113,,,,,,,,
2021-07-10,33815.81,34262.0,33004.78,33502.87,34761.175468,865508.0,2146.99,2194.82,2074.16,2110.69,499071.85904,646476.0,33.315,34.215,31.025,31.693,2838074.586,153306.0,2.612666666666667e-05,0.0001,0.0001,61451.32201388889,2070163830.7985492,1.1776410593055555,1.0760403363888889,,,,,,,,
2021-07-11,33502.87,34666.0,33306.47,34258.99,31572.647448,952891.0,2110.68,2174.0,2081.02,2140.45,342294.40302,479138.0,31.716,32.568,31.3,32.182,1944815.804,104563.0,4.804e-05,0.0001,0.0001,63119.484975694446,2132331640.1516914,1.075892187986111,1.1028027351736112,,,,,,,,
2021-07-12,34259.0,34678.43,32658.34,33086.63,48181.403762,1176847.0,2140.54,2167.83,2006.68,2031.58,540630.10742,725803.0,32.173,32.696,30.011,30.77,2251239.269,131789.0,7.438e-05,0.0001,0.0001,63103.631756944436,2126623816.854363,1.3494240002430555,1.0728762868750001,,,,,,,,
2021-07-13,33086.94,33340.0,32202.25,32729.77,41126.361008,956053.0,2031.57,2047.35,1918.0,1940.15,647388.24969,902810.0,30.77,31.096,28.81,29.136,1837132.436,113493.0,6.684e-05,6.188e-05,0.0001,62679.77718402778,2057729955.2426562,2.0183924194791665,1.0826912140625,,,,,,,,
2021-07-14,32729.12,33114.03,31550.0,32820.02,46777.823484,1123129.0,1940.44,2019.18,1865.0,1994.58,690505.60937,936438.0,29.154,31.5,27.363,31.365,3434185.178,189105.0,-1.4533333333333308e-06,6.15e-05,0.0001,63021.91738541666,2045540824.7325125,2.112738374375,1.077798176875,,,,,,,,
2021-07-15,32820.03,33185.25,31133.0,31880.0,51639.576353,1099367.0,1994.41,2042.88,1881.0,1919.51,645271.32563,865033.0,31.365,31.485,27.975,28.545,3643011.529,277654.0,2.2310000000000005e-05,8.551666666666668e-05,0.0001,62976.58014236111,2019412553.3492804,2.315564453645833,1.040991530625,,,,,,,,
2021-07-16,31874.49,32249.18,31020.0,31383.87,48499.864154,1067591.0,1919.54,1965.0,1850.0,1876.26,577068.89724,721120.0,28.562,29.478,26.196,26.271,2923575.792,163500.0,-1.4503333333333332e-05,8.928333333333334e-05,0.0001,65081.86618055556,2065164480.7516413,2.1265795359375,1.0814303397222222,,,,,,,,
2021-07-17,31383.86,31955.92,31164.31,31520.07,34012.242132,883442.0,1876.47,1919.19,1844.45,1899.59,430300.51578,576008.0,26.269,27.836,25.979,26.802,2122389.101,111395.0,2.674e-05,8.437666666666667e-05,0.0001,64523.276364583326,2035007478.3899803,1.9497980328819446,1.1191435313194444,,,,,,,,
2021-07-18,31520.07,32435.0,31108.97,31778.56,35923.716186,760979.0,1899.5,1993.79,1877.1,1891.64,534837.63654,768528.0,26.789,27.756,26.233,26.673,1727601.788,88722.0,5.188666666666667e-05,0.0001,0.0001,66801.46479861111,2120900147.1324031,2.0127492521875,1.0956762654166665,,,,,,,,
2021-07-19,31778.57,31899.0,30407.44,30839.65,47340.468499,846029.0,1891.65,1919.0,1805.0,1818.73,547419.93771,641063.0,26.679,26.71,23.975,24.509,3131177.977,147156.0,-1.8523333333333333e-05,3.996666666666666e-06,0.0001,68587.97314583333,2136266312.1389284,2.072088620972222,1.0818832325,,,,,,,,
2021-07-20,30839.65,31063.07,29278.0,29790.35,61034.049017,1062139.0,1818.73,1841.34,1706.0,1786.03,786257.272,943640.0,24.524,24.982,22.1,23.474,3555428.542,160712.0,-0.00015731666666666668,-0.00016297666666666667,-7.579999999999996e-06,70400.15002083333,2098849220.15191,1.6216638458680555,1.1259961886458332,,,,,,,,
2021-07-21,29790.34,32858.0,29482.61,32144.51,82796.265128,1415058.0,1786.03,2035.23,1747.55,1995.5,1115949.82033,1304423.0,23.484,27.461,22.8,26.7,4561993.007,243848.0,-0.0003144066666666667,-0.00018060666666666665,-6.433333333333345e-07,71641.74735069444,2232402227.774454,1.421646087013889,1.1026983559375,,,,,,,,
2021-07-22,32144.51,32591.35,31708.0,32287.83,46148.092433,1000742.0,1995.5,2046.0,1947.62,2024.56,768854.3659,1074800.0,26.706,28.17,25.91,27.699,2643783.144,161799.0,-4.508333333333333e-05,0.0001,0.0001,69141.21280902778,2220129541.900698,1.3021484958333334,1.100521891736111,,,,,,,,
2021-07-23,32287.58,33650.0,31924.32,33634.09,50112.863626,1394786.0,2024.27,2130.9,1993.22,2124.25,708160.91322,1035643.0,27.7,28.713,26.385,28.516,3040520.321,173337.0,-5.877e-05,9.547666666666667e-05,0.0001,70240.93396180555,2279719700.7277107,1.1828300646180556,1.1252986144444443,,,,,,,,
2021-07-24,33634.1,34500.0,33401.14,34258.14,47977.550138,1196914.0,2124.26,2199.5,2105.58,2184.75,633075.18592,1056670.0,28.53,29.548,28.013,28.616,2678108.81,177805.0,-0.00010409333333333334,5.795333333333334e-05,0.0001,69055.26702083333,2336345937.7175655,1.0976854560069444,1.1026115552777778,,,,,,,,
2021-07-25,34261.51,35398.0,33851.12,35381.02,47852.928313,1245775.0,2184.9,2197.41,2105.93,2189.79,535630.27,941623.0,28.626,28.898,26.5,28.248,2350991.534,149087.0,-0.00017530333333333332,4.482666666666667e-05,0.0001,70718.71827430556,2428038456.793225,0.9832904377777777,1.0867225732638888,,,,,,,,
2021-07-26,35381.02,40550.0,35205.78,37237.6,152452.512724,3330102.0,2189.82,2433.65,2171.57,2228.08,1393738.163,2252910.0,28.247,31.115,27.83,28.184,6221691.897,372668.0,-0.00011613666666666668,0.0001,0.0001,55827.971788194445,2135970066.6130018,1.4303969258333333,1.0512598671527777,,,,,,,,
2021-07-27,37241.33,39542.61,36383.0,39457.87,88397.267015,1938478.0,2227.81,2319.26,2150.5,2299.49,906359.23478,1502763.0,28.183,28.95,26.893,28.103,3008374.757,163548.0,5.917333333333334e-05,0.0001,0.0001,55213.43364930556,2079247659.7763758,1.368241375763889,1.0929472756249998,,,,,,,,
2021-07-28,39456.61,40900.0,38772.0,40019.56,101344.528441,2631048.0,2299.47,2345.0,2243.15,2300.9,718202.57727,1287050.0,28.119,28.76,27.354,27.875,2329901.559,146025.0,5.987666666666667e-05,8.539333333333333e-05,0.0001,57264.260006944445,2281647830.0059323,0.9996785172222222,1.063145506423611,,,,,,,,
2021-07-29,40019.57,40640.0,39200.0,40016.48,53998.439283,1428738.0,2300.9,2400.0,2266.12,2382.92,499364.83496,1036449.0,27.891,31.888,27.319,31.235,3692050.445,252230.0,6.589666666666666e-05,8.574333333333333e-05,0.0001,58026.29637847222,2311698780.9569635,0.9720199511805555,1.0969238655555555,,,,,,,,
2021-07-30,40018.49,42316.71,38313.23,42206.37,73602.784805,1797012.0,2382.93,2471.7,2315.92,2461.81,762577.28797,1428312.0,31.238,33.084,29.91,32.354,4970660.009,330552.0,5.874333333333334e-05,0.0001,0.0001,57054.13682986111,2258395040.060418,1.049829339236111,1.0849679116666666,,,,,,,,
2021-07-31,42206.36,42448.0,41000.15,41461.83,44849.791012,1565380.0,2461.77,2553.86,2420.68,2531.05,507601.05026,1007386.0,32.354,37.004,31.653,36.744,4320145.537,344714.0,0.0001,0.0001,0.0001,55623.383527777776,2315054274.115086,0.9190476720486112,1.0284967039583333,,,,,,,,
2021-08-01,41461.84,42599.0,39422.01,39845.44,53953.186326,1603964.0,2531.1,2697.61,2511.24,2555.69,853495.94078,1810440.0,36.742,36.822,33.165,34.165,3490975.158,263547.0,0.0001,0.0001,0.0001,53825.48204166666,2232462683.915083,1.0975031800694444,1.0557394197222223,,,,,,,,
2021-08-02,39850.27,40480.01,38690.0,39147.82,50837.351954,1162878.0,2555.5,2666.0,2507.0,2606.93,726701.84952,1596914.0,34.178,35.95,33.0,33.167,3105881.294,231008.0,0.0001,0.0001,0.0001,52297.807177083334,2070209011.492884,1.4097371422916667,1.0516338399305556,,,,,,,,
2021-08-03,39146.86,39780.0,37642.03,38207.05,57117.435853,1379871.0,2606.92,2632.44,2442.32,2509.04,792960.84375,1701919.0,33.177,35.9,32.327,34.105,3490191.638,258744.0,0.0001,6.919666666666667e-05,0.0001,55625.772156249994,2138795434.9785678,1.5952929948958332,1.0571941072569446,,,,,,,,
2021-08-04,38207.04,39969.66,37508.56,39723.18,52329.35243,1220555.0,2508.51,2772.71,2457.68,2724.78,954590.7536,1839302.0,34.094,36.658,33.236,35.76,2847838.669,228451.0,7.090666666666667e-05,6.554333333333333e-05,0.0001,57971.6835625,2243028765.2723083,1.788672307465278,1.0565627520486112,,,,,,,,
2021-08-05,39723.17,41350.0,37332.7,40862.46,84343.755621,1913281.0,2724.55,2843.98,2529.91,2826.99,1307720.20654,2690052.0,35.757,38.267,35.5,37.353,4059371.083,344784.0,0.0001,0.0001,0.00010064666666666667,56991.324961805556,2244967702.5268164,1.5166177291319445,1.0440696120833333,,,,,,,,
2021-08-06,40862.46,43392.43,39853.86,42836.87,75753.941347,2223356.0,2827.01,2946.75,2720.06,2891.58,825399.48637,1873337.0,37.354,40.4,35.611,39.525,3951317.574,314800.0,0.0001,0.0001,0.0001,56316.749586805556,2328227347.19367,1.0013071572569445,1.0627682003125,,,,,,,,
2021-08-07,42836.87,44700.0,42446.41,44572.54,73396.740808,2258213.0,2891.54,3171.0,2865.5,3160.31,1205277.10095,2318608.0,39.502,40.5,37.502,39.469,3561767.701,281258.0,0.0001,0.00012734,0.00029835666666666664,54610.980329861115,2376685287.0748577,0.9801051595486112,1.0459282547569444,,,,,,,,
2021-08-08,44572.54,45310.0,43261.0,43794.37,69329.092698,1857112.0,3160.48,3189.99,2949.03,3011.85,966349.70579,1771162.0,39.454,39.549,36.896,37.65,2030535.723,166083.0,0.0001,0.00011209,0.00026238333333333336,55083.496555555554,2441230908.4472713,0.9113681441666667,1.0329935925,,,,,,,,
2021-08-09,43794.36,46454.15,42779.0,46253.4,74587.884845,2130595.0,3011.84,3186.0,2893.23,3160.52,1129584.61614,2114151.0,37.653,39.999,36.351,38.646,2128198.741,194058.0,0.0001,0.00015131666666666667,0.00010744333333333334,56734.89012847222,2548491281.242522,0.9263147364236111,1.049390649201389,,,,,,,,
2021-08-10,46248.87,46700.0,44589.46,45584.99,53814.643421,1951330.0,3160.51,3233.0,3051.22,3141.66,880675.74443,1824522.0,38.646,41.678,38.183,40.64,2603195.665,287480.0,0.0001,0.00021911333333333332,0.00018686666666666666,55882.01656597222,2548123467.0668583,1.1292585503819443,1.014555615625,,,,,,,,
2021-08-11,45585.0,46743.47,45341.14,45511.0,52734.901977,1862925.0,3141.14,3274.0,3120.27,3160.5,732546.60433,1786853.0,40.639,43.729,40.605,41.621,2512250.555,297388.0,0.0001,0.00026286666666666664,0.00029718999999999997,54918.66511805556,2530430636.9850173,1.1446713807638889,1.0367077441319443,,,,,,,,
2021-08-12,45510.67,46218.12,43770.0,44399.0,55266.108781,1623329.0,3160.4,3239.0,2979.29,3045.96,737628.45808,1587719.0,41.619,43.401,39.316,41.102,2413664.412,247558.0,0.0001,0.00014062333333333333,0.00018920666666666667,57806.309309027776,2596570048.1521587,1.251074522152778,1.045974673611111,,,,,,,,
2021-08-13,44400.06,47886.0,44217.39,47800.0,48239.370431,1804716.0,3046.11,3327.83,3033.8,3322.32,579333.40323,1311322.0,41.105,44.911,40.668,44.83,2281339.99,262966.0,0.0001,0.00020732,0.00011002666666666667,56164.13047222222,2594001877.554797,1.1563409604861112,1.0694435557638888,,,,,,,,
2021-08-14,47799.99,48144.0,45971.03,47068.51,46114.359022,1849556.0,3322.33,3330.98,3200.0,3263.16,486102.53787,1014420.0,44.859,44.874,42.727,44.14,1548818.722,169775.0,0.0001,0.00028897,0.00017062999999999998,56399.83092361111,2656478213.011886,1.2573410925347224,1.0568786990625,,,,,,,,
2021-08-15,47068.5,47372.27,45500.0,46973.82,42110.711334,1580122.0,3263.16,3320.0,3111.13,3307.09,565579.67765,1224556.0,44.124,54.8,43.361,53.531,6264283.565,762990.0,0.0001,0.00020921,0.00029880333333333337,56328.03184722222,2614280228.4429083,1.527828195173611,1.032802002326389,,,,,,,,
2021-08-16,46973.82,48053.83,45660.0,45901.29,52480.574014,1655378.0,3307.35,3335.0,3135.22,3146.53,635667.05422,1940766.0,53.515,69.132,52.269,62.016,15014364.928,1780255.0,0.00011308,0.00015264333333333334,0.0005902933333333334,54947.16942361111,2577294525.120867,1.5584720196180557,1.0307554790277778,,,,,,,,
2021-08-17,45901.3,47160.0,44376.0,44695.95,57039.341629,1781303.0,3147.18,3290.0,2991.89,3011.72,804996.06971,1644472.0,62.042,75.155,58.822,64.123,14953825.95,1623203.0,0.0001,0.0001,0.0006424233333333333,56203.19732638889,2583798718.637484,1.7937827998263889,1.0010230151388888,,,,,,,,
2021-08-18,44695.95,46000.0,44203.28,44705.29,54099.415985,1656723.0,3011.73,3125.81,2950.0,3014.55,625103.25568,1093813.0,64.135,80.5,59.722,72.663,15022132.453,2024408.0,0.0001,0.0001,0.0001,56705.471767361116,2559636388.1648717,1.8117720405555555,1.062342626423611,,,,,,,,
2021-08-19,44699.37,47033.0,43927.7,46760.62,53411.75392,1774382.0,3014.18,3188.0,2958.33,3184.12,634769.92174,1297759.0,72.659,75.436,68.24,72.764,7819221.598,1229491.0,0.0001,0.0001,0.00024453666666666665,56662.205888888886,2560790306.3800983,1.7744972797916665,1.0287509305555556,,,,,,,,
2021-08-20,46760.62,49382.99,46622.99,49322.47,56850.352228,1950404.0,3184.11,3300.0,3177.16,3284.82,558127.4554,1137843.0,72.8,80.0,70.873,78.643,5705076.722,779153.0,0.00011920333333333334,0.00025016666666666666,0.00041805666666666673,57322.34701736111,2739541421.462298,1.1716316164583334,1.0748673780902778,,,,,,,,
2021-08-21,49322.47,49757.04,48222.0,48821.87,46745.136584,2069725.0,3284.81,3309.16,3207.0,3223.43,421156.09084,777622.0,78.684,82.0,72.6,73.801,5131799.362,1226816.0,0.00015569,0.00018915333333333333,0.00044961333333333334,58437.34708680555,2865472101.573771,1.016236004861111,1.0672396752430555,,,,,,,,
2021-08-22,48821.88,49500.0,48050.0,49239.22,37007.887795,1610192.0,3223.36,3272.0,3126.42,3238.0,406479.07654,803263.0,73.852,77.6,71.244,72.775,2862187.053,487572.0,0.00011604333333333333,0.00016888666666666668,0.00019057333333333333,59218.77305555556,2895114169.6157513,1.0867493042361112,1.07969653375,,,,,,,,
2021-08-23,49239.22,50500.0,49029.0,49488.85,52462.541954,2143309.0,3238.0,3377.89,3230.02,3321.28,602103.44614,1520784.0,72.751,76.81,71.545,75.623,4150780.595,562013.0,0.0002438766666666667,0.0005289433333333333,0.00030369333333333333,61341.15080555555,3060778616.8374357,1.0491216547916666,1.037700626875,,,,,,,,
2021-08-24,49488.85,49860.0,47600.0,47674.01,51014.594748,1692896.0,3321.28,3357.85,3147.31,3170.62,540480.07853,984324.0,75.647,79.45,68.5,70.527,6792636.137,1023089.0,0.0002688266666666667,0.00039641333333333335,0.0004510933333333333,61984.196055749126,3032755196.263404,1.418022265574913,1.0327375292334495,,,,,,,,
2021-08-25,47674.01,49264.3,47126.28,48973.32,44655.830342,1559186.0,3170.63,3248.0,3080.0,3226.87,483697.69444,1031704.0,70.519,72.83,66.03,71.973,5069064.804,784266.0,0.00013189333333333335,0.00015487,0.0001,61882.91542013889,2985883154.282939,1.8198976941666665,1.063082839265734,,,,,,,,
2021-08-26,48973.32,49352.84,46250.0,46843.87,49371.277774,1532753.0,3226.88,3250.0,3053.3,3093.2,442298.47372,959232.0,71.982,78.3,66.2,74.92,6563670.747,1271220.0,0.00013955,0.0001,0.0001,62039.421972222226,2937287725.0021996,1.902449740138889,1.028910328576389,,,,,,,,
2021-08-27,46843.86,49149.93,46348.0,49069.9,42068.104965,1320503.0,3093.06,3280.0,3060.18,3273.45,451027.80711,802187.0,74.92,88.92,72.55,87.98,8785637.093,1577400.0,0.0001,0.0001,0.0001,59871.10502083333,2856946640.2739906,1.6368956130208334,1.0643437404861111,,,,,,,,
2021-08-28,49069.9,49299.0,48346.88,48895.35,26681.063786,793012.0,3273.89,3287.0,3210.31,3244.48,262360.34921,539377.0,87.98,97.82,85.59,96.22,5774371.258,1001622.0,0.00021792333333333331,0.00011833,9.824666666666668e-05,60507.47922916667,2958850747.460283,1.2907828080208334,1.0651222799652778,,,,,,,,
2021-08-29,48895.35,49632.27,47762.54,48767.83,32652.283473,1193046.0,3244.75,3285.0,3152.34,3223.47,335806.7827,661232.0,96.17,97.82,90.3,94.23,4171861.65,989890.0,0.0001,0.00012259666666666666,0.00011367333333333334,58711.262899305555,2856173139.1056657,1.4503789795833333,1.0515724654513887,,,,,,,,
2021-08-30,48767.84,48888.61,46853.0,46982.91,40288.35083,1204012.0,3223.47,3347.95,3143.0,3229.64,625347.27541,1228525.0,94.23,116.84,93.58,110.25,11109542.615,2224836.0,0.00014183333333333333,0.0001,0.0001359,60207.36536458334,2895489031.987714,1.6979327431597222,1.0226823133333331,,,,,,,,
2021-08-31,46982.91,48246.11,46700.0,47100.89,48645.52737,1300400.0,3229.14,3476.0,3188.77,3429.2,863071.13092,1772849.0,110.26,130.11,103.06,108.27,16509565.592,2871556.0,0.00029103666666666664,0.00013569000000000002,0.00033609666666666667,59843.80687847223,2832010873.572958,1.9683701045833333,1.0874225584375,,,,,,,,
2021-09-01,47100.89,49156.0,46512.0,48810.52,49904.65528,1280384.0,3429.19,3842.0,3382.22,3826.82,845759.95868,2022132.0,108.27,119.72,105.89,110.71,8028303.79,1369493.0,0.0003528033333333334,0.0001,0.0004731966666666667,61141.497,2916042242.648804,1.858690520138889,1.0728289866319445,,,,,,,,
2021-09-02,48810.51,50450.13,48584.06,49246.64,54410.770538,1549849.0,3826.82,3836.8,3717.04,3785.82,525165.7996,1402190.0,110.71,131.96,109.18,128.23,9206853.472,1937937.0,0.0004887166666666667,0.0004481333333333333,0.0008790299999999999,62864.7311423611,3123759431.190691,1.1963099284374998,1.0409462663541666,,,,,,,,
2021-09-03,49246.63,51000.0,48316.84,49999.14,59025.644157,1645163.0,3785.82,4027.88,3705.05,3938.11,655903.75739,1678132.0,128.2,148.99,128.12,146.4,11927061.37,2827164.0,0.00035202,0.0004350133333333333,0.00054058,62299.37775694444,3110815743.168745,1.2715262064583335,1.0962666606597222,,,,,,,,
2021-09-04,49998.0,50535.69,49370.0,49915.64,34664.65959,1225830.0,3938.11,3970.0,3832.5,3885.52,364478.1193,996623.0,146.36,150.6,135.73,138.88,6134062.526,1297714.0,0.00024982,0.0007465766666666667,0.0006040633333333333,59198.06767013889,2964532534.112778,1.3815071757986113,1.1074112832986112,,,,,,,,
2021-09-05,49917.54,51900.0,49450.0,51756.88,40544.835873,1417660.0,3885.61,3980.0,3830.0,3950.29,365759.8597,1083584.0,138.88,144.99,134.74,142.0,4619885.42,998792.0,0.0001,0.00069819,0.0008912266666666666,57913.39076736111,2917018291.3489685,1.2944128843402778,1.0943855775347222,,,,,,,,
2021-09-06,51756.88,52780.0,50969.33,52663.9,49249.667081,1678015.0,3950.28,3970.0,3864.3,3926.77,397768.5783,865160.0,141.98,166.13,136.92,164.22,8435542.353,2114286.0,0.00015594333333333334,0.0005710666666666667,0.00066491,62828.92749477352,3253592467.473027,1.0027626270383276,1.1296694977351915,,,,,,,,
2021-09-07,52666.2,52920.0,42843.05,46863.73,123048.802719,3321711.0,3926.67,3947.15,3005.0,3434.57,1203536.00209,2359100.0,164.19,195.48,128.01,173.46,24376489.011,5674167.0,0.00014325666666666667,0.00044871999999999995,0.0001,55772.62387676056,2809518593.830977,1.4597620574647887,1.0292330835211267,,,,,,,,
2021-09-08,46868.57,47340.99,44412.02,46048.31,65069.3152,1796101.0,3434.84,3560.0,3215.16,3499.0,780611.7657,1783652.0,173.49,198.0,146.5,191.02,16666845.8,3889956.0,0.0001,0.0001,0.00030180333333333333,45584.04432638889,2109900100.6465917,1.7864360810416666,1.0460812419444445,,,,,,,,
2021-09-09,46048.31,47399.97,45513.08,46395.14,50651.66002,1567586.0,3499.01,3567.06,3390.4,3424.93,628553.8831,1147283.0,191.02,216.0,180.7,187.9,16349677.82,4246781.0,0.0001,0.0001,0.0001694266666666667,46199.36215625,2144641174.024988,1.8554437267708335,1.0586565379513888,,,,,,,,
2021-09-10,46395.14,47033.0,44132.29,44850.91,49048.26618,1569941.0,3424.94,3514.11,3150.0,3208.86,633026.2659,1128069.0,187.89,197.41,167.82,179.6,9055410.7,2133353.0,0.00010371666666666666,0.0001,0.00020722666666666667,47674.675541958044,2189349943.586274,2.011051576958042,1.0772590282517482,,,,,,,,
2021-09-11,44842.2,45987.93,44722.22,45173.69,30440.4081,1060890.0,3208.85,3348.37,3200.0,3267.21,413524.1761,833958.0,179.6,193.51,175.14,179.04,6794663.25,1863814.0,0.0001,0.0001,0.00011394,47799.04169097222,2169104897.977276,1.8894749588888888,1.0876214615625,,,,,,,,
2021-09-12,45173.68,46460.0,44742.06,46025.24,32094.28052,1179808.0,3267.1,3474.16,3231.1,3404.21,408858.9595,1089138.0,179.05,181.75,170.15,174.29,3661211.64,866622.0,0.0001,0.0001,0.00021527666666666667,48342.26875347222,2206280634.535567,1.921383536284722,1.1424604319444445,,,,,,,,
2021-09-13,46025.23,46880.0,43370.0,44940.73,65429.15056,1703512.0,3404.3,3430.3,3108.49,3285.35,647855.7199,1363198.0,174.31,175.0,150.3,169.53,8423839.46,1867633.0,0.0001,0.0001,0.00016836,49084.877881118875,2199243330.856722,2.360945117132867,1.0671437606643357,,,,,,,,
2021-09-14,44940.72,47250.0,44594.44,47111.52,44855.85099,1210258.0,3285.09,3437.05,3269.95,3434.37,373634.9026,894664.0,169.54,171.83,142.6,158.88,7981396.52,1750566.0,0.0001,0.0001,0.0001,47695.13557986111,2196286503.4427395,1.594241347638889,1.0679572397222221,,,,,,,,
2021-09-15,47103.28,48500.0,46682.32,48121.41,43204.71174,1176050.0,3434.37,3616.16,3357.78,3613.55,428507.5278,977023.0,158.72,166.5,153.69,158.79,6107319.6,1219649.0,0.0001,0.0001,0.00026824,51000.503809027774,2425579667.3903728,1.1732286100347222,1.1148440092361112,,,,,,,,
2021-09-16,48121.4,48557.0,47021.1,47737.82,40725.08895,1176129.0,3613.55,3676.28,3481.14,3567.98,467985.4919,1081868.0,158.77,163.5,147.35,152.29,4739595.73,973309.0,0.0001,0.0001,0.0004898366666666666,50850.16676388889,2434857964.403886,1.2359289991319444,1.1029867671527778,,,,,,,,
2021-09-17,47737.81,48150.0,46699.56,47299.98,34461.92776,1033968.0,3567.97,3594.17,3350.07,3399.81,398888.3705,867583.0,152.3,153.55,134.0,147.58,7629925.55,1405718.0,0.0001,0.0001,0.00039983333333333337,50807.278427083336,2417033453.0382175,1.4897237718402776,1.0907020991319445,,,,,,,,
2021-09-18,47299.98,48843.2,47035.56,48292.74,30906.47038,976346.0,3399.89,3541.96,3368.88,3435.64,315162.7627,692204.0,147.59,171.47,144.1,169.22,8229799.94,1801539.0,0.0001,0.0001,0.0001,52555.22033333333,2534854164.143616,1.3472119110069445,1.081891209861111,,,,,,,,
2021-09-19,48292.75,48372.83,46829.18,47241.75,29847.24349,909785.0,3435.64,3456.53,3277.74,3328.62,312948.0013,687285.0,169.22,170.96,150.6,152.76,4945800.1,1012728.0,0.0001,0.0001,0.00010915000000000001,51928.7723379791,2478371374.408314,1.6584891318815331,1.077246320313589,,,,,,,,
2021-09-20,47241.75,47347.25,42500.0,43015.62,78003.524443,1842231.0,3328.57,3347.82,2913.39,2977.28,917939.57849,1708278.0,152.78,153.43,130.26,132.77,10153368.71,1676303.0,0.0001,0.0001,0.00013439,49806.90166903915,2224709525.8287754,1.9437307302846976,1.0609426027758007,,,,,,,,
2021-09-21,43016.64,43639.0,39600.0,40734.38,84534.080485,1820721.0,2977.32,3105.83,2652.0,2765.9,971519.88941,1754962.0,132.77,144.64,116.0,124.29,9608867.72,1534105.0,0.0001,0.0001,0.0001,46488.09374204947,1973732173.2738361,1.7560398414487632,1.0566734768904593,,,,,,,,
2021-09-22,40734.09,44000.55,40565.39,43543.61,58349.05542,1304011.0,2766.72,3088.88,2737.54,3076.92,677457.64825,1200519.0,124.3,151.36,122.1,148.02,7460596.34,1378922.0,0.0001,0.0001,0.0001,45627.20236585366,1940503862.122041,1.567077327944251,1.107460294738676,,,,,,,,
2021-09-23,43546.37,44978.0,43069.09,44865.26,48699.57655,1196106.0,3076.92,3174.5,3033.85,3152.5,459293.8858,885568.0,148.02,152.5,142.92,149.91,5188932.77,1103664.0,7.526333333333333e-05,0.0001,0.0001,45582.22700694445,2007925378.0701752,1.316029765173611,1.1078670797569443,,,,,,,,
2021-09-24,44865.26,45200.0,40675.0,42810.57,84113.426292,1819744.0,3152.41,3158.52,2733.0,2928.53,932090.8856,1607374.0,149.9,151.2,128.15,139.13,6710404.45,1174391.0,-4.1379999999999993e-05,-3.43e-05,0.0001,46885.29975438597,2020021540.8076978,1.3796977171578948,1.08709761877193,,,,,,,,
2021-09-25,42810.58,42966.84,41646.28,42670.64,33594.57189,949787.0,2928.22,2967.52,2801.57,2921.73,491974.0226,934301.0,139.11,144.18,133.54,136.06,3212733.31,617634.0,8.543e-05,2.476666666666666e-06,0.0001,44825.64392682927,1907376558.0693111,1.3918317348083624,1.1263350668641114,,,,,,,,
2021-09-26,42670.63,43950.0,40750.0,43160.9,49879.99765,1374145.0,2921.84,3115.51,2738.17,3059.37,703594.478,1347301.0,136.05,140.81,124.8,135.64,4342156.13,833314.0,3.590333333333334e-05,5.153666666666667e-05,0.0001,45162.812014084506,1931527954.8781247,1.316926426056338,1.0960709152464787,,,,,,,,
2021-09-27,43160.9,44350.0,42098.0,42147.35,39776.84383,1001487.0,3059.36,3164.94,2922.71,2925.59,510130.7319,1043885.0,135.7,148.92,133.72,136.35,5195624.27,1044176.0,0.0001,0.0001,0.0001,45433.992420138886,1975983872.4737794,1.2464927290625,1.0741617501041665,,,,,,,,
2021-09-28,42147.35,42787.38,40888.0,41026.54,43372.2624,1045389.0,2924.76,2970.82,2789.0,2804.91,511325.4643,928494.0,136.34,139.4,128.17,132.2,3899945.58,701465.0,5.207666666666666e-05,1.158e-05,0.0001,46350.57660416667,1942146032.4664679,1.64615611625,1.0738113459375,,,,,,,,
2021-09-29,41025.01,42590.0,40753.88,41524.28,33511.53487,884909.0,2805.15,2950.0,2782.0,2850.45,411305.0893,748804.0,132.22,140.17,131.12,135.25,3685498.28,658913.0,4.622e-05,-2.0433333333333325e-06,0.0001,46450.63344097222,1941899433.7856874,1.7178547427430555,1.131083262326389,,,,,,,,
2021-09-30,41524.29,44141.37,41410.17,43824.1,46381.22781,1197815.0,2850.45,3048.42,2837.19,3000.61,506896.7612,992243.0,135.24,142.95,134.02,141.37,3361454.58,626977.0,9.745000000000001e-05,2.349666666666667e-05,0.0001,47085.94190972222,2036110641.6361783,1.2144549473611113,1.0964905952430555,,,,,,,,
2021-10-01,43820.01,48495.0,43283.03,48141.61,66244.87492,1771237.0,3000.62,3330.0,2969.07,3309.91,648714.6151,1446386.0,141.38,164.95,138.25,161.56,6742166.88,1664714.0,3.1696666666666664e-05,5.5570000000000005e-05,0.0001,50785.66508710802,2338148035.9825745,0.8828990963414635,1.1009051475609757,,,,,,,,
2021-10-02,48141.6,48336.59,47430.18,47634.9,30508.98131,996116.0,3309.91,3469.0,3257.0,3387.76,422551.1811,1046194.0,161.62,175.0,156.06,168.98,5059987.02,1403494.0,4.911333333333333e-05,0.0001,0.0001,49840.15317073171,2382594088.798047,0.8683529983275262,1.125363226759582,,,,,,,,
2021-10-03,47634.89,49228.08,47088.0,48200.01,30825.05601,1114294.0,3387.77,3488.0,3342.51,3417.73,360586.8905,816339.0,169.0,177.79,165.58,172.98,4233767.25,1189557.0,0.0001,0.0001,0.0001,49766.98459722222,2388397607.195813,0.8972708272569445,1.1060512005902778,,,,,,,,
2021-10-04,48200.01,49536.12,46891.0,49224.94,46796.49372,1437692.0,3417.73,3437.19,3270.0,3386.31,485204.642,1090407.0,172.99,173.34,162.0,167.13,4312499.92,954028.0,0.0001,0.0001,0.0001,47773.47894791667,2299440194.0406137,0.9706288004166667,1.079705010173611,,,,,,,,
2021-10-05,49224.93,51886.3,49022.4,51471.99,52125.66793,1641651.0,3386.31,3545.0,3363.78,3515.27,393900.8818,1025512.0,167.13,170.18,159.68,164.62,3378441.71,745324.0,2.578e-05,0.0001,0.00010616333333333333,50901.69224652778,2547810941.7706966,0.7847076465972223,1.0982054301736113,,,,,,,,
2021-10-06,51471.99,55750.0,50382.41,55315.0,79877.545181,2443126.0,3515.48,3632.11,3342.0,3574.89,618265.5402,1444856.0,164.64,165.42,150.1,153.87,4499161.76,1048622.0,0.0001,0.00011441000000000001,0.00027979666666666666,51864.91440277777,2741380775.7020984,0.8204237566319444,1.0787225153472222,,,,,,,,
2021-10-07,55315.0,55332.31,53357.0,53785.22,54917.37766,1703147.0,3574.88,3653.98,3470.8,3587.47,486102.3591,1252503.0,153.9,161.42,150.34,154.26,3251376.58,865347.0,0.00023949666666666668,0.00025413333333333335,0.00040514666666666664,51294.05480902778,2789544785.6206493,1.0010948084027778,1.0673935753472223,,,,,,,,
2021-10-08,53785.22,56100.0,53617.61,53951.43,46160.25785,1548832.0,3587.47,3695.0,3532.0,3563.13,403597.1437,1084792.0,154.26,168.97,152.39,158.86,3735085.38,1114726.0,0.00023383666666666668,0.00018435,0.0001767,51957.444986111106,2830569101.3498144,1.233416620763889,1.0377962783680554,,,,,,,,
2021-10-09,53955.67,55489.0,53661.67,54949.72,55177.08013,1609483.0,3563.13,3635.0,3538.07,3574.82,361906.7514,1175683.0,158.88,161.54,154.18,156.84,1833309.02,478254.0,0.00011905666666666666,0.0001,0.00022996,51204.54949652778,2803637530.1683087,1.2567871288541665,1.1002291507638888,,,,,,,,
2021-10-10,54949.72,56561.31,54080.0,54659.0,89237.836128,2427176.0,3574.83,3604.0,3405.0,3414.22,580223.6302,1765439.0,156.8,158.5,145.55,147.55,2037895.69,553853.0,0.00013635333333333332,0.0001,0.00037275666666666666,52024.05189236111,2870680879.998705,1.149666103611111,1.049394388888889,,,,,,,,
2021-10-11,54659.01,57839.04,54415.06,57471.35,52933.165751,1690409.0,3414.22,3623.8,3371.0,3542.12,493521.882,1110340.0,147.56,154.0,140.24,144.77,2211323.14,530372.0,0.0001,0.00017690000000000002,0.0001707233333333333,53617.75534722222,3041347850.583827,1.0000354687847224,1.0759536475694444,,,,,,,,
2021-10-12,57471.35,57680.0,53879.0,55996.93,53471.2855,1554412.0,3542.12,3547.11,3403.21,3491.46,409377.1918,925699.0,144.79,153.5,137.61,152.32,3377483.32,898270.0,0.0001,0.0001,0.0001,54168.94813888889,3068565310.756624,1.0837059703472223,1.0308981928819445,,,,,,,,
2021-10-13,55996.91,57777.0,54167.19,57367.0,55808.44492,1610489.0,3491.43,3613.0,3412.7,3607.42,393463.1222,902525.0,152.35,155.56,144.28,148.04,2760546.0,752431.0,0.0001,0.0001,0.0001,50725.759114583336,2841908321.970277,1.2213353851388888,1.0471451985763889,,,,,,,,
2021-10-14,57370.83,58532.54,56818.05,57347.94,43053.336781,1372048.0,3607.41,3824.0,3586.04,3790.82,481894.1473,1430307.0,148.05,155.65,147.27,150.02,2654600.61,630301.0,0.00016693,0.00026477,0.00017444666666666664,50293.784107638894,2900404011.526581,1.0604422118402779,1.0656508084027778,,,,,,,,
2021-10-15,57347.94,62933.0,56850.0,61672.42,82512.908022,2649137.0,3790.82,3907.77,3734.1,3868.99,504321.732,1399937.0,150.01,165.75,146.68,163.18,5388612.07,1688936.0,0.00018895,0.00034517333333333337,0.00014826666666666665,53326.01022222222,3196430809.5467978,0.9294811238541667,1.061405924201389,,,,,,,,
2021-10-16,61672.42,62378.42,60150.0,60875.57,35467.88096,1360379.0,3868.38,3971.0,3803.56,3829.96,373727.8549,1037769.0,163.15,164.8,156.36,157.54,1985241.59,682954.0,0.00039754333333333336,0.00036001666666666664,0.00022837,53556.29857291667,3284414938.152818,1.1663867360069444,1.066253822361111,,,,,,,,
2021-10-17,60875.57,61718.39,58963.0,61528.33,39099.24124,1331655.0,3829.96,3919.19,3640.0,3846.85,368898.9831,1025324.0,157.54,167.65,153.13,160.12,3070422.13,1047710.0,0.00038554,0.0004150533333333333,0.00031859333333333337,54647.60217770035,3327760867.969856,1.395836992020906,1.0540498752264809,,,,,,,,
2021-10-18,61528.32,62695.78,59844.45,62009.84,51798.44844,1629184.0,3847.0,3893.14,3676.0,3744.96,401819.9734,994548.0,160.11,162.98,154.91,157.12,2240606.17,602010.0,0.00023547333333333333,0.00027291333333333333,0.00017316333333333332,52879.24060416667,3269118809.6018314,1.3813211926388889,1.0142511267361112,,,,,,,,
2021-10-19,62005.6,64486.0,61322.22,64280.59,53628.107744,1755708.0,3744.96,3886.89,3732.0,3877.03,341268.3723,925015.0,157.12,159.45,153.06,155.78,1821550.17,385961.0,0.00011658000000000001,0.00030956999999999995,0.0002717933333333333,53318.34675694445,3347039123.7329082,1.2498507812847222,1.0324224825694444,,,,,,,,
2021-10-20,64280.59,67000.0,63481.4,66001.41,51428.934856,1823286.0,3876.98,4169.0,3828.05,4161.15,537383.09732,1766454.0,155.77,176.87,155.0,176.72,3884374.7,1345427.0,0.0002774566666666667,0.0004177566666666666,0.00017467666666666666,56066.148319444444,3644763462.8114896,1.0309605375,1.063393025451389,,,,,,,,
2021-10-21,66001.4,66639.74,62000.0,62193.15,68538.64537,2181665.0,4161.37,4375.0,4013.13,4052.99,798566.55805,2380751.0,176.72,194.21,176.7,190.5,7853710.77,2985763.0,0.0006274466666666667,0.0006085266666666667,0.0004249633333333333,55901.21419860627,3601152243.6839323,1.62911836728223,1.0029178084320558,,,,,,,,
2021-10-22,62193.15,63732.39,60000.0,60688.22,52119.35886,1555280.0,4053.0,4167.41,3888.0,3972.2,463222.5428,1133846.0,190.46,215.1,187.96,196.29,8364239.42,3250483.0,0.00030406000000000004,0.00033938,0.00027398,55367.016742160275,3445051152.0240498,2.0718672212891986,1.0586104187108014,,,,,,,,
2021-10-23,60688.23,61747.64,59562.15,61286.75,27626.93678,982103.0,3972.19,4172.0,3937.51,4167.12,326576.9601,940891.0,196.29,205.78,191.86,197.75,3274703.05,994023.0,0.00019475666666666667,0.00021215333333333332,0.00040458333333333335,55658.418777777784,3402263492.32023,2.180553531736111,1.0238753219097223,,,,,,,,
2021-10-24,61286.75,61500.0,59510.63,60852.22,31226.57676,1052085.0,4167.13,4186.57,3961.5,4082.33,350115.8386,917969.0,197.75,204.86,185.22,202.14,3573960.26,1095862.0,0.00033478333333333333,0.00034886000000000004,0.0006549899999999999,56727.93598958333,3446172556.6054745,2.3761796556944446,1.0338413088194445,,,,,,,,
2021-10-25,60852.22,63710.63,60650.0,63078.78,36853.83806,1270453.0,4082.33,4236.0,4067.71,4220.37,347438.6534,939963.0,202.15,218.93,198.0,209.7,4914479.29,1799874.0,0.00028888666666666667,0.00038549333333333336,0.00030521666666666667,55972.42481597222,3507036386.952308,2.145131384513889,1.085980193125,,,,,,,,
2021-10-26,63078.78,63293.48,59817.55,60328.81,40217.50083,1334460.0,4220.36,4297.0,4090.21,4131.52,414498.1599,1285913.0,209.73,214.2,196.36,199.85,3168707.16,948990.0,0.0005254166666666667,0.00039995333333333336,0.0005142266666666666,56102.61833680556,3499151033.455094,2.221967822847222,1.0756543793402777,,,,,,,,
2021-10-27,60328.81,61496.0,58000.0,58413.44,62124.49016,1913083.0,4131.52,4307.0,3909.0,3922.0,704604.25,1872190.0,199.87,205.49,176.94,184.49,5003626.21,1484329.0,0.0002883366666666667,0.00034302666666666666,0.00032027000000000005,56655.95178214286,3374188711.792471,2.7799707134285714,1.0526767355,,,,,,,,
2021-10-28,58413.44,62499.0,57820.0,60575.89,61056.35301,1878275.0,3921.99,4295.0,3890.17,4286.02,626378.5055,1711575.0,184.45,201.38,181.64,195.42,3503774.6,1180034.0,0.00013118666666666666,0.00013185333333333332,0.0001,54856.20126573427,3304781696.4821663,2.6384420120279723,1.050199475804196,,,,,,,,
2021-10-29,60575.9,62980.0,60174.81,62253.71,43973.90414,1417344.0,4286.01,4460.47,4265.97,4418.89,559231.07691,1799386.0,195.37,205.22,194.45,200.41,2484214.02,812602.0,0.00021869999999999998,0.00034561333333333336,0.0001,52184.28650347222,3215336857.2160916,2.5072753005555555,1.044791545798611,,,,,,,,
2021-10-30,62253.7,62359.25,60673.0,61859.19,31478.12566,1197748.0,4418.89,4434.06,4232.2,4322.68,340223.069,1035476.0,200.36,200.62,187.3,195.7,1609573.37,543081.0,0.00026212,0.00027984666666666663,0.00010089666666666666,52420.68388339223,3231836016.9545407,2.6229036871024736,1.076572870353357,,,,,,,,
2021-10-31,61859.19,62405.3,59945.36,61299.8,39267.63794,1563417.0,4322.68,4399.14,4164.35,4287.21,412856.2893,1303438.0,195.69,205.0,185.31,202.49,2375757.35,938513.0,0.00037292333333333337,0.00015153666666666666,0.00015952,54125.99455594405,3308692146.641946,3.065852766818182,1.0683902667132867,,,,,,,,
2021-11-01,61299.81,62437.74,59405.0,60911.11,44687.66672,1472636.0,4287.48,4386.58,4146.3,4319.43,417620.7073,1134036.0,202.53,211.66,197.7,203.9,3150076.28,1314713.0,0.0004026766666666666,0.00021524333333333332,0.00026146333333333335,54574.77990277778,3345644875.343678,2.9933729492708334,1.0226146325,,,,,,,,
2021-11-02,60911.12,64270.0,60624.68,63219.99,46368.2841,1858362.0,4319.43,4599.6,4284.43,4589.89,468184.79301,1657233.0,203.91,222.22,200.97,220.82,2876704.542,1341741.0,0.00032179,0.0003932733333333333,0.00036889000000000003,54457.290125,3407269144.348034,2.5609340306250004,1.0704658798958333,,,,,,,,
2021-11-03,63220.57,63500.0,60382.76,62896.48,43336.09049,1601925.0,4589.68,4665.87,4455.0,4603.35,448658.35125,1580640.0,220.81,247.0,215.69,243.37,5253716.352,2883050.0,0.00052478,0.00026726,0.00033004000000000003,54616.92203472222,3433400883.7762165,2.6214751627777777,1.0599021187152777,,,,,,,,
2021-11-04,62896.49,63086.31,60677.01,61395.01,35930.93314,1346081.0,4603.35,4606.65,4420.08,4532.32,368218.25695,1019675.0,243.37,250.5,234.0,247.07,3552648.58,1645008.0,0.0004770166666666667,0.00035816,0.0001,54591.89268402778,3376607132.8565345,3.175691228715278,1.0151799414930556,,,,,,,,
2021-11-05,61395.01,62595.72,60721.0,60937.12,31604.48749,1243074.0,4532.31,4570.05,4438.8,4474.24,305651.7244,893068.0,247.06,248.84,230.34,236.06,2233800.23,900681.0,0.0002603566666666667,0.00023373333333333334,0.00019938,55520.60069097222,3416128369.905529,3.4604950888541666,1.0445400092013888,,,,,,,,
2021-11-06,60940.18,61560.49,60050.0,61470.61,25590.57408,965309.0,4474.24,4530.0,4326.17,4518.0,322154.0973,868676.0,236.04,259.9,234.79,258.44,3046062.46,1587133.0,0.00045389333333333335,0.00031130333333333335,0.0001,57867.6128125,3528559986.6714892,3.5243227844097222,1.0740329011805556,,,,,,,,
2021-11-07,61470.62,63286.35,61322.78,63273.59,25515.6883,1068629.0,4518.0,4637.98,4502.37,4612.59,243596.5952,834745.0,258.41,258.66,245.65,249.68,1923092.87,744519.0,0.0003031966666666667,0.00024648,0.0001,56035.4434375,3481302187.556235,2.939759874895833,1.0851367525347222,,,,,,,,
2021-11-08,63273.58,67789.0,63273.58,67525.83,54442.094554,2349581.0,4612.59,4822.97,4612.0,4807.98,391102.31806,1344244.0,249.62,253.3,240.68,248.26,2301351.76,823230.0,0.00041316333333333335,0.0002423966666666667,0.0005136666666666666,58903.30486458333,3877353868.4939675,1.943684329652778,1.0530894966666666,,,,,,,,
2021-11-09,67525.82,68524.25,66222.4,66947.66,44661.378068,1847655.0,4807.98,4838.28,4713.89,4732.33,311267.57998,995668.0,248.27,253.22,237.62,239.04,2217088.06,800356.0,0.00048591,0.0001,0.00034392999999999994,60289.74389583333,4073309901.847654,1.8875894405208333,1.0159124851388888,,,,,,,,
2021-11-10,66947.67,69000.0,62822.9,64882.43,65171.504046,2347934.0,4732.33,4868.0,4461.93,4628.78,553596.99163,1492374.0,239.06,248.0,217.5,233.09,3092477.23,1103380.0,0.0005447533333333333,0.00023136666666666666,0.00039448666666666663,60512.26616842105,4051757876.5728097,2.043000946491228,1.0364641600350877,,,,,,,,
2021-11-11,64882.42,65600.07,64100.0,64774.26,37237.98058,1327827.0,4628.68,4779.0,4576.47,4719.0,303688.9765,909164.0,233.06,246.5,229.4,233.37,1997993.9,945124.0,0.00018341000000000003,0.00014324666666666667,0.00015279,55971.492249999996,3634801745.9993896,2.6969959595833335,1.0301764934722222,,,,,,,,
2021-11-12,64774.25,65450.7,62278.0,64122.23,44490.10816,1479149.0,4719.0,4809.71,4507.85,4665.46,461580.0415,1206412.0,233.34,239.09,220.83,228.48,2114721.23,892715.0,0.0003013933333333333,0.0001,0.0001,57467.58395833333,3689250245.7140446,3.0755930292361113,1.0448082314583333,,,,,,,,
2021-11-13,64122.22,65000.0,63360.22,64380.0,22504.97383,904149.0,4665.47,4707.6,4584.08,4644.28,220720.6611,731125.0,228.46,241.97,224.79,241.59,1458387.39,769225.0,0.00023005333333333332,0.0001,0.00014086,58157.097291666665,3726130089.6920266,3.34971727,1.086059259201389,,,,,,,,
2021-11-14,64380.01,65550.51,63576.27,65519.1,25705.07347,951393.0,4644.27,4696.05,4514.12,4626.5,245309.0674,623491.0,241.58,242.0,230.4,238.64,1075144.87,591553.0,0.00012340333333333333,0.0001,0.0001,58069.535180555555,3745260096.1053987,3.4334535179166665,1.073603772847222,,,,,,,,
2021-11-15,65519.11,66401.82,63400.0,63606.74,37829.37124,1305209.0,4626.5,4772.01,4540.0,4563.78,375421.6601,1061676.0,238.63,246.36,234.49,238.2,1921128.24,818787.0,0.0002595333333333333,0.00019177666666666667,0.00010204333333333333,59901.388673611116,3900890479.8843045,3.1462488859375,1.050070245798611,,,,,,,,
2021-11-16,63606.73,63617.31,58574.07,60058.87,77455.15609,2353681.0,4563.77,4563.77,4103.0,4209.76,735857.063,1741259.0,238.18,238.21,213.81,219.04,2557623.67,922036.0,0.00018665999999999998,0.00011917666666666667,0.0001,62089.00896797153,3776049682.364151,4.110475400711744,1.0394987615302491,,,,,,,,
2021-11-17,60058.87,60840.23,58373.0,60344.87,46289.38491,1471305.0,4209.59,4299.91,4063.48,4287.8,472852.1842,1146593.0,219.09,222.44,209.53,218.94,2094790.54,714591.0,0.00011051666666666667,0.0001,0.0001,61986.10101041667,3711928706.3421164,4.123630815555555,1.08104355,,,,,,,,
2021-11-18,60344.86,60976.0,56474.26,56891.62,62146.99931,1960419.0,4288.07,4344.81,3956.44,3996.9,576945.1837,1319866.0,218.9,222.78,186.5,195.01,3077799.94,855574.0,0.00010411666666666666,0.0001,0.0001,61250.84538515901,3615348897.1879387,4.302215359823322,1.0275804493286218,,,,,,,,
2021-11-19,56891.62,58320.0,55600.0,58052.24,50715.88726,1560459.0,3996.9,4308.97,3973.01,4294.76,420045.0897,984517.0,195.19,219.59,188.99,215.25,2712585.78,854484.0,0.0001,0.0001,0.0001,60481.894149825785,3459303738.5149693,4.0163528013588845,1.0566601338675958,,,,,,,,
2021-11-20,58057.1,59845.0,57353.0,59707.51,33811.5901,1200190.0,4294.75,4435.88,4199.86,4412.17,365584.578,888090.0,215.25,221.17,205.84,217.63,1560552.25,549721.0,0.0001,0.0001,0.0001,58464.36643750001,3429663942.5089474,3.686339446284722,1.067177694548611,,,,,,,,
2021-11-21,59707.52,60029.76,58486.65,58622.02,31902.22785,1249219.0,4412.17,4451.0,4242.41,4258.31,340206.3203,836925.0,217.64,240.0,210.53,230.51,1888280.05,728927.0,0.0001,0.0001,0.00011839333333333332,56888.61989583333,3364148471.147192,3.5682362638194443,1.0680039200347222,,,,,,,,
2021-11-22,58617.7,59444.0,55610.0,56247.18,51724.32047,1624768.0,4259.7,4320.0,4022.74,4085.97,518501.3338,1162581.0,230.56,231.99,211.6,215.59,2456703.81,956575.0,0.0001,0.0001,0.0001,59212.84960627178,3395130439.3957653,3.633461773066202,1.0390062510801394,,,,,,,,
2021-11-23,56243.83,58009.99,55317.0,57541.27,49917.85017,1570845.0,4086.28,4385.59,4059.62,4339.44,502811.7902,1098270.0,215.58,226.08,210.91,221.75,1654017.24,579396.0,0.00010965666666666666,0.0001,0.0001,60653.52014930555,3452938505.1672955,4.451238830659722,1.09655602875,,,,,,,,
2021-11-24,57541.26,57735.0,55837.0,57138.29,39612.04964,1432991.0,4339.45,4373.94,4167.65,4269.36,448727.0306,990018.0,221.76,222.47,200.14,205.7,1878172.55,578989.0,0.0001067,0.0001,0.0001,60883.332368055555,3456210429.531084,4.3778774628125,1.0774110168402777,,,,,,,,
2021-11-25,57138.29,59398.9,57000.0,58960.36,42153.51522,1604266.0,4270.1,4550.0,4248.27,4524.85,445868.2434,1123629.0,205.76,216.35,201.93,209.97,1764837.19,577000.0,0.00014404,0.00018379,0.00020220666666666666,60768.21261888112,3541051655.305715,3.76590527458042,1.1064546181118882,,,,,,,,
2021-11-26,58960.37,59150.0,53500.0,53726.53,65927.87066,2138184.0,4524.48,4551.0,3913.0,4041.2,720245.1612,1654553.0,209.94,210.53,182.7,192.42,2776105.44,810627.0,0.00019201333333333334,0.00021081666666666668,0.00025425,64778.222710144924,3603580433.0688095,4.684030562536232,1.0186467039130436,,,,,,,,
2021-11-27,53723.72,55280.0,53610.0,54721.03,29716.99957,1110145.0,4041.2,4183.66,4028.34,4095.29,275326.5202,723831.0,192.37,199.39,190.61,192.74,1028955.27,367238.0,0.00010274666666666666,0.0001,0.0001,64729.0872369338,3537838931.78086,5.376954105400697,1.017643645749129,,,,,,,,
2021-11-28,54716.47,57445.05,53256.64,57274.88,36163.7137,1253408.0,4095.29,4298.51,3964.0,4294.78,346471.3551,842343.0,192.74,202.1,180.93,200.69,1560980.85,474798.0,0.0001,0.0001,0.0001,63810.63943006993,3484708182.6261935,4.919295982167832,1.0787084080069929,,,,,,,,
2021-11-29,57274.89,58865.97,56666.67,57776.25,40125.28009,1349625.0,4294.77,4458.92,4276.89,4444.53,406881.2284,947503.0,200.71,212.75,199.63,204.09,1458763.57,545238.0,0.00013591333333333333,0.0001,0.0001,61421.277090277785,3537265837.4102106,3.4585658750694446,1.0509954411458333,,,,,,,,
2021-11-30,57776.25,59176.99,55875.55,56950.56,49161.05194,1587472.0,4444.54,4753.0,4346.36,4630.26,743024.4662,1808789.0,204.1,218.28,199.55,208.53,2176734.39,733363.0,0.00015936666666666665,0.00013067333333333333,0.0001,60442.853845070415,3465975162.290589,3.6300475545422537,1.0300616413380281,,,,,,,,
2021-12-01,56950.56,59053.55,56458.01,57184.07,44956.63656,1442301.0,4630.25,4778.75,4523.99,4582.95,508198.3105,1367302.0,208.52,232.63,207.89,229.81,2589478.23,1057522.0,0.00017278333333333332,0.00012083333333333332,0.0001,60756.63660069445,3487149530.4122014,3.890835262162096,1.0491197292927084,364540.89495138894,1710144007.3953257,1.755264319714126,1.0595935134347223,1186490.3159722222,262588393.24912676,4.876645105360738,0.9874239161677083
2021-12-02,57184.07,57375.47,55777.77,56480.34,37574.05976,1307890.0,4582.95,4634.83,4433.0,4511.21,451861.9545,1062149.0,229.81,243.12,220.0,233.6,3042712.67,1248113.0,0.00011983666666666666,0.0001,0.0001,60557.16746180555,3432640692.156678,4.489260178089953,1.0428271038559027,353026.14646874997,1601671799.1941178,2.5047061390817627,1.063684386095486,1173512.3715277778,268757948.68699783,4.159418033060934,1.005582234492361
2021-12-03,56484.26,57600.0,51680.0,53601.05,58927.69027,1865063.0,4511.35,4654.88,4032.5,4215.73,677974.8659,1516700.0,233.59,239.37,204.68,211.65,2867134.41,1049117.0,0.0001629466666666667,0.00010854,0.0001,61655.393628472215,3443242128.0405436,4.796121188602499,1.0480709657177085,347643.67375,1550827721.0500462,2.825088239293596,1.0406807124475694,1170899.482638889,266081236.83928844,4.678366870253503,1.0117199139597224
2021-12-04,53601.05,53859.1,42000.3,49152.47,114203.373748,3362771.0,4215.01,4238.59,3503.68,4117.25,1111773.1451,2264288.0,211.65,212.62,169.0,200.67,4895759.09,1532975.0,6.392666666666667e-05,8.861e-05,3.1540000000000006e-05,47344.28890526316,2332082104.2215137,3.4580701382887407,1.008238232706316,301091.37489473686,1209716431.5610106,2.80153134109223,1.056387808685614,1033171.7228070175,205582698.9221027,5.680676420290274,0.979785792037193
2021-12-05,49152.46,49699.05,47727.21,49396.33,45580.82012,1371839.0,4117.25,4248.19,4031.39,4196.44,536325.4413,1088546.0,200.68,204.51,181.44,196.43,2482292.26,770294.0,9.091e-05,0.0001,0.0001,40461.84592013889,1984356184.268978,2.328381726955074,1.103373896479514,284281.2644409722,1181783428.6724055,2.161566611303966,1.0733270650854165,991621.3541666666,192645765.07967293,5.419025589294239,1.0017739835899304
2021-12-06,49396.32,50891.11,47100.0,50441.92,58571.21575,1741956.0,4196.44,4376.15,3921.0,4347.59,726742.9638,1447061.0,196.49,197.71,176.17,193.56,2815245.83,768624.0,0.0001,0.0001,0.0001,39758.095993055555,1938943950.4065123,1.8493178458357282,1.0905434622753472,274518.28426041664,1133555955.9839823,1.861814354827374,1.08120614491875,967522.5347222222,181777466.55312294,4.717012836353545,1.0317050823111111
2021-12-07,50441.91,51936.33,50039.74,50588.95,38253.46877,1212350.0,4347.57,4425.0,4255.92,4306.4,420749.751,986492.0,193.57,204.1,187.26,190.19,1939707.91,534598.0,7.992333333333333e-05,9.020000000000001e-05,5.708666666666667e-05,39199.182489583334,1997099677.1034002,1.6747281340857103,1.0791490554972223,282531.42847569444,1227902430.5486364,1.5322707531892403,1.152734531859375,957783.6319444445,188512519.89014435,4.293553459114411,1.0062800546725694
2021-12-08,50588.95,51200.0,48600.0,50471.19,38425.92466,1118225.0,4306.4,4450.49,4222.95,4436.91,429403.9351,991178.0,190.24,196.27,183.5,194.61,1670677.66,452538.0,0.0001,0.0001,0.0001,39731.03861111111,1996931154.550875,1.7934736515520169,1.099227852126389,276740.55542708334,1204704878.6614907,1.5393047584189645,1.1416959295888889,989038.9166666666,188289563.8944505,5.018403171440066,1.0190546866121528
2021-12-09,50471.19,50797.76,47320.0,47545.59,37692.68665,1130599.0,4436.91,4488.0,4076.16,4105.64,462173.711,1038790.0,194.61,196.6,178.64,181.11,1664934.25,431652.0,0.0001,0.0001,0.0001,40533.491822916665,1986528240.3628078,2.0631004408590132,1.0706485384597224,294167.9582604167,1259633104.6817293,1.7795714534640785,1.0984318075708335,1006643.3645833334,188416283.2917572,5.066853793175666,0.9780051714736112
2021-12-10,47535.9,50125.0,46852.0,47140.54,44233.57391,1215231.0,4105.64,4231.08,3887.37,3897.94,563236.5671,1098758.0,181.08,184.6,167.0,167.39,1862906.9,480714.0,0.0001,6.321e-05,0.0001,41427.100420138886,1997699422.7887857,2.2902395003362193,1.0590004449215278,291507.6304583333,1188435370.7438002,2.1459548042516126,1.059727087340625,1019779.4409722222,180400134.06082025,5.611516636524765,0.9767938032184027
2021-12-11,47140.54,49485.71,46751.0,49389.99,28889.19358,957390.0,3898.31,4097.08,3828.22,4089.37,427853.4343,831899.0,167.39,173.8,161.33,172.15,1541656.11,399298.0,0.0001,9.572999999999999e-05,0.0001,39651.026902777776,1920927673.1216943,1.9815729746929922,1.1120887105229167,288336.36489583337,1157891753.598331,2.2574085653839493,1.0870972280145834,988965.9861111111,167845606.22215202,5.66947824331033,1.0188528226600695
2021-12-12,49389.99,50777.0,48638.0,50053.9,26017.93421,863605.0,4089.68,4173.63,3986.25,4130.0,260535.5157,591319.0,172.15,176.85,167.64,172.8,976615.96,265874.0,0.0001,0.0001,0.0001,42062.201677083336,2084645021.3807843,1.5755712996950821,1.128286376782986,294311.24628819444,1196351695.44363,2.1178497711025726,1.1290111945861112,1014718.5590277778,173608776.16368702,6.10903399118116,1.035833611279514
2021-12-13,50053.9,50189.97,45672.75,46702.75,50869.52093,1399599.0,4130.0,4142.75,3671.45,3781.93,533467.2307,1144882.0,172.83,172.83,148.04,155.21,2470231.82,557560.0,0.0001,2.729666666666667e-05,0.0001,43110.61459027778,2076595357.6766298,2.0204516575928597,1.0639348173850693,300770.36885069445,1178829504.3864946,2.3500510277197093,1.0215406935142362,1042691.1493055555,169540867.80719787,6.010161740818842,1.027592831992014
2021-12-14,46702.76,48700.41,46290.0,48343.28,39955.98445,1194992.0,3781.92,3882.74,3685.0,3858.99,395145.7462,915721.0,155.2,163.35,149.6,161.26,2151408.98,482948.0,6.115000000000001e-05,4.911e-05,2.4956666666666674e-05,43122.583079861106,2034014021.6146593,2.3653297418105836,1.095984479792014,308357.5865833333,1169358814.8484395,2.3524915812668894,1.1069733598413194,1011181.0277777778,157745156.11102685,5.443560482100598,1.0539151329482639
2021-12-15,48336.95,49500.0,46547.0,48864.98,51629.181,1438176.0,3858.99,4092.22,3643.73,4019.08,542068.0573,1238234.0,161.25,182.64,156.81,178.52,3328550.89,838776.0,0.0001,0.0001,0.0001,43680.22170034843,2100973201.976497,1.931169928163054,1.09240366489338,311123.73088153306,1201096988.2520978,2.0679321227451224,1.1066622004156794,987257.2543554007,163978340.41206825,3.9560165053453145,1.0305773914881533
2021-12-16,48864.98,49436.43,47511.0,47632.38,31949.86739,1023983.0,4019.54,4113.43,3942.11,3958.11,368780.031,848885.0,178.53,189.0,174.37,176.86,2482901.38,650522.0,0.0001,7.744666666666667e-05,9.128666666666667e-05,46628.12189930556,2264723532.7438307,1.9099385716717512,1.1105384260552082,317551.31005208334,1280659840.9864542,1.7698363848791447,1.097034038559375,989604.1284722222,179549465.89283457,2.54976782546027,1.0557123241149307
2021-12-17,47632.38,47995.96,45456.0,46131.2,43104.4887,1261780.0,3959.11,3994.1,3700.0,3875.42,463370.9225,1052871.0,176.89,182.5,167.88,175.51,2308612.94,593797.0,8.226e-05,0.0001,0.0001,49997.72283333333,2351880389.660578,2.7465550878806173,1.0663835455680557,313567.9990208333,1218920434.269077,2.165462514451074,1.1290851674059028,991382.5833333334,175507107.5745896,2.8916085175660227,1.005831513782986
2021-12-18,46133.83,47392.37,45500.0,46834.48,25020.05271,862066.0,3875.43,3996.93,3767.01,3959.93,339593.2543,740899.0,175.48,184.24,170.96,182.78,1218448.99,351212.0,8.913999999999999e-05,8.473999999999999e-05,0.0001,52219.036461805554,2432987280.88669,3.0286980886452164,1.0812493844246527,308509.14965624997,1208600747.1455762,2.0594166280602346,1.1306152524843749,1000888.34375,178827728.85556212,3.101405176777842,1.0761924995395833
2021-12-19,46834.47,48300.01,46406.91,46681.23,29305.70665,874827.0,3959.93,4032.43,3884.0,3924.14,306006.323,688078.0,182.78,189.43,177.99,179.93,1217882.6,389005.0,9.026666666666667e-05,8.117666666666666e-05,0.0001,55917.445138888885,2637526492.518469,2.5189886581876317,1.0783023747548612,314213.48349652777,1239232289.4096339,1.9943387521658176,1.1234337176152778,1008431.4236111111,185270618.89963642,2.536676741358682,1.069127926888889
2021-12-20,46681.24,47537.57,45558.85,46914.16,35848.50609,1076488.0,3924.14,3983.37,3753.0,3944.73,366916.4771,844070.0,179.9,181.18,168.49,173.9,1448185.8,366776.0,0.0001,0.0001,0.0001,59759.154593750005,2773250864.714825,2.9196729140664686,1.0351450598461804,324663.59339236113,1252472353.1179092,2.2153235547855212,1.0442341398527777,965272.9409722222,168722201.3161307,3.451935168615504,1.00568072005625
2021-12-21,46914.17,49328.96,46630.0,48889.88,37713.92924,1119412.0,3944.72,4063.0,3913.21,4014.15,340826.3553,799127.0,173.9,182.54,170.27,179.63,1302766.6,368859.0,9.728e-05,0.0001,0.0001,67656.48514583333,3275342619.194364,1.5778922552270687,1.107401840990625,330803.79147916666,1323105873.8905544,1.731673641190167,1.1110362710402777,985959.1215277778,175470717.44583702,3.227802149615428,1.0262958863180556
2021-12-22,48887.59,49576.13,48421.87,48588.16,27004.2022,949480.0,4014.41,4074.87,3933.4,3979.51,303191.8076,675826.0,179.62,187.55,177.05,178.4,1379639.45,397883.0,0.0001,0.0001,0.0001,71713.19792013889,3510617804.2077794,1.5152752448541311,1.0654139723187501,332286.75213541667,1333816451.8971746,1.8588933145315438,1.1491351417010418,1022754.5590277778,186656609.69757214,3.4467340454792716,1.0291592970756944
2021-12-23,48588.17,51375.0,47920.42,50838.81,35192.54046,1176050.0,3979.51,4150.0,3893.23,4111.41,380207.8166,911905.0,178.38,193.5,175.64,190.03,1726907.3,529807.0,7.912666666666667e-05,7.794333333333333e-05,0.0001,73712.71788541666,3616426895.8025265,1.7650459180009639,1.0756649856569445,344280.512875,1374048722.0998974,2.0609742156798387,1.0691914833847223,1060655.6180555555,193431924.01343158,4.3499283583873485,1.0017990833861112
2021-12-24,50838.82,51810.0,50384.43,50820.0,31661.94946,1074410.0,4111.41,4134.84,4017.17,4046.36,230741.8072,593257.0,190.08,197.55,184.14,190.36,1657041.94,513996.0,0.0001,0.0001,0.0001,73406.35361672475,3745341020.900302,1.5761054557138026,1.0905766906616725,394330.20370731706,1612379154.8703165,1.926591122143791,1.0759620307442508,1116026.6271777004,212741110.78538987,4.147896764632627,1.0206860974198606
2021-12-25,50819.99,51156.23,50142.32,50399.66,19135.51613,766979.0,4046.35,4137.91,4018.62,4094.83,208126.8805,515115.0,190.37,195.0,189.08,193.1,1047151.86,318427.0,0.0001,0.0001,0.0001,73382.76501388889,3729395663.261683,1.8172126288698867,1.0940290250690972,433733.11515625,1763091891.2250643,2.250905218507352,1.1374792861010417,1111879.8194444445,213730603.92248577,3.821210957253257,1.0425794475986112
2021-12-26,50399.67,51280.0,49412.0,50775.49,22569.88914,797133.0,4094.36,4105.0,4000.0,4063.56,189309.255,496076.0,193.03,200.59,190.22,197.81,1539530.03,452500.0,0.0001,0.0001,0.0001,73904.58243055554,3704949081.992492,2.2568168129784882,1.0431141918902778,441447.42905555555,1789776482.985189,2.2782736184977868,1.1057466531093751,1102913.2083333333,216252511.4636968,3.355807894828572,1.0380007070177082
2021-12-27,50775.48,52088.0,50449.0,50701.44,28779.58212,1009238.0,4063.57,4127.46,4031.0,4037.23,222202.1383,557284.0,197.85,204.75,194.71,195.67,1218339.79,411472.0,0.0001,0.0001,0.0001,73624.6868125,3759208389.108517,1.980803199569033,1.097295771413889,445204.83146180556,1813523538.684205,2.370436376478185,1.1074308102225694,1116977.4166666667,223299390.6973865,3.121581066753373,1.0377400845774305
2021-12-28,50701.44,50704.05,47313.01,47543.74,45853.33924,1345774.0,4037.22,4037.23,3759.36,3792.75,358064.7163,846780.0,195.68,195.68,176.2,177.32,1997243.2,537797.0,0.0001,5.493333333333333e-05,0.0001,73773.90846527778,3603905904.2965536,2.6348346052311946,1.0738510493239584,472444.57839236106,1838539314.20056,2.8418869486745653,1.163069882986111,1053726.2916666667,197000857.09995848,4.3457947458546755,1.0094739821361112
2021-12-29,47543.74,48139.08,46096.99,46464.66,39498.87,1114074.0,3792.75,3827.78,3604.2,3630.19,302753.6375,719559.0,177.28,180.62,170.01,170.63,1540603.75,395718.0,0.0001,8.307666666666667e-05,0.0001,74982.8300348432,3567128173.7654643,3.048021093187466,1.0968481524118467,480876.70459930314,1814490924.9377177,3.2061283672580316,1.1425011838937282,1067143.9651567945,187746785.47880405,5.323660195322922,1.0165527410731707
2021-12-30,46464.66,47900.0,45900.0,47120.87,30352.29569,910157.0,3630.18,3769.1,3585.0,3709.27,249263.7305,583361.0,170.65,175.74,168.17,172.52,1022709.31,267354.0,0.0001,6.156e-05,0.0001,72814.63888194444,3427884573.9597034,3.179606498596331,1.1160878108982857,470938.94165972224,1743628078.7816663,3.119620895832331,1.0950158225154285,1089529.75,188364145.8972595,5.585188488020463,1.0461277474314286
2021-12-31,47120.88,48548.26,45678.0,46216.93,34937.99796,1059783.0,3709.27,3815.0,3622.29,3676.23,268014.2942,617370.0,172.53,177.65,167.67,169.99,1026603.34,269799.0,5.6326666666666664e-05,5.940333333333333e-05,0.0001,72905.32962020906,3446304547.58608,,,477176.5568675959,1782976253.1646686,,,1104677.6655052265,190939814.09526363,,
2022-01-01,46216.93,47954.63,46208.37,47722.65,19604.46325,714899.0,3676.22,3776.45,3673.46,3765.54,154143.8968,408666.0,170.01,179.2,169.93,179.06,634599.39,179793.0,0.0001,0.0001,0.0001,74241.72103125001,3496934303.8755503,,,474076.44307291665,1766742749.5329878,,,1059708.4652777778,184190733.15965098,,
2022-01-02,47722.66,47990.0,46654.0,47286.18,18340.4604,709624.0,3765.54,3857.44,3717.3,3828.27,154791.4263,450610.0,179.06,179.53,174.31,176.35,620087.38,176256.0,0.0001,4.284333333333333e-05,0.0001,73594.3105625,3476205329.1161623,,,471905.6135555555,1778169292.1196792,,,1045322.7256944445,184461792.37381217,,
2022-01-03,47286.18,47570.0,45696.0,46446.1,27662.0771,885624.0,3828.11,3853.09,3680.0,3765.89,236245.8586,594541.0,176.34,176.49,166.59,170.15,1031316.43,250131.0,0.0001,6.483666666666667e-05,0.0001,76140.95468402778,3563818871.4215794,,,471922.86236111115,1787361795.928083,,,1098136.5729166667,189443891.5226513,,
2022-01-04,46446.1,47557.54,45500.0,45832.01,35491.4136,1021815.0,3765.89,3900.73,3713.11,3785.11,288258.5549,676651.0,170.14,173.93,166.47,167.72,1041332.63,264666.0,0.0001,0.0001,0.0001,80234.27004861111,3724814155.847176,,,474795.64718402777,1801689598.4948997,,,1154652.46875,195574745.26945114,,
2022-01-05,45832.01,47070.0,42500.0,43451.13,51784.11857,1478532.0,3785.1,3848.0,3415.0,3540.63,397942.0363,962670.0,167.74,171.32,144.92,154.52,1659848.17,460130.0,0.0001,0.0001,0.0001,81185.01432638889,3727110226.6461406,,,475286.54288888886,1787408870.1844742,,,1153533.0069444445,191590174.15344635,,
2022-01-06,43451.14,43816.0,42430.58,43082.31,38880.37305,1150707.0,3539.82,3550.43,3300.0,3406.81,496745.7413,1006279.0,154.48,154.8,145.98,150.26,1575071.3,400706.0,0.0001,6.569333333333333e-05,0.0001,79008.75976388888,3403966772.8230596,,,483867.41299652774,1657662015.7613664,,,1096489.7465277778,164931993.8806848,,
2022-01-07,43082.3,43145.83,40610.0,41566.48,54836.50818,1406635.0,3406.81,3416.76,3064.42,3199.24,669631.7262,1307591.0,150.28,150.72,133.08,136.45,2719397.3,624203.0,0.0001,7.311666666666666e-05,0.0001,78374.90382291666,3291339003.922377,,,478326.4171805556,1544739141.168807,,,1181031.7916666667,165569749.00710794,,
2022-01-08,41566.48,42300.0,40501.0,41679.74,32952.73111,1021908.0,3198.68,3250.0,3000.0,3080.95,400692.1061,814600.0,136.43,148.11,133.0,142.14,2695415.51,596637.0,0.0001,0.0001,0.0001,76903.34267013888,3206450754.6973248,,,479369.95526388887,1517266218.2285464,,,1158726.0625,164423222.46863636,,
2022-01-09,41679.74,42786.7,41200.02,41864.62,22724.39426,752733.0,3080.98,3211.72,3057.35,3151.97,275874.1643,591523.0,142.1,145.71,137.83,140.82,1435153.15,314235.0,0.0001,2.7453333333333334e-05,0.0001,77560.81077777778,3248852823.920624,,,480696.25128819444,1505737771.7248993,,,1129880.2604166667,160045456.59638846,,
2022-01-10,41864.62,42248.5,39650.0,41822.49,50729.17019,1250983.0,3151.97,3185.0,2928.83,3082.68,529818.3866,935157.0,140.82,143.86,130.0,135.86,1894512.51,419461.0,8.174e-05,-6.451666666666667e-05,0.0001,76924.64358680556,3199250634.9437995,,,475668.79001388885,1473211392.278327,,,1147850.5729166667,158334832.69893745,,
2022-01-11,41822.49,43100.0,41268.93,42729.29,37296.43729,1015526.0,3082.87,3263.54,3051.8,3239.72,362446.7087,668961.0,135.84,143.5,133.58,140.2,1328579.57,294874.0,9.131333333333335e-05,6.305333333333334e-05,0.0001,77167.23093055555,3254621661.2999897,,,466845.7970104167,1469547747.6003609,,,1144188.920138889,157785874.8437016,,
2022-01-12,42729.29,44322.0,42450.0,43902.66,33943.2928,1023902.0,3239.73,3411.43,3206.2,3371.26,370465.8015,737196.0,140.19,153.39,138.22,151.51,1946788.76,453450.0,-1.6300000000000007e-06,-6.218e-05,0.0001,77994.47555555556,3366339584.862478,,,461168.5484513889,1520595688.9176455,,,1215538.7916666667,176177158.77791947,,
2022-01-13,43902.65,44500.0,42311.22,42560.11,34910.87762,1036234.0,3371.6,3410.0,3233.43,3240.61,336234.8799,666486.0,151.5,157.8,145.41,146.14,1984121.59,471549.0,-1.1956666666666667e-05,2.0803333333333335e-05,0.0001,77367.17452777777,3357893298.3266497,,,452996.7067916666,1505102127.52278,,,1272201.15625,191811513.17461744,,
2022-01-14,42558.35,43448.78,41725.95,43059.96,32640.88292,946938.0,3240.61,3342.79,3188.0,3307.42,285326.3505,572125.0,146.13,150.56,141.84,146.17,1428145.3,339770.0,-5.0776666666666664e-05,6.235333333333334e-05,0.0001,76516.12394444444,3268479546.1271706,,,444994.48095833336,1455128449.1456258,,,1272440.173611111,186628896.97646275,,
2022-01-15,43059.96,43800.0,42555.0,43084.29,21936.05616,752688.0,3307.42,3371.64,3261.0,3326.04,203100.3778,444485.0,146.18,149.49,143.9,147.64,865014.75,205770.0,4.9810000000000006e-05,9.877333333333333e-05,0.0001,75206.99630902777,3241869525.5389943,,,451529.0882222222,1500774782.5732355,,,1288766.9097222222,188851046.5595915,,
2022-01-16,43084.29,43475.0,42581.79,43071.66,20602.35271,732171.0,3326.51,3393.6,3269.62,3346.88,210782.2277,495317.0,147.61,151.96,146.09,147.98,964270.14,236998.0,3.453333333333333e-05,6.864666666666666e-05,0.0001,74973.8565625,3228844708.413112,,,457239.1166076389,1522569483.694778,,,1299956.4097222222,193008805.30561742,,
2022-01-17,43071.66,43176.18,41540.42,42201.62,27562.08613,918029.0,3346.89,3357.57,3141.1,3209.67,284063.6548,646419.0,147.98,148.29,137.02,139.8,1297654.14,283258.0,6.132666666666667e-05,3.296666666666667e-06,0.0001,75527.33587847222,3211064674.077114,,,460483.3926458333,1497957132.0020368,,,1404000.25,199749930.2179829,,
2022-01-18,42201.63,42691.0,41250.0,42352.12,29324.08257,905061.0,3209.68,3243.87,3082.0,3159.85,299134.2728,579484.0,139.81,142.77,134.39,141.22,1254337.17,264708.0,9.999333333333335e-05,7.058333333333333e-05,0.0001,76218.59172222222,3194356232.733341,,,468771.56771875,1481168833.84901,,,1467822.6770833333,203092499.31611085,,
2022-01-19,42352.12,42559.13,41138.56,41660.01,31685.72159,924528.0,3159.85,3174.87,3000.0,3084.02,332996.5703,647383.0,141.32,142.7,132.77,135.25,1175171.39,264765.0,8.324333333333332e-05,6.0933333333333335e-05,0.0001,75803.86884722223,3175841409.468442,2.449215207926391,,471712.03511805553,1469806301.844594,2.4671101154984014,,1452815.548611111,199161726.00557536,6.451785148755243,
2022-01-20,41660.0,43505.0,40553.31,40680.91,42330.33953,1098761.0,3084.02,3273.37,2987.15,3001.48,357596.7062,718946.0,135.23,143.83,126.01,127.54,1464593.98,345417.0,0.0001,0.0001,0.0001,77625.92313888889,3276176585.213307,2.3776873682394832,,469438.7434166667,1479991076.0774183,2.373676713069747,,1442659.1909722222,198406895.13457525,6.3914613790601065,
2022-01-21,40680.92,41100.0,35440.45,36445.31,88860.891999,2092561.0,3001.48,3034.12,2403.0,2568.15,1022021.70024,1723216.0,127.54,128.73,106.11,112.27,4523020.69,939567.0,7.583e-05,5.756666666666668e-06,8.255000000000001e-05,75525.53459722223,2920458089.097916,3.3689015411922,,469268.4482534722,1322327324.817527,2.8954460932214823,,1470307.482638889,179493288.5796134,6.427201160665404,
2022-01-22,36445.31,36835.22,34008.0,35071.42,90471.338961,2099978.0,2567.47,2626.0,2300.0,2412.18,1081357.54893,1994513.0,112.24,114.89,87.73,94.54,6455608.98,1002353.0,4.357e-05,8.824000000000001e-05,5.697e-05,73053.27183333333,2591839301.4446034,2.075737429064622,,468083.0235520833,1153542394.3717,2.006524700615663,,1537700.875,153954351.8017401,4.20968056956923,
2022-01-23,35071.42,36499.0,34601.01,36244.55,44279.52354,1142407.0,2412.18,2556.78,2370.8,2539.01,580497.7613,1053655.0,94.57,104.82,93.25,99.78,3561751.04,592647.0,2.3903333333333335e-05,-2.842666666666667e-05,-0.00017145333333333336,73784.07278125,2611930831.2366605,1.8771584025539885,,465623.43218055554,1142791298.8830447,1.9553505335119203,,1492966.2847222222,146532125.3081707,4.000349418309909,
2022-01-24,36244.55,37550.0,32917.17,36660.35,91904.753211,1999352.0,2539.0,2539.75,2159.0,2439.29,1123134.70389,1848889.0,99.74,99.83,80.83,91.93,6990036.71,1012868.0,4.6979999999999994e-05,2.7416666666666668e-05,-4.846333333333334e-05,74539.89217013889,2613703009.8717527,1.731629047220355,,496200.9333229166,1171907488.284128,1.7953822265456176,,1672421.5243055555,147967328.93808877,3.7339530570647788,
2022-01-25,36660.35,37545.14,35701.0,36958.32,49232.40183,1248246.0,2439.56,2506.55,2348.96,2458.83,510152.954,946366.0,91.94,99.95,87.41,94.67,3482711.32,566575.0,2.7060000000000002e-05,-1.1800000000000033e-06,-8.387666666666666e-05,75380.98028472223,2750112407.4443154,1.2237791634874724,,472284.4651805556,1143082099.4649663,1.4973267160706982,,1689745.8506944445,155593379.9242867,3.1325764392365216,
2022-01-26,36958.32,38919.98,36234.63,36809.34,69830.16036,1584468.0,2459.04,2722.0,2402.03,2462.99,806441.62289,1384921.0,94.65,104.43,89.19,92.12,4501340.69,713943.0,-1.7863333333333332e-05,-0.00010686,-0.00015101666666666666,77953.23956249999,2921300257.3910856,1.10721583622818,,471617.38525694446,1185797386.5053356,1.5012855776895582,,1604256.8055555555,153598414.8487248,3.4468401556566777,
2022-01-27,36807.24,37234.47,35507.01,37160.1,53020.87934,1308408.0,2463.0,2521.0,2316.43,2424.25,599481.7159,1029204.0,92.11,94.6,85.71,89.51,3530017.76,538274.0,-7.536333333333334e-05,-6.724333333333334e-05,-0.00017717666666666667,73684.28105208333,2676854186.979459,1.2389846805342697,,470049.42153472226,1138420693.9784396,1.6908813335952866,,1520240.9618055555,136614379.97695467,3.7990905227156992,
2022-01-28,37160.11,38000.0,36155.01,37716.56,42154.26956,1061101.0,2424.02,2558.98,2357.88,2544.99,485149.8065,884305.0,89.51,93.55,87.21,91.34,2647317.17,388770.0,3.184e-05,-5.6026666666666657e-05,-0.0001416966666666667,72413.62911805556,2681060397.4958386,1.210718832496252,,480372.72469791665,1171849941.0771823,1.7988675118212016,,1446637.1493055555,131096093.96221977,4.061918728509172,
2022-01-29,37716.57,38720.74,37268.44,38166.84,26129.49682,816601.0,2544.99,2636.66,2520.01,2601.43,376666.8246,656017.0,91.35,98.93,90.5,96.13,2050891.76,331238.0,3.7233333333333334e-06,2.7176666666666667e-05,8.823333333333334e-06,75700.23760416667,2861103228.4909763,0.9911703911223315,,494237.9509895833,1266438209.4267929,1.4153944962906158,,1486553.1319444445,141265198.03894594,3.3353590206645376,
2022-01-30,38166.83,38359.26,37351.63,37881.76,21430.66527,698593.0,2601.43,2640.0,2542.5,2601.68,290770.0859,564478.0,96.15,97.6,91.38,93.29,1258037.51,221424.0,8.392000000000001e-05,-2.3299999999999997e-06,-8.335e-05,76652.94079166667,2907297497.844939,0.9743599140972221,1.146776403715278,507313.5162222222,1316803524.1416738,1.4074313624652777,1.2058369628125,1513978.326388889,143392573.74095994,3.6603677868402777,1.028315365590278
2022-01-31,37881.75,38744.0,36632.61,38466.9,36855.2458,936014.0,2601.67,2706.77,2476.07,2686.94,444584.851,814997.0,93.26,101.4,89.18,99.49,2414101.55,373958.0,-1.363333333333333e-05,-2.2329999999999998e-05,-0.00013887666666666668,79285.60362152777,2976767563.844792,0.9508098821446149,,521134.1694479167,1345966543.7756639,1.3246048101820331,,1576805.232638889,147372979.63432413,2.960322692120359,
2022-02-01,38466.9,39265.2,38000.0,38694.59,34574.44663,917617.0,2686.94,2813.0,2673.52,2787.23,390034.27362,790343.0,99.5,113.66,99.02,110.02,4190507.65,732735.0,-1.3809999999999998e-05,-7.024333333333333e-05,-3.621e-05,80902.3940625,3117458259.611175,0.7868657802615009,,528824.94475,1455842789.936932,1.1790530207815488,,1751896.236111111,187732526.97666532,1.920961373147988,
2022-02-02,38694.59,38855.92,36586.95,36896.36,35794.6813,907905.0,2787.48,2810.88,2612.72,2680.67,447852.1228,819863.0,109.99,112.35,96.99,101.88,4863358.1,757019.0,3.216e-05,-1.955333333333333e-05,-3.8003333333333336e-05,78744.04905902778,2993894387.391946,1.0389286415806358,,528329.0794305555,1444466455.0929935,1.260151556039375,,1778460.5729166667,191659351.21855438,2.0988437965436435,
2022-02-03,36896.37,37387.0,36250.0,37311.61,32081.10999,848961.0,2680.25,2726.64,2576.05,2695.46,405043.3931,726013.0,101.91,103.13,94.0,101.77,3886563.56,597409.0,-2.693666666666667e-05,-0.00017255000000000002,-2.5196666666666665e-05,78737.03257986112,2895849588.2165966,1.2487949362969792,,520405.4916076389,1374009552.8733737,1.366325514831254,,1898882.4479166667,186323359.1232565,3.0948679963002856,
2022-02-04,37311.98,41772.33,37026.73,41574.25,64703.95874,1380724.0,2695.21,2995.0,2671.4,2994.99,664002.9328,1235215.0,101.83,112.81,100.28,112.62,4186388.28,668682.0,9.636666666666669e-06,9.595333333333334e-05,-8.791666666666666e-05,81031.55417361112,3132519782.589952,0.896148563036828,,541187.5164479166,1533853493.3832858,1.0803754256329317,,2053238.6597222222,217610222.98511785,2.2334282507825893,
2022-02-05,41571.7,41913.69,40843.01,41382.59,32532.34372,1006352.0,2994.99,3060.47,2958.01,3012.65,356803.3071,730502.0,112.63,118.6,110.22,113.75,2649019.14,507784.0,9.152333333333335e-05,7.269e-05,8.426333333333334e-05,80982.84623958333,3360519155.0758195,0.7762576464659963,,549990.9283402778,1655901329.9269624,1.0096511909313717,,1995681.40625,228067584.7677813,2.06368581402788,
2022-02-06,41382.6,42656.0,41116.56,42380.87,22405.16704,788291.0,3012.64,3074.56,2950.21,3054.99,249394.5966,522276.0,113.74,116.06,111.09,115.28,1561795.12,299806.0,0.0001,0.0001,7.731666666666667e-05,81362.2434236111,3382594102.7322407,0.7648903186498993,,544795.3715034722,1637727548.7668102,1.0240015808637537,,1921636.201388889,218640152.96111313,2.19218757389349,
2022-02-07,42380.87,44500.5,41645.85,43839.99,51060.62006,1473274.0,3055.0,3186.0,2991.8,3139.77,455070.2529,898923.0,115.26,121.93,112.69,117.55,2730695.8,547477.0,-9.586666666666667e-06,2.9720000000000003e-05,1.8536666666666668e-05,79237.18002083333,3412511397.5891857,0.8476603689184053,,529510.4887465278,1638099570.6260176,1.20191636369787,,1845172.7118055555,217428859.5601238,2.5838063784223926,
2022-02-08,43839.99,45492.0,42666.0,44042.99,64880.29387,1653350.0,3139.77,3232.87,3025.21,3116.69,514773.5837,910882.0,117.57,120.36,109.66,113.45,2811497.5,525305.0,0.0001,6.446e-05,-0.00013603333333333332,75997.42031944444,3331303863.2283506,1.0417762205417143,,502772.4244375,1563314843.2721756,1.2934745338832954,,1800197.9131944445,205834924.8692344,3.2841333329430196,
2022-02-09,44043.0,44799.0,43117.92,44372.72,34428.16729,1066395.0,3116.69,3269.7,3055.0,3243.94,370267.8913,738015.0,113.44,117.08,109.4,113.93,2114411.38,366554.0,6.387333333333332e-05,5.651333333333333e-05,-4.946666666666671e-06,73407.42921875,3222568153.2635255,1.182210117744373,,496109.16061111115,1565150027.7009954,1.294539699979368,,1786716.3506944445,202223859.14464414,3.937794485730807,
2022-02-10,44372.71,45821.0,43174.01,43495.44,62357.29091,1541483.0,3243.6,3283.66,3056.74,3072.49,578212.8383,1039160.0,113.96,115.38,105.68,106.17,2781581.77,502177.0,6.067000000000001e-05,-1.3759999999999999e-05,-8.672999999999999e-05,74824.64503819445,3315265867.0864296,1.105691500562411,,499609.0062673611,1590845706.5083313,1.2709523535741778,,1794262.7534722222,199545128.19791576,4.268051617696544,
2022-02-11,43495.44,43920.0,41938.51,42373.73,44975.1687,1169354.0,3072.36,3138.62,2879.0,2927.54,462025.8751,912879.0,106.18,108.14,95.14,96.53,2537227.68,450793.0,-2.9953333333333337e-05,-2.0366666666666666e-05,-5.992e-05,72186.01275347223,3114698983.4720654,1.5050089057908371,,483533.5319409722,1475513989.9150853,1.5832745752662567,,1843447.236111111,191526687.73997122,5.049012332705261,
2022-02-12,42373.73,43079.49,41688.88,42217.87,26556.85681,830322.0,2927.54,2985.98,2858.3,2918.88,336250.3131,608416.0,96.53,99.79,92.8,95.96,1803930.67,316001.0,0.0001,0.0001,-3.983333333333334e-05,73721.42514930555,3119422911.85073,1.5634877556034257,,483282.3359409722,1413368238.8216817,1.5878301730588027,,1812061.4930555555,174124757.2776513,5.404379890537956,
2022-02-13,42217.87,42760.0,41870.0,42053.66,17732.08113,624898.0,2918.58,2954.4,2836.7,2871.13,242751.3547,444540.0,95.98,97.36,91.35,92.85,1216083.38,209303.0,7.599333333333332e-05,1.6749999999999997e-05,-0.00021626666666666665,73051.09614930555,3091161974.634971,1.6562892774063687,,478277.19534027774,1391433084.084562,1.6516507432025458,,1799403.0208333333,171195046.91243896,5.30991711647196,
2022-02-14,42053.65,42842.4,41550.56,42535.94,34010.1306,867622.0,2871.14,2964.97,2829.01,2929.75,381778.238,607853.0,92.85,97.99,90.72,96.37,1792721.3,307476.0,6.343e-05,8.504333333333334e-05,-3.51e-05,74153.51165625,3130243852.03897,1.5654720870277836,,491148.3673541667,1420189977.3715343,1.6252384877643848,,1807375.8715277778,170520626.51995695,4.89368810306256,
2022-02-15,42535.94,44751.4,42427.03,44544.86,38095.19576,990694.0,2929.75,3196.19,2912.06,3183.52,448971.754,795924.0,96.39,105.77,96.38,105.52,2362223.45,372791.0,2.5673333333333334e-05,2.284e-05,-2.5263333333333336e-05,76561.89838541666,3358128592.859702,1.2087426323211776,,499559.5682256944,1535203554.412943,1.4211270844674244,,1780245.5520833333,180870720.06820485,3.789747731368193,
2022-02-16,44544.85,44549.97,43307.0,43873.56,28471.8727,823745.0,3183.53,3186.77,3044.03,3122.3,319997.6244,633447.0,105.52,105.6,98.27,101.86,2123159.11,326351.0,0.0001,0.0001,9.441666666666668e-05,76355.18096180556,3357636386.403326,1.3363513588416567,,495227.9215173611,1547757208.9338315,1.4745275250825713,,1760335.232638889,179519686.1200063,4.060316731021462,
2022-02-17,43873.56,44164.71,40073.21,40515.7,47245.99494,1067658.0,3122.31,3160.0,2851.55,2891.87,488693.2624,840552.0,101.85,102.82,92.33,93.52,2001081.3,307937.0,0.0001,5.4606666666666674e-05,6.932666666666667e-05,75980.46628819445,3238115439.1515102,1.7950522118655625,,494057.1848159722,1492593556.6832488,1.7896112453984334,,1703071.9965277778,166905151.62737757,4.6699195844995005,
2022-02-18,40515.71,40959.88,39450.0,39974.44,43845.92241,1025882.0,2891.88,2943.97,2750.0,2779.48,502977.4069,742459.0,93.55,96.37,89.31,89.86,2010076.65,299519.0,-1.4323333333333334e-05,-3.181333333333333e-05,1.8899999999999972e-06,75349.80568055555,3042577847.287942,2.0234257060643617,,486389.2802881944,1390161764.3933885,1.976345027558629,,1693357.6493055555,157560870.0450063,5.31304400237977,
2022-02-19,39974.45,40444.32,39639.03,40079.17,18042.0551,586653.0,2779.3,2830.96,2694.45,2763.63,293838.0025,474447.0,89.86,92.75,88.6,91.27,1285578.14,205722.0,6.223666666666667e-05,7.307333333333333e-05,1.8613333333333334e-05,76021.90421180555,3043854136.319234,1.9559572322244259,,483747.6805972222,1340701138.305089,1.9219854435860038,,1750527.4965277778,158893189.40245357,5.185087604220162,
2022-02-20,40079.17,40125.44,38000.0,38386.89,33439.29011,811235.0,2763.63,2764.64,2576.0,2621.99,386384.904,615990.0,91.27,94.5,85.56,90.72,2559473.54,403374.0,6.956666666666665e-06,1.7763333333333333e-05,3.6880000000000006e-05,77310.81979861112,2994047247.6586747,1.9409555456632102,,488093.1783472222,1295300931.2102423,1.8726857917503021,,1817981.5972222222,162852204.5568226,4.194649641591784,
2022-02-21,38386.89,39494.35,36800.0,37008.16,62347.68496,1352290.0,2621.99,2759.51,2558.0,2568.02,761838.9858,1116485.0,90.7,96.14,82.62,82.96,4063082.8,573189.0,-4.903333333333335e-06,5.3333333333332825e-08,-2.5726666666666662e-05,74687.66766319444,2873011024.4825306,1.9434977944491179,,483658.98913541663,1296329131.181344,1.8150271198980745,,1905336.0555555555,173024523.6474394,3.989194659118501,
2022-02-22,37008.16,38429.0,36350.0,38230.33,53785.94589,1212527.0,2568.03,2665.74,2500.0,2636.29,692639.4942,1047915.0,82.95,87.56,81.06,86.38,2835554.36,361422.0,-1.9883333333333333e-05,1.0656666666666667e-05,-0.00024160999999999999,75233.60844791666,2812728500.085249,1.6812315097453894,,491151.5804444445,1266193774.6061745,1.7535495827369216,,1905532.392361111,160425353.42932183,4.668474012211348,
2022-02-23,38230.33,39249.93,37036.79,37250.01,43560.732,1030872.0,2636.28,2753.55,2575.83,2579.71,504470.1412,839481.0,86.39,93.4,84.38,84.59,3193694.1,446087.0,-6.186000000000001e-05,5.393333333333332e-06,-8.847e-05,74680.87853472221,2851882602.127123,1.4266313265516162,,510974.8801979167,1362624689.4583945,1.6374620686568144,,1917283.0381944445,170462271.68699667,3.883615369912713,
2022-02-24,37250.02,39843.0,34322.28,38327.21,120476.29458,2622780.0,2579.7,2740.0,2300.0,2596.2,1395732.7753,1774038.0,84.58,93.9,75.35,89.36,7497540.08,1032742.0,-6.26e-05,-3.6043333333333334e-05,7.960666666666666e-05,73489.90667013888,2650421474.450198,1.3318049616769843,,503625.9502465278,1237770537.4362354,1.623276298344298,,1821362.1527777778,152174164.83280823,2.8332840916023434,
2022-02-25,38328.68,39683.53,38014.37,39219.17,56574.57125,1408558.0,2596.26,2834.97,2571.72,2768.49,679394.1762,1102014.0,89.35,95.0,86.86,92.71,3691896.58,532273.0,5.739333333333333e-05,0.0001,6.98e-05,68667.16347569444,2664306695.3160725,1.1366831848363985,,484197.2129236111,1288873144.9762785,1.4159454934963904,,1792262.9583333333,160883635.91339332,2.521621664111222,
2022-02-26,39219.16,40348.45,38573.18,39116.72,29361.2568,924257.0,2768.05,2878.0,2727.5,2779.47,418485.2529,781683.0,92.73,95.49,89.23,90.23,2279602.17,347752.0,8.982e-05,0.0001,-3.652333333333333e-05,68975.63059722222,2703338914.505201,1.1369554003343745,,495785.84675694443,1382458298.9170465,1.4405059585008169,,1920502.3368055555,175700512.69348487,2.930433023806205,
2022-02-27,39116.73,39855.7,37000.0,37699.07,46229.44719,1265753.0,2779.47,2836.33,2557.98,2616.79,650198.7785,1149184.0,90.25,92.19,84.08,85.63,2593533.97,396197.0,2.2496666666666664e-05,6.835666666666668e-05,-2.8459999999999995e-05,68105.46961458334,2634391003.1470213,1.1571446220017674,,489118.2200520833,1333853010.6688356,1.4001481672458338,,1896958.951388889,167205251.39092562,3.209477535326075,
2022-02-28,37699.08,44225.84,37450.17,43160.0,73945.63858,1931087.0,2616.79,2951.6,2568.62,2920.95,733794.4488,1203874.0,85.61,103.0,84.17,99.68,4212075.57,666863.0,-0.00011846333333333334,-6.170333333333334e-05,-6.846666666666663e-06,69986.26573958334,2758545338.628776,1.20135120030186,,485857.46561458334,1313189540.5300612,1.4364948718858992,,2004405.3472222222,183523347.78220952,2.7936092298494817,
2022-03-01,43160.0,44949.0,42809.98,44421.2,61743.09873,1866871.0,2920.83,3037.94,2854.09,2976.33,673901.6976,1237486.0,99.67,102.03,94.21,98.66,3665336.76,572030.0,8.123e-05,0.0001,0.0001,72068.47101736111,3143775933.862955,0.9749380786306168,,510901.34078472224,1499725376.3845274,1.3168984233830192,,1962591.1666666667,191535224.10490617,2.8190316412304104,
2022-03-02,44421.2,45400.0,43334.09,43892.98,57782.65081,1653131.0,2976.33,3043.91,2914.21,2947.3,614623.7461,1050193.0,98.65,106.43,96.76,100.68,4306326.64,689840.0,6.497666666666666e-05,0.0001,0.0001,72814.02214930556,3206368225.812559,0.9294154712657559,,516421.4548576389,1532652944.8326375,1.2916392661613658,,1975260.4652777778,201410020.41038993,2.6105192252126943,
2022-03-03,43892.99,44101.12,41832.28,42454.0,50940.61021,1289320.0,2947.31,2970.97,2785.0,2833.99,446192.2353,770738.0,100.69,101.7,94.0,95.62,2595560.67,374852.0,0.0001,0.0001,0.0001,75072.21079861111,3236050147.7490516,1.1375765116655048,,524503.91146875,1510568304.6833866,1.5033110240604761,,1952478.3541666667,191349410.72139716,3.2665271768739395,
2022-03-04,42454.0,42527.3,38550.0,39148.66,61964.68498,1465066.0,2834.0,2836.17,2573.0,2622.1,556178.7588,934846.0,95.63,95.94,87.0,88.32,2854970.19,364380.0,0.0001,0.0001,7.380666666666667e-05,76546.33076041666,3133299296.4205823,1.694042189009485,,520728.07561111107,1405383589.730819,1.7577790555583934,,1957227.548611111,178864018.8453742,4.548148638418684,
2022-03-05,39148.65,39613.24,38407.59,39397.96,30363.13341,879727.0,2622.11,2685.12,2589.38,2665.15,268730.3036,531829.0,88.33,91.22,86.0,89.63,1495553.5,202202.0,7.218666666666667e-05,3.2586666666666664e-05,1.1903333333333333e-05,76708.44516666667,3001847203.6476226,2.0142992331101857,,511671.59282986115,1351738039.0543509,2.0081429787347673,,1956231.5590277778,173607327.77770993,4.977475548970111,
2022-03-06,39397.97,39693.87,38088.57,38420.81,39677.26158,986352.0,2665.16,2676.29,2535.0,2551.29,336487.9099,528787.0,89.61,89.96,84.09,84.57,1828270.57,212997.0,1.704e-05,1.431333333333333e-05,6.636666666666668e-05,75634.70829513889,2949876558.479294,2.0451807484461195,,514598.54317708337,1354022973.3673475,1.9786454791760524,,2024811.7465277778,176804890.6328789,4.986474733307775,
2022-03-07,38420.8,39547.57,37155.0,37988.0,63994.11559,1456041.0,2551.3,2649.0,2445.0,2491.12,620171.6787,870430.0,84.58,86.71,79.92,81.66,3230989.34,363488.0,-3.9473333333333334e-05,3.8593333333333335e-05,-3.010333333333333e-05,48794.25432291666,1866446193.6925585,2.050252220782917,,335788.70496180555,854461225.0286676,2.039610949498253,,1287154.6979166667,107005393.85085027,5.384304699804929,
2022-03-08,37988.01,39362.08,37867.65,38730.63,55583.06638,1271128.0,2491.12,2624.0,2480.15,2575.97,561659.7421,812094.0,81.65,85.04,81.3,82.32,2604534.79,268988.0,7.792666666666667e-05,3.3253333333333336e-05,7.604666666666666e-05,68114.34733680556,2632326011.6106606,1.8372757444058534,,478192.4183854167,1224539183.334546,1.906648036574109,,1856795.798611111,154309586.97565958,5.390056661935014,
2022-03-09,38730.63,42594.06,38656.45,41941.71,67392.58799,1570230.0,2575.98,2775.85,2567.7,2726.98,562771.7403,840331.0,82.32,89.92,81.9,88.06,3355218.73,336022.0,8.925333333333334e-05,8.741333333333333e-05,4.992666666666667e-05,73289.7872986111,3044370455.116492,1.4072726806801426,,501583.6178333333,1359186122.4823823,1.63003639410235,,1956969.46875,170764868.21590266,5.154319071386321,
2022-03-10,41941.7,42039.63,38539.73,39422.0,71962.93154,1512655.0,2726.98,2733.25,2550.27,2606.7,559029.9377,740676.0,88.06,88.57,80.63,82.87,2828491.21,288708.0,3.120333333333333e-05,3.869666666666667e-05,4.3729999999999996e-05,72129.1981875,2856811218.530695,1.6864846493347283,,491841.26230208337,1285293681.0030506,1.821524965181011,,1944744.111111111,161868272.30765447,5.82441422871943,
2022-03-11,39422.01,40236.26,38223.6,38729.57,59018.7642,1252571.0,2606.69,2676.78,2522.57,2556.86,494583.6568,684407.0,82.86,84.29,80.07,80.67,2528334.85,232541.0,-4.4239999999999997e-05,1.6143333333333332e-05,6.5966666666666665e-06,71198.89548611111,2772654485.3957396,2.036729941417517,,496504.98408333334,1281325820.8188114,1.9260768735138738,,2017755.1319444445,164780258.9006505,6.474497488888908,
2022-03-12,38729.57,39486.71,38660.52,38807.36,24034.36432,671733.0,2556.86,2616.79,2553.39,2568.8,219236.5711,327122.0,80.67,82.75,80.57,81.38,1362268.13,128794.0,-2.3466666666666657e-06,7.093333333333334e-05,9.104333333333334e-05,72115.66446527778,2818495364.9562173,2.16595694176818,,499006.5141423612,1289433513.8454893,1.9764988571673545,,2065905.3055555555,168711637.698125,6.683798500319962,
2022-03-13,38807.35,39310.0,37578.51,37777.34,32791.82359,841844.0,2568.8,2603.32,2493.0,2515.65,316942.1601,444352.0,81.4,83.34,77.65,78.73,2009434.97,198659.0,-3.661e-05,3.139333333333333e-05,7.773333333333333e-05,74769.91962152778,2906498084.869265,2.2519029089456906,,508566.5596875,1307991748.4638124,1.9748436909575726,,2126848.5381944445,172422084.85534456,6.791371716084078,
2022-03-14,37777.35,39947.12,37555.0,39671.37,46945.45375,1114899.0,2515.66,2609.6,2498.67,2589.41,386630.1912,609122.0,78.72,82.29,78.0,81.22,2079919.39,209032.0,-3.9999999999999996e-05,3.2160000000000004e-05,0.0001,76838.12959027778,2974172508.559822,2.045970061508534,,508069.01381597226,1300457089.892479,2.015520422465916,,2066820.6041666667,165761882.36830246,5.887680982993808,
2022-03-15,39671.37,39887.61,38098.33,39280.33,46015.54926,1060517.0,2589.42,2669.0,2507.0,2617.73,461202.3014,686797.0,81.23,85.99,78.72,82.84,2123603.37,249623.0,6.421e-05,1.6076666666666668e-05,0.0001,74473.935625,2904266488.1499033,1.8766991979810608,,507188.2891041667,1303239143.7315001,2.067510869073134,,2033644.079861111,164934245.8718909,5.43234108120467,
2022-03-16,39280.33,41718.0,38828.48,41114.0,88120.76167,2051837.0,2617.74,2788.0,2603.38,2773.81,666224.7217,1055171.0,82.84,87.98,81.53,87.77,2638790.33,313840.0,8.623666666666666e-05,8.149e-05,0.0001,74195.02444791667,2983918820.6751046,1.4443172001383022,,516015.9758472222,1384573994.3614955,1.59669888853358,,1933998.045138889,162267926.8451427,4.6781334966968116,
2022-03-17,41114.01,41478.82,40500.0,40917.9,37189.38087,935784.0,2773.8,2836.0,2746.42,2811.92,379312.541,597885.0,87.77,91.0,86.58,87.8,2616451.8,286766.0,0.0001,0.0001,0.0001,75355.95079861111,3080906212.691675,1.2778473503105376,,528866.7983090277,1473737907.3982816,1.2494985993797025,,1970025.388888889,174233520.33460936,3.323332407261421,
2022-03-18,40917.89,42325.02,40135.04,41757.51,45408.00969,1065054.0,2811.91,2984.0,2765.59,2938.92,556535.7966,794774.0,87.8,92.28,84.41,89.8,2935949.01,283557.0,7.220666666666666e-05,6.875333333333333e-05,0.0001,75283.18376736112,3081791631.208409,1.3611107933272608,,544230.5906006944,1549463907.64918,1.1351514232028324,,1960891.5590277778,171403119.41758135,3.7350958651356425,
2022-03-19,41757.51,42400.0,41499.29,42201.13,29067.18108,801197.0,2938.84,2987.7,2890.86,2950.84,325971.5398,556406.0,89.81,94.55,89.25,92.31,2058348.96,262632.0,0.0001,0.0001,0.0001,77051.63950347222,3223191034.484584,1.1176928479487094,,549712.7473576389,1620933863.1266766,1.069861939830513,,1936819.263888889,177004937.28221825,3.467802894935382,
2022-03-20,42201.13,42296.26,40911.0,41262.11,30653.33468,799695.0,2950.85,2964.17,2817.21,2861.38,377608.8214,651827.0,92.31,92.55,87.82,88.62,1500458.29,169914.0,0.0001,0.0001,0.0001,77511.40954166667,3225651745.1102676,1.1201092086101916,,539723.6173020833,1562678692.9283626,1.1334392130727478,,1957096.1006944445,176376568.47239196,3.8468077218827097,
2022-03-21,41262.11,41544.22,40467.94,41002.25,39426.24877,947206.0,2861.39,2960.57,2829.81,2890.03,450223.9073,690648.0,88.62,91.28,86.74,88.59,1985082.57,203260.0,2.9843333333333336e-05,0.0001,6.850333333333334e-05,75661.58630208333,3107676728.8638773,1.5339575136502632,,540192.33284375,1563119531.4768944,1.3000289319595846,,2070269.3402777778,183998437.33577764,4.995278343707947,
2022-03-22,41002.26,43361.0,40875.51,42364.13,59454.94294,1367343.0,2890.03,3052.85,2886.43,2969.64,564868.9839,920670.0,88.58,93.98,88.0,90.43,2611345.56,271852.0,0.0001,0.0001,0.0001,76934.32380902777,3265112310.4708543,1.2348971277492498,,566753.3722777778,1697199131.637623,1.206966310938062,,2038978.5729166667,186301634.40112165,4.494084278506887,
2022-03-23,42364.13,43025.96,41751.47,42882.76,40828.87039,916671.0,2969.64,3045.2,2920.65,3036.0,453962.7298,813052.0,90.44,96.36,89.19,94.89,2854825.2,297282.0,9.004666666666667e-05,4.974e-05,0.0001,74802.41820833333,3158588857.541454,1.497328922319494,,548852.0988576389,1629786675.596744,1.3668394548919105,,2082178.65625,192115443.4832983,4.879844691220505,
2022-03-24,42882.76,44220.89,42560.46,43991.46,56195.12374,1202541.0,3035.99,3129.11,2999.11,3110.76,577171.5239,853822.0,94.88,103.7,93.26,102.32,4777008.51,577470.0,5.19e-06,6.062333333333333e-05,0.0001,77500.03826736112,3357437546.190462,0.9967957212023025,,567040.7475416666,1737231089.3302968,1.0965498037689705,,2243332.347222222,222450560.64221954,3.5006650290606185,
2022-03-25,43991.46,45094.14,43579.0,44313.16,54614.43648,1141588.0,3110.75,3193.28,3076.0,3102.14,489099.5572,745999.0,102.32,104.86,96.95,98.6,3360440.57,437293.0,5.143000000000001e-05,0.0001,0.0001,81319.91716319445,3598823587.7676635,0.7576200396349393,,580111.0613472223,1815230637.5274534,1.0045307040708442,,2329983.6180555555,236706019.81988397,2.542226073642206,
2022-03-26,44313.16,44792.99,44071.97,44511.27,23041.61741,693647.0,3102.13,3153.2,3084.9,3145.0,207134.847,403089.0,98.6,103.4,97.63,101.73,1906343.44,259494.0,4.209333333333333e-05,8.326333333333334e-05,0.0001,80930.79016666667,3590324824.1064363,0.7844813866241379,,563546.6974340278,1758044554.1941607,1.1050710953254663,,2238991.375,225550748.0826876,2.9657967198144934,
2022-03-27,44511.27,46999.0,44421.46,46827.76,41874.91071,1135096.0,3145.01,3299.37,3126.02,3295.65,335467.4145,645675.0,101.73,107.46,98.77,107.04,2351080.64,345634.0,1.0176666666666669e-05,2.1983333333333333e-05,9.523000000000001e-05,82063.26291666666,3686153671.259511,0.7802180147670673,,574427.2622777778,1820091322.0370705,1.0198432194789606,,2226153.5381944445,227222053.09264937,2.878740311540186,
2022-03-28,46827.76,48189.84,46663.56,47122.21,58949.2614,1498975.0,3295.65,3431.15,3275.01,3332.92,527237.1133,964079.0,107.04,113.87,105.22,105.75,4146023.22,653182.0,0.0001,0.0001,7.961666666666667e-05,79292.06878125,3749920028.15741,0.9572085121062709,,569547.8101562499,1905788610.9135172,1.0527422803710527,,2124756.2118055555,232490255.97995418,3.63584318124044,
2022-03-29,47122.21,48096.47,46950.85,47434.8,36772.28457,1095678.0,3332.91,3481.87,3329.68,3400.51,465899.8226,884317.0,105.75,115.7,105.49,111.62,3727259.92,590421.0,9.864666666666667e-05,9.423e-05,0.0001,78038.14553124999,3709083274.7298074,0.9706329737333897,,543441.7060243055,1852019078.8442957,1.077748044102756,,2016477.6319444445,224141435.8669642,3.6188217158374303,
2022-03-30,47434.79,47700.22,46445.42,47067.99,40947.2085,1081607.0,3400.51,3446.9,3331.84,3385.79,356082.5231,675015.0,111.62,125.26,107.11,120.82,5250424.16,827629.0,0.0001,0.0001,0.0001,77923.08759027778,3680088236.9833775,1.067673821185941,,524888.3535868055,1779192708.757946,1.1794121662232104,,2051630.704861111,237178944.51607606,3.2716321078515427,
2022-03-31,47067.99,47600.0,45200.0,45510.34,48645.12667,1290541.0,3385.8,3444.83,3261.35,3281.51,455091.2395,770564.0,120.82,129.5,119.95,122.77,5143974.9,858853.0,0.0001,0.0001,0.0001,76239.8512361111,3556994023.690943,1.330525182813423,,521864.8982604167,1755521566.2236278,1.2419858973506663,,2036478.923611111,252186618.03853062,3.033395278349169,
2022-04-01,45510.35,46720.09,44200.0,46283.49,56271.06474,1372216.0,3281.51,3481.29,3210.68,3455.21,532169.2392,883079.0,122.79,138.4,117.39,134.52,5505077.63,995872.0,8.939666666666668e-05,0.0001,0.0001,76242.19200694445,3469191854.291786,1.8207410817052687,,514516.6114340278,1720102868.1186366,1.2575035962442114,,1990674.1284722222,255386860.9139873,2.8030347664346267,
2022-04-02,46283.49,47213.0,45620.0,45811.0,37073.53582,1056716.0,3455.2,3532.2,3433.14,3443.77,499893.29,763785.0,134.53,143.51,131.47,132.49,4193984.2,758063.0,0.0001,0.0001,0.0001,73199.86876041668,3398818623.411939,1.8267083411854215,,514207.7402951389,1787866750.512144,1.1911596681822771,,2009605.201388889,274546411.3235951,2.6630754363747933,
2022-04-03,45810.99,47444.11,45530.92,46407.35,33394.67794,966563.0,3443.77,3580.34,3412.11,3521.91,381581.7683,619758.0,132.48,141.11,130.52,136.9,2964507.05,540376.0,0.0001,0.0001,0.0001,72797.34398958333,3370886122.709909,1.7346754317140474,,528091.1935381944,1841661178.1889226,1.1375230867141917,,1967469.7256944445,268802125.57479453,3.123304516801897,
2022-04-04,46407.36,46890.71,45118.0,46580.51,44641.87514,1171998.0,3521.9,3547.0,3405.97,3519.5,449984.1586,810677.0,136.9,138.29,125.82,132.14,3456901.43,582791.0,0.0001,7.632e-05,0.0001,75055.79178819444,3454713677.9469843,1.9400665845528653,,532733.98603125,1855260721.7839518,1.2508380346771573,,1953334.2083333333,260552972.44567394,3.3611845064990895,
2022-04-05,46580.5,47200.0,45353.81,45497.55,42192.74852,1046080.0,3519.5,3555.0,3400.0,3406.99,397782.7437,674184.0,132.14,136.63,126.07,126.87,2833885.54,542422.0,0.0001,9.324666666666666e-05,0.0001,76265.08472222222,3532436608.419462,1.8000986377555037,,524034.3960625001,1828500593.2488344,1.256011636212155,,1845728.3784722222,243424832.3992663,3.4286347676950317,
2022-04-06,45497.54,45507.14,43121.0,43170.47,60849.32936,1471912.0,3407.0,3407.5,3162.39,3168.51,736273.1047,1098773.0,126.88,127.4,112.1,112.95,4266870.2,740311.0,9.966e-05,3.4233333333333363e-06,0.0001,79587.0393125,3548226482.765928,2.346155571400911,,493994.1035138889,1624912356.702911,1.5176211669117061,,1787952.9305555555,216816460.54729047,3.963029932941407,
2022-04-07,43170.47,43900.99,42727.35,43444.19,37396.54156,999816.0,3168.52,3268.98,3143.15,3227.19,458179.3272,706382.0,112.94,120.0,110.88,118.48,3326346.75,581932.0,7.473666666666668e-05,1.1646666666666666e-05,6.0003333333333335e-05,82077.74966319445,3565037772.4787474,2.4100331677672746,,496888.01410763885,1596253534.6666899,1.6960002981524094,,1773254.3125,204849415.8003912,4.399173053333046,
2022-04-08,43444.2,43970.62,42107.14,42252.01,42375.04203,1108136.0,3227.2,3314.02,3173.52,3192.39,502422.5048,810752.0,118.47,122.42,108.1,109.92,3328966.49,550158.0,8.102000000000001e-05,-1.059e-05,5.424666666666667e-05,82649.07369444444,3576517536.8290963,2.44884222637249,,505943.1572881944,1645838977.1283834,1.4996332071892509,,1710648.2847222222,199933390.89796984,4.454470457492599,
2022-04-09,42252.02,42800.0,42125.48,42753.97,17891.66047,640230.0,3192.39,3268.4,3181.28,3258.57,212444.2566,386154.0,109.92,113.69,108.28,112.96,1376896.77,246823.0,9.759666666666667e-05,0.0001,-5.6913333333333336e-05,83707.90880555556,3552267073.5159955,2.6168680409899823,,509812.63626388885,1640783286.5889916,1.419997580355881,,1726347.0034722222,190527627.10602924,5.125509068838884,
2022-04-10,42753.96,43410.3,41868.0,42158.85,22771.09403,678983.0,3258.57,3307.22,3193.0,3203.04,232303.2326,439811.0,112.97,116.09,109.71,111.07,1560720.04,282125.0,6.317333333333333e-05,8.66e-05,-5.34e-06,84724.67951041667,3620055932.4524584,2.521565021986591,,513589.5626180556,1672201611.3902915,1.3760246212350191,,1727554.3229166667,194162082.44925463,4.981813515316908,
2022-04-11,42158.85,42414.71,39200.0,39530.45,63560.44721,1385924.0,3203.04,3213.63,2950.0,2979.74,693394.2912,969832.0,111.06,111.94,98.1,99.67,3332133.13,491379.0,6.747666666666667e-05,8.225333333333333e-05,9.59e-05,87028.06486805556,3584830636.142336,2.6330475755419527,,508527.3593541666,1568930923.6594455,1.5642987603608345,,1761549.9583333333,185722115.42030296,4.564925923439014,
2022-04-12,39530.45,40699.0,39254.63,40074.94,57751.01778,1153667.0,2979.75,3085.0,2950.0,3027.66,579522.9505,742214.0,99.64,109.36,98.31,103.22,3527634.19,526763.0,-7.936e-05,-7.802e-05,-1.9659999999999998e-05,85099.91454513889,3396489223.039558,2.7566690082618748,,494539.0242881945,1488984204.4647102,1.7803955381352046,,1668997.8472222222,171754318.20857233,4.326613513301168,
2022-04-13,40074.95,41561.31,39588.54,41147.79,41342.27254,948061.0,3027.65,3128.97,2996.86,3118.28,419101.494,623328.0,103.21,106.04,100.09,104.94,2204306.4,352611.0,-8.08e-06,-5.305333333333333e-05,4.746666666666666e-06,83401.49202777777,3372588298.4084263,2.5972875680437832,,497762.2257326389,1524837499.1394553,1.6851584417367542,,1600132.3333333333,165966429.91725504,4.724855705877803,
2022-04-14,41147.78,41500.0,39551.94,39942.38,36807.01401,803756.0,3118.28,3145.0,2976.3,3021.98,408382.5572,540399.0,104.92,107.72,98.77,100.77,2711073.76,359790.0,4.324666666666666e-05,1.1400000000000003e-06,3.6836666666666666e-05,82166.95770833333,3341365791.9904423,2.394838670733075,,507748.0835381945,1557365192.4039598,1.684401826822299,,1659847.5104166667,171855160.1748711,5.173726810740349,
2022-04-15,39942.37,40870.36,39766.4,40551.9,24026.35739,616536.0,3021.98,3060.92,2993.13,3040.56,249626.2981,388136.0,100.77,102.91,99.55,101.31,1384490.37,216894.0,-4.113666666666667e-05,-5.410666666666667e-05,2.962666666666667e-05,83790.96172916667,3368717400.900955,2.766762614679833,,503799.4704097222,1524433724.393021,1.8151778629143207,,1743048.1909722222,176627031.4747997,5.611198767020668,
2022-04-16,40551.9,40709.35,39991.55,40378.71,15805.44718,423446.0,3040.57,3086.1,3010.03,3059.3,176352.4165,298000.0,101.38,103.5,100.71,102.06,1006216.36,135628.0,4.532333333333334e-05,-6.179e-05,2.1156666666666667e-05,82277.04186111112,3321180590.175363,2.498812654692319,,508068.69056944444,1542767899.1046095,1.780078667043176,,1728935.7222222222,175939791.58164945,5.642912889704472,
2022-04-17,40378.7,40595.67,39546.17,39678.12,19988.49259,590241.0,3059.3,3083.0,2981.7,2988.06,243772.074,389959.0,102.06,105.44,99.62,100.15,1509800.04,236697.0,6.852666666666667e-05,-3.469999999999999e-06,8.957666666666667e-05,82649.46947916667,3329258261.3759894,2.6099174250384736,,505287.81910069444,1538791456.0577996,1.8193685037381,,1741232.517361111,178721584.97987786,5.289268545525356,
2022-04-18,39678.11,41116.73,38536.51,40801.13,54243.49575,1157741.0,2988.07,3069.6,2883.22,3055.56,510251.6536,703622.0,100.15,102.65,94.62,102.33,2751434.83,416771.0,-8.621333333333333e-05,-7.612000000000001e-05,-3.285666666666667e-05,84933.92320486112,3364850366.4545307,2.538603222682857,,510922.86309027777,1510568452.677171,1.8012210398711999,,1696528.986111111,168022555.8245563,4.548465895209206,
2022-04-19,40801.13,41760.0,40571.0,41493.18,35788.85843,934526.0,3055.56,3131.0,3030.34,3101.77,359375.0038,521060.0,102.37,109.0,101.02,108.51,2675360.43,372804.0,3.741e-05,4.901666666666667e-05,9.206333333333334e-05,80126.10664930556,3287452330.528446,2.127955237474433,,496797.21162500005,1525592175.223098,1.7727943406778695,,1644812.173611111,171523309.61215034,4.542635577722997,
2022-04-20,41493.19,42199.0,40820.0,41358.19,40877.35041,1063843.0,3101.74,3166.5,3036.45,3076.04,415000.0685,571292.0,108.51,110.9,104.25,105.59,2768156.81,403021.0,7.569e-05,5.496666666666666e-05,0.0001,81404.72889583332,3373027714.742026,1.99766767437761,,496929.1152881945,1535843317.3065288,1.8107802364331615,,1643056.4722222222,176657542.3331834,4.439621074635082,
2022-04-21,41358.19,42976.0,39751.0,40480.01,59316.27657,1515456.0,3076.03,3180.0,2942.31,2983.58,562699.697,719659.0,105.58,110.0,99.86,101.78,2671646.36,369724.0,9.699999999999992e-07,-7.841333333333334e-05,0.0001,82263.37809027778,3428525138.9015512,1.8186211784519206,,499376.52649652783,1539752436.033068,1.794923673072547,,1604212.1666666667,170379229.9481875,4.722657383037215,
2022-04-22,40480.01,40795.06,39177.0,39709.18,46664.0196,1043471.0,2983.57,3034.32,2930.35,2962.39,452433.082,604084.0,101.78,103.55,99.19,100.55,1777613.85,279122.0,-4.7909999999999994e-05,-0.00010573666666666667,8.187333333333333e-05,84226.49779166667,3378220709.316485,2.8461392669455305,,518787.96118402784,1548394572.1181567,2.157366510065137,,1649725.892361111,167636786.28985375,5.898411393726165,
2022-04-23,39709.19,39980.0,39285.0,39441.6,20291.42375,724132.0,2962.39,2978.03,2913.89,2933.03,187576.7324,348435.0,100.55,102.9,98.31,100.63,1081628.14,196300.0,-9.489333333333334e-05,-4.970333333333333e-05,3.207333333333334e-05,86678.17491319444,3436366327.7183285,3.178119468789874,,521286.25267013884,1541035708.8787987,2.3655343485529072,,1705737.7256944445,172735975.7809418,5.969879571897035,
2022-04-24,39441.61,39940.0,38929.62,39450.13,26703.61186,868183.0,2933.04,2967.06,2912.09,2921.0,218957.0222,354013.0,100.63,102.31,98.55,99.23,1064136.15,192110.0,-0.00012401,-4.800666666666666e-05,6.210000000000001e-06,87028.07107986111,3446598875.6668,3.0726300254756524,,526185.9282152778,1547594844.8947356,2.4108810825548623,,1710966.6840277778,172378825.2787218,5.959794495652975,
2022-04-25,39450.12,40616.0,38200.0,40426.08,63037.12784,1280351.0,2920.99,3025.65,2797.01,3006.62,619198.3616,804935.0,99.22,101.59,94.32,100.99,2317293.8,373292.0,-3.176333333333333e-05,-0.00011087666666666667,-2.7163333333333335e-05,86372.68765277778,3385395236.890171,2.8984407494466535,,530125.6037986111,1531912667.5210724,2.237904699765414,,1728605.03125,168820375.8343853,6.0636552569821935,
2022-04-26,40426.08,40797.31,37702.26,38112.65,66650.258,1381618.0,3006.63,3039.54,2767.0,2809.67,531184.3504,775652.0,100.98,101.98,94.61,95.7,1897735.14,291464.0,0.0001,8.330333333333333e-05,1.3450000000000003e-05,84384.39263541666,3343836195.983189,2.501738246283488,,510424.78109722224,1499364031.8732605,2.0389404527462465,,1684492.107638889,167007148.1077305,5.763169078481364,
2022-04-27,38112.64,39474.72,37881.31,39235.72,57083.12272,1232083.0,2809.68,2919.87,2794.46,2888.96,488951.2416,669916.0,95.7,100.79,94.89,98.36,1833742.63,282775.0,-7.235333333333334e-05,-0.00012447,2.476666666666665e-06,86563.78791666667,3357343852.0741754,3.0155830001983035,,528442.2015381944,1512650891.8683414,2.194443666375461,,1643248.3472222222,160991349.1878615,5.546176958896517,
2022-04-28,39235.72,40372.63,38881.43,39742.07,56086.6715,1135242.0,2888.95,2980.0,2853.83,2936.93,537392.9978,736818.0,98.35,100.55,96.33,98.24,1849394.04,300097.0,-4.199999999999998e-06,8.496666666666668e-06,-6.331333333333334e-05,82229.96588888888,3255827248.9074926,2.0281100081172903,,514819.2493576389,1500003834.190754,1.809574588253191,,1667193.8125,164795053.30268133,5.036865386041719,
2022-04-29,39742.06,39925.25,38175.0,38596.11,51453.65715,1101140.0,2936.92,2946.46,2776.63,2817.13,525978.147,678273.0,98.23,98.68,92.35,93.96,1736234.87,255409.0,7.542666666666667e-05,8.192666666666667e-05,5.515333333333333e-05,80884.11507291667,3159891069.382704,2.20921419066119,,504524.32778125,1447840208.3105443,1.9119402544938637,,1676838.076388889,161108901.1610271,5.30194943695815,
2022-04-30,38596.11,38795.38,37578.2,37630.8,35321.18989,1017369.0,2817.13,2841.63,2709.26,2726.66,367757.2469,577285.0,93.96,94.95,81.91,84.63,1829537.27,275849.0,3.6366666666666673e-06,-6.611333333333333e-05,4.636e-05,84417.28808333333,3248172369.9214215,2.805757540506217,,521702.98990972224,1466196459.7343028,2.2537660744542825,,1653479.1840277778,153092221.63727808,4.434685096917879,
2022-05-01,37630.8,38675.0,37386.38,38468.35,38812.24104,1021157.0,2726.67,2849.9,2716.13,2824.81,442544.8792,539462.0,84.63,93.12,84.15,89.68,2353897.93,366730.0,4.1660000000000004e-05,-9.266e-05,-0.00017771,85190.57702777778,3240827690.2337213,3.10762783811632,,522303.59648611106,1450187563.3573532,2.1670201730636722,,1543213.1770833333,136374831.76553163,4.006301360991078,
2022-05-02,38468.35,39167.34,38052.0,38525.16,53200.92628,1053893.0,2824.81,2894.22,2778.78,2856.54,521706.8567,625431.0,89.67,90.89,85.1,87.5,1915805.97,283822.0,9.666666666666667e-05,-1.0066666666666665e-05,-5.686333333333333e-05,81354.60789583334,3145670783.005839,2.4329374774902677,,511744.55304513895,1449324086.3602617,1.8993587324717112,,1520302.4097222222,134111210.26577128,4.098506346654467,
2022-05-03,38525.16,38651.51,37517.8,37728.95,40316.45358,1005131.0,2856.54,2861.47,2755.19,2781.7,371331.1796,490176.0,87.49,88.81,84.66,85.86,1562366.45,200047.0,0.0001,7.977666666666667e-05,2.0170000000000002e-05,85377.83131944445,3265009839.8264422,2.7254414181116315,,502210.98871527775,1417148750.3423176,1.9049990733134332,,1533024.1666666667,133682434.23831783,4.051087373972775,
2022-05-04,37728.95,40023.77,37670.0,39690.0,62574.61736,1238847.0,2781.7,2965.85,2771.74,2940.64,548738.0668,742950.0,85.86,93.06,85.47,92.77,2246070.16,282723.0,7.501333333333334e-05,9.740333333333334e-05,-4.43e-06,86868.88685069444,3369199262.252688,2.4415290562774263,,501909.87779861107,1431025677.216523,1.8973545982160824,,1563244.5243055555,137595832.63942027,4.503867774867356,
2022-05-05,39690.0,39845.51,35571.9,36552.97,88722.43355,1979692.0,2940.65,2954.65,2683.0,2747.97,734845.3194,935371.0,92.77,95.25,81.32,84.52,3311421.92,434945.0,0.0001,0.0001,4.204e-05,87098.99252430555,3342567878.135425,2.412730098395082,,509773.90182291664,1457284558.1719906,2.057677977851916,,1554210.9027777778,139257441.02191338,4.676302280268775,
2022-05-06,36552.97,36675.63,35258.0,36013.77,68437.80187,1214518.0,2747.96,2758.18,2632.95,2692.85,711449.3234,813458.0,84.52,84.84,79.98,81.68,2607225.81,343170.0,-4.999e-05,-3.3060000000000005e-05,-6.423666666666667e-05,90477.83548958333,3269796702.7200203,3.425107276091081,,520432.0602013889,1410375358.5342476,2.5663813332207033,,1595964.7291666667,131375174.96352535,5.746380446819185,
2022-05-07,36013.77,36146.3,34785.0,35472.39,34281.70682,746488.0,2692.86,2704.36,2584.75,2635.34,371271.4532,505005.0,81.67,82.33,77.03,78.86,1906773.25,220157.0,4.793333333333334e-06,7.706e-05,-2.389333333333333e-05,91579.37598958334,3282742056.347813,3.2904730511815763,,525353.7253680555,1405385513.3066201,2.6013832832808053,,1657309.8680555555,134141893.79255213,5.413099767541836,
2022-05-08,35472.4,35514.22,33713.95,34038.4,72445.64344,1301451.0,2635.35,2642.0,2484.0,2519.71,757615.3415,867730.0,78.86,79.41,73.69,75.38,2736836.4,310522.0,5.7803333333333336e-05,9.955666666666668e-05,1.3969999999999998e-05,92544.82895138889,3197132926.7502575,3.193298867932916,,541206.2386215278,1381500179.186535,2.45413257891101,,1691328.795138889,130677340.87855619,4.179651664541448,
2022-05-09,34038.39,34243.15,30033.33,30076.31,191876.926428,2564538.0,2519.71,2530.78,2225.0,2228.55,1574924.9793,1758980.0,75.39,77.21,61.7,62.16,5846036.682,714133.0,0.0001,9.731000000000002e-05,-0.00010600333333333333,91289.58823958333,2983266161.319486,2.5101346614798654,1.0334015193783186,533536.3359756945,1278249272.1441329,2.038906227253101,1.0407614407799126,1662456.6909722222,118655030.9946453,3.525355450363173,1.0209752295399124
2022-05-10,30074.23,32658.99,29730.4,31017.1,165532.00311,2470325.0,2229.0,2457.34,2200.0,2342.05,1550626.1387,1851225.0,62.16,74.03,60.13,66.9,7855041.331,994845.0,0.0001,8.643666666666667e-05,-5.015333333333333e-05,84209.67815277778,2637565009.8590307,2.541703797327019,1.0811611691895062,500227.1784305556,1179111202.0278847,1.978284599937895,1.048068178991358,1484624.923611111,101315079.76222995,3.433671714850434,1.0404369279209877
2022-05-11,31017.11,32162.59,27785.0,29103.94,207063.739278,3559270.0,2342.04,2451.37,2005.0,2084.99,2022864.83806,2825340.0,66.9,68.44,43.17,50.9,11626123.021,1460193.0,3.6689999999999996e-05,8.412333333333334e-05,-0.00068456,80562.92123958335,2464571383.372389,2.5528244788172834,1.0317515486119049,491455.9768958333,1122040481.276694,1.8366131933120673,1.0281140613066666,1575452.4375,90575705.33013014,2.8720329140786682,1.0044265383476192
2022-05-12,29103.94,30243.0,26700.0,29029.75,204507.263138,3951233.0,2084.99,2195.0,1800.0,1960.22,2305192.90836,2958830.0,50.9,54.29,37.37,44.64,13635820.465,1539677.0,-0.0002514866666666667,-0.00042309666666666667,-0.00130137,75375.70328125001,2152596684.4111385,1.771167551712405,1.065410648215625,488132.2154305556,956334110.7562108,1.4315569722383612,1.0130361305802085,2246000.5,101367388.473708,1.8722144641516616,1.0150435976725694
2022-05-13,29029.74,31083.37,28751.67,29287.05,97872.36957,2051900.0,1960.22,2147.54,1940.23,2009.69,1134042.3387,1380079.0,44.64,56.99,43.83,48.92,8718594.5,892190.0,-5.623333333333333e-06,-9.285666666666667e-05,-0.0006250566666666667,76055.08009722222,2294403267.4087086,1.4940545538005894,1.1047652853118057,466983.4901215278,967999146.7385935,1.431467415187798,1.0626036564972223,2215915.5416666665,112773653.65737568,2.4395014411151212,1.027285594701736
2022-05-14,29287.05,30343.27,28630.0,30086.74,51095.87863,1204626.0,2009.69,2070.06,1951.21,2056.48,563788.3078,794510.0,48.93,53.91,45.81,52.43,5099487.21,618557.0,0.0001,7.012333333333334e-05,-0.0002466,73954.93508680555,2173661854.9975367,1.6071399796128192,1.088385501653125,469439.9397465278,947121468.901885,1.4187024358670284,1.1215141811993055,2316597.128472222,115467081.66971065,2.0481146970317323,1.0838291233409723
2022-05-15,30086.74,31460.0,29480.0,31328.89,46275.66912,1016769.0,2056.47,2167.0,2000.68,2145.29,514398.2587,677163.0,52.43,59.31,49.63,58.83,3885558.77,477977.0,9.114333333333334e-05,8.101333333333334e-05,-6.807666666666667e-05,73735.45516666667,2220757803.0370603,1.5800244684812113,1.1538929550065973,471570.56374305557,973422266.4027708,1.3776309044551913,1.1380380202086806,2375655.2118055555,125896446.4177863,1.9894497522059824,1.0537184575107639
2022-05-16,31328.89,31328.9,29087.04,29874.01,73082.19658,1561954.0,2145.29,2145.29,1979.12,2023.66,822070.8531,1046115.0,58.83,58.83,51.89,53.79,5418221.63,627274.0,7.941e-05,6.555333333333333e-05,-0.00012966666666666668,75876.50053472222,2274034121.96518,1.5842340996688489,1.0721936365600695,467994.1277083333,954306268.094658,1.4689553748878297,1.1024193001694444,2391824.215277778,130561908.29471749,1.7845250264078727,1.043421504432639
2022-05-17,29874.01,30788.37,29450.38,30444.93,56724.13307,1175382.0,2023.66,2122.42,2008.0,2090.72,568249.0448,820184.0,53.8,58.22,53.04,57.02,4346066.59,531717.0,4.665e-05,-2.4883333333333333e-05,-0.00011243,76890.63692708332,2327893323.8875213,1.444084165431583,1.1382759832725695,469439.84534374997,970694743.8069594,1.4023648095671113,1.165519721482986,2366866.4375,132069893.76151246,1.8736496820033137,1.0513813034180555
2022-05-18,30444.93,30709.99,28654.47,28715.32,59749.15799,1379212.0,2090.72,2110.72,1908.0,1915.11,631577.2341,803676.0,57.01,57.85,49.38,49.93,4470848.03,517406.0,-3.2720000000000005e-05,-5.493333333333335e-06,-5.973333333333334e-05,76899.70948611111,2275438391.668416,1.7793187464281297,1.0802463182649307,477802.41040972224,959688923.6481258,1.603063064343693,1.091482126554861,2351678.809027778,125352542.75378484,1.9126909799731255,1.0354396619319446
2022-05-19,28715.33,30545.18,28691.38,30319.23,67877.36415,1860780.0,1915.11,2040.39,1903.18,2019.55,741476.9794,946509.0,49.93,54.09,48.2,52.2,4794335.94,513106.0,4.249333333333333e-05,-3.753333333333335e-06,-3.1003333333333335e-05,81444.98830902779,2408468277.2307835,1.5874750576394825,1.153246441229861,487401.35491666663,960046128.26261,1.6023011579814024,1.1184916703725696,2392409.5868055555,122288783.75341612,1.9699180240512257,1.078252776697222
2022-05-20,30319.22,30777.33,28730.0,29201.01,60517.25325,1694004.0,2019.55,2064.0,1923.0,1959.08,576981.5371,840589.0,52.2,53.62,47.81,49.43,4811635.67,499246.0,0.0001,8.882333333333333e-05,-1.553e-05,85049.98229166666,2536232440.3847938,1.5142422460787888,1.0584842575013889,483097.6206319445,966291364.6012105,1.492163374100181,1.0749551112993057,2255315.7708333335,115299890.61701706,2.1391401400808565,1.0543622923965277
2022-05-21,29201.01,29656.18,28947.28,29445.06,20987.13124,643486.0,1959.08,1990.86,1937.36,1975.07,238869.7632,417873.0,49.42,51.21,48.43,50.31,1969104.94,222550.0,6.699999999999998e-07,2.3206666666666666e-05,-4.778e-05,81647.75503472221,2395029435.429118,2.0491879548076275,1.125884650745486,468576.65811458335,923083726.0532603,1.6894828656312648,1.1276711785576388,2197866.5625,109649761.27651578,2.4625415617214093,1.0593396487961806
2022-05-22,29445.07,30487.99,29255.11,30293.94,36158.98748,862880.0,1975.06,2056.41,1966.33,2043.19,355735.1927,540257.0,50.3,53.2,49.69,52.48,2723718.45,254086.0,3.1156666666666666e-05,6.534666666666666e-05,1.7276666666666667e-05,83110.62545138889,2476719926.0422153,1.4987849041483365,1.1603413809767362,470501.30986111116,941951913.3853285,1.4881520353117266,1.1782991194885417,2221835.9895833335,113770078.72786939,2.2586271282651627,1.0935045216031252
2022-05-23,30293.93,30670.51,28866.35,29109.15,63901.49932,1328317.0,2043.19,2088.5,1957.12,1973.32,636085.0224,809254.0,52.48,54.68,48.61,49.17,4201654.88,434398.0,0.0001,0.0001,7.150333333333333e-05,86076.02782986111,2590958611.4154687,1.2801170844451288,1.06882717220625,480968.5252951389,981236997.1408153,1.457321585196757,1.0829544431680556,2253507.3506944445,118309075.95245557,2.0592518254301933,1.050881956904514
2022-05-24,29109.14,29845.86,28669.0,29654.58,59442.96036,946421.0,1973.33,1993.83,1913.02,1979.41,534096.972,598082.0,49.17,50.85,47.1,49.67,3645448.65,303032.0,-3.385333333333333e-05,-5.590333333333334e-05,-0.00012910333333333333,85819.81285416667,2514707814.5290365,2.4257927912246933,1.075319382296875,484215.7972083333,953402699.9512153,2.0231616553713865,1.0832458529461806,2200127.902777778,108711673.48518232,3.2508288870811017,1.0123686230513889
2022-05-25,29654.58,30223.74,29294.21,29542.15,59537.38659,985440.0,1979.4,2022.34,1934.61,1942.63,524786.3091,600224.0,49.67,50.55,47.57,47.98,3294918.76,248168.0,7.893e-05,5.884e-05,3.694666666666666e-05,82120.82987847221,2443371022.857878,1.819556376454016,1.0806457191680556,480203.9354131944,947014983.0640762,2.0353808960872914,1.0864673114569445,2281072.934027778,111325539.80367059,3.3993222860860945,0.9727932334475694
2022-05-26,29542.14,29886.64,28019.56,29201.35,94581.65463,1431112.0,1942.64,1966.01,1735.0,1792.23,1168740.57514,1124028.0,47.97,48.66,41.69,43.44,7025986.74,474015.0,6.079e-05,-3.5200000000000023e-06,-7.765e-05,83537.88683333334,2459389636.8873506,1.8441813627731145,1.0762253955159722,531779.5938958334,994944703.4444599,2.160634783649354,1.056065232786111,2394783.7395833335,108955415.30485107,3.094903282664145,1.0227287524642361
2022-05-27,29201.35,29397.66,28282.9,28629.8,90998.5201,1321406.0,1792.24,1822.26,1703.0,1727.27,1296693.28537,1226454.0,43.44,43.95,39.93,41.17,7547814.8,510421.0,0.0001,5.0656666666666666e-05,-4.9903333333333334e-05,82863.73159375001,2393782490.638505,2.0136340018689283,1.0795500579361113,536740.53965625,945348134.3128866,2.138746334587549,1.0558037237184026,2425354.5208333335,101325009.86955322,2.64868823335368,1.0145051770569444
2022-05-28,28629.81,29266.0,28450.0,29031.33,34479.35127,684423.0,1727.26,1808.98,1722.26,1792.22,558271.1818,645423.0,41.18,45.08,40.33,44.25,4317517.06,307558.0,9.570666666666668e-05,6.502666666666667e-05,-8.486666666666666e-06,82450.67102083334,2381375763.968343,1.9147761034803545,1.1416588891508896,552555.6783784722,978285007.3303661,1.9462945944396344,1.1194041042836298,2521966.059027778,106734722.94355528,2.520351098425335,1.0945372987064057
2022-05-29,29031.33,29587.78,28839.21,29468.1,27567.34764,635311.0,1792.21,1827.4,1759.96,1813.64,432430.611,447003.0,44.24,45.67,41.79,44.98,4628871.1,299730.0,0.0001,4.531333333333333e-05,3.141666666666667e-05,84830.91716319445,2471920191.108201,1.5792453126296957,1.154779599567361,559571.9898680556,1002982466.453843,1.6607912677586623,1.1547790825090276,2569520.0104166665,112576294.80578974,2.0885522991741716,1.0923739994204862
2022-05-30,29468.1,32222.0,29299.62,31734.22,96785.9476,1380410.0,1813.64,2013.0,1803.18,1998.78,814922.8359,848129.0,44.98,48.39,44.27,47.22,5476313.14,349733.0,0.0001,6.0379999999999994e-05,9.613e-05,90569.64405555556,2772208043.9223413,1.1613377815697095,1.1459006289927083,559053.5228784722,1064751098.8225332,1.4817552527039815,1.1148236705465278,2547128.142361111,117503432.00261247,2.26150592357419,1.0445187420809028
2022-05-31,31734.23,32399.0,31200.01,31801.04,62433.11632,1161340.0,1998.78,2016.45,1925.0,1941.9,751103.4226,791367.0,47.22,48.24,44.56,45.77,4479536.73,309278.0,0.0001,9.253666666666668e-05,0.0001,89289.17492708334,2831098686.522519,1.216856242817194,1.1123127676562499,555786.3375520833,1093969981.567361,1.5070127664964272,1.0476498782829862,2451554.628472222,113710286.4295823,2.6744164456079247,0.9954850374916666
2022-06-01,31801.05,31982.97,29301.0,29805.83,103395.63382,1404611.0,1941.9,1972.58,1763.75,1817.95,1037841.2706,973159.0,45.78,46.12,39.51,40.11,4778696.94,336469.0,0.0001,0.0001,0.0001,87675.40993055556,2725213915.473527,1.3895654363312677,1.0348917818847223,550432.64125,1045720674.6548958,1.7949338509907582,1.0512544199083333,2490344.2430555555,108440438.19621608,2.6623755701931064,1.006355889024653
2022-06-02,29805.84,30689.0,29594.55,30452.62,56961.42928,1086183.0,1817.96,1853.05,1782.42,1834.08,788784.4017,793304.0,40.11,41.65,38.13,40.85,5153870.27,360847.0,9.733333333333334e-06,-9.266666666666657e-07,-5.117666666666667e-05,84709.68255902777,2544532848.1831317,1.7927240073979118,1.101567845178125,550906.8833472222,1003244412.0011697,1.9947559712606757,1.0792009826041666,3045095.3854166665,122104544.8373771,2.1045264045930576,1.0556869742197916
2022-06-03,30452.63,30699.0,29282.36,29700.21,54067.44727,993769.0,1834.09,1843.91,1737.0,1775.12,741282.5346,807046.0,40.86,41.54,37.63,38.28,4437324.64,344798.0,7.009999999999998e-06,5.999666666666666e-05,2.339e-05,85182.53568055556,2553695456.0053115,1.763114549553311,1.0639607754520835,583652.428798611,1042967147.3560183,2.184481584810748,1.0959901055013888,3061478.357638889,120014885.47577664,2.3864585885825638,1.0657442557885417
2022-06-04,29700.21,29988.88,29485.0,29864.04,25617.90113,618037.0,1775.13,1816.0,1748.43,1804.58,388279.4579,402734.0,38.28,39.5,35.71,39.0,3736176.79,265233.0,3.523666666666666e-05,7.666666666666667e-05,-4.125666666666666e-05,83686.98867708334,2484630439.925459,2.11656566886908,1.1390457552694444,580417.7553263889,1028607406.5458707,2.3924802804380585,1.106268875218403,3284330.2604166665,122943587.15329772,2.1841530353124887,1.0658082673402778
2022-06-05,29864.03,30189.0,29531.42,29919.21,23139.9281,604680.0,1804.58,1830.17,1773.05,1806.23,371974.5061,403935.0,39.02,40.22,37.85,38.52,3618511.38,243413.0,3.979666666666667e-05,4.8393333333333336e-05,-7.555333333333333e-05,82855.54687152778,2469631319.3809657,1.9160132067701687,1.1089731295708334,579442.6385208333,1042153063.8716363,2.1317610085855803,1.17567544830625,3274096.423611111,128034584.0387688,1.7684532672025766,1.0689128890847224
2022-06-06,29919.2,31765.64,29890.23,31373.1,68836.92456,1124745.0,1806.22,1920.0,1804.35,1859.84,804250.3567,817039.0,38.53,44.87,38.33,42.39,6823258.3,488023.0,8.564e-05,9.865666666666667e-05,5.0133333333333343e-05,90287.57041319444,2821983100.087943,1.1313006151247982,1.1328184208583334,577366.7803715278,1083252297.1590164,1.6981661414948375,1.1013800653826389,3210553.6041666665,136148387.12052643,1.5309253314074216,1.0696901807309027
2022-06-07,31373.1,31589.6,29218.96,31125.33,110674.51658,1743957.0,1859.84,1874.98,1725.13,1813.33,1397598.2288,1225296.0,42.39,42.8,37.12,39.31,7677286.83,523590.0,-1.3129999999999998e-05,2.695e-05,-8.533333333333342e-06,85796.94887847222,2574363788.3694363,1.870902872945273,1.0355841666409722,562107.4138229167,999885479.0630927,2.222851918837268,1.0530012175659722,2762029.329861111,108793050.89740685,2.0914967303713645,1.0431840418822917
2022-06-08,31125.32,31327.22,29843.88,30204.77,68542.61276,1236327.0,1813.33,1838.77,1765.28,1791.88,941510.1373,820627.0,39.32,40.96,38.28,38.83,3988154.3,283280.0,0.0001,9.013666666666667e-05,-1.3123333333333337e-05,81906.3448888889,2495435010.3040514,1.395096906375299,1.069384531226736,552371.1640034723,996179500.8708011,1.946252503144886,1.0544384555899304,2468978.6006944445,96897439.61955282,2.588197746834897,1.015732555034375
2022-06-09,30204.77,30700.0,29944.1,30109.93,46291.1865,841562.0,1791.88,1833.0,1777.33,1788.81,535310.9618,528098.0,38.83,41.97,38.44,39.96,4587327.75,285547.0,9.702e-05,8.473666666666666e-05,1.7700000000000006e-06,82538.28398611111,2496300189.906417,1.8333658299145488,1.0925289620034722,564702.256642361,1015507077.6537999,2.1270613612154445,1.0838503714458332,2564021.847222222,102470685.27875967,2.2261470857566326,1.0974577432923611
2022-06-10,30109.93,30382.8,28850.0,29091.88,76204.2498,1258608.0,1788.8,1804.32,1655.93,1662.91,955035.79239,990969.0,39.96,40.9,36.8,37.17,4364643.34,313613.0,7.597333333333333e-05,3.0513333333333335e-05,1.4796666666666667e-05,85485.98610416666,2533489458.180172,2.293284163853457,1.090423968473611,618869.6864236111,1075515176.2016869,2.4837941818391958,1.0490963607916666,2654427.8229166665,103046391.11135961,2.543904976430767,1.015615603282639
2022-06-11,29091.87,29440.41,28099.99,28424.7,65901.39895,1084163.0,1662.91,1682.21,1496.74,1532.89,1220325.2542,1030360.0,37.17,37.93,33.17,33.93,4638154.317,300132.0,2.9156666666666668e-05,-0.00013796666666666667,-0.00016947333333333333,89580.93415625,2585371758.2529674,2.6416684055153796,1.1054499298687501,723050.3288576389,1153408380.7109396,2.4885813850678615,1.0242777488947918,2931281.71875,104675375.450573,3.1401348765351007,1.0286823791135415
2022-06-12,28424.71,28544.96,26560.0,26574.53,92474.598809,1451271.0,1532.89,1547.0,1423.0,1434.84,1563225.37018,1192382.0,33.94,34.5,30.56,30.61,6810748.104,400837.0,3.6673333333333333e-05,-7.588666666666667e-05,-0.00028064666666666665,87818.44599652778,2426885144.5480814,2.3068572665291724,1.0874392988694443,722102.5580208334,1069090710.4862982,1.8664062284936145,1.1097086340190971,3167552.9895833335,103428765.7465763,2.5390970099160186,1.0574090379875
2022-06-13,26574.53,26895.84,21925.77,22487.41,254611.034966,3261484.0,1434.84,1455.0,1165.45,1209.82,3626351.66536,3047112.0,30.6,31.11,26.05,28.6,13336972.466,802782.0,6.180000000000001e-06,-1.2613333333333335e-05,-0.0002716,83231.52819097223,2018497733.3743315,1.8494776348380495,1.038638788471875,767773.0665069445,974054744.9493207,1.3937495539528422,1.0519011462336805,3194846.9131944445,89650130.1459505,2.1191247203319965,1.0418046220423611
2022-06-14,22485.27,23362.88,20846.0,22136.41,187201.64671,2583151.0,1209.35,1268.45,1075.8,1208.9,2716493.80131,2225812.0,28.59,32.32,25.86,29.59,11437619.27,671181.0,-3.711666666666666e-05,-4.042e-05,-0.00018610000000000002,83968.79645833332,1862650889.0035336,1.5038070918341708,1.0843462361069445,766403.1315694444,915908341.6196381,1.26974058760627,1.0681425394354167,2959804.170138889,86361938.5655362,2.012191972284155,1.0728532494465277
2022-06-15,22136.42,22800.0,20111.62,22583.72,200774.493467,2847831.0,1208.9,1250.0,1014.4,1237.52,3114823.13621,2868796.0,29.59,34.86,26.79,34.76,12673444.09,806141.0,-3.3276666666666666e-05,-7.584e-05,-6.951666666666667e-05,86356.78303819445,1843852719.9856887,1.7020318481848122,1.0666354748937499,797986.3856631945,906501538.5433264,1.4001296411764668,1.038679227296875,2957432.704861111,87353230.28576352,1.8070960973811236,1.0478499703649304
2022-06-16,22583.72,22995.73,20232.0,20401.31,99673.59429,1690477.0,1237.53,1257.85,1051.55,1068.5,1447386.8304,1443117.0,34.75,36.0,29.52,30.12,10418712.66,605517.0,-1.6386666666666667e-05,-1.750666666666667e-05,-6.106e-05,87281.65245138889,1870243780.4803267,1.7306142481588136,1.0495114582076388,785793.6067395833,897822628.6381181,1.374662820635901,1.0575875703600695,3052211.3229166665,98519792.19396205,1.4404786046196025,1.0510479899631944
2022-06-17,20400.6,21365.43,20246.66,20468.81,86694.33663,1352992.0,1068.5,1118.0,1051.11,1086.94,1220677.9491,1118997.0,30.12,32.19,29.26,30.71,6274370.5,359804.0,-2.2053333333333335e-05,-0.00011007333333333334,-0.00017587333333333335,91075.29610763889,1884771569.7100039,2.3649741362753467,1.0674209848027778,816345.3042152778,887835715.0015965,1.7525873716776181,1.0553328810822917,3126254.736111111,97376702.52349707,1.7217524382393765,1.0918423059604168
2022-06-18,20468.81,20792.06,17622.0,18970.79,196441.655524,2467372.0,1086.93,1097.58,881.56,995.13,2308983.5187,1911260.0,30.72,32.06,27.15,32.02,9330644.34,555711.0,5.7193333333333333e-05,-0.00014682333333333332,-8.365666666666667e-05,94762.28054513888,1833108613.2342505,2.099282756390145,1.044766267763889,909780.5450069444,914022258.1974254,1.5335264082056546,1.0470946836420139,3198443.6944444445,95094262.68937987,1.7603838174453745,1.0311261270569443
2022-06-19,18970.79,20815.95,17960.41,20574.0,128320.87595,1950660.0,995.12,1158.62,936.15,1128.53,2018599.4499,1796154.0,32.01,35.4,28.68,34.19,9253122.78,592879.0,2.3076666666666665e-05,-8.804e-05,-6.747666666666667e-05,94660.98913194444,1826142195.2299278,1.3037968757625706,1.1245004257642361,920475.1072048611,946241779.0817593,1.0811305166189862,1.1191236885458333,3542369.045138889,112361889.58898833,1.5421873686183298,1.0616590871871527
2022-06-20,20574.0,21090.0,19637.03,20573.89,109028.94154,1639448.0,1128.53,1170.0,1053.0,1128.24,1721772.9132,1585055.0,34.19,36.9,31.73,35.24,8218146.8,564975.0,2.1376666666666665e-05,5.422666666666667e-05,6.419000000000001e-05,93036.80501041666,1890058554.219034,1.065752412421439,1.0858995128388889,847655.1766979167,937833093.0835695,1.0406781118697765,1.0704611053461806,3502836.034722222,119652464.82773577,1.21813273184576,1.06170508146875
2022-06-21,20573.9,21723.0,20348.4,20723.52,104371.0749,1515321.0,1128.24,1194.0,1109.23,1125.85,1306095.3757,1295971.0,35.25,39.19,34.2,36.42,7429098.76,524268.0,5.665e-05,5.347666666666667e-05,-4.883e-05,96213.02786458333,2021651991.0382237,0.9848054733957365,1.096381193861111,859304.3412083334,984318160.4993087,1.0520468723980452,1.0937911513732639,3389135.7708333335,124906538.12188567,1.189746646298151,1.0519282216611112
2022-06-22,20723.51,20900.0,19770.51,19987.99,92133.97938,1394981.0,1125.86,1127.33,1043.65,1050.19,1306959.8593,1132300.0,36.42,36.87,33.65,34.12,6494707.01,407107.0,-1.4813333333333334e-05,-5.3733333333333336e-05,-9.516666666666667e-05,94732.94690277778,1924103815.8572798,1.2130096026079513,1.0737529084972222,836925.5423541667,909051497.8796924,1.1734074606945828,1.047999048064236,3040440.84375,106422686.53738467,1.44137062092467,1.0450374753506944
2022-06-23,19988.0,21233.0,19890.07,21110.13,83127.08716,1207858.0,1050.19,1155.0,1045.3,1144.72,1278257.0899,1031001.0,34.13,38.65,33.91,38.15,7002610.45,443012.0,-1.7016666666666666e-05,-7.018333333333334e-05,-3.7466666666666645e-06,95256.20317708334,1955634852.7903414,1.1095492158903963,1.121846471396875,850532.0307534722,938090065.0528083,1.1178757654426752,1.096637056957639,3080809.440972222,112574263.60710885,1.3139241190388968,1.0591821806590278
2022-06-24,21110.12,21558.41,20736.72,21237.69,77430.36622,1309709.0,1144.71,1245.43,1132.0,1225.02,1337137.483,1232149.0,38.15,42.92,37.67,41.91,6583046.23,463015.0,8.668666666666667e-05,7.349666666666667e-05,-3.3099999999999984e-06,97320.14259027777,2052903368.536263,0.9931733592279295,1.0765751031072917,941619.1658159723,1115189433.755038,0.8879885866085719,1.1133524651138889,3178809.4375,126457345.52594464,1.0480627066610917,1.0720796159729167
2022-06-25,21237.68,21614.5,20906.62,21491.19,51431.67794,874540.0,1225.02,1256.77,1180.0,1242.36,861986.6177,824872.0,41.91,42.64,39.73,42.22,4294211.07,334804.0,7.540333333333334e-05,-4.333333333333312e-07,3.134e-05,98962.53947569444,2104285712.633695,0.9440817224320907,1.107324838923264,912424.8629409722,1109068411.5603943,0.8724894631716178,1.0960169416288195,3033637.3541666665,125190879.10067725,1.04858559006587,1.047096921970139
2022-06-26,21491.18,21888.0,20964.73,21038.07,53278.10464,885306.0,1242.31,1280.0,1194.6,1197.79,884184.273,812743.0,42.22,42.49,39.14,39.39,4024143.84,308030.0,6.889666666666667e-05,1.4383333333333335e-05,6.135333333333333e-05,99942.39142708333,2135267364.017976,0.9525853598757092,1.0824024994805557,924561.0876006945,1140805571.2391043,0.9232299779661557,1.1147311634972223,3014038.079861111,123408685.84731916,1.2313541871500127,1.0033880859572917
2022-06-27,21038.08,21539.85,20510.0,20742.56,64475.0013,1002214.0,1197.79,1238.93,1172.49,1192.51,868734.2061,794157.0,39.39,41.25,37.9,38.52,4172937.4,289594.0,5.8183333333333336e-05,-6.060333333333333e-05,-6.51e-05,97757.19875694445,2057539008.5150843,1.1638930543463937,1.0602730639760418,898814.2921284721,1086645016.3002043,0.9991862980683557,1.059078050340278,2926406.236111111,115630509.98337492,1.3892746786155987,1.0209578872784721
2022-06-28,20742.57,21212.1,20202.01,20281.29,63801.0832,1064497.0,1192.51,1237.99,1136.32,1144.05,1104065.2211,952584.0,38.5,39.9,35.02,35.35,5581335.85,361164.0,-1.921333333333333e-05,1.6056666666666668e-05,-7.404e-05,99643.53608680556,2063255819.1997766,1.245207586428164,1.0765434514760417,904500.8393020834,1076560607.4646013,0.9837949368332465,1.0814433415138889,2992240.888888889,112642056.63085754,1.6878821812372888,1.042870310945486
2022-06-29,20281.28,20432.31,19854.92,20123.01,77309.04379,1210636.0,1144.05,1156.8,1087.42,1100.21,1295517.796,1145867.0,35.34,36.12,33.1,34.05,5755278.44,362853.0,5.947333333333333e-05,2.0156666666666666e-05,2.3033333333333334e-06,101429.12330208333,2043439582.183185,1.659229847113866,1.0658982374378472,886285.8131597223,994756691.7165132,1.2992750313878965,1.0854147212309029,3148776.2291666665,109522871.73758489,2.3415514688999908,1.0388451188493055
2022-06-30,20123.0,20179.08,18626.0,19942.21,93846.64806,1438163.0,1100.21,1106.62,998.0,1071.01,1420670.3656,1180758.0,34.06,34.2,30.92,33.76,5337105.46,344452.0,-6.904666666666666e-05,-8.330333333333333e-05,-3.260666666666667e-05,100156.16720138889,1937429209.3910704,1.5529344205905857,1.073752394413889,902929.9148125,944501881.2652805,1.319671468040939,1.0941348784218752,3119482.652777778,100344438.72102793,2.289271479305551,1.07427847040625
2022-07-01,19942.21,20918.35,18975.0,19279.8,111844.59494,1668363.0,1071.02,1117.0,1033.44,1059.73,1562255.1439,1218279.0,33.76,35.4,31.82,32.84,6155756.76,368256.0,-4.5803333333333336e-05,-6.079333333333333e-05,-8.045333333333333e-05,91707.15251736112,1792031585.8494883,1.5473770054333713,1.0585561707805555,860033.85140625,916578850.5819494,1.33793021855299,1.1015521487791666,2765621.420138889,91629629.3696948,2.0352607356303354,1.0242504901809029
2022-07-02,19279.8,19467.39,18977.01,19252.81,46180.3021,833508.0,1059.73,1078.88,1028.29,1067.01,714812.0804,608900.0,32.85,34.14,31.87,33.36,2740500.19,183520.0,1.475e-05,-3.085e-05,-5.856333333333333e-05,92833.30652430555,1785647572.4901748,1.6661008453548887,1.0888429706777778,868473.5116145833,914943153.8096145,1.357826938820094,1.1114383881326388,2649279.611111111,86973510.24045983,1.8974231715830432,1.0762320673958332
2022-07-03,19252.82,19647.63,18781.0,19315.83,51087.46631,880786.0,1067.01,1088.34,1040.78,1074.26,644746.3337,562962.0,33.36,33.77,32.14,33.39,2394572.39,154731.0,5.2e-05,2.699999999999993e-06,-1.9416666666666667e-05,94115.881375,1804175727.7897432,1.7240991876621026,1.1293633316652778,879823.1069583333,934441446.2538524,1.2744714814109421,1.10702720500625,2775334.684027778,91270891.23475593,1.9706550685341209,1.0539999742302082
2022-07-04,19315.83,20354.01,19055.31,20236.71,74814.04601,1282843.0,1074.26,1160.9,1045.37,1151.0,1150108.9861,842895.0,33.4,36.94,32.45,36.71,4064615.13,246563.0,4.8899999999999996e-05,1.999999999999999e-06,-4.6853333333333334e-05,99754.86155208334,1948096988.728567,1.4402656159323046,1.1229958598961807,920572.0831145834,1003547347.6728594,1.1619069856342366,1.1301343140062499,2861507.003472222,97297580.38592605,1.7572026576507394,1.06991058613125
2022-07-05,20236.71,20750.0,19304.4,20175.83,96041.13756,1612273.0,1151.01,1174.9,1076.34,1132.5,1398961.4495,1130646.0,36.71,36.99,33.03,35.4,6098472.04,352757.0,5.137e-05,2.2883333333333335e-05,-5.209666666666667e-05,101264.64371527778,2025775960.0824246,1.1983082753346816,1.090803336439236,934238.5695173612,1057979877.0705485,1.0664561762036069,1.0895105339621527,3065286.902777778,107498051.04842167,1.8880960413947692,1.045571109029514
2022-07-06,20175.84,20675.22,19761.25,20564.51,82439.5808,1472221.0,1132.51,1205.0,1111.44,1186.57,1211768.0757,1040498.0,35.41,37.65,34.8,37.04,5298552.9,333851.0,9.457666666666667e-05,8.124333333333333e-05,2.8076666666666665e-05,101437.62162152777,2047571355.1051822,1.0521573893230733,1.1028886142559027,888760.3506284723,1016036664.421324,1.0153138937390034,1.111932765545486,3000897.0243055555,108049696.80732824,1.4115977309338847,1.051674441146875
2022-07-07,20564.51,21838.1,20251.68,21624.98,85014.58261,1653722.0,1186.57,1254.29,1163.18,1237.49,1001316.079,877397.0,37.04,39.29,36.39,38.46,4091777.28,262606.0,8.424666666666666e-05,8.963666666666668e-05,4.316666666666668e-06,109008.68596875,2267557648.4015646,0.7953723515509245,1.0971091271194444,963286.4605173612,1156328098.2983057,0.8067986527972197,1.0976638670725696,3039553.222222222,114190882.78476177,1.2074799622321524,1.0594156326204862
2022-07-08,21624.99,22527.37,21189.26,21594.75,403081.57349,4358216.0,1237.49,1276.46,1193.15,1214.04,1189518.3631,1233964.0,38.46,39.72,36.46,38.12,5277992.76,354548.0,6.737333333333334e-05,8.501666666666667e-05,7.31e-06,110018.82959722221,2394470488.5168185,0.7854215182240583,1.074094114671875,938551.6930277778,1158633839.3070562,0.7748964983669422,1.0890954609805557,2870233.5555555555,109338083.35754858,1.147611389165242,1.0476015560986112
2022-07-09,21594.75,21980.0,21322.12,21591.83,178417.84468,3524386.0,1214.03,1235.4,1204.67,1217.02,576337.1809,716361.0,38.12,38.95,37.77,38.06,2088073.86,145253.0,8.714333333333334e-05,3.6696666666666664e-05,7.083000000000001e-05,109936.99318055555,2376651037.4950714,0.9061017542341481,1.1100709320850695,904121.2222673611,1101172251.1463785,0.9590697888976845,1.11995027718125,2946726.548611111,113029394.58389406,1.055864401820344,1.0324952319472223
2022-07-10,21592.15,21607.65,20655.0,20862.47,192188.21556,3434401.0,1217.02,1219.95,1153.0,1168.36,1018038.6506,680105.0,38.06,38.14,36.26,36.71,2181587.6,148125.0,9.987333333333333e-05,7.049333333333334e-05,8.666000000000001e-05,108880.57934722221,2301575564.097473,1.0859256579705436,1.0945459176756944,903807.7331354166,1068230577.3040513,1.0602556815573134,1.0883999404135416,2927227.3125,108641228.58944224,1.3051899160358522,1.0910345386930556
2022-07-11,20861.11,20868.48,19875.23,19963.61,137535.40724,3232941.0,1168.37,1171.29,1091.71,1096.4,1201652.3048,1165044.0,36.71,36.73,33.24,33.42,2927967.37,204049.0,6.759666666666666e-05,3.729e-05,8.713666666666667e-05,104800.66638194445,2145552314.0147388,1.365707200227134,1.1153998338184028,886923.6199166668,1013400069.1571985,1.2162599102130915,1.1019089721569444,2961027.0729166665,104327658.27148707,1.659373042092463,1.0669494172118055
2022-07-12,19963.61,20059.42,19240.0,19328.75,139506.45862,3626399.0,1096.37,1098.26,1033.46,1038.58,1261349.6321,1142194.0,33.42,34.61,32.6,32.68,3202970.4,204957.0,5.7010000000000005e-05,-2.059e-05,-9.253333333333332e-06,108333.68576388889,2140826675.9019117,1.551252724142694,1.0890918060989583,874371.7217048611,935767527.3842895,1.4248878056525038,1.0787197574729168,3053716.6493055555,102815236.34525305,1.7748356156908862,1.0498576808069444
2022-07-13,19331.28,20366.61,18910.94,20234.87,209250.24888,4789109.0,1038.58,1119.18,1006.32,1115.0,2035605.8299,1423956.0,32.69,35.08,31.82,34.94,4798032.13,275893.0,-6.016666666666666e-06,-0.00016783,-0.00010382,108364.90719097223,2125299776.756236,1.4536598879618128,1.0926599840583333,868778.7987118056,926393605.4458556,1.3989044241872277,1.1053478039413196,3087848.3645833335,103212248.87634589,1.836224271564779,1.0971149496496528
2022-07-14,20234.87,20900.0,19616.07,20588.84,174809.21696,4576355.0,1115.01,1214.65,1072.11,1193.42,1605101.9262,1611421.0,34.94,37.31,33.58,37.15,5214767.02,275359.0,4.5026666666666674e-05,-5.558e-05,3.868e-05,108055.44704166666,2180662798.1255064,1.161225049586361,1.1357346789225695,914929.33390625,1031386881.5642705,1.0898441443173557,1.0987629113847222,3029369.277777778,106018377.54356545,1.7179428036967588,1.1187930181940973
2022-07-15,20588.84,21200.0,20382.29,20830.04,143343.3049,4411375.0,1193.42,1287.82,1181.05,1231.25,1466037.2584,1170632.0,37.14,39.1,36.49,37.36,4440629.04,281361.0,4.086333333333333e-05,4.738e-05,7.595666666666667e-05,112092.07149305556,2329784654.343931,0.9363256123024072,1.1182798974104167,981179.3883298611,1197518050.7230718,0.7462134803628941,1.1299076902690972,3115975.371527778,117159229.25178558,1.1808826697392072,1.105257682162153
2022-07-16,20830.04,21588.94,20478.61,21195.6,121011.67393,3723401.0,1231.25,1422.91,1191.23,1355.85,1493809.9226,1678529.0,37.36,40.41,36.35,39.58,3945225.2,259342.0,4.950333333333333e-05,5.383000000000001e-05,7.524333333333333e-05,112852.21068402778,2354962243.852559,0.8671360487552201,1.1160118128819443,980115.1718576389,1233516600.2931805,0.6933323973308196,1.1368607871666667,2960815.4583333335,112022009.2232086,1.1645580973782785,1.0814810679319444
2022-07-17,21195.6,21684.54,20750.01,20798.16,118229.4525,4261057.0,1355.84,1387.0,1319.04,1338.65,1246202.8795,1163593.0,39.59,41.09,38.29,38.62,3795951.41,253441.0,8.915666666666667e-05,3.1230000000000004e-05,0.0001,114525.25667013889,2429902761.1799903,0.818679390186659,1.110996345603125,929673.6122256945,1257479730.7923563,0.7396873104479442,1.077592360757986,3009124.3541666665,119029779.65089661,1.0973588666011709,1.0535630495055555
2022-07-18,20799.58,22777.63,20762.45,22432.58,239942.73132,6564387.0,1338.65,1597.47,1336.07,1581.04,2029918.76521,1750043.0,38.61,44.07,38.55,43.52,6300282.95,446880.0,0.0001,1.4560000000000001e-05,8.318666666666667e-05,116183.66505902779,2536886073.2967234,0.758860370619812,1.0842403201340278,915046.3980208333,1333847869.0981336,0.7341641170410695,1.0849300235423611,2826835.8125,116301179.48983748,1.090478910268964,1.0679164207663194
2022-07-19,22432.58,23800.0,21579.54,23396.62,263770.76574,6488375.0,1581.03,1631.0,1493.11,1542.32,1846048.6816,1818358.0,43.52,47.36,42.54,44.87,7876651.82,674599.0,0.0001,8.080666666666667e-05,0.0001,113658.56800694444,2563702691.4001384,0.850736619248061,1.0732066806434029,835408.5292291667,1290483759.7874517,0.9673365605711458,1.033560572290625,2755610.0555555555,123901720.67193781,1.2642539225843588,1.0460470297475695
2022-07-20,23398.48,24276.74,22906.19,23223.3,238762.17094,6364038.0,1542.33,1620.4,1484.23,1521.58,1351177.4247,1506300.0,44.87,46.3,41.24,42.04,6380441.74,477417.0,9.372666666666667e-05,1.3763333333333336e-05,0.0001,117510.59835763888,2769030128.3697233,0.7322575566991758,1.070976759478125,825861.0391423611,1288465242.9801817,0.9576538730774495,1.039464017026389,2707595.340277778,120472999.96624364,1.4673145903189018,1.0210400849954862
2022-07-21,23223.3,23442.77,22341.46,23152.19,184817.68191,4808194.0,1521.63,1605.98,1463.56,1575.45,1247327.4963,1282430.0,42.03,44.24,39.64,43.11,6134099.29,428346.0,0.0001,0.0001,0.0001,114360.17956944444,2622033664.300956,0.9190767949346501,1.0714720023878472,803950.9138090278,1224278611.6772058,0.855623463939009,1.0654695304166666,2797976.8680555555,117132975.9930391,1.5265383600911147,1.0493846962572917
2022-07-22,23152.19,23756.49,22500.0,22684.83,171598.43966,4745582.0,1575.45,1650.05,1516.11,1535.27,1170723.0873,1295899.0,43.1,44.33,40.03,40.54,4495729.55,328365.0,8.390666666666666e-05,9.772333333333335e-05,0.0001,115714.20213541666,2676723902.113245,0.9791410677565597,1.0890726906635415,861606.925,1364642384.6926422,0.7765889049103611,1.0547998891954862,2860645.215277778,121336977.2051473,1.6913656217603128,1.0154182254659723
2022-07-23,22684.83,23000.77,21934.57,22451.07,122137.77375,3762227.0,1535.27,1596.51,1488.0,1548.67,851284.7339,950665.0,40.54,41.91,38.6,39.97,3421971.49,249647.0,6.688e-05,7.334666666666667e-05,7.733666666666666e-05,119870.81659027778,2696963110.9641957,1.1747441976785595,1.0614654914840278,830777.2509930556,1281600592.8943667,0.944911429148537,1.0387193088052085,2769106.9930555555,111898395.5621177,2.074480328490056,1.0220975319444445
2022-07-24,22448.58,23014.64,22257.15,22579.68,115189.67277,3671238.0,1548.66,1664.34,1545.67,1597.7,1009935.8997,1238522.0,39.97,42.1,39.47,40.93,3327219.47,227835.0,7.354333333333333e-05,0.0001,4.8053333333333336e-05,116032.86590972223,2626688156.1092634,1.0906234384125666,1.0886216384951388,994873.8705798611,1587342181.9687657,0.7391020937990996,1.0923432324135416,2865896.3645833335,116581513.01867181,2.0038498950874084,1.093834449857986
2022-07-25,22577.13,22666.0,21250.0,21310.9,180344.76643,4807238.0,1597.7,1609.55,1435.58,1440.79,1418390.9809,1407648.0,40.93,41.09,36.56,36.65,4237919.99,308984.0,4.519e-05,5.433333333333334e-05,2.780666666666667e-05,113751.61991319444,2495766634.4896693,1.4660905671202291,1.0682061762069446,870131.8820347222,1324981659.797644,1.077609920269009,1.0254061955847222,2736330.0416666665,105639450.39395802,2.354010817667067,1.0306725680052085
2022-07-26,21310.9,21347.82,20706.5,21254.67,177817.24326,4545385.0,1440.79,1454.11,1356.17,1449.12,1199643.7408,1175787.0,36.66,36.84,34.67,36.25,4496178.57,324317.0,7.437666666666666e-05,7.947e-05,4.827333333333333e-05,111181.49247222222,2336991521.1472883,1.5548498635782275,1.0972526890871528,876514.91809375,1229525544.4795418,1.1253628176476496,1.0476407225534723,2901674.222222222,103555155.24929133,2.5507505789638203,1.068864961621875
2022-07-27,21254.67,23112.63,21042.53,22952.45,210971.19796,5475738.0,1449.12,1644.44,1420.83,1635.74,1513426.0413,1547390.0,36.26,40.55,35.68,40.23,5860676.17,388367.0,4.209e-05,4.09e-05,2.0093333333333333e-05,112257.52538194443,2429773943.438626,1.2190301283595542,1.1396657868541666,931084.0140347222,1394235971.3665802,0.8713084546095383,1.0745139022729167,2931962.3541666665,109181714.5785694,2.420932095607714,1.0906562375708333
2022-07-28,22954.31,24199.72,22582.13,23842.93,236029.0741,6500034.0,1635.74,1784.79,1593.27,1724.52,1578145.07555,1719118.0,40.23,44.15,39.03,42.91,6754342.15,450997.0,9.743000000000001e-05,0.0001,0.0001,112732.9936076389,2627476346.10684,0.8210639730230362,1.1074562639253474,1030319.0495798611,1718903085.1293554,0.6237780682559559,1.0583456335364583,2842977.7291666665,116008307.71732591,1.882887027810819,1.0171113314875
2022-07-29,23845.25,24442.66,23414.03,23773.75,198298.50623,6221401.0,1724.52,1765.99,1655.02,1721.68,1205266.5703,1439533.0,42.92,44.42,41.13,41.91,4949319.15,385431.0,0.0001,0.0001,0.0001,115050.99627777777,2746791732.7694054,0.73056875214913,1.072126090228125,988903.1424548612,1696000842.2767742,0.6780949492927374,1.008581097379861,2690084.097222222,114699007.92568898,1.6576168533899283,1.0151849812496527
2022-07-30,23777.28,24668.0,23502.25,23643.51,151060.13211,4801528.0,1721.68,1744.85,1673.01,1697.0,735132.5286,1028313.0,41.92,46.65,41.41,43.84,5388479.3,403313.0,0.0001,8.349666666666667e-05,0.0001,117715.39818402778,2829156729.864475,0.7014964916585401,1.1009184330680555,954964.5173784723,1634022964.1230822,0.7141874029109955,1.0229805988090277,2643889.1354166665,115196526.89803992,1.5966405293945356,1.0475629859107638
2022-07-31,23644.64,24194.82,23227.31,23293.32,127743.32483,4463721.0,1697.0,1754.69,1666.0,1678.12,696326.8079,886708.0,43.84,45.21,42.22,42.35,3287571.37,264416.0,8.760333333333334e-05,6.653e-05,0.0001,115752.13166666667,2745193243.7368374,0.8643108514397774,1.0640499796930554,931992.2094618055,1587916438.4635503,0.7822931724296006,1.0355193602097221,2663475.513888889,116644433.79531486,1.6572064506038537,1.0662106545319443
2022-08-01,23296.36,23509.68,22850.0,23268.01,144210.16219,4775213.0,1678.12,1704.68,1606.12,1630.28,801566.5648,1029570.0,42.34,43.26,40.57,41.65,3302835.44,238614.0,8.816333333333335e-05,8.702666666666667e-05,7.073333333333334e-05,115793.49003819445,2687491434.5407925,0.9645769516605216,1.0881520808677083,929021.4527499999,1546030746.128793,0.846200595540617,1.0400737326163194,2572419.8229166665,108465625.02130827,1.780638739005635,1.0629487877822916
2022-08-02,23266.9,23459.89,22654.37,22987.79,158073.28225,5066511.0,1630.28,1678.0,1559.28,1630.91,1081964.5104,1458878.0,41.65,42.45,39.5,39.79,3598240.96,283917.0,8.539333333333333e-05,4.403333333333334e-05,2.633333333333333e-05,112336.20260763889,2579012781.0213413,1.1566849272993824,1.0793285997503472,886180.0686666666,1426552131.6896338,0.979544928247868,1.0700645116493055,2487990.659722222,101595848.20245379,1.9897173592844157,1.0278347375913195
2022-08-03,22985.93,23647.68,22681.22,22818.37,145948.80995,4887642.0,1630.91,1685.03,1589.71,1618.16,777724.7413,1112406.0,39.78,40.99,37.43,38.54,8391441.54,566505.0,2.4999999999999998e-06,1.403e-05,-7.523666666666666e-05,116578.13747222222,2700914972.3327312,1.1244931636166828,1.052466521136111,874167.2964409722,1434247116.8587186,0.9886608966585256,1.0522712318416667,3213273.3680555555,126576119.25008363,1.2635004800481882,1.0508557209913194
2022-08-04,22816.91,23223.32,22400.0,22622.98,154854.67016,4966138.0,1618.16,1662.79,1580.39,1607.96,735552.181,1051634.0,38.54,39.85,37.96,38.83,4151096.9,260009.0,1.0076666666666666e-05,5.3346666666666675e-05,-3.073333333333333e-05,112990.96718055556,2580471942.405994,1.5378771445970714,1.0263802738100694,884467.31684375,1432322123.2033267,1.2056872953611035,1.0200305389854167,2810158.2708333335,109182115.60001495,1.8135871756237287,1.0503980567447917
2022-08-05,22622.41,23472.86,22586.95,23312.42,175251.69749,5340569.0,1607.97,1742.07,1605.64,1736.81,1005846.4712,1404516.0,38.83,41.33,38.71,40.55,3510687.91,264360.0,3.527e-05,9.216333333333334e-05,7.456e-05,110943.26998958334,2558169121.550354,1.3168101482394095,1.10480194625625,989066.5547743054,1653613820.1436622,0.9359334856296547,1.0577658105576389,2705380.3506944445,108253514.77246231,1.9930716510263915,1.0746991356947917
2022-08-06,23313.56,23354.36,22909.52,22954.21,83911.80307,3360228.0,1736.81,1749.93,1685.26,1690.6,523314.6444,752873.0,40.55,40.89,39.85,40.07,1600652.0,128622.0,8.492333333333335e-05,0.0001,0.0001,110016.21977083333,2549914533.8770123,1.2433701922451657,1.1451121764347223,1107520.352375,1903916848.0240679,0.7675309145520082,1.0665055288944445,2734682.861111111,110656385.16261286,2.1464129577888955,1.0386497121034721
2022-08-07,22954.21,23402.0,22844.62,23174.39,88890.00877,3646643.0,1690.6,1729.79,1668.0,1700.19,439904.764,692491.0,40.07,41.57,39.21,40.6,1745897.7,135772.0,3.888e-05,3.507666666666667e-05,8.268666666666668e-05,110684.34497222221,2552929276.677405,1.4398290053023441,1.1155597297350694,1019905.1440555555,1727964014.3555493,1.0282340504027245,1.04501198623125,2689315.3055555555,108201277.04629546,2.1301793843580956,1.106420912742361
2022-08-08,23174.39,24245.0,23154.25,23810.0,170958.44152,5892045.0,1700.2,1818.0,1693.87,1777.05,781620.5443,987727.0,40.6,43.71,40.55,42.18,3823749.6,258577.0,7.596666666666667e-05,3.825e-05,0.0001,119040.80252777778,2832666228.745627,1.0156165325773823,1.0813104005982639,1075177.8224583333,1889505980.5411263,0.8266712241378587,1.0672922985503472,2851338.923611111,120660739.96717572,1.8151559485682809,1.0813258224090279
2022-08-09,23810.98,23933.25,22865.0,23149.95,143182.50858,5105613.0,1777.05,1790.83,1667.93,1702.76,818171.1019,1062267.0,42.17,42.76,39.73,40.33,2832475.74,205619.0,9.306666666666667e-05,-2.892333333333333e-05,0.0001,116070.41348263889,2719164562.938122,1.6053592851671477,1.0063351678802084,1027065.4447604168,1778098506.1078062,1.152464239658273,1.0028410916006945,2726913.638888889,112514307.88672003,2.4027964151353323,1.0532720000993057
2022-08-10,23151.32,24226.0,22664.69,23954.05,208916.54953,6818207.0,1702.76,1885.0,1656.78,1853.57,1317767.5127,1590681.0,40.34,42.87,39.15,42.47,4467794.94,302235.0,2.9023333333333334e-05,-1.2043333333333332e-05,8.710333333333333e-05,113851.18686111111,2663102723.6203136,1.6185472666845404,1.0758653456399305,1000300.2776319445,1760120084.0889268,1.0688098022393333,1.065949970420139,2744162.871527778,111915630.98543781,2.6987548904315206,1.0581644793211806
2022-08-11,23954.05,24918.54,23852.13,23934.39,249759.79557,8269994.0,1853.58,1942.0,1850.32,1880.19,1105261.9009,1324999.0,42.47,45.32,42.34,42.77,5808859.44,383537.0,7.372333333333333e-05,5.3916666666666665e-05,0.0001,118897.56236111111,2896259232.9552364,0.9327152090148344,1.0567129189354167,1106866.1471527778,2092098912.3432088,0.6777743447996842,1.0237245178746528,3215204.8993055555,140645423.99298006,1.7282278820010235,1.0613571483104165
2022-08-12,23933.09,24456.5,23583.0,24403.68,174207.5704,6134163.0,1880.19,1964.71,1853.06,1958.28,717628.1015,1027178.0,42.78,45.49,42.12,45.48,3376989.68,236989.0,2.3506666666666666e-05,5.372666666666667e-05,0.0001,116360.37986805555,2788664232.7628183,1.308559197577315,1.0547514441527777,1099335.8811006946,2085120400.9155219,0.7452718174038008,1.0478147229444443,3154855.472222222,136844191.32209328,2.0240026857867446,1.0587991533149306
2022-08-13,24401.7,24888.0,24291.22,24441.38,152852.25435,5617859.0,1958.28,2020.0,1946.5,1983.55,695876.0293,940869.0,45.49,48.38,45.27,46.6,4706648.94,385375.0,2.35e-05,4.8190000000000004e-05,0.0001,120470.19042013888,2953457326.869751,0.9222269149413387,1.0874211918197918,1145793.6789340277,2274052565.7946076,0.6589752420274868,1.0498177997684026,3936655.1458333335,184593042.93375477,1.0779104634980112,1.0741545551309026
2022-08-14,24443.06,25047.56,24144.0,24305.24,151206.14473,5473905.0,1983.55,2030.0,1906.0,1935.31,569583.4852,856767.0,46.59,48.06,44.46,44.87,3476179.16,283531.0,1.1006666666666666e-05,3.885e-05,8.634333333333333e-05,118688.22627777777,2907224451.144366,1.0088456746321812,1.043376321471528,1134447.1323472222,2239289198.05649,0.7832832013315717,1.055594128397222,3546335.121527778,164121949.2202882,1.4867856433649829,1.0617279558413193
2022-08-15,24305.25,25211.32,23773.22,24094.82,242539.54758,7488466.0,1935.32,2012.47,1872.31,1899.06,949162.3305,1295615.0,44.86,47.24,42.75,43.72,4145114.74,309527.0,-1.3426666666666666e-05,-2.5400000000000004e-05,0.0001,111853.37802777778,2713073884.703291,1.3996744915721129,1.0333267429038195,1079037.0036736112,2072133103.8982565,1.1162088347737154,1.0122589941979168,3153808.8680555555,140421189.22621134,2.242147528451933,1.0062358965961806
2022-08-16,24093.04,24247.49,23671.22,23854.74,179324.94821,5978567.0,1899.05,1915.0,1853.0,1876.67,622729.1499,908578.0,43.72,44.31,42.53,43.08,3604735.73,238186.0,2.0896666666666666e-05,7.666666666666695e-07,7.460666666666666e-05,109130.53997222222,2614395739.4654737,1.7471033172390684,1.0399675230663195,1052279.459486111,1982268056.3177998,1.4079498108731952,1.0217515540690973,3165833.78125,137207511.01831338,2.859873798553673,1.0122198313965276
2022-08-17,23856.15,24446.71,23180.4,23342.66,210668.68766,6901586.0,1876.67,1959.43,1818.74,1834.25,951824.8975,1179058.0,43.08,44.75,40.18,40.54,4207333.0,318727.0,3.364e-05,5.5289999999999994e-05,3.095666666666667e-05,112757.69765972222,2670242126.3049636,2.0310195810284046,1.0433202803416668,1024220.5566006944,1915057732.4969974,1.531347909447187,1.0277768834895833,3290303.565972222,139273022.6942624,2.984237985025953,1.0302296817729166
2022-08-18,23342.66,23600.0,23111.04,23191.2,144185.97011,6029662.0,1834.24,1882.37,1821.25,1846.39,606254.024,848806.0,40.54,41.67,39.31,39.52,2839363.98,214606.0,8.520666666666668e-05,5.075333333333333e-05,-7.079666666666667e-05,117180.94172569444,2743016886.438395,2.0859972392157835,1.0888421976034721,1028200.5308819445,1909319522.5117238,1.4583075031263675,1.0549005310010415,3331157.253472222,136094260.18026456,3.1006518850406604,1.031409157295486
2022-08-19,23191.45,23208.67,20783.57,20834.39,283995.87747,8860928.0,1846.39,1848.0,1602.37,1609.01,1419826.9515,1681256.0,39.51,39.59,35.25,35.81,6209609.03,433183.0,1.787333333333334e-05,5.5700000000000005e-05,-0.00023866666666666668,111953.2322673611,2446563594.5603127,1.9826304815669873,1.008495669117014,959451.9079722222,1666484184.056362,1.430500528978246,1.0292443789267363,3287478.423611111,121896992.81747848,2.9680444665517247,1.0260326646597222
2022-08-20,20834.39,21382.85,20761.9,21140.07,183041.68363,5723362.0,1609.0,1657.08,1523.67,1576.04,914615.9226,1130991.0,35.82,37.27,34.21,35.28,3873077.48,249750.0,-3.406333333333333e-05,6.016666666666666e-06,-6.310333333333333e-05,110563.16991319443,2339654793.8515496,2.1545960087826,1.1125406345864584,898847.762329861,1453120041.5211725,1.478348273720929,1.073274935842361,3272509.9479166665,118455696.96014929,2.9943521010165863,1.046175621104514
2022-08-21,21140.07,21800.0,21069.11,21515.61,159200.6841,5034461.0,1576.03,1646.52,1562.34,1618.13,780662.6062,1000876.0,35.28,37.09,34.51,36.47,3184917.72,198816.0,-2.9266666666666665e-05,-1.785e-05,-0.00015086333333333334,110403.79959027778,2358185020.424392,2.084964859639518,1.1135927931361111,915637.68853125,1470590830.19537,1.4580816866823745,1.0670523042024305,3330856.90625,119254286.68576613,3.0339076293959253,1.0676126366489584
2022-08-22,21516.7,21548.71,20890.18,21399.83,222222.04526,6443370.0,1618.13,1629.72,1529.92,1624.66,941192.8954,1193059.0,36.48,36.56,33.73,35.41,3740448.14,258622.0,-2.428666666666667e-05,2.920666666666667e-05,-0.00014999,109284.17120138889,2323023543.343237,2.0337282902615423,1.0673422964131944,957664.1924166667,1512186331.6224444,1.4767653722850718,1.0610973249711806,3353242.190972222,117453652.63150667,3.104356688532367,1.0602181977913194
2022-08-23,21400.75,21684.87,20890.14,21529.12,200967.77164,6333442.0,1624.65,1676.07,1563.76,1665.41,940246.932,1195279.0,35.42,36.11,34.24,35.68,2736678.36,193865.0,-2.1766666666666666e-05,-1.5186666666666668e-05,2.143666666666667e-05,109576.06439583334,2342943806.6844044,1.769882760805668,1.1257641063871526,970529.0927604166,1576316072.9581552,1.269903047715896,1.0658623010489583,3276702.701388889,115725925.3188817,2.876932322506772,1.0408359805517362
2022-08-24,21529.11,21900.0,21145.0,21368.08,174383.22046,5561412.0,1665.4,1694.13,1604.92,1656.56,744667.6078,993324.0,35.69,36.4,34.31,34.89,2588768.41,181718.0,-1.7939999999999998e-05,-3.551333333333333e-05,-4.233333333333331e-06,111934.89120833334,2402452116.3148475,1.5791762091242663,1.1211034950166665,958475.0771597222,1581343845.3001943,1.1700775131746084,1.0593999016697917,3275347.534722222,115638470.46210256,3.0437223900201933,1.0610586318934028
2022-08-25,21368.05,21819.88,21310.15,21559.04,169915.78301,5618785.0,1656.56,1722.0,1653.68,1695.11,603090.713,869479.0,34.9,36.49,34.87,35.27,2472099.5,162625.0,2.052e-05,-2.8199999999999998e-05,-8.066666666666667e-05,111940.57429861111,2416788600.777479,1.5421454414690214,1.0869379642239583,1036530.4027152777,1757322058.003428,0.9760912457233404,1.085494106830903,3103549.548611111,110872134.43961602,3.1174865011982464,1.1132866169756945
2022-08-26,21559.04,21886.77,20107.9,20241.05,273811.61955,7587244.0,1695.11,1706.45,1486.85,1508.18,1149912.8292,1488212.0,35.26,35.79,31.36,31.72,5268727.97,318521.0,1.3663333333333334e-05,5.335e-05,-0.00017120333333333333,114930.80438541666,2429886004.4052734,1.860026799465471,1.036151034684375,987634.0381250001,1608940952.4092264,1.199085743579169,1.0252721929482638,3392994.4791666665,115490686.94587544,3.413907258697807,1.0419948144131945
2022-08-27,20239.14,20402.93,19800.0,20037.6,162582.46032,5263328.0,1508.18,1518.42,1447.52,1491.06,756136.6768,1015752.0,31.72,32.25,30.86,31.53,3025394.15,193663.0,-4.498e-05,-0.00018568,-0.0003689066666666666,118490.09335416666,2382645519.707964,2.0117549596342617,1.0503428780878472,976122.1914618055,1454898048.5486124,1.4538970630634847,1.0747808280635416,3365896.0069444445,106412148.96754895,3.498081798169724,1.11006792736875
2022-08-28,20037.6,20171.18,19520.0,19555.61,139307.95976,4678693.0,1491.06,1511.0,1424.0,1426.76,544846.4486,756843.0,31.53,32.21,30.19,30.44,2245087.33,145442.0,-4.1989999999999996e-05,-0.00016785666666666664,-0.00031109333333333335,119261.85575347223,2383104662.888298,2.1714264498675164,1.0913043744305557,983916.9992534723,1460238495.7569308,1.5326483612974577,1.0701604266788194,3386264.4131944445,106962936.483502,3.4555014244265876,1.093751899121875
2022-08-29,19555.61,20433.62,19550.79,20285.73,210509.49545,5840323.0,1426.76,1559.99,1422.08,1551.8,826252.0831,1099487.0,30.43,32.64,30.0,32.42,3758900.71,219480.0,-9.957333333333332e-05,-0.00016169,-0.0002508,120878.37219444446,2413517382.9393463,1.9130448774799715,1.1387387576440973,1025536.5613090278,1522976989.8366423,1.4067486600984436,1.0867077566864585,3430827.3506944445,106588434.43302333,3.312830548101346,1.1103841804572916
2022-08-30,20287.2,20576.25,19540.0,19811.66,256634.35529,6593178.0,1551.79,1606.13,1473.61,1524.59,1003075.0172,1292499.0,32.42,33.16,30.64,31.47,3466845.37,216107.0,-2.7119999999999998e-05,-7.316333333333334e-05,-2.046333333333333e-05,121046.08654513888,2436108598.926379,2.024180103921698,1.0655432988302083,1069465.2432256946,1659590360.9561553,1.1009489133689618,1.0526233722444445,3207752.5208333335,102813882.34678583,3.2107954656676214,1.0179107972065973
2022-08-31,19813.03,20490.0,19797.94,20050.02,276946.60765,6389133.0,1524.59,1619.78,1524.59,1554.1,949227.6775,1471691.0,31.47,32.95,31.18,31.5,2705795.29,194947.0,2.88e-05,-1.3569999999999999e-05,2.2863333333333332e-05,114802.89253819444,2318450884.8570437,1.7765722129282977,1.1086360875958332,1046150.2631805555,1649237476.050002,1.0764954759935919,1.0732918619840277,3212713.159722222,103352574.74259181,3.172924932517514,1.0430727191399305
2022-09-01,20048.44,20208.37,19565.66,20131.46,245289.97263,5937975.0,1554.11,1599.0,1512.77,1586.16,728710.482,1195229.0,31.49,31.79,30.44,31.61,2304167.56,154540.0,5.095333333333333e-05,-2.7843333333333335e-05,-3.068e-05,117008.3245,2335420569.1578503,2.2166492802869224,1.051958607153125,1005148.9280798611,1565556237.741501,1.2669128273537096,1.0753559721670138,3292108.0625,102637952.85861284,3.62170306270047,1.056861596014236
2022-09-02,20132.64,20441.26,19755.29,19951.86,245986.6033,5740705.0,1586.17,1650.0,1546.41,1575.35,919009.6598,1160858.0,31.61,32.38,30.76,31.23,2327194.21,145103.0,3.948666666666667e-05,2.3066666666666667e-05,7.593333333333334e-05,117470.47336111112,2358953551.7710767,2.0106444896568165,1.1146268194538194,1044268.2612916665,1662998738.8360474,1.0457013452753907,1.0764662559625,3289851.65625,103656047.81327759,3.3358823500784234,1.0514846365159722
2022-09-03,19950.98,20055.93,19652.72,19831.9,146639.03204,3739909.0,1575.35,1582.71,1534.28,1557.46,321397.2189,562893.0,31.23,31.29,30.8,31.12,773414.2,56763.0,3.452666666666666e-05,-0.00010727000000000001,-0.00011054333333333332,122051.58978125,2420318884.77259,2.62675652510312,1.081885527865625,1015644.4315208333,1580637650.9944034,1.4627347379706186,1.072295870601736,3324646.8229166665,103314489.47785114,3.9175457182134474,1.0929120122940974
2022-09-04,19832.45,20029.23,19583.1,20000.3,145588.77893,3838915.0,1557.45,1583.66,1540.66,1579.28,296591.1166,520856.0,31.11,32.2,31.02,32.16,1302960.75,87195.0,2.7233333333333332e-05,-3.9573333333333336e-05,5.115e-05,128357.57444444444,2540432689.901288,2.842309995794036,1.107479526178125,1020872.53125,1591058573.493828,1.5083651522642925,1.0884084593770833,3383791.5833333335,106859652.42952281,3.59985745302281,1.182224168079861
2022-09-05,20000.3,20057.27,19633.83,19796.84,222543.01057,4657233.0,1579.29,1631.99,1556.56,1617.8,503492.937,718867.0,32.17,32.5,31.15,32.18,1545295.72,104195.0,4.089e-05,-4.806333333333333e-05,6.691666666666666e-05,127461.37573958334,2521282327.014873,2.7658253578463814,1.065443208396875,1024265.2262986111,1617639376.516659,1.2742071979145466,1.097602396001389,3364255.534722222,107013337.90271004,3.2576779631876187,1.1616839712246527
2022-09-06,19795.34,20180.0,18649.51,18790.61,356315.05718,7124384.0,1617.8,1687.4,1555.0,1559.01,1010722.8578,1294086.0,32.17,33.9,30.44,30.88,4663061.68,289160.0,1.1903333333333333e-05,-0.00010737000000000001,9.694666666666667e-05,128461.39437847222,2515923929.6205716,2.766638537717776,1.0340022134666667,1039785.4481284722,1699410174.1450608,1.0446592366152672,1.0454698599847223,3267762.972222222,106067293.59876913,2.9578528946113023,1.0710537929868056
2022-09-07,18790.61,19464.06,18510.77,19292.84,287394.7788,5597127.0,1559.01,1657.5,1490.66,1630.0,850991.4243,1132986.0,30.88,32.94,30.31,32.69,2516005.51,148862.0,-3.1173333333333335e-05,-0.00020877666666666668,-8.544e-05,132311.53636458333,2498978344.1733522,2.745132835562237,1.1254773559243056,1031138.0894756945,1594034064.0419924,1.3938144877827294,1.0822588643145832,3129715.184027778,98377477.26143026,3.301028621853732,1.105198179820139
2022-09-08,19292.85,19458.25,19012.0,19319.77,262813.28273,6013826.0,1630.0,1663.56,1595.06,1635.37,645124.0085,1015658.0,32.7,33.98,31.97,33.61,3062370.54,197100.0,3.2046666666666666e-05,-2.0213333333333335e-05,0.0001,121325.85269444443,2335314833.4494157,1.8369531232722092,1.132670404657986,1019028.2727361111,1659948988.9330664,0.9480312376809711,1.0733538676552083,3229650.2430555555,106350668.01497671,2.307382569164685,1.1211025621777777
2022-09-09,19320.54,21597.22,19291.75,21360.11,428919.74652,7777214.0,1635.37,1746.13,1630.51,1718.23,837458.2126,1066278.0,33.62,35.96,33.59,34.67,3748304.0,248404.0,7.104000000000001e-05,-8.195e-05,0.0001,132783.88393055554,2755390559.2053103,1.0898783549245217,1.1111322537593749,1031010.0465972223,1750536491.3647316,0.789701021070026,1.0769352078270833,3325968.4618055555,116024323.11396757,1.815522228087481,1.0851347883076388
2022-09-10,21361.62,21810.8,21111.13,21648.34,307997.33504,5615783.0,1718.24,1789.0,1706.03,1774.12,411046.2466,687951.0,34.68,35.41,34.27,35.03,1977630.96,128469.0,9.921333333333333e-05,-0.0001389,0.0001,138684.9570659722,2964549514.5967345,0.7590225120179546,1.1156077210107638,1020198.2348090278,1763956547.572186,0.7208227075608321,1.0793603777281249,3167219.0381944445,110048446.62170038,2.115302310006408,1.0723786516697915
2022-09-11,21647.21,21860.0,21350.0,21826.87,280702.55149,4801844.0,1774.12,1789.0,1720.1,1766.11,409287.7263,645729.0,35.04,36.0,34.04,34.99,1999936.19,134812.0,7.942333333333334e-05,-0.00019952666666666667,8.268e-05,139520.62744444446,3013172349.3348484,0.714260827240944,1.120677181821875,1031412.6948541666,1818122889.4172003,0.7348753771156076,1.0903943134232639,3126436.996527778,109177519.44588324,2.1489658577786437,1.0853851460024306
2022-09-12,21826.87,22488.0,21538.51,22395.74,395395.61828,6979539.0,1766.12,1783.0,1693.0,1716.37,630774.6032,979874.0,34.99,38.39,34.4,37.44,5186842.63,392300.0,9.415333333333334e-05,-0.0003365133333333333,7.378333333333334e-05,142695.19533333334,3156534728.1551914,0.7298192783417491,1.0911317562708334,997510.6975694443,1728007030.907871,0.86882135976334,1.06500790205625,3569433.3958333335,131069093.883658,1.4944800324315548,1.106714097692361
2022-09-13,22395.44,22799.0,19860.0,20173.57,431915.03333,8126869.0,1716.37,1760.51,1560.54,1574.4,1134549.7256,1337439.0,37.44,39.01,32.93,33.0,6401715.44,423841.0,9.988333333333333e-05,-0.00041000666666666667,4.073e-05,137489.74244444445,2966784179.4657397,0.981352318013212,1.049631815348611,950503.9277534722,1578453477.2120774,1.1824263873039103,1.0510926506402778,3636307.6770833335,132977967.99933368,1.6529594492589803,1.0630414351638888
2022-09-14,20173.62,20541.48,19617.62,20226.71,340826.40151,6313052.0,1574.4,1647.01,1552.38,1638.39,764562.5393,1088561.0,33.0,34.35,32.67,34.12,3170484.22,194025.0,-7.406666666666667e-06,-0.0015526066666666667,-0.00015407,120513.48212152779,2435805382.8784695,1.9656357204718293,1.0692195321689897,959213.37621875,1530749565.7908626,1.6910577388688932,1.0517580533735191,3179015.392361111,106391643.06006895,3.388501520905628,1.0832279429142362
2022-09-15,20227.17,20330.24,19497.0,19701.88,333069.76076,6690974.0,1638.4,1655.2,1458.0,1472.75,1335499.8047,1748683.0,34.12,34.84,32.42,33.07,3696318.23,220136.0,3.712333333333334e-05,-0.00176439,-2.9433333333333324e-06,117752.11801041669,2352335412.936781,2.3442750741892233,1.0533005308184027,944603.529670139,1471378946.7882469,1.9157100804539118,1.006554954523611,3042368.4305555555,101972158.21842243,3.1651362128465395,1.0298462562437498
2022-09-16,19701.88,19890.0,19320.01,19803.3,283791.07064,5120935.0,1472.76,1483.35,1405.52,1433.9,693597.2425,1111984.0,33.08,33.26,31.5,32.25,2180222.56,138674.0,5.1076666666666665e-05,2.9963333333333335e-05,7.102999999999999e-05,120349.38040277778,2370652700.518559,2.5531680056678296,1.073865050284028,975112.2855659721,1417355717.5440664,2.167096800851679,1.053325517923264,3082448.0243055555,100223405.37555808,3.2053784332785136,1.0948280184552084
2022-09-17,19803.3,20189.0,19748.08,20113.62,179350.24338,3862666.0,1433.9,1476.13,1409.12,1468.83,421391.3743,694945.0,32.25,33.89,32.23,33.68,1414903.11,86672.0,2.942333333333333e-05,6.474666666666666e-05,3.537e-05,124022.44859027777,2472892553.9849243,2.270398334520811,1.1255367778135417,998142.0172604168,1440175049.1147645,2.332582360128346,1.0973007699840278,3144987.736111111,103696102.83823174,3.0330901258064715,1.1629837632614584
2022-09-18,20112.61,20117.26,19335.62,19416.18,254217.46904,4634096.0,1468.82,1469.63,1325.55,1334.51,804113.468,990605.0,33.69,33.99,30.86,31.1,2299068.39,147594.0,5.9373333333333336e-05,5.139e-05,5.612666666666667e-05,125113.75215277777,2484015568.6580567,2.3670388856851208,1.082898186829514,1001424.683701389,1420820868.775201,2.2872176731897174,1.0616691411822918,3149404.6006944445,103926022.24327826,2.8913899929538878,1.1224205264510418
2022-09-19,19417.45,19686.2,18232.56,19537.02,380512.40306,6820580.0,1334.51,1393.35,1280.0,1375.98,974855.198,1235360.0,31.1,33.08,30.5,32.62,3503472.34,214301.0,-1.7026666666666667e-05,-6.836333333333333e-05,-3.780333333333333e-05,119249.93626041667,2264484616.3337994,2.5851802321180557,1.0651156176736112,969891.8304479168,1288390911.2133017,1.9760620711458334,1.0804037267708333,3189556.1631944445,101033215.63214464,3.356063606875,1.1078453229166667
2022-09-20,19537.02,19634.62,18711.87,18875.0,324098.3286,5900070.0,1375.98,1384.78,1312.71,1322.93,658027.1465,981235.0,32.63,32.88,31.29,31.41,2558791.65,154602.0,5.1296666666666666e-05,-7.533e-05,5.4863333333333334e-05,117125.5310138889,2245523266.7740498,2.0389585467708335,1.0787428810069446,939570.4955243056,1270333923.117039,1.7328263157291666,1.0664914491666666,3183070.1319444445,102187559.76998082,2.8927500204166665,1.0326450259375
2022-09-21,18874.31,19956.0,18125.98,18461.36,385034.10021,6907777.0,1322.94,1408.9,1220.0,1245.78,1192266.7379,1445950.0,31.42,33.48,30.01,30.65,4545539.08,276197.0,3.131666666666667e-05,-4.596666666666666e-05,-8.976666666666667e-06,116927.31994444445,2222051553.720716,2.2242954283680554,1.0680963369444445,932751.431829861,1238266155.7493083,1.8389570392361112,1.0466470696874999,3151304.6944444445,99736617.45838946,3.1174487183333337,1.0654496554166668
2022-09-22,18461.36,19550.17,18356.39,19401.63,379321.72111,6251862.0,1245.79,1350.08,1237.32,1326.46,904282.2725,1094636.0,30.65,32.87,30.59,32.43,2975325.9,163673.0,-3.649e-05,-0.0002023933333333333,-7.426333333333334e-05,118764.66581944443,2253216003.4860034,2.308155105463985,1.0871271062576389,970996.6144895833,1246877874.3666432,2.00215350892209,1.085418437086111,3216983.232638889,102215152.49942483,3.178885900503685,1.1282478506048612
2022-09-23,19401.63,19500.0,18531.42,19289.91,385886.91829,5906265.0,1326.47,1360.0,1262.15,1327.25,974052.3644,1233506.0,32.43,33.98,31.2,33.66,3481076.73,209616.0,1.7373333333333332e-05,-3.752333333333333e-05,3.278666666666667e-05,124101.23453819443,2364052985.774954,2.1381996213592775,1.0637280607253472,953236.2164201388,1252021423.6705885,1.8378878864645347,1.042819369267014,3169178.1041666665,102542941.18973334,3.0709289783631517,1.0561335070243054
2022-09-24,19288.57,19316.14,18805.34,18920.5,239496.56746,3907636.0,1327.24,1349.33,1306.52,1317.13,517557.3497,616390.0,33.67,34.79,33.14,33.38,3102314.35,207926.0,3.3226666666666665e-05,-7.186666666666666e-06,0.0001,120866.11783680556,2304760687.9033756,1.9978179132544591,1.1477436084545138,952828.4570208333,1266256003.9850752,1.566962556886923,1.0939098987378473,3619737.78125,122565716.61263174,1.9772887441128537,1.16737266180625
2022-09-25,18921.99,19180.21,18629.2,18807.38,191191.4492,3714450.0,1317.13,1337.0,1269.27,1294.63,515533.8409,640687.0,33.39,34.05,31.87,32.34,1838509.33,125301.0,2.415e-05,-1.2403333333333335e-05,0.0001,120417.47845486112,2284770591.901344,2.1478665062178957,1.0732425479868057,963418.1057743055,1265283178.3622878,1.7178866495820797,1.0515366813065972,3355698.09375,111757357.61768788,2.4970211603334405,1.1295380630166667
2022-09-26,18809.13,19318.96,18680.72,19227.82,439239.21943,5837041.0,1294.62,1340.42,1277.85,1336.17,799166.4333,934159.0,32.33,33.95,31.87,33.88,3284142.93,194936.0,2.511e-05,3.014666666666667e-05,6.453e-05,124900.6010451389,2374191039.1479616,2.042253250039701,1.0871447929888889,977153.3196041667,1282031628.3090844,1.7345018585982512,1.0762169639649306,3281783.3645833335,107835950.66645421,3.0007228026848853,1.1020947789850695
2022-09-27,19226.68,20385.86,18816.32,19079.13,593260.74161,8152473.0,1336.17,1400.0,1303.75,1328.02,860584.8944,1055212.0,33.89,35.41,32.08,32.69,4411114.63,260817.0,6.927333333333333e-05,1.758e-05,9.838e-05,137743.00938541666,2720483830.173615,1.4417242390074483,1.0676441418871527,1041716.6343993056,1418135635.0383482,1.331683638814659,1.0713927793902778,3467967.6180555555,118231609.22963467,2.187957729840276,1.0952917595128473
2022-09-28,19078.1,19790.0,18471.28,19412.82,521385.45547,7357437.0,1328.01,1355.7,1253.2,1337.2,919314.9131,1075441.0,32.68,33.81,31.65,33.22,3091106.5,177327.0,1.8006666666666665e-05,-3.6463333333333334e-05,-8.001333333333334e-05,130550.23443055556,2495214372.692644,2.249636477206051,1.0811518692899305,1028469.8086944444,1346575080.5471313,1.93392992048972,1.070251477540625,3082208.15625,100823775.02092072,3.2467060480936922,1.0516778074520834
2022-09-29,19412.82,19645.52,18843.01,19591.51,406424.93256,5631615.0,1337.2,1352.02,1288.52,1335.7,770591.6895,950476.0,33.23,34.42,32.65,33.93,2735381.21,189694.0,6.669e-05,6.051e-05,6.442666666666666e-05,130600.35668055556,2532062153.5278745,1.4351739835121786,1.0603453223645833,1006941.7050555556,1339725463.8912249,1.4374611415128238,1.0539650102413196,3173275.0416666665,106752165.60380878,2.143976819921882,1.1019517961510417
2022-09-30,19590.54,20185.0,19155.36,19422.61,444322.9534,6254203.0,1335.69,1373.19,1313.35,1328.72,740753.611,926935.0,33.94,35.22,32.62,33.25,4264290.42,228264.0,0.0001,6.115333333333334e-05,6.294e-05,135223.3907951389,2640150351.7718267,1.3091606775825397,1.0647279674413195,1003498.5061770832,1341664152.737682,1.395051848399608,1.0644435359527777,3359316.03125,114386853.41327393,1.7896779551682966,1.0780240651086805
2022-10-01,19422.61,19484.0,19159.42,19310.95,165625.13959,2470590.0,1328.71,1333.69,1302.68,1311.79,252081.9056,347396.0,33.25,33.25,32.34,32.44,1458835.24,93100.0,6.734333333333334e-05,6.719666666666667e-05,-1.222e-05,126195.99079166666,2437952321.1225677,1.9082207436219276,1.130797526732639,1011362.4374131946,1336948068.0211031,1.8336071303148793,1.1085475147625,3209094.878472222,105401472.00005452,3.1952673167056846,1.02520210436875
2022-10-02,19312.24,19395.91,18920.35,19056.8,206812.47032,3320217.0,1311.79,1317.93,1270.0,1276.72,371740.0407,462476.0,32.44,33.0,31.9,32.06,1472849.24,93186.0,5.1540000000000005e-05,1.1503333333333334e-05,-6.0286666666666667e-05,127383.72840625001,2448449396.8918786,2.2053650122210167,1.1322568800229167,1074071.8442916668,1398086648.8619313,2.3245908218644544,1.1574485419520832,3249097.03125,105937323.60572617,3.8045669066535996,1.0795777063017362
2022-10-03,19057.74,19719.1,18959.68,19629.08,293585.75212,4471910.0,1276.72,1329.9,1263.04,1323.09,483775.2435,598748.0,32.06,33.27,31.73,32.89,1890470.2,111007.0,7.437333333333334e-05,-3.3300000000000003e-06,5.340333333333334e-05,129538.09219444444,2501401871.862388,2.0886649160640682,1.1301049782385417,1072241.9495555556,1396858689.2644308,2.2533003545628527,1.1111752779520834,3168573.329861111,103176609.76826648,3.754675213397528,1.1244010627027778
2022-10-04,19629.08,20475.0,19490.6,20337.82,327012.00127,4871932.0,1323.1,1369.55,1318.66,1361.49,476207.6702,771766.0,32.9,34.4,32.84,34.09,1949740.88,116520.0,0.0001,7.144333333333333e-05,3.005666666666667e-05,152456.5907708333,3040861661.653514,0.9802319025800558,1.114002578917361,1114152.8855868056,1497485006.1204073,1.2929270913307842,1.0855977963055556,3149249.9583333335,105966094.88203162,2.2965740754372295,1.1474099608625
2022-10-05,20337.82,20365.6,19730.0,20158.26,312239.75224,4540004.0,1361.5,1364.77,1316.29,1352.2,483508.7782,695638.0,34.1,34.37,33.18,34.04,1777550.81,109550.0,0.0001,-2.8433333333333338e-06,3.5613333333333333e-05,163391.0591215278,3286911435.7469196,0.8066189675064533,1.0725264119586806,1122583.7973576388,1511336088.1643736,1.148764458066869,1.088095171571875,3340763.2083333335,113044955.97738472,1.8886263127645482,1.155512314123264
2022-10-06,20158.26,20456.6,19853.0,19960.67,320122.1702,5085004.0,1352.2,1383.99,1345.01,1352.06,573975.324,789673.0,34.04,34.5,33.23,33.36,1799751.22,105214.0,0.0001,2.152e-05,4.3343333333333336e-05,161556.2232673611,3254502814.23563,0.9396689084298941,1.0437866406694445,1120725.5794340277,1528340372.991428,1.1156501622579589,1.0722420278166667,3283268.0833333335,111476196.53269896,2.065698675561409,1.052386158934375
2022-10-07,19960.67,20068.82,19320.0,19530.09,220874.83913,4324772.0,1352.07,1361.75,1317.26,1331.1,491999.8776,679464.0,33.35,33.76,32.43,32.98,1963117.82,106563.0,9.171e-05,1.9316666666666668e-05,-2.109666666666666e-05,153014.93684027778,3024079635.5545464,1.628592309129571,1.039553264723611,1106839.3987465277,1486978854.961244,1.4693988792756414,1.0933624890572917,3171738.736111111,105231934.30757003,3.048775542232187,1.1102659128746528
2022-10-08,19530.09,19627.38,19237.14,19417.96,102480.09842,2637385.0,1331.1,1337.35,1303.51,1315.48,203391.6612,383251.0,32.98,33.08,32.35,32.58,785559.59,49592.0,5.114666666666666e-05,7.278666666666667e-05,6.64e-05,145302.5010173611,2830680785.929634,2.16118844272408,1.1329309076850693,1070942.959201389,1420274497.6475883,1.8843363375359443,1.0813926042479167,3146266.1875,103260464.35188252,3.5171923321991665,1.1139794051659722
2022-10-09,19416.52,19558.0,19316.04,19439.02,113900.82681,2833704.0,1315.48,1329.0,1307.26,1323.13,186201.9185,328378.0,32.57,33.14,32.44,32.92,883235.74,58651.0,2.324333333333333e-05,1.8533333333333337e-06,-3.288333333333334e-05,145985.29763194444,2836993628.576078,2.257567669471781,1.150623163110764,1069494.7714444445,1409570381.4694872,2.05940324322316,1.142534827234375,3162760.6319444445,103655663.36021052,3.678181345137512,1.174301273121875
2022-10-10,19439.96,19525.0,19020.25,19131.87,212509.09849,4432688.0,1323.13,1338.0,1288.0,1290.03,393663.0114,587314.0,32.92,33.46,31.88,31.96,1554680.4,101777.0,7.436666666666667e-05,3.295e-05,0.0001,149585.46976041666,2889716500.233673,2.676489160944611,1.0787762289520832,1118076.63303125,1467167099.3888085,2.3339171524842093,1.0739549962524306,3097225.784722222,101219473.56355563,3.8723722054363083,1.0681541584572918
2022-10-11,19131.87,19268.09,18860.0,19060.0,243473.84286,4792106.0,1290.03,1298.0,1267.01,1280.11,429430.3941,583107.0,31.95,31.96,30.42,30.8,1923666.97,118251.0,0.0001,5.0299999999999996e-05,7.057666666666666e-05,154783.19228472223,2950810025.224338,3.0464683528142533,1.0664920215322917,1186872.9460902778,1521399857.2371528,2.6351049661684685,1.0466102472906251,3270014.611111111,102721662.2834912,4.419932159874186,1.0149348935513889
2022-10-12,19060.0,19238.31,18965.88,19155.53,213826.26731,4556597.0,1280.11,1306.87,1275.25,1294.44,369712.5759,477911.0,30.8,31.55,30.67,31.16,1048211.96,73092.0,0.0001,2.6566666666666668e-05,2.284e-05,155379.6232847222,2969454760.019379,2.7914348704640624,1.0530910835368055,1163446.1990138888,1505267463.3199124,2.1425557659605423,1.1034160578833334,3462718.3125,107833208.94192204,4.295543875655945,1.124018549373611
2022-10-13,19155.1,19513.79,18190.0,19375.13,399756.68337,7470896.0,1294.44,1301.58,1190.0,1287.08,945618.3163,1135833.0,31.15,31.21,27.87,30.49,4402648.71,274408.0,7.133999999999999e-05,-6.728333333333333e-05,-5.401e-05,153551.46683333334,2920443546.4655313,2.652652208581576,1.054513965415972,1147921.1949375002,1459491198.0202856,2.119785790555379,1.038599770071875,3666036.701388889,110163313.97186841,4.069010745422019,0.9882592060913196
2022-10-14,19375.58,19951.87,19070.37,19176.93,351634.32601,6688310.0,1287.08,1343.12,1283.39,1296.27,669742.8093,788710.0,30.48,31.98,29.62,30.0,2384103.67,140749.0,7.21e-05,6.733333333333333e-05,2.560333333333333e-05,152340.11412847223,2972471764.267814,1.620640810706257,1.0635630016572917,1130431.2411423612,1486359523.0227854,1.4026633115150946,1.0954918651,3461215.097222222,107244073.45576236,3.0328490351167585,1.0294631707402777
2022-10-15,19176.93,19227.68,18975.18,19069.39,113847.64232,3052219.0,1296.26,1301.69,1263.64,1274.92,287100.9529,396464.0,30.0,30.2,29.42,29.59,1009243.59,61858.0,4.217333333333333e-05,1.533666666666667e-05,-4.102333333333333e-05,148507.29323263888,2841272989.37092,2.0943585136594707,1.1107933647895833,1103243.6845868055,1420099845.5378861,1.6351942109788127,1.1128076448590276,3516911.076388889,105137348.50044158,3.420214462798124,1.081934144448264
2022-10-16,19068.4,19425.84,19063.74,19262.98,131894.61885,3438605.0,1274.93,1315.35,1274.67,1305.95,293321.3632,397092.0,29.59,30.53,29.56,30.17,934949.4,59358.0,2.1966666666666668e-05,-1.333333333333334e-06,-5.5013333333333324e-05,147769.6242638889,2830566457.568228,2.3223681901711033,1.1053627177527778,1085265.8172256944,1396972212.0286417,1.8944962334038133,1.1397565534652778,3538291.71875,105828723.4181125,3.835998364342699,1.1382382108211806
2022-10-17,19262.98,19676.96,19152.03,19549.86,222813.87634,5162979.0,1305.96,1338.57,1295.64,1331.4,459848.4941,553275.0,30.16,31.29,29.84,31.21,1694429.96,100248.0,3.876333333333333e-05,3.318333333333334e-05,-1.4439999999999999e-05,150081.73176041667,2910809155.8967457,1.8845533559554428,1.141447279503125,1124797.291111111,1481171302.7342043,1.4032257160907813,1.1134156650361111,3458621.2395833335,105568165.42747654,3.2939285117154617,1.1361025915253473
2022-10-18,19548.48,19706.66,19091.0,19327.44,260313.07848,5588482.0,1331.39,1341.73,1286.72,1310.71,572728.9189,603600.0,31.22,31.48,29.73,30.15,1966281.14,101641.0,0.0001,6.816e-05,7.090333333333334e-05,158603.53454166665,3087775840.2184553,1.4929047249346867,1.0406135754385417,1188325.5304097224,1570009510.9465218,1.1827273248822507,1.0503721408302082,3402831.027777778,104316410.6522065,2.9385020222306593,1.0528248602086805
2022-10-19,19327.44,19360.16,19065.97,19123.97,186137.29538,4545820.0,1310.71,1313.5,1280.31,1285.09,368637.5105,472022.0,30.14,30.26,28.61,28.86,1713727.76,92584.0,9.199333333333333e-05,6.932000000000001e-05,7.710333333333333e-05,154293.64549652778,2963596680.355633,2.15253124928941,1.057926164637153,1144583.908142361,1486179653.876558,1.5676406662619824,1.1146049999725696,3723038.861111111,110989691.32501273,3.771796867364734,0.999611772890625
2022-10-20,19123.35,19347.82,18900.0,19041.92,223530.13068,5391090.0,1285.09,1310.87,1270.36,1282.57,428531.6103,558080.0,28.86,29.47,27.98,28.01,2379315.87,115990.0,6.038666666666667e-05,6.5099999999999995e-06,9.483333333333334e-05,153360.98853124998,2931164049.537496,2.4827489876780264,1.083077609626736,1162362.776142361,1498059728.7259045,1.8498846462709746,1.0980896572899306,4106127.690972222,118572384.63948594,4.310673931273161,0.9998387304017362
2022-10-21,19041.92,19250.0,18650.0,19164.37,269310.75769,5679281.0,1282.57,1306.97,1252.65,1299.75,468076.7986,572819.0,28.01,28.28,26.84,28.1,3208878.96,151689.0,2.767e-05,4.844666666666667e-05,4.948666666666667e-05,155871.94450694445,2969996353.274634,2.7748807643947275,1.1070020944572918,1186157.078861111,1527356000.618374,1.9930410394787887,1.0874344956947917,4597181.638888889,127890450.36605066,4.937856035969304,0.9904516611423612
2022-10-22,19164.37,19257.0,19112.72,19204.35,110403.90837,2887106.0,1299.76,1320.2,1294.32,1313.61,221776.7007,323066.0,28.1,28.22,27.48,28.01,1333382.63,63573.0,3.9206666666666665e-05,-6.513333333333333e-06,-8.980666666666665e-05,149935.48603819445,2873565978.6976624,2.030799368875267,1.2081323846520833,1200076.3674652777,1567231465.9333181,1.3690744214561488,1.1980407577541667,4558861.989583333,127018842.82731359,4.6455485573557125,1.1327550953690972
2022-10-23,19204.29,19695.0,19070.11,19570.4,167057.20184,3939703.0,1313.62,1371.55,1299.44,1364.2,432269.46,496386.0,28.01,29.44,27.73,29.28,2150824.0,109242.0,3.499e-05,4.4590000000000005e-05,4.270666666666667e-05,153276.40203124998,2951910248.703645,1.7667691612353604,1.189413276871875,1269843.7315104166,1673436313.8551543,1.126688516332138,1.1681333938774305,4502445.444444444,127674123.70397268,3.9450256287749537,1.0620134331190973
2022-10-24,19570.4,19601.15,19157.0,19329.72,256168.14467,5676899.0,1364.19,1370.6,1324.17,1343.61,611830.797,698241.0,29.28,29.5,28.16,28.3,2525864.52,109684.0,7.442666666666668e-05,5.529666666666667e-05,5.597e-05,152123.0873263889,2943084137.9728913,1.6985933499173835,1.08592959139375,1275275.0884861113,1714962775.9919152,1.012140384449502,1.1359823868697916,4241130.9375,121369237.33545862,3.6926711809707222,1.0541868868447917
2022-10-25,19330.6,20415.87,19237.0,20080.07,326370.67061,7214687.0,1343.61,1525.16,1334.94,1459.74,1127932.9012,1205998.0,28.31,32.31,28.05,30.86,4389638.87,242605.0,4.3933333333333335e-05,-4.4333333333333304e-07,3.0563333333333326e-05,154234.5742847222,3023545890.537533,1.5119047137872572,1.1102733134961804,1311126.2054722223,1822535136.8560362,0.89522533774049,1.1211874334541667,4444300.163194444,130338300.99168774,3.1979861714788953,1.0831288989989583
2022-10-26,20079.02,21020.0,20050.41,20771.59,380492.69576,8512349.0,1459.74,1594.99,1457.44,1566.1,1236044.7023,1357864.0,30.87,32.17,30.63,31.29,3909684.74,192811.0,4.676666666666667e-05,5.849333333333333e-05,6.964333333333334e-05,168273.73131597223,3454655340.5463734,0.7845317781126279,1.0286899451315972,1303597.7859409722,1990552817.9616644,0.689131132553771,1.0572100340256945,4109689.840277778,128368050.87500668,1.5946138222166777,1.0707207304458333
2022-10-27,20771.61,20872.21,20200.0,20295.11,328643.57791,7748080.0,1566.11,1578.58,1503.2,1514.05,869454.4851,1122874.0,31.29,32.36,30.41,30.58,3608322.35,196068.0,-2.956666666666666e-06,3.3113333333333334e-05,8.435333333333333e-05,163096.09188541665,3362639504.037606,0.815911534304526,1.0397853841715277,1292341.5265729167,2002964520.1361144,0.6670468101534451,1.0490797231430555,4005459.9791666665,125687853.04386173,1.7400493922390963,1.0175086562472222
2022-10-28,20295.11,20750.0,20000.09,20591.84,287039.94569,6638096.0,1514.04,1574.9,1479.82,1554.41,858954.4425,999855.0,30.6,32.54,30.11,32.07,3017472.57,175075.0,-1.0533333333333323e-06,2.728e-05,2.329e-05,148712.84570833333,3030245977.2991166,1.031416068983495,1.0737448677381944,1223861.877611111,1867752540.0090373,0.7691419549325343,1.0478054594197916,4013993.2256944445,124813329.37727547,1.9754989477190381,1.0934271977430554
2022-10-29,20591.84,21085.0,20554.01,20809.67,254881.77755,6255599.0,1554.4,1663.06,1547.66,1619.55,914161.0846,1094332.0,32.06,33.84,31.85,32.87,3316674.09,199836.0,3.8146666666666665e-05,8.136666666666666e-05,0.0001,151216.00607291667,3140756171.8916445,0.8271139048518349,1.0998676728201389,1243489.5990868055,1999254144.2360208,0.6469870238594796,1.1019831969541665,4346892.701388889,143012373.0578753,1.627273101291481,1.1049532727052085
2022-10-30,20809.68,20931.21,20515.0,20627.48,192795.60886,4920007.0,1619.55,1640.06,1576.56,1590.44,476036.4243,705583.0,32.87,33.54,31.93,32.94,1962511.76,130251.0,1.944e-05,9.010333333333334e-05,9.007333333333334e-05,150081.82098263886,3108512509.277251,0.7746112558068445,1.0857859728534722,1240169.0988541667,1988066867.7128944,0.6859898870486112,1.0565630334027778,4065342.4375,132762350.51959059,1.8956808586458334,1.0362229173958335
2022-10-31,20627.48,20845.92,20237.95,20490.74,303567.61628,6571526.0,1590.45,1635.8,1545.43,1572.69,810334.2414,1024808.0,32.93,34.39,32.2,32.56,3082485.07,217549.0,1.637333333333333e-05,5.34e-05,8.557e-05,140974.09003125,2890334641.608488,1.0067938176347053,1.1169269147024306,1230221.4148368055,1946609749.4918993,0.7935565037690292,1.1122188034555556,4082257.2916666665,134995659.04124838,1.7943922495168634,1.0510361581586805
2022-11-01,20490.74,20700.0,20330.74,20483.62,279932.43771,5971938.0,1572.69,1612.92,1563.69,1578.48,527539.2965,702747.0,32.57,33.39,32.15,32.2,2015730.52,120950.0,3.1200000000000006e-06,-1.1949999999999997e-05,-5.941666666666666e-05,135105.01784027775,2769110950.6518087,1.1223734287221885,1.0949516827854167,1188279.8187847221,1881452753.1221423,0.8523298677082358,1.0694098336489584,4039912.3819444445,131893358.46039905,1.9307964945826765,0.9984231995638889
2022-11-02,20482.81,20800.0,20048.04,20151.84,373716.27299,7431698.0,1578.47,1621.68,1502.32,1518.34,981395.3648,1171091.0,32.2,32.95,30.24,30.8,3423829.13,222708.0,4.0119999999999995e-05,5.4680000000000005e-05,7.136666666666666e-06,132552.48387152777,2704600402.4652104,1.2109913157017504,1.0985546854534722,1142430.64625,1783785656.1704001,0.9459634623424189,1.0514629008131946,3899407.857638889,123063830.98798855,2.545365950744719,1.0358706671541666
2022-11-03,20151.84,20393.32,20031.24,20207.82,319185.1544,6948227.0,1518.33,1559.01,1515.17,1531.01,560202.8813,678608.0,30.81,32.25,30.61,30.85,2302866.46,140610.0,3.353333333333333e-05,-5.456333333333333e-05,-5.4826666666666675e-05,129415.27969791667,2620318818.4592113,1.6000962780740975,1.1213210397375,1091293.9895590276,1682306135.2080986,1.1553651468322885,1.0983798178885416,3683410.9618055555,115669176.38140878,3.041237194888066,1.042650083017014
2022-11-04,20207.12,21302.05,20180.96,21148.52,453694.39165,9249613.0,1531.01,1680.0,1528.4,1644.78,935531.4781,1072186.0,30.86,34.2,30.66,33.74,4106770.6,257544.0,4.1586666666666666e-05,6.897e-05,3.657333333333334e-05,136464.8764236111,2825266269.790865,1.1708547829592524,1.0919649639055555,1148614.8973611111,1835887711.838649,0.9518908538964109,1.0667362951100694,3695251.809027778,120376989.85797194,2.545201992433423,1.0887259643288194
2022-11-05,21148.52,21480.65,21080.65,21299.37,245621.98525,5570832.0,1644.78,1666.97,1621.42,1626.98,351385.5362,480888.0,33.73,38.79,33.66,36.9,7466083.52,523661.0,6.316666666666667e-05,5.496666666666666e-05,0.0001,146710.15677430556,3128573090.0347805,0.748442083319448,1.095146084609028,1180928.4260208334,1937144963.8911684,0.7586783112234631,1.0920652349725695,4255873.819444444,151776013.66674972,1.6611005256977849,1.0887571052791667
2022-11-06,21299.37,21365.27,20886.13,20905.58,230036.97217,5268210.0,1626.98,1639.02,1564.39,1568.29,414863.9525,545053.0,36.9,37.06,32.31,32.62,4722074.05,323910.0,7.696333333333332e-05,7.346666666666666e-05,0.0001,144545.07968055556,3065810856.5152826,0.8244872335777459,1.1730942003027778,1143516.91109375,1849357643.0978358,0.9205919124868609,1.1020865960128472,4497033.722222222,158907887.68250033,2.297619556990563,1.012277792582986
2022-11-07,20905.58,21069.77,20384.89,20591.13,386977.60337,8344242.0,1568.25,1608.04,1545.03,1568.1,642409.4494,851962.0,32.61,33.13,28.0,29.62,9810937.64,563325.0,9.271000000000001e-05,4.107333333333333e-05,9.773000000000001e-05,136936.62415625,2843611996.5770407,1.3003202815583363,1.0708189382972222,1082771.2687256944,1710831506.1068673,1.134475072332774,1.0608770618385417,5295559.864583333,168158105.88980207,3.968728295189579,1.0131244182083334
2022-11-08,20590.67,20700.88,17166.83,18547.23,760705.362783,14530601.0,1568.09,1579.98,1233.0,1334.77,2339916.5089,2874276.0,29.62,31.72,19.8,24.38,28156844.019,1899661.0,5.057666666666666e-05,-3.128e-05,-0.0007300766666666667,126344.90939236112,2472083302.209831,2.3289667145764024,1.029626210988889,1020782.2393888889,1491138179.7153344,1.608675039201589,1.0147406187413195,6459192.128472222,172085219.5821862,3.745673529767208,0.9985998191743055
2022-11-09,18545.38,18587.76,15588.0,15922.81,731926.929729,13605474.0,1334.78,1337.16,1073.53,1102.73,2494797.9357,3172468.0,24.38,24.38,12.37,14.08,34965021.076,2408465.0,-0.00013185,-0.0003511566666666666,-0.0125,125739.24789583334,2197516362.829417,2.981706083868181,0.9770140590687499,1030587.1775729166,1258789479.8032568,2.1666806453696634,1.0147794187729167,11572153.743055556,177584444.72090453,1.9375383025861648,1.060500295470139
2022-11-10,15922.68,18199.0,15754.26,17601.15,608448.36432,12719887.0,1102.73,1350.0,1085.93,1299.28,1975955.6767,2800795.0,14.08,18.87,13.14,17.66,31278279.25,1907480.0,-0.00084986,-0.0004330433333333333,-0.015605579090909092,130084.15492013888,2204658199.0847225,2.353795525950504,1.0534513995739583,1083782.1228958333,1332784863.770397,1.7420042541275322,1.063818825814236,11484190.222222222,167934868.824979,1.184286748041383,1.075079582945139
2022-11-11,17602.45,17695.0,16361.6,17070.31,393552.86492,9900073.0,1299.28,1310.0,1201.26,1289.28,1308087.1498,2118330.0,17.65,18.31,15.1,16.45,16952323.15,937752.0,-0.00010843666666666666,-9.183000000000001e-05,-0.0029872825,122912.99077430557,2103083418.4923847,2.1218919986806473,1.055124639601389,1005890.4355763888,1274115773.1740355,1.5425351342147808,1.0408949906111111,8210907.65625,137425397.27127033,1.1573414170439662,1.0344655542552084
2022-11-12,17069.98,17119.1,16631.39,16812.08,167819.96035,5046837.0,1289.35,1292.16,1238.7,1257.25,547772.9172,933438.0,16.46,16.53,14.47,14.58,6958266.14,352695.0,3.1383333333333335e-05,8.277333333333334e-05,-0.001475,118421.06590624999,1994891753.3957262,2.039360456215947,1.0892912141503472,969117.8809930556,1225894849.2672713,1.436452380648433,1.0412135751854166,7472080.868055556,114139335.86282216,1.277883366646943,1.1004725536270834
2022-11-13,16813.16,16954.28,16229.0,16329.85,184960.78846,5382834.0,1257.25,1274.23,1200.66,1221.49,547410.5304,896665.0,14.58,14.74,13.02,13.18,7632404.82,376380.0,-1.4026666666666667e-05,-3.708333333333333e-05,-0.0007244608333333333,117418.7258402778,1954458307.1847682,2.1738619001397432,1.0683536709010417,977036.9784652777,1212194426.4425223,1.6345938708613608,1.0555393905875001,7915291.493055556,110318678.81216317,1.5347870153519088,1.053618313465625
2022-11-14,16331.78,17190.0,15815.21,16619.46,380210.7775,9215128.0,1221.5,1291.2,1171.13,1243.28,934742.0059,1471485.0,13.18,15.01,12.07,14.0,12412181.95,591758.0,-4.195333333333334e-05,3.4336666666666666e-05,-0.0011997816666666666,118728.01222916666,1953501550.9589365,2.23493972270307,1.057630557803125,993740.3522465279,1221558867.6689866,1.6189872140600354,1.0582812420260417,8035052.329861111,109772218.18788856,1.5453593914324346,1.0474376487166668
2022-11-15,16617.72,17134.69,16527.72,16900.57,282461.84391,7200265.0,1243.29,1291.0,1234.01,1253.23,632825.568,961779.0,14.0,15.1,13.82,14.32,7666656.34,337257.0,-8.771333333333333e-05,-2.6300000000000002e-05,-0.00042206750000000004,118122.12951041668,1987262607.2088802,1.8302669944893728,1.1014181061996529,968989.9784513888,1219360795.083154,1.4088899794639598,1.0819545369041665,7367325.038194444,105881875.4813215,1.6970072968553571,1.0365813511215278
2022-11-16,16900.57,17015.92,16378.61,16662.76,261493.40809,6297404.0,1253.22,1268.67,1187.06,1216.17,673339.7215,969295.0,14.32,14.64,13.64,14.27,4117412.48,191387.0,-6.237333333333334e-05,-4.524666666666667e-05,-0.0006481833333333334,121674.92828125,2030480527.2259817,1.8608030381203227,1.0713893532715277,1026760.6361041667,1261012036.3357773,1.8036765554665513,1.066047695303472,6914006.840277778,98084946.74789275,1.849992753871267,1.0114077972059028
2022-11-17,16661.61,16751.0,16410.74,16692.56,228038.97873,5352083.0,1216.16,1228.22,1181.05,1200.43,530537.3488,719509.0,14.27,14.5,12.93,13.65,6589277.99,282425.0,-4.1269999999999996e-05,-5.8949999999999996e-05,-0.00064033,124870.99045138889,2072782911.7778676,2.020032997879975,1.0851781191298613,1080119.4829444445,1300659318.7907114,2.072497396428508,1.0454796577072918,7827983.295138889,108370464.36805804,1.4969342343996275,1.0378581726552083
2022-11-18,16692.56,17011.0,16546.04,16700.45,214224.18184,5114799.0,1200.42,1234.0,1199.18,1212.58,360218.5337,493436.0,13.65,13.89,13.0,13.27,2949495.18,138052.0,1.7233333333333337e-06,-6.912666666666667e-05,-0.0005391733333333333,124157.43135069445,2077458959.1862428,1.8064557001142434,1.1200209056690973,1061495.523329861,1288041777.7803469,1.88991908677657,1.0987299598270832,8266343.253472222,111223477.833375,1.2667992768736913,1.0846193825340278
2022-11-19,16699.43,16822.41,16553.53,16700.68,104963.15558,3142123.0,1212.58,1235.0,1197.67,1217.67,209789.5888,330573.0,13.28,13.28,12.58,12.84,2920148.22,113305.0,4.094666666666667e-05,5.6279999999999996e-05,-0.0007863566666666666,120796.9250486111,2009826814.2083893,1.9751648537941249,1.1595017963833334,1046426.2543576389,1265198765.5798707,1.860546712558453,1.1078142560899304,8090130.788194444,103871693.67164439,1.4772138971690358,1.0854616573680556
2022-11-20,16700.68,16753.33,16180.0,16280.23,154842.13478,4557344.0,1217.67,1227.07,1132.65,1142.21,531108.7607,693003.0,12.84,13.58,12.1,12.27,4790066.03,177887.0,5.98e-06,1.3663333333333334e-05,-0.0006596699999999999,120153.01883680554,1992449723.1127014,2.005193871521723,1.2025645360288193,1093804.3991111112,1301806719.4791005,1.9477302723953107,1.1554298066079862,7633470.659722222,97528077.58675344,1.8064840585377802,1.1891554467871528
2022-11-21,16279.5,16319.0,15476.0,15781.29,324096.997753,7440871.0,1142.21,1146.99,1079.76,1107.34,922647.9454,1063296.0,12.26,12.29,11.27,11.83,4921177.259,209806.0,2.994e-05,-5.987666666666666e-05,-0.0008095966666666667,126609.84696180554,2029866227.2045298,2.5311603187781575,1.0753463438270832,1146084.7138645833,1283912549.7652514,2.06133457451274,1.0259574619743055,7430176.0,87643033.65998073,1.8758818764720786,1.046051237765972
2022-11-22,15781.29,16315.0,15616.63,16226.94,239548.06623,6276097.0,1107.34,1146.13,1075.0,1139.6,748884.5791,899796.0,11.83,12.5,10.94,12.44,5495351.55,200003.0,8.096666666666667e-06,-1.0253333333333332e-05,-0.0005438866666666667,128519.96279513888,2049015730.8510175,2.3388276814775626,1.0999091608628473,1199451.4320625002,1331133345.1052256,2.018721085997005,1.1018287898600694,7151007.954861111,83426727.6817331,1.8394422630303033,1.0630228496434027
2022-11-23,16227.96,16706.0,16160.2,16603.11,264927.70408,6260616.0,1139.59,1190.0,1127.75,1184.52,636927.1594,767861.0,12.43,14.5,12.4,14.36,7872882.42,304412.0,6.338666666666667e-05,-2.4683333333333338e-05,-0.0005019333333333332,126842.41256597222,2088557155.389339,1.5846201473020551,1.0913831046006943,1185770.2028541667,1377854040.679102,1.558125898865311,1.0766327911763889,7678369.475694444,101651307.24416581,1.6724875260801713,1.0308601484541666
2022-11-24,16603.11,16812.63,16458.05,16598.95,206565.92346,5031851.0,1184.52,1217.71,1180.6,1203.73,486080.6123,616769.0,14.36,14.96,13.84,14.59,4725295.69,204547.0,4.568e-05,8.736666666666667e-06,-0.00151873,124349.38113888889,2063785278.415063,1.42568099403531,1.09918163183125,1189675.799215278,1425914577.0236113,1.1796263374933877,1.0761612850166666,8541731.788194444,122485757.1366802,1.2143957589288314,1.0589708383902776
2022-11-25,16599.55,16666.0,16342.81,16522.14,182089.49533,4396465.0,1203.72,1207.77,1171.2,1199.3,391430.1658,581961.0,14.6,14.61,13.91,14.03,2819515.28,118289.0,1.2826666666666665e-05,2.665666666666667e-05,-0.0004972433333333333,125741.22324305556,2073038461.9222565,1.4189753829160738,1.1272412887114585,1197664.3237916667,1424058153.9136355,1.127950084245712,1.0864783703225696,8976275.885416666,126866293.02101442,1.0854297140469595,1.0393047827368056
2022-11-26,16521.35,16701.99,16385.0,16458.57,181804.81666,3817130.0,1199.29,1235.66,1196.2,1205.6,379840.8116,566155.0,14.03,14.98,13.97,14.17,2911827.78,126762.0,1.6423333333333333e-05,-5.564e-05,-0.0003525499999999999,125768.11152430557,2081770810.3161342,1.429743595780464,1.1049940167947918,1235343.2736319443,1500008054.8045797,1.032672651200456,1.0936203194857639,8793514.1875,126264473.3027587,1.2186405471275572,1.1390946030166667
2022-11-27,16457.61,16600.0,16401.0,16428.78,162025.47607,3362221.0,1205.61,1223.33,1188.65,1193.88,286386.7986,458378.0,14.17,14.45,14.05,14.12,2063327.08,81599.0,5.936666666666664e-06,-4.1099999999999996e-05,-0.00074619,126150.42150694445,2085702004.104835,1.4793519412482903,1.1195068200437501,1232994.1660034722,1496501771.0770192,1.0072184068295928,1.1464296781774306,8528777.954861112,121728152.59275971,1.3538183861066673,1.0652206090065972
2022-11-28,16428.77,16487.04,15995.27,16212.91,252695.40367,5570407.0,1193.88,1199.25,1151.02,1167.77,478795.6093,708380.0,14.11,14.17,12.78,13.32,4718682.44,186525.0,9.533333333333334e-06,-4.844e-05,-0.0027940066666666667,125639.1278923611,2036026960.2878757,1.875955942479438,1.0739377884538195,1200908.7816180557,1406673125.4668536,1.32869385411472,1.0684109110090276,8040552.243055556,107138203.47919863,1.675116070591747,1.0487444869618057
2022-11-29,16212.18,16548.71,16100.0,16442.53,248106.25009,5206638.0,1167.77,1228.37,1158.27,1216.49,512143.5861,789552.0,13.33,13.96,13.14,13.34,2605636.41,109799.0,2.8486666666666666e-05,5.592666666666667e-05,-0.00046851333333333337,126999.9389236111,2083627218.244522,1.615879429232033,1.1077037528416667,1266478.4176284722,1527413140.1555924,1.1079278969295683,1.1154647927593748,7776634.208333333,105017152.17163141,1.7312445501202218,1.0764203793614584
2022-11-30,16442.91,17249.0,16428.3,17163.64,303019.80719,6519330.0,1216.49,1309.77,1212.5,1294.46,815679.2717,985173.0,13.35,14.32,13.21,14.16,3599962.88,141333.0,5.6510000000000006e-05,9.739333333333334e-05,-0.0007694066666666667,126703.32689236112,2140449221.4258661,1.3610922729587651,1.1376182693204862,1309762.4437604165,1665657106.7587185,0.9286473337167431,1.1210342924083332,7339251.777777778,100135711.35352808,1.9744971038057197,1.048701528495486
2022-12-01,17165.53,17324.0,16855.01,16977.37,232818.18218,5097720.0,1294.46,1299.9,1262.77,1276.41,430018.7391,587711.0,14.17,14.19,13.4,13.51,2567835.92,102314.0,2.0093333333333336e-05,3.8853333333333336e-05,-0.0003942433333333333,129511.53972569444,2208072814.990319,1.119298095282599,1.1298626052552083,1419762.1521805555,1816928015.3609595,0.9121805302267094,1.067572601970486,7238529.34375,99386127.10644941,2.0473285917623496,1.0568238329079862
2022-12-02,16978.0,17105.73,16787.85,17092.74,202372.2062,4305515.0,1276.4,1297.18,1265.24,1295.59,371559.585,547512.0,13.51,13.84,13.33,13.71,2865008.71,104197.0,2.4249999999999997e-05,4.875333333333333e-05,-0.0009115500000000001,129418.96103125002,2194175289.111513,1.2663780428209257,1.1694506172961807,1574806.7361493055,2015554713.6786754,0.9243485076626317,1.0938751973319443,7186319.361111111,97348900.87647697,2.1638250572611963,1.126149946153125
2022-12-03,17092.13,17188.98,16858.74,16885.2,154542.57306,3308694.0,1295.58,1309.0,1236.26,1240.51,347148.2588,594082.0,13.71,13.77,13.2,13.29,1958859.38,65671.0,6.141666666666666e-05,-1.837e-05,-0.00012761333333333332,129483.20368055554,2196577477.37233,1.251718661532106,1.1640809170972224,1501951.4293888889,1912441709.5196605,1.0196509387983113,1.0158746728590278,6709486.434027778,90776300.19461706,2.1450985268588862,1.0804360327017362
2022-12-04,16885.2,17202.84,16878.25,17105.7,178619.13387,3948990.0,1240.5,1287.19,1240.1,1279.41,324129.5466,498321.0,13.29,13.75,13.27,13.71,1778118.75,65320.0,5.7306666666666665e-05,-5.156666666666667e-06,-6.468e-05,133955.04819444445,2278411709.3716927,1.2488011722708345,1.1762870255,1260275.5785277777,1589669811.1766934,1.2106563833497601,1.096070876853125,6633214.322916667,89381378.99151927,2.248561141896363,1.1037510746177084
2022-12-05,17106.65,17424.25,16867.0,16966.35,233703.29225,5138207.0,1279.4,1305.11,1246.61,1259.41,391628.5166,612914.0,13.71,14.17,13.58,13.82,3962489.89,124321.0,1.4633333333333324e-06,2.895e-05,4.464666666666667e-05,133508.36285069445,2292079604.117132,1.205337917434445,1.0832940052159723,1172474.6302569443,1501645392.6229424,1.0603515617178194,1.0173548296034722,6595721.322916667,91684479.44350657,2.03873742589215,1.0468987705135417
2022-12-06,16966.35,17107.01,16906.37,17088.96,218730.76883,4416864.0,1259.41,1274.76,1241.56,1271.32,301631.839,471097.0,13.82,14.38,13.81,14.3,3280084.71,101962.0,2.8763333333333333e-05,3.3113333333333334e-05,5.961666666666667e-05,116629.31575694444,1981490636.32778,1.4507135079584943,1.1104691639875002,1119286.6563020833,1406995726.5333712,1.4074244973045715,1.0627253872385416,6717993.944444444,94352815.6466255,1.8049087893830955,1.1145665146246528
2022-12-07,17088.96,17142.21,16678.83,16836.64,220657.41334,4284989.0,1271.31,1278.69,1218.01,1231.18,398559.5166,530298.0,14.3,14.34,13.39,13.49,2647330.66,83203.0,2.3509999999999997e-05,2.797e-05,4.220333333333333e-05,107461.41470138889,1813375812.2101917,1.575963898015087,1.090490063701389,1162127.585375,1440134042.960968,1.603337201893448,1.0263273081256945,6776427.34375,93187738.2419144,1.9838833428005935,1.0860327471569444
2022-12-08,16836.64,17299.0,16733.49,17224.1,236417.97804,4520282.0,1231.18,1292.58,1222.01,1280.18,406653.5447,559884.0,13.49,13.77,13.27,13.69,2218371.02,71886.0,1.1673333333333334e-05,5.716666666666666e-06,-7.103333333333334e-05,108512.59065277777,1836367378.363929,1.3974541115532952,1.1781366124923611,1187679.0751319444,1479751559.2724428,1.403093105576739,1.1052627429895834,6463380.361111111,87314861.76400177,2.2885391509616224,1.0875061927885417
2022-12-09,17224.1,17360.0,17058.21,17128.56,238422.06465,4282003.0,1280.18,1296.64,1250.0,1263.1,406008.0032,540078.0,13.69,14.02,13.51,13.59,2597941.96,79323.0,2.7943333333333334e-05,7.251666666666666e-05,-1.737666666666667e-05,111476.81630902778,1915042049.2703404,0.9742422686591335,1.1483088205010417,1213618.6490104168,1548712149.660065,0.9179916713217564,1.114622922285764,6335866.576388889,86841212.40648775,2.225570502551744,1.107292981259375
2022-12-10,17128.56,17227.72,17092.0,17127.49,140573.97937,3032257.0,1263.11,1283.61,1259.6,1266.35,182278.6396,322453.0,13.58,13.73,13.54,13.58,950118.11,38836.0,-2.15e-06,3.858e-05,-7.199666666666666e-05,110026.78282291668,1886925540.743462,1.0447130363256978,1.1688598256645832,1153618.6396736111,1461934535.8171303,1.1085692705848715,1.123796744820486,6126582.743055556,83414924.96013084,2.418053889732093,1.1316164962229167
2022-12-11,17127.49,17270.99,17071.0,17085.05,155286.47871,3260722.0,1266.35,1284.75,1255.85,1263.01,180494.902,314531.0,13.58,13.8,13.39,13.42,1210234.56,44964.0,8.313333333333334e-06,3.3899999999999997e-06,-5.149333333333333e-05,110250.39086111111,1890512350.9868822,1.0984870515840557,1.1955772741802084,1172269.4858541666,1490252866.665347,1.0953324866434653,1.110815827917014,6003970.923611111,81806717.95064141,2.4623357427339485,1.1801977428923611
2022-12-12,17085.05,17241.89,16871.85,17209.83,226227.49694,4463916.0,1263.0,1278.9,1240.03,1275.4,363750.5481,489887.0,13.42,13.5,12.82,13.31,2644017.08,79659.0,1.1246666666666667e-05,-4.026666666666666e-06,-0.00019817666666666666,104571.74403819445,1776690009.1438124,1.3225585482681699,1.1388452808996528,1140174.7639027778,1428823448.3775063,1.3912518695455685,1.0970634851079861,6014224.107638889,79124963.92542523,2.7282537429745912,1.0712017084315972
2022-12-13,17208.93,18000.0,17080.14,17774.7,284462.9139,6242080.0,1275.41,1349.0,1255.1,1320.69,659393.8825,813791.0,13.31,14.15,12.76,13.89,3963954.49,123225.0,4.991333333333333e-05,9.649666666666666e-05,2.788666666666667e-05,107264.36405208333,1873493619.1185834,0.9501776796729161,1.2126308927006944,1115849.1319027776,1445505655.5053296,0.9644247022845261,1.1553470953663194,5784027.020833333,77585036.74582733,2.5359935252959622,1.1315127354854166
2022-12-14,17775.82,18387.95,17660.94,17803.15,266681.22209,5743730.0,1320.69,1352.72,1301.0,1307.44,554465.5717,548806.0,13.9,14.96,13.81,14.12,5084591.13,147840.0,0.0001,0.0001,0.0001,108671.65262152778,1942227792.1448796,0.8577293792569911,1.0987762800333334,1124330.7582847222,1488304976.111543,0.8949517902841883,1.0503717947083333,6000961.524305556,84890797.21063717,1.8886140444992552,1.1187817453059028
2022-12-15,17804.01,17854.82,17275.51,17356.34,223701.96882,4789226.0,1307.45,1311.14,1259.27,1266.54,390051.2447,445162.0,14.12,14.52,13.86,14.04,2711381.25,94100.0,8.393333333333333e-05,0.0001,0.0001,109940.19119097223,1932363259.428899,1.029288011920738,1.0319764088503471,1105937.6348784724,1417664340.1067288,1.156180703844577,1.0392250936430556,6110340.475694444,86137849.17136931,1.7507777606842378,1.0694582839718751
2022-12-16,17356.96,17531.73,16527.32,16632.12,253379.04116,5703001.0,1266.53,1280.06,1155.32,1166.83,751422.2779,883071.0,14.05,14.17,12.0,12.25,4522833.23,143114.0,2.8536666666666667e-05,5.406666666666667e-05,5.356e-05,103852.21295486111,1775362310.1184683,1.6248093421823548,1.0963904430986111,1078006.3992708335,1323748463.559159,1.7096926371598558,1.0752826430708333,5783504.878472222,77813004.43436252,2.217063596858957,1.1059534599885417
2022-12-17,16631.5,16796.82,16579.85,16776.52,144825.66684,3905843.0,1166.82,1190.03,1161.92,1187.16,328881.6281,443309.0,12.25,12.6,11.92,12.51,2465880.45,85988.0,6.51e-05,1.8936666666666668e-05,-0.00029116,99534.96865625,1661237731.9412913,1.8593340984514946,1.1601315153607639,1048278.8638194443,1234023783.2275689,1.837155954326539,1.0837812996694445,5307033.423611111,65181226.83094295,2.6512371961819787,1.146889211512847
2022-12-18,16777.54,16863.26,16663.07,16738.21,112619.31646,3369193.0,1187.16,1199.54,1170.32,1183.06,252260.144,385205.0,12.5,12.6,12.25,12.38,1358593.49,48429.0,4.151666666666666e-05,5.986666666666667e-05,-0.00036411666666666664,99374.73906597222,1662083322.1235018,1.93841829503548,1.2162280027239583,1051725.2877083335,1243682435.8300622,1.8373104093434733,1.075502822779861,5389144.274305556,66881965.89253446,2.840423474619843,1.2020411304381944
2022-12-19,16739.0,16815.99,16256.3,16438.88,179094.28305,4681887.0,1183.06,1195.0,1150.51,1167.82,296832.7228,443756.0,12.38,12.59,11.66,11.94,2385052.59,84083.0,4.8190000000000004e-05,-1.142e-05,-0.0003387466666666666,99192.01064583333,1653441354.275637,1.9372372899679635,1.0934803127072916,1046887.9653611111,1234708449.8862677,1.8079937937585693,1.0643506726618055,5513304.861111111,67277983.9444299,2.7702226146940037,1.0618647495746527
2022-12-20,16438.88,17061.27,16397.2,16895.56,248808.92324,5945803.0,1167.82,1230.47,1163.12,1216.94,465184.1943,624202.0,11.94,12.49,11.84,12.26,1699256.37,72708.0,3e-05,7.473999999999999e-05,-0.0002466733333333333,95970.65256597222,1610342934.423709,1.786658278303313,1.1132833084854168,1053104.1266770833,1270263349.8670506,1.49826853739937,1.1194895968670138,5501282.569444444,67445023.52183181,2.826394904789356,1.05766301454375
2022-12-21,16896.15,16925.0,16723.0,16824.67,156810.96362,4375570.0,1216.95,1223.39,1203.02,1213.78,245723.8377,413931.0,12.26,12.29,11.9,12.14,1549774.66,57613.0,6.367333333333335e-05,6.588666666666667e-05,-0.0002548466666666667,95726.15275,1610156923.5136528,1.596538619504019,1.1072688952881944,1063980.482142361,1289044624.4379492,1.3038376740567377,1.0944318340291668,5647779.739583333,68091445.9130771,2.8331146324413363,1.0560626608322918
2022-12-22,16824.68,16868.52,16559.85,16821.43,176044.27235,4678640.0,1213.78,1237.99,1182.54,1217.71,336761.6598,488758.0,12.14,12.19,11.67,11.82,1805407.09,62242.0,6.094333333333333e-05,8.874333333333333e-05,-0.00021893666666666665,98158.58433680556,1646165006.248182,1.7411867544397122,1.1476369006899305,1072127.4597951388,1295328350.0885794,1.398752016633583,1.093347861392014,5922301.055555556,70942922.86964026,3.0211542687706006,1.0077064876708333
2022-12-23,16821.9,16955.14,16731.13,16778.5,161612.00947,4561020.0,1217.72,1231.99,1210.0,1219.99,278604.2882,439410.0,11.81,12.11,11.72,11.78,1647382.32,51969.0,9.634333333333334e-05,5.58e-05,-2.2963333333333338e-05,98984.9539826389,1665166076.3825636,1.8116117509351963,1.180899586345486,1061415.0039375,1294612825.727071,1.371163550848749,1.1151719758361112,6284243.020833333,74620053.42824782,3.42796278712574,1.1236185930659723
2022-12-24,16778.52,16869.99,16776.62,16836.12,100224.29096,3076985.0,1219.98,1227.99,1214.69,1220.41,123701.5301,296993.0,11.79,11.79,11.07,11.45,2286878.14,80202.0,6.99e-05,5.764666666666667e-05,-0.0009230233333333334,98621.74432291667,1659040321.0155802,1.7224579301315377,1.2226370311295138,1064560.439375,1297228363.9703455,1.3023699397770345,1.166443965414236,7325568.579861111,83738418.35924654,3.336457371412625,1.0848528164871527
2022-12-25,16835.73,16857.96,16721.0,16832.11,125441.07202,3570157.0,1220.42,1225.0,1193.18,1218.51,231652.0612,379422.0,11.45,11.56,11.24,11.38,916417.64,36795.0,1.812e-05,3.3333333333333337e-06,-0.0005399233333333334,97725.76916666667,1642646998.695101,1.6952212394546464,1.1995187703086805,1062318.0704270834,1291705319.441881,1.298581740879441,1.131039464557639,7654277.923611111,87235112.68516487,3.1010068642604027,1.0983620911371528
2022-12-26,16832.11,16944.52,16791.0,16919.39,124564.00656,3915571.0,1218.52,1231.09,1211.67,1228.11,162723.0857,308520.0,11.39,11.49,11.06,11.32,1613225.82,48977.0,3.7533333333333323e-06,3.526333333333333e-05,-0.00029344,97083.79396874999,1634985608.354327,1.6967702853481255,1.2144757438399305,1063414.4182708333,1295397070.820352,1.2845710478566539,1.130495368467361,7800977.430555556,87997137.62144151,3.249867373791032,1.112926645692014
2022-12-27,16919.39,16972.83,16592.37,16706.36,173749.58616,5047628.0,1228.12,1233.73,1200.58,1211.55,262437.6398,372190.0,11.33,11.44,10.71,11.09,3052197.59,84884.0,3.902666666666667e-05,6.590666666666667e-05,-0.00010236666666666666,98732.44003472223,1658239039.873433,1.8373942118107434,1.1278587274791667,1080549.5706284724,1314705103.2983353,1.3424228982874993,1.089124095282986,8129050.777777778,90229963.49422172,3.1067459928795205,1.0486511478486111
2022-12-28,16706.06,16785.19,16465.33,16547.31,193037.56577,5465468.0,1211.55,1215.78,1181.06,1190.15,367828.8914,474792.0,11.1,11.12,9.39,9.76,7362205.181,190189.0,5.375666666666666e-05,4.633666666666667e-05,-0.00034041999999999997,104315.12552083333,1734782882.4036875,2.197511488509603,1.145914928221875,1113741.2742604166,1332064669.0645466,1.6658804766578355,1.0554346941489583,8402851.114583334,85245589.57341225,2.502287489390576,1.0501924479225695
2022-12-29,16547.32,16664.41,16488.91,16633.47,160998.47158,4553877.0,1190.15,1206.57,1186.77,1200.49,249130.4869,377201.0,9.76,10.89,8.0,9.64,12093989.53,276670.0,9.505666666666667e-05,8.611666666666667e-05,-0.0002481433333333333,107098.72157291666,1776312017.738093,2.276909326054908,1.1785976048989584,1119711.2266423611,1339685408.5789747,1.658712440808541,1.0831038949986111,9358217.28125,87379728.42891356,1.8766356663393857,1.0700384562555554
2022-12-30,16633.47,16677.35,16333.0,16607.48,164916.31174,4310415.0,1200.48,1202.15,1181.08,1199.99,266014.2115,364383.0,9.64,10.26,9.0,9.9,12587079.51,296354.0,9.044000000000001e-05,0.0001,-0.0024493933333333334,108341.97811458334,1792272651.1077347,2.2627045501598793,1.1046636836694443,1109836.1911423611,1326065366.9273407,1.6739891443516504,1.1031123641875,10571370.180555556,100770639.60323754,1.2580232464339227,1.028815481217361
2022-12-31,16607.48,16644.09,16470.0,16542.4,114490.42864,3344374.0,1199.98,1208.46,1191.66,1196.13,139379.2811,261569.0,9.91,10.2,9.66,9.97,3621434.65,93103.0,0.0001,0.0001,-0.0018655566666666665,107404.37273958333,1779176510.2225049,2.2059989061221663,1.252536155665625,1108072.6932222222,1327914609.8469508,1.5987424176635285,1.1632136677190972,11625113.65625,115061221.14386863,1.0815917434711206,1.090966544626389
2023-01-01,16541.77,16628.0,16499.01,16616.75,96925.41374,3218355.0,1196.13,1204.67,1190.57,1200.34,117762.0685,233151.0,9.97,10.09,9.69,9.99,2287512.63,66752.0,6.897e-05,0.0001,-0.0007654200000000001,107881.30435763889,1785509786.492461,2.231994114067147,1.2604096343059028,1108745.7581319446,1327169891.960528,1.66291475123825,1.1475555179944446,11506532.315972222,113851916.24995883,1.1134681551447587,1.0914374387124999
2023-01-02,16617.17,16799.23,16548.7,16672.87,121888.57191,4036118.0,1200.33,1224.29,1193.0,1214.0,252794.14,330000.0,9.99,12.0,9.81,11.28,7628264.93,195532.0,-1.0580000000000002e-05,8.780666666666666e-05,-0.0007189233333333334,107094.14047916667,1786531595.0263124,2.0229759186553813,1.1857183580444444,1140458.21921875,1381308362.7381353,1.402280028791557,1.1480406676371528,10910929.920138888,117414580.98625249,1.208125996347392,1.0830732551972222
2023-01-03,16672.78,16778.4,16605.28,16675.18,159541.53733,5097596.0,1213.99,1219.89,1204.93,1214.55,205519.4944,296709.0,11.28,13.91,11.0,13.37,14986491.36,417570.0,7.433e-05,3.0220000000000002e-05,-0.004265226666666667,106563.67331597222,1777828696.4136367,1.9680690630508595,1.159559026712153,1124914.77365625,1364751243.322498,1.3746771798990634,1.1233082254586806,12417329.736111112,151425658.66323033,0.9568789322627348,1.0671795735045138
2023-01-04,16675.65,16991.87,16652.66,16850.36,220362.18862,6310703.0,1214.56,1272.6,1212.71,1256.9,457799.6648,526420.0,13.37,14.24,12.83,13.43,12612735.49,393884.0,4.936e-05,9.203e-05,-0.0047424166666666665,103398.22303819444,1739287201.2720158,1.6447128340428245,1.1308761431194445,1194113.9347291668,1490879186.0189624,1.0053642661963633,1.15462978081875,14739956.263888888,198786204.9903968,0.710178091555639,1.0029802700618056
2023-01-05,16850.36,16879.82,16753.0,16831.85,163473.56641,4842014.0,1256.91,1259.95,1242.81,1251.24,272805.33,339445.0,13.43,13.89,12.95,13.43,5834353.76,203316.0,5.7056666666666665e-05,0.0001,-0.0008372633333333335,102653.63481250001,1727055751.9104722,1.5351944651452163,1.129338585257639,1206274.9054930555,1509441406.470432,0.8804060612216523,1.1001922102423611,13688343.288194444,181374662.58569345,0.6852340311364482,1.0221942700944444
2023-01-06,16831.85,17041.0,16679.0,16950.65,207401.28415,5388661.0,1251.25,1276.7,1236.0,1269.14,342344.2023,444840.0,13.43,13.6,12.69,13.5,5404648.48,184610.0,6.945333333333333e-05,0.0001,-0.0012963866666666666,103971.61678125,1749061250.1654043,1.5868875310834714,1.1269921093795139,1214571.4532118056,1524225211.5689723,0.8895081122578491,1.1125883839597224,13162975.125,173447930.3003615,0.776595504311304,1.0487660526940974
2023-01-07,16950.31,16981.91,16908.0,16943.57,104526.5688,3227161.0,1269.13,1271.09,1261.3,1264.07,129474.2884,242794.0,13.51,13.51,13.01,13.1,1904950.91,79010.0,4.393e-05,5.611e-05,-0.0004021233333333333,104970.68639236112,1777121811.894264,1.3283403979347101,1.3365456635413195,1279070.2011527778,1617088799.1938777,0.8030624886709082,1.2342642038923612,12649146.857638888,167250989.28107756,0.8139158731704755,1.1041619852552083
2023-01-08,16943.83,17176.99,16911.0,17127.83,135155.89695,4036092.0,1264.06,1296.0,1257.77,1290.16,213636.7848,341498.0,13.1,14.89,12.85,14.45,6295596.12,207707.0,7.703e-05,6.538e-05,-0.0003239266666666667,105422.02504166667,1785742026.5068173,1.336874534510909,1.4067257084197917,1245449.1364513887,1575093891.339892,0.8529716666153511,1.1812346495899306,12797132.8125,172567181.48083144,0.8499451613887873,1.1261781982145833
2023-01-09,17127.83,17398.8,17104.66,17178.26,266211.52723,6327667.0,1290.15,1344.91,1285.44,1320.39,581727.6968,667559.0,14.46,17.5,14.28,16.25,19481959.57,619929.0,2.0116666666666667e-05,7.309666666666667e-05,-9.166666666666663e-06,105510.88820833334,1817876014.8117747,1.1718071435484105,1.1003028888729167,1320353.328142361,1740129492.0424404,0.7279770182780587,1.0756415331086806,11041337.048611112,179615201.58741978,0.9568914396147279,1.0146392002833333
2023-01-10,17179.04,17499.0,17146.34,17440.66,221382.42581,5448751.0,1320.4,1347.69,1316.8,1335.62,459660.2307,467419.0,16.25,16.73,15.57,16.2,8489417.77,288818.0,5.0770000000000003e-05,0.0001,1.5510000000000002e-05,106135.89061111111,1834342784.8940136,1.027495441260371,1.1114836126059027,1346856.8342291666,1791547929.8411946,0.6702191557549453,1.0661343693024306,10152921.552083334,164121410.71560746,0.8864931779801946,1.0242969388288194
2023-01-11,17440.64,18000.0,17315.6,17943.26,262221.60653,5627464.0,1335.63,1398.0,1321.04,1389.39,472465.9556,534745.0,16.2,16.67,15.28,16.36,6661616.67,240292.0,1.6756666666666665e-05,7.592666666666667e-05,-5.539333333333334e-05,113243.05401388889,1975642476.194293,0.8550402170506246,1.099058326979861,1361170.7748854167,1818163477.8606634,0.6407242987071807,1.0914893051965278,9895907.854166666,157561334.98641667,0.9937344147846756,1.0467166224961806
2023-01-12,17943.26,19117.04,17892.05,18846.62,454568.32178,8911373.0,1389.4,1438.0,1361.92,1415.92,877712.4492,873540.0,16.37,17.0,15.54,16.59,9608670.96,343488.0,9.183e-05,0.0001,-8.257333333333333e-05,108592.35911458333,1990991487.2829437,0.8272164330567171,1.0940233159659722,1283540.1748645834,1802047737.7870457,0.7175668526287817,1.0904267596215278,9551205.288194444,155609402.9409319,1.1631813441112238,1.0273915876375002
2023-01-13,18846.62,20000.0,18714.12,19930.01,368615.87823,8021774.0,1415.91,1464.0,1401.03,1451.2,499377.8649,670535.0,16.59,18.65,16.29,18.29,10929884.4,379935.0,9.053333333333333e-05,0.0001,-0.00020638333333333333,111757.70575000001,2131145030.9022946,0.7737121724449841,1.086121265845139,1292487.3818368055,1830041155.605873,0.7800498919031089,1.0822034990868055,9879616.770833334,167023070.87302756,1.2813663246336517,1.0098477576569445
2023-01-14,19930.01,21258.0,19888.05,20954.92,393913.74951,8659545.0,1451.21,1599.98,1449.14,1549.9,940691.7774,1187799.0,18.29,24.75,18.2,24.24,25997232.06,1125883.0,0.00021531000000000002,0.00039197999999999994,0.00015900666666666667,95266.91631944444,1984290061.8131158,0.9176888003891062,1.0552048788715278,1056402.4941250002,1625487495.7722003,0.9988881553318123,1.075565381213889,7650931.4375,172063235.35110858,1.173927078130201,1.0347731667690971
2023-01-15,20952.76,21050.74,20551.01,20871.5,178542.22549,5194354.0,1549.91,1566.66,1516.03,1552.52,387832.7138,590180.0,24.23,25.0,21.98,22.89,11258028.55,542914.0,0.00015345999999999998,0.00020572000000000003,0.00024263,94149.97868055555,1957337442.9015093,0.8844836796295371,1.0856151826871527,1042285.9169097221,1602646729.0434487,0.9864193079598176,1.0852598974121528,7233700.371527778,166783746.5678178,1.0742083378788014,0.9898989824788195
2023-01-16,20872.99,21474.05,20611.48,21185.65,293078.08262,6856434.0,1552.52,1604.5,1521.31,1576.94,574622.8953,802443.0,22.9,25.0,22.3,23.58,10043368.28,504119.0,0.0001,0.00011394333333333334,0.0002386766666666667,95481.56516666667,2009174905.3657694,0.8809944569546979,1.0577265574631944,1076889.7938124998,1682409262.8705962,0.9630992914630103,1.0412475468395832,7390894.631944444,173148002.99195585,1.2179493992473438,0.9920292172614583
2023-01-17,21185.65,21647.45,20841.31,21134.81,275407.74409,6440138.0,1576.94,1609.0,1541.15,1565.57,506771.7219,703325.0,23.58,23.95,22.7,22.86,6056942.68,307729.0,0.0001,0.0001,0.00010764333333333335,99422.51340972222,2107399028.6706166,0.7661041392971405,1.0799532476309028,1114083.6543055556,1750902559.6330872,0.8969774791816323,1.0751009521923611,7632314.434027778,178600368.88413882,1.2021603049187428,1.0141025597850695
2023-01-18,21132.29,21650.0,20407.15,20677.47,350916.01949,7617173.0,1565.56,1610.0,1501.39,1511.43,752534.8857,913587.0,22.86,23.65,20.34,20.79,11341710.32,497529.0,0.0001,0.0001,0.0001,101914.96242361111,2152741667.2157087,0.7881031006020187,1.0782457718715277,1135583.7823125,1778014524.6767688,0.8736543181430255,1.0247554894708335,7449029.208333333,167175433.30098262,1.1973146689330798,1.0243762620642363
2023-01-19,20677.47,21192.0,20659.19,21071.59,251385.84925,5819932.0,1511.44,1564.43,1509.15,1551.09,308679.4645,477203.0,20.78,21.88,20.41,21.4,6113345.07,224567.0,0.0001,0.0001,0.0001,102873.29647569446,2144989023.0651605,0.819678608468201,1.0856835354128471,1132064.8686215277,1734380588.5543187,0.9294844608529343,1.0833421324340278,6877531.701388889,146074655.61459634,1.1380217839765658,1.0282683352881945
2023-01-20,21071.59,22755.93,20861.28,22667.21,338079.13659,7382435.0,1551.09,1669.9,1542.02,1658.52,440570.9974,710633.0,21.4,25.82,20.93,25.51,9652433.39,399397.0,0.0001,0.0001,0.0001,105828.88415277778,2252899546.5036187,0.759685752986117,1.1226998255302083,1163848.2365416668,1831196955.9902093,0.8071324493566135,1.1016963229253471,6679873.524305556,146817831.39233255,1.2551056056203729,1.035023201772222
2023-01-21,22666.0,23371.8,22422.0,22783.55,346445.48432,7796520.0,1658.53,1679.26,1616.21,1626.66,494248.6009,648695.0,25.51,26.6,24.24,24.57,12782858.69,450566.0,0.0001,0.0001,0.00016756,97404.69179861112,2228191958.8179193,0.8447540569032923,1.046909549822222,1160454.5789513888,1918551877.1582751,0.8214843792446399,1.0841187138822916,6602217.215277778,166649147.0779262,1.2414103103220415,0.997772626996875
2023-01-22,22783.35,23078.71,22292.37,22707.88,253577.75286,6603827.0,1626.65,1663.89,1604.0,1627.44,431729.6909,550009.0,24.56,25.45,23.5,24.21,6496779.26,228853.0,0.0001,0.0001,0.0001,95727.38424652777,2183142968.0552053,0.971101169865564,1.0591308850069445,1119469.732326389,1825586118.7260866,0.9615669720840407,1.0745216181927084,6569975.1875,163680175.43493903,1.349409211816694,0.9950422063892361
2023-01-23,22706.02,23180.0,22500.0,22916.45,293588.37938,7258655.0,1627.43,1648.09,1585.29,1626.29,407267.1156,602844.0,24.21,24.93,23.7,24.33,6100483.98,203735.0,0.0001,0.00010118666666666667,0.0001,94526.99820833333,2157897643.5087056,1.0103866268809314,1.1132086004680555,1099284.4972708332,1793339645.2061434,1.0588167021142232,2.5232120620677083,6374344.017361111,155882274.69768468,1.5771405949207444,1.125626215137063
2023-01-24,22917.81,23162.2,22462.93,22632.89,293158.78254,7395584.0,1626.28,1641.46,1535.0,1555.97,462275.3243,664260.0,24.32,25.24,22.25,22.78,6121565.88,226102.0,0.0001,0.0001,0.00011026333333333335,93300.95950694445,2141949830.493989,0.9921942976122605,1.0392107195697917,1063961.9868333333,1725633861.791599,1.0994653085145487,1.0549309741003472,6496927.673611111,158700587.36614406,1.7602472156854403,0.9764931944104167
2023-01-25,22631.94,23816.73,22300.0,23060.94,346042.83223,8060446.0,1555.97,1641.0,1518.0,1611.94,646474.9166,832576.0,22.77,25.43,22.24,24.52,8332368.29,312469.0,0.0001,0.0001,7.079666666666667e-05,92745.35078819444,2105240037.6879141,1.1315354706548442,1.058782775186111,1009237.2377673611,1570597572.592024,1.3130734692939048,1.0421898571902777,6023008.350694444,141095137.99961185,1.7116593851766344,1.0037475765611112
2023-01-26,23060.42,23282.47,22850.01,23009.65,288924.43581,7181086.0,1611.95,1632.84,1577.43,1601.09,532777.8466,661710.0,24.53,25.23,23.73,24.33,5450404.1,208276.0,0.0001,0.0001,0.0001,88577.58784722222,2042671673.2678096,1.1937301224685084,1.0389257757204862,980855.7093888889,1576858112.51961,1.1995342642417794,1.0641566523204862,6080338.131944444,149215744.48955756,1.7035736134808994,0.9895430001555555
2023-01-27,23009.65,23500.0,22534.88,23074.16,280833.86315,7079096.0,1601.08,1621.0,1552.54,1597.62,512093.3875,721339.0,24.33,24.96,23.27,24.43,4729055.76,174475.0,9.847000000000001e-05,0.0001,0.0001,89772.12252083333,2063782484.663306,1.1746172758955489,1.0556391372635416,988134.7294722223,1565439881.80231,1.2856311212344131,1.0842621235402778,5967316.503472222,143198127.96348858,1.7888428840933193,1.007350060970139
2023-01-28,23074.16,23189.0,22878.46,23022.6,148115.71085,4181816.0,1597.61,1606.83,1555.99,1572.1,313675.6574,461988.0,24.43,25.24,23.7,24.0,3377884.1,127028.0,0.0001,0.0001,0.00011015333333333332,90167.73969791667,2075237268.0719304,1.1706416683870366,1.0753107826708335,988631.0774062499,1565805579.5868065,1.3259112254691674,1.0846419658809028,6162707.006944444,149494777.87656102,1.797602514707138,1.0007129584624999
2023-01-29,23021.4,23960.54,22967.76,23742.3,295688.79204,7030837.0,1572.1,1660.0,1566.33,1644.72,551767.9134,747055.0,24.0,26.8,23.73,26.07,7785906.2,293221.0,0.0001,0.0001,0.0001,98941.8249375,2319509315.6882057,0.9419339051477917,1.0875887469579861,1014256.6866562502,1634541083.5221272,1.1829154709564227,1.090336496095139,6406377.302083333,159651052.80074552,1.7219129522408079,1.024076469857639
2023-01-30,23743.37,23800.51,22500.0,22826.15,302405.90121,7790224.0,1644.73,1647.53,1535.0,1566.2,595055.3281,783703.0,26.07,26.31,23.11,23.96,7532450.12,286378.0,0.0001,0.0001,0.00023425,99160.82573958334,2309674227.587971,1.0355050621221293,1.0336541472111112,1018071.4340590278,1628425913.3275979,1.213709889193536,1.0206025798375,6231134.916666667,153948100.8863827,1.6375386703146448,0.9809580904701389
2023-01-31,22827.38,23320.0,22714.77,23125.13,264649.34909,6798411.0,1566.21,1605.18,1561.63,1585.33,348856.6751,565125.0,23.97,24.47,23.49,23.92,4062387.09,143900.0,0.0001,0.0001,0.0001,97180.08238194445,2231192119.5693617,1.1820208611448617,1.0509136707385416,982995.0470937501,1550945430.51485,1.3577986796055084,1.0911080835826388,5714238.045138889,136956897.41025445,1.779858707018728,1.023728510751389
2023-02-01,23125.13,23812.66,22760.23,23732.66,310790.42271,7863213.0,1585.32,1647.77,1555.18,1641.68,474617.1709,795274.0,23.93,25.22,22.48,25.0,7304888.31,263058.0,0.0001,0.0001,0.0001,97797.74972569445,2265341452.9091024,1.0606296394633925,1.048006563732639,972550.7579479166,1545977485.1059866,1.2363594634941562,1.0564873987364585,5702986.614583333,135186333.52135727,1.8062971640708787,0.9774253119388889
2023-02-02,23731.41,24255.0,23363.27,23488.94,364177.20751,9102300.0,1641.67,1714.68,1626.85,1643.12,629188.8874,939545.0,25.0,26.15,24.05,24.32,7246590.58,247302.0,0.0001,0.0001,0.00015412,98489.87999652777,2345694108.99288,0.8925485855523569,1.045012021195486,1046721.5168402778,1749817016.8882396,0.9248903376437266,1.0727406540093751,5759592.121527778,144491341.11211607,1.4738762590271381,0.9911626775083333
2023-02-03,23489.33,23715.7,23204.62,23431.9,332571.02904,8007846.0,1643.12,1676.0,1625.93,1663.52,464815.032,714675.0,24.32,25.07,24.01,24.69,4759274.31,154714.0,0.0001,0.0001,7.859666666666666e-05,99114.4043888889,2326923154.0464077,1.1511282993273706,1.0494399449395833,1028973.0628993056,1697653676.3681688,1.1269564999677324,1.0554662831315973,5299761.888888889,129722593.06756708,1.8270377474958401,1.0245241303295138
2023-02-04,23431.9,23587.78,23253.96,23326.84,166126.47295,4852404.0,1663.52,1695.29,1645.43,1666.38,308227.1295,559308.0,24.69,24.95,24.17,24.34,2034159.41,79307.0,0.0001,0.0001,0.0001,97646.74322916666,2283629659.3724995,1.3753039532185525,1.1288358016333335,1102743.1377638888,1839075060.4738257,1.029175565115551,1.0848240835427083,5430180.40625,133508360.12368195,1.9680138203253041,1.0108102729211805
2023-02-05,23327.66,23433.33,22743.0,22932.91,209251.33917,5903916.0,1666.39,1673.81,1609.3,1629.02,413579.6748,680427.0,24.34,24.46,23.02,23.47,4822304.59,140043.0,0.0001,0.0001,-5.986999999999999e-05,101137.60235069445,2345279048.646544,1.4591524847636126,1.0429705021909723,1111988.32565625,1836152027.9445505,1.0976262737918778,1.0601449513878471,5504976.079861111,131714750.20413035,2.1367448661169854,0.9987443059267361
2023-02-06,22932.91,23158.25,22628.13,22762.52,265371.6069,6956395.0,1629.01,1658.56,1605.01,1614.29,384119.4197,636588.0,23.46,23.72,22.45,22.66,3592829.38,114330.0,0.0001,0.0001,5.310666666666667e-05,103479.78025694445,2369739475.5913444,1.5203377597658496,1.0873796180270832,1060862.814277778,1732887358.6966875,1.2506391312549099,1.0989683556979166,5411605.888888889,125847237.36438571,2.2246933809261233,1.0494237808604165
2023-02-07,22762.52,23350.25,22745.78,23240.46,308006.72482,8293878.0,1614.28,1678.37,1613.14,1671.03,451922.4,746572.0,22.65,23.96,22.54,23.82,4900023.85,146267.0,0.0001,0.0001,5.916666666666666e-06,103481.383125,2377625114.5554523,1.4684470990802831,1.11366563336875,1075468.7637187499,1764627542.1426878,1.2066238060233527,1.0990746598020833,5281345.565972222,122553184.78808348,2.3433469372702107,1.0675502241166666
2023-02-08,23242.42,23452.0,22665.85,22963.0,280056.30717,7896433.0,1671.03,1697.91,1630.47,1650.43,417966.2539,671033.0,23.82,24.24,22.8,23.22,3970029.14,122379.0,0.0001,0.0001,6.323e-05,102999.13035763889,2378118890.944755,1.4045580178083508,1.0731835538819443,1122838.0234930555,1871333145.2335038,1.0135724889644584,1.0773160897451388,5179118.899305556,121963663.43587166,2.3444623748715703,1.0287971880458333
2023-02-09,22961.85,23011.39,21688.0,21796.35,402894.6955,9784291.0,1650.42,1656.17,1524.4,1545.35,658011.6964,973879.0,23.21,23.35,20.0,20.48,6398790.64,196997.0,0.0001,0.0001,3.636666666666672e-06,105083.70909375,2368013383.1321845,1.5299380076052502,1.0558881062288195,1085733.0753333333,1758186134.3493736,1.369115343472607,1.031260143113889,4997614.545138889,112195676.9882463,2.0883038126128257,0.9952011604934028
2023-02-10,21797.83,21938.16,21451.0,21625.19,338591.94247,6993675.0,1545.35,1555.01,1490.0,1513.06,484654.2199,682215.0,20.48,21.2,19.68,20.11,5523024.53,144868.0,0.0001,8.942666666666668e-05,-6.744333333333333e-05,102241.40443402778,2225272167.736054,1.5972678587560523,1.0940243408270833,1027550.6996805556,1578538935.4795587,1.612198660071162,1.0505702962725694,4568684.711805556,94678283.70612209,2.0658692594428394,1.0248043609166666
2023-02-11,21625.19,21906.32,21599.78,21862.55,177021.58433,4207940.0,1513.05,1543.0,1505.0,1538.51,289691.5708,440506.0,20.1,20.92,20.1,20.81,1859852.98,58024.0,6.165666666666668e-05,2.4413333333333332e-05,-0.00019215,103615.44028819444,2247488417.4927263,1.6348635892686392,1.1760082095725695,1033003.2451597223,1570189765.7750282,1.6417865535922338,1.1617466240614585,4779288.822916667,97431254.49350555,2.2953024169035725,1.0784954151489583
2023-02-12,21862.02,22090.0,21630.0,21783.54,204435.65163,4561903.0,1538.5,1548.02,1493.08,1514.83,286758.374,490609.0,20.81,22.59,20.62,21.49,4625241.81,137528.0,5.8710000000000005e-05,5.5576666666666666e-05,-0.0003809733333333333,101043.81696875,2207885948.6757846,1.761673229403631,1.2010829803850696,999147.6038090278,1530285967.8449373,1.6955754659244562,1.113940780632639,5006168.1875,105971823.04499385,2.3171046082650344,1.0973386088805557
2023-02-13,21782.37,21894.99,21351.07,21773.97,295730.76791,6503611.0,1514.82,1526.1,1461.93,1505.24,643152.3904,788402.0,21.49,21.61,19.73,20.77,6685330.04,177677.0,6.132333333333333e-05,6.183000000000001e-05,-0.00011018333333333333,101451.36779166666,2198437765.7867026,1.7007070141759366,1.0894951753614583,1032159.9112638889,1543663076.2014303,1.6847282109877153,1.0624477361427083,4943745.53125,101959717.67781697,2.208638559373863,1.043360406245139
2023-02-14,21774.63,22319.08,21532.77,22199.84,361958.40109,7695927.0,1505.25,1569.0,1482.66,1555.71,668964.3768,861338.0,20.77,22.37,20.66,21.84,7639521.83,208822.0,9.629e-05,3.087333333333333e-05,-0.00013946,101240.53027083333,2216349908.493886,1.5748993400794928,1.1348360191881945,1013824.2578298611,1541935901.6699553,1.4708465200220908,1.0784146736003473,4983470.725694444,106331284.02428041,1.9782568879473463,1.0233369342309027
2023-02-15,22199.84,24380.0,22047.28,24324.05,375669.16111,8335550.0,1555.7,1680.0,1542.55,1674.92,581207.8586,852734.0,21.84,23.99,21.45,23.86,5587903.97,175989.0,4.692666666666667e-05,3.811666666666667e-05,3.6769999999999995e-05,106040.52842013889,2406987313.1399508,1.219375929322665,1.149836946146875,962409.3698159723,1519599810.635108,1.1697748136093455,1.1576304861475695,4978563.40625,110664494.90174614,1.756381810703225,1.0675892756576388
2023-02-16,24322.87,25250.0,23505.25,23517.72,450080.68366,11006793.0,1674.92,1742.97,1633.72,1637.84,832723.6731,1220762.0,23.86,24.2,22.2,22.24,6832612.63,212460.0,0.00014390333333333331,0.00011367,0.0001,110778.14983333333,2727920702.303249,0.8590483589905815,1.0530132351368056,931473.2899236111,1574609917.5822823,0.8941802047876417,1.0622347806159722,4783099.704861111,112771080.38213688,1.7144426153473598,1.0154735851034724
2023-02-17,23517.72,25021.11,23339.37,24569.97,496813.21376,10895009.0,1637.83,1722.0,1630.51,1693.87,579934.663,940022.0,22.24,23.54,21.99,23.14,4539817.75,134439.0,0.0001,0.0001,0.0001,105519.07165277778,2535073401.426086,1.0373677076943464,1.063257560322222,904538.3405034723,1513066291.8763423,0.9967771306767198,1.0482844811503473,4449866.524305556,101439811.2446781,2.055123288096534,1.0428757925944445
2023-02-18,24568.24,24877.0,24430.0,24631.95,216917.25213,6296097.0,1693.81,1713.13,1679.77,1691.62,267305.7813,457982.0,23.14,23.94,22.92,23.45,2647511.0,96781.0,0.0001,0.0001,0.0001,109625.6701111111,2698551084.8560424,0.8910651972867593,1.0841234105614583,959006.0353784723,1624598203.3614323,0.907376524233181,1.1319464369829861,4584256.430555556,107162689.81641509,1.961671120722736,1.0971606803291667
2023-02-19,24632.05,25192.0,24192.57,24271.76,300395.99542,7660484.0,1691.62,1726.59,1666.14,1679.75,401023.0477,634114.0,23.46,25.64,23.2,24.84,8316165.25,292475.0,0.0001,0.0001,0.00011548333333333333,110472.94456250001,2722465918.0120487,0.9396192229898624,1.0594051479868056,967826.2955868056,1639800163.9461122,0.9595001810166237,1.143506813338889,5079977.795138889,122337485.41073449,1.857472587467308,1.0322354016319446
2023-02-20,24272.51,25121.23,23840.83,24842.2,346938.56997,9808728.0,1679.74,1719.89,1650.56,1703.27,451314.8335,752116.0,24.83,27.12,24.11,26.26,10266239.07,386554.0,0.0001,0.0001,0.00016356666666666664,109462.61399652778,2700074447.3154716,0.9781799864839427,1.066467112754861,982791.5791041667,1667756173.309801,0.985832650200808,1.0938369050524306,6405310.076388889,167313898.16163003,1.4434818681418988,1.0071594134704862
2023-02-21,24843.89,25250.0,24148.34,24452.16,376000.82868,10712371.0,1703.27,1716.66,1636.3,1659.76,520354.4688,837901.0,26.26,26.61,24.5,24.98,6724448.02,231848.0,0.0001,0.0001,0.00012001333333333334,111986.53547569444,2765844009.539652,1.0942041838587242,1.0417873712111112,1000630.6318645834,1682832921.209136,1.2198827278801123,1.063398862515625,6113779.295138889,155808503.8893562,1.8711820656325489,1.0367574764479166
2023-02-22,24450.67,24476.05,23574.69,24182.21,379425.75365,11395957.0,1659.77,1666.95,1595.07,1643.14,528875.4809,887617.0,24.98,25.24,23.21,24.16,7174305.66,232326.0,0.0001,0.0001,0.0001,109103.7743888889,2619881966.386756,1.5482945429091564,1.02491281005625,982463.3442430557,1604889108.640342,1.559999353698408,1.0588989580052084,5598434.548611111,133831939.90016359,2.423877066803653,1.0174054385902778
2023-02-23,24182.21,24599.59,23608.0,23940.2,398400.45437,11396877.0,1643.15,1679.0,1628.75,1650.53,501305.9717,849095.0,24.16,24.69,23.6,23.91,4390966.09,161088.0,5.7123333333333336e-05,7.091666666666666e-05,0.0001,105295.14598263889,2539395228.827803,1.6231433539169795,1.0518535836190972,937601.835013889,1551862834.1840436,1.5157253432520017,1.0708934885895833,5140022.840277778,124116848.05026759,2.6172251501733954,1.0342227244638889
2023-02-24,23940.2,24132.35,22841.19,23185.29,343582.57453,11531424.0,1650.52,1664.66,1575.64,1607.8,512515.4982,829249.0,23.91,24.13,22.46,23.07,4868888.31,172515.0,5.1223333333333335e-05,6.199333333333335e-05,0.0001,105638.84755555556,2494704701.8506527,1.8717839724123975,1.0582888098333332,965468.9053472222,1574041523.5475667,1.6682562824610863,1.0508071847350695,5025153.614583333,118131163.64328611,2.5742347370382785,1.0192832079395833
2023-02-25,23184.04,23219.13,22722.0,23157.07,191311.8101,9124568.0,1607.8,1608.98,1557.33,1594.58,290188.0391,532834.0,23.07,23.33,21.41,22.37,4541250.05,144363.0,5.816666666666667e-06,7.686666666666666e-05,5.593666666666667e-05,109137.61917708332,2514147011.3372626,2.0886636570649757,1.0886718598670138,992548.7592187499,1583668569.488507,1.7909452286945315,1.0683658354031251,4805140.131944444,108562684.80315842,2.445738723885964,1.057699382897222
2023-02-26,23157.07,23689.99,23059.18,23554.85,202323.73623,9506015.0,1594.58,1651.26,1587.76,1641.36,308607.9941,544008.0,22.37,23.53,22.21,23.25,2817875.05,99292.0,5.571e-05,2.3493333333333334e-05,-4.626666666666667e-05,109031.54053472221,2534868731.401562,2.0103838492157693,1.1693661625527776,977899.0938472222,1572292493.475642,1.7576106295156508,1.1830825858673613,4698269.604166667,107154646.55817008,2.256502628496673,1.0615419635333334
2023-02-27,23554.85,23897.99,23106.77,23492.09,283706.0859,11754195.0,1641.37,1665.22,1608.0,1633.45,431861.4129,679771.0,23.25,23.41,22.32,22.68,3670697.58,121972.0,5.388666666666667e-05,8.219333333333332e-05,8.054666666666667e-05,104714.44856944444,2454542092.113063,1.7764140194654092,1.115012833713889,973838.6367673611,1593576094.251795,1.4141465203571457,1.0911281585861112,4760518.805555556,108768651.51833537,2.2420175676239933,1.0507924034913194
2023-02-28,23492.09,23600.0,23020.97,23141.57,264140.99894,9568743.0,1633.45,1647.52,1596.66,1605.23,393523.1647,626287.0,22.68,22.75,21.75,21.89,2291715.21,96075.0,3.783e-05,5.248666666666667e-05,8.036333333333334e-05,101856.09222916666,2379821451.767731,1.7266921801275497,1.0285305785253473,971745.1248472221,1582104494.4217799,1.507857480644238,1.04709706685625,4764713.357638889,106424223.14565961,2.415772833983357,1.0046781486006944
2023-03-01,23141.57,24000.0,23020.03,23628.97,315287.41737,9390487.0,1605.24,1669.72,1595.0,1665.22,474456.8235,725546.0,21.88,22.91,21.65,22.51,2445602.61,102268.0,6.728333333333333e-05,6.780666666666666e-05,8.625666666666668e-05,105918.82265972222,2498367524.9619246,1.4819963305568686,1.0922883901961804,1002290.3536944445,1649766189.3142295,1.2796301905727772,1.144982446688889,4834855.385416667,108505626.48014466,2.4096716163284935,1.0667348956600695
2023-03-02,23629.76,23796.93,23195.9,23465.32,239315.45219,7435815.0,1665.23,1677.86,1619.18,1647.86,423023.8082,644400.0,22.5,22.65,21.67,22.0,2231193.36,91461.0,8.570000000000001e-05,9.248666666666666e-05,3.966333333333334e-05,107441.47744444445,2516114585.7308826,1.846147802921289,1.0663975251524307,1028215.7622534721,1688010036.1561432,1.412937729055103,1.0332980461541665,4944584.364583333,108794143.9154094,2.7123213666110804,1.0159505964291666
2023-03-03,23465.32,23476.95,21971.13,22354.34,319954.19785,8214639.0,1647.86,1649.25,1544.39,1569.45,742816.5976,1008133.0,22.0,22.02,20.34,21.42,3635280.89,140659.0,1.857e-05,1.778e-05,4.806333333333333e-05,102649.67900694445,2300409441.530085,2.2221409878570806,0.9944528306215277,988701.4985243055,1553305391.754085,1.9110570275574992,1.0476869596618057,4720218.777777778,100035370.67265044,2.479273821001825,1.0212804639815973
2023-03-04,22354.34,22410.0,22157.08,22346.57,121257.38132,4169260.0,1569.45,1577.53,1549.12,1566.73,237640.2606,442158.0,21.42,21.62,20.2,20.98,1754082.61,76327.0,2.148666666666667e-05,3.579333333333333e-05,6.864000000000001e-05,99851.94235069444,2228703409.651347,2.084747760796763,1.1448018209947917,955322.5655069444,1496208489.6187837,1.756550701378202,1.0662566710715278,4667964.496527778,98364781.11539154,2.2660775294374202,1.047776062730903
2023-03-05,22346.57,22662.09,22189.22,22430.24,154841.75786,4835978.0,1566.74,1588.77,1553.05,1564.58,299240.7415,505034.0,20.98,21.72,20.84,20.97,1733301.96,87774.0,2.0413333333333333e-05,4.589333333333333e-05,0.0001,99483.46158333334,2229427274.768414,2.084170892361184,1.1398857569569445,944186.4399583334,1481274929.3737767,1.7890246856058205,1.1524351807434028,4791409.548611111,101697771.47357416,2.255342764717375,1.0699755363517363
2023-03-06,22430.24,22602.19,22258.0,22410.0,203751.82957,6471278.0,1564.57,1583.49,1554.44,1565.84,307709.3011,495130.0,20.98,21.19,20.47,20.63,2216419.88,81761.0,4.9760000000000005e-05,5.103e-05,3.8060000000000005e-05,102537.80845486111,2297624812.4090595,2.0021703116937957,1.0723953914288193,932914.1174270833,1460472480.4194365,1.7974542493611392,1.0914867484256945,4918025.0,102241963.9199598,2.3536974123120227,1.0756462224802084
2023-03-07,22409.41,22557.91,21927.0,22197.96,292519.80912,7813394.0,1565.84,1584.49,1536.14,1561.96,437947.9032,601157.0,20.62,20.95,19.71,20.25,3104831.99,121953.0,2.7263333333333334e-05,4.623333333333334e-05,-9.742666666666667e-05,103834.59899652778,2317631545.3877125,1.98140519795967,1.1307413324006945,939048.5098333334,1468023899.8316488,1.6943144740142215,1.117769589436111,5113588.520833333,104555201.0797467,2.687275181923322,1.0302554314694445
2023-03-08,22198.56,22287.0,21580.0,21705.44,301460.57272,8018963.0,1561.95,1570.89,1523.61,1532.38,460101.7658,647197.0,20.25,20.39,18.1,18.41,5826803.53,170148.0,5.577666666666667e-05,7.886333333333334e-05,-0.00012279666666666666,107021.65696527778,2359289678.6180596,2.040109157428825,1.0585815088100694,966117.0654270833,1502572541.486963,1.641789027151809,1.1025186390746529,5391379.746527778,103910219.34888786,2.19188663019324,1.030021418345486
2023-03-09,21704.37,21834.99,20042.72,20362.22,443658.28584,10076702.0,1532.38,1546.45,1408.0,1437.32,718485.1364,914935.0,18.41,18.78,16.69,17.33,7832548.96,200872.0,0.0001,6.775333333333333e-05,-3.349666666666667e-05,108693.78211458334,2328830460.2807293,2.2453291025131095,1.0741904797725694,995762.1990763888,1512198909.7678435,1.800103421753137,1.0727297966090277,5434155.163194444,98976621.65090051,1.9061907150121185,1.0321176243944443
2023-03-10,20362.21,20367.78,19549.09,20150.69,618456.4671,12106261.0,1437.32,1439.43,1368.39,1426.44,960262.4509,1155209.0,17.34,18.36,16.0,18.17,9520202.65,260217.0,-3.338666666666666e-05,-2.9716666666666666e-05,-9.812e-05,97314.60525347223,1941946720.5710363,1.938259285935076,1.0458232528972222,879500.2947708333,1241518781.3540092,1.7683933749983591,1.0191637516829861,5051477.090277778,87018168.2413617,1.7913305727067967,1.053137265979514
2023-03-11,20150.69,20686.51,19765.03,20455.73,427831.82133,10412300.0,1426.43,1478.07,1408.4,1471.97,1374859.6201,1467256.0,18.17,18.89,16.94,18.07,6593106.41,228203.0,-7.576666666666667e-06,5.690000000000001e-06,-0.0003048733333333333,92482.12803125,1869230889.7778482,1.8679015884498256,1.09834699268125,828485.718,1196690827.7120342,1.4831884604996914,1.0623916580878472,5076612.013888889,90146984.47087206,1.869591974303174,1.049179393676389
2023-03-12,20455.73,22150.0,20270.6,21997.11,430944.94288,9721933.0,1471.93,1594.19,1448.3,1580.33,1002355.0929,1253899.0,18.07,20.53,17.71,20.2,6555846.63,244816.0,1.798666666666667e-05,1.1060000000000004e-05,-8.704e-05,93401.78387500001,1922670742.4732862,1.4841347411897972,1.1277998380086804,819488.2698854166,1213594277.0693812,1.149526546040095,1.0840710923170138,5179104.149305556,94304552.27427989,1.6814034218048943,1.0643916182569444
2023-03-13,21998.05,24500.0,21813.88,24113.48,687889.31259,14820760.0,1580.33,1693.49,1565.0,1673.45,1228063.6053,1671283.0,20.19,21.47,18.87,20.4,10652102.31,364952.0,8.670333333333335e-05,0.0001,0.0001,93824.51762500001,2159269400.292937,1.0854357832638888,1.0639742797222222,796652.3543402778,1292429354.3121214,0.9592489892013888,1.064833298125,4483519.753472222,89347072.45693764,1.943926757638889,1.0443605341319444
2023-03-14,24112.27,26386.87,23976.42,24670.41,699360.93423,15223589.0,1673.44,1780.02,1655.24,1699.4,1283321.2355,1750035.0,20.4,22.12,19.75,20.86,9812864.39,381197.0,0.00018284333333333332,0.0001,0.0001,103509.00180902779,2568543032.0150943,0.9206233945257432,1.0430437211378472,797099.4980659722,1354906542.6749408,0.8813529169484231,1.0210418284659724,4440911.701388889,92058718.6206885,2.1838204386916065,1.0125335903208332
2023-03-15,24670.41,25196.97,23896.95,24285.66,581450.72984,12613034.0,1699.41,1716.9,1611.0,1649.96,963142.4833,1388384.0,20.86,21.46,18.7,19.24,7661168.72,297554.0,0.00018751,0.00020031333333333333,0.00012688,98000.44497916667,2411776641.8424277,1.030862689634236,1.0262519353034723,775523.68678125,1298098728.186112,1.063831390487642,1.025465032761111,4561652.524305556,92288625.51658477,2.4205912740305693,1.0243562160416666
2023-03-16,24285.66,25167.4,24123.0,24998.78,439421.32998,10418081.0,1649.95,1691.42,1632.18,1673.73,627985.6119,1004406.0,19.25,19.9,18.88,19.67,4381882.68,175444.0,0.0001,0.0001,-5.8859999999999995e-05,100675.55199305556,2481952702.470303,1.0373429637554583,1.0270657461114583,780618.5119895834,1292451781.4492254,1.1588190243643826,1.0497254721559028,4574118.972222222,88899317.45944244,2.371343295357807,1.0266876028145833
2023-03-17,24998.78,27756.84,24890.0,27395.13,624460.68091,13113359.0,1673.73,1800.0,1662.65,1789.27,907528.2825,1293055.0,19.67,21.69,19.42,21.6,5853746.15,226642.0,7.770333333333335e-05,7.301666666666668e-05,-3.0266666666666666e-05,112030.55693402777,2945716206.127418,0.8083224329907008,1.0773640141197918,800313.0835381944,1378924171.5472112,0.9696833569175879,1.0850138566375,4634410.170138889,93661326.0902645,2.371299937016175,1.046590410309722
2023-03-18,27395.13,27724.85,26578.0,26907.49,371238.97174,9948603.0,1789.26,1841.0,1747.47,1758.84,711614.731,1115890.0,21.6,22.94,21.05,21.2,7417972.25,318142.0,0.0001,0.0001,0.00015860333333333332,105956.25171180555,2895040246.939287,0.7797787551930815,1.0160939243527778,812381.1382604167,1463158340.3352747,0.8612706463847624,1.0241752895805556,4391548.114583333,97148641.09367737,2.0485609144437995,0.9948367914895834
2023-03-19,26907.49,28390.1,26827.22,27972.87,372066.99054,9578297.0,1758.84,1841.36,1757.92,1780.68,541131.8908,919093.0,21.2,22.43,21.19,21.86,4290990.03,176495.0,0.0001,0.0001,0.0001,108764.820875,2982687060.2549443,0.7714834592021517,1.039942096682986,828874.7176875001,1482392878.0750425,0.8875852825347725,1.0510041491322917,4200439.857638889,91558390.6235765,2.103777829846664,1.0195124357690972
2023-03-20,27972.87,28472.0,27124.47,27717.01,477378.23373,11775950.0,1780.67,1803.05,1722.0,1732.78,682848.1248,1083767.0,21.86,23.91,21.35,22.13,10056429.13,444627.0,9.693666666666668e-05,9.398e-05,0.0001,112538.56430902779,3133349662.559847,0.7707995813651598,1.021897773315625,791988.5051562501,1397217937.885283,1.0316638463077623,1.034814406876389,4596595.510416667,104370870.6189954,1.8561441147414774,1.0189209523434029
2023-03-21,27717.01,28438.55,27303.1,28105.47,420929.7422,11530870.0,1732.77,1835.0,1717.01,1801.23,742348.4999,1166036.0,22.13,23.33,21.51,22.53,6547867.38,264477.0,3.221333333333334e-05,6.902333333333334e-05,0.0001,111722.15496875001,3118736159.0549927,0.7521133357635681,1.022541831584375,816199.3730034722,1446097853.9741633,0.9965951082827027,1.075344383117361,4641732.125,104134178.11497033,2.0163708050912414,1.014379505671875
2023-03-22,28107.81,28868.05,26601.8,27250.97,224113.41296,3589327.0,1801.23,1819.98,1710.12,1734.33,891287.6009,1286030.0,22.52,23.09,20.93,21.42,8602292.98,332692.0,1.8693333333333333e-05,3.984333333333333e-05,8.703e-05,109307.37948611111,3063006259.966463,0.7373033331335789,1.02594136938125,818894.7458229166,1458704063.723836,1.0232175107709451,0.9753382246479165,4381442.364583333,97422035.26164147,2.257141520439119,1.0075015730291668
2023-03-23,27250.97,28750.0,27105.0,28295.41,128649.60818,2159091.0,1734.34,1857.16,1729.35,1813.79,732061.103,1074713.0,21.41,22.95,21.08,22.16,5049411.36,185723.0,3.052666666666667e-05,5.994333333333334e-05,9.800000000000003e-06,105610.06790277778,2930759151.0774474,0.7711060487178805,1.0811964206722222,823164.5113541667,1459875342.3606524,1.0180923837569396,1.0801832278871528,4030606.951388889,87701585.24506074,2.1746669124244113,1.0691978899628471
2023-03-24,28295.42,28374.3,27000.0,27454.47,86242.06544,1511137.0,1813.78,1818.99,1726.4,1749.57,564770.1417,855600.0,22.16,22.27,20.26,20.66,4995998.21,182757.0,0.0001,0.0001,0.0001,104642.44410416666,2924596195.7752852,0.7986755731744793,1.022940356920139,813421.7304166666,1448611086.5712557,1.0186268227511588,1.0253826307381944,4271397.864583333,91503572.31976944,2.475585226372086,1.0069470879895832
2023-03-25,27454.46,27787.33,27156.09,27462.95,50844.08102,1088721.0,1749.57,1763.23,1713.09,1741.88,355679.3743,620651.0,20.66,20.98,20.09,20.41,2338133.56,98857.0,1.3566666666666667e-06,8.856666666666666e-06,-5.6586666666666665e-05,98868.78721875,2716353507.284482,0.9269337727514642,1.0744133298576388,773495.7787118056,1350199954.0596669,1.263796491145646,1.080002975325347,4290801.027777778,88393462.79664198,2.626570418803859,1.018962343984375
2023-03-26,27462.96,28194.4,27417.76,27968.05,49671.70353,1068196.0,1741.88,1801.0,1739.31,1773.88,354933.2372,592618.0,20.4,21.14,20.29,20.94,1848599.09,73413.0,1.2300000000000024e-06,2.0696666666666664e-05,-5.6143333333333335e-05,100747.71827777778,2791558326.04572,0.8910219391968128,1.0652196232868054,746508.7601979167,1315388322.0846968,1.1561379570216839,1.1381981448743055,4231021.902777778,87959939.10010348,2.4497060509729365,1.0774354117427083
2023-03-27,27968.05,28023.86,26508.14,27124.91,88039.46898,1575264.0,1773.88,1780.48,1686.13,1715.22,570563.5023,810253.0,20.94,20.99,19.33,19.91,3556384.38,131411.0,1.6393333333333334e-05,3.596666666666667e-06,5.3003333333333335e-05,101916.39895486111,2806670494.059066,0.9540519182919558,1.043460747686111,749213.1238993056,1304718075.230877,1.2288742826862773,1.07997611330625,4292433.680555556,87051954.64088973,2.607266216089332,1.008280398353125
2023-03-28,27124.9,27520.0,26631.78,27261.07,78602.44341,1521981.0,1715.21,1795.73,1701.13,1772.99,536511.3973,766887.0,19.91,20.88,19.6,20.45,3316462.41,122189.0,2.4086666666666664e-05,2.8576666666666664e-05,-3.740666666666667e-05,101020.62922222221,2729067168.182219,1.0456348444836474,1.0299298658267362,760654.8394097222,1320986410.0279229,1.135928662825651,1.1165136499197916,4308489.982638889,86396220.46487097,2.4433012462988017,1.0520787348736111
2023-03-29,27261.06,28650.0,27240.1,28348.6,89486.16008,1704217.0,1773.0,1827.99,1772.48,1793.07,536865.5972,810500.0,20.45,21.56,20.43,21.1,3377523.28,123019.0,7.724333333333334e-05,9.194666666666667e-05,7.2433333333333365e-06,106515.82214583334,2991453218.5227394,0.7873142228408452,1.0451990292965276,826788.0510902777,1487040857.2522404,0.8229686175265133,1.0760567263416667,4276839.663194444,90025952.83386946,2.2121490708123708,1.036774354398264
2023-03-30,28348.6,29184.68,27686.0,28028.53,98865.43256,1843652.0,1793.06,1829.69,1763.0,1793.61,579690.0394,876484.0,21.1,21.67,20.16,20.55,4349577.78,149633.0,4.5826666666666666e-05,3.689e-05,1.9590000000000004e-05,106240.97026041667,3014445323.10527,0.7811639107403541,1.0314481824409722,778017.1680520833,1394757943.7639675,0.9107548949002489,1.0301881165517361,4379098.958333333,90722312.69015688,2.56339365809292,1.006476002539236
2023-03-31,28028.53,28656.69,27511.71,28465.36,78198.12139,1537349.0,1793.6,1847.28,1777.91,1821.52,554525.4762,902956.0,20.55,21.49,20.04,21.16,3228391.27,115061.0,4.5486666666666666e-05,8.061666666666667e-05,-5.796666666666667e-05,103553.87747222223,2919824643.535084,0.8873695497602924,1.0489660125083333,847995.3410208332,1536046580.0274642,0.8125333781939075,1.0923965015069443,4334644.579861111,89446314.61874439,2.617362778334215,1.054507803015625
2023-04-01,28465.36,28819.71,28220.27,28452.73,30238.44753,822781.0,1821.52,1842.83,1807.81,1820.79,272904.9674,579259.0,21.15,21.34,20.74,21.08,1824463.55,79306.0,9.613333333333334e-05,8.768666666666667e-05,0.0001,107178.81765277778,3048209109.11419,0.7202391399493736,1.0855797522625,901936.5360729167,1643416879.3747826,0.740463601128571,1.1141642434465278,4173148.517361111,87771351.56880097,2.167345925632557,1.0475827679395833
2023-04-02,28452.74,28530.0,27856.43,28171.87,37365.65692,938464.0,1820.8,1824.81,1771.7,1794.51,322122.9385,637705.0,21.07,21.3,20.23,20.52,1822345.58,81028.0,5.311333333333333e-05,4.1693333333333336e-05,6.870333333333334e-05,106329.11975694443,3005730403.179644,0.8051173822511222,1.063845839686111,884384.31609375,1598591598.9588158,0.8622876430148468,1.0424774419479168,4229092.395833333,88014204.03396684,2.3871017173470603,1.01893735
2023-04-03,28171.87,28500.99,27200.24,27800.0,79180.01405,1651062.0,1794.51,1839.99,1762.77,1810.51,628503.6619,1098681.0,20.52,20.99,19.94,20.45,3984085.57,146124.0,2.0689999999999997e-05,-1.7896666666666664e-05,-1.555e-05,102203.75714236111,2859019947.072353,0.9681866634983235,1.0318368303402776,827247.7682534722,1485960471.0612566,0.9760917657704355,1.0713439749614584,4259963.486111111,86588144.01339544,2.7980871836651646,1.0089659961274304
2023-04-04,27800.0,28444.44,27662.79,28165.47,49722.55691,1102007.0,1810.51,1891.91,1802.01,1870.37,622208.6411,1087425.0,20.45,21.26,20.28,20.92,2514863.89,95627.0,-2.8806666666666666e-05,6.532666666666667e-05,6.766e-05,96983.65697222222,2721325667.349853,0.9719596005476634,1.0675683019559028,918950.8943402778,1694998387.4174192,0.731986476316338,1.10162373543125,4137401.5729166665,85779656.53002916,2.610235764582574,1.051161159613889
2023-04-05,28165.47,28775.0,27805.1,28170.01,60737.64732,1262730.0,1870.38,1942.98,1864.58,1908.69,548595.5155,1077031.0,20.91,21.34,20.58,20.97,2603072.26,101797.0,5.514e-05,8.951e-05,0.0001,98907.50426041667,2803326120.0289364,0.865701148618767,1.0590262393979168,1007058.4014236112,1920037135.632553,0.6671072793756343,1.07133835795,4316075.770833333,90709811.05739886,2.5271570567604917,1.0339737117243055
2023-04-06,28170.01,28182.05,27711.0,28033.82,40118.94963,934548.0,1908.68,1909.91,1853.7,1872.41,396241.4352,916688.0,20.96,20.99,20.43,20.62,1674280.5,68618.0,6.883333333333332e-06,3.826333333333333e-05,6.346666666666667e-05,99309.1123298611,2780102732.9121156,1.1375213178270516,1.0410558268600694,923537.8886840278,1734855571.2431116,0.9241681775989622,1.0546624597361112,4391363.489583333,90871884.50330825,2.8987379881995357,1.0157408057725694
2023-04-07,28033.83,28100.0,27766.94,27906.33,24762.09387,655634.0,1872.41,1882.61,1841.46,1863.72,284256.4873,829061.0,20.62,20.78,20.22,20.44,1220862.47,55610.0,1.953333333333334e-06,4.273e-05,-2.3200000000000005e-05,100939.13310416666,2818227899.4267216,1.2043209096770322,1.0583977356083334,867173.7514826389,1613676946.588458,1.1413642257317278,1.0864790738236112,4402851.920138889,90068225.29034938,3.112807772104797,1.0540383814739582
2023-04-08,27906.34,28154.99,27859.02,27938.38,19479.96735,624159.0,1863.73,1879.38,1847.0,1848.82,197905.5407,902787.0,20.44,20.74,19.85,20.04,1608993.48,62582.0,1.3086666666666666e-05,2.327e-05,7.612000000000001e-05,101759.54337847223,2846821666.9323325,1.1834473892747055,1.1089598393,873996.6126284723,1628489104.3540576,1.1654259034469379,1.0950323527684027,4457140.677083333,90901787.20323414,3.1666453634953546,1.039189726823611
2023-04-09,27938.38,28530.0,27800.0,28323.76,32531.16101,777589.0,1848.82,1873.99,1824.01,1858.92,287131.3079,953458.0,20.04,20.44,19.87,20.28,1051608.84,49642.0,-2.6899999999999997e-06,6.6e-06,2.8136666666666668e-05,101665.12077777779,2846274872.754271,1.1892246442213468,1.1258821842753473,864541.3462465279,1595345908.845343,1.2843590924475088,1.1378026901319445,4658985.899305556,93838953.41481024,3.3255288510237557,1.1007970923868056
2023-04-10,28323.76,29770.0,28170.0,29637.34,67754.0622,1285695.0,1858.91,1918.79,1846.4,1910.2,434739.7984,586284.0,20.29,20.95,20.08,20.89,1615129.64,68772.0,8.722333333333332e-05,1.506666666666667e-06,8.705333333333334e-05,110414.17759722221,3033343261.158523,0.7884671720529637,1.1405230237152777,830951.3875,1498727979.9768586,1.1185696588698222,1.1486048042253474,4571287.059027778,89860884.14647311,2.878156486857679,1.1037478303614583
2023-04-11,29637.35,30550.0,29590.0,30200.42,67990.07621,1340458.0,1910.21,1937.37,1881.11,1889.86,405203.4892,590527.0,20.89,23.68,20.82,22.98,8297859.99,342838.0,0.0001,6.004e-05,0.0001,115208.20417013888,3466879835.113744,0.6154151015352607,1.1031284898552083,853062.2800069444,1630110751.812149,0.8023055138147547,1.1212421601475695,5497711.135416667,124065059.83979201,1.5948430972040575,1.0518072682111113
2023-04-12,30200.43,30486.0,29637.4,29888.07,62049.48451,1246556.0,1889.86,1933.0,1852.65,1917.39,630844.4186,801456.0,22.99,24.48,22.29,23.8,10374263.08,397878.0,6.508000000000001e-05,1.9849999999999998e-05,0.0001,113733.67449652778,3410223388.4123206,0.7194832562938599,1.0544179655493056,865331.3604652778,1635340503.7629514,0.9077462524736778,1.0896014186815972,6511210.868055556,153112538.97048318,1.0165442055930671,1.032299634778125
2023-04-13,29888.07,30595.0,29854.59,30373.84,51934.11731,1054144.0,1917.4,2023.0,1899.55,2012.01,676164.5188,911569.0,23.81,25.3,23.63,24.43,6063385.78,225178.0,7.030666666666667e-05,0.0001,6.595666666666667e-05,113084.96922222222,3414458390.391485,0.7285536439179082,1.0848342985690973,1102734.3127222222,2173898453.219472,0.6287598877085133,1.1158116378354166,6827610.552083333,165961231.46533492,1.0673974286619639,1.0287107919541667
2023-04-14,30373.84,31000.0,29966.0,30466.93,75984.19452,1504180.0,2012.0,2128.76,2009.22,2099.99,896307.3934,1182309.0,24.43,25.49,23.73,24.71,6432126.81,259938.0,4.435666666666667e-05,0.0001,0.0001,105937.97571180556,3238992918.418117,0.778820887961571,1.053399567604861,1080542.3230104167,2267577752.477237,0.6664296265186758,1.0884753982840278,6173119.256944444,152848787.28629136,1.2639467196056484,1.0129694867072918
2023-04-15,30466.93,30595.6,30202.0,30295.09,25429.81247,732418.0,2099.99,2111.85,2071.13,2090.6,321823.7851,505299.0,24.72,24.8,23.81,24.05,2861426.92,106820.0,4.493333333333333e-05,0.0001,0.0001,100771.95951041667,3058790506.7425995,0.8427736051730188,1.1234692465045137,1061780.2891736112,2224556909.1939406,0.712315491735138,1.1426261659954862,5726671.788194444,138946676.34029013,1.477205243320871,1.0338215268385416
2023-04-16,30295.1,30549.99,30120.0,30304.65,26431.99322,708233.0,2090.61,2141.54,2072.72,2118.67,319880.4393,529231.0,24.05,25.49,23.81,25.34,3471417.67,145691.0,9.048e-05,0.0001,0.00015191666666666665,101214.207375,3066374110.106983,0.9096185464393298,1.1133405873937499,1052418.887625,2208787604.278803,0.7587160825349747,1.086282363051736,5719601.986111111,139710396.31613883,1.6105003803716165,1.0472279897222223
2023-04-17,30304.66,30316.06,29240.65,29430.27,56441.81127,1137294.0,2118.66,2120.51,2056.25,2074.0,426972.7071,674817.0,25.34,26.0,24.28,24.58,5631537.5,237722.0,9.125333333333334e-05,0.0001,0.00026239,99984.27656597222,2967962078.79208,1.1530725909489103,1.0586452936461805,1029831.4669791667,2148004321.326471,0.835446972640765,1.0449935823965277,5948074.038194444,149231161.842722,1.4338948942775087,0.9795436001277777
2023-04-18,29430.27,30485.0,29096.78,30380.01,62004.89434,1141562.0,2073.99,2125.0,2051.0,2103.5,414244.6135,636801.0,24.57,25.44,24.0,24.82,3477504.6,136977.0,3.648333333333333e-05,0.0001,0.0001,99445.19429166667,2976610898.791202,1.1538491047108124,1.0772745016399305,1006359.2934027778,2105782822.7745683,0.9057042776791255,1.0956299038916668,5740111.513888889,142518113.14509717,1.638377384845005,1.0408146708649306
2023-04-19,30380.01,30413.53,28520.0,28797.1,86575.48656,1699891.0,2103.51,2104.6,1923.03,1933.73,775389.0602,1116849.0,24.82,24.98,21.71,22.66,6650547.99,278574.0,5.383333333333334e-05,6.328333333333333e-05,4.808666666666667e-05,99563.03444097222,2942272359.34544,1.332367272586526,1.0363198801989584,948525.5001631944,1912924918.427476,1.2634091462779886,1.063350421332986,5228026.079861111,123615138.75425737,2.3072877395432054,1.0066710583895833
2023-04-20,28797.1,29088.3,28010.0,28243.65,76879.09372,1434642.0,1933.74,1982.99,1914.43,1942.98,625336.2495,869619.0,22.66,23.18,21.59,22.2,5486212.56,227359.0,6.048333333333333e-05,2.9066666666666664e-05,0.0001,98345.6225138889,2817719116.447977,1.6968377276480786,1.0557108177628471,893507.6317777778,1740453032.31639,1.6351801894528348,1.0453509840774307,5127591.871527778,115408040.26078178,2.9095968751812387,1.0384455876097223
2023-04-21,28243.65,28374.02,27125.0,27262.84,77684.7679,1463628.0,1942.98,1957.27,1825.0,1848.78,688876.6186,868887.0,22.19,22.41,21.0,21.25,4194496.37,147812.0,8.765666666666667e-05,8.003666666666666e-05,5.475e-05,103114.5855763889,2881305420.485841,1.8138845753645876,1.0746897458913194,879379.1670625,1675502405.7442088,1.6451673414663543,1.0534741083350694,5196480.211805556,113918518.03213371,2.9855397234087113,1.0194544321010417
2023-04-22,27262.84,27882.72,27140.35,27816.85,36023.69686,859500.0,1848.77,1887.31,1841.64,1874.16,331007.5879,451499.0,21.26,21.99,21.05,21.79,1831214.09,75308.0,6.316e-05,2.5843333333333334e-05,-1.0803333333333332e-05,105205.21301041666,2883979603.3156714,1.8888662924950046,1.1533837946739582,842358.9480381944,1567189672.3674083,1.6787887848652199,1.1374133249194445,4984888.774305556,107147562.30125946,3.1486836454225844,1.0739395506958334
2023-04-23,27816.85,27816.85,27311.25,27590.6,34812.09581,873485.0,1874.17,1882.01,1836.37,1862.0,344514.3444,463928.0,21.79,22.25,20.91,21.47,2754139.65,101756.0,2.504333333333333e-05,-3.299999999999999e-06,4.056333333333333e-05,104618.34094444446,2883617073.041649,1.864520409218677,1.103104201989236,860670.3981805556,1602788759.863511,1.7114294522078024,1.1172971752857639,4982858.725694444,108133762.97667135,3.126925903519022,1.0703064991572917
2023-04-24,27590.59,28000.0,26942.82,27510.93,53111.56874,1211080.0,1862.01,1890.0,1806.0,1841.84,447864.0517,682824.0,21.47,22.02,21.0,21.38,3120614.16,116140.0,3.667666666666667e-05,5.1303333333333334e-05,6.560000000000001e-05,103084.1339861111,2832995495.197998,1.8624555051369671,1.082212235026736,859367.1403333334,1588006787.3680205,1.7924765787626922,1.0817875220218751,4897636.239583333,105279373.79544449,3.174857851670818,1.0508374305628472
2023-04-25,27510.93,28399.99,27192.0,28300.79,52325.14637,1087067.0,1841.84,1877.86,1801.66,1866.1,457870.6047,631766.0,21.39,21.97,20.73,21.93,3314599.54,108215.0,6.737666666666667e-05,7.779e-05,-9.453333333333331e-06,102286.74196875,2814226466.3663816,1.7284960773177453,1.1034301981159722,877723.1688541666,1608079189.802533,1.7846026411604674,1.0654757476399306,5155886.444444444,108875372.41296361,3.349611387322397,1.0211405507072917
2023-04-26,28300.8,30036.0,27235.0,28415.29,129228.40403,2261942.0,1866.1,1964.72,1785.0,1866.01,897709.7298,1182620.0,21.94,22.97,20.36,21.28,6657868.13,245072.0,5.344e-05,4.597666666666667e-05,5.734666666666667e-05,101843.78119791666,2936755404.7393637,1.2551392095956935,1.0620541559,851483.0473888889,1612972096.8524969,1.4575662948891872,1.0958173891038194,5010573.572916667,110709218.2379458,2.735972028703231,1.0066274878829862
2023-04-27,28415.29,29890.0,28378.86,29472.77,95430.82431,1990148.0,1866.01,1940.96,1861.19,1908.68,727472.9466,959609.0,21.28,22.52,21.18,22.33,4703115.03,164959.0,3.850666666666667e-05,2.3516666666666665e-05,-1.635666666666667e-05,93685.46992013889,2729935601.402459,1.2094485783162283,1.0647200586347223,754596.5946979166,1433062030.8949583,1.4262087851880467,1.0667584983923613,4523382.666666667,99069094.85429072,2.6330631594238074,1.0633328734777778
2023-04-28,29472.77,29599.54,28891.0,29311.7,54298.16578,1129240.0,1908.68,1923.88,1873.94,1890.94,387630.7791,574483.0,22.34,23.5,22.16,23.34,4422324.38,181675.0,8.158666666666667e-05,8.389999999999999e-05,0.0001,101374.93778125,2971962372.6417513,1.0147757432821791,1.0562241499770832,769700.6302534722,1463225284.042582,1.3609116372567263,1.0915728929399304,4793175.979166667,108735935.37062632,1.8024346280970613,1.07048654726875
2023-04-29,29311.69,29448.88,29031.0,29230.45,20466.83058,619319.0,1890.93,1918.0,1883.05,1907.8,182046.1406,335962.0,23.34,23.89,22.9,23.19,3194699.55,126795.0,4.871333333333333e-05,5.517e-05,8.776e-05,101701.78441319444,2977287942.9315314,1.0499743794943233,1.1136680254836806,776132.7224826389,1474152778.930206,1.4480189026261,1.1433844750427082,5388607.736111111,125501400.75433217,1.3224907683532428,1.05014368271875
2023-04-30,29230.45,29969.39,29079.59,29233.21,39752.5372,949458.0,1907.79,1939.0,1866.16,1870.09,355336.4888,552933.0,23.18,23.99,22.69,22.74,3110943.4,135691.0,4.2369999999999996e-05,4.7936666666666665e-05,7.514e-05,101255.57099305555,2969358924.900029,1.0842089067542082,1.1053470089454862,783813.7319444445,1491754040.2786307,1.4227343529225602,1.0838868404180557,5338540.753472222,124588448.06610595,1.3994671865984174,1.0752926281118056
2023-05-01,29233.2,29337.34,27666.95,28068.26,64433.65958,1362793.0,1870.08,1886.49,1806.12,1830.73,445519.1779,647788.0,22.73,22.88,21.54,21.96,3758634.21,142085.0,-1.1230000000000004e-05,1.8499999999999999e-06,7.178333333333333e-05,101334.93526041666,2879459026.457014,1.457478243338035,1.076510179045139,806370.3577777777,1484366877.3685699,1.8817765628380612,1.136464767631597,5041143.420138889,111473594.57389152,2.8738333760644688,1.0384511607267362
2023-05-02,28068.26,28879.88,27872.0,28669.86,50824.5224,1174697.0,1830.73,1881.87,1822.94,1870.08,373753.2027,563768.0,21.95,22.38,21.75,22.25,2566813.09,87272.0,2.769e-05,6.872666666666666e-05,-4.833333333333338e-07,104092.77976041666,2940265246.0848937,1.5740509293864267,1.1205708172600695,830512.9246458333,1531079594.6992826,1.817371765816969,1.109951203076736,5013979.986111111,110355022.23272091,3.269108936717789,1.0350374081159723
2023-05-03,28669.85,29266.66,28113.69,29026.16,64615.79213,1502909.0,1870.09,1916.52,1842.64,1905.12,465185.2501,751579.0,22.25,22.3,21.23,22.24,4181975.28,138483.0,6.568e-05,8.690666666666667e-05,3.0186666666666667e-05,99026.09252083334,2826121659.5407186,1.3344086373606179,1.122625554828125,816809.64365625,1525229835.8606648,1.4298317179083297,1.1033507125979165,5075277.555555556,110119356.163113,3.4890201679169586,1.041618325065625
2023-05-04,29026.16,29379.83,28663.64,28838.16,42575.47501,961542.0,1905.12,1918.26,1866.71,1877.07,354528.6144,525802.0,22.24,22.49,21.61,21.74,2529635.56,95797.0,8.102000000000001e-05,9.966666666666667e-05,6.591000000000001e-05,100959.34119097222,2924996598.8606825,1.1247851222515828,1.0924737367211805,820664.2861909722,1552461474.2254102,1.2122959678287666,1.126699946909375,5157298.121527778,113616806.12118219,2.848997509977188,1.0258275106878472
2023-05-05,28838.16,29677.0,28800.0,29505.61,58415.83048,1288027.0,1877.07,1998.36,1875.65,1993.3,546608.875,803612.0,21.74,23.07,21.56,22.82,3636404.07,132976.0,7.396e-05,6.411666666666666e-05,7.741e-05,102568.31258680555,3000457410.59556,1.0246051360241137,1.0679038098253473,874899.5785590278,1692531151.9277666,1.0425364278488394,1.1122017277993055,5194904.479166667,115293144.5388615,2.7998041153621482,1.0274272141222223
2023-05-06,29505.6,29820.0,28300.0,28848.2,49249.28459,1221021.0,1993.3,2019.0,1860.0,1896.33,608106.9915,868626.0,22.82,23.23,21.56,21.91,2849745.66,128400.0,0.0001,6.898000000000001e-05,7.480333333333333e-05,102084.57071527778,2970787267.9635725,1.1325603115033263,1.0564988674381945,881598.2412638889,1700310899.2320452,1.2072474777971776,1.0424803541510417,5259709.440972222,117461151.22465827,2.2735296930546545,1.030684344601389
2023-05-07,28848.19,29138.29,28395.23,28430.1,30003.41028,855425.0,1896.33,1933.33,1867.59,1870.4,413268.8357,625667.0,21.91,22.78,21.63,21.66,2954384.97,127435.0,4.804666666666667e-05,2.8333333333333335e-05,2.5923333333333336e-05,99402.27738888889,2868964722.2567043,1.3147554128740622,1.064112327484375,827230.1579722222,1576512960.131157,1.448090879728213,1.0855803051878472,5246826.947916667,116245079.4223056,2.642853298950161,1.0654424620743057
2023-05-08,28430.09,28631.01,27262.0,27668.79,68244.36179,1600637.0,1870.41,1883.97,1810.73,1847.56,625316.6168,885693.0,21.65,21.81,20.0,20.62,5254424.55,215313.0,1.6763333333333333e-05,3.43e-05,1.6176666666666667e-05,103999.40406944446,2901514638.50509,1.8639378541597484,1.050157457660764,825511.1751423611,1530542968.7931461,1.721857953731928,1.0538618831572917,5226360.868055556,110192337.59471208,3.3584078010745335,0.9949710988833333
2023-05-09,27668.8,27818.0,27353.0,27628.27,40113.31069,1003698.0,1847.55,1861.88,1830.99,1846.52,304396.186,517737.0,20.63,21.0,20.4,20.65,2375473.6,89469.0,4.109666666666666e-05,8.281666666666667e-05,-0.00010214000000000001,107614.91820833333,2968600655.462375,2.0751449157222415,1.115581113342361,836111.2837708334,1541175521.0036497,1.7790388481569674,1.0910463468197917,5110604.010416667,105417507.38657002,3.1299608901761866,1.0082621241399305
2023-05-10,27628.28,28331.42,26777.0,27598.75,71155.11355,1534579.0,1846.53,1887.47,1790.51,1840.84,639933.3855,802140.0,20.66,21.31,19.74,20.91,5057170.3,172064.0,4.109666666666666e-05,4.4829999999999996e-05,-5.023333333333334e-06,106554.78083333332,2953318214.456169,1.9966511498920536,1.082726523615625,841074.6966319444,1554664446.869858,1.7733383936847409,1.099693241467014,5027557.427083333,104659629.38648678,3.0078783334386126,1.0147593469864582
2023-05-11,27598.74,27630.14,26702.05,26968.62,47635.31365,1257000.0,1840.83,1842.02,1772.68,1794.3,522096.0725,679625.0,20.92,20.93,19.69,20.17,3721715.1,130603.0,4.5763333333333336e-05,2.4093333333333332e-05,4.281e-05,105658.71534722223,2880063146.7148952,1.9708888666575162,1.079317852170486,854799.3259166667,1549193933.373854,1.9390557607452625,1.066726347365278,4939383.972222222,100632775.27086361,3.270357623319561,1.0312429705635417
2023-05-12,26968.61,27091.12,25811.46,26795.01,67207.93494,1351633.0,1794.31,1818.63,1740.0,1807.45,565539.8309,696930.0,20.17,20.95,19.8,20.9,3076452.18,130573.0,3.453e-05,4.5566666666666665e-06,3.398666666666667e-05,111143.36553819444,2943221124.304108,2.0438056522070185,1.0763960310104168,856739.5343333334,1519811082.426041,1.928992381835832,1.084758749582986,4969913.027777778,100829559.81197344,2.8864730523661333,1.0171731207434027
2023-05-13,26795.01,27045.45,26692.03,26775.28,22814.90421,605049.0,1807.45,1817.03,1785.23,1795.11,212895.4373,342566.0,20.91,21.29,20.77,20.84,1835421.61,87138.0,3.2896666666666666e-05,2.027e-05,6.066e-05,107939.92611805555,2893442877.880049,1.8814465044539435,1.1055749584784722,836873.5353993055,1506579462.9620013,1.7304852911969455,1.107046337415625,4865259.086805556,102072556.0182728,2.052160611042711,1.0736609148347223
2023-05-14,26775.27,27200.0,26560.53,26917.62,21594.8036,629537.0,1795.12,1824.0,1789.82,1799.21,218101.0977,348092.0,20.83,21.28,20.62,20.93,1553375.08,55101.0,2.763666666666667e-05,2.9346666666666668e-05,6.979333333333333e-05,107532.83162847222,2887713533.450894,1.7682896460651116,1.1348274004194443,831835.2937326389,1498835455.7550466,1.6938669192103442,1.1057607725506946,4890480.319444444,102582319.75603811,1.9857374094376752,1.0985204319381945
2023-05-15,26917.61,27663.59,26726.0,27162.14,40430.08333,935914.0,1799.2,1846.7,1785.05,1816.2,388171.9261,503728.0,20.93,21.52,20.6,20.99,2858317.83,99861.0,8.803333333333334e-06,-1.3773333333333334e-05,5.277333333333333e-05,107890.28046874999,2946630354.314708,1.6431643356918213,1.095562756092361,825351.196482639,1505448101.480184,1.5284822773687692,1.0748025831065973,4917676.586805556,104425673.64351493,1.859731517058621,1.0876233628881944
2023-05-16,27162.15,27296.89,26852.11,27033.84,33270.45451,815642.0,1816.21,1832.64,1796.2,1824.21,311238.6786,466058.0,20.98,21.13,20.43,20.67,2722401.44,82744.0,5.875e-05,1.9013333333333333e-05,8.689e-05,107968.95573263889,2920896037.8938813,1.7124418759818667,1.083208568335764,818794.1794444445,1487498421.3122032,1.539136158270694,1.0846834908322915,4938710.930555556,102718520.33145586,2.3552149234092967,1.0382393904711806
2023-05-17,27033.85,27500.0,26544.71,27405.61,42958.97785,1016823.0,1824.21,1837.5,1783.68,1822.12,352097.9913,524718.0,20.68,21.23,20.42,21.06,2614414.01,95994.0,6.627333333333333e-05,3.738e-05,7.582e-05,110166.91728819445,2973783598.653082,1.7832539010119919,1.1077877343625,829656.563107639,1503898115.5822172,1.5911592481447743,1.1311073554982638,5120624.572916667,106402197.06643946,2.776707854018716,1.0474793585569444
2023-05-18,27405.62,27485.33,26361.2,26821.28,49198.65143,1057318.0,1822.12,1831.92,1771.12,1800.56,293755.311,480171.0,21.06,21.09,20.07,20.34,2624370.52,85048.0,9.447333333333334e-05,6.523333333333332e-05,7.65e-05,106697.64871875,2896044051.1775613,1.6394218805708405,1.0758697256836804,815272.6649965277,1479026822.6873426,1.577020077768533,1.0859166705284722,5262498.111111111,108843213.09875745,2.9757450464561623,0.9972243386350694
2023-05-19,26821.28,27183.6,26630.0,26880.26,28754.13544,756295.0,1800.56,1829.54,1796.81,1812.32,243116.4676,390917.0,20.35,20.59,20.21,20.36,1214543.49,44184.0,3.6683333333333335e-05,5.8593333333333334e-05,9.233333333333332e-06,105259.82603125,2826702347.3149004,1.955870999271183,1.131885479732986,813287.5858784723,1470812086.5954654,1.6569009136697006,1.1115487579527779,5476810.048611111,111675963.59076992,3.6199996035680266,1.086914349867361
2023-05-20,26880.26,27150.0,26825.11,27102.43,14434.54718,481382.0,1812.31,1828.87,1807.06,1819.42,127754.4349,272744.0,20.35,20.37,20.08,20.28,856718.98,32249.0,2.3063333333333337e-05,2.8483333333333336e-05,5.0423333333333336e-05,104880.21976041667,2822913753.867674,1.9232122717612645,1.2279368440701388,797751.85365625,1446943851.0673857,1.5309921383867964,1.1735197770406252,5726233.190972222,115826672.56043148,3.7839922024314436,1.183664062795139
2023-05-21,27102.42,27277.55,26666.03,26747.78,21347.87279,568937.0,1819.42,1828.98,1797.21,1804.91,161517.8053,308391.0,20.28,20.39,19.33,19.61,1976334.78,70021.0,5.7029999999999994e-05,2.186e-05,9.826333333333334e-05,105927.69827430556,2856455976.090978,1.827085326703258,1.1111291882447916,805824.3125208333,1459892519.3780704,1.5525488836526322,1.1280244079614583,6007724.871527778,120673510.0596713,3.7041233591314113,1.0881925076923613
2023-05-22,26747.78,27099.89,26538.21,26849.27,26458.83828,717111.0,1804.91,1828.27,1792.01,1817.35,237498.9423,411867.0,19.61,20.03,19.28,19.53,2054927.32,62601.0,2.6663333333333333e-05,5.649666666666667e-05,6.936333333333334e-05,107040.8855798611,2868844463.464997,1.9975117996741483,1.1359961805795138,835137.2027256944,1513079056.7410464,1.5714127248960286,1.120726535817361,6303550.604166667,124013890.59751129,3.4392178173580144,1.0835185185822918
2023-05-23,26849.28,27495.83,26798.11,27219.61,38700.83858,816399.0,1817.36,1872.5,1815.24,1854.05,396869.6097,548587.0,19.52,20.18,19.42,20.02,2466255.33,69834.0,0.0001,6.723e-05,9.999e-05,105042.29555555555,2859869625.7362537,1.432439796476756,1.1312627257569445,895561.8246631944,1656981400.1559138,1.1739028726899274,1.1588688931291666,6270564.086805556,124841044.20401798,3.39762416688043,1.0595918690138888
2023-05-24,27219.61,27219.61,26080.5,26329.01,54393.0657,1012767.0,1854.06,1854.09,1777.6,1799.89,420846.1445,554307.0,20.02,20.07,18.66,19.22,2780601.57,95272.0,5.476333333333333e-05,5.0003333333333336e-05,8.745e-05,111661.36409375,2970353757.048965,2.27606076931745,1.0449621247288194,845886.9892673611,1533028905.324899,1.7113662165398733,1.084035898600347,6396609.694444444,124114736.50321852,3.6852900425049335,0.9836510619934029
2023-05-25,26329.0,26631.98,25871.89,26473.79,37435.44895,753125.0,1799.89,1818.81,1761.41,1805.6,350633.0089,482899.0,19.22,19.58,18.77,19.25,1692742.89,74514.0,8.606666666666667e-05,2.7340000000000003e-05,7.184333333333334e-05,114443.79245138889,3008869808.1773667,2.354526147546626,1.1238680401329861,836076.3387395834,1498887493.6035995,1.9408629521358955,1.1348177985878474,6267234.381944444,120906204.09478535,3.4224252114597298,1.1158877542128471
2023-05-26,26473.8,26932.16,26327.24,26705.92,35061.18713,655755.0,1805.61,1838.2,1796.99,1827.79,275690.6854,375854.0,19.25,19.56,19.08,19.35,1034272.52,40268.0,8.178666666666667e-05,6.789333333333333e-05,0.0001,109389.28212847222,2905202959.368822,1.902053575725662,1.1073858760913196,848459.2307986111,1542273023.2948096,1.4674618421009566,1.1466946074232638,6372613.736111111,123158919.3264673,3.3709538141079207,1.052289293064236
2023-05-27,26705.93,26895.0,26551.0,26854.27,15095.6867,415694.0,1827.8,1836.12,1812.18,1829.89,138824.9406,276383.0,19.35,20.54,19.33,20.43,1565995.03,68435.0,7.690666666666667e-05,2.5866666666666667e-05,0.0001,107610.9383888889,2874344020.944742,1.6615503768477597,1.2806733972104167,843006.6122118055,1540100012.9222946,1.2315841364637974,1.2532562141722223,6242596.628472222,122352120.76812607,2.9912470766676886,1.178376922507986
2023-05-28,26854.28,28261.32,26764.36,28065.0,43916.00855,843861.0,1829.89,1918.65,1823.6,1908.64,378392.4371,549727.0,20.42,21.19,20.29,20.81,2874459.57,112931.0,9.96e-05,4.250000000000001e-06,0.0001,111108.46772222222,3033672098.104448,1.3277834971580607,1.1362181607184028,838249.8528854167,1551095344.4359643,1.1362456336139077,1.1251823848739582,6222498.416666667,128086130.11413902,1.6926135887998721,1.0393009123583332
2023-05-29,28065.01,28447.14,27524.6,27736.4,42385.41945,805579.0,1908.64,1927.62,1873.65,1892.6,313593.4942,445895.0,20.81,20.98,20.26,20.57,2222352.38,92379.0,0.0001,0.0001,0.0001,111335.61438888888,3101863173.0114303,1.1533594982596902,1.1046137651333334,856243.9621666666,1625876656.2638426,0.9507211048544991,1.105504800338889,5875937.673611111,121395694.92543446,1.6770571997822488,1.0748004122961805
2023-05-30,27736.39,28038.59,27554.0,27694.4,32686.75371,745633.0,1892.6,1917.0,1881.19,1900.59,272665.8402,422249.0,20.57,21.4,20.46,21.25,3192653.91,119873.0,6.361333333333334e-05,8.128666666666668e-05,0.0001,111496.496125,3096732018.6669683,1.398508683719272,1.0960408609899306,849553.1151388888,1616232973.0434167,1.0198686033523476,1.0975463643916668,5971352.072916667,125635716.96439801,1.5476915466625414,1.0839464000697916
2023-05-31,27694.39,27835.51,26839.01,27210.35,46588.80573,908537.0,1900.58,1907.13,1846.95,1873.63,319255.5681,451133.0,21.25,21.33,20.37,20.81,2050625.96,78634.0,5.024333333333334e-05,4.453e-05,0.0001,112347.17332638889,3055634737.908018,1.9155950339322168,1.100827356178125,846437.5123645833,1584461104.8926096,1.2776252965847237,1.0930172015097221,5858381.475694444,121600198.31779265,1.6348835975727878,1.0360641121479166
2023-06-01,27210.36,27350.0,26605.05,26817.93,39217.8088,814389.0,1873.63,1889.2,1840.0,1861.78,270496.6097,422899.0,20.82,20.98,20.41,20.49,1732297.47,85430.0,7.245666666666667e-05,8.618666666666667e-05,0.0001,112743.43015972222,3032386636.765909,2.3921075230969278,1.1009364129503474,833361.1194791667,1552950976.4997897,1.4846126656898522,1.1308356903520833,5650728.055555556,116880787.14649688,1.7684580057470407,1.040276785815625
2023-06-02,26817.93,27300.0,26505.0,27242.59,36380.90269,811087.0,1861.78,1910.0,1847.51,1906.68,313004.0658,456788.0,20.49,21.37,20.3,21.26,2068166.11,71386.0,7.994e-05,7.640666666666667e-05,0.0001,113622.92100347223,3074105929.083951,2.2411881334256956,1.088725858845139,848567.9848194444,1603102366.8946912,1.2707581400660257,1.075803749982639,5740543.809027778,120869610.55076544,1.5361557927928275,1.1286928448013889
2023-06-03,27242.59,27333.29,26914.93,27069.22,16595.34117,466520.0,1906.69,1907.92,1881.6,1892.06,148818.2427,292512.0,21.26,21.35,20.95,21.19,1130915.88,43087.0,7.662e-05,6.269e-05,0.0001,113121.73948611111,3070162365.9523716,1.998030672527322,1.1887656036124998,874632.82228125,1660249486.5102892,1.094276418743505,1.2191514627586804,5833697.868055556,123331707.77465163,1.3630853122676863,1.184275837460764
2023-06-04,27069.22,27455.02,26951.0,27115.21,19258.41049,504474.0,1892.05,1914.63,1884.22,1890.01,172683.0119,289973.0,21.19,22.3,21.03,21.82,2800007.16,113651.0,8.283333333333335e-05,5.235e-05,0.0001,113092.04538194445,3070614268.0947065,1.9431023225837667,1.2095882171569443,866415.0765902777,1645210049.1939518,1.1365298100954249,1.1496323047291666,6180672.694444444,134341715.57368377,1.275118930950653,1.1178645600159722
2023-06-05,27115.2,27129.33,25388.0,25728.2,65805.60305,1420829.0,1890.0,1890.63,1778.0,1810.5,555361.2683,688879.0,21.83,22.06,19.03,20.0,6215040.24,236131.0,9.131333333333332e-05,3.369e-05,0.0001,116456.45560069445,3076632615.4349456,2.4839924192689042,1.0276972241447917,878017.5692673611,1624133719.0120857,1.6183342176665583,1.069471133567361,5774303.253472222,121795508.1014754,1.9460851670719772,1.0335625495802083
2023-06-06,25728.2,27355.33,25351.02,27230.08,68392.60438,1345725.0,1810.49,1898.29,1797.18,1884.64,491407.2174,616201.0,20.01,20.7,19.23,20.38,4383534.14,151125.0,-1.9719999999999998e-05,1.2946666666666664e-05,-8.306666666666666e-06,116030.62122222222,3025805656.5063334,2.6732104781707275,1.1119782905399305,850194.3048541667,1559141237.3276975,1.7959590668707786,1.127696896525,5253943.392361111,105206820.31125514,3.3454614117976202,1.0846964710392362
2023-06-07,27230.07,27391.77,26125.01,26339.34,59619.44364,1311928.0,1884.65,1897.8,1821.18,1832.13,429196.7064,594071.0,20.38,20.53,18.5,18.64,3842270.95,131089.0,8.001666666666667e-05,7.552666666666668e-05,9.387000000000001e-05,105679.81610069444,2819167067.015511,1.6699375944960115,1.0759745443197917,797662.1615208334,1483749133.4019055,1.2838662497093418,1.080394544120486,5322468.895833333,104274951.81392132,3.2607762911729576,1.018848427175347
2023-06-08,26339.34,26810.0,26210.0,26498.61,31075.51083,848252.0,1832.12,1861.28,1828.31,1845.64,189270.4853,347990.0,18.64,19.11,18.23,18.89,2669714.01,96458.0,4.201666666666667e-05,6.098666666666668e-05,-4.366e-05,104358.2904826389,2761021385.1796026,2.109021643265095,1.096637184625,778040.5017569445,1433936471.8670857,1.5862787341156444,1.1003532348993055,5581831.670138889,104564121.13166338,3.800543291126038,1.0634293820565972
2023-06-09,26498.62,26783.33,26269.91,26477.81,27934.7097,746911.0,1845.65,1855.0,1827.0,1840.37,198324.3252,354623.0,18.88,19.37,17.11,17.4,4755455.49,151879.0,6.302666666666667e-05,5.2136666666666665e-05,1.67e-05,102805.81080902778,2725604845.314166,1.959031097501231,1.166741879978125,779547.0268298611,1434327165.3868294,1.5968072792117698,1.1350090302777778,5982222.034722222,110457179.86477385,3.36550025059838,1.0543139775052084
2023-06-10,26477.8,26533.87,25358.0,25841.21,64944.60108,1713871.0,1840.37,1844.99,1715.03,1751.53,652324.6695,877410.0,17.4,17.43,12.8,15.61,17211734.83,546884.0,4.9909999999999995e-05,4.403333333333333e-05,-0.00019981666666666665,104361.52166319445,2693928986.4205065,2.5494165234572614,1.0702634517847223,849859.5882812501,1496220788.3259075,2.053065381334811,1.0371657524506945,5885848.736111111,89980423.71903157,2.1282652829839575,1.0310262137732638
2023-06-11,25841.22,26206.88,25634.7,25925.55,30014.29595,833902.0,1751.52,1778.25,1738.72,1752.76,219956.2434,378921.0,15.61,16.18,15.11,15.55,6064017.28,171966.0,4.5239999999999994e-05,3.4886666666666666e-05,-0.00025511,101980.70580208334,2633425856.6365294,2.6161815597144327,1.1120928121934028,855674.1689479167,1499116002.109508,2.1302898251922975,1.1010287889381944,5453980.229166667,84742151.97445695,2.0195911567357765,1.0237474138152778
2023-06-12,25925.54,26106.48,25602.11,25905.19,29900.50893,858037.0,1752.77,1759.33,1720.0,1742.57,302132.4819,467392.0,15.55,15.69,14.74,15.19,5195357.99,143884.0,5.116333333333333e-05,6.686000000000001e-05,-1.934333333333333e-05,101027.90637499999,2612583810.590967,2.317325733894012,1.0741063662333332,850094.1039791667,1479020997.723057,2.0673913375704007,1.0773611974131945,5303349.381944444,80717854.47240575,2.0469410706988507,1.040105028853125
2023-06-13,25905.2,26433.21,25712.57,25934.25,41065.60853,1007138.0,1742.57,1770.13,1724.22,1740.12,284268.0018,498880.0,15.19,16.0,14.76,15.04,4814274.27,137385.0,7.561e-05,5.943e-05,-5.03e-06,102575.42934722222,2665023522.766165,2.1846240017558096,1.1082042827649305,834874.6887048611,1454842505.8130426,2.1068365444114128,1.1718620537541666,5022291.076388889,76302523.53443,2.315660722908951,1.0301312776729166
2023-06-14,25934.24,26098.0,24820.56,25128.6,45077.31608,957418.0,1740.12,1750.03,1630.43,1650.95,415847.327,572996.0,15.03,15.37,14.06,14.48,3978891.53,119760.0,2.9383333333333334e-05,4.4829999999999996e-05,-6.674666666666667e-05,103355.55666666667,2668386100.0495825,2.330639976836718,1.1077082372142362,858590.8133125,1483079449.6776793,2.07866611523213,1.1101372988854168,5285858.104166667,79426296.94279915,2.5232803000475403,1.0411627486190973
2023-06-15,25128.6,25759.01,24800.0,25598.49,48664.86063,943268.0,1650.95,1680.91,1626.01,1666.96,370774.7696,458568.0,14.49,15.08,14.18,14.77,4700648.85,150206.0,3.205e-05,-4.224666666666666e-05,-1.624333333333333e-05,107402.5411076389,2697946691.086603,3.0103987264597234,1.0788449385489585,863325.3485381944,1423222674.880273,2.495120673333835,1.060884806342014,5178739.902777778,75967619.36336213,2.3004659639734086,1.0601541664440972
2023-06-16,25598.49,26518.0,25175.56,26345.0,51596.91662,926194.0,1666.96,1729.5,1649.86,1717.92,311734.5904,408176.0,14.78,15.47,14.38,15.31,2809890.09,100067.0,1.6626666666666664e-05,-4.832666666666667e-05,2.0023333333333332e-05,104935.30259027779,2704680963.7762904,1.940851685169175,1.1445481996194444,811610.1189444445,1364370964.4102256,2.0496901395968563,1.1362423351715278,4967443.75,74096000.4377031,2.12510068613029,1.052905193942014
2023-06-17,26345.01,26839.99,26181.0,26516.99,27842.2195,666967.0,1717.91,1770.0,1714.26,1727.76,210914.9216,359758.0,15.32,16.12,15.16,15.64,2500321.4,90284.0,9.137e-05,5.522e-05,2.7796666666666668e-05,104242.42690277778,2760104628.5322685,1.3276472269945725,1.119345198015972,761106.5477465277,1318208169.416871,1.6032849232398303,1.191404057207639,4673657.368055556,73211819.51548308,1.9967556107415565,1.0744875565618055
2023-06-18,26516.99,26700.0,26255.85,26339.97,21538.31022,555956.0,1727.75,1747.84,1712.0,1720.95,156535.0128,273858.0,15.65,15.84,15.28,15.45,1603688.44,64825.0,6.214666666666667e-05,1.2373333333333332e-05,-2.8293333333333332e-05,104739.67552083333,2776938442.521846,1.3594515999979315,1.1445471767802085,775114.9083854167,1341888180.6444285,1.725305900486119,1.1497570628243057,4564267.8125,71280208.47938499,2.1603019712822,1.0701426696850695
2023-06-19,26339.98,27068.09,26256.61,26844.35,35872.65974,732735.0,1720.95,1752.19,1698.0,1737.11,245162.7589,366143.0,15.45,16.14,15.34,16.1,1890318.27,73328.0,5.7090000000000004e-05,3.9983333333333334e-05,-6.758666666666667e-05,106483.71552777778,2822862822.265489,1.3353257849362619,1.0665684226552083,771461.4666631944,1330922909.9316666,1.7320357734685519,1.1860089845666666,4582817.940972222,71495719.43091905,2.0328168267841895,1.0651131182979166
2023-06-20,26844.35,28402.74,26652.0,28307.99,69666.95525,1189024.0,1737.1,1796.99,1714.72,1791.99,328855.6846,459724.0,16.1,16.69,15.73,16.64,3005581.72,115323.0,4.35e-06,1.1806666666666665e-05,-5.060666666666667e-05,113761.22555555556,3094913664.1573424,1.0756086219548913,1.1633920346652777,766857.6271770834,1337210893.6795793,1.632360406537926,1.1469800153756944,4700736.118055556,75630987.64276758,1.796117422564185,1.090030171667361
2023-06-21,28308.0,30800.0,28257.99,29993.89,108926.40412,1872873.0,1791.99,1901.0,1787.38,1889.11,613755.8869,699689.0,16.65,17.4,16.54,17.23,4146918.99,141146.0,6.282e-05,3.5940000000000005e-05,3.249333333333333e-05,120696.25118402777,3534366729.099786,0.8104672933958896,1.094460821763889,744352.0850104167,1367013238.1062496,1.1944578823596792,1.0520438943819446,4338238.979166667,73297667.09589927,1.9700251377975373,1.0381092808003471
2023-06-22,29993.89,30500.0,29525.61,29884.92,59054.5646,1146092.0,1889.1,1933.17,1865.98,1872.01,416714.5719,536410.0,17.23,17.75,16.57,16.62,3547312.43,117978.0,9.745333333333334e-05,0.0001,1.9846666666666668e-05,116874.8095,3517605457.418781,0.7849603875507621,1.0733958616788195,741993.6306145834,1407681460.0765018,1.0626660370089125,1.1278114417864584,4221493.263888889,72335468.75724337,2.1024876701700355,1.0210432492815973
2023-06-23,29884.92,31431.94,29800.0,30688.5,73931.89635,1338533.0,1872.0,1936.42,1861.01,1892.63,401147.9324,531784.0,16.62,17.53,16.16,17.13,4851596.52,152991.0,0.0001,8.096e-05,6.177666666666667e-05,119427.53585069446,3622044349.121221,0.7585574327729541,1.0647227988986112,737746.8884930556,1392322452.303546,1.094796668677724,1.0873336621711804,4446397.111111111,74697480.97403419,2.2458086339503747,1.079175633179861
2023-06-24,30688.51,30800.0,30250.0,30527.43,30513.30135,776343.0,1892.63,1906.0,1864.77,1874.96,226910.2941,356654.0,17.14,17.53,16.37,16.64,2908701.89,106882.0,0.0001,7.804666666666667e-05,1.475e-05,114346.74765972223,3500507488.298634,0.8230296438915711,1.1081944924246527,735513.8036493056,1387081279.5289252,1.1752016589547702,1.1089945871628473,4689355.8125,79816263.81296074,2.3715846597148893,1.0297300930923612
2023-06-25,30527.44,31046.01,30277.49,30462.66,30223.44801,789910.0,1874.95,1930.0,1868.83,1898.8,338757.6158,482753.0,16.64,17.38,16.57,16.96,2723041.25,109594.0,0.0001,0.0001,-1.1030000000000003e-05,114842.1832951389,3515683148.187359,0.871498032651812,1.0940670804298611,750613.2117847222,1425979341.4237738,1.132978990198228,1.0759003351781251,4670347.038194444,79435310.73176186,2.4593158920976865,1.0182073341645834
2023-06-26,30462.67,30666.0,29930.0,30267.99,45180.41489,954783.0,1898.8,1909.1,1837.18,1858.97,458743.861,518009.0,16.96,17.12,15.89,16.27,3056592.4,118719.0,0.0001,8.063666666666667e-05,5.626666666666665e-06,115190.65503125,3487422167.160124,0.967642903776754,1.0738471856395835,752842.22540625,1411039757.8296108,1.3486750586873433,1.06922611049375,4810070.381944444,80078267.78997582,2.5751539289200474,1.035508012388889
2023-06-27,30267.99,30994.97,30226.17,30692.44,42699.64157,824373.0,1858.97,1912.53,1855.19,1889.58,366634.5707,437184.0,16.27,16.93,16.13,16.63,2951107.45,94192.0,0.0001,3.9659999999999996e-05,5.704666666666667e-05,115994.16792708334,3540322330.1065674,0.9535460633723392,1.1100245232190973,749488.91228125,1408673670.8468387,1.3154900637854026,1.1717546017010418,5236349.40625,86749746.34569238,2.4654563102683014,1.0237826691555556
2023-06-28,30692.44,30709.74,29858.8,30077.41,40463.51937,895470.0,1889.58,1890.19,1816.56,1828.02,337836.5792,437585.0,16.63,16.65,15.6,15.97,4040252.29,129721.0,7.966666666666667e-05,5.358333333333333e-05,4.552333333333333e-05,113312.42470486111,3432515129.345168,1.0298979165309547,1.0737757619270833,759728.9896354167,1409000962.4538805,1.5642911643913242,1.059361891751736,5392229.774305556,87235341.32995035,2.5582420884191057,1.0067414638381944
2023-06-29,30077.4,30843.98,30049.98,30447.31,36330.62903,758428.0,1828.03,1880.0,1827.84,1851.99,241844.8281,350823.0,15.98,18.28,15.87,17.99,7948251.73,281100.0,8.624666666666668e-05,4.228333333333334e-05,7.233333333333333e-05,115854.52425347222,3522695848.3633666,0.9899565433439785,1.1158371674888887,761580.5053055555,1408274229.044486,1.6404726181236264,1.0583305734645831,5827054.618055556,99761716.72012164,1.7869372596255038,1.08042975194375
2023-06-30,30447.31,31282.0,29500.0,30472.0,89419.07618,1559366.0,1851.99,1948.6,1825.01,1933.79,716538.1035,824889.0,18.0,20.03,17.01,18.86,11454016.49,434580.0,0.0001,7.988333333333333e-05,8.275666666666666e-05,114894.80767013889,3512837521.654134,0.9903232230367954,1.0774505376711805,778033.3623715278,1471154616.9002905,1.315824030859992,1.082898173588889,5886259.034722222,110436940.58709997,1.4413812263856363,1.0099926354881945
2023-07-01,30471.99,30661.6,30320.57,30585.9,17501.75075,567975.0,1933.8,1944.56,1909.44,1924.5,178373.3688,307019.0,18.85,19.0,17.9,18.7,3515091.93,138180.0,0.0001,0.0001,7.400333333333334e-05,107538.25595833332,3280417034.5369425,1.0489695419297542,1.1070079828236112,834535.4478854167,1603720483.3160264,1.048879948864288,1.1651723365048612,5047753.9375,92757134.72957598,2.1083380820425073,1.0182593140361111
2023-07-02,30585.9,30791.0,30155.0,30617.03,23286.41019,591533.0,1924.5,1959.2,1885.75,1937.48,255852.7832,381133.0,18.7,19.74,18.53,19.45,4872775.08,197708.0,0.0001,0.0001,0.0001,109408.05772916666,3340781961.8756914,0.9872564006415807,1.2238480651354167,807559.2397534722,1548894152.6766067,1.1395126557679178,1.099029579590625,5324739.8125,101832842.18146023,1.7382033437745024,1.0416406841999999
2023-07-03,30617.02,31380.0,30570.27,31156.2,43761.64311,781855.0,1937.49,1976.16,1933.55,1955.54,322102.4295,404084.0,19.46,19.66,18.87,19.26,3065186.84,124367.0,0.0001,0.0001,0.0001,113209.97261111111,3490134909.0621448,0.886862404160373,1.1969934245802083,857888.5928541668,1678950356.2593007,1.025694938502664,1.0995560185982638,5140606.361111111,99213208.24876407,1.6613059846120588,0.9844813042625
2023-07-04,31156.2,31350.69,30620.0,30766.51,33206.11943,779472.0,1955.55,1967.08,1931.58,1936.2,205525.0984,307691.0,19.25,19.94,19.06,19.13,3096292.18,126023.0,0.0001,0.0001,8.775666666666667e-05,117128.42074305557,3628761453.6412625,0.8140018231628968,1.1148279351309027,835451.0153958333,1630663497.1148362,1.0667424761049416,1.1270448327861111,4893997.166666667,94744774.92790022,1.5887561843466314,1.041160086965625
2023-07-05,30766.52,30878.07,30200.0,30504.81,33215.67122,827926.0,1936.19,1942.5,1894.51,1910.36,267633.4783,362985.0,19.14,19.53,18.32,19.0,2415908.51,114667.0,0.0001,0.0001,8.101333333333334e-05,113047.92915625,3458058128.6957235,1.0187067262575924,1.0932239039184026,799874.8726597222,1536142568.2430582,1.306606341584991,1.124785676920486,4873999.680555556,92416444.393333,1.7604448923126386,1.0361734062114583
2023-07-06,30504.8,31500.0,29850.45,29895.43,71319.6261,1397042.0,1910.35,1958.0,1846.0,1846.17,456362.741,519031.0,18.99,21.0,18.82,19.61,9598016.99,372425.0,6.404e-05,7.592666666666667e-05,6.490333333333333e-05,112114.06112152777,3421757875.370886,1.1051165608305995,1.0897915372979168,779078.0578611111,1482642367.3171434,1.496279514734157,1.107496572821875,5563923.625,110565287.28734216,1.3736104930477355,1.0333990467618055
2023-07-07,29895.42,30449.0,29701.02,30344.7,34070.53895,912948.0,1846.17,1878.0,1826.0,1870.91,232944.3466,355260.0,19.61,21.9,19.26,21.5,9794096.48,384122.0,1.4203333333333332e-05,4.4653333333333335e-05,-1.3343333333333326e-05,102547.91341319444,3094627771.7522106,1.3643601510398877,1.1037723877333334,769694.6642465278,1432036250.3048582,1.940953598813227,1.0722382672399307,6402150.041666667,132024599.42137426,1.069173867514436,1.011988562985764
2023-07-08,30344.7,30386.81,30044.47,30284.63,13094.59042,480214.0,1870.92,1876.0,1842.8,1865.24,125819.8273,228589.0,21.51,22.5,21.32,21.81,6473021.26,264889.0,2.6913333333333335e-05,1.572666666666667e-05,1.8706666666666668e-05,103282.37143055555,3120515808.661848,1.2982794874482837,1.242069454820486,761483.6255277778,1416318971.9569032,1.892742890132534,1.1498649051760417,8157339.25,177784862.98992014,0.69305319212171,1.0481314823055556
2023-07-09,30284.63,30445.52,30061.12,30160.71,15388.50196,473168.0,1865.24,1879.36,1856.15,1862.8,135046.3743,234925.0,21.82,22.38,20.99,21.32,3867361.76,154175.0,6.227e-05,3.0946666666666666e-05,-9.866666666666662e-07,103529.92453472222,3132485845.637139,1.2648017272577599,1.1592771848430554,760129.9972222222,1418815050.4151278,1.8254458035545962,1.1653140709725696,7959298.819444444,171650725.40678754,0.800041259927934,1.023239215679514
2023-07-10,30160.71,31045.78,29950.0,30411.57,41262.87652,896853.0,1862.81,1905.5,1846.63,1880.4,247868.1494,338462.0,21.32,21.81,20.47,21.3,5671089.94,196646.0,1.8876666666666665e-05,4.809666666666666e-05,4.8846666666666674e-05,103981.5476875,3146021644.3059664,1.3116000972222224,1.092301355,756092.1719583333,1411447327.2821364,1.765024289097222,1.1303025938888889,6475318.322916667,136221632.24470052,1.1041636420833332,1.0516034664236111
2023-07-11,30411.57,30813.63,30300.0,30622.1,28476.83311,691213.0,1880.41,1891.99,1862.38,1878.3,177771.6117,256360.0,21.3,22.37,21.2,22.07,4616810.71,157161.0,6.743e-05,6.576333333333333e-05,-4.479e-05,106837.35797916667,3257825425.0478625,1.0403262717708333,1.1291280884375,767004.02303125,1437803264.9134507,1.576390397673611,1.0916597261458334,6826416.479166667,149743946.41402066,0.8568169937152779,1.044885718576389
2023-07-12,30622.1,30983.25,30210.0,30380.0,38108.99669,784195.0,1878.31,1902.0,1864.37,1871.82,264406.8673,338468.0,22.06,22.8,21.74,21.94,6086113.95,189342.0,6.0566666666666664e-05,8.536666666666666e-05,9.676666666666667e-06,110701.88421527778,3384049788.717205,1.0132768548958333,1.1692835935069443,766676.9310520834,1443459161.0821407,1.413888282534722,1.1021345640277778,7043097.472222222,155769022.55205226,0.7888613881597223,1.0350490089930555
2023-07-13,30380.0,31804.2,30251.0,31454.23,70772.51836,1301632.0,1871.82,2012.63,1862.59,2004.49,548861.4207,618276.0,21.93,26.82,21.42,26.01,16102139.02,603877.0,1.838e-05,7.299999999999993e-07,-4.255666666666666e-05,112103.90836111111,3442509328.9888644,1.0887726304513887,1.1182952802430557,800560.8555138889,1533006179.8124905,1.3273101102083333,1.1417832140625002,6794494.322916667,157824984.21304283,0.8645952859375,1.0416310946875
2023-07-14,31454.23,31630.0,29900.0,30312.01,60749.48424,1274387.0,2004.49,2029.11,1898.39,1937.83,498724.0359,604687.0,26.01,32.13,25.23,26.67,19571913.81,885958.0,0.0001,0.0001,0.00019145,108126.425375,3355216652.3257146,0.954479095138889,1.0396084550347222,869326.7814444444,1724453874.5290563,0.8855951876736111,1.0900630241666667,7167407.833333333,199144819.4597298,0.9963218515625,1.0059032389930556
2023-07-15,30312.0,30390.9,30200.0,30289.52,14118.55329,488354.0,1937.82,1946.37,1926.23,1931.41,135181.7663,242818.0,26.67,29.12,26.45,27.46,11042658.65,428646.0,-4.406666666666667e-06,5.590333333333334e-05,0.0001,100883.4545798611,3056329338.2050033,1.6143179418402778,1.1424980679166667,744004.4269722222,1438418661.9719024,1.328661440625,1.167692168715278,7139339.288194444,199527433.2317374,1.0718067121180554,1.0104584465625
2023-07-16,30289.52,30441.46,30064.29,30231.99,15760.1281,494225.0,1931.41,1943.55,1914.0,1922.11,148667.1051,253770.0,27.47,28.7,26.46,27.42,6708916.61,254712.0,4.782666666666667e-05,4.7846666666666664e-05,0.0001,101024.52907638889,3058918498.0770574,1.5999379558333333,1.1728008871180555,761016.0342013888,1468817497.6759093,1.3629917978819444,1.1888680802777778,7215503.170138889,200200246.64547744,1.1517851597222224,1.0355682537152777
2023-07-17,30232.0,30336.96,29659.2,30138.0,30882.76839,816466.0,1922.12,1936.18,1873.26,1911.2,277159.0349,391391.0,27.41,28.49,25.55,26.8,8662837.64,303749.0,5.1080000000000006e-05,3.0283333333333332e-05,0.0001,103793.61477777778,3130534811.6377,1.6746562241319445,1.0903373763194444,747073.4061388889,1429544240.8679628,1.5555266661805556,1.0687114048611113,7463103.836805556,202924353.7695999,1.3680690193402778,1.0069852955555556
2023-07-18,30138.01,30239.78,29512.0,29859.13,30003.8601,754775.0,1911.21,1917.19,1875.73,1897.21,215780.5006,315100.0,26.8,27.09,24.76,25.54,6327315.88,238967.0,6.0860000000000003e-05,7.465333333333333e-05,9.723666666666668e-05,107184.04511805555,3208375376.1652207,1.814143071527778,1.0998335280555556,750285.4287604167,1425443041.3622713,1.6827849956597223,1.0544848120833334,7323918.993055556,188752376.66946378,1.5253783270833334,1.015067187013889
2023-07-19,29859.14,30189.09,29761.96,29909.21,25657.36137,617415.0,1897.21,1922.04,1882.17,1888.63,218045.0005,266831.0,25.54,26.99,25.35,26.31,4966905.24,193252.0,7.638000000000001e-05,8.566333333333334e-05,0.0001,105671.11363194445,3167014291.8719587,1.8315764715625003,1.1021099467013888,760829.2328437499,1449487014.4106233,1.6513980645833335,1.1001363188888889,7219401.774305556,190050591.1601066,1.3956468557638888,1.023947595486111
2023-07-20,29909.21,30417.46,29570.96,29800.0,37540.68193,749723.0,1888.64,1929.05,1878.0,1891.59,292907.5164,353180.0,26.31,27.38,25.03,25.38,4977278.58,194457.0,5.952e-05,6.325333333333333e-05,9.055e-05,106922.48044097221,3205345119.5129194,1.8304274579513888,1.0752326970833335,764449.9465763889,1452320249.556221,1.7968175917013889,1.0720456466666668,6896259.128472222,181618479.02385858,1.5153606658680556,1.0156534582291665
2023-07-21,29800.0,30061.7,29726.34,29901.72,23881.40865,555611.0,1891.59,1905.74,1884.64,1891.73,165554.0428,260385.0,25.38,26.0,25.06,25.5,3295444.38,123630.0,2.457e-05,3.215666666666667e-05,3.0253333333333334e-05,108588.96277083334,3240513993.113963,1.981137321423611,1.082555594722222,756821.1687291667,1431985074.2895238,1.9332086585416666,1.094642619375,6578070.604166667,167263912.28159246,1.8919861922916665,1.0187632414583332
2023-07-22,29901.72,29999.0,29625.1,29794.0,14660.40467,423988.0,1891.73,1897.35,1851.18,1866.52,131901.6487,240897.0,25.51,25.97,24.0,24.52,2382898.21,103233.0,1.1053333333333333e-05,2.3343333333333334e-05,7.366333333333334e-05,106632.97623263889,3184650741.535005,1.7878853974305555,1.2117063451388888,755352.08809375,1425985193.4199533,1.913465509513889,1.2335778845486112,6509467.309027778,166412122.12722743,1.6959134523958332,1.0568264154861111
2023-07-23,29793.99,30350.0,29730.0,30083.75,18292.78637,519434.0,1866.52,1905.25,1857.82,1888.73,153501.0178,254227.0,24.52,25.26,24.15,24.76,2341589.79,89045.0,7.426666666666666e-05,3.464333333333333e-05,8.277000000000001e-05,103319.83909027778,3092448329.2180033,1.7005035364236112,1.2573650662847222,753624.4703611111,1414441228.9909391,1.976169415763889,1.226062964722222,6068088.8125,149989315.04279655,1.8691105429861112,1.0526156997916667
2023-07-24,30083.75,30099.58,28861.9,29176.5,39628.99691,869107.0,1888.74,1890.86,1833.19,1850.0,276504.5547,336366.0,24.76,24.83,22.89,23.37,4042066.22,160445.0,8.112666666666668e-05,5.695666666666666e-05,8.109666666666667e-05,107838.44893055555,3171579315.920128,1.9725266592708333,1.0614321778819444,761137.3423680556,1413953616.700369,2.1113146355208334,1.0603223238194444,5974894.211805556,142518640.72328922,2.0883955102430556,1.0090283080902778
2023-07-25,29176.5,29376.0,29047.65,29228.91,21565.7478,533797.0,1850.0,1868.71,1845.45,1857.66,152251.21,248856.0,23.36,23.6,22.73,23.27,2522195.44,93871.0,8.026666666666666e-05,8.626333333333333e-05,1.7783333333333333e-05,110562.90699652777,3224783119.0925884,2.0379835492361114,1.2056654544097223,753984.2032743056,1398431259.5360444,2.016907937013889,1.1277919108333334,5920678.041666667,137602108.5707923,2.288319417361111,1.0579360933333333
2023-07-26,29228.91,29690.0,29096.94,29351.96,33931.63366,750401.0,1857.66,1888.0,1848.35,1872.0,272090.5333,319851.0,23.28,25.68,23.17,25.17,6033716.58,227754.0,8.406333333333333e-05,8.565999999999999e-05,4.584e-05,106444.21429166666,3115703463.790986,1.8254494758680555,1.18325275,739281.4831145833,1374777837.5014699,1.844617385451389,1.2087936949652778,6095617.454861111,147580730.08947444,1.8512165839583332,1.030584027361111
2023-07-27,29351.95,29567.49,29083.85,29222.78,22476.47626,583045.0,1871.99,1886.11,1854.84,1861.28,163766.4259,252294.0,25.18,25.65,24.66,25.1,4207657.06,157065.0,3.2806666666666665e-05,7.370666666666667e-05,4.507e-05,110449.83342361111,3241017378.8901515,1.555025830763889,1.2022828688541667,777554.36265625,1454251253.508727,1.6411706524652778,1.1575226075,6125332.930555556,153954018.57104817,1.3979692902083334,1.0304032515972221
2023-07-28,29222.78,29542.22,29123.12,29314.14,23993.61627,543177.0,1861.29,1883.39,1856.52,1874.19,138695.7147,219389.0,25.1,25.56,24.54,24.82,2736684.18,95583.0,7.016e-05,6.572666666666666e-05,0.0001,109330.92850694444,3198788706.717539,1.5929763939236112,1.2245018838194444,787036.2776006944,1470283757.802444,1.7095104574652777,1.1891220705902779,6029293.78125,150295256.9279683,1.5496117218402778,1.0675741643055554
2023-07-29,29314.14,29406.92,29256.18,29352.9,10851.36844,339750.0,1874.2,1886.58,1869.54,1880.46,72867.0269,166385.0,24.82,25.39,24.75,25.17,1768964.07,66090.0,7.365666666666667e-05,7.161666666666667e-05,9.518333333333335e-05,108377.10853124999,3177181823.911579,1.5308805267708334,1.445448093576389,808130.9419861111,1514708785.545377,1.5289515715625,1.3709816961458334,6164594.357638889,154792414.55454427,1.5696251455555557,1.070531074548611
2023-07-30,29352.9,29449.0,29033.24,29281.09,15706.97441,454846.0,1880.45,1885.3,1848.17,1861.79,158657.5902,247858.0,25.17,25.21,23.47,24.25,2774658.63,101722.0,6.022666666666667e-05,5.211666666666667e-05,9.737666666666668e-05,108310.04870486111,3172550712.297525,1.5610545210416666,1.2134940204513889,802917.739048611,1504002096.9866006,1.546133458298611,1.1968354482986112,6078992.215277778,151005103.9056432,1.750060744826389,1.0967432735069444
2023-07-31,29281.09,29530.0,29101.8,29232.25,22605.48964,563115.0,1861.79,1877.4,1851.02,1856.14,168204.4534,246487.0,24.25,24.79,23.52,23.73,3167365.08,105119.0,5.99e-05,1.4799999999999999e-05,3.792333333333333e-05,108811.11160416667,3190599825.2889814,1.5769944240972222,1.2082521847222223,775646.6178541667,1445259034.79781,1.8243348016319443,1.1999135285416667,5601501.458333333,135839201.5700494,2.077619567638889,1.0347140022916668
2023-08-01,29232.26,29739.25,28585.7,29705.99,44719.65162,900141.0,1856.13,1875.62,1813.8,1873.47,358476.0966,411508.0,23.72,24.07,22.84,24.05,3598080.21,127563.0,7.689333333333333e-05,7.012666666666668e-05,8.304333333333335e-05,110574.67328819445,3207890104.255454,1.9954145002430554,1.1008006080208332,807709.48115625,1484591198.0959558,2.2495811086111113,1.113991745451389,5772456.715277778,135549369.3808726,2.492671814340278,1.0575224558333334
2023-08-02,29705.99,30047.5,28927.5,29186.01,48181.65141,945158.0,1873.48,1879.74,1821.21,1839.9,254213.0553,331270.0,24.06,24.29,22.82,23.15,3308680.67,105659.0,0.0001,0.0001,2.078e-05,113146.9077673611,3330863926.1606936,1.6040188278819445,1.0664788426736111,770252.8444340278,1426661877.959795,1.9947732752083336,1.0402993720833333,5665945.909722222,133139006.80849385,2.5037121244097222,1.0372024497916668
2023-08-03,29186.0,29433.33,28968.0,29193.64,26476.91994,651970.0,1839.9,1859.12,1826.0,1835.81,171148.052,254918.0,23.14,23.38,22.44,22.65,2981853.02,101471.0,0.0001,0.0001,1.4816666666666665e-05,112975.61720138889,3297143065.5276423,1.9813497414930556,1.1420148808680555,782918.06021875,1440104582.9930708,2.21659767625,1.1213302145486113,5986812.9375,137153579.69978762,2.7972398078819447,1.0630338515625
2023-08-04,29193.65,29333.08,28807.54,29113.99,23551.95217,544850.0,1835.81,1851.31,1815.74,1830.23,187699.4552,256002.0,22.65,23.57,22.48,22.8,3225053.92,106095.0,9.372e-05,8.276666666666667e-05,2.8753333333333335e-05,112717.41223958334,3286942498.6074343,1.967773635,1.1659455874652778,777015.1288715278,1426256501.5556204,2.1874141694791667,1.1722812240972222,6211825.909722222,142581093.0845155,2.5686012710416666,1.0267789522222222
2023-08-05,29114.0,29152.23,28978.64,29072.13,11645.52018,331924.0,1830.24,1839.0,1827.5,1836.48,93657.3255,174254.0,22.8,22.94,22.23,22.65,1781301.39,63306.0,8.060333333333333e-05,8.693666666666666e-05,5.5039999999999995e-05,113866.49412152778,3308590190.4511056,2.165606858576389,1.3116712309722223,780435.0150972222,1430066839.6240711,2.283993323298611,1.206438758125,6196754.427083333,140531354.74942037,2.7765798111458335,1.0904619880208335
2023-08-06,29072.13,29205.09,28991.88,29088.42,13178.1972,338654.0,1836.48,1838.58,1825.86,1830.28,90403.9915,169928.0,22.66,23.48,22.58,23.2,2662470.7,83194.0,0.0001,7.295e-05,5.500666666666667e-05,111348.48558333334,3236227628.303354,2.1829968484375,1.3930589705555556,785495.1321944444,1439222812.0267916,2.2640675265277777,1.3287263815277777,5760244.423611111,132737536.46471053,2.4220169568055554,1.0531580693055556
2023-08-07,29088.43,29276.78,28701.03,29211.06,30966.87746,671438.0,1830.28,1847.0,1802.0,1829.1,224092.9059,289161.0,23.2,23.67,22.27,23.12,3303008.9,98066.0,9.223e-05,9.777000000000001e-05,9.067666666666668e-05,111559.69063541667,3244639036.4454327,2.1450126885416667,1.1830020992361112,803353.1289409722,1470165030.9651742,2.2838527062500003,1.1643187707291667,5396818.371527778,124422405.35063264,2.4725711791666667,1.0263665110069444
2023-08-08,29211.06,30244.0,29146.45,29770.42,45700.53392,877168.0,1829.1,1876.51,1826.33,1856.3,236336.03,322607.0,23.11,24.79,23.02,24.22,4652753.86,148381.0,8.360000000000001e-05,7.212333333333333e-05,9.07e-05,116581.06042013889,3435395679.0022597,1.5711735187152778,1.196218706736111,802890.4340381944,1478341621.6934314,2.0168592343055556,1.178607329340278,5466149.965277778,128998797.09556273,2.125217005104167,1.0560306014236112
2023-08-09,29770.41,30160.0,29376.67,29581.99,38003.88725,750252.0,1856.3,1871.99,1846.28,1855.35,191926.8343,266834.0,24.22,24.99,24.1,24.38,3857674.95,132872.0,8.838e-05,6.091333333333333e-05,5.467333333333333e-05,123648.74236458333,3673634701.117921,1.1392462234843206,1.2015816141666666,796781.2242187499,1478870601.2407851,1.554577220034843,1.2109849727083333,5733265.204861111,140416471.05542317,1.446016964425087,1.075244644652778
2023-08-10,29581.99,29738.0,29320.2,29455.75,23463.45373,513691.0,1855.36,1865.95,1845.38,1852.47,127321.4553,208017.0,24.39,24.89,24.13,24.62,2556841.66,80719.0,9.425666666666667e-05,9.198333333333334e-05,0.0001,118564.81525000001,3498559454.5539007,1.477054608125,1.1726194855208334,793625.8926319445,1469965711.3832493,1.6931853483333332,1.1645937432638889,5558662.555555556,135943367.24710986,1.4482945389583335,1.044314476076389
2023-08-11,29455.76,29564.52,29252.45,29426.03,20637.0443,437828.0,1852.47,1857.26,1838.05,1848.84,113209.3103,197546.0,24.63,24.93,24.34,24.62,2415119.74,66124.0,9.041000000000001e-05,2.8566666666666665e-05,8.339333333333334e-05,118473.64365972222,3484161613.7481256,1.7459067497222223,1.2674545511458333,782739.5591006945,1446084262.0737271,1.8575511447222222,1.2688976055555556,5754515.107638889,141446617.56640652,1.2960097268402777,1.0737940791319445
2023-08-12,29426.02,29481.35,29381.56,29430.17,8971.48068,310852.0,1848.84,1854.01,1846.08,1849.93,63292.6476,154110.0,24.63,25.24,24.4,24.91,1814019.36,53245.0,9.768333333333333e-05,5.852666666666666e-05,0.0001,117531.81293750001,3456803933.214169,1.8322675038541665,1.5926849499652778,778223.4875520833,1438926394.2864285,1.8868108636458334,1.7410224865972221,5739413.5625,141317912.21297276,1.3571092543055556,1.150164821423611
2023-08-13,29430.18,29474.65,29272.32,29303.84,11101.70947,341726.0,1849.94,1862.0,1834.51,1840.73,120674.1364,211874.0,24.91,24.95,24.21,24.23,2013530.94,57328.0,8.212333333333333e-05,6.063666666666667e-05,7.539666666666666e-05,115874.77585763889,3405161715.595872,1.932623682326389,1.4599650087847222,776260.7228263889,1435373438.205155,1.9269781916666666,1.5929093898958333,5835023.107638889,143880285.56432033,1.3556385915972222,1.123427354548611
2023-08-14,29303.85,29695.32,29102.45,29430.93,31443.11532,671592.0,1840.73,1856.5,1835.0,1845.5,150196.1203,244296.0,24.22,25.3,24.06,25.18,2935003.9,91465.0,0.0001,9.960666666666666e-05,6.742e-05,109949.30633680556,3232860773.535147,1.9177987721875,1.2504938715277778,789468.1868784722,1457730918.0216115,2.0306442721527778,1.2131415285069445,5489871.204861111,135090343.05674428,1.5254412477083334,1.1172514374652778
2023-08-15,29430.92,29499.26,29059.6,29200.0,27503.87691,591162.0,1845.5,1847.36,1814.0,1828.98,186081.6989,264314.0,25.19,25.42,23.74,23.9,3856498.57,117585.0,0.0001,8.794e-05,9.075000000000001e-05,110059.12302083333,3228921655.723943,1.9779505105208333,1.2923359533333334,810376.9529895834,1490492414.0140345,2.244832781354167,1.2456964130208332,5531398.590277778,136766475.0854514,1.438914677013889,1.0682530297916668
2023-08-16,29200.01,29259.85,28723.08,28730.51,32996.69854,768028.0,1828.98,1831.52,1798.17,1807.81,205430.7368,311372.0,23.91,24.03,22.36,22.82,4333224.4,150330.0,0.0001,8.924333333333333e-05,8.635666666666668e-05,116016.74617708333,3378801966.4691978,2.2311233675347224,1.2003623893055557,857224.7922881944,1562354214.417086,2.4883124050347223,1.2283515682291666,5138208.680555556,120110093.55232334,2.1317816531944445,1.026087337048611
2023-08-17,28730.51,28783.48,25166.0,26623.41,100271.54033,1976577.0,1807.81,1809.99,1550.0,1681.49,812138.2159,906515.0,22.82,23.43,20.0,21.66,6294552.09,252049.0,0.0001,8.190666666666667e-05,4.362666666666667e-05,116927.01790277779,3298275920.0626698,2.597890516145833,1.0652775991666668,871033.1918194444,1539334239.7162395,2.6452233741666666,1.0939607099652777,4841889.614583333,111378663.3453343,2.0831038908680553,1.029307080173611
2023-08-18,26623.41,26832.6,25619.0,26054.0,69790.65711,1293122.0,1681.49,1699.4,1641.02,1661.59,538083.1018,597838.0,21.67,22.2,20.9,21.34,3890112.81,138029.0,5.04e-05,-1.9816666666666666e-05,-7.854e-05,100933.27935763888,2654804485.0505314,2.106140638298611,0.9899098061458333,750461.2803298612,1257122452.150267,1.9709592837152776,0.9986721193750001,4184259.121527778,90773501.51892929,1.8982654674305555,1.000109901736111
2023-08-19,26054.0,26281.0,25801.09,26100.01,26160.75343,615764.0,1661.6,1696.72,1654.31,1669.67,231919.0485,312174.0,21.34,22.18,21.29,21.9,1694233.32,61202.0,-1.9606666666666666e-05,-6.93e-05,-6.257e-05,91695.4504375,2383588501.764884,2.3248688496875,1.0151284397916667,667718.8354236111,1111897679.1406543,2.1098188340277777,0.9634118663541665,4187485.315972222,90851420.82606655,1.9323810803819446,1.0924057851388889
2023-08-20,26100.01,26299.0,25971.05,26189.99,19056.91209,451543.0,1669.68,1694.75,1662.03,1685.24,195623.5263,275035.0,21.89,22.04,21.57,21.77,1053613.37,39239.0,-2.542e-05,-7.387333333333334e-05,-5.574e-05,88890.63018749999,2321202801.6177573,2.548744383819445,1.249203073923611,646047.9252986112,1080160884.6031134,2.173039709652778,1.0731282305902778,4242843.569444444,92479842.39524464,2.0301763819791665,1.0758194227083333
2023-08-21,26190.0,26258.42,25812.0,26126.92,30267.24233,565987.0,1685.23,1688.59,1649.4,1667.55,250835.1518,297843.0,21.78,21.79,20.3,21.2,2646392.48,92666.0,-1.2e-05,-2.594333333333333e-05,-3.8419999999999995e-05,90950.09894444444,2369962866.1785727,2.4468313817013887,1.127956144513889,651027.1743368055,1088137309.594269,2.0959972741319444,1.1200392723263888,4263387.486111111,90710830.49510372,2.132441112604167,1.0630813759375
2023-08-22,26126.92,26139.42,25300.0,26056.0,34247.06688,603624.0,1667.56,1669.38,1580.0,1634.99,402012.045,484314.0,21.2,21.26,19.35,20.59,3635900.71,111941.0,2.706666666666667e-06,-2.2213333333333333e-05,2.9226666666666666e-05,90613.19492708333,2353705164.0045323,2.3532197715625,1.1973525280208335,640486.4497083334,1057390806.9480033,2.1824751937499998,1.1937616484375,4291664.8125,89138588.34052987,2.0658172529513887,1.0757997183333332
2023-08-23,26055.99,26819.27,25812.82,26432.72,44023.69978,673711.0,1635.0,1702.11,1629.05,1679.61,374761.1088,472134.0,20.59,21.82,20.33,21.74,3704350.5,109572.0,9.886666666666666e-06,-6.283333333333334e-06,-4.154666666666667e-05,86404.47874652778,2260738373.330707,2.25058808,1.0749941344444442,615274.6454791666,1017375433.1918907,2.0660003729166667,1.0722615634027777,4136178.2604166665,86518353.75235952,1.9706203127083333,1.0601584560416668
2023-08-24,26432.71,26577.87,25864.0,26180.05,30205.22116,575619.0,1679.61,1683.37,1635.28,1661.16,231539.7805,287178.0,21.74,22.02,20.67,21.06,2719332.54,94349.0,1.528e-05,-6.5e-07,-5.851e-05,85102.30527430556,2236553229.963692,2.1312667454166667,1.1340217856944443,609559.0347569444,1013895328.0954753,1.9380220974305555,1.1979186317013888,4110156.732638889,88034752.3961113,1.7778489289583332,1.0295731748263888
2023-08-25,26180.05,26314.05,25777.15,26060.01,27753.33772,611438.0,1661.16,1677.22,1635.51,1653.8,236261.6898,307211.0,21.05,21.06,20.09,20.42,2321828.3,84045.0,2.4536666666666665e-05,-1.241e-05,-0.00010825666666666667,85918.33204166667,2237622588.5219135,2.3868983680208333,1.1112165678819443,611167.5195069445,1009505344.688186,2.03248917625,1.1715608248611111,4117500.1631944445,84613314.737206,2.2698982736805555,1.0511491299652778
2023-08-26,26060.0,26125.77,25985.92,26017.37,10022.22322,329412.0,1653.79,1655.59,1644.0,1647.04,79175.425,157980.0,20.42,20.44,20.19,20.29,743690.27,31762.0,3.75e-05,-9.326666666666667e-06,-0.00018970999999999997,84462.73557291666,2198809500.459477,2.3129063699305554,1.5912473953472221,601382.7669479167,991919909.5795027,2.0522265801736115,1.5635447598611112,4279130.53125,86845761.27323134,2.457840730798611,1.7138053233449477
2023-08-27,26017.38,26182.23,25966.11,26101.77,12099.64216,349090.0,1647.03,1660.24,1646.32,1658.33,87789.9196,163046.0,20.28,20.92,20.24,20.79,1103526.81,42259.0,1.7690000000000002e-05,1.5433333333333334e-05,-0.0001543666666666667,86351.27069097222,2250327506.2288003,2.315434270104167,1.4130962622222223,602449.3940625,994899123.0601709,2.0673096021527777,1.349499899861111,4272316.201388889,87801223.56463191,2.2827722131597223,1.0949839065277778
2023-08-28,26101.78,26253.99,25864.5,26120.0,22692.62655,523057.0,1658.33,1664.34,1621.75,1653.08,214351.0143,274580.0,20.79,20.8,20.03,20.56,1622343.78,57505.0,2.851e-05,2.376666666666667e-06,-9.45e-06,87715.60926041666,2282985794.385661,2.3814401933680553,1.252326026388889,611238.1229062501,1006561400.5586419,2.119239021666667,1.262243459513889,4060563.173611111,83112457.46859963,2.351657228263889,1.0880376048611111
2023-08-29,26120.0,28142.85,25922.0,27716.34,74251.99488,1137083.0,1653.08,1745.84,1640.0,1729.42,494371.0823,504683.0,20.57,22.05,20.12,21.79,5271801.95,154885.0,-2.1136666666666664e-05,-2.8153333333333337e-05,-0.00010486666666666666,89641.42445138888,2395225492.41492,1.9393435440625,1.0687275624305554,620087.8594270833,1042677371.3542175,1.7911875708680556,1.098224194027778,4135980.940972222,86373295.40998372,2.161620900034722,1.0511897833680555
2023-08-30,27716.34,27768.57,27017.24,27299.99,35448.25848,690292.0,1729.41,1730.93,1694.34,1705.23,202841.4402,308391.0,21.79,21.99,20.6,20.82,2462706.77,87991.0,4.847666666666666e-05,6.460333333333334e-05,6.985666666666667e-05,90376.03736111111,2471566420.760391,1.3626439427777777,1.1308814695833334,622341.7423645833,1065481258.6270299,1.4715092167361112,1.2080832147569445,3981867.2291666665,84689501.8803314,1.8090140960416667,1.0401470579861112
2023-08-31,27299.99,27587.51,25655.01,25940.78,51032.80401,944690.0,1705.23,1729.0,1630.0,1645.76,330518.2668,396774.0,20.82,21.07,19.43,19.74,3342646.88,100944.0,5.9576666666666675e-05,3.9859999999999994e-05,-7.591333333333334e-05,87368.00140625,2348723781.473202,1.7161274168402778,1.1639689185416666,613341.336375,1034930325.45116,1.7650864656944443,1.1877200737847222,4065384.2604166665,82950007.05737756,2.524669406388889,1.0539016478125
2023-09-01,25940.77,26156.0,25333.75,25805.05,41032.15056,881179.0,1645.77,1654.53,1602.33,1629.12,302406.1686,368740.0,19.74,19.93,19.02,19.33,2517375.38,79529.0,4.935e-05,1.3923333333333334e-05,-5.911666666666667e-05,83795.62498611111,2169853824.335263,2.357082123819444,1.1805021500347221,595124.7830243056,974729850.2474079,2.250618387152778,1.0968506516666665,4117564.4756944445,80724009.38283156,2.651062599305556,1.0637967688194445
2023-09-02,25805.04,25987.5,25752.47,25869.51,16250.77698,567728.0,1629.13,1645.0,1628.03,1637.03,102145.9476,208209.0,19.33,19.69,19.13,19.5,1419243.59,46090.0,1.639e-05,-7.033333333333334e-07,-4.380333333333334e-05,82782.32985416666,2136872848.3497064,2.364352499583333,1.181050029201389,578520.3333541667,944838268.1391606,2.2412803372916668,1.0907348469097222,4172138.5381944445,81274021.20734967,2.5942002122916668,1.0581807025694445
2023-09-03,25869.52,26135.0,25800.0,25971.21,17474.47667,496412.0,1637.02,1647.5,1625.14,1635.84,116767.2862,216339.0,19.5,19.67,19.23,19.57,1032117.62,34732.0,2.6546666666666668e-05,-5.686666666666665e-06,-2.52e-05,81258.30881944444,2104760476.706421,2.286281677986111,1.2780822470138888,575897.5316180555,941198783.0628785,2.203379910138889,1.5823733414583332,4160337.6805555555,80974561.5035677,2.6028735228819446,1.1049558713541667
2023-09-04,25971.21,26108.02,25631.21,25826.02,21777.59609,596830.0,1635.84,1644.82,1616.32,1630.51,168010.9056,275381.0,19.57,20.05,19.15,19.52,2206040.45,70789.0,1.0333333333333333e-05,-2.282333333333334e-05,-1.1276666666666665e-05,81310.68575,2105090487.168038,2.282461271979167,1.1896941166666666,575106.1876006945,938648516.6260939,2.210539362777778,1.1517368630902778,4210330.805555556,82447294.46084024,2.6232947143402776,1.0823599228125
2023-09-05,25826.03,25915.49,25562.62,25792.1,21323.39337,566736.0,1630.52,1648.02,1609.69,1634.45,204365.4907,299045.0,19.52,20.6,19.03,20.26,4197171.75,129532.0,1.798e-05,1.4643333333333334e-05,-5.084666666666667e-05,83351.82018055556,2144531120.8767385,2.412870142638889,1.1790696946180554,587633.1195208333,957121606.8885877,2.1958661221875,1.1159808286805555,4540206.809027778,89727795.09355576,2.334573628645833,1.083686727048611
2023-09-06,25792.11,26040.0,25372.51,25759.95,27262.52386,636302.0,1634.46,1670.0,1609.2,1633.15,219541.0193,331227.0,20.26,20.39,19.14,19.64,3429947.48,106644.0,3.6966666666666667e-06,1.8123333333333333e-05,7.673333333333333e-06,84561.87252083333,2174700692.4214816,2.489676147222222,1.1480998742708333,598781.1330277778,976254026.5644883,2.253165368611111,1.1683681146875,4751511.079861111,93866687.553477,2.2913276958680555,1.0860922111458333
2023-09-07,25759.95,26443.14,25615.38,26255.0,27687.49567,631929.0,1633.15,1660.0,1623.4,1648.11,228558.2782,319517.0,19.63,20.0,19.32,19.92,2375627.15,64638.0,4.879e-05,5.562333333333333e-05,-8.22e-06,84255.92211805556,2175915878.607165,2.4019900119791666,1.1488819803472223,599472.0340486111,980133892.950113,2.2267186089930555,1.1719252501041666,4444869.704861111,87172929.33515212,2.606018129965278,1.0792911254166666
2023-09-08,26255.0,26445.5,25647.26,25910.5,28999.76471,646852.0,1648.11,1658.93,1616.21,1636.44,221570.0458,312966.0,19.92,20.28,19.37,19.61,1972054.86,62435.0,-9.013333333333332e-06,3.592666666666667e-05,-0.00014541666666666666,84352.46142013889,2194324001.7894974,1.975513019097222,1.1496856832986113,609592.84890625,997889634.6176668,2.1303742089930555,1.1210439375694445,4418198.364583333,87022489.9145863,2.3952554586805554,1.1369690544444444
2023-09-09,25910.5,25945.09,25796.64,25901.61,10980.62277,359038.0,1636.43,1637.52,1629.74,1635.54,58519.6229,156305.0,19.6,19.61,19.38,19.44,646379.52,25500.0,-1.337e-05,4.1563333333333336e-05,-0.00016211333333333335,83603.50197222222,2162179819.685011,2.024903820138889,1.4269264463541667,609515.318388889,995803946.9574869,2.0923383352083333,1.3956603790625,4721562.524305556,92061645.97130536,2.487651010798611,1.1543799591666666
2023-09-10,25901.6,26033.66,25570.57,25841.61,18738.26914,489773.0,1635.53,1635.7,1600.0,1617.42,207957.8428,292581.0,19.43,19.44,17.78,18.24,5630975.71,183349.0,1.9433333333333332e-05,2.0830000000000002e-05,-0.0003679566666666667,82744.43917013888,2135591373.5370996,2.066224069479167,1.290242496875,610511.8554722222,990397550.1384223,2.2340011275694445,1.2005002409722223,5783213.357638889,106638970.79432303,2.1210083220138887,1.0252231660069446
2023-09-11,25841.6,25900.69,24901.0,25162.52,41682.32,864138.0,1617.42,1619.0,1531.01,1551.85,417424.8189,470056.0,18.23,18.46,17.33,17.72,4755172.77,148667.0,1.1203333333333333e-05,3.32e-05,-0.00021933,85456.0168125,2177541138.3022885,2.358683243576389,1.1334489594097221,647429.7528541667,1024339983.6844523,2.3588881619097224,1.1081020899652776,6290378.534722222,112404677.44910395,1.7368430058680557,1.0574874159722223
2023-09-12,25162.53,26567.0,25131.48,25840.1,56434.38537,1047056.0,1551.84,1626.0,1549.67,1592.97,329739.9685,444268.0,17.72,18.8,17.57,17.92,4818249.11,140802.0,1.551e-05,-2.602e-05,-5.6773333333333334e-05,87958.32148421052,2274853705.5037904,1.90675057677193,1.1250208205614036,663378.4380421053,1053521842.4220799,2.158216333859649,1.0697841362807017,6224237.357894737,111967393.14837252,1.7638162718947368,1.0626830660350877
2023-09-13,25840.1,26405.22,25764.17,26222.0,31610.82753,714880.0,1592.97,1619.3,1581.88,1607.62,223409.2889,349327.0,17.91,18.56,17.69,18.4,4063710.36,131254.0,2.2336666666666666e-05,8.713333333333333e-06,-0.00012880000000000001,88622.70676388888,2311048518.8668113,1.6279377549652778,1.1264322886805556,656975.5150451389,1049805278.496787,2.0079895511111108,1.1256989298263889,6363083.083333333,115391872.96348032,1.691185904548611,1.0626494356944445
2023-09-14,26222.0,26860.49,26126.77,26522.73,38333.1725,799278.0,1607.61,1644.29,1607.05,1626.47,275301.1505,414952.0,18.4,19.33,18.38,18.85,4397747.38,134383.0,-2.863333333333335e-06,-3.4266666666666655e-06,-0.00018590333333333333,89865.79498263888,2374990511.209688,1.3852004080555556,1.1375882764583334,665322.353486111,1080564322.563154,1.745727665,1.1253410404166668,6647743.881944444,125380758.78382516,1.3649347846527777,1.0956629488194443
2023-09-15,26522.73,26888.0,26224.0,26600.0,26227.29369,654094.0,1626.48,1654.08,1611.42,1641.29,181340.024,313776.0,18.85,19.5,18.55,19.14,2087888.26,82808.0,1.3863333333333333e-05,7.100000000000003e-06,-0.00011389,90263.15881944443,2391062016.961486,1.3336658874652778,1.1453637588541667,668122.8554236111,1086603988.0333967,1.6695048859375001,1.1732222017361111,6603820.236111111,125161891.0836199,1.3870098153125001,1.0942167247569445
2023-09-16,26599.99,26777.0,26445.0,26559.67,13960.93351,526416.0,1641.3,1653.17,1631.31,1634.4,99555.4671,245713.0,19.15,19.46,18.86,19.12,1416418.73,57493.0,-2.9540000000000002e-05,3.718e-05,-6.071333333333334e-05,87556.72384375,2324126406.8802795,1.4172692463541667,1.1953845486458334,666670.8706875,1091184059.8802803,1.6167910865972221,1.2039372442708334,6293797.361111111,120237428.77858414,1.4389135949652778,1.131878812986111
2023-09-17,26559.67,26623.25,26399.0,26527.51,12998.10277,476775.0,1634.4,1635.0,1612.0,1622.48,120227.4117,264713.0,19.12,19.14,18.63,18.81,1073239.72,41993.0,8.96e-06,1.8376666666666666e-05,-0.00011355000000000001,86377.500375,2290130908.511248,1.3900106119097222,1.2133301552777778,654111.8220243056,1064004237.3174578,1.7753092118055556,1.294766321076389,6306569.756944444,119407923.80526614,1.4023289155208334,1.0349229585416666
2023-09-18,26527.5,27409.0,26377.35,26762.51,43000.43256,938705.0,1622.48,1669.5,1603.88,1636.66,279041.6978,453410.0,18.81,20.15,18.58,19.64,3731851.86,130244.0,-2.2343333333333333e-05,1.654333333333333e-05,-0.00017588666666666666,90548.78453472222,2431599071.288192,1.2445455044444445,1.1013257008333333,659116.810625,1080092021.7057467,1.6807754127083332,1.1175265908333332,6245651.892361111,121388637.39151877,1.2958756387152777,1.0706084507291667
2023-09-19,26762.5,27483.57,26667.79,27210.26,36190.52187,898076.0,1636.66,1661.04,1626.32,1643.12,184282.4258,350549.0,19.65,20.42,19.58,20.03,3110481.29,211645.0,-4.2000000000000004e-06,-4.6433333333333335e-06,-2.2469999999999997e-05,92078.53316666668,2489272710.6173844,1.2392789572222223,1.1550557698611112,654084.7497222222,1073423088.8547232,1.6968010296875,1.2659344369444443,6042658.805555556,120532699.23820584,1.2311408186458332,1.065820194826389
2023-09-20,27210.25,27388.63,26800.0,27125.0,34207.21867,867288.0,1643.13,1649.34,1604.51,1622.26,232844.2347,382581.0,20.02,20.54,19.8,20.29,2588399.2,98759.0,-2.460666666666667e-05,3.3033333333333334e-05,-0.00010717666666666666,91467.44649652777,2479509403.160864,1.3380056369791666,1.1281153263541668,652632.7060486111,1064183807.8539109,1.998380965902778,1.1681929301736111,5693826.795138889,114377653.13158117,1.2656762622222222,1.0531528429513888
2023-09-21,27125.01,27159.6,26377.7,26568.08,34476.82662,823416.0,1622.27,1625.3,1567.77,1583.94,240627.544,368163.0,20.29,20.29,19.29,19.46,2959370.24,98554.0,3.901e-05,3.6070000000000005e-05,9.113333333333335e-06,92847.1265625,2485007965.102691,1.5452726407291668,1.1709752406597222,676422.4361875,1082577079.3898993,2.3483025920833334,1.124950508888889,5686557.489583333,112223892.53033108,1.4624050277083334,1.0689940757291667
2023-09-22,26568.08,26743.38,26468.77,26580.14,18198.2292,567149.0,1583.94,1602.68,1576.58,1593.08,124886.091,267398.0,19.45,19.81,19.15,19.43,1857771.33,63414.0,1.0359999999999997e-05,2.8763333333333333e-05,2.2743333333333333e-05,92784.28014236112,2467926302.324988,1.6939213888194444,1.1363521898263889,682835.9499548612,1087634811.7787037,2.416423297013889,1.152807169861111,5722011.947916667,111734694.76888302,1.628827531909722,1.0957947393402778
2023-09-23,26580.14,26632.81,26509.0,26575.96,9440.7026,421717.0,1593.07,1598.24,1587.45,1593.86,64537.1341,217950.0,19.42,19.57,19.29,19.49,897913.0,30406.0,2.8136666666666668e-05,2.7003333333333333e-05,7.309e-05,91585.37847569444,2432709766.808586,1.7439427852777778,1.3165732835763888,685431.1540486111,1091325041.6637526,2.349446160625,1.5877874603472222,5671023.027777778,110187013.43567625,1.626142137534722,1.092577641736111
2023-09-24,26575.97,26738.54,26122.08,26248.38,15706.65771,545045.0,1593.85,1601.12,1570.01,1580.71,137517.8533,307377.0,19.48,19.68,19.2,19.36,1091026.97,38377.0,2.0719999999999995e-05,2.368e-05,5.308666666666666e-05,91501.7700798611,2428896501.9753985,1.7623686314583333,1.6348515661111112,691501.5444930556,1100247847.244955,2.3533093061458334,1.4160416333680557,5646478.309027778,110273723.79327661,1.607179688263889,1.17966619375
2023-09-25,26248.39,26446.15,25990.46,26304.81,26266.2039,873488.0,1580.71,1597.5,1563.01,1588.33,176706.9277,405042.0,19.36,19.74,19.07,19.39,1702995.14,52018.0,4.0323333333333334e-05,4.097333333333333e-05,3.5200000000000015e-06,91491.55178472222,2396145547.441536,1.9430920979166666,1.2063392273958333,708172.9137847222,1119212789.0482626,2.4542428446180558,1.2890759859027776,5522355.020833333,107520092.45742828,1.7398403836458334,1.107821765
2023-09-26,26304.8,26397.46,26088.34,26221.67,18495.35066,697727.0,1588.34,1599.78,1580.05,1594.01,125583.0161,317309.0,19.39,19.53,18.84,19.03,1977195.6,51826.0,1.6699999999999982e-06,4.5673333333333335e-05,-8.250000000000002e-06,90992.82537847222,2387088712.563859,1.8499216901041666,1.1847681529861112,723625.3582013889,1149363468.1277869,2.3453583025694447,1.1034858465625002,5463432.434027778,105255939.93582639,1.8156731355555555,1.1131307408333333
2023-09-27,26221.68,26850.0,26112.06,26372.99,34771.57978,939690.0,1594.02,1634.1,1583.5,1598.64,274404.4328,478489.0,19.03,19.48,18.73,19.14,2446438.2,69839.0,5.1319999999999997e-05,5.2163333333333336e-05,4.4193333333333336e-05,91508.94498958334,2408569789.248555,1.7776289451041667,1.1726477741319445,714152.9333611111,1142302479.7479568,2.1705541608333334,1.131443906875,5354624.482638889,101887095.6889178,1.9704810484027777,1.109193596111111
2023-09-28,26373.0,27308.48,26342.4,27021.39,44517.83491,1158974.0,1598.63,1668.21,1598.14,1652.99,331409.7015,567825.0,19.13,19.98,19.1,19.96,2804835.46,75243.0,-1.8796666666666666e-05,2.4523333333333333e-05,-3.348666666666666e-05,90471.55897222222,2413647735.0156226,1.4454735514930557,1.110109439027778,721639.7305208334,1176326355.0083835,1.7087763983333335,1.1209752910416666,5058876.993055556,98081401.7500652,1.732378549548611,1.0770016093402779
2023-09-29,27021.39,27244.89,26665.16,26906.96,28478.76219,878610.0,1653.0,1688.0,1648.37,1667.45,251975.6728,494615.0,19.97,20.46,19.85,20.28,2724984.42,79328.0,-1.995e-05,1.3493333333333333e-05,-4.784e-05,90472.77444444444,2437784008.5132093,1.1358616938194444,1.1562516693055556,739032.1272847222,1229872611.8621519,1.2610426153472223,1.1231462188888888,5378102.475694444,108503742.42208642,1.3308329304166666,1.0595465894444445
2023-09-30,26906.96,27094.99,26886.31,26962.56,12804.62307,534908.0,1667.45,1694.32,1666.19,1670.89,136924.9141,342315.0,20.28,21.81,20.07,21.37,3565357.52,120229.0,1.344e-05,-1.1266666666666672e-06,-0.0001879833333333333,89269.87817013888,2406214986.2417164,1.245649603611111,1.2339106154513888,750016.2880520833,1255909224.204574,1.2713299817708335,1.232167442361111,5634724.524305556,116994269.37106697,1.2126064486805557,1.0737782474652777
2023-10-01,26962.57,28065.51,26954.09,27992.57,24602.81468,883593.0,1670.89,1751.0,1668.0,1733.79,225611.5868,495195.0,21.37,24.5,21.13,23.87,6416328.5,250790.0,-8.623333333333333e-06,1.0483333333333333e-05,-0.00011682000000000001,91791.94964930556,2492344769.3820133,1.2040802603472223,1.27811221875,755167.8578055556,1270096661.6400213,1.2768514030208333,1.2185988663194445,5745406.618055556,128076491.27521566,1.2406009350347222,1.1568678843402778
2023-10-02,27992.58,28580.0,27281.44,27494.51,57071.14241,1464158.0,1733.8,1744.0,1636.79,1662.4,378575.6898,773990.0,23.88,24.8,22.9,23.37,6313085.51,266005.0,1.694e-05,7.560000000000001e-05,4.013666666666667e-05,91708.14127777779,2571270537.7622747,0.9363972989583333,1.0983022047569444,724570.5479513889,1237056139.8815799,1.354819112465278,1.1065756985069446,5425030.642361111,129692366.12057537,1.0316177711458332,1.0441244663194444
2023-10-03,27494.51,27676.52,27160.5,27426.46,28928.96555,1202377.0,1662.41,1670.65,1643.0,1656.88,198287.1164,530016.0,23.38,24.77,23.21,23.6,5894722.26,242698.0,2.7796666666666668e-05,2.9513333333333334e-05,-5.347999999999999e-05,89482.76747569445,2458309946.0929003,1.2850029040277777,1.1393798297222224,690231.7347361111,1144615476.4493916,1.8264603456597222,1.1548659283333333,5392969.645833333,128548643.91364129,0.9952960817361112,1.0438321978125
2023-10-04,27426.45,27839.72,27202.0,27778.57,29816.142,1188381.0,1656.88,1657.66,1625.0,1646.58,222861.7167,553269.0,23.61,23.86,22.58,23.13,3945261.33,164119.0,3.124666666666667e-05,2.6586666666666664e-05,-0.00011267666666666667,88414.38773611112,2431869561.3739944,1.456194438784722,1.1337941812152779,685046.1343263888,1124952009.3176765,2.115241081076389,1.1629725289930555,5345615.711805556,123859423.8418811,1.1404663271875,1.067067938402778
2023-10-05,27778.57,28120.39,27352.0,27410.39,30681.49619,1210397.0,1646.58,1655.47,1606.73,1611.79,237378.7449,545845.0,23.13,23.76,22.53,22.7,3287722.78,128809.0,-3.459e-05,2.274e-05,-0.00017134666666666668,91575.12312152778,2529396953.0296125,1.298453528263889,1.1024030747222222,709573.7050555556,1157580515.3247912,2.2977695979513886,1.2014821145833334,5510724.163194444,126990198.44620246,1.2559919146527778,1.0704648798611112
2023-10-06,27410.39,28295.0,27175.94,27931.09,37983.24277,1326700.0,1611.79,1662.0,1611.68,1645.03,220507.9286,539488.0,22.7,23.76,22.66,23.41,4366362.12,158535.0,-9.396666666666666e-06,8.126e-05,-3.3583333333333334e-05,92454.39003472222,2560628086.1776066,1.2380728233680556,1.1190573912500001,716693.9941597222,1170365661.0275216,2.291510914201389,1.0962647662847222,5617319.777777778,130641135.76349473,1.2182226966319445,1.0905559238194444
2023-10-07,27931.1,28029.67,27842.08,27956.67,13348.83825,641623.0,1645.03,1647.71,1630.03,1633.57,101241.5732,288695.0,23.41,24.21,23.08,23.3,2949841.72,101895.0,2.3520000000000002e-05,5.273e-05,-5.312e-05,91756.56852777778,2561400320.34182,0.9468539951736111,1.220965663125,728194.838201389,1192953719.048915,2.036476278125,1.2873092654166667,5588513.642361111,131130918.20939687,1.1854560578819444,1.0829848949652776
2023-10-08,27956.67,28095.14,27687.5,27917.05,19693.56921,822730.0,1633.56,1641.4,1616.17,1632.84,149424.6635,372636.0,23.29,23.64,23.06,23.22,1934466.13,73711.0,2.1503333333333335e-05,9.361666666666667e-05,-4.790333333333334e-05,92110.85365972221,2570295788.0708766,1.000102366736111,1.2245514168402778,733576.3007881944,1196113745.8667574,2.284018732326389,1.1792466093055556,5450199.180555556,127239940.63916339,1.2500473120833333,1.0717771038194444
2023-10-09,27917.06,27987.93,27260.0,27590.12,31534.74639,1156525.0,1632.85,1636.0,1546.0,1580.13,340141.0988,646240.0,23.21,23.37,21.59,22.1,4186290.48,199566.0,5.115e-05,6.835666666666668e-05,-6.986666666666667e-05,92123.49822569445,2548356746.2776937,1.1944565915625,1.076541626701389,766593.0737986112,1227178811.2820268,2.569810254791667,1.0826175196180554,5214174.211805556,117792818.75646935,1.5177825679166665,1.053791245486111
2023-10-10,27590.12,27735.0,27298.0,27390.12,22776.84383,1002272.0,1580.13,1594.9,1550.55,1567.63,240659.3287,613660.0,22.09,22.48,21.69,22.11,2334716.24,90922.0,4.263666666666667e-05,6.878666666666667e-05,-0.00014308666666666667,91919.97430208333,2528733575.663198,1.3309649035763889,1.1035772564583333,784301.7241736111,1236341801.8047729,2.7263787153819443,1.1465743396874999,5119202.381944444,113096500.73621082,1.6855465218402776,1.0777985455208334
2023-10-11,27390.12,27477.39,26538.66,26875.52,37349.44706,1336479.0,1567.62,1578.43,1544.26,1566.87,260253.9671,605321.0,22.11,22.43,21.62,22.01,2734211.94,95593.0,6.855666666666667e-05,4.1246666666666666e-05,-6.744333333333335e-05,97241.72455208334,2625754949.487886,1.8168573134722221,1.14484149125,808508.6686458333,1264009911.8948543,2.883526276770833,1.113675552638889,5306042.666666667,117007444.39382093,1.6578902752777778,1.069139303125
2023-10-12,26875.52,26947.04,26555.0,26759.63,23428.64112,1066082.0,1566.86,1568.56,1521.0,1539.61,237221.4977,510960.0,22.01,22.05,20.93,21.28,2921129.02,89434.0,6.655e-05,4.6093333333333335e-05,-1.5413333333333334e-05,97378.24203125,2605379202.2258463,1.8834413065277777,1.1643355500694446,823913.61025,1275119340.5895839,2.9336237677430557,1.122266982638889,5321498.604166667,114159726.60416272,1.7667283046180555,1.049529800763889
2023-10-13,26759.63,27130.0,26685.0,26862.0,24115.76499,1035322.0,1539.61,1575.36,1537.76,1552.16,192205.8736,520123.0,21.29,22.23,21.11,21.84,2403623.09,74853.0,2.2196666666666667e-05,3.2863333333333334e-05,-6.486333333333333e-05,97101.90855902777,2602981845.2295723,1.8119892860416666,1.120151496076389,839975.1525520834,1298145421.9506776,2.7579398967708335,1.0577929619097222,5142186.826388889,110359463.02476369,1.7925042355555556,1.1163804541666666
2023-10-14,26862.0,26989.58,26789.0,26852.48,10417.25576,517837.0,1552.16,1561.72,1544.55,1554.94,100314.6754,281561.0,21.85,22.31,21.8,22.0,1303774.54,43884.0,1.5906666666666665e-05,3.608666666666667e-05,-0.00018068,98492.31064583332,2646467242.503451,1.7971600639930554,1.303449312361111,811817.6362430556,1259462866.6359625,2.788716528194444,1.220500101701389,5087971.475694444,111863696.25330016,1.6991322756597222,1.0944950636805555
2023-10-15,26852.48,27293.33,26808.25,27154.15,15274.6917,682942.0,1554.94,1567.62,1547.44,1557.77,120311.2738,316951.0,22.0,22.17,21.66,21.93,1455965.78,48984.0,1.669e-05,4.799333333333333e-05,-1.6599999999999997e-05,97971.67833680556,2637931805.7313204,1.758201888611111,1.3270743178472222,802992.2719201389,1249012762.8130498,2.688827453125,1.2570987355208334,5041456.868055556,110355798.75116888,1.6686065958680556,1.1503937777777777
2023-10-16,27154.14,30000.0,27112.66,28500.78,78399.22445,2289339.0,1557.78,1639.43,1555.06,1599.42,418510.8644,729569.0,21.93,24.75,21.89,23.95,6973642.82,247014.0,3.394333333333334e-05,5.995e-05,-0.00010079,93964.73066319445,2619452930.31001,1.2267876992708333,1.0715563225694444,780610.3327708333,1232756854.178206,2.348695449375,1.1215060177430556,4832213.190972222,111273775.90824598,1.3373402345833334,1.077030092986111
2023-10-17,28500.77,28613.65,28069.32,28395.91,38428.44532,1345810.0,1599.41,1600.53,1551.08,1565.01,234817.0699,475213.0,23.95,24.56,23.46,23.93,4456015.31,165585.0,-2.0466666666666673e-06,3.752e-05,-3.675333333333333e-05,89890.83602083333,2550554421.5904365,1.05236052,1.0895391307291666,764583.66628125,1207087942.3954585,2.2942068055208336,1.1088843800000001,5227095.503472222,125635148.45271887,0.8577580261458333,1.079209814826389
2023-10-18,28395.91,28982.36,28142.87,28320.0,32162.47591,1215235.0,1565.01,1585.42,1555.88,1563.44,177750.2253,440577.0,23.94,24.43,23.36,23.42,2982409.96,96869.0,-9.716666666666666e-06,4.609000000000001e-05,4.659666666666666e-05,89238.65926041667,2533332340.7582126,1.0578327208333334,1.1246392652777777,762649.3844340278,1197219866.7315874,2.4006617465625,1.135555481875,5424469.5,129286852.47992188,0.8456682155555556,1.050664916111111
2023-10-19,28320.0,28916.89,28100.66,28713.71,35895.50179,1330256.0,1563.45,1574.45,1541.61,1566.57,216217.6675,469598.0,23.41,25.77,23.11,24.93,5889168.99,195325.0,-4.2193333333333335e-05,4.3603333333333337e-05,-9.112666666666666e-05,90116.15106250001,2565549941.893538,1.0394184941666667,1.1149693435416668,771570.3770902777,1201107435.8786106,2.670802410208333,1.123517678263889,5417847.833333333,131394252.9365357,0.8085407825347223,1.0711919321180554
2023-10-20,28713.71,30207.55,28578.29,29669.04,59422.0992,1915748.0,1566.57,1630.4,1561.19,1603.89,315995.792,651738.0,24.92,27.5,24.73,27.03,7266627.01,279364.0,-1.5490000000000002e-05,5.617333333333334e-05,-0.00020756333333333337,94438.44265625,2777938069.4949093,0.7771894565972223,1.140731641423611,786503.8195381945,1256501360.5448759,1.9465617397569446,1.158986531736111,6311851.506944444,167157937.11183053,0.6183115713194445,1.0798506445833334
2023-10-21,29669.05,30379.99,29464.77,29909.8,27517.51897,1152137.0,1603.88,1644.53,1592.36,1628.94,176419.4092,463033.0,27.02,30.31,26.65,29.32,9576358.72,346600.0,2.872e-05,3.4693333333333335e-05,-3.951e-05,93761.74888888889,2792588112.41674,0.7333225194791667,1.1935623489583334,788689.3306631944,1271699444.3726459,1.7718031262152778,1.1473436781944446,6638440.225694444,188451247.9453835,0.6219838914930556,1.0769970075694444
2023-10-22,29909.8,30248.0,29640.0,29992.46,22852.54563,1008299.0,1628.94,1667.8,1621.1,1663.7,228650.9225,580843.0,29.33,30.01,28.09,29.05,5567480.03,213565.0,2.7536666666666667e-05,3.602e-05,-2.963333333333333e-05,94496.19870138889,2825248264.3284497,0.7022766619097223,1.2390178123958333,790493.1345208334,1291550740.886753,1.5591733845833333,1.179030596076389,6370881.361111111,184475183.65201017,0.6297924728819444,1.094841193888889
2023-10-23,29992.46,34741.91,29883.6,33069.99,93513.64246,2839938.0,1663.69,1800.0,1657.07,1765.46,610931.9663,1167834.0,29.06,32.81,28.74,31.88,12178546.11,470731.0,6.162666666666666e-05,4.2460000000000003e-05,5.363333333333333e-06,97088.2938611111,2998480125.635559,0.6689060633680556,1.1298867700347222,776919.8621805556,1312257745.3625488,1.4022988966666667,1.0709161847916666,5997830.625,179391701.23721677,0.7913094683333334,1.0360210534722223
2023-10-24,33069.99,35280.0,32832.34,33922.73,115265.02418,2850160.0,1765.47,1854.38,1756.21,1784.98,674055.1375,1308532.0,31.88,32.61,29.5,30.17,11152278.09,462785.0,0.0001,0.0001,0.0001,85297.92454166667,2908154030.3423758,0.8448722771527778,1.0571815330208334,727933.2677951389,1312925363.3573263,1.374565632673611,1.0216526694097223,5132322.225694444,160194542.96689537,0.892243830138889,1.0240338101041668
2023-10-25,33922.73,35132.85,33679.05,34496.05,54887.02529,1643976.0,1784.98,1817.69,1760.0,1787.15,354410.8294,774777.0,30.18,33.9,30.0,32.44,10582632.89,441499.0,0.0001,0.0001,0.0001,85141.18784722223,2923191579.357043,0.8463748617361111,1.0773791322222221,708584.2421041667,1266994247.077845,1.4575480403125,1.0392171947569446,4987593.15625,160115178.20672837,0.8862516328125,1.031035795173611
2023-10-26,34496.05,34824.13,33751.0,34151.66,39744.66255,1382785.0,1787.15,1865.54,1762.21,1803.38,431169.0453,901019.0,32.43,33.28,30.73,32.77,6940180.71,300882.0,0.0001,0.0001,8.323e-05,84746.78727083333,2909723831.3109183,0.8492073453472222,1.0552589310069445,726848.2267083334,1312122513.4767516,1.4339956767708335,1.0630108052430556,5008295.569444444,160870786.12816125,1.037614402048611,1.0106006565277776
2023-10-27,34151.66,34245.0,33390.95,33892.02,32330.40106,1112240.0,1803.39,1803.91,1744.66,1779.4,274532.6921,594592.0,32.78,33.35,31.2,31.73,6273331.35,267809.0,0.0001,0.0001,0.0001,85322.73033333333,2898551076.0164165,0.9274897437847223,1.0308602968055556,716662.6507256945,1278068691.6441858,1.5338432124305554,1.0352711511805555,4967459.375,160491818.41497445,0.9333430205555556,1.02353908
2023-10-28,33892.01,34493.33,33860.0,34081.0,16880.13144,607438.0,1779.41,1803.23,1770.0,1776.2,122919.7382,333711.0,31.73,32.51,31.35,31.63,2594478.41,115942.0,0.0001,0.0001,0.0001,85043.3822638889,2899336248.401023,0.9473004792013889,1.2068489905902777,708637.5683576389,1265535993.1889977,1.4864172115277778,1.1020433849305555,5008477.184027778,160200289.1336517,0.9779631780208332,1.0392372005208332
2023-10-29,34081.01,34750.11,33930.0,34525.89,20685.52176,717480.0,1776.21,1811.3,1762.66,1795.14,144110.6508,371024.0,31.62,33.19,31.27,32.83,3483834.9,143590.0,0.0001,0.0001,0.0001,87193.15894791666,2992255718.2816043,0.9188369519791666,1.2191080651736113,715237.4344479167,1279210076.9232473,1.4881772289930555,1.1588566344791666,4909180.614583333,158644578.09435046,0.9430359209375,1.0534435390625
2023-10-30,34525.88,34856.0,34062.84,34474.73,33657.95976,1117727.0,1795.14,1829.84,1777.77,1809.04,277686.192,560359.0,32.83,35.35,32.28,34.94,7627255.13,302180.0,0.0001,0.0001,9.792e-05,87049.50627083334,2998604334.062933,0.9365672498263888,1.1332905106597222,739915.2796180556,1334169419.3217196,1.4977631881944444,1.1445420603472223,5081973.913194444,173233438.9525488,0.8497545748263888,1.0378304015277777
2023-10-31,34474.74,34720.49,34025.0,34639.77,32737.89822,1179053.0,1809.03,1819.41,1780.99,1814.67,258074.5796,577888.0,34.94,38.62,34.82,38.4,9267665.69,418248.0,0.0001,0.0001,8.237333333333334e-05,87092.39255902778,2995918235.7847004,0.9955681746875,1.1348319734375,752924.7999618056,1357758298.313943,1.5086545913194445,1.091050279409722,5347012.006944444,194091984.1480691,0.8419211897222223,1.0588673694097224
2023-11-01,34639.78,35582.0,34097.39,35421.43,53473.28165,1624635.0,1814.67,1857.66,1783.19,1846.99,471921.6184,862416.0,38.41,46.9,37.81,41.15,19486359.98,1118913.0,0.0001,0.0001,-0.00013171,86975.24495138889,3009500863.0968757,0.9305983331944445,1.1279501234027778,771322.0694548611,1399323541.6548898,1.3688210138541668,1.1112020593055556,5788011.104166667,232007125.3386021,0.858149585,1.0109053015625
2023-11-02,35421.43,35984.99,34300.0,34941.59,48015.57732,1450837.0,1846.99,1875.0,1785.01,1800.8,368738.2193,790110.0,41.16,44.57,38.65,40.23,14743830.91,803736.0,0.0001,0.00019114,0.0001,85276.53337152778,2998546534.3604503,0.9353102951041667,1.0259366633680556,775879.8809201389,1418373486.7908456,1.4033616639930555,1.016391672673611,5533859.010416667,231859891.85373396,1.2302522860416667,1.01568872625
2023-11-03,34941.58,34946.5,34120.0,34716.78,39071.20644,1237373.0,1800.79,1834.58,1777.11,1832.71,315000.2678,713592.0,40.24,40.26,37.98,39.45,10290073.48,499933.0,0.0001,0.0001,0.0001,82933.32029861111,2863388229.01319,1.0688560746180555,1.0598203595138889,747690.0128055555,1348670071.9382696,1.6026149309027777,1.0514900758680554,5686324.315972222,222488688.99557117,1.5144891139930554,1.0372347972222222
2023-11-04,34716.78,35255.0,34585.18,35062.07,18377.55545,794787.0,1832.7,1869.9,1824.03,1855.54,171538.0364,463794.0,39.45,42.72,39.0,42.41,7452581.71,375836.0,0.0001,0.0001,0.0001,83195.60501736111,2891703530.223847,0.9805812559027777,1.1908676019791669,782920.5253333333,1438259557.7114594,1.1705461210763888,1.1061827973958334,5383892.923611111,222837709.18278632,1.422095762465278,1.031486034236111
2023-11-05,35062.06,35380.0,34448.0,35011.88,24528.73376,1038468.0,1855.54,1912.67,1846.11,1891.71,383106.7628,780672.0,42.41,42.85,40.1,41.15,4117962.39,243247.0,0.0001,0.0001,0.0001,86144.55716666667,3019349669.5844326,0.8718859509027778,1.1634423901041666,821517.7939166666,1545666256.415209,1.0340665218055554,1.133692587326389,5358718.989583333,222239128.5290332,1.4557563177430555,1.0220303384027778
2023-11-06,35011.89,35276.33,34725.9,35046.09,22346.47086,988246.0,1891.71,1914.23,1868.48,1900.95,328746.2394,717293.0,41.16,42.2,39.66,42.16,4866558.59,311052.0,0.0001,0.0001,0.00011761999999999999,87037.48542708333,3047348334.916265,0.8852573337847223,1.1807164907986112,809620.0005104166,1531896366.1306689,1.1255228291666668,1.0749972675,5320031.472222222,215584340.58051103,1.6416620419097223,0.9974129022569443
2023-11-07,35046.09,35888.0,34523.06,35399.12,38688.73692,1352796.0,1900.95,1906.99,1850.32,1885.27,332419.4406,760921.0,42.16,44.78,40.08,42.93,8826660.47,533222.0,0.0001,0.0001,0.00013526333333333334,89183.65580208333,3118954297.424629,0.9619806814236112,1.0831129255902778,799130.0703194444,1505885088.9429462,1.270615877638889,1.0306030720833332,5476805.25,229818409.65231967,1.4425189240277776,1.0155196893055556
2023-11-08,35399.13,36106.0,35100.0,35624.72,33401.34137,1132568.0,1885.26,1904.69,1872.51,1888.12,247881.0997,514836.0,42.93,43.88,42.25,43.13,4580371.01,257006.0,0.0001,0.0001,0.00012381,88490.48248263888,3132993475.1677914,0.8081740690625,1.1152686365625,774462.4371319445,1461938198.4343543,1.2688626144097224,1.047580246875,5564099.65625,240196473.13455883,1.409754855486111,1.0200388538541665
2023-11-09,35624.72,37972.24,35534.05,36701.09,82537.88885,2138765.0,1888.11,2132.0,1882.07,2121.32,1100330.3237,1657379.0,43.12,48.88,41.36,45.29,12546941.33,827876.0,0.00013342333333333332,0.00030377000000000003,0.00016029666666666665,89160.75045486112,3264672458.4354897,0.7910893517708334,1.0994115579861112,803193.7577361112,1577138064.4681032,1.1498036122222224,1.0889708988888889,5068490.53125,228881413.0326388,1.3532222202430555,0.9973160551041667
2023-11-10,36701.1,37526.0,36324.71,37301.63,43414.04898,1297729.0,2121.33,2136.99,2064.61,2077.72,555573.6495,880646.0,45.3,57.54,45.05,56.67,14708555.35,1162737.0,0.00010560666666666666,0.00027204333333333334,0.00012298999999999999,79659.41482291667,2943979100.8146095,0.9845313308333333,1.0332139439583332,844748.6653854167,1774774044.591361,1.082598672013889,1.0601182817361112,4743437.576388889,237718399.378493,1.2071741229861113,1.0065308490277778
2023-11-11,37301.63,37408.26,36666.93,37130.0,22984.97235,923300.0,2077.72,2089.6,2030.3,2053.17,370966.0372,675522.0,56.67,63.95,53.55,56.34,13790858.3,1270979.0,0.00013751666666666666,0.00018141333333333333,0.00016884666666666667,80300.17850694444,2978531439.907629,0.9823611489895471,1.1356853646527778,817323.3074895834,1685274541.067296,1.4152855447038328,1.0665135947916666,4859848.395833333,278253488.81831837,1.1588946328571428,0.99409217
2023-11-12,37129.99,37222.22,36731.1,37064.13,17687.18874,810885.0,2053.16,2066.5,2012.1,2044.68,281907.559,556231.0,56.36,61.86,54.5,56.28,10246085.39,937454.0,0.00022046000000000001,0.00016874666666666667,0.00028254666666666664,81323.05545833333,3017084620.480851,0.9568858297569444,1.212288735,804080.5958993055,1649420402.4640267,1.5547578835416667,1.0792684394444445,5009280.677083333,290222804.94652605,1.577795805138889,0.9901437467708334
2023-11-13,37064.13,37417.99,36333.0,36462.93,32798.18252,1217191.0,2044.69,2118.0,2028.49,2053.65,529143.5815,1025249.0,56.27,59.86,51.28,51.6,11066863.24,1105038.0,0.00021284000000000003,0.0002620333333333333,0.00031239666666666664,81469.61435763889,3005389566.687586,1.0444432628125,1.071268945486111,818665.3797534722,1689953854.045405,1.5238619914930556,1.0116350108680556,5052803.434027778,285235610.84726447,1.7470049540625,0.9924753348611112
2023-11-14,36462.93,36744.0,34800.0,35551.19,45503.68416,1404428.0,2053.65,2064.96,1936.6,1979.39,481909.733,884487.0,51.6,57.99,51.12,56.81,12213778.24,1083209.0,0.00016076,0.00014150333333333334,0.0002819233333333333,80788.7265625,2928585602.0088263,1.1657111126041668,1.0479033678472223,798942.1478576389,1625013003.59616,1.6437293394097223,0.9667395923611112,4942726.729166667,270835911.10072243,1.6551213854513889,0.9925310090972221
2023-11-15,35551.2,37980.0,35360.0,37858.2,53569.13385,1545427.0,1979.4,2062.4,1967.01,2058.48,421870.8032,731745.0,56.81,67.12,56.15,65.43,12800109.28,1286609.0,0.0001,0.0001,0.00016627666666666667,81208.99877083334,2945276809.884241,1.1582120600694443,1.115607436736111,791443.19321875,1588141103.2288065,1.6943212884375,1.0531789375,5258787.638888889,320331486.0864784,1.1588938456944444,1.0255717629166667
2023-11-16,37858.2,37929.54,35500.0,36163.51,47490.39566,1542446.0,2058.49,2090.4,1939.1,1961.77,545286.1297,991673.0,65.43,68.2,56.31,57.8,13868327.04,1258736.0,0.00012404333333333335,0.0001,0.00025532,84229.75492013889,3113556713.1822968,0.9575604666666666,1.0541163772222222,779497.6896180556,1579740072.2309902,1.6635852773263888,1.2448252949652778,5359807.798611111,341075298.09977627,1.220145307673611,1.0207703988194445
2023-11-17,36163.51,36800.0,35861.1,36613.92,38283.61112,1349322.0,1961.77,1991.5,1904.0,1960.82,401100.5069,788071.0,57.81,60.57,54.1,58.51,11968303.78,992117.0,0.0001,0.0001,0.0001,79035.44757638889,2874209117.085367,1.2784840123958334,1.024006292951389,774860.7789131944,1519290143.6603627,2.118940659409722,1.0211736521527779,4795442.5,278558906.5943956,2.0517255283680553,0.9951038294444445
2023-11-18,36613.91,36845.49,36178.58,36568.1,17102.24186,784498.0,1960.82,1971.22,1916.0,1962.6,279368.2208,535494.0,58.52,59.37,54.7,58.56,7374946.5,554041.0,0.0001,0.0001,0.0001,78962.86321527777,2882032638.0781436,1.1678792536111111,1.142759229236111,800650.2264236112,1560703621.6337388,2.101416073472222,1.0676620846527778,4578691.652777778,263050162.69910505,1.8866628507291665,1.0086189067708333
2023-11-19,36568.11,37500.0,36384.02,37359.86,21246.34648,862400.0,1962.59,2015.75,1942.89,2011.47,251132.6192,506631.0,58.56,62.1,56.61,61.1,7009650.09,552196.0,0.0001,0.0001,0.0001,79888.17971875,2927501837.447142,1.1124566392013888,1.216000178576389,812943.354638889,1597067461.8970635,2.0024187144444445,1.1168329935763888,4552798.645833333,272113711.14826775,1.7068196472916666,1.0470861349999998
2023-11-20,37359.85,37750.0,36677.0,37448.78,36022.70291,1485050.0,2011.47,2066.4,1990.0,2021.4,421717.679,751621.0,61.1,61.33,56.0,56.57,7127562.28,593999.0,0.0001,0.0001,0.0001,80464.35414930555,3001592332.974693,0.9060947940780142,1.0614761300347224,805777.5820659722,1629111138.923406,1.5250169732624113,1.053384767326389,4612213.069444444,272764456.6075865,1.773731484893617,0.9973100597569444
2023-11-21,37448.79,37649.44,35735.0,35741.65,47646.54804,1936895.0,2021.41,2034.6,1931.43,1933.01,490163.9863,888864.0,56.57,57.4,51.23,51.65,10741088.9,810170.0,0.0001,0.0001,0.0001,83400.91100000001,3098034894.5310283,0.9043369127430556,1.0957078520138888,814605.7982986111,1630272415.569581,1.5735328503125001,1.0615149647916668,4899125.145833333,271326370.3108058,1.8994432596180555,1.0248933190972223
2023-11-22,35741.65,37861.1,35632.01,37408.34,45051.30697,1648374.0,1933.01,2092.46,1928.41,2063.21,466120.5109,796700.0,51.65,58.94,51.43,57.56,7891464.65,471290.0,0.0001,0.0001,0.0001,79605.49821527778,2918222921.674719,1.0715291436458334,1.0971313711111113,862304.5821458333,1741086977.8358328,1.3489569024305554,1.0528767875694445,4813018.486111111,265491379.2979408,1.8765597907291667,1.023957068923611
2023-11-23,37408.35,37653.44,36870.0,37294.28,23827.92882,992284.0,2063.22,2088.94,2040.35,2062.2,250960.6958,527877.0,57.55,59.63,56.14,56.51,4925635.15,383230.0,0.0001,0.0001,0.0001,81519.12833680556,3042209472.3586392,0.8071302848251748,1.1205434128819443,887323.9708888889,1830853924.9246929,1.0260346751048952,1.106474076701389,4681354.722222222,269135049.20096713,1.5906714645454545,1.0174231209722222
2023-11-24,37294.27,38414.0,37251.51,37713.57,44680.80646,1379414.0,2062.21,2133.02,2059.37,2080.84,426932.5402,672044.0,56.52,58.79,56.2,56.86,3905651.92,319344.0,0.0001,0.0001,0.0001,82204.53078819445,3094267657.2765326,0.7748221489930556,1.1150171157291666,906865.3197083334,1893613650.5074785,0.9931826850347222,1.0807407669791667,4875463.913194444,280201472.8291625,1.6725600136111112,1.0164907982638889
2023-11-25,37713.57,37888.0,37591.1,37780.67,11396.14464,569448.0,2080.84,2090.54,2065.3,2083.09,138847.393,350920.0,56.86,59.82,55.7,58.82,4095129.28,314780.0,0.0001,0.0001,0.0001,79316.25170833332,2993945315.358014,0.8048860996527778,1.1823273491666668,867522.4190451389,1805403921.2434206,1.13063308625,1.1293081214236111,5226516.413194444,305989386.1743708,1.5140168849652778,1.0444420197916666
2023-11-26,37780.67,37814.63,37150.0,37447.43,21264.53723,848020.0,2083.1,2094.99,2036.42,2062.33,241262.9136,510922.0,58.81,59.04,56.12,57.57,3097837.47,250802.0,0.0001,0.0001,0.0001,79609.86188194444,2991631015.5059032,0.8882127991258741,1.170211048923611,853322.7451180556,1769977711.072402,1.2094565495454546,1.0894259491666667,5342909.194444444,309138422.7878398,1.6598957078321679,1.0617719146875
2023-11-27,37447.42,37569.23,36707.0,37242.7,30001.07376,1238017.0,2062.34,2071.24,1985.78,2027.5,326073.2298,622522.0,57.57,58.09,53.47,55.06,4618869.6,357965.0,0.0001,0.0001,0.0001,79612.28102430556,2957371084.964765,1.0872443231597222,1.0718208760416668,833028.6539375,1692002563.5028281,1.5403783889583333,1.0454567589930557,5351926.840277778,297306742.6746805,2.1237538779513887,1.0144190911805557
2023-11-28,37242.7,38377.0,36868.41,37818.87,37544.46667,1272779.0,2027.5,2075.0,1995.15,2048.14,283775.9279,606358.0,55.06,58.65,53.94,58.18,5642915.95,367903.0,0.0001,0.0001,0.0001,80439.42503472223,3011105627.230486,1.0035200727430555,1.105237601111111,841591.8817951388,1711267951.750427,1.5290413201041666,1.083940104201389,5261260.916666667,295111405.81809396,2.1031373488194443,1.0118802934375
2023-11-29,37818.88,38450.0,37570.0,37854.64,32994.19107,1131353.0,2048.14,2075.7,2019.31,2028.81,254843.7319,503614.0,58.18,61.78,57.72,59.31,7574392.84,484253.0,0.0001,0.0001,0.0001,82967.24601041667,3147362282.3449626,0.7178062768402778,1.0990540088541667,835684.7182395834,1709239570.898834,1.410098151736111,1.1243772164583334,5358440.59375,319236107.9762199,1.2846704538194444,1.0498462264583333
2023-11-30,37854.65,38145.85,37500.0,37723.96,24740.29147,1007791.0,2028.8,2054.75,2020.85,2051.96,243680.0921,458227.0,59.31,61.7,58.75,59.3,4597104.01,341750.0,0.0001,0.0001,0.0001,83265.0956701389,3144743707.9048867,0.8750898563541667,1.1370116020486112,834255.1978368056,1698805709.8112268,1.5162448603472223,1.1147042386805555,5381778.583333333,322144573.50515795,1.2433544360416666,1.046991566388889
2023-12-01,37723.97,38999.0,37615.86,38682.52,43415.66324,1523417.0,2051.95,2110.87,2045.04,2087.24,372645.586,598646.0,59.3,61.9,58.6,59.75,5422494.06,382246.0,0.0001,0.0001,0.0001,87124.18185069444,3346111247.6876025,0.6921585328472222,1.0935855653472222,880330.6306944444,1838150846.8109508,1.0218489726041666,1.041069820486111,5532050.972222222,334605913.47479564,1.1948263829166668,1.037378465625
2023-12-02,38682.51,39717.14,38641.61,39450.35,26696.92161,1034690.0,2087.24,2186.6,2086.25,2164.74,320979.9768,618401.0,59.74,63.9,59.67,63.66,4898503.76,364915.0,8.488e-05,0.0001,0.00016724666666666666,86984.63357291667,3381133532.854722,0.6337178420833333,1.2843375284722223,891860.9282187499,1884138388.388801,0.9811006940625,1.1592502232638888,5941453.486111111,367986638.7481977,1.1863511884375,1.0960354935416667
2023-12-03,39450.35,40250.0,39274.86,39972.26,26710.65335,1151524.0,2164.75,2217.27,2149.0,2192.95,257879.1136,556948.0,63.66,65.53,62.22,62.98,4675198.65,360268.0,0.0001,0.0001,0.00016214999999999998,81852.90996180555,3236379444.7549887,0.6878025751736111,1.1452271036458332,925047.2135486112,2002742400.6198606,0.985898808125,1.0641085947222222,5849337.232638889,371709020.4973475,1.3006389275347223,1.0394791975694444
2023-12-04,39972.26,42420.0,39972.26,41991.1,79272.33059,2112219.0,2192.96,2274.28,2191.0,2243.37,565307.7134,980117.0,62.99,65.25,59.75,61.64,7696216.19,525683.0,0.0001,0.0001,0.00024617666666666666,83531.46710763889,3461788899.4972343,0.6890164531944445,1.1137908471875,892845.3318680556,1992609382.9003835,1.120986856076389,1.0364730603124999,5632598.888888889,352585742.96769315,1.7253754871527778,1.0133194308333333
2023-12-05,41991.1,44488.0,41414.0,44073.32,67490.74644,2072700.0,2243.36,2309.72,2188.33,2293.33,529829.7214,1018557.0,61.63,62.6,59.11,61.03,6032438.26,399777.0,0.0001,0.0001,0.0001,84113.82317013889,3566571928.831831,0.7277833161111111,1.0616308867708333,861253.8643784723,1925825222.9369833,1.2524048785416666,1.0792522786111112,5428550.760416667,329039836.3461568,2.2774065875000002,1.0215915726041667
2023-12-06,44073.82,44297.21,43335.28,43762.69,51431.10492,1876282.0,2293.33,2312.23,2220.0,2232.7,408338.9056,842212.0,61.04,66.68,61.03,61.85,11121135.68,848401.0,0.0001,0.0001,0.0002765133333333333,84602.52538541667,3713041294.5052247,0.8569956752430555,1.0877793341666666,828259.8598958333,1879706499.5783346,1.390304483784722,1.0356726549305555,5483285.315972222,348809305.2288185,1.914255734861111,0.9991878963888888
2023-12-07,43762.69,44047.33,42821.1,43273.14,47103.26845,1414759.0,2232.7,2382.8,2222.0,2355.73,485190.0609,921917.0,61.85,69.37,61.64,67.74,10648583.32,771637.0,0.0001,0.0001,0.00018956,85446.2007986111,3723101824.444891,0.9371525244097223,1.0178858011805554,842583.4504930556,1926663198.982835,1.3892038661458335,1.0497812621875,5515237.694444444,355900332.5905035,1.7003423943402778,1.0259268371527779
2023-12-08,43273.15,44700.0,43081.1,44170.99,42900.37556,1311268.0,2355.74,2392.0,2336.34,2358.72,378569.8126,713431.0,67.74,75.3,67.74,74.94,11314830.348,814049.0,0.00017843333333333335,0.00015169666666666666,0.00035217,84386.67771875,3686174612.5499578,0.9964708594444445,1.102835619826389,879552.8167673611,2078469149.378883,1.2134773698263888,1.0472203548958334,6138283.314285714,442030062.5788802,2.2140799765714285,1.2140799765714285
2023-12-09,44171.0,44358.02,43584.51,43713.6,24925.97008,987352.0,2358.71,2403.0,2328.01,2340.49,287771.0664,648813.0,74.93,77.78,71.5,72.3,8809964.3,695172.0,0.00019618333333333332,0.00029101999999999996,0.00027204999999999997,81919.33704166667,3608479297.563404,0.978513749826389,1.1197901771180556,870932.8826215278,2056368129.0514383,1.4414234681597222,1.0410462021875,5734771.107638889,430278125.3135633,1.3324781398958332,1.012354555
2023-12-10,43713.59,44049.0,43563.0,43789.51,18956.61758,830667.0,2340.48,2377.47,2320.0,2352.39,200037.2102,464455.0,72.31,74.89,70.67,74.87,5886808.01,434901.0,0.00021676666666666669,0.00018481333333333333,0.00027911666666666663,82952.65242708333,3637238248.1977406,1.0132411716666665,1.2132825371180556,872668.2623854167,2051737421.2428622,1.5065626380208335,1.0833726190625,5553686.784722222,405508090.7983439,1.5752955841319443,1.0411148135416668
2023-12-11,43789.5,43804.5,40222.0,41253.4,76663.89804,2087142.0,2352.39,2355.0,2156.62,2225.12,640414.9166,1153316.0,74.88,75.0,64.18,70.25,12970688.47,974088.0,0.00011576666666666668,0.00014704,0.00015740333333333334,77500.81496527778,3252415958.2673063,1.1337053585069445,1.0470248810416667,802866.9206631944,1797156515.4980319,1.7701242645138888,1.014935067152778,5392985.0,376382524.07948476,1.959120387326389,0.9913040748958333
2023-12-12,41253.41,42104.12,40680.0,41492.39,42722.69773,1526411.0,2225.11,2244.12,2166.0,2203.46,361588.9087,804062.0,70.24,72.42,65.75,68.6,7763463.64,588718.0,0.0001,0.0001,0.00015620666666666666,76898.02419097222,3196424203.514692,1.3185320383333332,1.0929726980902776,788896.6476458334,1745966807.8292537,1.9861527119444444,1.0528934268749999,5316661.838709678,371647750.1958492,3.160113621075269,2.160113621075269
2023-12-13,41492.38,43475.2,40555.0,42869.03,45865.99773,1724659.0,2203.47,2284.02,2144.32,2260.16,418916.6154,897019.0,68.6,72.6,63.67,70.62,8271925.44,603343.0,0.00011557333333333333,0.00012817333333333333,0.0001,79407.66771527778,3307000305.309872,1.3341866830208333,1.0518731074999998,805428.1299131945,1772648996.39358,2.0219009978819447,1.0530106971527777,4919501.902777778,331691068.20374715,2.7275427839930555,0.9844902932638888
2023-12-14,42869.03,43420.0,41400.0,43022.26,42047.05709,1599536.0,2260.16,2332.11,2228.2,2315.32,409508.0931,918965.0,70.62,76.24,68.18,75.68,7493589.41,633186.0,0.0001,0.0001,0.0001,77717.44387847223,3330254768.854522,1.1004372237152777,1.079105445,799955.0985486112,1824141186.4497337,1.5686130548958335,1.0530864469097223,4543464.440972222,328178430.7991726,2.052932506076389,1.0423939701041667
2023-12-15,43022.26,43080.81,41666.0,41940.3,33421.7932,1323628.0,2315.32,2317.81,2200.0,2220.5,333552.6328,714102.0,75.68,79.5,72.13,72.51,8834567.44,786885.0,0.0001,0.00010139666666666667,0.00021984,76055.70358333334,3231652413.309419,1.1473663285416666,1.0826376077430555,801378.26740625,1813597516.8870642,1.6447500866319444,1.090510435902778,5130972.725694444,390468243.3503134,1.3696142861805556,1.0371076725347224
2023-12-16,41940.29,42724.43,41605.0,42278.03,24118.85747,1180886.0,2220.51,2263.4,2210.0,2228.96,199285.923,528692.0,72.51,77.22,71.18,73.72,5513079.61,466725.0,0.0001,0.0001,0.0001,76338.4374826389,3229831634.4936857,1.2460126877777777,1.0905409706597222,805933.3543645834,1809026003.2373226,1.8700125728124999,1.048591021076389,5069891.208333333,377744437.7011332,1.4596864211805556,1.023975932361111
2023-12-17,42278.02,42424.07,41252.0,41374.65,27722.11452,1227634.0,2228.96,2248.68,2191.5,2196.52,225925.7675,531241.0,73.71,75.05,70.36,70.87,5108641.26,422507.0,0.0001,0.00010467333333333334,0.0001,76811.24662847222,3224231640.763029,1.3456608202430556,1.0904532073263888,813654.6708298611,1808370945.8337502,2.0918721166319445,1.0868960751041667,4952698.538194444,362156959.7684872,1.7299736925347222,0.9964180777777778
2023-12-18,41374.64,42757.81,40542.93,42657.8,46734.0925,1741647.0,2196.53,2224.0,2116.6,2219.43,364103.1181,769310.0,70.85,75.46,67.0,74.42,7219822.33,611266.0,0.00012988666666666668,0.00011694333333333333,0.0001,77586.03862152778,3213687777.5422115,1.4489200677777778,1.116509607326389,825460.40678125,1793145590.305336,2.2637599360416667,1.0700714640277778,4833791.652777778,341976516.4077871,2.107028142326389,1.0126679711458335
2023-12-19,42657.8,43497.0,41811.1,42275.99,40927.86444,1609188.0,2219.44,2255.0,2135.55,2177.91,383551.4049,786067.0,74.41,76.37,71.78,73.0,6086806.16,527336.0,0.0001,0.0001,0.0001011,78021.95285069445,3334630344.287082,1.0817220997569443,1.0552596653819444,809762.1290902778,1793358923.8623617,1.9358588467013886,0.9904132770138889,4787600.357638889,356720069.65390754,1.4137794496527778,1.034947337847222
2023-12-20,42275.99,44283.0,42206.0,43668.93,48710.2947,1934588.0,2177.9,2266.0,2156.0,2202.17,416841.6272,867198.0,73.0,84.14,72.96,82.21,10701294.29,949815.0,0.00014714333333333332,0.00014384666666666666,0.00019125333333333333,78997.7416388889,3413859688.070023,1.0662908016666668,1.062734667986111,806370.359125,1782328071.6034403,2.0831001022916666,1.0943896669444444,4942194.347222222,385818799.8926995,1.2007591240972222,1.037057421736111
2023-12-21,43668.92,44242.35,43286.72,43861.8,34624.29384,1500702.0,2202.17,2279.31,2182.98,2239.61,453069.7252,848508.0,82.22,95.54,81.03,93.84,12129644.35,1243866.0,0.0002843566666666667,0.00031595666666666664,0.0001,80861.88228472223,3538751165.704784,0.9374110964236111,1.0941588961458333,842551.3791041668,1874676047.3786173,1.983638809826389,1.0799794149652777,4911080.350694444,430402692.43756473,0.8870763013194445,1.0285933877430555
2023-12-22,43861.79,44398.26,43412.54,43969.04,32783.19638,1404109.0,2239.6,2343.15,2230.59,2324.54,591357.488,1124820.0,93.86,99.5,90.34,97.9,11975121.56,1304087.0,0.0002614233333333333,0.0004621133333333333,0.00026931000000000004,79620.29734722222,3489844529.5710907,1.0009045042708333,1.0863026823958333,868172.2356319444,1994204548.3781154,1.6093458930208333,1.060395616701389,4866497.8125,465155625.94200385,1.0524763109375,1.0144793385416666
2023-12-23,43969.04,43988.68,43291.1,43702.16,16557.1293,849658.0,2324.54,2330.65,2265.0,2308.2,255626.9352,588229.0,97.91,110.0,92.8,107.88,8336420.6,993004.0,0.00013783666666666668,0.00016357,0.00012898,78770.62919097222,3442321447.0894527,1.0570104269791667,1.0886148303472223,851541.3072743056,1953156876.5914087,1.672055528576389,1.0584577062152778,5036869.309027778,492648797.23195225,1.0305479606249999,1.0206068829166666
2023-12-24,43702.15,43946.0,42500.0,42991.5,25144.33496,1137678.0,2308.2,2326.19,2245.0,2264.05,307951.076,711200.0,107.88,118.1,107.3,112.45,12261699.03,1666365.0,0.00016839666666666666,0.00018314666666666667,0.00024244999999999998,78616.37446875,3431274982.581808,1.0774294569791667,1.1064601011458333,847567.1159652778,1944634984.2784543,1.7790454326388891,1.077659577326389,4966201.076388889,560776521.5185798,1.1233067782986113,0.9928315708680555
2023-12-25,42991.5,43802.32,42720.43,43576.13,27021.23992,1168428.0,2264.04,2304.8,2253.1,2271.35,286277.1616,613108.0,112.45,126.36,107.92,120.91,11114497.92,1530670.0,0.00019302666666666667,0.0002639533333333333,0.0003388833333333333,77832.60654861112,3374902251.36803,1.175656744548611,1.1478182123958334,838943.5354861111,1912136161.9603293,1.9939287559722223,1.1050319258680554,5008777.628472222,579593971.1555822,1.2466845714930554,1.0147582956944445
2023-12-26,43576.12,43592.68,41637.6,42508.93,41010.04282,1475816.0,2271.36,2274.99,2178.45,2230.88,410413.1591,701701.0,120.91,121.36,102.09,112.49,12300095.38,1600432.0,0.0003223566666666667,0.0003881333333333333,0.00018881333333333332,78994.74708680555,3376492234.3508782,1.4823201278819444,1.05352215375,830405.6775625,1860580727.464639,2.5024290864930556,1.0207483099999999,4877530.038194444,554763266.4352309,1.7833686833680555,0.9886193791666668
2023-12-27,42508.93,43677.0,42098.69,43428.85,36191.21136,1439770.0,2230.88,2392.44,2211.88,2378.35,541537.3574,978666.0,112.48,115.3,104.58,106.91,8972638.9,1233525.0,0.00032622333333333337,0.00040519,0.00039615,78130.53671875,3347928788.847135,1.4506827469097223,1.0774216678819444,844957.5118576388,1936057750.9003818,1.9033883557638889,1.0958980683333333,4753671.111111111,523824580.31844616,2.1796438228125,1.0042510797222224
2023-12-28,43428.86,43787.57,42241.79,42563.76,35150.52485,1391826.0,2378.35,2445.8,2335.0,2344.15,580459.982,1241094.0,106.92,109.66,97.14,101.8,10194201.02,1255836.0,0.00033684,0.00044753333333333333,0.0007489633333333333,75413.14360416666,3239877835.0586295,1.3491042863541667,1.1016831748611111,862328.6286076389,2056806505.089387,1.4200063996180556,1.058672101701389,5209115.565972222,536483164.71164346,2.756840326180556,1.0278233147222222
2023-12-29,42563.76,43111.0,41300.0,42066.95,42597.18912,1571137.0,2344.15,2385.41,2255.34,2299.2,450201.2069,990308.0,101.8,110.0,99.0,106.17,9432538.67,1208220.0,0.0005072133333333333,0.0004704333333333333,0.00045187000000000005,75493.64302083333,3204572798.618396,1.6170168067708335,1.0630611021180556,810173.0496319444,1894803413.5996804,1.838275386388889,1.0714255788194444,5443727.920138889,576796286.5061545,2.780695647222222,1.0068407424305557
2023-12-30,42066.94,42612.32,41520.3,42140.28,22906.57818,936545.0,2299.2,2322.84,2268.0,2291.68,210539.1327,555932.0,106.17,107.47,100.62,101.9,4178339.62,527519.0,0.0003815166666666667,0.00028403666666666663,0.00033873666666666666,76502.8644548611,3224200217.4938397,1.6789017178819445,1.1050084192708334,793611.5626701389,1824787075.1811953,2.2229560710069443,1.0417387365625,5351602.586805556,554380193.1478753,3.0801378921180556,0.9907835326388889
2023-12-31,42140.29,42899.0,41965.84,42283.58,23585.91603,1016484.0,2291.68,2321.34,2258.88,2281.87,222175.8779,548848.0,101.9,105.21,99.54,101.72,3821990.67,490129.0,0.0003200833333333333,0.00027053,0.0004268366666666667,75233.56576736111,3196137726.199711,1.4335198191666665,1.1330767297569446,795822.8262673612,1828269650.9170635,2.3168133542708333,1.1242937527430557,5336961.673611111,550516220.2452538,3.2493710221527774,1.0424323289583333
2024-01-01,42283.58,44184.1,42180.77,44179.55,27174.29903,1114623.0,2281.87,2352.37,2265.24,2352.04,216702.6914,536670.0,101.72,109.93,101.44,109.91,4403310.37,563530.0,0.00032741,0.00033988333333333335,0.0003562533333333333,74914.01002083333,3209448754.1772437,1.3442452378472223,1.1034581116319444,788308.449,1818551122.4582937,2.285669957986111,1.0754559291319443,5201967.868055556,546374751.5309731,3.057343533020833,1.0521864489583335
2024-01-02,44179.55,45879.63,44148.34,44946.91,65146.40661,2247532.0,2352.05,2431.3,2341.0,2355.34,458041.6642,1028335.0,109.93,116.95,106.02,106.73,7831366.05,1029366.0,0.00051585,0.0005618200000000001,0.0006703733333333333,79834.9019375,3614320982.5234594,0.9610742480208333,1.012903030798611,810215.7585590278,1930016074.2448125,1.7690116356249999,1.0567074021875,5318366.506944444,592048792.2447743,2.799835994722222,0.9998395094097222
2024-01-03,44946.91,45500.0,40750.0,42845.23,81194.55173,2658041.0,2355.35,2385.45,2100.0,2209.72,798729.4869,1351067.0,106.72,109.9,85.0,98.52,12221060.38,1428502.0,0.00016094000000000001,0.00020974,0.00018585666666666665,74308.15249305556,3271909592.216862,1.345746462361111,1.0701142313541667,778309.3010138889,1786756427.4967952,2.212163680451389,1.0219985714583333,4858984.354166667,503842005.12123775,3.4219999486458335,0.9850201111458333
2024-01-04,42845.23,44729.58,42613.77,44151.1,48038.06334,1819944.0,2209.72,2294.69,2201.91,2267.11,448844.055,780771.0,98.52,108.15,96.6,104.91,7235482.95,828177.0,0.0001,0.0001,0.0001,70134.21922916667,3049133921.7012577,1.3997838533680556,1.0789563890625,730763.2174652778,1640994898.3763134,2.2886438922916668,1.0345881180902776,4118996.09375,417587005.5218221,3.2456250852083333,1.0037667892708333
2024-01-05,44151.1,44357.46,42450.0,44145.11,48075.25327,2064845.0,2267.11,2277.21,2206.17,2268.78,405568.0006,758963.0,104.91,105.48,95.23,99.94,6703567.21,792668.0,0.0001,0.0001,0.0001,68982.55450347223,3018107487.442393,1.2376002148611112,1.1022834766666667,722014.4957152777,1620981203.613277,2.1386590001388885,1.0204825330555556,4028256.0416666665,403749971.00272566,3.663406075694444,0.9923159164583334
2024-01-06,44145.12,44214.42,43397.05,43968.32,17835.06144,956642.0,2268.78,2270.0,2216.4,2240.78,194067.8656,450441.0,99.93,100.3,91.53,93.77,5151478.03,613981.0,0.0001,0.0001,0.0001,68031.18126041668,2980539520.1899323,1.2375237416319445,1.1450336353472224,745174.63059375,1671058142.163967,2.1539508815972224,1.0613085289583333,4019101.298611111,384128810.6567199,3.7073166765625,1.0345878217708333
2024-01-07,43968.32,44480.59,43572.09,43929.02,23023.8508,1109259.0,2240.77,2258.01,2203.46,2221.42,207138.6927,516569.0,93.77,96.8,87.68,89.44,5547334.15,610413.0,0.0001,0.0001,0.0001,70522.43127430555,3107343694.4758577,1.1491018768055554,1.0934538022916667,750585.2416631945,1681610650.7069209,2.127288567430556,1.0743179127777778,4017792.295138889,377825587.56870145,3.818786485555555,1.0166101128125
2024-01-08,43929.01,47248.99,43175.0,46951.04,72814.57589,2364464.0,2221.42,2358.2,2166.38,2330.44,539407.5547,1069027.0,89.44,99.97,85.16,97.88,9677497.13,1011344.0,0.0001,0.0001,0.0001,72439.50628819445,3249955314.3264856,1.0570777557638888,1.0968191855208334,758304.746982639,1710473978.0228403,1.9812127486458333,1.0597300523263888,3930904.4930555555,364549410.4835501,3.4299102799305556,1.0044411448958332
2024-01-09,46951.04,47972.0,44748.67,46110.0,69927.66617,2637745.0,2330.43,2371.72,2226.78,2344.29,551454.9931,1196445.0,97.88,104.89,95.25,99.36,8574930.67,1264291.0,0.0001,0.0001,0.0001,73699.62159375001,3437704414.079179,0.8332010649305555,1.054584495,749641.3274305556,1720178297.695316,1.7906149585763889,1.042791380486111,4020395.923611111,402212553.0449159,2.927247507222222,0.9949799550347223
2024-01-10,46110.0,47695.93,44300.36,46653.99,89911.41203,3133588.0,2344.3,2643.1,2339.59,2584.38,1038388.666,2010707.0,99.36,105.52,91.68,102.0,8634280.07,1171099.0,0.0001,0.0001,0.0001,70803.94191666666,3243923793.48198,1.4096696387152778,1.0426896201041667,822709.2173854166,1988807128.8785138,1.3054211725347222,1.0478460129861111,4109273.7118055555,400740745.57031274,3.5094601672916665,0.9985856982638889
2024-01-11,46654.0,48969.48,45606.06,46339.16,87470.3296,2998451.0,2584.37,2689.39,2566.01,2618.01,838712.2577,1693755.0,101.99,107.32,97.67,99.9,8986682.95,1293558.0,0.0001,0.0001,0.0001,69648.85966319445,3243891234.143207,1.5691375352777779,1.026382512465278,853906.6202326389,2229155159.498305,1.322918401701389,1.0195904100000002,4421478.180555556,447621282.74769986,3.6192225949652777,1.0101840241319444
2024-01-12,46339.16,46515.53,41500.0,42782.73,86327.93707,2809192.0,2618.01,2717.32,2458.0,2522.54,887457.7627,1860636.0,99.89,100.49,87.0,92.12,6462190.24,875300.0,0.0001,0.0001,0.0001,75992.70679166667,3423809968.321253,2.106488235902778,1.0168736804861112,904873.1748819444,2359363610.1032233,1.4367621506944444,1.0552067679513888,4734076.059027778,459255328.79567724,4.277323186979166,0.965555817951389
2024-01-13,42782.74,43257.0,42436.12,42847.99,36118.47464,1434243.0,2522.55,2590.0,2497.5,2578.19,422061.232,898845.0,92.14,97.05,89.51,95.85,4054010.92,483031.0,0.0001,0.0001,0.0001,75218.00257638888,3224559964.7340913,2.7729394350694445,1.0314740782291667,895868.0255659722,2285677733.594558,1.972456406840278,1.0063090814583333,4426001.409722222,410937495.85135514,4.707978816631945,0.9925563888194444
2024-01-14,42847.99,43079.0,41720.0,41732.35,28228.40894,1235727.0,2578.18,2578.69,2470.0,2472.87,306207.7463,732294.0,95.85,102.87,93.62,93.81,5767904.66,756466.0,0.0001,0.0001,0.0001,76065.49645833333,3253020130.244095,2.763826131284722,1.0485566760416667,905980.7530243056,2301165986.4145794,2.025587741076389,1.0738593757986112,4652892.711805556,453341659.4743626,3.545841795451389,1.0416989566666668
2024-01-15,41732.35,43400.43,41718.05,42511.1,40269.89303,1657611.0,2472.87,2553.82,2470.92,2511.78,315247.8819,789378.0,93.81,96.96,92.97,94.36,3605978.31,434916.0,0.0001,0.0001,0.0001,75868.1195763889,3233240766.4806814,2.6442618915625,1.0722131113888889,910905.6240555556,2296645783.4301066,2.3252504087152777,1.0498595034375,4596122.15625,437939471.6308577,3.6749123052430557,1.0368274635069445
2024-01-16,42511.1,43578.01,42050.0,43137.95,45045.74589,1716580.0,2511.79,2614.43,2500.05,2587.4,381077.6247,1140088.0,94.35,98.73,94.16,97.61,3768288.08,443725.0,0.0001,0.0001,0.0001,74566.21008333334,3202087287.1075673,2.460795536527778,1.0347465283680557,903994.6633368055,2302446015.4401035,2.182381084930556,1.0227467339236112,4672011.736111111,451590713.3973612,3.541790154652778,1.033537195798611
2024-01-17,43137.94,43198.0,42200.69,42776.1,33266.21388,1438172.0,2587.41,2592.97,2506.75,2530.19,366281.3477,1140624.0,97.6,102.8,96.5,102.1,6932306.54,890899.0,0.0001,0.0001,0.0001,75371.49330208333,3220785775.9066887,2.435153515833333,1.1006362345486111,905476.2798715277,2309853763.78202,1.9569730429513887,1.0876390042013888,5117279.802083333,511550738.3467243,2.8674147667013887,1.0314354229166667
2024-01-18,42776.09,42930.0,40683.28,41327.5,43907.51641,1466087.0,2530.2,2550.0,2428.56,2470.81,452090.1074,894355.0,102.1,103.59,91.41,94.4,6216673.0,714584.0,0.0001,0.0001,0.0001,76650.0363298611,3239407224.207246,2.575462168784722,1.0265658407986111,909679.8994895833,2282096922.6416454,2.4456814371527775,1.0395173788541667,5468000.288194444,536983668.7601244,3.552876791354167,1.011252719513889
2024-01-19,41327.51,42196.86,40280.0,41659.03,48342.74559,1641428.0,2470.81,2504.2,2415.2,2492.0,424209.0029,855044.0,94.39,95.47,87.04,93.62,6357442.75,684705.0,0.0001,0.0001,0.0001,77772.97685763889,3212074548.076336,2.7202596953125,1.0664476270833334,930189.3057048612,2301432945.220539,2.468963290486111,1.0674570028472223,5423140.409722222,506267427.8819016,4.271904807013889,0.9987471725347221
2024-01-20,41659.03,41872.56,41456.3,41696.04,15923.99493,807324.0,2491.99,2492.0,2454.2,2472.01,136620.9577,418938.0,93.62,94.27,90.2,92.88,2799385.87,301796.0,0.0001,0.0001,0.0001,74596.67974305555,3104992682.206698,2.417377013125,1.0850411687152777,924669.3341979167,2286482222.8938317,2.413369150763889,1.1060202840972222,5291252.975694444,488585623.82955426,4.030740973958333,0.9993219862499999
2024-01-21,41696.05,41881.39,41500.98,41580.33,11730.16301,657817.0,2472.02,2482.18,2452.13,2457.05,122572.1687,360446.0,92.88,93.93,90.79,91.09,2013751.83,229723.0,0.0001,0.0001,0.0001,74673.63705555555,3113497077.270815,2.357370771458333,1.2597940203472222,922822.42925,2281967933.3932095,2.484983511875,1.1566408183680557,5194933.690972222,481005355.2037414,3.8786546080555553,1.0226522833680556
2024-01-22,41580.32,41689.65,39431.58,39568.02,55426.19911,2147250.0,2457.06,2466.1,2303.59,2314.2,526337.6492,933793.0,91.08,91.9,82.06,83.84,7065444.82,708563.0,0.0001,0.0001,0.0001,76709.6976875,3125237064.2128057,2.565338186111111,1.0503591119097222,945560.8471354167,2258990825.53022,2.8171002924999997,1.036064612326389,5334861.395833333,468000745.5677583,3.9558599828125,1.0201102092013887
2024-01-23,39568.02,40176.74,38555.0,39897.6,57956.63351,2043925.0,2314.19,2352.23,2168.07,2242.6,700105.3314,1204183.0,83.84,86.0,79.0,84.35,8284305.33,830273.0,0.0001,0.0001,0.0001,76764.71073611111,3027104405.250113,2.4434529444791666,1.0689474413888889,908591.0450486111,2053818349.6692364,2.7970310350347223,1.0341227220138889,5396908.204861111,445522615.4697846,3.568020503923611,1.0396473925
2024-01-24,39897.59,40555.0,39484.19,40084.88,39293.82861,1675615.0,2242.6,2264.6,2196.12,2235.02,359851.1496,801012.0,84.36,89.47,83.3,88.77,6058894.15,591745.0,0.0001,0.0001,0.0001,76067.56972569444,3036741694.0556855,2.1809250899652777,1.0974879917361111,855279.2467604167,1906294519.091775,2.830191062048611,1.1031671309375,5321359.086805556,457911707.4018147,2.9920019462847223,1.0307508105208332
2024-01-25,40084.89,40300.24,39550.0,39961.09,31022.11853,1291233.0,2235.02,2242.89,2171.3,2218.64,330426.6061,756164.0,88.77,89.64,85.09,86.91,4002698.2,475624.0,0.0001,0.0001,0.0001,77748.47783333334,3106228024.8536243,2.023202276666667,1.1297524106249999,865844.04796875,1918278902.98203,2.889301736423611,1.1157025444444446,5369130.0625,469959275.5775749,2.571457444895833,1.0513968121875
2024-01-26,39961.09,42246.82,39822.52,41823.51,47384.96726,1624861.0,2218.64,2282.36,2195.84,2267.68,363566.4255,823603.0,86.9,93.72,85.96,92.28,4693818.55,560673.0,0.0001,0.0001,9.333000000000002e-05,79117.94259027779,3238234191.9665704,1.7538704976388888,1.1017518572569445,869973.1033020833,1948507469.1064339,2.673406777673611,1.133794925,5344139.291666667,481243257.9746847,2.3225641422569443,1.057157834652778
2024-01-27,41823.51,42200.0,41394.34,42120.63,16224.41667,751148.0,2267.67,2282.94,2251.4,2267.94,145109.3836,416970.0,92.29,94.5,90.68,94.28,2735837.45,302341.0,9.088666666666666e-05,8.959e-05,0.0001,78693.39965972223,3290491184.139924,1.5433411431944444,1.0879334899652777,859508.1282743055,1949023201.6497564,2.549282910138889,1.0851189248263888,5391010.583333333,498595659.0662737,2.1944978011458334,1.0448071500694445
2024-01-28,42120.63,42842.68,41620.81,42031.06,27294.99838,1032493.0,2267.94,2308.24,2239.89,2256.9,209326.9087,566626.0,94.27,99.44,93.31,95.98,5618408.23,648842.0,8.241666666666667e-05,6.986e-05,7.156666666666667e-05,76847.43655902777,3245226813.9725623,1.5149771942013888,1.107581020625,837977.5770868056,1906315428.6686833,2.6062113136805554,1.1179537130902777,5688724.649305556,547002368.1338713,2.226660369375,1.0229153771527777
2024-01-29,42031.05,43333.0,41804.88,43302.7,31542.74207,1197856.0,2256.9,2322.34,2233.8,2317.6,305528.0776,681798.0,95.99,101.98,95.06,101.68,5772519.82,634094.0,9.714000000000001e-05,0.0001,7.976333333333334e-05,76155.00275,3233256554.4997196,1.5238243111111112,1.0870332716666669,838550.7003958332,1908415755.483278,2.632506859548611,1.1304017776041666,5754556.833333333,565545263.3522643,2.0303135907291665,1.0333067721875
2024-01-30,43302.71,43882.36,42683.99,42941.1,37619.24546,1316610.0,2317.61,2391.98,2297.0,2343.01,372879.5791,770660.0,101.67,106.49,100.95,101.4,6990527.25,743499.0,8.213666666666667e-05,8.731666666666667e-05,8.111e-05,77208.97307638888,3350679966.9222746,1.2250766825694446,1.0526832257638887,859113.2270034723,2001707880.5130577,2.275198704826389,1.0537331372222223,5966831.6875,619012591.4579524,1.514560641215278,1.0054174096180555
2024-01-31,42941.1,43745.11,42276.84,42580.0,39871.13688,1499559.0,2343.0,2351.6,2263.57,2283.14,397116.1859,922884.0,101.4,102.73,95.9,96.96,8609956.87,914548.0,7.384666666666667e-05,0.0001,8.567333333333334e-05,73802.68284375001,3166906670.5021453,1.283655071527778,1.0968073073263889,839573.4511701389,1947596326.1132555,2.2919915005902776,1.0400396444791666,5548742.628472222,554701023.5765569,2.0241022174305554,1.0565401226041666
2024-02-01,42580.0,43285.13,41884.28,43082.94,35231.04664,1392269.0,2283.15,2311.72,2240.0,2304.28,310997.4538,779472.0,96.96,98.11,93.11,97.81,6556006.07,652301.0,0.0001,7.799333333333333e-05,7.533666666666667e-05,73696.06534722222,3128440033.5207095,1.5518840600694446,1.0828729104166668,846587.6846458333,1929744854.8509495,2.63330045125,1.1011445905902777,5641334.420138889,540759707.4186246,2.713629158472222,1.0142238354166666
2024-02-02,43082.95,43488.0,42546.79,43200.0,29672.14418,1086342.0,2304.28,2324.74,2281.94,2309.06,238230.511,574621.0,97.81,102.57,97.39,100.58,5487861.84,580111.0,0.0001,7.892666666666668e-05,0.0001,74674.044,3215017934.551769,1.347880802013889,1.1546788114583333,846909.9578298611,1951859559.36289,2.346219435659722,1.1610013069444445,5552989.180555556,554894998.014483,1.9980352173263887,1.0264183902777777
2024-02-03,43199.99,43380.01,42880.0,43011.09,12033.40998,609962.0,2309.07,2329.98,2292.75,2296.49,133232.845,397464.0,100.57,101.24,96.53,97.96,2787373.11,292310.0,8.232333333333334e-05,7.541999999999999e-05,9.908666666666667e-05,75508.64982638888,3253737848.4937563,1.2795584350347222,1.1000244780208335,854871.6617118056,1974499393.7767944,2.2251327836805554,1.1165085863888888,5598354.958333333,552756460.3636928,2.0581709119444445,1.0303796710416666
2024-02-04,43011.1,43119.04,42222.0,42582.88,17066.89404,931235.0,2296.5,2311.0,2266.0,2289.79,171232.0444,506684.0,97.95,98.59,95.08,95.49,2914876.34,295763.0,9.051000000000001e-05,7.424666666666666e-05,0.0001,76804.27841666667,3292704158.8473377,1.4400162577777778,1.2435063768749999,846612.5472847222,1945124440.5940046,2.517628743611111,1.2042488543055556,5731351.350694444,557163424.9691038,2.2539629761805555,1.0828181588194445
2024-02-05,42582.88,43569.76,42258.1,42708.7,29467.75905,1317397.0,2289.79,2338.41,2269.11,2301.83,236610.412,730863.0,95.48,98.7,94.11,95.66,3891146.06,381857.0,0.0001,0.0001,0.0001,78912.59243055555,3376229492.7151504,1.5303200702430555,1.1726333569097223,858469.2703020833,1976848549.241213,2.4050824172222223,1.19781925125,5753968.020833333,554396514.7122959,2.6835536506597224,1.0744793389930556
2024-02-06,42708.7,43399.98,42574.0,43098.95,24675.85433,1120760.0,2301.84,2392.4,2299.0,2372.64,368942.7498,861796.0,95.66,97.88,92.88,96.88,4279238.07,407235.0,8.907666666666668e-05,8.563666666666667e-05,8.538666666666667e-05,80525.95025347223,3458253915.242308,1.4981652730208335,1.1292802957291665,873501.0803611111,2042091193.4219882,1.888540073298611,1.1129181573958333,5805945.434027778,555523137.9330258,2.9601616304166667,1.062984497951389
2024-02-07,43098.96,44396.5,42788.0,44349.6,34392.59915,1378809.0,2372.63,2444.44,2354.0,2425.1,342791.7013,860357.0,96.87,101.58,94.62,101.14,4577672.06,489245.0,7.068666666666666e-05,5.617e-05,0.0001,79961.08763194445,3459350086.988174,1.30303024625,1.163804706875,875074.793517361,2086540270.6327581,1.3858976322569445,1.140945373402778,5783982.461805556,559366703.8952932,2.5771214108333336,1.1120879373611112
2024-02-08,44349.6,45614.3,44331.1,45288.65,45439.62231,1863650.0,2425.09,2463.15,2411.01,2419.55,338040.0539,894102.0,101.14,104.98,100.51,102.76,5082811.46,574488.0,6.375e-05,9.108333333333333e-05,0.0001,84882.21248958334,3809464424.756626,0.9063465827777778,1.0521133503472222,854297.3763333333,2073790554.6950595,1.4009826504513887,1.1387740177430556,5747552.118055556,587745871.0442431,1.6447133848958333,1.0306673663194443
2024-02-09,45288.66,48200.0,45242.12,47132.77,73503.481,2323884.0,2419.56,2525.0,2419.16,2486.56,492384.385,1134276.0,102.77,109.13,102.76,106.94,6686758.45,724146.0,7.653666666666667e-05,9.250666666666667e-05,6.714666666666667e-05,84313.2097048611,3941369252.7782984,0.7913587344444444,1.0932353155555556,838886.9346875,2075203724.1879683,1.449355258611111,1.1755446252777777,5790094.739583333,609641525.0343156,1.506873508298611,1.0719226994097222
2024-02-10,47132.78,48170.0,46800.0,47751.09,24802.35936,1323421.0,2486.56,2516.45,2471.57,2500.24,185099.59,622723.0,106.94,110.86,106.86,109.01,3939526.49,451222.0,9.347000000000001e-05,9.149333333333333e-05,0.0001,84923.40386458334,4019661277.7035775,0.7235946378125,1.0985754479166667,834442.7049270833,2081901147.5531566,1.4644548393402779,1.1270439529166667,6024165.420138889,655517313.9750392,1.3556734965972224,1.0630904146527778
2024-02-11,47751.08,48592.66,47557.16,48299.99,29958.80837,1407270.0,2500.24,2539.63,2493.45,2507.21,219975.1471,711081.0,109.01,110.67,107.24,107.46,2755398.4,337007.0,0.0001,8.264e-05,0.0001,88497.5420798611,4259492959.5752697,0.6668021786458334,1.0996221252083334,844856.7701354166,2123785985.7341528,1.3901837182291665,1.1192144197569445,5949409.451388889,647480534.4454839,1.4197931661805556,1.0913483369444446
2024-02-12,48300.0,50334.82,47710.01,49917.27,59009.96705,1939394.0,2507.22,2665.58,2472.0,2659.99,449501.776,1019390.0,107.46,112.22,103.4,111.64,6169652.05,684788.0,0.0001,8.349000000000002e-05,0.0001,90823.01340972222,4430841433.512177,0.6619518255902778,1.0862993064236113,841894.1402777778,2137209533.6840105,1.4419283445833333,1.1484301952083333,5698821.850694444,611734664.6663964,1.5193027991319445,1.046546333125
2024-02-13,49917.28,50368.61,48300.95,49699.59,55551.56706,1741811.0,2659.99,2686.12,2590.0,2639.99,502447.745,1044885.0,111.65,115.15,108.25,112.48,5622825.56,674183.0,0.0001,0.0001,0.00011388666666666665,91536.84004513889,4543945537.841535,0.6969990034027778,1.0636612589930554,884083.5979548611,2341147231.661463,1.3614374455555556,1.0760281367708333,5784320.086805556,652680388.804093,1.4453968527777779,1.0244620421875001
2024-02-14,49699.6,52043.71,49225.01,51795.17,57046.37401,1859392.0,2639.99,2786.0,2618.4,2774.81,461670.6944,1090412.0,112.49,118.69,110.61,116.97,4884824.42,593380.0,0.00010761,0.00011027333333333334,0.00016408333333333333,89433.5200798611,4548210525.149909,0.6651389040277778,1.0714015195138888,877257.7150416668,2378186786.1479273,1.309172372673611,1.0867479429166667,5837392.715277778,670273210.8321295,1.4997586317361111,1.0529781386458332
2024-02-15,51795.17,52816.62,51314.0,51880.0,53816.03055,1786569.0,2774.8,2867.65,2759.25,2822.59,481689.1874,1347619.0,116.97,118.39,111.51,113.5,4927735.5,658457.0,0.0001,0.00012516,0.0001383466666666667,89457.38206944444,4659493592.618154,0.632568505625,1.0596813495833333,877866.0255972223,2463317349.6325636,1.3057750605208334,1.0626405097222222,5835574.836805556,673377917.0374943,1.721158986875,1.0361544919444445
2024-02-16,51880.01,52572.08,51566.0,52124.11,37772.25318,1583711.0,2822.58,2857.4,2740.0,2801.8,378070.8037,1123447.0,113.5,114.25,107.94,110.33,3947132.77,521407.0,0.0001,0.00010907333333333334,0.0002379066666666667,88528.23417177914,4611121445.169252,0.6734732255214724,1.1304027551533742,878523.3677116565,2490111190.5546722,1.3074891365030676,1.0708994931288345,5739244.938650306,647003156.9175069,2.169490153374233,1.0614283060736196
2024-02-17,52124.1,52162.82,50625.0,51642.64,25674.00622,1427773.0,2801.81,2804.21,2719.01,2785.93,243302.8759,969157.0,110.32,111.08,105.0,108.92,2897705.67,388340.0,0.00012013666666666667,0.00011173,0.00029328666666666667,88190.62717708334,4554061975.590575,0.7306059898958334,1.1515081233680555,864496.8555208333,2402194646.76224,1.4494713370486112,1.0435303960763889,5815128.604166667,633106559.1711657,2.5057474969791667,1.0834909375694446
2024-02-18,51642.64,52377.0,51163.28,52137.67,21992.10363,1375422.0,2785.92,2895.0,2764.25,2881.2,367987.8833,1311570.0,108.92,114.04,107.51,112.24,3083833.73,414145.0,0.00016546666666666669,0.00010379999999999999,0.00021454666666666667,86633.54662847222,4484876638.647998,0.7523407436111111,1.1172759576041666,871717.7241458333,2449759136.8972144,1.3444390958680554,1.081520648611111,5763556.795138889,639615154.1180091,2.2463570633680554,1.0426365029166667
2024-02-19,52137.68,52488.77,51677.0,51774.73,29534.99432,1542990.0,2881.2,2984.52,2856.93,2944.8,446451.0401,1539410.0,112.25,114.87,110.75,111.53,3746704.95,514577.0,0.00018661666666666666,0.0001,0.0003058,86899.41737847222,4532269929.4353895,0.7349835597916666,1.1013722102777779,891954.2744513889,2599893930.2404003,1.303204089861111,1.082230374652778,5885954.413194444,662171709.4278985,2.2099445661805555,1.01909483125
2024-02-20,51774.74,52985.0,50760.37,52258.82,49614.47318,1971912.0,2944.8,3033.09,2874.56,3014.81,634681.7471,1517960.0,111.53,112.11,103.0,108.31,5676734.13,732595.0,0.00013877333333333331,0.00020643666666666667,0.00036382,88747.33564583334,4606542223.152078,0.8151788282291667,1.0741653681944445,882787.3808506945,2596062266.617584,1.3885940485069446,1.0694682120486112,6041392.947916667,657985971.8556304,2.726053579861111,1.0239288599652778
2024-02-21,52258.82,52366.8,50625.0,51849.39,43079.40049,1824860.0,3014.81,3017.15,2868.0,2967.9,595955.0033,1256455.0,108.32,108.4,100.23,105.03,4752688.01,638631.0,0.00010414,0.00014040333333333334,0.00019765000000000003,88387.50490972222,4551484655.310377,0.9534985363194445,1.0601782375,899856.3021354167,2647317867.1710377,1.6084546847916665,1.0017418534375,5919279.447916667,618380413.7547855,2.973809513715278,1.0107938779513888
2024-02-22,51849.38,52065.78,50940.78,51288.42,35309.44574,1688184.0,2967.91,3036.02,2906.51,2971.4,563525.9936,1205856.0,105.04,107.1,101.53,101.76,3905642.33,532651.0,0.00012012333333333334,0.0001,0.00018579666666666668,86720.90490625001,4475391706.454016,0.9665047030208334,1.0849817036458334,888426.2749999999,2640827822.3791738,1.4694137553125,1.0682955027083334,6022447.65625,628830291.8625768,3.087351455625,1.0596601990972223
2024-02-23,51288.42,51548.54,50521.0,50744.15,30545.79544,1487039.0,2971.4,2993.8,2906.05,2922.24,428826.5787,1003464.0,101.75,103.1,98.64,99.9,3546853.99,441289.0,0.00010996999999999999,0.0001,0.00025362333333333334,87748.8126875,4485836249.441479,1.1094312736458332,1.079526674201389,880005.004392361,2593236641.0307446,1.6093925076388889,1.0343308286805555,6241899.503472222,635042886.1876036,3.5509208560416665,1.049058300138889
2024-02-24,50744.15,51698.0,50585.0,51568.22,16560.4211,855015.0,2922.25,3007.48,2906.4,2992.62,243854.0783,718718.0,99.91,104.85,98.48,104.01,2334116.02,300412.0,0.0001,0.0001,0.00028825000000000004,87922.90015625,4499555224.529346,1.118664432777778,1.1531761785763888,875992.4006215278,2593628165.2064533,1.4431303837847222,1.1058701072569446,6371262.197916667,651036945.710833,3.495249053402778,1.0828321647916668
2024-02-25,51568.21,51958.55,51279.8,51728.85,18721.63159,923992.0,2992.62,3122.0,2983.61,3112.59,412306.2237,1085332.0,104.02,104.43,102.0,103.47,1967184.81,285185.0,0.00013837333333333333,0.00018988666666666667,0.0003715533333333333,87066.85578472223,4498721626.535889,0.965749530625,1.1713710613541666,934747.6839479166,2849041252.2348037,1.0920053095833333,1.0966589474305557,6312296.052083333,651485367.1106471,3.2275057278125003,1.0720398051041666
2024-02-26,51728.85,54910.0,50901.44,54476.47,51256.72199,1808909.0,3112.6,3196.0,3036.59,3175.94,546722.7747,1391934.0,103.47,110.89,100.29,109.9,5392138.71,723403.0,0.00025185,0.00032642,0.00049793,86686.64167708333,4537151917.887287,0.9321325897916667,1.0966187780902779,932020.8874305557,2904607127.4901285,1.214536384861111,1.065648316701389,6271713.423611111,657990733.3524709,3.2230635125694445,1.0593377487847222
2024-02-27,54476.48,57588.15,54450.13,57037.34,67194.98562,2414285.0,3175.95,3288.14,3160.02,3242.36,625939.1221,1676466.0,109.9,112.3,105.29,108.36,6198163.52,910828.0,0.00042916000000000004,0.00041659333333333325,0.0006029366666666667,81507.79354513889,4606265037.980169,0.7557805044791667,1.0902446133680557,844078.6432013889,2734297605.225607,1.404496567326389,1.0680809663194444,5891784.052083333,646995053.6426644,3.031374131840278,1.0573531917361112
2024-02-28,57037.35,64000.0,56691.85,62432.1,118763.46984,3895062.0,3242.35,3488.0,3176.16,3383.1,947538.766,2442603.0,108.35,119.06,106.85,119.03,11832282.01,1812047.0,0.0003464966666666667,0.00036382666666666673,0.00050635,80130.28142708333,4751513332.895332,0.8196507559027778,1.0473183983680556,835874.3696631944,2766876049.065954,1.6806693353472222,1.0554797871527777,5875184.881944444,655100990.2781205,3.162046709826389,1.017221847048611
2024-02-29,62432.11,63676.35,60364.7,61130.98,78425.07603,3169405.0,3383.11,3522.81,3300.0,3340.09,759698.1123,2112875.0,119.03,134.65,117.15,125.68,13847087.32,2407149.0,0.0006748633333333332,0.0007056066666666668,0.0008981733333333334,75072.85827430554,4666083599.380237,1.0773770360069443,1.0399023056249999,841579.8285000001,2890494883.432949,2.0399978382638886,0.9939960131944444,6499598.746527778,827136323.1378541,2.5129097654513886,1.0101379837152777
2024-03-01,61130.99,63114.23,60777.0,62387.9,47737.93473,1947444.0,3340.1,3450.0,3338.54,3433.43,412788.5773,1263130.0,125.68,137.8,125.61,129.43,8376631.09,1579108.0,0.0005471866666666667,0.00048194,0.0006281699999999999,74050.07018750001,4584898852.414005,1.154001488611111,1.0572838396875,830566.3328472222,2830287340.8465266,2.2327914623611114,1.0184135890972223,6618648.440972222,879268333.697386,2.3457445022916668,1.0084269596180555
2024-03-02,62387.9,62433.19,61561.12,61987.28,25534.73659,1641808.0,3433.42,3460.04,3390.01,3421.4,283984.9448,926113.0,129.43,131.69,127.2,130.02,4693251.94,935924.0,0.0004899866666666667,0.00053896,0.0007063833333333334,73300.90367708333,4547020665.856031,1.215451463298611,1.0986259706597223,815890.1414861111,2794399891.998977,2.282469009548611,1.0279898618402779,6566760.069444444,848520468.5318986,3.702217846840278,0.9940667289236111
2024-03-03,61987.28,63231.88,61320.0,63113.97,28994.90903,1992011.0,3421.39,3491.8,3360.0,3487.81,341631.531,1116823.0,130.03,132.11,124.17,130.16,5228370.86,957739.0,0.00044618,0.0003826466666666667,0.0006297066666666667,74190.69503472223,4618723999.892101,1.225571004409722,1.1310069068750002,814050.9189548611,2798431550.1221223,2.2571232531944445,1.0411919401736112,6466123.083333333,838167030.719843,3.7766695691319447,0.9990734365624999
2024-03-04,63113.97,68499.0,62300.0,68245.71,84835.16005,3887853.0,3487.8,3640.94,3423.78,3627.76,715360.6361,1953764.0,130.16,134.95,127.35,133.27,8053684.79,1354011.0,0.0005517466666666667,0.00040321333333333335,0.0007200266666666667,79677.48853310104,5212875630.508993,1.1183503595818816,1.0674376236933798,777929.6347874564,2743235290.7581677,2.1558449172473866,1.0477869024390243,6497274.651567944,849538121.044128,3.791911235121951,0.9832155331010454
2024-03-05,68245.71,69000.0,59005.0,63724.01,132696.7813,5310706.0,3627.75,3822.04,3200.0,3553.65,1392904.864,3265582.0,133.26,142.72,105.0,125.31,17035242.52,2728801.0,0.00073359,0.00074303,0.0010181633333333333,79877.50465277777,5299262557.819604,1.3013027478472223,1.038044795138889,767035.1857638889,2809861334.8882937,2.4292887422569445,1.0106682430555556,6575245.475694444,857870757.6278368,3.560173062395833,0.9692907986111111
2024-03-06,63724.01,67641.1,62779.14,66074.04,78738.85491,3302981.0,3553.66,3900.0,3499.4,3818.59,969494.71,2555462.0,125.31,134.95,120.0,130.79,9581617.48,1528038.0,0.00039836666666666663,0.00033151,0.0002818333333333333,73904.01632986112,4874726079.154185,1.3234987192361112,1.067867625,748656.4571944444,2820531846.974469,2.282293281111111,1.0461049305555554,5898420.6875,760288178.3876435,3.022775039236111,0.9838374201388889
2024-03-07,66074.04,67980.0,65551.0,66823.17,53059.8869,2428227.0,3818.58,3933.81,3735.0,3868.76,540780.675,1636716.0,130.8,149.3,130.52,143.82,10952975.3,1976430.0,0.0004183733333333333,0.00039695333333333334,0.00048551999999999997,74393.6235451389,4972320639.084122,1.2678392961458333,1.0748530520833333,759429.0636840278,2902276936.5187755,2.4287679088888887,1.0710550138888888,6375080.913194444,907198234.1081958,2.071866382777778,1.0285380416666667
2024-03-08,66823.18,69990.0,66082.66,68124.19,74261.932842,2943927.0,3868.76,3993.75,3820.0,3883.36,646399.2589,1657141.0,143.82,152.64,142.0,144.79,8096745.65,1440300.0,0.00047076333333333334,0.00049913,0.0005610333333333333,74613.2696111111,5053029364.427009,1.2241043257638888,1.1268660243055555,780506.0783020833,3063174018.20833,2.1550473740625,1.0700137465277777,6376783.666666667,933255859.0558472,2.201007978333333,1.035061795138889
2024-03-09,68124.2,68541.1,67861.1,68313.27,19872.89743,1345341.0,3883.37,3942.0,3870.01,3905.21,254839.1386,819335.0,144.79,149.15,143.54,144.29,3686876.81,669430.0,0.0002560733333333333,0.00035076333333333335,0.0004047933333333334,73516.95106597223,5021394662.933176,1.2610077833333333,1.1098347013888887,775000.5830416667,3032324093.9825654,2.5867573527083336,1.0607253993055556,6192999.597222222,906766830.3809928,2.8571826095833335,0.9809156354166666
2024-03-10,68313.28,69887.61,68094.75,68955.88,38404.66835,2139518.0,3905.2,3964.67,3791.26,3878.47,356664.68,1195480.0,144.3,148.5,140.43,144.39,4489519.25,754488.0,0.0004964666666666667,0.0003796033333333334,0.0005298766666666667,77318.50823611111,5361090018.338501,1.0296576863888889,1.1107410034722223,777766.2925104167,3048554711.8551884,2.531166287118056,1.045799423611111,6058876.739583333,882571305.1307201,2.9732452194791668,0.9828898645833333
2024-03-11,68955.88,72800.0,67024.96,72078.1,75292.825726,3043414.0,3878.47,4086.23,3722.95,4064.8,721554.5139,1894504.0,144.39,150.2,136.49,148.83,7743384.35,1296958.0,0.0006010433333333334,0.00053633,0.0005700566666666666,79032.28866666666,5615371755.699707,0.9749412819097222,1.0802223194444445,773229.6868680555,3080116218.3824644,2.205625009618055,1.0524690416666667,5646967.739583333,823563955.1931256,2.9666424620138887,1.0172269999999999
2024-03-12,72078.1,73000.0,68620.82,71452.01,68783.546691,3047890.0,4064.8,4093.92,3828.98,3979.96,632787.3941,1878541.0,148.83,155.0,141.5,151.05,8930538.0,1590998.0,0.0004590166666666667,0.00051318,0.00066976,79646.65986111111,5711943146.178144,1.086651373263889,1.0607057430555555,788538.5089652777,3157114077.151201,2.412869239236111,1.027762375,5730194.902777778,860677639.9919486,2.7217888606597223,1.0267168229166668
2024-03-13,71452.0,73650.25,71333.31,73072.41,52659.711647,2501197.0,3979.97,4083.0,3932.23,4004.79,482305.7766,1536498.0,151.06,166.73,148.71,163.9,7627285.95,1411841.0,0.00047682,0.0005044866666666667,0.0006616399999999999,80251.38020486111,5838708633.666431,1.1011722530902779,1.0443342395833333,795231.8527986112,3194580162.751055,2.6246411140972223,1.0167525312499999,5977624.385416667,927034040.2076273,2.503851685277778,1.0325784097222224
2024-03-14,73072.4,73777.0,68555.0,71388.94,71757.628746,2994869.0,4004.79,4010.98,3723.0,3881.7,648237.5245,1919963.0,163.9,178.5,159.2,176.65,10423585.86,2198598.0,0.0003380133333333333,0.00042192333333333337,0.0005240833333333333,82585.74520833333,5964436630.29948,1.243460328888889,1.06943296875,818133.1891180555,3211951661.1383934,3.32699031625,1.0346242083333332,6124194.552083333,1032806204.1521189,2.1524635361805555,1.0234989791666667
2024-03-15,71388.94,72419.71,65600.0,69499.85,103334.03546,3904445.0,3881.69,3934.02,3570.0,3742.19,947537.4071,2487337.0,176.65,188.98,164.5,183.95,17484961.6,3444279.0,0.00022716333333333333,0.00032333,0.00041595,78377.03772569443,5380501151.455652,1.7975108329513887,1.0110075868055555,816692.9233958333,3040187296.794539,3.8305573711111114,1.0182263680555554,5932553.708333333,1057702577.5294334,2.134150424548611,0.9965037256944443
2024-03-16,69499.84,70043.0,64780.0,65300.63,55926.95336,2729019.0,3742.19,3781.12,3468.8,3523.09,548288.1569,1798939.0,183.95,197.95,176.78,182.05,13017058.01,2909824.0,0.00018004999999999999,0.0002508666666666667,0.00016905666666666667,78663.38376736111,5371593630.3819685,1.6856265034027778,1.0143866631944443,829820.1873645834,3052284834.220701,3.7771809284375,1.0342122673611112,5811187.784722222,1093397692.4162345,1.868008945798611,0.9953922222222222
2024-03-17,65300.64,68904.4,64533.0,68393.48,49742.21589,2449156.0,3523.09,3678.68,3412.0,3644.71,517790.9936,1721355.0,182.05,205.2,178.55,201.86,10524537.06,2323291.0,0.00018563,0.00018532,0.00018322,77988.54810416666,5233933137.561518,1.8092525738541667,1.0525102881944446,831382.5991006945,2979064952.9088607,3.8298329275,1.033575329861111,5794156.388888889,1106839887.4155307,1.8286006283333331,1.0303373125
2024-03-18,68393.47,68956.0,66565.2,67609.99,55691.08088,2464515.0,3644.7,3645.02,3454.09,3520.46,570901.2851,1906387.0,201.85,210.18,193.8,195.92,11583736.08,2540129.0,0.00025990999999999997,0.00024435,0.00027027,79061.41069444445,5360692642.93364,1.5752757447916668,1.0610971979166668,842961.9512569444,3005831657.813514,3.639772592013889,1.0426800208333333,5945205.604166667,1202809010.465308,1.5983961609375,1.0024839930555556
2024-03-19,67610.0,68124.11,61555.0,61937.4,101005.32487,3593832.0,3520.47,3548.09,3150.88,3158.64,1049629.6936,2647385.0,195.92,198.68,166.0,169.82,16935298.87,3396222.0,0.00026668666666666667,0.00021642666666666667,0.00017075666666666666,79928.73363194444,5148248506.703564,2.0663246232986108,1.0255932847222222,831904.7414131945,2764445918.928561,4.258071664618055,1.0112587777777777,5425354.201388889,983817059.8266078,2.742821658263889,1.013203576388889
2024-03-20,61937.41,68100.0,60775.0,67840.51,90420.58592,3549793.0,3158.65,3535.24,3056.56,3516.53,1207322.8201,2987953.0,169.82,193.19,162.45,191.77,12365784.68,2660068.0,0.00014745,0.00012032,0.00016192,77983.95475347222,4981449805.385457,1.8812920561458333,1.0658107152777778,789668.1665486111,2595535011.7508616,3.781746799930555,1.0548020729166667,5407370.274305556,947725556.3510232,3.030134166736111,1.0260935590277778
2024-03-21,67840.51,68240.47,64529.01,65501.27,53357.48002,2388390.0,3516.53,3587.32,3412.0,3492.85,602755.2072,1791989.0,191.76,195.68,175.84,179.46,8064316.56,1955883.0,0.00016405666666666666,0.00017007,0.00020401333333333333,76825.43453472223,5123632979.7625675,1.4555513577083332,1.0323354131944444,771100.7258020833,2708837437.4433284,2.6942421355902777,1.0313615590277778,5274879.857638889,985205934.6506479,2.4909394200694446,1.0155649479166666
2024-03-22,65501.28,66649.62,62260.0,63796.64,51482.37821,2492881.0,3492.84,3542.52,3250.0,3336.35,558848.888,1747756.0,179.46,181.95,167.57,175.21,6152106.89,1468995.0,0.00012754666666666667,0.00020728,0.00015018333333333332,75531.31194791668,4885395204.554811,2.0026664194097226,1.0056393680555555,792791.8472118056,2706245633.9999275,3.3805322620833334,1.0311012118055556,5397589.625,942074994.5963187,3.7139238820833333,0.9997089791666666
2024-03-23,63796.64,65999.0,63000.0,63990.01,26410.11409,1753566.0,3336.35,3435.48,3270.08,3329.53,323675.9448,1129683.0,175.21,179.0,170.38,172.65,3504716.61,859128.0,0.00010268666666666668,0.00012305666666666666,0.00015725333333333334,73743.14712152777,4763695542.099007,1.8943346079166667,1.0828188333333335,792509.0344479167,2667490290.303602,3.669779863020833,1.0490424965277778,5444978.923611111,953079587.1516709,3.3860948428124997,1.0220951354166667
2024-03-24,63990.02,67628.69,63772.29,67209.99,31395.78015,1880774.0,3329.53,3471.22,3298.76,3454.98,260824.1408,1090982.0,172.65,186.78,171.25,183.88,3578259.38,800450.0,0.00013617,0.00015948333333333332,0.00019611333333333333,75559.22946180556,4930986230.05107,1.6425223354861112,1.1427305833333332,789456.4805347222,2664291162.016483,3.543157309444444,1.1241552708333333,5513540.527777778,970172742.7402308,3.104583980902778,1.0140209826388888
2024-03-25,67210.0,71150.0,66385.06,69880.01,53431.14486,2632220.0,3454.99,3666.0,3420.12,3590.42,548577.6942,1610130.0,183.87,194.6,180.92,188.99,5240091.85,1122467.0,0.00023562666666666668,0.0001806966666666667,0.00019777666666666665,77968.18554861112,5331154399.260217,1.2357228966319445,1.0722751597222222,799687.3310451389,2813501012.3411865,2.8788107800694447,1.0544260555555556,5481749.611111111,1033931274.2986501,2.2395815746875,1.0578945416666667
2024-03-26,69880.0,71561.1,69280.0,69988.0,38934.38417,2176807.0,3590.43,3678.86,3542.62,3587.33,499013.8384,1373691.0,188.98,196.57,186.0,190.46,4465611.36,968440.0,0.00022358333333333334,0.0002775666666666667,0.0002838233333333333,78768.85476041667,5543696783.725392,1.1437952361805557,1.0500984895833332,831995.09334375,3006832090.81991,2.8721403468055557,1.0515985104166665,5474457.361111111,1051225017.5465429,2.234308283576389,1.0036617881944445
2024-03-27,69987.99,71769.54,68359.18,69469.99,49119.35685,2453366.0,3587.32,3665.84,3460.02,3501.19,443195.3297,1436593.0,190.46,192.74,180.0,186.33,5173929.09,1098295.0,0.00033979666666666665,0.00027211333333333336,0.0003258966666666667,81669.07824305556,5702093387.504763,1.3063429192361111,1.0427369444444445,841614.0771770834,2997732699.4570885,3.313543192395833,1.0527288333333333,5546964.350694444,1035948271.7581728,3.1022383653819445,1.031097
2024-03-28,69469.99,71552.06,68903.62,70780.6,35439.03239,1799897.0,3501.2,3611.78,3465.0,3560.49,404654.0311,1158353.0,186.34,190.93,180.92,189.63,3602194.14,749165.0,0.00027841333333333335,0.0003716766666666666,0.00034406,82783.19988194444,5833404335.145463,1.2316070977430555,1.0520640972222222,845641.0993923611,3007918796.6256557,3.224753615138889,1.0523626597222222,5615431.5,1045104172.184547,3.3396381177777776,1.0306137499999999
2024-03-29,70780.6,70916.16,69009.0,69850.54,25445.08353,1522607.0,3560.49,3584.37,3445.91,3509.74,323086.179,951744.0,189.64,193.0,183.39,192.01,3580115.76,728399.0,0.0002462533333333333,0.0003392533333333333,0.0004041333333333333,82680.38528819445,5794098551.989879,1.3273932451388888,1.0764903298611113,867143.7010243055,3065792028.095766,3.753072456701389,1.0717290069444445,5629352.972222222,1055139827.0035447,2.804210322152778,1.04590396875
2024-03-30,69850.53,70321.1,69540.0,69582.18,13644.61142,1110488.0,3509.74,3565.81,3485.0,3505.64,216025.2634,750249.0,192.02,200.0,190.71,194.2,3491334.38,758168.0,0.0002875033333333333,0.00031415333333333333,0.00055206,80823.64334722223,5658589353.53467,1.3938076043749998,1.1588089305555556,879923.0061840278,3097142125.759141,3.6844805728819443,1.130775763888889,5772602.309027778,1130427137.473508,2.105344442048611,1.04256771875
2024-03-31,69582.17,71366.0,69562.99,71280.01,19396.34433,1181926.0,3505.65,3655.32,3505.09,3645.29,243464.9877,722927.0,194.19,203.17,193.69,202.45,2398135.45,522989.0,0.0003751366666666666,0.0005003966666666666,0.0004789866666666666,81910.07582638889,5774396296.985157,1.2833524986805556,1.1628069930555556,907071.8626215277,3270760572.577707,3.0094880332638887,1.1141341180555555,5742597.305555556,1132154139.0193746,2.237897042673611,1.096173652777778
2024-04-01,71280.0,71288.23,68062.86,69649.8,41445.32039,1893438.0,3645.29,3645.95,3413.71,3503.8,408854.1225,1115133.0,202.45,204.46,186.87,192.24,4599776.65,932165.0,0.00043706999999999996,0.00038689666666666666,0.0005307166666666667,83597.35948611112,5830275329.679044,1.5055330138194445,1.0381669027777778,889281.6426944444,3144719344.36619,3.732566213263889,1.0386201041666667,5784102.756944444,1134111288.8106859,2.558989998611111,1.0069773124999999
2024-04-02,69649.81,69674.23,64550.0,65463.99,71799.82793,2662410.0,3503.8,3505.6,3212.0,3278.96,623264.6476,1581408.0,192.24,192.24,175.92,181.53,5766777.4,1161554.0,0.00012460666666666667,0.00012558666666666668,0.00013903333333333334,79748.72481944444,5295464634.937962,2.0384704281944446,1.036447763888889,865679.6649131945,2884479933.743941,4.465254375208334,1.0030814722222223,5578030.972222222,1022758682.9220681,3.2655669613541667,0.980036923611111
2024-04-03,65463.99,66903.63,64493.07,65963.28,39887.21778,2172096.0,3278.96,3367.4,3202.79,3310.83,410484.1933,1113644.0,181.53,192.0,176.92,185.05,5010275.57,961764.0,0.0001,0.0001,0.00012371333333333333,79684.23033680556,5262948412.860048,2.1404950960416667,1.0623260659722222,843837.7333125001,2798180389.168199,3.9594224211805553,1.02651890625,5432950.416666667,1017442281.28583,2.551801773715278,0.9951244409722223
2024-04-04,65963.27,69309.91,65064.52,68487.79,41510.48453,2000945.0,3310.83,3443.93,3250.92,3327.4,356338.5716,965695.0,185.05,190.13,180.02,184.0,3773747.36,728988.0,0.0001,0.0001,0.00012271666666666668,79884.53440277778,5345609993.568821,1.8848439251041667,1.08515171875,835856.217701389,2789053297.464658,3.648775440416667,1.0577105729166667,5264226.680555556,975068289.2398989,2.8324817051041666,1.0342590486111112
2024-04-05,68487.8,68756.67,65952.56,67820.62,37915.23073,1901980.0,3327.39,3350.0,3210.0,3317.85,344556.7983,854139.0,184.0,185.07,167.84,174.37,5000847.22,1053497.0,0.0001,0.0001,0.0001,76592.49580555555,5169909723.360381,1.6351700841319445,1.0936511180555555,855434.4871458333,2823060400.816105,4.067452221006945,1.0837358194444446,5368289.90625,942862738.6986043,3.6084893534375,0.98574221875
2024-04-06,67820.63,69692.0,67447.83,68896.0,20134.28919,1171460.0,3317.85,3398.42,3306.68,3351.59,183312.2125,549985.0,174.37,179.89,173.54,178.68,2641869.38,494775.0,0.0001,0.00012244,0.0001,75895.51377083334,5163861899.477558,1.5611564743402777,1.1160090625,856192.5427604166,2859454237.728101,3.6228030259722224,1.075309027777778,5223883.850694444,922387319.6840197,3.2347230964583336,1.04096771875
2024-04-07,68896.0,70326.29,68824.0,69360.39,21534.74433,1269048.0,3351.59,3459.94,3344.08,3454.2,210459.0752,748530.0,178.69,182.71,176.85,179.52,2235798.23,460972.0,0.0001,0.0001,0.0001,79040.84626736112,5486163865.72382,1.220687107361111,1.1336198993055555,841451.3388020833,2856263887.999094,3.2022563777430557,1.1163100138888888,5136148.996527778,925129718.6404679,2.8257217745833336,1.039656392361111
2024-04-08,69360.38,72797.99,69043.24,71620.0,45723.87624,2037025.0,3454.2,3730.71,3406.36,3694.61,496841.3532,1333378.0,179.51,184.68,175.25,180.68,3690701.97,659397.0,0.00018396333333333333,0.0001729866666666667,0.00019217666666666668,80586.70505555556,5733287637.589781,1.0693278652083333,1.1139202187500001,875363.6472083334,3135805424.9850144,2.3759311527430556,1.15034584375,5296232.78125,953619564.011206,3.4543159438541666,1.081809267361111
2024-04-09,71620.0,71758.19,68210.0,69146.0,39293.90242,1804157.0,3694.61,3727.34,3450.46,3506.39,457592.252,1046479.0,180.68,180.9,169.11,172.42,3401885.89,638002.0,0.00020192999999999999,0.00016743,0.00012474333333333334,80645.0884236111,5661345480.4016695,1.4277818088541665,1.0924950694444444,881831.9142395833,3177183480.531502,2.7295425898958334,1.0508599236111111,5480803.173611111,963767608.3165002,4.378467476770833,1.0664748958333332
2024-04-10,69146.0,71172.08,67518.0,70631.08,42006.02377,1852170.0,3506.4,3562.95,3411.82,3545.64,389404.9055,915957.0,172.41,175.5,162.28,173.31,4653467.65,790630.0,0.00011462000000000001,0.00015783,0.0002843333333333333,79752.47282291666,5521160429.252443,1.720610374201389,1.0498631666666667,857635.8574444444,3010122916.7018733,3.6603863626388886,1.0864031041666666,5552074.315972222,947412103.9290911,4.5276551502430555,1.0523804444444445
2024-04-11,70631.08,71305.89,69567.21,70006.23,31917.25595,1658995.0,3545.64,3618.3,3474.52,3502.52,338139.5534,890107.0,173.3,176.32,170.07,172.37,3761197.49,649962.0,0.00017964999999999998,0.00011827666666666666,0.00026361,81710.5105,5759429153.290795,1.2834124544444443,1.0870751597222224,837369.4004513889,2965579648.678291,3.4409494924652777,1.0936047291666666,5532524.572916667,959120490.3116288,3.891440631423611,1.0682813819444443
2024-04-12,70006.22,71227.46,65086.86,67116.52,56072.86229,2496617.0,3502.52,3552.4,3100.0,3237.43,697327.1174,1423600.0,172.37,175.98,141.0,153.16,6842096.22,1252007.0,0.00016367333333333332,0.0001,0.00027194666666666666,82769.02039930556,5758733325.718356,1.3940651500694445,1.0891906770833333,821698.6380069444,2825822245.567129,3.945958739340278,1.0114883784722222,5589933.100694444,934170716.1795784,4.004086741527778,1.0651077430555556
2024-04-13,67116.52,67929.0,60660.57,63924.51,71395.22019,3341340.0,3237.42,3301.9,2852.0,3007.01,994971.2354,2037632.0,153.16,155.0,116.0,138.47,15444420.06,2344436.0,0.0001,0.0001,0.0001,76919.48174999999,5125478088.279423,1.9969965839930555,1.0534063194444443,767597.4624131945,2456294836.9257956,4.033325256875,1.0119694027777777,5150667.822916667,755897510.3046745,3.8332405620486107,0.9864839513888888
2024-04-14,63924.52,65840.0,62134.0,65661.84,61599.17818,2657953.0,3007.01,3174.23,2906.73,3155.11,737580.4666,1680666.0,138.47,152.84,130.45,151.25,12428370.68,1910814.0,0.0001,0.0001,0.0001,66970.51732638889,4296989678.623455,1.7203960701388887,1.0371959618055557,693799.3776354167,2115565871.2725449,3.313570554513889,0.9993160277777778,4781323.677083333,672929792.4291921,2.3307666996875,1.0182408645833334
2024-04-15,65661.85,66867.07,62274.4,63419.99,52389.53069,2539048.0,3155.11,3277.85,3023.19,3101.99,605430.8863,1540774.0,151.26,156.06,133.56,138.51,9332424.74,1498623.0,7.253e-05,8.097666666666667e-05,5.099333333333333e-05,67867.57871527778,4408289626.693269,1.7439080002777778,1.0375204895833334,680131.8782847222,2150688867.092881,3.058344501076389,1.0234133784722221,4698991.006944444,688822049.1226557,2.6063411943402777,1.008162107638889
2024-04-16,63419.99,64365.0,61600.0,63793.39,53435.29331,2604354.0,3102.0,3128.01,2986.0,3084.22,526113.855,1461779.0,138.51,140.57,126.4,136.22,9794711.9,1530833.0,6.330333333333333e-05,7.407e-05,3.866666666666667e-06,66249.22144097222,4170360961.9566574,2.088107059236111,1.0689997916666667,668921.16734375,2052870977.2775836,3.479218633506944,1.0340671319444443,4384404.291666667,589799428.3667364,3.2335540624305557,1.0268745937500001
2024-04-17,63793.4,64499.0,59678.16,61277.37,50610.54509,2458327.0,3084.21,3123.75,2914.47,2985.41,491897.5661,1348404.0,136.21,142.77,126.87,131.84,9559485.27,1498645.0,5.494333333333333e-05,3.6026666666666665e-05,2.578e-05,66504.98195486111,4154398745.3488564,2.104370532326389,1.0501791319444445,667307.5848541666,2028964298.3255475,3.5655770537847227,1.0722680833333333,4384500.576388889,593544728.5185343,2.7180153239583333,1.0206668611111112
2024-04-18,61277.38,64117.09,60803.35,63470.08,43601.60918,2142511.0,2985.41,3094.4,2950.98,3064.4,389060.7133,1168254.0,131.84,144.25,127.62,142.07,7805067.82,1213277.0,3.195e-05,4.036e-05,6.893666666666667e-05,67841.60562500001,4231200052.1544504,1.9217159801736112,1.0813492395833333,657937.156454861,1991693624.8768244,3.422930035625,1.0564522708333335,4493051.9375,609551977.6997104,2.4341806833680555,1.021977204861111
2024-04-19,63470.09,65450.0,59600.01,63818.01,69774.30271,2828284.0,3064.4,3128.89,2865.18,3056.46,607850.4019,1465901.0,142.08,147.49,128.5,142.5,11145361.53,1717920.0,3.133666666666667e-05,5.964333333333333e-05,1.6733333333333335e-05,66551.84083333334,4240196118.7980595,1.478671791076389,1.0673106006944444,663473.8338680556,2029549901.6151342,2.859423541875,1.038567201388889,4550300.871527778,647038876.335104,2.034202831145833,1.02427296875
2024-04-20,63818.01,65419.0,63090.07,64940.59,23137.42975,1376712.0,3056.45,3171.88,3018.75,3155.79,242577.6371,812118.0,142.5,152.39,139.66,151.22,4855973.67,796179.0,4.479333333333333e-05,5.833333333333333e-05,6.926e-05,66201.63175694444,4247695650.128236,1.5358538443055556,1.0796278854166668,662195.7864513888,2041469165.7806342,2.836189757673611,1.0307867465277778,4480733.222222222,649537158.4219352,2.2326200604166666,1.037983201388889
2024-04-21,64940.58,65695.56,64237.5,64941.15,19316.42152,1390153.0,3155.79,3197.18,3116.49,3147.67,219970.5072,767260.0,151.21,153.5,146.68,148.8,3646801.53,600110.0,3.1213333333333335e-05,3.109e-05,2.780333333333333e-05,67320.82777430555,4370588148.418495,1.4309516650694443,1.08784959375,665967.0672395834,2103151970.8448508,2.552205496458333,1.0524960555555554,4485300.399305556,672488231.3531817,2.0704001081944443,1.0415310972222223
2024-04-22,64941.15,67232.35,64500.0,66819.32,31397.99371,1816591.0,3147.66,3235.0,3129.15,3200.2,290879.9569,993579.0,148.81,158.5,146.63,156.95,4967360.16,804446.0,2.6013333333333334e-05,2.117e-05,3.076333333333333e-05,67776.15943402778,4472204922.048504,1.2923870129513888,1.0907151354166666,674045.2230694444,2151515109.2624073,2.6239330418402775,1.0687875694444444,4444488.871527778,680478312.5447875,2.018175346944444,1.0153551354166668
2024-04-23,66819.32,67183.01,65765.81,66414.0,22599.90004,1433915.0,3200.19,3263.61,3152.0,3219.46,253914.2263,844893.0,156.94,160.0,153.04,154.75,4102272.11,683700.0,9.736666666666668e-06,2.9333333333333333e-05,-1.3023333333333333e-05,69298.10544097221,4603758553.01466,1.30089601125,1.0502811388888889,681189.7543090278,2179527453.2124076,2.6496408311458333,1.1030113611111112,4461921.878472222,696883745.7895764,2.0803191405555554,1.0009253854166666
2024-04-24,66414.0,67070.43,63606.06,64289.59,33595.69637,1784897.0,3219.46,3293.56,3104.9,3140.8,393314.3414,1130370.0,154.75,159.8,145.58,147.78,6491963.0,1056785.0,4.587333333333333e-05,3.818e-05,3.873333333333334e-05,69047.05928125,4537381283.704814,1.5135034304166668,1.0461495381944443,684251.6007152778,2198778188.34389,2.718816687847222,1.028563045138889,4302213.28125,665898751.7663461,2.293103500138889,1.0340559930555555
2024-04-25,64289.58,65297.94,62794.0,64498.34,31341.46338,1375324.0,3140.79,3191.64,3072.2,3155.8,352288.5502,861077.0,147.79,149.6,142.09,144.84,5417465.27,783470.0,4.076333333333333e-05,4.057333333333333e-05,7.413000000000001e-05,68974.78980208334,4426543831.653376,1.88435301125,1.0834304861111113,685995.715673611,2157007249.06922,3.33015446875,1.0887158784722224,4187019.097222222,613281766.6997055,2.948173780173611,1.02557840625
2024-04-26,64498.33,64820.01,63297.48,63770.01,27085.19346,1025561.0,3155.81,3167.7,3102.0,3131.3,252522.655,628635.0,144.83,146.19,138.74,139.23,3749353.51,616776.0,2.652e-05,3.353333333333333e-05,7.698333333333334e-05,67226.29503472222,4310360103.692139,1.853232465902778,1.0833293645833333,680342.6284166666,2134924024.716549,3.2224156990277777,1.1060410277777777,4275251.892361111,611802384.4937419,3.2125977146180555,1.0411641006944443
2024-04-27,63770.0,63923.41,62391.24,63461.98,20933.06052,912422.0,3131.3,3285.0,3066.74,3255.56,323811.1919,734026.0,139.23,143.04,132.88,141.31,3821061.91,569425.0,6.768e-05,6.460333333333333e-05,1.727e-05,67489.64826041667,4256377053.8818793,2.20113172125,1.1002987361111112,689407.2995486112,2177092519.250924,2.8951126705902777,1.1103789270833333,4312066.940972222,594825743.3617225,3.1622097626041668,1.0558831562500002
2024-04-28,63461.98,64370.0,62781.0,63118.62,16949.20005,790652.0,3255.55,3357.4,3250.45,3263.45,304766.009,753239.0,141.31,144.82,137.03,137.99,2951913.56,438504.0,5.6900000000000014e-06,8.631333333333333e-05,5.254e-05,67496.63004166666,4296899967.867152,2.1001972334375,1.1005610416666667,726523.8241874999,2399517551.995493,2.098919468298611,1.0529386180555556,4238009.746527778,603052285.6678101,2.703648115902778,1.0597085069444445
2024-04-29,63118.62,64228.35,61765.53,63866.0,28150.22947,1152296.0,3263.44,3286.95,3115.13,3216.73,421831.2912,943719.0,137.99,138.93,133.38,137.77,4267883.497,616036.0,4.948e-05,8.265666666666667e-05,0.0001,67472.68459027779,4232494311.588451,2.246838758576389,1.0646774652777777,727078.6337673612,2319014360.078109,3.1879916677777778,1.0632132986111111,4388548.121527778,595804206.9309145,3.411105529479167,1.0676325625
2024-04-30,63866.0,64734.0,59191.6,60672.0,54947.65535,1985671.0,3216.74,3250.95,2921.0,3014.05,561717.4866,1292873.0,137.79,139.77,121.21,126.77,6026555.488,989314.0,9.631333333333333e-05,6.264666666666666e-05,6.828666666666667e-05,70542.1331111111,4355645738.844579,2.6112099553125,1.0892785173611113,724619.5702812499,2221758599.8242946,4.2309790537500005,1.0482671597222222,4566529.239583333,595498997.9257588,3.5062246658333334,1.0057523854166666
2024-05-01,60672.01,60841.63,56552.82,58364.97,81166.46823,2401089.0,3014.04,3023.24,2817.0,2972.46,624963.7773,1365039.0,126.76,135.97,118.47,134.64,7991325.271,1235535.0,9.616000000000001e-05,4.7006666666666665e-05,5.179666666666667e-05,71370.8425173611,4162946244.5354977,3.0147296764236113,1.0292074722222222,689860.1662916667,2026780503.0995352,4.361357449479167,0.9975235833333334,4668371.913194444,586867276.5781473,3.2539363108680557,1.00385346875
2024-05-02,58364.97,59625.0,56911.84,59060.61,47583.81961,1572898.0,2972.46,3016.72,2893.26,2986.19,365939.7191,880167.0,134.64,140.9,128.19,137.58,5743465.621,881829.0,4.2266666666666666e-05,5.750000000000001e-05,3.9359999999999996e-05,69088.43758333333,4030568584.9940786,2.424375613611111,1.0547053055555555,691875.8335833333,2049884858.7024193,3.6540735954861114,1.1066371423611112,4317588.822916667,582401382.9752278,2.2804927596874998,1.030943777777778
2024-05-03,59060.6,63333.0,58811.32,62882.01,43628.40143,1558661.0,2986.19,3126.99,2958.32,3102.61,355825.8391,859542.0,137.58,145.0,135.88,143.69,4524855.556,758139.0,9.259999999999998e-06,3.2193333333333336e-05,1.1996666666666666e-05,69355.45978125,4205036255.091329,1.6265560360069444,1.0906331770833333,723847.1669513888,2194202587.5977736,2.8781767461458334,1.0855835104166667,4347230.392361111,610833170.8558928,2.0218159892361114,1.061823607638889
2024-05-04,62882.01,64540.0,62541.03,63892.04,24368.69282,1113509.0,3102.61,3168.0,3092.85,3117.23,196263.9488,575026.0,143.7,149.14,142.22,146.05,2808003.24,500318.0,5.474333333333334e-05,6.585333333333333e-05,-2.1273333333333332e-05,73803.67127777779,4679305403.755515,1.1594012024305556,1.1199140069444444,733914.9702604166,2288545814.660594,2.4909748376041665,1.1238849270833333,4288316.315972222,624478585.02554,1.932587204652778,1.0460251145833332
2024-05-05,63892.03,64646.0,62822.17,64012.0,18526.75029,992921.0,3117.24,3171.93,3072.99,3136.41,218760.2662,600693.0,146.05,148.0,143.1,145.73,2131850.263,396560.0,3.815333333333334e-05,7.939999999999999e-05,7.145e-05,72044.55928472223,4590549749.006268,1.1064478738541665,1.16195865625,730113.5671354167,2280651433.4259443,2.5270771000694445,1.1374859548611111,4195752.826388889,611195998.3707882,1.8650494901388888,1.0618076215277776
2024-05-06,64012.0,65500.0,62700.0,63165.19,34674.91949,1392557.0,3136.4,3221.4,3046.35,3062.6,355135.3027,873200.0,145.74,156.89,145.4,152.82,4787441.567,854076.0,2.439e-05,8.198e-05,7.024666666666667e-05,73180.53076041667,4675427616.544037,1.220801593263889,1.0622959201388888,730361.8740555556,2281817825.840805,2.7726483865625,1.0639313194444444,4212929.6875,637843701.8516202,1.7746069220833334,1.0277690625
2024-05-07,63165.18,64422.41,62261.0,62312.08,25598.79472,1272898.0,3062.59,3129.85,2998.0,3005.69,298796.6829,815246.0,152.81,159.19,147.76,148.03,4486379.596,792273.0,5.5576666666666666e-05,6.116e-05,2.839333333333333e-05,71670.93353472222,4548239366.161635,1.3472937960416667,1.05259903125,718630.1973402777,2205147654.5234494,3.2093188557291668,1.0518620729166668,4147027.784722222,639222247.4845148,1.6362603067013888,1.0543601736111112
2024-05-08,62312.07,63020.22,60888.0,61193.03,26121.19004,1415152.0,3005.69,3038.15,2936.48,2974.21,266934.8125,830635.0,148.03,152.0,140.0,142.18,4533265.341,756740.0,6.578666666666666e-05,8.333333333333333e-05,0.0001,71441.53902083334,4447195740.218015,1.6623971160069444,1.103042826388889,722559.3065034723,2169254225.6079063,3.8404466336111107,1.0418832395833333,4200492.545138889,613943158.8422947,2.293884657048611,1.0680393368055556
2024-05-09,61193.03,63429.03,60630.0,63074.01,30660.8061,1381957.0,2974.2,3059.0,2950.77,3036.23,238561.7462,686147.0,142.17,153.39,140.61,152.57,3912139.908,692980.0,5.405333333333333e-05,0.0001,7.103333333333334e-05,70081.76243055555,4326655481.756369,1.9268715477083331,1.1214784930555557,739210.7305173611,2215994398.2199793,3.982735069270833,1.14826740625,4145609.690972222,603309771.5291877,2.3190267222569445,1.0657747604166667
2024-05-10,63074.0,63469.13,60187.12,60799.99,36529.34025,1500643.0,3036.24,3053.89,2878.03,2909.99,327855.8758,891040.0,152.56,155.75,144.49,146.01,4124775.208,802880.0,4.8710000000000006e-05,8.059e-05,5.722666666666667e-05,71878.92565277778,4461851867.455332,1.9598418572569445,1.0792276215277778,744623.5815729167,2220084306.750807,4.188166803541666,1.0823569340277777,4198457.638888889,633062150.8042121,1.910251355763889,1.0401273819444445
2024-05-11,60799.99,61515.0,60487.09,60825.99,13374.56936,753281.0,2909.98,2945.67,2886.46,2912.45,138163.1087,466357.0,146.02,147.7,143.12,145.42,2017032.814,401566.0,5.9063333333333334e-05,7.594999999999999e-05,6.425e-05,71146.93354861111,4332390056.566558,2.3237971408680553,1.1162282881944445,759813.9867013888,2215258717.577645,4.9648028872916665,1.1095765277777778,4177713.690972222,606670587.432739,2.6390185110069444,1.0469429305555555
2024-05-12,60825.99,61888.0,60610.0,61483.99,12753.13236,727113.0,2912.45,2955.2,2901.17,2929.29,107670.6323,367990.0,145.42,147.8,142.5,143.43,1422547.627,309808.0,5.144666666666666e-05,7.180999999999999e-05,4.528e-05,70256.75327777777,4295192873.641842,2.1566055233680554,1.1543723159722221,755019.2601458333,2208212059.0569534,4.471255694756945,1.1537126111111111,4166036.6493055555,605064915.3618852,2.5855528005208335,1.1048363819444444
2024-05-13,61484.0,63450.0,60749.21,62940.08,32733.41839,1371433.0,2929.3,2996.4,2864.76,2950.99,368664.7648,925017.0,143.42,150.88,137.78,147.54,4407929.923,766364.0,9.206666666666666e-05,8.609666666666667e-05,6.351333333333333e-05,70864.98423611111,4416141090.727966,1.5191771238541667,1.09205665625,785227.7158368056,2308456775.6168966,3.7960027831249996,1.147392763888889,4168804.1145833335,603797047.5586011,2.3708252962847225,1.0381203854166667
2024-05-14,62940.09,63118.36,61142.77,61577.49,29088.72041,1127939.0,2950.99,2960.6,2862.0,2881.93,269675.3037,617845.0,147.53,149.09,141.82,142.03,3389933.371,573013.0,8.086e-05,9.088e-05,7.844333333333334e-05,69508.2662326389,4304835342.157803,1.6421245780555556,1.0844205069444444,793695.9241597222,2309992636.9389043,4.3231741415625,1.0500602916666668,4097922.7743055555,595099879.6807362,2.3072031436458333,1.0790381111111111
2024-05-15,61577.49,66444.16,61319.47,66206.5,43559.74719,1729454.0,2881.93,3041.36,2863.75,3032.55,350254.3188,760817.0,142.03,158.88,141.21,158.52,4885274.203,749405.0,3.996e-05,9.111e-05,3.9976666666666666e-05,70191.67343055556,4462174040.397034,1.4434776152777777,1.0841018645833334,802694.4637222221,2361554277.748324,3.9812644363541665,1.1182125555555555,4168728.4895833335,619538222.298911,2.1716940336111112,1.0982155590277778
2024-05-16,66206.51,66752.01,64602.77,65235.21,31106.3671,1269793.0,3032.55,3041.24,2922.8,2944.7,293874.1513,575271.0,158.52,164.79,156.46,159.37,4200112.765,763259.0,3.598e-05,7.284666666666667e-05,0.0001,73356.15628472222,4823981746.935902,0.9222373188888889,1.0784966041666666,787785.7090069444,2348214128.4269075,3.4822444171875,1.1669061215277778,4631980.510416667,745112361.8666067,1.4349820208680555,1.0790222847222222
2024-05-17,65235.21,67451.2,65106.38,67024.0,26292.23409,1117254.0,2944.7,3120.0,2933.06,3092.01,357724.7731,754274.0,159.36,174.0,159.32,169.44,4097186.841,728905.0,1.7213333333333333e-05,6.062666666666666e-05,4.974333333333333e-05,72809.40835416666,4822003912.935242,1.009563430138889,1.1015978263888888,819482.0702708333,2485366026.3165655,3.273392316180556,1.1562293715277778,4709384.444444444,783467745.6809657,1.3758000483680555,1.0812789444444446
2024-05-18,67024.0,67400.01,66600.0,66915.2,14441.25774,734067.0,3092.0,3146.98,3083.61,3122.94,199976.5456,527531.0,169.43,176.06,168.65,172.4,2874473.997,577304.0,2.6159999999999997e-05,6.253e-05,4.6613333333333337e-05,74931.29407638888,5013698371.750738,0.9398095952083333,1.1640613090277778,840808.9943368055,2615827240.632458,2.2648234293750003,1.1090926979166666,4723574.131944444,815350227.1888884,1.1062356997569445,1.0371593715277778
2024-05-19,66915.2,67700.0,65857.25,66274.01,18025.30409,823729.0,3122.94,3136.64,3053.38,3071.19,166145.0102,470419.0,172.4,175.5,165.96,169.93,2696984.074,502213.0,4.4426666666666666e-05,6.554666666666667e-05,4.823e-05,76048.70183333333,5082088937.986911,0.9364386985069445,1.1705126875,835572.4460520833,2585513348.1673975,2.4048559419791666,1.1506786493055554,4634976.322916667,794266012.030706,1.2302071006597222,1.0654044131944445
2024-05-20,66274.0,71515.56,66060.31,71446.62,50816.7011,1930939.0,3071.2,3694.0,3047.67,3661.78,847107.8828,2226153.0,169.93,188.32,167.47,186.7,5690568.998,1057452.0,3.5459999999999996e-05,5.410333333333333e-05,8.920666666666667e-05,76609.91802083334,5177511373.349182,0.9876307726388889,1.0915655243055555,837949.9493263889,2678271843.768452,2.4078149253819445,1.0605465520833333,4781050.666666667,850891320.1942118,1.0007001623611111,1.06588934375
2024-05-21,71446.62,71979.0,69162.94,70148.34,49607.4336,2137448.0,3661.79,3841.54,3624.28,3789.6,952437.2694,2204702.0,186.69,188.89,174.37,178.15,4727780.064,877587.0,0.00010172333333333334,0.00013134666666666668,0.0001,77007.88599652778,5440804794.733803,0.9456857480902777,1.0541667534722223,1020500.1857048611,3804440401.1675515,1.2180447704513888,1.062294875,4502689.128472222,813494926.3438001,1.4588563322569443,1.0090838784722223
2024-05-22,70148.34,70666.0,68842.19,69166.62,27673.18026,1371973.0,3789.59,3813.69,3653.15,3737.73,574938.3099,1339940.0,178.15,185.0,174.96,176.95,4272900.127,850875.0,0.00011919666666666666,0.00012547,0.0001,78485.51731944445,5484578832.987073,1.16933599125,1.1098410104166667,1050985.5447916666,3943036443.1811643,1.3574592531944445,1.045971611111111,4358556.847222222,781403154.2974582,1.7940034972222223,1.0518252118055555
2024-05-23,69166.62,70096.12,66312.16,67969.65,40513.17374,1827855.0,3737.72,3949.29,3498.0,3783.61,1127866.076,2682768.0,176.96,181.04,165.35,176.16,5598921.63,1037830.0,0.0001,0.0001,0.0001,76015.10914583334,5233685514.149189,1.5010790893402777,1.0865471770833333,1072915.959982639,4075548868.032202,1.3970766602430555,1.0754903333333334,4323770.1875,758273167.0733174,2.238404212638889,1.0563590381944445
2024-05-24,67969.66,69250.0,66600.12,68549.99,28095.83664,1165907.0,3783.6,3829.61,3626.1,3728.28,479418.4318,1159074.0,176.15,176.15,162.5,167.7,4819660.642,856617.0,0.0001,0.0001,0.0001,71082.555875,4830190438.900851,1.8028095699305555,1.1080465555555556,1043058.1712118057,3892437007.476911,1.9667018995138887,1.070140079861111,4638849.850694444,779912203.0548894,3.0047493076736114,1.0508977465277778
2024-05-25,68549.99,69610.0,68500.0,69290.57,12130.39418,703803.0,3728.28,3779.43,3709.03,3749.26,158711.8992,503711.0,167.7,170.55,165.9,168.35,1911443.135,405433.0,0.0001,0.0001,0.0001,71472.51500347222,4931159206.9619465,1.40730293625,1.273920684027778,1074182.3024444443,4024695902.2636204,1.9363324913888889,1.1944758055555555,4725039.881944444,794886016.4903173,3.1440602149652777,1.0507522013888888
2024-05-26,69290.56,69562.23,68128.01,68507.67,11872.11797,722849.0,3749.25,3884.2,3731.17,3826.47,292208.2937,697286.0,168.35,168.4,161.0,163.41,3126117.989,537560.0,0.0001,0.0001,0.0001,71934.64079861112,4963278730.10417,1.4018411702430555,1.1915283298611112,1109726.965263889,4225136686.5395374,1.6098011796180556,1.1120889166666668,4939609.947916667,812075994.363936,3.787090456284722,1.0929047395833333
2024-05-27,68507.67,70687.56,68250.0,69436.43,23136.92737,1219341.0,3826.47,3977.0,3823.37,3894.22,363717.6473,971964.0,163.42,172.28,163.26,170.15,3260017.055,591480.0,0.0001,0.0001,0.0001,71673.41413194445,4959145036.809935,1.4563754478819444,1.2040982500000001,1145151.4910833333,4479529717.407533,1.309406360902778,1.151019295138889,4914420.260416667,824159644.6945755,3.812801849201389,1.0183761979166668
2024-05-28,69436.43,69591.81,67277.91,68398.39,32622.97042,1459351.0,3894.21,3931.09,3773.9,3844.69,416249.8344,941338.0,170.15,173.24,164.92,168.68,3779251.343,714064.0,0.0001,0.0001073,0.00011376333333333334,72720.92927430556,4966549059.366515,1.731305874236111,1.0709650416666667,1125557.118722222,4345990136.472853,1.6786532516666666,1.0539814305555555,4743982.777777778,799699990.5740191,3.4173370505555556,1.0354566979166666
2024-05-29,68398.4,68935.68,67124.65,67652.42,23159.83149,1221044.0,3844.69,3888.55,3742.59,3767.43,334759.6348,883401.0,168.68,173.93,167.0,168.32,2946277.294,607907.0,0.00010852666666666667,0.00015061666666666668,0.00014086,74168.8914826389,5044067723.809497,1.9131825413888888,1.1033379270833334,1121123.3717083333,4271227365.6005826,2.052900151423611,1.0718825590277778,4736378.159722222,804304280.7204742,3.3355137094791667,1.0361227986111112
2024-05-30,67652.41,69500.0,67128.0,68352.17,28478.2184,1272851.0,3767.44,3825.35,3702.58,3747.91,277034.2894,765716.0,168.32,173.0,163.55,166.88,3307767.047,592495.0,0.0001,0.00019421666666666665,0.0001,75254.0797013889,5135100240.715396,1.7790333111458334,1.1013649236111112,1119212.2602638889,4215314802.4128323,2.347025883576389,1.1044746145833333,4737844.090277778,796207009.6269356,3.25473995375,1.0528999409722222
2024-05-31,68352.17,69044.1,66670.0,67540.01,26690.32184,1177860.0,3747.9,3849.94,3723.75,3762.29,273406.766,680329.0,166.88,170.94,163.67,165.65,2592736.388,476139.0,0.00012289,0.00011037333333333334,0.0001,75167.72322916666,5114252275.8279915,1.8484532657986112,1.0998032743055555,1116591.9998506946,4209593432.0237293,2.4515406488194444,1.1112942083333333,4802586.729166667,801077304.0775971,3.647821408368056,1.0729076458333333
2024-06-01,67540.01,67900.0,67428.44,67766.85,8837.66133,638484.0,3762.29,3833.3,3752.67,3815.82,132687.2006,399377.0,165.65,167.95,165.64,166.14,1070498.928,214954.0,0.00010083333333333335,0.00013899,0.00012942,76311.73345486111,5169426147.611899,2.0863527839930556,1.2216721736111111,1142596.7406145833,4336770964.9466,2.1839112824652775,1.247731079861111,4838044.8125,808629232.7923126,3.433347545069444,1.0565955277777777
2024-06-02,67766.84,68460.0,67257.47,67765.63,15426.32529,812348.0,3815.82,3838.59,3752.62,3780.91,210295.4407,579563.0,166.14,167.1,161.32,163.15,1669577.986,308808.0,0.0001,0.00011898333333333333,0.00012228,76136.73245138889,5167525940.019103,1.9981251899652779,1.1940338888888888,1136278.995579861,4315269956.495291,2.137724475347222,1.2666359097222222,4941391.975694444,814859147.9225001,3.659449317048611,1.1310263819444444
2024-06-03,67765.62,70288.0,67612.48,68809.9,29633.374,1253789.0,3780.92,3849.99,3758.43,3767.06,248848.702,648868.0,163.14,167.21,161.79,164.89,2378016.532,409680.0,0.00011378333333333333,0.0001377333333333333,0.00011437333333333335,78220.05130555556,5398386690.194289,1.4989767124652777,1.174226451388889,1135214.847715278,4314337227.271529,2.3701746285763887,1.096060513888889,4929530.829861111,813603563.5713507,3.774938800590278,1.060238295138889
2024-06-04,68809.89,71063.45,68567.32,70537.84,29619.78489,1254515.0,3767.07,3831.65,3730.0,3810.23,232063.7468,568514.0,164.9,171.87,164.31,171.78,2124954.015,384488.0,0.00010669333333333335,0.00010266666666666666,0.00015039,79761.96819791666,5556498663.210348,1.2901010714583334,1.1636233715277777,1134812.684826389,4295759783.562779,2.673965980763889,1.1911879791666666,4932102.215277778,824417133.2903469,3.479738919548611,1.058354545138889
2024-06-05,70537.83,71758.0,70383.66,71108.0,28703.18082,1055115.0,3810.23,3887.47,3777.33,3865.99,273738.6035,645836.0,171.78,175.6,170.0,173.54,2560223.589,435543.0,0.00013204333333333333,0.00012542666666666666,0.00022261999999999998,83376.328375,5927218549.40823,0.9251306963194446,1.1395086458333334,1105628.0543819445,4225888915.8720646,2.3256950044444444,1.1670991944444444,5062683.652777778,877763634.2253976,2.759780629166667,1.1022914583333334
2024-06-06,71108.0,71700.0,70117.64,70799.06,21842.00449,900226.0,3866.0,3878.6,3760.0,3813.46,237504.1905,525050.0,173.55,174.4,167.51,170.15,2116238.234,360006.0,0.00010735999999999999,0.00018259333333333334,0.00019068666666666666,83110.60125347221,5904860961.036569,0.9808928130208332,1.1427290833333332,1117406.7673402778,4293838356.7317066,2.2859413676041664,1.1286733090277776,4988485.003472222,860174003.1228945,2.977701265347222,1.109865329861111
2024-06-07,70799.06,71997.02,68420.0,69355.6,35598.45045,1516415.0,3813.47,3841.39,3600.0,3678.32,362223.3594,894006.0,170.15,172.85,152.92,162.5,3538852.091,665965.0,0.00010055333333333335,0.00015454,0.00014466,83791.79178125,5923434625.165739,1.1103266862152779,1.045608128472222,1085856.2902326388,4104687772.019293,2.807362018611111,1.0795835104166667,4864257.833333333,821828243.652084,3.260904883923611,1.0255095972222223
2024-06-08,69355.6,69582.2,69168.02,69310.46,9773.82967,714103.0,3678.31,3709.5,3660.08,3681.57,140550.8394,364485.0,162.51,163.78,157.37,157.83,1789882.65,338015.0,0.0001,0.0001,0.0001,82703.96086111112,5742462339.554458,1.5057455776388888,1.1226858993055555,1041210.2996736111,3839424233.9983544,3.112042880590278,1.1687736180555557,4540933.145833333,731209755.6395241,3.2498133828472224,1.051485704861111
2024-06-09,69310.46,69857.14,69130.24,69648.14,9890.56709,575583.0,3681.58,3721.52,3666.36,3706.4,103451.102,287960.0,157.83,163.04,156.52,162.12,1444905.0,268602.0,0.0001,0.0001,0.0001,83501.91015277778,5802262623.726759,1.5047997891666667,1.2180083819444443,1040437.1775798611,3841444815.564767,3.1264937724305555,1.2032043854166665,4588810.649305556,734145139.43151,3.0129692204513887,1.0931523020833334
2024-06-10,69648.15,70195.94,69172.29,69540.0,17122.66941,936731.0,3706.4,3713.67,3642.74,3667.85,156363.1846,391165.0,162.12,163.18,157.46,159.05,1760276.954,349749.0,0.0001,0.0001,0.0001,84884.59756597222,5909044120.015039,1.4405883303125,1.2111464236111111,1052767.9118055557,3875950194.6666617,3.1016615599652777,1.250375763888889,4578225.270833333,733263676.6334909,3.1385956374305555,1.0747649583333334
2024-06-11,69540.0,69590.01,66051.0,67314.24,41436.01588,1782415.0,3667.85,3673.0,3432.0,3497.33,439568.5978,1036229.0,159.04,159.75,145.2,149.31,3646582.777,736163.0,0.0001,0.0001,0.0001,84368.12015972222,5697691188.151907,2.031774708125,1.0641493923611112,1047061.6089652779,3702755533.816645,3.4814604236805557,1.0999642812500001,4668321.190972222,712349458.1230918,3.3394085291666666,1.0213973298611112
2024-06-12,67314.23,69999.0,66905.0,68263.99,37175.32356,1670745.0,3497.33,3659.01,3462.07,3560.12,387043.774,850527.0,149.31,161.84,145.44,155.22,3851856.394,801266.0,0.0001,0.0001,0.0001,82292.66752777778,5612393429.547126,1.8242086902430554,1.1319327916666666,1008572.1744930556,3582200373.6424193,3.1817652422916667,1.176459690972222,4495931.4375,690947752.549394,3.249844195226481,1.1152321805555556
2024-06-13,68263.98,68449.3,66251.78,66773.01,29079.55571,1518202.0,3560.13,3561.65,3428.0,3469.4,300230.8299,696369.0,155.21,155.21,146.03,147.29,2573289.111,552143.0,0.0001,0.0001,0.0001,80953.76967708333,5453554007.022895,1.9721177764583335,1.14700346875,986967.4183090278,3450167829.5861006,3.5593836905902783,1.0830682152777777,4501911.670138889,676156232.0710034,3.686925871840278,1.0500280798611112
2024-06-14,66773.01,67370.24,65078.0,66043.99,28408.18797,1736314.0,3469.4,3532.61,3362.26,3481.8,322316.4214,746613.0,147.29,149.0,139.67,143.05,3183461.493,606662.0,0.0001,0.0001,9.391333333333333e-05,81389.05249652777,5413299204.06477,2.261281530138889,1.1329939097222224,981748.5102395833,3414070701.505708,3.411588824861111,1.1183092951388889,4514832.923611111,657596918.658954,3.7441716181944447,1.0278354166666666
2024-06-15,66043.99,66478.48,65857.1,66228.25,11451.80242,700886.0,3481.8,3594.39,3473.1,3568.74,246649.5894,500773.0,143.04,145.78,142.92,145.52,1346924.922,304623.0,0.0001,0.0001,0.0001,79857.66392361111,5286849975.552023,2.177718017951389,1.3674771666666665,1014089.6863020832,3588794314.3093143,2.8855961245833335,1.2038026284722223,4590500.350694444,663111441.3952259,3.7385550892708332,1.0916477465277776
2024-06-16,66228.25,66998.7,66034.5,66676.87,9392.52223,703295.0,3568.75,3653.79,3541.05,3624.41,149839.982,417858.0,145.52,151.35,143.08,151.3,1405879.427,299425.0,0.0001,0.0001,7.730666666666668e-05,81142.62951736111,5390015450.313883,2.1355087102777777,1.2591143125000002,1064666.457642361,3808837832.289569,2.5773096041319445,1.1994472812499999,4621632.048611111,675835066.3299155,3.5607550919444444,1.0876966215277777
2024-06-17,66676.86,67298.81,65130.0,66504.33,27386.16851,1542620.0,3624.41,3638.37,3463.39,3511.46,337805.6402,774085.0,151.3,151.79,139.85,143.27,3412959.812,637261.0,0.0001,9.712333333333333e-05,9.053666666666668e-05,80347.34896875,5317998415.319999,2.150064626041667,1.1095135520833332,1028110.5355416667,3647744675.559133,2.8659881938888887,1.1168416493055555,4631313.763888889,673281694.7115874,3.6492397774305556,1.0464817847222223
2024-06-18,66504.33,66588.23,64060.0,65175.32,42350.10244,2151711.0,3511.47,3517.2,3355.0,3483.42,449913.3014,1062807.0,143.28,143.82,127.95,137.41,6557976.71,1134962.0,9.412e-05,6.898666666666667e-05,2.9143333333333336e-05,79507.5031875,5182782124.240299,2.3030305233680557,1.0389961562499999,994789.4163020833,3415234547.8730083,3.485083110138889,1.0373652430555556,4503923.524305556,612924766.455767,3.514583214513889,1.0150833159722223
2024-06-19,65175.32,65727.54,64666.0,64974.37,20060.79576,1078458.0,3483.42,3590.01,3465.65,3560.51,321500.0027,712501.0,137.41,141.9,134.47,135.62,3536777.468,614546.0,5.698000000000001e-05,8.707333333333333e-05,7.033e-05,77016.77711805556,5015932562.327797,2.3838158268055554,1.1692357256944446,1018161.5524270833,3607176005.042031,2.516303788819444,1.1549251770833333,4450455.579861111,613835694.85424,3.168714107638889,1.0913398958333334
2024-06-20,64974.37,66482.94,64559.15,64869.99,24265.29031,1282687.0,3560.51,3625.96,3486.0,3513.08,329117.8453,743896.0,135.62,141.29,131.9,133.55,3507680.508,659932.0,5.588666666666667e-05,6.519e-05,1.9703333333333335e-05,75849.44879861112,4951014701.056416,2.3991085330555553,1.0950331875,1017876.387982639,3615539358.419934,2.6145223147916665,1.124262892361111,4550239.118055556,615429298.0622646,3.7868116134375,1.061526951388889
2024-06-21,64869.99,65066.66,63379.35,64143.56,25993.56442,1362617.0,3513.08,3547.55,3446.82,3518.5,342155.102,746361.0,133.55,135.38,128.76,134.6,3230074.027,631539.0,6.890666666666668e-05,4.283e-05,3.147e-05,76355.67223263888,4900740055.571636,2.733851835451389,1.1360326354166665,1001503.7031388889,3508523766.2785416,3.1944758838194445,1.0865861944444444,4603894.277777778,608981884.6634115,4.208368952395833,1.0074691076388889
2024-06-22,64143.56,64546.81,63943.82,64262.01,7308.95542,562832.0,3518.5,3521.19,3475.09,3495.75,115774.6157,315684.0,134.61,136.74,133.0,133.69,1399215.891,334153.0,8.048666666666667e-05,4.771666666666666e-05,4.899333333333334e-05,77686.08026041667,4992857256.248444,2.5920862244791665,1.2160098750000001,975645.2068680556,3412634371.9701138,3.1352679884027777,1.1921152569444444,4522835.802083333,607826903.3212758,3.6921637789236113,1.1070216041666667
2024-06-23,64262.01,64521.0,63178.32,63210.01,8224.45447,592759.0,3495.76,3521.45,3406.38,3420.91,133411.4304,338679.0,133.7,135.09,128.22,128.69,1492401.231,361092.0,5.6609999999999995e-05,4.965000000000001e-05,5.303333333333334e-05,77924.89418055555,5002204278.0667305,2.502819823888889,1.3787763784722222,967236.1373402779,3371708443.2721314,3.2189441345833334,1.1432583611111111,4514781.013888889,600203980.7121742,3.930351630590278,1.1106227291666668
2024-06-24,63210.01,63369.8,58402.0,60293.3,52161.35414,2190787.0,3420.91,3435.76,3240.0,3352.73,543370.4229,1222789.0,128.68,132.66,122.0,132.33,5583497.777,1013696.0,9.007333333333334e-05,8.360666666666667e-05,5.3966666666666666e-05,79280.62323263889,4872325795.298057,2.9842042911805553,1.0680227881944444,983685.7398229167,3289477414.958058,3.728387254201389,1.05179175,4660579.927083333,593650321.488831,3.649710276979167,1.03150534375
2024-06-25,60293.3,62420.0,60257.06,61806.01,31189.24361,1277481.0,3352.74,3430.88,3336.76,3394.91,240036.2236,654302.0,132.34,139.9,131.2,136.58,3963661.704,777729.0,7.049333333333334e-05,0.0001,2.0696666666666664e-05,76134.9073125,4667212632.7525015,2.8436732065277774,1.1231242256944443,990540.6766388888,3349668783.44058,3.1226411240625,1.130386576388889,4460811.40625,608371608.7325397,2.8561236624305555,1.1064928125
2024-06-26,61806.01,62487.81,60712.0,60864.99,22485.66463,1112152.0,3394.91,3426.75,3325.01,3371.44,206949.3418,518727.0,136.57,140.41,134.85,136.81,2503428.066,454579.0,0.0001,0.0001,0.0001,75598.96089930556,4643680446.920032,2.478421878263889,1.1785874444444444,1011215.872920139,3419340482.768793,3.1724236256597225,1.1829788715277778,4564510.791666667,625689082.2640252,3.2166518722916666,1.1123451006944445
2024-06-27,60864.98,62389.22,60606.63,61706.47,18344.28631,1062176.0,3371.77,3477.0,3361.74,3450.44,201041.6609,530697.0,136.81,151.21,135.2,149.71,4450967.436,762694.0,0.0001,0.0001,0.0001,75018.13234722223,4600091112.525522,2.6284214505208334,1.2066970972222224,1035187.2128437501,3535935320.7758946,3.0284066181944445,1.2081514444444443,4673175.326388889,665198552.7339209,2.7673834682291667,1.1325561840277778
2024-06-28,61706.46,62225.31,60063.0,60427.84,24821.19255,1479626.0,3450.44,3487.7,3365.22,3380.15,221634.3435,934561.0,149.71,150.84,139.01,140.03,3339031.267,646751.0,0.0001,0.0001,9.331e-05,76301.60172916666,4668918625.215453,2.7115232904166664,1.2092039722222223,1045544.2770208333,3581731644.402402,2.983116769027778,1.160256267361111,4582322.055555556,660225018.9504539,2.9382111131597224,1.0791882638888888
2024-06-29,60427.84,61224.0,60383.77,60986.68,11509.55904,767669.0,3380.15,3408.32,3371.86,3378.8,88329.7651,365755.0,140.03,143.26,139.67,140.28,1468985.543,286106.0,0.0001,0.0001,0.0001,79072.32877083334,4818987844.095443,2.8100983141319444,1.1729803715277778,1041835.7972777778,3529942973.9553776,3.452433232048611,1.2955964791666665,4509966.944444444,638812052.7240281,3.584027690277778,1.1061440277777779
2024-06-30,60986.68,63058.76,60712.21,62772.01,17326.30136,1108912.0,3378.8,3460.0,3352.66,3438.16,141221.6185,557070.0,140.28,147.62,137.09,146.61,2086670.189,461577.0,0.0001,0.0001,0.0001,82581.3884826389,5082949665.802021,2.4221193567361112,1.2258783923611112,1025124.78065625,3480430905.0693493,3.203476877986111,1.2511693368055556,4559086.857638889,646379739.0554374,3.2745275540972223,1.0518821493055557
2024-07-01,62772.01,63861.76,62497.2,62899.99,24547.10538,1461508.0,3438.16,3524.94,3423.78,3442.2,224273.2122,854102.0,146.61,149.36,145.87,146.67,2280252.836,506412.0,0.0001,0.0001,8.183333333333333e-05,83043.70350694444,5242854917.684308,1.995125050173611,1.133077482638889,1024922.3873159722,3560789177.3061466,2.635437439236111,1.1606907048611113,4510784.152777778,665292876.0744072,2.4515534760069446,1.0102554027777777
2024-07-02,62900.0,63288.83,61806.28,62135.47,18573.11875,1308816.0,3442.2,3464.12,3402.0,3421.35,137932.7014,623720.0,146.68,155.0,146.14,154.03,2776061.292,650428.0,0.0001,0.0001,6.778333333333333e-05,83909.13127777778,5246833600.370484,2.175777536736111,1.1684915451388889,1023863.5354131944,3519074635.8750424,3.133443495486111,1.2216919305555556,4581149.506944444,685626447.5466552,2.048822864375,1.08622190625
2024-07-03,62135.46,62285.94,59400.0,60208.58,32160.11127,1839372.0,3421.35,3432.1,3251.0,3295.48,310408.451,1378502.0,154.03,154.5,139.01,140.84,4189341.933,942154.0,0.0001,0.0001,0.0001,86258.80046180556,5229213157.081431,3.0916317452777777,1.0981261284722224,1048469.0126041666,3490893434.6896973,4.009429341041667,1.0636647708333333,4622229.048611111,671655963.8603212,2.813809814513889,1.0804817708333332
2024-07-04,60208.57,60498.19,56771.0,57050.01,54568.77276,2523236.0,3295.49,3313.45,3050.34,3059.7,450402.5692,1898898.0,140.84,142.75,127.2,127.86,5230812.158,1340234.0,0.0001,0.0001,7.949e-05,89198.63359375001,5200354024.190904,3.2403744623611113,1.0727866631944445,1059717.5050555554,3360568807.769133,4.183843936041667,1.0393193611111111,4558747.607638889,614489772.8080156,4.034169076145833,1.028258986111111
2024-07-05,57050.02,57546.0,53485.93,56628.79,81348.24756,3749255.0,3059.7,3110.0,2810.0,2981.78,886994.3753,2967124.0,127.85,136.58,121.0,134.32,7669471.231,1888690.0,7.254000000000001e-05,8.157666666666667e-05,-2.3756666666666672e-05,84412.92795486111,4703981742.4853735,2.655259108402778,1.0593974722222221,991447.0583958334,2929572482.0221353,3.5194805263888886,1.0632107638888888,4530485.829861111,588941373.4947205,3.098385687743056,1.0555396597222222
2024-07-06,56628.79,58475.0,56018.0,58230.13,21651.31558,1411065.0,2981.79,3081.78,2955.06,3066.83,214487.9713,1055462.0,134.32,144.35,132.33,143.05,2873919.136,809402.0,5.497e-05,7.150333333333333e-05,-4.589999999999999e-06,81525.62336458333,4647323029.076877,2.276824377395833,1.141066079861111,954298.2488229168,2875033499.8459764,3.0760357362152777,1.156059420138889,4548664.003472222,631423440.4692643,2.6062025997222222,1.0567974444444443
2024-07-07,58230.13,58449.46,55724.37,55857.81,19118.93918,1289229.0,3066.83,3073.08,2922.24,2931.0,179892.7612,878707.0,143.05,143.33,131.23,131.64,2590805.369,824773.0,9.388e-05,6.0893333333333335e-05,6.784e-05,81147.85794791667,4651347051.621927,2.090739459722222,1.1459424583333333,940027.1367013889,2823478381.502985,3.1459992977430553,1.1327773993055557,4394208.364583333,609328072.790477,2.5351310357986114,1.0442091354166667
2024-07-08,55857.81,58236.73,54260.16,56714.62,48090.2049,2554389.0,2930.99,3097.06,2822.8,3019.01,500445.0105,2222940.0,131.64,142.0,127.77,139.81,5708358.008,1758085.0,8.709e-05,7.593333333333334e-05,4.790333333333334e-05,79590.57481944445,4473481773.541413,2.3048880583333333,1.106453576388889,901735.0911458334,2680842569.077264,3.294802424340278,1.062626920138889,4323084.350694444,589651858.3527209,2.706778781041667,1.0480654826388889
2024-07-09,56714.61,58296.0,56289.45,58050.0,27732.20788,1757693.0,3019.01,3115.2,3004.0,3066.65,280358.1424,1377129.0,139.81,144.33,136.45,141.42,3363673.606,933893.0,6.953666666666667e-05,4.837666666666666e-05,6.607333333333334e-05,78028.22380555555,4478227067.994396,1.9854412585763888,1.1501245625,909399.7757291667,2785721459.4355865,2.6607017342708335,1.1154350034722222,4366807.340277778,616216647.5603311,2.2699608032291665,1.043615267361111
2024-07-10,58050.0,59470.0,57157.79,57725.85,24951.73799,1766696.0,3066.65,3151.51,3024.0,3101.05,270827.0844,1296218.0,141.43,146.2,138.6,141.98,2700825.893,768227.0,8.236666666666666e-05,5.1529999999999996e-05,8.382333333333333e-05,70745.64006944445,4108397505.0825367,1.7882473388194444,1.108110732638889,893731.8663159723,2765800151.910492,2.532437312465278,1.1219947465277778,4346891.729166667,617033993.0350541,2.2554495589930554,1.0833142638888889
2024-07-11,57725.85,59650.0,57050.0,57339.89,29761.05735,2157661.0,3101.06,3217.24,3054.76,3099.57,289229.32,1413031.0,141.99,146.1,135.64,135.73,3363094.13,946184.0,0.0001,6.180333333333334e-05,3.5906666666666666e-05,69620.30122916667,4029355382.0382657,1.9338873783680555,1.1097656006944443,903088.084013889,2816537681.999458,2.5158061665972222,1.091629357638889,4297651.524305556,603117051.1693991,2.573968732743056,1.0565129270833333
2024-07-12,57339.89,58526.68,56542.47,57889.1,23652.4569,1749738.0,3099.57,3157.89,3045.58,3133.88,185745.1825,1094915.0,135.73,140.55,133.92,139.46,2929528.431,829615.0,4.480333333333334e-05,7.294666666666666e-05,4.495666666666667e-05,72117.54691319444,4141580264.112999,1.9171639452430556,1.1700966701388889,920651.78503125,2853742000.0505915,2.5542084296875003,1.1005959270833334,4407317.180555556,603763243.9072124,2.8089921184027777,1.0797823159722222
2024-07-13,57889.09,59850.0,57756.63,59204.02,15357.74519,1114391.0,3133.89,3201.8,3113.37,3175.93,119302.4769,591291.0,139.47,143.6,137.94,141.9,1357177.621,448463.0,8.394666666666668e-05,9.194666666666667e-05,4.685666666666666e-05,67983.21822222223,3967001785.310223,1.6799103403472222,1.2300574131944444,923676.152892361,2906215179.2314205,2.1503324810416666,1.1121374305555554,4267848.013888889,595619591.792637,2.511024638125,1.0892116388888888
2024-07-14,59204.01,61420.69,59194.01,60797.91,21178.33907,1456088.0,3175.93,3268.72,3163.67,3245.08,165430.7716,792858.0,141.89,148.56,141.87,147.66,2997466.757,768260.0,6.929666666666666e-05,6.515333333333334e-05,4.7306666666666665e-05,61173.93045486111,3669476814.2076645,1.2833699377777779,1.2143682500000001,914395.274048611,2922521733.023081,1.9219404246527776,1.2095040347222221,4383342.034722222,636219573.0896984,1.9844278635416666,1.0884488784722222
2024-07-15,60797.91,64900.0,60632.3,64724.14,38690.9782,2600425.0,3245.2,3493.63,3233.22,3483.39,314296.8452,1617276.0,147.66,159.95,147.0,159.38,3428848.522,1139996.0,2.426e-05,6.128666666666666e-05,1.7246666666666665e-05,77594.82754513889,4882643050.938362,1.1313697965972223,1.12163621875,935624.5826840278,3145300722.9745684,1.7151699593402778,1.0988796840277777,4454196.840277778,682802323.9054966,1.6496715015972223,1.071495875
2024-07-16,64724.06,65388.97,62373.24,65043.99,42530.52915,2484783.0,3483.2,3498.59,3346.55,3444.13,376128.7869,1636557.0,159.37,162.49,152.57,160.62,3988105.454,1421402.0,2.1563333333333334e-05,6.279e-05,4.671666666666667e-05,83982.69141666667,5386283716.040743,1.1361685998958333,1.0996499756944444,921916.9420625,3166318983.1332865,1.8149736770833331,1.1051380659722223,4565692.076388889,721138589.4970789,1.6505887077083332,1.0366230104166667
2024-07-17,65044.0,66128.63,63854.0,64087.99,29567.52954,1868671.0,3444.14,3517.0,3376.0,3387.05,297812.5162,1285615.0,160.62,163.8,154.68,155.5,2840583.09,971401.0,1.6633333333333326e-06,6.667e-05,8.361000000000001e-05,82310.18861805556,5349896142.505052,1.1101809114930556,1.0798398333333334,936530.0183402778,3233535247.8265367,1.8626419071527778,1.1185966145833333,4665220.03125,744772463.9355359,1.6182530635416665,1.0600559895833335
2024-07-18,64087.99,65133.3,63238.48,63987.92,22568.7225,1696742.0,3387.05,3489.98,3367.2,3426.5,241950.3457,1165443.0,155.5,161.6,155.07,159.22,2584704.124,901379.0,1.7873333333333334e-05,6.654666666666666e-05,8.291666666666667e-05,79001.22485416668,5079039613.4325905,1.2419024533333334,1.109891857638889,942235.76409375,3228402360.4231157,2.0411037025694445,1.0813334791666667,4643252.006944444,735424739.9493687,1.693506333923611,1.076882388888889
2024-07-19,63987.92,67386.0,63300.67,66660.0,35634.72739,2184889.0,3426.49,3540.27,3377.0,3503.53,299511.6422,1262244.0,159.22,172.42,156.07,169.13,4685513.24,1483093.0,4.4966666666666664e-05,7.513333333333333e-05,7.498e-05,80347.91713194444,5227392638.518533,1.1701371859375,1.1003801076388888,938827.768982639,3234850295.121153,2.006561992604167,1.1066090277777778,4830560.996527778,795688136.8512073,1.4185137201041667,1.0936369201388887
2024-07-20,66660.01,67598.0,66222.46,67139.96,14386.92434,995093.0,3503.53,3539.65,3480.0,3517.5,147510.8165,667108.0,169.12,175.1,167.27,173.6,2047796.046,702512.0,1.6300000000000007e-06,5.437333333333333e-05,4.228e-05,82537.82504513889,5508333951.934282,0.9621467651736112,1.2483282847222223,938136.6585590278,3283571501.5961084,1.8763119506250001,1.1947622743055557,4956381.711805556,844638623.8950645,1.2765808549305555,1.0967273993055555
2024-07-21,67139.97,68366.66,65777.0,68165.34,21819.11191,1322942.0,3517.5,3547.0,3411.4,3535.92,218890.9656,961322.0,173.6,185.17,170.27,184.49,3684536.411,1188870.0,-8.243333333333335e-06,6.081666666666667e-05,8.487666666666666e-05,82615.56341666666,5546952232.836656,0.9850671468750001,1.125811652777778,935095.564826389,3273391740.610422,1.9271840125694446,1.2092990520833333,5025783.770833333,879823800.96218,1.1891824854166666,1.0827744583333334
2024-07-22,68165.35,68474.55,66559.97,67532.01,21451.04303,1558140.0,3535.93,3562.82,3422.34,3439.6,207859.5043,1069762.0,184.49,185.0,176.71,178.9,3345609.525,1095481.0,5.9526666666666674e-05,6.812e-05,9.035e-05,81284.79669444443,5489696706.390415,1.0664353053125,1.1088641006944444,930203.0035312499,3241941697.6303234,2.2709238459375003,1.079257,5228298.631944444,942608772.8771111,1.3033600940625,1.0422427465277777
2024-07-23,67532.0,67750.98,65441.08,65936.01,31406.15316,1772089.0,3439.61,3541.0,3389.0,3482.51,500568.7811,1617621.0,178.9,180.54,169.72,173.03,3895827.332,1371959.0,4.553666666666667e-05,8.935000000000002e-05,0.0001,81721.64059375,5440276072.890702,1.2039113885416668,1.0947065208333333,953643.6801527778,3310427913.240332,2.439479661215278,1.133653715277778,5121216.0625,899366910.6530169,1.5203761686458332,1.0369372743055554
2024-07-24,65936.0,67102.01,65111.0,65376.0,23082.56277,1391053.0,3482.51,3487.82,3300.0,3335.81,275479.0506,980283.0,173.03,182.5,170.9,178.06,3845177.713,1269686.0,0.0001,7.655666666666667e-05,7.234666666666667e-05,82314.58363194444,5437871998.874369,1.3530989823958333,1.143168152777778,970552.4407708333,3323580477.6611156,2.7261814686805557,1.0881470972222222,5132175.149305556,905739543.657169,1.4298128654513889,1.0508091909722221
2024-07-25,65376.01,66175.49,63456.7,65799.95,35126.42934,1830360.0,3335.82,3342.5,3087.53,3175.48,494282.6398,2011527.0,178.07,179.59,165.42,171.85,4859387.428,1699682.0,0.0001,4.4613333333333335e-05,8.581666666666666e-05,82972.67802777777,5359398647.340131,1.6091163928125,1.1212998645833334,971082.2331666667,3080360104.3291907,3.742970952152778,1.0688745555555554,5130346.482638889,875094766.4088336,1.6408695669791666,1.0224689375
2024-07-26,65799.95,68200.0,65722.63,67907.99,24244.36023,1406982.0,3175.47,3286.36,3171.0,3274.61,260237.4641,1169246.0,171.86,185.01,171.69,183.06,3030603.246,1012900.0,7.780000000000001e-05,4.033333333333333e-05,5.620333333333333e-05,85574.70069791666,5754168253.864658,1.0786441564583333,1.1450665451388888,926984.7425555555,3009184953.8275805,3.2538523193055555,1.1090274965277778,5200460.538194444,930726032.1360983,1.2975694376041667,1.1042914618055555
2024-07-27,67908.0,69399.99,66650.0,67896.5,31710.21921,1690591.0,3274.6,3327.59,3191.01,3249.01,231991.9037,1076809.0,183.07,188.33,178.11,183.92,3518852.056,1221390.0,7.892666666666666e-05,4.0839999999999995e-05,5.625333333333333e-05,85993.32419791666,5868382593.583251,0.9072692565277778,1.1623991076388889,901529.9717604168,2946411788.720332,3.1264368321180553,1.1576300138888889,5320194.854166667,978816690.3210801,1.0766747248611113,1.0724662465277777
2024-07-28,67896.49,68318.43,67066.66,68249.88,10868.69394,821210.0,3249.0,3284.3,3198.11,3270.16,103529.8329,682428.0,183.92,186.77,181.16,184.9,1901473.957,748871.0,6.720333333333333e-05,0.0001,9.644e-05,85727.54752430556,5811677959.571743,1.030610269375,1.1501687013888888,894123.2875659722,2906798270.8324404,3.0875798621527775,1.167830576388889,5278903.75,972803774.4625651,1.0164139152083334,1.0803230694444443
2024-07-29,68249.88,70079.99,66428.0,66784.69,36467.29633,1952812.0,3270.16,3396.77,3258.0,3317.66,318471.5055,1484898.0,184.91,193.98,181.57,182.57,4024560.314,1320755.0,7.994666666666666e-05,9.391333333333333e-05,7.898e-05,88764.11212152778,6089033501.028504,1.0429051605555555,1.125042923611111,936449.8565,3124635812.1762176,2.602749373125,1.0920346006944444,5569299.954861111,1052716642.9224886,1.0007436993402778,1.0337288958333335
2024-07-30,66784.68,67000.0,65302.67,66188.0,23132.25441,1622083.0,3317.66,3366.4,3233.18,3279.21,197277.1641,1183239.0,182.57,184.95,175.39,179.16,3074498.493,1162904.0,4.883e-05,0.0001,9.261000000000001e-05,83546.76940972223,5544554434.043803,1.682685355763889,1.111466125,957009.6840243055,3169105627.039716,2.886608259895833,1.1040888784722223,5352496.041666667,966937166.6353838,1.580645527048611,1.1014229826388888
2024-07-31,66188.0,66849.24,64530.0,64628.0,22625.43905,1609976.0,3279.2,3350.0,3213.75,3232.74,233711.3352,1337992.0,179.16,185.1,171.61,171.71,3250862.527,1245080.0,4.689e-05,0.0001,6.619333333333333e-05,82423.95344444444,5437840663.54644,1.875793300347222,1.1286733402777778,955217.7681840278,3144339630.4270787,3.1510918698958332,1.1440751493055556,5236053.795138889,942461968.4172788,1.6660834660069446,1.063722638888889
2024-08-01,64628.01,65659.78,62302.0,65354.02,35542.26854,2397257.0,3232.74,3242.57,3080.02,3203.4,323285.6105,1835455.0,171.7,172.91,157.91,167.37,5523497.615,1849971.0,9.402666666666667e-05,8.657666666666667e-05,9.763666666666667e-05,86233.98449999999,5530966681.681049,2.2671165169444443,1.08251675,970348.2640277778,3074388160.9041443,3.931311641041667,1.0748552256944446,5365727.510416667,897217481.805453,2.4924733143402777,1.0455951840277777
2024-08-02,65354.02,65596.14,61230.01,61498.33,38820.42937,2457735.0,3203.4,3218.6,2967.0,2989.61,385704.0395,2104725.0,167.37,169.43,150.0,152.77,5553017.934,2396392.0,0.0001,6.399e-05,7.879666666666666e-05,88262.81916319445,5632964870.410462,2.012087574027778,1.0737370902777779,951511.0640069445,2952168528.724527,3.9261765070833334,1.0414860277777778,5258398.225694444,841301866.6764826,2.851688598298611,1.0044503020833333
2024-08-03,61498.34,62198.22,59850.0,60697.99,28034.71567,1669555.0,2989.61,3018.02,2859.0,2903.64,344595.3157,1798017.0,152.78,154.05,140.0,142.52,5444954.693,1940755.0,8.011666666666667e-05,5.411e-05,9.291666666666667e-05,86823.56022916667,5321236901.78424,2.4651863940625,1.1199900555555555,926657.93271875,2741349072.2498183,4.401851576076389,1.0866945381944444,5238769.954861111,778906443.2205966,3.3663929444791667,1.0456419895833333
2024-08-04,60697.99,61117.63,57122.77,58161.0,31616.52003,1886195.0,2903.65,2935.46,2630.0,2688.92,512064.2612,2184760.0,142.53,146.08,131.22,138.33,7037715.285,2391187.0,8.447666666666668e-05,4.2103333333333334e-05,3.7823333333333334e-05,87526.49976041667,5247554025.4058275,2.5042343777083333,1.0933432916666666,900980.30996875,2568032413.7318397,4.286562530555555,1.06204259375,5080085.107638889,718818022.5695276,3.251196109201389,1.0267411076388888
2024-08-05,58161.0,58305.59,49000.0,54018.81,162065.59186,7568497.0,2688.91,2697.44,2111.0,2419.59,2670604.1003,7064159.0,138.32,139.37,110.0,129.78,24267557.819,7092579.0,6.798666666666666e-05,-2.6413333333333337e-05,1.972333333333333e-05,77561.26986111111,4144614874.4877567,2.2756381058333335,1.0013392777777779,821616.3516527778,1946019278.0486112,3.0916623389583333,1.0033334270833334,4513561.559027778,568540588.3687681,2.7052283100347223,0.9966366840277777
2024-08-06,54018.82,57040.99,53950.0,56022.01,55884.77676,3433824.0,2419.76,2556.23,2414.19,2461.33,642283.8038,2870150.0,129.79,149.59,129.4,144.4,8362643.634,3567599.0,1.7353333333333332e-05,-4.684333333333334e-05,8.126666666666666e-06,76023.88271875,4244576566.0251446,1.7931960745486113,1.0404363506944445,792095.2244027777,1973428195.6342134,2.845035768993055,1.0402446944444443,4645789.045138889,660051719.3810703,2.19595665125,1.0359210034722224
2024-08-07,56022.0,57736.05,54558.62,55134.16,44269.37684,2397504.0,2461.33,2551.32,2309.04,2342.8,630115.4228,2370148.0,144.4,155.0,142.21,144.77,8372307.587,3639741.0,-1.4493333333333334e-05,-3.1146666666666664e-05,-1.3346666666666664e-05,77863.0339826389,4384227548.382689,1.5115418457291667,1.0352512847222224,826233.6527986112,2017727782.438774,2.8251078593402776,1.0471584756944443,4969424.645833333,741335850.5583358,1.6376845275,1.0439106180555555
2024-08-08,55133.76,62745.14,54730.0,61685.99,48349.52949,2603042.0,2342.79,2724.1,2320.4,2682.5,586502.8754,2112663.0,144.78,163.7,141.4,163.13,7303133.96,3235989.0,2.29e-05,-2.9656666666666667e-05,2.2409999999999997e-05,76191.20454861112,4432101002.144766,1.3541438923958333,1.0971776284722223,807574.5029583334,2011342899.3411052,2.7762844097222223,1.1090968958333334,4779339.496527778,741848531.1506352,1.4585797522222221,1.0871973506944446
2024-08-09,61686.0,61744.37,59535.0,60837.99,30972.48017,1827809.0,2682.5,2707.98,2552.61,2598.78,406739.9611,1710060.0,163.12,163.54,150.72,156.28,4098735.233,1938541.0,4.008e-05,8.66e-06,2.455e-05,74613.1355625,4528025233.090388,1.2390588953472221,1.1196195381944445,807701.6958333333,2125237095.677148,2.4485222235416666,1.1209603888888888,4686348.184027778,731153475.9331785,1.7427804377430556,1.0231709270833333
2024-08-10,60837.99,61470.58,60242.0,60923.51,9995.20621,800499.0,2598.79,2644.7,2576.49,2609.92,171012.3619,758863.0,156.29,158.75,152.54,154.01,1885839.233,1077252.0,-2.4233333333333334e-05,2.8966666666666676e-06,9.366666666666665e-06,70834.83422569445,4299644836.445007,1.3859749360763889,1.1031218576388888,795845.9735972222,2078466921.4038951,2.6783123840972225,1.0993163854166665,4722003.128472222,728706404.0010335,2.0880273212500002,1.0372495173611112
2024-08-11,60923.51,61858.0,58286.73,58712.59,19189.84512,1319469.0,2609.92,2720.0,2540.0,2555.38,297098.9145,1217650.0,154.01,158.0,141.2,141.57,3468314.255,1395573.0,1.1316666666666666e-05,1.4566666666666666e-06,-8.716666666666667e-06,71905.5483923611,4343149660.867259,1.362584290625,1.0949618368055556,817429.3419861111,2149502132.0440335,2.5633818722569446,1.075862138888889,4829657.027777778,730535235.5189773,2.141952815625,1.0522416562499999
2024-08-12,58712.59,60711.09,57642.21,59346.64,37009.91743,2293837.0,2555.38,2750.0,2510.05,2722.3,483414.2506,1915621.0,141.56,150.79,141.2,146.29,4946945.239,1945549.0,2.5526666666666667e-05,4.745666666666667e-05,3.219666666666667e-05,68783.55943750001,4056607943.9847565,1.6458699735587188,1.093801298611111,783900.22896875,2054705641.0763843,2.5078643525622777,1.0710901458333333,4754832.430555556,690179779.5616134,2.5542216061785714,1.0545921354166667
2024-08-13,59346.64,61578.1,58392.88,60587.15,27858.95851,1713485.0,2722.3,2738.4,2611.37,2702.44,325668.6964,1547949.0,146.29,149.82,142.92,146.65,2865655.423,1243626.0,9.196666666666666e-06,-8.920000000000001e-06,4.4120000000000004e-05,69652.37895833334,4158036098.6544952,1.6355164543749998,1.1334431701388887,764287.9587465278,2044885990.977473,2.4007153473611114,1.0702988645833333,4712760.329861111,687909048.3147902,2.497799120798611,1.0661671666666668
2024-08-14,60587.16,61800.0,58433.18,58683.39,28422.76326,1729342.0,2702.44,2780.0,2632.2,2661.45,338808.7141,1503315.0,146.65,152.18,142.36,143.71,3927148.647,1172123.0,-2.6629999999999997e-05,8.633333333333336e-07,1.1516666666666666e-05,75405.48012847222,4530517405.868316,1.6404336417361112,1.0665712152777778,775257.1124375,2089836341.2503862,2.2668780696875,1.0922621666666668,4587325.836805556,667680568.729465,2.7058215235416667,1.0231895694444444
2024-08-15,58683.39,59849.38,56078.54,57541.06,37686.17622,2507858.0,2661.45,2675.6,2515.71,2569.89,356546.8059,1761529.0,143.7,147.64,137.78,142.58,4229038.816,1687515.0,-2.776666666666667e-05,4.4936666666666666e-05,7.4233333333333314e-06,79936.33310416667,4665130271.230349,2.2266035332291665,1.0843710798611113,775755.2599513889,2033633349.7586305,2.9037972960416667,1.0788970208333335,4599651.559027778,658123410.4155245,2.8502613514930553,1.0406463784722222
2024-08-16,57541.05,59817.76,57098.62,58874.6,27610.84344,1999539.0,2569.9,2630.97,2550.04,2592.73,270684.1373,1602311.0,142.58,144.88,136.1,139.04,4035320.605,1602737.0,-6.392999999999999e-05,1.4286666666666667e-05,-2.475666666666667e-05,82740.64502777778,4832978750.528821,1.8746132981597223,1.0680085694444446,762444.2487881944,1980266433.646062,2.798675849375,1.1166669861111111,4488229.628472222,633851646.7187021,2.769815382048611,1.068544329861111
2024-08-17,58874.59,59700.0,58785.05,59491.99,7721.72931,807159.0,2592.72,2629.69,2587.5,2614.51,89348.676,543278.0,139.04,141.99,137.61,141.93,1561594.103,647642.0,1.9790000000000002e-05,-1.1693333333333332e-05,6.000000000000027e-08,82654.79231597221,4897556676.869634,1.4752982088888889,1.1662070590277778,768887.7931388889,2001699122.9413338,2.779295484826389,1.1993140659722221,4557434.232638889,637654080.0319979,2.9322857830555558,1.064391045138889
2024-08-18,59491.99,60284.99,58408.92,58427.35,13634.85717,1099730.0,2614.51,2689.16,2594.53,2612.15,174074.0585,836384.0,141.92,147.31,140.56,142.42,2352046.743,908299.0,-1.6866666666666652e-06,-1.3553333333333331e-05,-3.951e-05,83460.54986458334,4977499262.04823,1.4434798141319445,1.1928846493055554,768907.6116076389,2028226341.769056,2.5801987646527778,1.1165369201388888,4459113.861111111,640691673.1401011,2.5989313120833333,1.0406279618055556
2024-08-19,58427.35,59617.63,57787.3,59438.5,22809.31251,1636295.0,2612.15,2648.08,2563.58,2636.36,224867.1336,1156033.0,142.42,146.19,140.33,144.29,2940357.953,1271189.0,-4.1076666666666666e-05,-1.4436666666666668e-05,2.2626666666666668e-05,82622.73014583334,4843258531.522788,1.8687760512152778,1.1375983888888888,785541.6550416667,2048753570.1819715,2.895752964027778,1.1828482881944444,4384239.701388889,626466179.6891937,2.686745954722222,1.106973798611111
2024-08-20,59438.5,61400.0,58548.23,59013.8,31477.44548,1904519.0,2636.36,2695.0,2555.0,2572.82,281315.8751,1303349.0,144.28,148.83,141.0,142.27,3021467.596,1009714.0,3.7333333333333313e-07,7.333333333333331e-07,-9.760000000000001e-06,83952.47111111111,5043093876.031966,1.543942666701389,1.1020517118055555,772409.1971041667,2030215783.0030146,2.8944105546527776,1.0865248333333333,4366441.395833333,632617510.6080016,2.757103204375,1.0134456458333334
2024-08-21,59013.8,61820.93,58783.47,61156.03,27983.6422,1981525.0,2572.81,2663.74,2536.22,2630.71,245286.6218,1420421.0,142.27,144.42,138.7,142.79,2519581.859,1129613.0,-2.317e-05,2.5916666666666665e-05,6.706666666666668e-06,83397.55232986111,4988692198.209992,1.714763476736111,1.085282722222222,780110.6931527777,2028589846.8025866,3.272492664652778,1.1489350694444445,4473101.163194444,635577090.5019464,3.1609083646180554,0.9798796006944445
2024-08-22,61156.03,61400.0,59724.87,60375.84,21241.20588,1718280.0,2630.71,2644.69,2584.2,2622.88,199063.1196,1064195.0,142.78,144.88,140.63,143.22,1825402.718,1002758.0,-2.717333333333333e-05,1.536e-05,3.4636666666666667e-05,84243.70405902778,5109430661.96091,1.3189659186111111,1.1088244999999999,773961.7614652778,2027372481.36488,2.870599651111111,1.10419765625,4451436.65625,635940929.6798843,3.0911128391319442,1.0567514409722223
2024-08-23,60375.83,64955.0,60342.14,64037.24,38118.07089,2555682.0,2622.89,2799.13,2621.4,2762.48,401786.4447,1747686.0,143.23,154.08,142.68,153.26,3781090.162,1357176.0,-1.7516666666666668e-05,4.1666666666666665e-05,1.3193333333333333e-05,85609.61168402777,5286692834.846359,1.2832816848611113,1.096318940972222,785361.6217604167,2106768577.6079814,2.330574390451389,1.0967039791666666,4471376.586805556,654021907.8611239,2.749637970833333,1.0523686805555554
2024-08-24,64037.24,64494.5,63531.0,64157.01,15857.15616,1551856.0,2762.49,2820.0,2731.26,2768.0,263542.9441,1133872.0,153.27,162.3,151.97,160.67,3739086.949,1734854.0,1.633333333333333e-05,1.5666666666666685e-07,5.1263333333333334e-05,87355.48062847223,5594497407.1250725,0.9282569776041666,1.1792378159722223,788692.6318715278,2180770741.1420193,2.160941240451389,1.1560239513888888,4788251.753472222,752230075.020823,1.910574625,1.1226676041666666
2024-08-25,64157.02,65000.0,63773.27,64220.0,12305.47977,1263065.0,2768.01,2792.28,2733.21,2746.13,154527.2352,1047985.0,160.67,162.0,155.25,158.92,2629083.703,1494935.0,-1.0763333333333332e-05,8.336666666666666e-06,6.141666666666666e-05,88338.75061805555,5661502018.337582,0.9415071588541666,1.1317032326388887,771617.0457291666,2130286289.597793,2.3551492808333334,1.1176349652777777,4869502.451388889,772074876.1605414,1.7020763904861111,1.0843969201388888
2024-08-26,64219.99,64481.0,62800.0,62834.0,19470.05276,2152841.0,2746.12,2762.0,2666.66,2680.49,211708.1247,1453833.0,158.92,162.0,155.53,157.12,3318398.041,1884429.0,3.225333333333333e-05,4.720333333333333e-05,4.3673333333333334e-05,86496.92865277777,5506209692.439439,1.0251489931944446,1.1277075694444445,791764.7376354167,2155899208.1015143,2.6915811039930557,1.0924384409722223,5061702.732638889,803929077.9418038,1.6089049794444443,1.0401671666666668
2024-08-27,62834.0,63212.0,58034.01,59415.0,35135.94178,2995281.0,2680.49,2699.98,2392.96,2457.33,412660.7197,1898416.0,157.12,159.69,145.03,146.79,3650375.766,1731229.0,4.099666666666667e-05,7.32e-05,6.770333333333333e-05,85142.78180555555,5292594801.816995,1.5237796165972222,1.1154822395833335,830537.4840451389,2175452170.2933726,3.415245408159722,1.1164420173611111,4910908.59375,762387834.3536419,1.839935838888889,1.069194
2024-08-28,59415.0,60234.98,57860.0,59034.9,36868.54275,3664134.0,2457.33,2554.6,2418.8,2528.33,451266.634,2272721.0,146.78,149.3,140.53,143.95,4270867.034,2176364.0,-1.0756666666666666e-05,-1.8003333333333334e-05,8.973333333333333e-06,80995.97892708334,4800250699.395333,2.218748434513889,1.0552267256944445,801364.7972986111,1997475302.7583957,3.3351011641319444,1.0665292569444444,4621432.576388889,672086284.9577069,2.678863455625,1.034022798611111
2024-08-29,59034.9,61166.99,58713.09,59359.01,27020.90743,2743900.0,2528.33,2595.4,2505.88,2527.61,237002.9632,1455668.0,143.96,147.36,138.05,140.0,2921816.829,1240221.0,-6.87e-06,3.21e-06,-6.691e-05,81515.3738263889,4864350296.060841,2.108508151909722,1.0828060937500001,803411.861375,2043698123.4781303,2.869547557048611,1.112706423611111,4705765.96875,675613423.4601015,3.0420474392013888,1.0443878680555556
2024-08-30,59359.0,59944.07,57701.1,59123.99,28519.32195,2845696.0,2527.6,2552.17,2431.14,2526.0,338379.1941,1735497.0,140.01,141.11,132.04,137.99,4038797.169,1698401.0,2.4803333333333334e-05,3.335e-05,-2.1553333333333333e-05,81427.81865625,4810469886.864994,2.2115356107986113,1.0980682604166665,810655.2146145833,2034441282.7981822,2.9917170925,1.1338510833333333,4775293.559027778,658500974.2836435,3.4308753032291666,1.017668798611111
2024-08-31,59123.99,59462.38,58744.0,58973.99,8798.409,895944.0,2525.99,2533.95,2491.92,2513.01,97946.1147,702529.0,137.99,139.23,134.49,135.35,1230210.745,591531.0,1.8763333333333334e-05,7.674666666666667e-05,1.7133333333333317e-06,80835.18230902778,4774238023.737529,2.138108593576389,1.1570247847222221,800185.4046284722,2014267606.5341606,2.900665055069444,1.1907058125,4669775.951388889,638688035.2795342,3.1758340738194444,1.083390295138889
2024-09-01,58974.0,59076.59,57201.0,57301.86,20705.15741,2153180.0,2513.0,2516.28,2400.0,2425.72,223127.776,1357443.0,135.35,136.15,127.66,128.5,2928444.741,1198069.0,9.966666666666682e-07,4.6513333333333334e-05,-2.1556666666666666e-05,82461.52792013889,4799669934.491627,2.3199127319791666,1.1208661597222223,802199.9692048612,1986504487.335192,3.0511706997916668,1.1277682638888888,4886238.982638889,648236584.0017221,3.354437534236111,1.1017278506944443
2024-09-02,57301.77,59425.69,57128.0,59132.13,22895.01461,1966119.0,2425.71,2564.83,2423.52,2538.01,262632.8385,1452334.0,128.5,135.39,126.8,134.94,3146315.554,1260396.0,-1.167e-05,2.8539999999999998e-05,-3.1536666666666666e-05,82905.2558263889,4824688953.446469,2.1940788146875,1.1660726527777776,816308.0792986111,2034053694.0147188,2.6194730672569446,1.1571094548611112,4833400.958333333,634622401.7403165,3.138616993368055,1.0392933368055557
2024-09-03,59132.12,59809.65,57415.0,57487.73,22828.18447,2208758.0,2538.0,2553.6,2411.12,2425.29,224793.1299,1272909.0,134.95,138.13,127.15,127.54,2627381.925,1240227.0,5.322e-05,5.256333333333333e-05,1.7166666666666632e-06,84332.01028472223,4940042348.219685,2.1632405333333335,1.0968796145833333,820366.5227256943,2041571421.1063182,2.7828559544444444,1.1273014791666667,4827928.895833333,640818061.1554067,2.958447466875,1.0727604513888889
2024-09-04,57487.74,58519.0,55606.0,57970.9,35560.82146,3177549.0,2425.28,2490.0,2306.65,2450.71,384179.3854,2002621.0,127.54,134.98,122.6,133.64,3814059.109,1556072.0,5.9633333333333336e-06,4.259333333333333e-05,3.7216666666666666e-05,80966.87287152777,4627080581.245989,2.3712335359722223,1.1370111388888888,836913.1133125001,2019590283.086489,2.9330706883333333,1.1229474687499998,4824576.444444444,628353685.9685669,3.0455831665625,1.0905146145833333
2024-09-05,57970.9,58327.07,55643.65,56180.0,27806.91413,3368058.0,2450.71,2466.0,2348.04,2368.81,278549.0969,1862353.0,133.64,135.58,127.85,129.41,2762037.052,1232457.0,4.510333333333333e-05,3.371666666666666e-05,4.4346666666666673e-05,83604.37415972223,4747134675.177871,2.5083320849305557,1.0708518923611112,840662.2552708334,2015028790.78928,3.0634551453819445,1.1053182847222223,4818106.357638889,634288022.1633849,2.8697247668055557,1.096000559027778
2024-09-06,56180.0,57008.0,52550.0,53962.97,54447.76826,5287281.0,2368.81,2408.83,2150.55,2225.23,643027.111,2980066.0,129.4,134.29,120.0,125.05,5494252.37,2536448.0,1.2356666666666665e-05,4.1800000000000006e-05,2.8003333333333333e-05,84875.49968402779,4689876185.853576,3.0914306078125,1.0178804548611111,859660.6434201389,1993976031.8120244,3.4548698298958334,1.0399408854166667,4905054.15625,629973632.3719437,3.5194001969097224,1.0085789305555555
2024-09-07,53962.97,54850.0,53745.54,54160.86,16694.04774,1920923.0,2225.24,2311.27,2220.98,2273.58,219453.2076,982698.0,125.05,129.5,124.13,127.71,2111596.965,805061.0,-5.142333333333334e-05,7.853333333333333e-06,-1.3143333333333333e-05,84366.84565277777,4573296318.719463,3.2228383898611113,1.0620976215277778,922559.8341597222,2095495800.7757275,3.363770844340278,1.1601754131944444,4843474.864583333,614625192.744532,3.5979411735416664,1.0945029027777777
2024-09-08,54160.86,55318.0,53629.01,54869.95,16274.14779,1796092.0,2273.58,2333.58,2240.94,2297.3,192775.6493,976672.0,127.72,131.7,126.61,130.15,1971919.866,796387.0,-2.4996666666666667e-05,3.4263333333333334e-05,6.941333333333333e-05,83935.5611875,4561174193.852901,2.8207191219097223,1.1258626250000001,908286.00803125,2073170369.531186,3.0103595276736113,1.1335946875,4932218.034722222,635018305.7143043,3.0945116310069443,1.0877702708333332
2024-09-09,54869.95,58088.0,54591.96,57042.0,32384.51737,3355912.0,2297.3,2381.41,2272.8,2359.5,321698.99,1761692.0,130.15,137.09,126.96,135.08,3664956.878,1522972.0,-6.189333333333333e-05,8.986666666666666e-06,-2.1306666666666667e-05,86813.7610763889,4832456906.407204,2.179635959548611,1.1145433541666667,882434.5408576388,2045610437.7583864,2.735641236701389,1.1281448159722223,4963628.295138889,647828087.9875546,3.0576861430555557,1.0416089131944444
2024-09-10,57042.01,58044.36,56386.4,57635.99,23626.78126,2843148.0,2359.51,2400.0,2320.41,2388.52,224382.1729,1210860.0,135.07,138.0,132.5,135.63,2305171.22,1208968.0,-3.361333333333333e-05,-7.143333333333334e-06,3.421333333333333e-05,86952.26931944444,4963532601.219354,1.6409253910069443,1.1397127152777777,865348.1056041666,2035878590.1713667,2.5568600721875,1.1040783298611112,4912064.260416667,661574912.9422259,2.4424866240972225,1.0736663715277777
2024-09-11,57635.99,57981.71,55545.19,57338.0,33026.56757,4045103.0,2388.52,2389.32,2277.68,2340.55,282898.3125,1530070.0,135.64,135.91,128.2,132.42,3139383.418,1674623.0,-5.4706666666666676e-05,8.306666666666666e-06,-3.490333333333333e-05,86516.43380902777,4921533098.5735035,1.798946993611111,1.0896512291666667,870193.1537326389,2033127457.170226,2.792949203159722,1.0895177013888888,4962257.545138889,656153871.4899454,3.108944362013889,1.0528110659722223
2024-09-12,57338.0,58588.0,57324.0,58132.32,31074.40631,3706764.0,2340.54,2391.93,2315.39,2361.76,202611.1308,1093596.0,132.43,136.78,132.38,136.05,2273359.309,1205435.0,-1.8156666666666665e-05,2.0739999999999998e-05,-7.833333333333333e-06,87268.2195625,5061457344.737032,1.4623705561805556,1.1691327361111112,896521.9743194445,2108994958.046931,2.683150931701389,1.095408857638889,4917185.565972222,663438079.6742707,2.6951547381597223,1.04044275
2024-09-13,58132.31,60625.0,57632.62,60498.0,29825.23333,3378012.0,2361.75,2464.82,2337.35,2439.19,253888.616,1458878.0,136.06,139.8,131.7,139.02,2714532.025,1086185.0,-1.127e-05,4.789e-05,2.0640000000000002e-05,87292.20244097222,5121829588.196884,1.3098551512847223,1.0999484375,907401.4029826388,2158137841.368779,2.438501340798611,1.1648899722222223,4954679.576388889,670722954.1352893,2.6715383146527776,1.1213785659722222
2024-09-14,60497.99,60610.45,59400.0,59993.03,12137.90901,1288784.0,2439.19,2440.6,2376.72,2417.79,122931.2302,754834.0,139.02,139.8,135.6,137.14,1396833.298,573529.0,-1.838e-05,1.8833333333333334e-06,1.214e-05,88931.41422222223,5335320455.337148,1.0179847138194444,1.1148948020833334,930806.5993472221,2250538059.3325815,2.1780349293750003,1.1207973333333332,4951761.041666667,681288695.1705748,2.3124281628819445,1.1895639583333333
2024-09-15,59993.02,60395.8,58691.05,59132.0,13757.92361,1552950.0,2417.8,2430.32,2283.75,2316.1,174364.1946,1058493.0,137.15,137.95,130.43,131.37,1850456.74,769118.0,-2.9333333333333337e-07,1.073e-05,9.286666666666667e-06,87980.70957291668,5275767655.748724,1.086550448402778,1.2368699131944443,918406.9780937501,2202388110.1059604,2.5641693999305555,1.1586421145833332,4960993.260416667,671856455.8996701,2.9822439502777778,1.1445850416666667
2024-09-16,59132.0,59210.7,57493.3,58213.99,26477.5642,3145152.0,2316.09,2335.7,2252.39,2295.68,330555.232,2102319.0,131.38,132.4,128.91,131.47,2136388.305,1104570.0,4.242666666666667e-05,-1.621e-05,1.2793333333333337e-05,85567.05174652778,4989956055.729906,1.6516659445138888,1.0801371666666666,950616.5824791667,2177455947.7015953,3.4522665203819445,1.1016327291666665,5143823.395833333,673710084.822288,3.574196917569444,1.0640264166666666
2024-09-17,58213.99,61320.0,57610.01,60313.99,33116.25878,3918209.0,2295.67,2393.63,2263.29,2341.8,274206.2588,1813524.0,131.47,135.55,130.12,131.54,2339845.911,1168533.0,5.2556666666666664e-05,5.298333333333333e-05,4.786333333333333e-05,85520.35983333334,5075765236.724663,1.4548544194097222,1.0753139166666665,967557.9278923611,2245516135.4613857,3.139275238923611,1.1095499583333333,5306691.944444444,701179696.4407209,3.5410510147569445,1.075303670138889
2024-09-18,60313.99,61786.24,59174.8,61759.99,36087.02469,5167671.0,2341.79,2376.14,2277.34,2374.75,292917.6008,2555639.0,131.54,134.45,127.07,134.34,3309787.258,1494231.0,2.5566666666666664e-05,3.398333333333333e-05,-5.330000000000001e-06,84097.15842013889,5056180606.298056,1.2944901018402777,1.1455709583333333,938282.1333159722,2175419770.7917733,3.251358065972222,1.0991081875,5148203.746527778,670465512.3695776,4.074381356180556,1.0260734340277777
2024-09-19,61759.98,63850.0,61555.0,62947.99,34332.52608,4438284.0,2374.74,2494.95,2372.6,2465.21,326746.032,2862096.0,134.34,144.04,134.27,142.89,4130435.35,1537605.0,3.511e-05,6.128e-05,5.5559999999999997e-05,86962.07932638889,5446738524.241373,0.9371352868055555,1.0929078958333334,981538.6810000001,2388910321.2721443,2.3020456773958333,1.0957342743055554,5106362.788194444,715356217.7620463,2.2645554470833336,1.02116128125
2024-09-20,62948.0,64133.32,62350.0,63201.05,25466.37794,3969296.0,2465.21,2571.93,2437.31,2561.4,340754.5912,3241249.0,142.88,152.5,141.18,146.66,4488100.615,1794412.0,4.3683333333333336e-05,9.911333333333333e-05,0.0001,87603.46003472221,5535428440.382172,0.8794456920486111,1.0684685,956574.3374166667,2420398380.2381535,1.9995495939236112,1.1194237673611112,5722936.395833333,843674038.2708901,1.7196098677083334,1.0608317777777776
2024-09-21,63201.05,63559.9,62758.0,63348.96,8375.34608,1283611.0,2561.4,2623.34,2528.97,2612.4,154757.8773,1425778.0,146.67,150.25,144.61,149.41,1916733.216,706885.0,7.624e-05,5.956333333333334e-05,8.024666666666667e-05,87261.1024201389,5503775866.993196,0.9161925310416668,1.1987233124999999,967179.7172013889,2473408227.324694,1.9472735020833332,1.1356430520833334,5909509.701388889,869876982.0379261,1.8552467654166667,1.142798690972222
2024-09-22,63348.97,64000.0,62357.93,63578.76,14242.19892,2145736.0,2612.4,2632.57,2524.58,2581.0,214266.3257,2067811.0,149.42,149.92,141.12,144.63,2165962.888,885013.0,7.025333333333333e-05,6.698e-05,6.522e-05,86147.94722222222,5421582109.517528,0.928516762673611,1.1759621875,956454.0447847223,2469679900.8038387,1.8665060565625002,1.1261723715277778,5691020.684027778,828677400.012239,2.0890993868055556,1.0990285902777779
2024-09-23,63578.76,64745.88,62538.75,63339.99,24078.05287,3999187.0,2580.99,2702.82,2539.49,2646.97,333282.0149,3492404.0,144.64,149.07,142.13,144.79,3226373.773,1211468.0,4.4046666666666666e-05,5.2816666666666665e-05,-4.893333333333334e-06,88638.37932638888,5628579690.531128,0.9403585388194444,1.1587837430555554,954822.5729618056,2530673330.2773056,1.8978157972916665,1.1204354340277778,5156624.611111111,745887641.1471498,2.5222160551736112,1.0485954340277777
2024-09-24,63339.99,64688.0,62700.0,64262.7,23185.04759,3870157.0,2646.98,2670.96,2591.56,2653.2,288600.0402,2730471.0,144.79,154.0,143.09,152.73,4015502.931,1369350.0,1.679e-05,4.46e-05,4.101333333333333e-05,89795.03821180556,5701669891.966041,0.9414894575347224,1.1203172118055555,947479.7851006945,2497959395.881369,2.1620867736458336,1.0773160520833334,5259109.211805556,772857414.638067,2.3355655772222224,1.0442583819444444
2024-09-25,64262.7,64817.99,62947.08,63152.01,17813.11168,3355531.0,2653.2,2673.5,2554.05,2579.95,220343.4293,2446589.0,152.74,153.93,147.28,147.98,2728253.346,1011746.0,1.2333333333333333e-05,3.901666666666667e-05,8.594333333333333e-05,89952.93296180555,5733201189.28318,0.9394781962847222,1.0849846215277779,930247.5683402778,2430298467.2892365,2.429651472638889,1.0806313958333333,5504945.871527778,828750216.6127219,1.9607676994791667,1.0668137708333334
2024-09-26,63152.01,65839.0,62670.0,65173.99,28373.30593,4361333.0,2580.09,2666.22,2559.2,2632.26,278686.3573,2897463.0,147.97,158.05,146.57,155.55,4251220.763,1235687.0,5.965333333333333e-05,8.537333333333333e-05,6.771e-05,88357.26444097223,5677353742.404446,0.8710817521180556,1.1052067256944444,931953.9963541667,2443555002.4634905,2.344286848576389,1.0764050208333333,5510407.114583333,841178852.6184124,1.834046747361111,1.0777410243055554
2024-09-27,65173.99,66498.0,64819.9,65769.95,22048.80487,3498529.0,2632.25,2728.6,2615.21,2694.43,281826.9792,2599262.0,155.54,161.43,153.89,157.64,3725660.998,1260105.0,6.332333333333334e-05,7.865e-05,6.993666666666667e-05,88009.76283333333,5771901741.359289,0.7310468587152777,1.1140761006944446,941987.5522708334,2511783624.562922,2.14663861875,1.0820637361111112,5697515.704861111,895918676.2595023,1.6636060812152778,1.0444213923611112
2024-09-28,65769.95,66260.0,65422.23,65858.0,9127.23316,1341703.0,2694.43,2704.35,2650.0,2675.21,137230.0342,1192804.0,157.63,159.43,155.0,156.75,1580834.341,704766.0,5.056333333333334e-05,7.797666666666667e-05,9.933333333333333e-05,85876.37531597221,5644253219.851465,0.8139885726388889,1.212682388888889,941423.0687222222,2519920860.4428787,2.1806092527430554,1.0659705173611111,5763556.934027778,905631620.5455396,1.7440128936805557,1.0556673368055556
2024-09-29,65858.0,66076.12,65432.0,65602.01,8337.74111,1413449.0,2675.21,2683.7,2629.73,2657.62,160554.3146,1417045.0,156.75,161.78,155.09,158.46,2350658.476,1021753.0,3.702e-05,6.317999999999999e-05,9.771333333333334e-05,85190.96473958333,5596521735.395366,0.8509246732638889,1.26434975,930621.7452291666,2474812856.844766,2.3446514518055555,1.1219471319444443,5906080.09375,929491274.0105525,1.7461837523611112,1.0423039340277778
2024-09-30,65602.01,65618.8,62856.3,63327.59,30011.08752,3978584.0,2657.62,2663.5,2575.0,2602.23,282475.7961,2684395.0,158.47,159.77,151.73,152.49,3240682.206,1706379.0,7.005333333333334e-05,8.260333333333333e-05,0.0001,88252.4143611111,5649040009.070482,1.1320186145833333,1.0541762812500002,973249.3737013888,2547712465.1994953,2.4820656022916667,1.0734232048611112,5942671.166666667,926831459.9103723,1.7320380269444444,1.0461798125
2024-10-01,63327.6,64130.63,60164.0,60805.78,43671.48108,5607069.0,2602.24,2659.0,2414.0,2447.79,502828.6804,4525442.0,152.51,157.34,142.29,145.13,4991241.419,2123355.0,0.0001,9.465666666666668e-05,0.0001,87830.45423958333,5521156518.714033,1.3545215334027778,1.0563756770833335,1016892.6488680555,2615687918.6136875,2.497286540416667,1.089890611111111,5758439.71875,875601483.6996497,1.976167292465278,1.04116384375
2024-10-02,60804.92,62390.31,60000.0,60649.28,31534.70118,5313210.0,2447.78,2499.0,2352.0,2364.1,317484.735,4299369.0,145.12,148.96,138.61,140.18,3817606.119,2440923.0,7.744e-05,8.953e-05,6.106e-05,84436.29252777778,5173016185.814465,1.5473507134027777,1.1343530451388888,1028181.6487951388,2513392485.678433,2.7203009457291665,1.1166046180555556,5345578.409722222,775719531.2740265,2.4748789880902775,1.0292726284722222
2024-10-03,60649.27,61477.19,59828.11,60752.71,26221.43472,5244004.0,2364.09,2403.38,2310.0,2349.8,314635.9263,4096011.0,140.18,142.96,133.11,136.82,3742347.845,2544894.0,4.3723333333333335e-05,3.721e-05,1.6213333333333333e-05,83693.40473958333,5086040882.099261,1.6886975581597221,1.0799157534722221,993374.2757881944,2341645568.0937076,2.9872620243402777,1.095564263888889,4870622.284722222,672817782.7626508,3.0087851207291667,0.9839775034722221
2024-10-04,60752.72,62484.85,60459.9,62086.0,21294.65994,3798631.0,2349.8,2441.64,2339.15,2414.41,239383.017,2556302.0,136.81,144.55,135.95,143.24,3120151.953,1282445.0,3.153e-05,4.2590000000000004e-05,-2.3333333333333327e-06,86016.46244791667,5292908738.217722,1.5544454114583333,1.1527570381944445,980939.1898368055,2345102987.2186046,2.8021424308680554,1.1762702118055557,4618766.208333333,648639328.4362537,2.6309383301388887,1.0629801944444446
2024-10-05,62086.0,62370.56,61689.26,62058.0,7807.46141,1183175.0,2414.41,2428.23,2390.05,2414.66,103740.2316,1147501.0,143.24,144.93,141.06,142.59,1475217.816,714484.0,1.1766666666666667e-06,7.789e-05,5.256333333333333e-05,84614.65885763889,5248794547.032591,1.3322242234375001,1.2034205902777777,973396.1219895834,2347112310.9447165,2.6636899530208336,1.1838796493055554,4619310.309027778,660688644.5157628,2.241712887708333,1.0560724166666668
2024-10-06,62058.01,62975.0,61798.97,62819.91,8906.86177,1556553.0,2414.66,2457.8,2407.0,2440.03,105752.7096,1097106.0,142.59,146.75,142.0,146.48,1409071.4,763554.0,2.68e-05,5.866333333333333e-05,7.835666666666667e-05,85280.85075,5308765140.589771,1.3514730702430555,1.244606486111111,987598.9166493056,2397129862.8804474,2.576565115798611,1.2303221770833332,4632700.795138889,667918916.8185852,2.1717597778472224,1.1364454305555556
2024-10-07,62819.91,64478.19,62128.0,62224.0,25966.1852,4809342.0,2440.02,2521.0,2403.0,2422.71,300459.5407,3081333.0,146.47,152.4,143.5,143.96,3607754.951,1768564.0,1.9326666666666666e-05,5.076666666666667e-05,4.019666666666667e-05,86780.20595833333,5498484158.468477,1.275649484027778,1.1440344444444444,924146.0799131944,2282790238.8963823,2.5364836069791665,1.1227306944444444,4575830.309027778,677325381.412813,2.2059806593749998,1.1047049201388888
2024-10-08,62224.01,63200.0,61860.31,62160.49,19702.22371,3798438.0,2422.7,2466.66,2401.18,2440.89,201358.3312,2240640.0,143.97,145.6,141.17,143.49,2153828.153,1304792.0,4.505333333333333e-05,8.323e-05,2.496666666666667e-05,85665.34388888889,5345685788.657404,1.4413185992013888,1.1277031319444444,938891.9293611111,2284940505.0803075,2.7697035884375,1.1035484722222222,4579721.149305556,658022155.705634,2.641617910381944,1.048377861111111
2024-10-09,62160.5,62543.75,60301.0,60636.02,20011.15684,3668363.0,2440.88,2473.61,2351.42,2370.47,242082.2725,2569883.0,143.5,145.34,138.66,139.33,2071518.061,1265373.0,7.692333333333333e-05,7.88e-05,2.3903333333333335e-05,86565.6953125,5352853299.698648,1.5802505036805554,1.1047729409722222,952138.7897743055,2311989656.704689,2.738696489305555,1.1096520347222223,4607576.569444444,654855383.5045651,2.8934137080208333,1.0733337951388888
2024-10-10,60636.01,61321.68,58946.0,60326.39,23967.92481,3872577.0,2370.47,2421.36,2330.66,2386.49,257862.9619,2734517.0,139.33,140.92,135.52,139.03,2289782.907,1253504.0,4.540666666666667e-05,8.887666666666668e-05,3.813666666666667e-05,86927.88988888888,5263718758.433756,1.9260249716319444,1.1345833159722223,1016714.5654930555,2425393713.2959814,2.9015983559375,1.1059951770833334,4921350.045138889,682774218.694348,3.4881983857291665,1.041449125
2024-10-11,60326.4,63417.56,60087.64,62540.0,23641.35209,3222180.0,2386.49,2471.45,2381.86,2439.5,235441.2197,1913115.0,139.04,146.62,138.68,145.53,2269088.918,1028243.0,1.5900000000000007e-06,8.483666666666667e-05,-1.8333333333333333e-05,85669.31938888889,5269198404.071733,1.6104349238194446,1.09132459375,1001966.6560555556,2427187086.32615,2.538305530138889,1.1351905625,4827842.052083333,689519939.8227687,2.891134799861111,1.0230838229166668
2024-10-12,62539.99,63480.0,62487.23,63206.22,10911.30116,1770837.0,2439.49,2490.51,2434.35,2476.4,139637.5062,1058123.0,145.52,147.32,144.71,146.4,1347679.548,587595.0,3.5776666666666666e-05,7.265e-05,-3.550000000000003e-06,88525.71535416666,5568661182.861606,1.121168410625,1.2437821840277778,964060.7804131944,2369260187.036431,2.330934760972222,1.2186207465277779,4862930.145833333,710840820.5261083,2.322465431597222,1.094620375
2024-10-13,63206.23,63285.72,62050.0,62870.02,11909.21995,2242529.0,2476.4,2484.92,2436.4,2468.91,120022.8179,1032905.0,146.39,148.86,144.45,147.74,1599054.833,827089.0,2.0896666666666666e-05,4.549666666666666e-05,3.951333333333333e-05,87873.99536111111,5510933967.640722,1.1686362201736111,1.369813579861111,945395.3764722223,2326539657.6998343,2.202509764826389,1.1707862916666665,4784934.625,700552415.2679125,2.2518977403125,1.1487757291666667
2024-10-14,62870.02,66500.0,62457.81,66083.99,37669.95222,4977577.0,2468.92,2654.0,2443.39,2629.79,435900.1619,2715025.0,147.74,158.1,146.8,157.59,3987055.145,1744075.0,8.476333333333334e-05,8.853000000000001e-05,5.388666666666667e-05,86673.56799305555,5614920964.020123,0.8818762984375,1.123396388888889,1038283.2861597221,2661863134.0681577,1.9581326880208334,1.1212602534722222,4857619.982638889,744409607.5385622,1.7506723202083334,1.1122711145833335
2024-10-15,66084.0,67950.0,64800.01,67074.14,43683.95423,6245619.0,2629.79,2688.6,2537.36,2607.41,416285.6663,3306565.0,157.59,159.73,150.3,154.76,4480025.111,2210459.0,0.0001,0.0001,0.0001,85759.70938541666,5666335609.310977,0.7339210437847222,1.0976716458333333,1118088.5059513887,2911140453.3512187,2.0061539222222224,1.1076851527777778,4784787.90625,740999203.2697442,1.6969290435416666,1.0195113368055555
2024-10-16,67074.14,68424.0,66750.49,67620.01,29938.25544,5109685.0,2607.41,2647.79,2588.67,2611.1,260322.4242,2813136.0,154.76,158.41,153.0,154.28,2851816.35,1710126.0,8.941666666666668e-05,0.0001,6.311666666666666e-05,85410.65960416666,5764025886.784949,0.6833705806944445,1.1188947430555556,1108840.0446319443,2900556785.390774,2.072683068263889,1.1007915381944444,4662605.878472222,721278013.6241151,1.8152140124305558,1.0728615243055557
2024-10-17,67620.0,67939.4,66666.0,67421.78,25328.22861,3981960.0,2611.1,2648.37,2575.4,2605.8,221624.5434,2543113.0,154.28,155.73,147.66,150.5,2664809.948,1329012.0,0.0001,0.0001,8.161333333333334e-05,84555.70077083334,5686604480.297176,0.6952778639930556,1.1006336631944444,1141216.3408541668,2983004716.936177,1.9516793829166668,1.0956573159722223,4691109.197916667,713272250.1994987,1.981129750590278,1.0361922222222222
2024-10-18,67421.78,69000.0,67192.36,68428.0,28725.635,4010969.0,2605.79,2675.58,2596.49,2642.17,292444.1153,2835054.0,150.5,156.65,149.56,154.94,1829394.118,1063679.0,0.0001,0.0001,6.980333333333333e-05,85420.11286805556,5819434852.013744,0.6432184659722222,1.1781464895833333,1154266.7407569445,3038813852.7382083,1.8708134509374998,1.1917199618055556,4601327.072916667,706817233.4409683,2.055475640798611,1.0945197916666667
2024-10-19,68427.99,68693.26,68010.0,68378.0,8193.66737,1152428.0,2642.17,2663.49,2631.02,2648.2,105413.7646,1145594.0,154.93,159.85,153.45,159.79,1724504.166,678270.0,0.0001,0.0001,5.4840000000000003e-05,86532.93171180556,5908127131.072097,0.6682910922569445,1.2202173645833332,1118941.7307048612,2957303805.2814136,1.8596714909027778,1.1420845381944444,4676404.645833333,727297259.031916,1.868917301388889,1.1630037569444445
2024-10-20,68377.99,69400.0,68100.0,69031.99,12442.47378,1563795.0,2648.2,2759.0,2635.54,2746.91,256910.7448,2274845.0,159.79,167.94,157.58,167.4,3094698.825,1326223.0,0.0001,0.0001,7.304333333333333e-05,87147.90204861111,5965124985.896379,0.6883295107986112,1.20384275,1130875.6831666667,3021765763.2408404,1.7710828256944444,1.18223228125,5105303.364583333,817244468.0202501,1.509179599375,1.0902691840277778
2024-10-21,69032.0,69519.52,66840.67,67377.5,31374.42184,3686777.0,2746.91,2769.48,2655.01,2666.7,310674.7232,2526347.0,167.4,171.76,160.99,166.17,4807758.742,2074468.0,0.0001,0.0001,0.0001,88152.2391388889,6010261231.755253,0.7574698492013889,1.048658986111111,1153756.0055833333,3120030932.7588835,1.9442750764583334,1.103142298611111,5463161.5,913629868.9342039,1.4411494363194446,1.0478182256944446
2024-10-22,67377.5,67836.01,66571.42,67426.0,24598.96268,3669291.0,2666.71,2671.92,2606.56,2622.81,265747.713,2153796.0,166.16,170.99,162.99,167.59,4115685.502,1526765.0,0.0001,0.0001,0.0001,87076.84632638888,5863748274.414936,0.8492958185763889,1.0847155972222222,1158042.9326076389,3051211804.998889,2.3842591446180554,1.088081704861111,5696697.190972222,952784102.1196649,1.4267102209722222,1.06102709375
2024-10-23,67426.01,67472.83,65260.0,66668.65,25530.2407,3807365.0,2622.81,2628.2,2450.0,2524.61,352647.7086,2642127.0,167.6,174.3,164.13,170.85,4509792.292,2198916.0,0.0001,0.0001,0.0001,86006.34791319445,5729487879.636974,0.9778548121527777,1.0972405416666666,1160450.1729166666,2977010870.540027,2.8333151793402775,1.1600777152777777,5907774.791666667,989843275.4843593,1.3507972174652778,1.0616951875
2024-10-24,66668.65,68850.0,66510.0,68198.28,22589.83877,3797462.0,2524.6,2562.65,2507.31,2535.82,290851.7842,2252562.0,170.86,179.3,170.5,177.19,3893052.12,1905295.0,0.0001,0.0001,0.0001,84765.12288541667,5723785863.068029,0.9651857493055557,1.0715531527777777,1165330.3382222222,2954566843.557809,3.126777157847222,1.163386715277778,6413752.774305556,1120996878.221547,1.011801133715278,1.097202079861111
2024-10-25,68198.27,68771.49,65596.29,66698.33,34479.71125,5332593.0,2535.82,2566.33,2382.59,2440.62,514799.8822,3741205.0,177.19,177.6,159.12,164.9,5718307.066,2802265.0,0.0001,0.0001,7.72e-05,84423.75902777778,5709572033.841779,0.8865445986805556,1.0491559895833333,1171227.7288993055,2940103534.9348598,3.2061854227083333,1.0809232569444445,6182521.402777778,1065106704.3915111,1.1566278981597222,1.0410801770833333
2024-10-26,66698.32,67454.55,66439.9,67092.76,11842.9077,2373501.0,2440.63,2508.0,2430.12,2482.51,248724.8313,1985542.0,164.91,173.25,162.43,170.88,3010702.796,1497920.0,7.441333333333333e-05,0.0001,7.039e-05,81003.80317708333,5426658241.083238,0.9682883688541667,1.1198361840277777,1182185.303472222,2917619396.107023,3.1846185177083335,1.1274109965277779,6019011.15625,1013778797.3405685,1.4228698181597224,1.0523248819444444
2024-10-27,67092.76,68332.05,66913.73,68021.7,8653.19592,1771989.0,2482.51,2527.99,2464.13,2507.8,137580.8836,1337190.0,170.87,178.27,170.26,176.63,2606131.771,1472999.0,9.908e-05,0.0001,4.3723333333333335e-05,81368.6955451389,5486765790.02087,0.909271410173611,1.2904281493055556,1200300.5466076387,2984096166.1737614,3.0355578812847224,1.2810824618055556,6248983.138888889,1091238569.4168205,1.019911851736111,1.1169243402777778
2024-10-28,68021.69,70270.0,67618.0,69962.21,29046.75459,4432446.0,2507.8,2589.67,2471.67,2567.48,360605.327,2847523.0,176.63,179.8,172.45,178.29,3877330.221,2015079.0,9.457e-05,0.0001,6.996e-05,84780.38534615384,5821191169.403639,0.7211393473426573,1.2095108881118881,1214695.5803426574,3052938201.139402,2.978870281888112,1.258816472027972,6363312.583916084,1120019737.156356,0.9264640212587413,1.1122759335664334
2024-10-29,69962.21,73620.12,69760.0,72736.42,50128.60594,5645430.0,2567.49,2681.86,2561.2,2638.8,451915.7025,3690029.0,178.28,183.38,176.41,179.42,4046109.939,2186480.0,0.0001,0.0001,0.0001,90960.75959027777,6512778563.026704,0.5751821390972222,1.1663825138888888,1263160.9129895833,3315275151.50653,2.442917650034722,1.1314642222222222,6432756.434027778,1158444771.5606847,0.9496468947222222,1.1332589583333332
2024-10-30,72736.41,72961.0,71436.0,72344.74,26885.99056,4040734.0,2638.8,2722.3,2599.66,2659.19,460627.126,3700127.0,179.43,181.36,173.01,174.87,2893112.751,1693721.0,0.0001,0.0001,0.0001,89673.87651041667,6479126822.061304,0.5960459295486111,1.1517475312499998,1279700.740642361,3410652641.2497144,2.156186173715278,1.1127999583333332,6377430.711805556,1128761119.952529,1.1930140057291667,1.0599935277777779
2024-10-31,72344.75,72700.0,69685.76,70292.01,29352.10297,4525542.0,2659.19,2669.0,2503.0,2518.61,403427.2017,3391343.0,174.87,176.56,167.56,168.69,2661529.298,1555163.0,0.0001,0.0001,0.0001,90097.23149305556,6447176323.084511,0.7143830284027778,1.0874091701388888,1276955.8201319445,3319868046.6863446,2.6038146088194445,1.0625902777777778,6176722.204861111,1067290273.4436831,1.4691086379861111,1.0303731006944445
2024-11-01,70292.01,71632.95,68820.14,69496.01,38301.86755,4569271.0,2518.61,2586.8,2467.67,2511.49,430249.1073,3614843.0,168.69,174.0,163.43,166.1,3325662.447,2057625.0,0.0001,0.0001,0.0001,87928.21413888888,6134792087.225819,0.9886550481944444,1.0859760381944445,1299762.6279270833,3271946684.052546,3.282956442673611,1.1295816597222224,5924476.451388889,990979927.0132084,1.8733778944444444,1.1500937291666666
2024-11-02,69496.0,69914.37,69000.14,69374.74,10521.67243,1603561.0,2511.49,2523.45,2470.0,2494.23,145961.13,1228028.0,166.11,168.61,162.11,166.17,1603273.603,985042.0,0.0001,0.0001,7.699999999999999e-05,84754.54604166668,5893351618.685308,1.101650219236111,1.239478767361111,1283086.972142361,3206113254.597291,3.531856913090278,1.1824763020833333,5770401.246527778,956774085.1195558,2.097927196736111,1.0656904861111112
2024-11-03,69374.74,69391.0,67478.73,68775.99,24995.70243,3668029.0,2494.23,2496.39,2411.0,2457.73,276009.1197,2569553.0,166.16,166.61,157.82,162.53,2745309.829,1259979.0,0.0001,0.0001,5.078333333333333e-05,84570.18623611111,5793326866.428993,1.2242940084027778,1.1729896631944445,1290020.2665763889,3164757214.912932,3.6122811776388892,1.1743198368055556,5685026.065972222,923348146.6169772,2.196507470590278,0.994144798611111
2024-11-04,68775.99,69500.0,66835.0,67850.01,29800.39187,5377048.0,2457.73,2491.39,2357.59,2398.21,306316.9645,3066552.0,162.52,165.04,155.11,157.95,3019251.325,1767941.0,0.0001,0.0001,5.919666666666666e-05,84215.38281944445,5765861576.023802,1.316419208923611,1.0956253402777778,1292704.73709375,3165129649.97546,3.637001406527778,1.1178733229166666,5550162.604166667,896527089.4554166,2.260679399375,1.1242409722222222
2024-11-05,67850.01,70577.91,67476.63,69372.01,33355.06888,4955644.0,2398.21,2480.0,2380.74,2422.55,331619.2545,2878817.0,157.95,169.3,156.86,166.62,3438156.871,1606290.0,0.0001,0.0001,3.6983333333333336e-05,83646.47054166667,5769720305.81701,1.3124864362500002,1.1281163125,1271132.9866979169,3091934687.2058845,3.671950515555556,1.16000471875,5421594.204861111,884080678.5098736,2.255909832222222,1.1212554270833333
2024-11-06,69372.01,76400.0,69298.0,75571.99,104126.994787,8434184.0,2422.6,2744.7,2420.3,2721.87,1002141.3618,5557031.0,166.63,190.01,166.4,186.59,10385235.992,3093254.0,0.0001,9.837000000000001e-05,6.0360000000000005e-05,87311.64339930555,6474346504.533486,0.8244767253472223,1.0938042152777778,1291373.5226354166,3383117820.7228994,2.7460692005555556,1.1443050694444445,6199277.9375,1144718917.8791785,1.2546400676736111,1.0741651597222222
2024-11-07,75571.99,76849.99,74416.0,75857.89,44869.422345,5207722.0,2721.88,2916.11,2699.49,2895.47,730845.9524,5380366.0,186.59,197.84,185.84,196.35,4210329.82,2196009.0,0.0001,0.00011628333333333333,0.0001,89131.86986805555,6719889429.522588,0.7011877618055555,1.0487529687500001,1330630.246857639,3771324291.195505,2.080526223298611,1.062067857638889,6719472.229166667,1281981288.5250864,1.0400844913194445,1.05181834375
2024-11-08,75857.89,77199.99,75555.0,76509.78,36521.099583,4877489.0,2895.47,2981.69,2886.4,2961.75,568864.435,4290252.0,196.36,205.0,195.64,199.85,5129244.188,2638632.0,0.0001,0.0001,0.0001,89409.34958333333,6808225039.705512,0.6391972023958333,1.065500472222222,1342486.5461249999,3925081593.6456747,1.80287614875,1.064287607638889,7174930.993055556,1434423974.0189059,0.8213444069444444,1.0922202013888889
2024-11-09,76509.78,76900.0,75714.66,76677.46,16942.07915,2585264.0,2961.75,3157.4,2953.71,3126.21,526719.4212,3681905.0,199.86,203.45,194.86,199.89,2833304.996,1495027.0,0.0001,0.0001,0.0001,88915.01604166668,6791669716.507497,0.6134106745138889,1.1985335902777778,1310441.021902778,3975852942.819507,1.5872704711111112,1.0954656979166666,7008253.513888889,1399830879.8720274,0.9479197230208334,1.1060622604166666
2024-11-10,76677.46,81500.0,76492.0,80370.01,61830.100435,7128598.0,3126.2,3248.52,3069.0,3183.21,865536.7322,6072418.0,199.89,215.27,198.68,210.07,7968628.23,3972272.0,0.00016571999999999998,0.00015569333333333334,0.00023682,87203.37991319444,6902998468.707786,0.6210378257291667,1.1040247083333332,1271107.9504548612,4043242713.018496,1.964985957673611,1.0232962326388888,6743278.520833333,1391956815.3825836,1.185883411111111,1.076165173611111
2024-11-11,80370.01,89530.54,80216.01,88647.99,82323.665776,9348890.0,3183.2,3387.61,3105.0,3371.59,1000093.9664,7802397.0,210.07,224.0,204.16,222.13,8935306.968,4568795.0,0.00018959333333333332,0.00021694666666666665,0.00022707333333333332,87650.88869791667,7290638427.873112,0.6588677325347222,1.0736177708333332,1219001.6043680557,3929811717.2770886,2.097944015729167,1.038352142361111,6762053.017361111,1450593114.781897,1.1799189170833335,1.0617483611111111
2024-11-12,88648.0,89940.0,85072.0,87952.01,97299.887911,11499058.0,3371.59,3442.5,3207.67,3243.8,973215.7285,7073014.0,222.12,225.21,204.71,211.64,9001990.659,5190083.0,0.00043874666666666664,0.00040436000000000004,0.0004284033333333333,85462.86908680556,7523493920.856999,0.8225054747569445,1.0497609965277777,1204367.4178784722,3979155966.07743,2.333728050486111,1.0594916770833334,6703246.465277778,1443008944.9460077,1.5174716728472222,1.0065856631944445
2024-11-13,87952.0,93265.64,86127.99,90375.2,86763.854127,11962100.0,3243.79,3331.0,3116.69,3187.16,919686.3747,9753402.0,211.63,220.44,200.67,215.13,10834052.799,6265437.0,0.00014985666666666666,0.00020018999999999997,0.00025258333333333334,84469.66308333333,7516706457.941265,0.7940822720833334,1.031795638888889,1219386.10925,3911071383.2255783,2.535828218993055,0.99594790625,6902959.652777778,1451087642.7970912,1.6330268382638888,1.0074994618055557
2024-11-14,90375.21,91790.0,86668.21,87325.59,56729.51086,9828858.0,3187.16,3240.4,3028.56,3058.82,605780.6662,6204964.0,215.14,222.8,206.78,209.57,7458523.708,4182236.0,0.0001,0.00010193333333333334,0.00017742,84934.51354861111,7619392139.4459,1.0151954090625,1.0095783541666665,1213914.0900277777,3844358586.928843,2.9827670677777776,1.0368560381944443,7089601.065972222,1529873218.5138674,1.5561001797569445,1.0231006041666666
2024-11-15,87325.59,91850.0,87073.38,91032.07,47927.95068,8009111.0,3058.81,3131.06,3014.5,3090.01,519623.6317,6118576.0,209.57,220.5,204.48,218.45,5271091.924,3372136.0,0.00010325666666666667,0.00012080333333333334,0.0001,84959.04942361111,7577297107.1721735,1.021386339513889,1.0440886597222223,1266877.134638889,3889624402.4401617,3.1531913623958334,1.0627849756944443,6851267.21875,1451924729.2164702,1.6071538053472223,1.0323874131944446
2024-11-16,91032.08,91779.66,90056.17,90586.92,22717.87689,4239455.0,3090.01,3219.97,3072.0,3132.87,423639.1573,5079843.0,218.44,221.99,213.35,215.71,4204469.3,2296856.0,0.00011077000000000001,0.00013188666666666667,0.00016573666666666665,84446.14484027779,7694074780.805415,0.7891429332291666,1.1088510868055554,1289274.68253125,4050536624.5754232,3.290075831666667,1.0757080625,7210253.131944444,1571243743.7544127,1.510094225763889,1.0598561736111112
2024-11-17,90587.98,91449.99,88722.0,89855.99,23867.55609,4930719.0,3132.88,3162.11,3034.99,3076.0,449818.9575,5832635.0,215.72,242.33,212.1,237.47,8433424.204,3010544.0,0.00012114000000000001,0.00013228333333333334,0.00025381666666666667,84778.21771527777,7664694508.769623,0.8743716936805556,1.101308236111111,1278160.7802743055,3968377027.500457,3.3958341050694445,1.1023264479166666,7818952.704861111,1818267093.1078138,1.4187592263888888,1.0487586493055554
2024-11-18,89855.98,92594.0,89376.9,90464.08,46545.03448,7161125.0,3075.99,3224.94,3050.01,3207.8,640658.4357,6541040.0,237.47,248.44,234.01,239.79,7485850.361,3957941.0,0.0002258933333333333,0.00023759333333333332,0.00020807333333333332,84512.86617361111,7692863943.691539,0.8991109884027778,1.0630396319444444,1304843.9143472223,4078733407.2522006,3.5008074514930554,1.0812581701388888,7841858.604166667,1889292424.475654,1.4204851754166665,1.0364125173611112
2024-11-19,90464.07,93905.51,90357.0,92310.79,43660.04682,5647789.0,3207.81,3221.2,3065.4,3107.44,500112.0194,5163295.0,239.79,247.5,233.4,237.63,5595613.402,3110191.0,0.00023260333333333333,0.0002568166666666667,0.00017948666666666664,85780.61049305556,7891517516.4749565,0.7761996430208333,1.1374642534722221,1315857.962482639,4113037133.5100775,3.6698205861805553,1.03120675,7671302.243055556,1854203354.6400416,1.5248832283333333,0.9921457604166667
2024-11-20,92310.8,94831.97,91500.0,94286.56,42203.198712,7365987.0,3107.45,3159.2,3029.41,3069.97,503607.8336,6338828.0,237.64,242.54,230.37,235.48,5472203.476,2032597.0,0.0001,0.00016831,0.0001,87666.8660486111,8181825819.492793,0.6920828196180556,1.0721141631944446,1337562.2066284723,4141142594.547331,3.97145603125,1.0427918194444445,7065479.798611111,1665181246.9801388,1.9075297281249999,1.0058133298611112
2024-11-21,94286.56,98988.0,94040.0,98317.12,69228.360477,9048605.0,3069.97,3386.73,3032.59,3355.81,974923.3035,8227428.0,235.48,259.8,229.6,256.37,8595939.994,4031098.0,0.0001,0.00013382000000000002,0.0001,90293.62350694445,8767495753.18572,0.6726344345138888,1.0896611527777778,1392790.6875833333,4492640373.708718,3.406683948611111,1.067760545138889,7092497.357638889,1744148257.9082804,1.5675105793402777,1.0776749513888888
2024-11-22,98317.12,99588.01,97122.11,98892.0,46189.309243,7271311.0,3355.88,3425.92,3257.54,3327.78,603273.7093,7141711.0,256.38,264.39,251.47,256.9,5155181.905,2948004.0,0.0001,0.00028501333333333335,0.00027852666666666666,91122.4369375,8995417489.275604,0.7416965064930555,1.0523769305555557,1401785.03,4671484686.6271925,3.363315996736111,0.9953996145833334,7517900.486111111,1934948991.3598013,1.6001542802083335,1.0181588263888888
2024-11-23,98892.0,98908.85,97136.0,97672.4,24757.84367,3839138.0,3327.78,3497.51,3312.72,3393.91,721024.0009,6790558.0,256.9,264.0,252.69,254.89,4836783.227,2659103.0,0.0001,0.0002822233333333334,0.00021507666666666667,90449.60617361112,8893458199.425892,0.8124377365277778,1.1868179409722222,1423970.3324722222,4821884825.705151,3.4453870246180553,1.1155116770833333,7375211.972222222,1899789235.8576546,1.9253801774305555,1.0765389930555556
2024-11-24,97672.4,98564.0,95734.77,97900.04,31200.97838,4964720.0,3393.91,3450.0,3281.4,3361.2,479098.0921,5919258.0,254.9,259.78,240.93,252.73,3665245.812,2627402.0,0.00016458666666666665,0.00025998666666666667,0.00025536,89336.39628472221,8709855479.395004,0.9168652912152778,1.1201611909722222,1416703.0595833333,4775953391.883179,3.808992784895833,1.083615159722222,7221803.767361111,1822581953.5107355,2.096661156909722,1.0310837291666666
2024-11-25,97900.05,98871.8,92600.19,93010.01,50847.45096,8289691.0,3361.21,3546.66,3300.01,3414.49,949330.37,9876856.0,252.74,256.7,231.21,234.18,4699636.317,2322351.0,0.00018756,0.00024330333333333332,0.00014939333333333332,89231.11513541668,8638155758.58636,1.0133473812152778,1.0540756319444444,1432996.7593506945,4917126843.457071,3.2622442343402778,1.0287438854166666,7172369.079861111,1773904629.7064626,2.3413335552430556,1.0105486493055555
2024-11-26,93010.01,94973.37,90791.1,91965.16,57858.73138,10225809.0,3414.49,3462.49,3252.0,3324.73,672367.1503,7269605.0,234.18,239.66,221.8,230.69,5012621.456,2836351.0,0.00023145666666666664,0.00018313333333333333,0.0001,89089.84396180556,8304811249.584189,1.3258359009375,1.0422475902777777,1429972.3064027778,4808743392.626202,3.722476723263889,0.9868592638888889,7029208.798611111,1633786478.0567372,2.9317982470833335,1.0352199375
2024-11-27,91965.16,97208.21,91792.14,95863.11,41153.42734,6648690.0,3324.74,3684.92,3302.4,3653.28,754573.6485,6392173.0,230.69,243.33,227.51,241.96,3807284.297,2039178.0,0.00019333333333333333,0.00019223000000000002,0.0001,87540.09628472223,8253647861.367528,1.208501019236111,1.0932919930555556,1490081.036388889,5196342307.891243,2.8839491095486114,1.0677396666666668,6674206.5,1572545661.5079224,2.764181200347222,1.03711778125
2024-11-28,95863.11,96564.0,94640.0,95643.98,28814.54357,4988161.0,3653.27,3661.92,3529.76,3578.79,560976.425,5393261.0,241.96,245.28,232.8,237.59,2694033.06,1578431.0,0.00012061666666666667,0.00014139333333333334,0.0001,86497.02003472223,8257830958.48546,1.0399020074305556,1.167876951388889,1501276.1377743057,5398729412.438278,2.4226793662499997,1.0347145625,6447464.055555556,1532925570.8923168,2.7846176523611113,1.0223670451388889
2024-11-29,95643.99,98619.99,95364.99,97460.0,27701.78231,5094070.0,3578.8,3647.98,3534.28,3592.21,425493.2449,4240304.0,237.58,246.77,236.55,243.33,2890806.079,1929299.0,0.00018095666666666666,0.00011784666666666666,0.0001,86977.52754513889,8425439561.718526,0.9316040129166667,1.1604849409722222,1474934.3916180555,5289013989.731265,2.912799229236111,1.1192705555555555,6476416.986111111,1564920772.6712809,2.6080500872569443,1.068767454861111
2024-11-30,97460.0,97463.95,96092.01,96407.99,14503.83306,3354759.0,3592.22,3738.98,3568.4,3703.6,503684.7485,4641849.0,243.33,245.4,237.5,237.6,2279256.816,1597288.0,0.00012657333333333334,0.0001808733333333333,0.0001,87302.15326388889,8447990641.878148,0.9658845726736112,1.17876971875,1490224.9971701389,5472881902.797091,2.677859367048611,1.061875,6660137.579861111,1607920314.7165573,2.728071784375,1.0262949027777777
2024-12-01,96407.99,97836.0,95693.88,97185.18,16938.60452,3342200.0,3703.59,3746.8,3659.2,3707.61,429089.2633,3667910.0,237.6,239.89,234.1,236.8,2435872.954,1318224.0,0.00015160666666666668,0.00013554666666666667,0.00014393666666666667,86731.51526736112,8406399902.613458,0.966461322638889,1.2057613402777776,1504812.1117013888,5576469619.407261,2.5196748693402777,1.0570205868055556,6884129.638888889,1632492230.5219438,3.1456984977430555,1.0784786041666665
2024-12-02,97185.17,98130.0,94395.0,95840.62,37958.66981,7560103.0,3707.61,3760.0,3554.32,3643.42,737130.569,6825848.0,236.79,238.2,220.0,225.72,5868060.275,3614201.0,0.00021223,0.00031274666666666667,0.00029959,87300.33274652778,8391816836.395146,1.0567048969444446,1.0559168055555554,1525430.4004722224,5563652406.402625,3.1061395736458333,1.0337610381944444,7287747.326388889,1655738300.9212563,4.044217007638888,1.0343889305555556
2024-12-03,95840.61,96305.52,93578.17,95849.69,35827.32283,5361712.0,3643.43,3670.0,3500.0,3614.51,678400.2032,5200407.0,225.73,239.6,215.0,233.92,6918604.728,3078327.0,0.00016552333333333334,0.0002515,0.00031498,87201.54628472222,8334436914.660268,1.1011350469097223,1.1312633958333334,1562035.856607639,5639596344.281318,3.5129890463194444,1.0212863715277778,7505625.795138889,1703726966.3050742,4.577838067291667,1.0630228784722222
2024-12-04,95849.69,99000.0,94587.83,98587.32,43850.53728,6648724.0,3614.51,3887.24,3614.51,3837.8,968744.0399,8222722.0,233.92,241.0,224.67,229.15,4966864.205,2318217.0,0.00025373999999999997,0.00018157666666666667,0.0003166,88777.27333680556,8567977105.905384,1.0783063726041666,1.068687423611111,1592188.2887048612,5966173568.053249,3.1086272966666666,1.0374523923611112,7376500.847222222,1727751997.1241102,4.746899662395833,1.029683875
2024-12-05,98587.32,104088.0,90500.0,96945.63,109921.729662,12012364.0,3837.8,3956.0,3677.0,3785.2,946493.276,8753645.0,229.15,244.77,222.95,235.84,7391549.993,4216711.0,0.0004904333333333333,0.00034770333333333336,0.00044690333333333333,95062.17972569444,9619674150.467907,0.9113713521875,1.0422665034722223,1587250.3741458333,6148605571.054314,3.022510455625,1.047583545138889,7406962.78125,1747278639.8730812,5.005107252986111,1.0014481215277777
2024-12-06,96945.63,101898.99,95981.72,99740.84,45049.5331,6919102.0,3785.21,4087.73,3777.26,3998.87,803855.1146,6677199.0,235.84,247.0,230.92,236.87,5136553.827,2524507.0,0.00011544666666666666,0.00022061333333333333,0.0002565933333333333,91045.45185416666,9007511883.130013,1.2195800608333334,1.06889184375,1551758.26521875,6112792546.530018,3.0793103042708334,1.0644818437499999,7422277.298611111,1769926422.6292007,4.620195674340278,1.0437920763888888
2024-12-07,99740.84,100439.18,98844.0,99831.99,14931.9459,2634566.0,3998.87,4024.46,3968.0,3996.22,283920.02,2721543.0,236.87,243.61,234.12,238.14,2933621.438,1606160.0,0.00019478666666666668,0.00025996,0.00038184333333333336,88977.52442013889,8874845062.66346,1.0885755704166666,1.1132292847222223,1589676.3937083334,6356802459.508076,3.105973442986111,1.1400968298611112,7646759.829861111,1824277194.5136366,4.8243385157638885,1.08584759375
2024-12-08,99831.99,101351.0,98657.7,101109.59,14612.99688,2994709.0,3996.22,4015.58,3923.5,4004.15,251362.1685,2614587.0,238.14,241.51,233.22,237.02,2222837.551,1517123.0,0.00017045666666666668,0.00021126333333333332,0.00026065666666666665,89034.23201388889,8891258992.954056,1.0891622330555555,1.1629030625,1582041.6549756946,6303977425.176635,3.377514479375,1.1302724479166666,7777683.423611111,1844199847.8751915,4.837038428784722,1.0470858159722223
2024-12-09,101109.6,101215.93,94150.05,97276.47,53949.11595,8445872.0,4004.15,4006.17,3509.0,3712.0,939642.2001,8331026.0,237.02,237.28,203.0,216.63,7391583.708,3396912.0,0.00020853333333333335,0.00014564333333333334,0.00018143666666666666,89935.76423611112,8863873781.61556,1.2280192452777776,0.9930259513888888,1581652.4829965278,6117543924.279821,4.076159270659722,1.0123141006944445,7769811.430555556,1766312924.5926576,5.162190233958333,1.0192782152777777
2024-12-10,97276.48,98270.0,94256.54,96593.0,51708.68933,11556189.0,3712.0,3780.76,3515.89,3628.25,942206.0337,10461668.0,216.62,221.06,203.21,213.6,7018707.73,3598912.0,0.0001,0.0001,0.0001,89204.03299652778,8642006572.390343,1.3916368415625,1.0712277465277777,1532940.1706319444,5642633553.113483,4.547082712743055,1.0332348472222224,7107431.659722222,1523053796.4813771,4.7122566380902775,0.9903877708333333
2024-12-11,96593.0,101888.0,95658.24,101125.0,37753.78291,8250511.0,3628.24,3848.64,3562.34,3831.81,461818.7801,6195364.0,213.6,230.65,211.51,227.29,4688484.808,2618186.0,0.0001,0.0001,0.0001,91073.87358333333,9002148872.895384,1.0720172949652778,1.0835596666666667,1537883.552673611,5727317130.891575,3.9344830856944446,1.1230555173611112,7073670.451388889,1580307046.7397025,3.9906199797222226,1.1353881979166667
2024-12-12,101125.0,102540.0,99311.64,100004.29,29232.08745,8066322.0,3831.82,3987.41,3796.8,3881.61,572098.6343,7005239.0,227.29,234.69,225.67,226.96,3559104.067,2608984.0,0.0001,0.0001,0.0001,93152.27595833334,9385505599.657936,0.785526576736111,1.1513481805555557,1533400.6555520834,5989163001.960293,3.041715464201389,1.1620511319444444,7103988.128472222,1633566133.5337477,3.5839152793749998,1.0571859583333334
2024-12-13,100004.29,101895.26,99205.0,101424.25,21904.03923,5481660.0,3881.6,3968.47,3852.94,3906.8,387765.6873,5124578.0,226.95,228.44,220.6,224.79,2889526.771,2190401.0,0.0001,0.0001,0.0001,91351.32458333333,9178028321.766983,0.8529353191319444,1.1575232118055556,1544767.5477777778,6037564317.84779,2.977687886076389,1.1264845729166666,7222806.826388889,1622970366.9394522,3.924125212534722,1.0196297395833334
2024-12-14,101424.24,102650.0,100609.41,101420.0,14191.70326,3374538.0,3906.8,3945.0,3825.03,3870.29,265538.9479,3407748.0,224.79,227.51,215.13,219.93,2155654.471,1665180.0,8.916666666666666e-05,0.0001,0.0001,92909.29447916667,9429780055.337517,0.7172184287847222,1.1840227083333332,1579707.3970520834,6144546936.062538,3.1023447046875,1.0771456840277778,7389091.416666667,1645731659.7022626,4.124510160208334,1.0884103958333333
2024-12-15,101420.0,105250.0,101237.14,104463.99,22228.921775,3638809.0,3870.3,3974.61,3831.5,3959.09,253833.2141,3637695.0,219.94,225.5,215.68,224.27,2130908.009,1736084.0,9.398e-05,9.801333333333335e-05,8.920333333333333e-05,95782.71959027777,9821437761.641516,0.6771929337847222,1.2936761354166668,1583681.4909305556,6150645923.159311,3.3875570738194445,1.1616166805555557,7438111.857638889,1635523238.5490546,4.419124468645833,1.0745041284722223
2024-12-16,104463.99,107793.07,103333.0,106058.66,41302.40274,8048054.0,3959.09,4107.8,3884.0,3986.24,673351.0723,7117624.0,224.26,227.56,213.26,216.19,3863409.201,2819674.0,9.727e-05,9.554000000000001e-05,0.0001,95688.23937847222,10077239394.079641,0.6512669315972223,1.1437578854166666,1603827.2113159723,6378638881.254519,3.0746258682638885,1.116150361111111,7580600.597222222,1664424324.822457,4.907683540069445,1.0315744861111111
2024-12-17,106058.65,108353.0,105321.49,106133.74,29064.936466,7212799.0,3986.24,4041.82,3847.96,3893.01,450825.9861,6874200.0,216.19,228.95,211.36,223.15,5177736.748,3540116.0,9.288666666666667e-05,0.0001,8.021333333333333e-05,94144.39739583334,10046127657.359404,0.635278408298611,1.113089767361111,1633496.5508958334,6499674938.74575,3.251130043333333,1.091766607638889,7742543.5625,1708224635.6932018,4.775257945972222,1.0596147465277777
2024-12-18,106133.74,106524.98,100000.0,100204.01,50307.99755,8762120.0,3893.01,3907.19,3617.42,3626.8,722505.0618,6584244.0,223.16,226.04,204.8,206.53,5565926.563,3308807.0,9.719666666666666e-05,9.348666666666667e-05,6.575e-05,91552.03772916667,9515877184.587599,0.9300447195138888,1.0494796805555557,1636819.8688333333,6270897427.208539,4.0525411452430555,1.068161076388889,7853821.104166667,1694370325.0237637,5.110703732326389,1.0560300694444444
2024-12-19,100204.01,102800.11,95700.0,97461.86,55147.398,7273941.0,3626.8,3720.0,3326.8,3417.01,1078153.4851,6357638.0,206.53,212.14,187.0,193.81,7402649.886,2909503.0,0.0001,6.971666666666668e-05,-1.3103333333333334e-05,92451.73381597223,9270167197.307808,1.3126528651041667,1.0390413680555557,1598695.2181805556,5755497898.092335,4.6132624490625,1.0449985972222222,8151096.09375,1664692968.8576572,4.944465784201388,0.9984056041666667
2024-12-20,97461.86,98233.0,92232.54,97805.44,62884.1357,7429007.0,3417.01,3497.84,3101.9,3472.21,1332783.731,7029546.0,193.82,199.81,175.26,194.48,9793383.668,2947219.0,0.0001,0.0001,-3.532333333333333e-05,91842.63482638888,8853389958.106703,1.5355121734722221,1.0279410972222223,1599155.8032430555,5385309165.616436,4.4862686910416665,1.0672094930555556,8245379.6875,1566296164.272964,4.702402691354167,0.9838031180555556
2024-12-21,97805.44,99540.61,96398.39,97291.99,23483.54143,3717638.0,3472.2,3555.18,3293.11,3338.92,475275.82,2732677.0,194.48,201.98,178.3,181.45,5243572.617,1709667.0,7.068666666666668e-05,8.784e-05,-0.00012257,87961.58424652778,8589288451.960447,1.3902122034722222,1.113948923611111,1502463.2282916668,5146214482.829426,3.8503051509374995,1.1204460868055555,7910497.322916667,1500076665.8203743,4.780232744166667,1.073153173611111
2024-12-22,97292.0,97448.08,94250.35,95186.27,19353.83036,3633551.0,3338.92,3403.0,3221.1,3281.83,361920.2495,2546556.0,181.46,187.87,176.88,180.52,3573368.972,1394689.0,9.876333333333334e-05,8.456666666666666e-05,-6.516666666666666e-05,87638.35546527778,8436352726.938653,1.454171206076389,1.0076777916666666,1491003.2542430556,4966704173.920567,4.108228422777778,1.0655830833333333,7907281.993055556,1443181030.8374262,5.057186381979167,1.0118277847222223
2024-12-23,95186.28,96538.92,92520.0,94881.47,32810.76703,5464919.0,3281.83,3466.99,3216.97,3422.53,488253.41,4032824.0,180.53,193.48,176.48,190.11,4217664.03,1557287.0,9.660333333333333e-05,6.586e-05,-3.265333333333333e-05,88852.77365277777,8417900064.330836,1.7124327544791667,1.05497325,1506282.7007881945,5017049640.183189,4.236959766006944,1.1120564722222221,7726725.128472222,1425259112.8469744,5.064931824513889,1.0540191770833334
2024-12-24,94881.47,99487.99,93569.02,98663.58,23674.22488,3421549.0,3422.53,3539.65,3358.19,3493.18,315723.6763,2764397.0,190.12,199.0,186.13,197.09,2709577.672,1127114.0,0.0001,6.959333333333334e-05,-9.863333333333333e-06,90838.29223263888,8711071580.467402,1.6549732563541668,1.1683735208333335,1464387.1755104167,5030908021.620792,3.8418352034375,1.1462160173611111,7408745.447916667,1430022084.0674994,4.311670468819445,1.090077263888889
2024-12-25,98663.58,99569.15,97632.02,99429.6,14474.1651,3283028.0,3493.17,3547.95,3440.93,3497.0,219846.0452,2133099.0,197.09,201.85,195.0,197.44,1958644.487,1035650.0,0.0001,4.0860000000000005e-05,2.15e-06,91620.08945486111,9019000065.419266,1.1469749630555555,1.1276493784722221,1456937.2533055556,5072882846.049908,3.563956624652778,1.1438015416666667,7234431.319444444,1433116439.37395,3.9462505241319445,1.063125840277778
2024-12-26,99429.61,99963.7,95199.14,95791.6,21192.36727,5203490.0,3497.0,3514.94,3304.63,3335.05,310170.1719,2543314.0,197.45,199.71,186.54,188.46,2045566.1,1279313.0,8.621666666666667e-05,8.768333333333334e-05,4.752333333333334e-05,89894.8291875,8695234464.535486,1.3871305832986112,1.119770236111111,1455972.23409375,4926486882.170047,4.070074237673611,1.1386814756944446,7163425.375,1370829396.7066534,4.235958859826389,1.0427947256944445
2024-12-27,95791.6,97544.58,93500.01,94299.03,26501.26429,5718866.0,3335.04,3444.16,3306.6,3333.51,342529.6038,3133395.0,188.46,194.39,182.74,184.22,1946509.645,1296546.0,0.0001,7.925666666666667e-05,-2.3480000000000002e-05,89598.39315277777,8561214973.511782,1.5679491069444444,1.0807865694444443,1487214.8394652777,5000875678.264905,4.402298187986111,1.1556023229166668,7116892.25,1338402998.037002,4.694305232118055,1.0498935138888887
2024-12-28,94299.03,95733.99,94135.66,95300.0,8385.8929,2732061.0,3333.51,3428.68,3322.23,3404.0,175963.613,1445334.0,184.22,196.1,183.82,195.5,1494847.867,840578.0,7.604e-05,9.778666666666667e-05,3.2183333333333334e-05,90256.95441319444,8546020635.896711,1.7494472603819444,1.1832404409722224,1522558.37590625,5121498885.163616,4.341462377152777,1.2417666319444445,7183437.586805556,1355043843.7601144,4.541798199861111,1.0998777777777777
2024-12-29,95300.0,95340.0,93009.52,93738.2,13576.00578,2865838.0,3404.01,3413.78,3326.17,3356.48,156256.8819,1170497.0,195.5,197.71,188.57,189.94,1560190.019,861977.0,9.337666666666668e-05,6.857333333333333e-05,1.3969999999999998e-05,90594.37160069445,8566516206.825914,1.6986954205555556,1.14795846875,1519889.5637256943,5134638609.406971,4.008436297118056,1.1283876284722223,7161185.291666667,1389410006.2234488,3.708826148611111,1.1064313229166667
2024-12-30,93738.19,95024.5,91530.45,92792.05,27619.4225,5560563.0,3356.48,3437.59,3305.0,3361.84,420794.6476,2700666.0,189.94,196.47,185.89,191.38,2415985.488,1417191.0,6.249666666666667e-05,0.0001,6.888666666666667e-05,91092.73045486111,8511552758.378025,1.9514596798958332,1.0766354965277778,1579726.1836388889,5353474101.071835,3.9303148464930553,1.0785236840277779,7102718.84375,1361669878.1396995,4.063931056076388,1.098868420138889
2024-12-31,92792.05,96250.0,92033.73,93576.0,19612.03389,3347847.0,3361.83,3451.0,3315.59,3337.78,303053.1685,2021786.0,191.37,199.27,188.04,189.31,2461978.262,1249847.0,0.0001,9.504666666666668e-05,5.938e-05,91551.20135416667,8582789780.948634,1.8286263891319443,1.1321305868055556,1575018.7729270833,5306009762.783724,4.143231807465278,1.2064182847222222,7150152.791666667,1378785595.3930645,4.172211532881945,1.0786188680555555
2025-01-01,93576.0,95151.15,92888.0,94591.79,10373.32613,1516556.0,3337.78,3374.85,3313.88,3360.38,190238.5861,1182219.0,189.31,195.33,188.0,194.28,1655160.102,865024.0,0.0001,0.0001,-3.2456666666666664e-05,91515.89832638888,8598919115.423494,1.8881714481944445,1.181409670138889,1605182.8952743055,5371120745.961536,4.717313310902778,1.1843949305555557,7066153.461805556,1350249436.5307484,4.492829155104166,1.1439861111111111
2025-01-02,94591.78,97839.5,94392.0,96984.79,21970.48948,3569079.0,3360.39,3509.99,3354.5,3455.67,338632.8874,2373075.0,194.28,210.48,193.43,208.31,3224923.982,1615355.0,0.0001,0.0001,9.779e-05,92876.06192708334,8943814146.608719,1.3628413717708332,1.117847517361111,1619243.549079861,5567663351.986806,3.6017445752430555,1.1095321770833335,7188611.909722222,1473684261.852139,2.876101308090278,1.12151715625
2025-01-03,96984.79,98976.91,96100.01,98174.18,15253.82936,2851164.0,3455.68,3630.0,3423.44,3609.01,334041.0604,2293811.0,208.3,219.83,205.63,217.99,3251086.556,1394237.0,8.414e-05,0.0001,1.8766666666666661e-06,91359.56701736111,8883350345.612953,1.182251934548611,1.1097494409722222,1618363.9175104168,5680898162.689185,3.41582413125,1.1885335277777778,7193045.069444444,1528588991.3649025,2.6476443958333333,1.097760642361111
2025-01-04,98174.17,98778.43,97514.79,98220.5,8990.05651,1559982.0,3609.0,3671.6,3572.42,3656.88,229266.3133,1567855.0,218.0,218.18,213.54,216.67,1943711.39,890249.0,6.165666666666668e-05,0.0001,1.1233333333333335e-05,88731.67568055556,8696095649.03517,1.1438041730555557,1.1604603194444445,1634058.9769201388,5907769168.924353,2.8674144509375,1.1749507847222223,7233548.770833333,1563608892.4215453,2.690871013923611,1.0892789027777778
2025-01-05,98220.51,98836.85,97276.79,98363.61,8095.63723,1685799.0,3656.88,3675.25,3593.7,3635.99,155444.1741,1461192.0,216.67,219.05,211.46,213.41,2101040.545,902175.0,9.44e-05,0.0001,5.4913333333333335e-05,82635.46441319444,8104081485.772819,1.1453825,1.191173482638889,1627899.1445659723,5910168176.936448,2.795412463020833,1.0721344722222221,7313081.3125,1569110361.7028816,2.8571578629861114,1.0695185
2025-01-06,98363.61,102480.0,97920.0,102235.6,25263.43375,3853702.0,3636.0,3744.83,3610.63,3687.45,329642.3648,2753873.0,213.41,223.18,211.56,218.22,2855362.858,1394456.0,0.0001,0.0001,1.3909999999999999e-05,92379.40629513889,9252719997.344395,0.933084914375,1.1333447986111111,1623509.9433749998,5950408345.947138,2.780209798125,1.1824045069444444,7321112.729166667,1587232313.8244202,2.9461843298958335,1.109817815972222
2025-01-07,102235.6,102724.38,96181.81,96954.61,32059.87537,4480562.0,3687.44,3700.86,3356.31,3381.31,541543.2874,3538701.0,218.22,219.11,201.8,202.17,3742298.284,1475754.0,9.060666666666666e-05,0.0001,3.8433333333333335e-06,92188.66143055556,9209566763.74626,1.0400163882638889,1.0813115034722223,1620163.946954861,5791110521.510264,3.4065477703125002,1.0523537013888888,7273513.461805556,1541102980.3135817,3.467844311909722,1.095493111111111
2025-01-08,96954.6,97268.65,92500.9,95060.61,33704.67894,5171208.0,3381.31,3415.1,3208.2,3327.29,584749.9627,3766197.0,202.17,203.28,188.34,197.48,4446830.23,2031142.0,0.0001,9.886e-05,2.557666666666667e-05,87315.82827430556,8342471269.476669,1.6485666077777779,1.0603048923611111,1623003.1806840277,5423793399.599907,4.733464217951389,1.0356427361111111,7087251.4375,1395562802.7931333,4.493822582152777,1.101102902777778
2025-01-09,95060.61,95382.32,91203.67,92552.49,34544.83685,6027161.0,3327.29,3357.27,3158.0,3219.2,501818.4247,3685889.0,197.48,199.06,182.0,184.95,3607147.193,1961684.0,6.43e-05,8.869666666666667e-05,1.3283333333333335e-05,89815.91411458334,8392869017.950065,1.9516211128819445,1.0726552222222223,1640037.426284722,5387999103.278032,4.840259913194444,1.1378835555555555,7087361.020833333,1353093498.555447,4.857089118159722,1.0944361840277779
2025-01-10,92552.49,95836.0,92206.02,94726.11,31482.86424,5531444.0,3219.2,3322.49,3193.97,3267.04,454142.1333,3199118.0,184.96,193.02,183.51,187.68,3642892.082,1852360.0,3.661333333333333e-05,7.911666666666666e-05,-1.0413333333333332e-05,88548.79816319444,8339938091.124595,1.8807685582638891,1.0693755451388889,1621315.1491041668,5299067420.508267,4.8695489789236115,1.1065861979166667,6858315.826388889,1296135379.2759013,4.9155753465972225,1.0702796701388888
2025-01-11,94726.1,95050.94,93831.73,94599.99,7047.9043,1496191.0,3267.05,3320.18,3217.56,3282.83,151679.7487,1208777.0,187.69,191.91,184.01,188.09,2204486.056,937504.0,4.1143333333333336e-05,7.408000000000001e-05,-2.3106666666666663e-05,88138.97063541667,8316819243.243754,1.696748692986111,1.1975528680555554,1646279.3230243055,5369554957.77244,4.800054689895834,1.2031302395833334,6967963.868055556,1302538913.298406,5.028812096354167,1.1627393194444444
2025-01-12,94599.99,95450.1,93711.19,94545.06,8606.86622,1658863.0,3282.83,3300.0,3224.49,3267.3,164879.9709,1151908.0,188.09,191.0,185.17,188.51,1330917.135,723323.0,4.955333333333333e-05,9.378000000000001e-05,4.28e-06,88084.67812152777,8324172672.075016,1.7179707940625,1.1772322569444444,1645631.7176631943,5379987487.435721,4.781842854340278,1.225301878472222,7070843.951388889,1326931501.287094,4.942858505347222,1.1285346909722223
2025-01-13,94545.07,95940.0,89256.69,94536.1,42619.56423,5740963.0,3267.3,3339.0,2920.0,3137.51,845907.5669,4900248.0,188.5,191.99,168.88,182.87,5669925.613,2547519.0,4.3786666666666665e-05,7.581666666666666e-05,4.492333333333334e-05,87417.47336111112,8129351148.697139,1.8435887492708334,1.0273388645833335,1632316.4545173612,5117855436.916328,5.089947611006945,1.0745613715277778,7244819.402777778,1310670689.5901728,4.951345372326389,1.0490737118055558
2025-01-14,94536.11,97371.0,94346.22,96560.86,27846.61753,4532923.0,3137.51,3256.67,3125.65,3225.63,374308.4517,2446285.0,182.86,190.11,181.88,187.57,2737355.064,1379846.0,9.832000000000001e-05,6.842333333333334e-05,-1.5536666666666666e-05,84908.03246875,8139521940.385899,1.3288846072569445,1.1188767777777777,1538409.0074097223,4913206343.458857,4.544001459027778,1.1231798715277777,6952887.65625,1294930410.9516098,4.572343309652777,1.12032896875
2025-01-15,96560.85,100681.94,96500.0,100497.35,30509.99179,3487945.0,3225.63,3473.75,3186.36,3451.52,464188.034,2689488.0,187.57,206.04,185.84,205.86,3768610.58,1825631.0,6.542666666666667e-05,5.2900000000000005e-05,-1.5843333333333335e-05,86242.000875,8455041632.990378,1.0833986280555556,1.088410909722222,1525377.6143229166,5016512746.78161,3.9859422919791663,1.1623817152777778,6865173.0,1327137266.8856525,4.322485642465278,1.1065511458333335
2025-01-16,100497.35,100866.66,97335.13,99987.3,27832.85317,3762755.0,3451.51,3460.79,3265.44,3308.05,471282.6787,2667507.0,205.86,217.14,198.47,211.14,5710255.657,2762727.0,4.298e-05,7.862e-05,0.0001,86112.52294097222,8568128365.969138,0.9223829146875,1.1100826111111113,1517778.2873125,5079663307.728667,4.046550679131944,1.0848559756944445,7173525.069444444,1487482607.1078842,3.5192646664930556,1.0468469930555555
2025-01-17,99987.3,105865.22,99950.77,104077.48,39171.85292,3886907.0,3308.04,3525.72,3307.5,3473.63,518550.1813,3165882.0,211.15,222.11,209.84,219.51,4384472.838,2186663.0,5.8049999999999995e-05,0.0001,9.406666666666667e-05,88655.40662847222,9113212622.436499,0.7999477994097223,1.1103718715277777,1531436.953048611,5219788607.510448,3.950823975347222,1.1405001423611112,7442703.444444444,1610370410.498582,3.1470557147916667,1.0456985694444443
2025-01-18,104077.47,104988.88,102277.55,104556.23,24307.82998,3403162.0,3473.64,3494.39,3227.0,3307.71,634197.1281,3931387.0,219.52,270.67,217.29,261.97,19971981.58,9712182.0,8.902333333333334e-05,0.0001,5.851333333333334e-05,89252.73887152778,9262697388.038551,0.7788946124999999,1.1821259305555556,1592072.9951006945,5286304926.091681,4.876709814861112,1.113900451388889,8046025.427083333,1935950359.1268892,2.0047170148958333,1.0746525451388889
2025-01-19,104556.23,106422.43,99651.6,101331.57,43397.28298,5271920.0,3307.71,3448.99,3130.48,3215.12,1342301.5217,7064813.0,261.97,295.83,236.68,252.42,25051667.6,16728916.0,0.0001,0.0001,8.306333333333333e-05,88381.73539583333,9255466224.628115,0.8076119814583334,1.1340095833333335,1617371.53703125,5343605735.81033,5.436148165902778,1.0352498506944443,8437993.670138888,2269333769.372404,1.5683784100347222,1.026874704861111
2025-01-20,101331.57,109588.0,99550.0,102260.01,89529.231732,11597937.0,3215.2,3453.69,3142.78,3284.0,1158354.7814,7137551.0,252.4,273.29,229.44,242.19,16879575.561,13411844.0,0.0001,0.0001,-0.00023316333333333334,85876.34525694445,8993948516.37708,1.0005051241666667,1.0824278125,1584554.0961736112,5252926811.337948,5.399027707118055,1.0238132604166668,7251574.534722222,1817110387.3156788,2.722222950659722,1.0170743229166666
2025-01-21,102260.0,107240.81,100119.04,106143.82,45941.02002,6842980.0,3283.99,3368.0,3204.6,3327.54,548706.0513,3752957.0,242.18,260.06,230.0,250.33,7882737.257,6181509.0,0.0001,0.0001,-7.068666666666666e-05,86090.50543055555,8945320286.377508,1.1000755155555555,1.0778580486111111,1554276.8195104166,5109666096.37705,5.364963794618055,1.0728404722222222,7075606.006944444,1714941886.363284,2.991707380798611,1.0177957777777777
2025-01-22,106143.82,106394.46,103339.12,103706.66,22248.69254,4364035.0,3327.55,3365.99,3222.85,3242.6,349240.7498,2187671.0,250.33,272.03,248.43,257.36,6223427.616,4791221.0,0.0001,0.0001,5.516000000000001e-05,85666.42551041667,8986002632.891771,0.9596378353472222,1.1337172118055556,1568053.429888889,5168420711.8397455,5.1205586711805555,1.0718986875,7139479.065972222,1836630910.9522119,2.2526946624652777,1.0878698333333334
2025-01-23,103706.66,106850.0,101262.28,103910.34,53953.12031,6961383.0,3242.61,3347.97,3185.0,3338.21,605592.7225,3255920.0,257.37,258.48,242.19,253.11,6802762.723,5535365.0,9.09e-05,0.0001,3.367e-05,84158.83580555556,8685294571.317434,1.1954224331944445,1.0736564236111112,1595549.14003125,5162831416.565924,5.628742409340278,1.0875155833333334,7309315.25,1820546098.8852696,2.479533900416667,1.0282636145833335
2025-01-24,103910.35,107120.0,102750.0,104870.5,23609.24017,4798886.0,3338.22,3428.0,3275.9,3310.09,451524.2752,2793569.0,253.12,270.18,247.18,253.37,5214294.569,4402292.0,5.8036666666666666e-05,0.0001,8.655666666666666e-05,81851.49501388888,8595575912.122812,0.9340038622222223,1.0733521597222222,1641483.0307777778,5522121171.759693,3.5607626436458335,1.099370503472222,7275923.666666667,1891633915.5056434,1.7876994099999999,1.0303667118055555
2025-01-25,104870.51,105286.52,104106.09,104746.85,9068.32377,1770765.0,3310.1,3350.68,3268.66,3318.77,208559.0415,1456638.0,253.36,260.78,246.33,256.41,3703989.301,2767492.0,7.326333333333333e-05,7.459666666666667e-05,-4.656333333333333e-05,81347.42869444445,8514410888.401586,0.9674976341319445,1.1996627118055556,1581211.4769618055,5235654503.3025255,4.575116068854167,1.1413844548611112,7289024.625,1839013549.1851459,2.4315450819444444,1.0880819131944444
2025-01-26,104746.86,105500.0,102520.44,102620.0,9812.51238,1813011.0,3318.76,3362.0,3230.0,3232.61,272165.469,1416325.0,256.4,260.16,240.32,240.5,3028015.524,2339798.0,8.935333333333333e-05,7.745666666666667e-05,7.011e-05,82087.96146527777,8601750681.101517,1.0061109674305557,1.198325045138889,1571641.3513263888,5216686370.209451,4.479728328888889,1.203920378472222,7129244.899305556,1818805215.8299434,2.1301026478819445,1.0690451145833333
2025-01-27,102620.01,103260.0,97777.77,102082.83,50758.1341,9368910.0,3232.61,3253.91,3020.01,3182.44,753004.7529,4888504.0,240.49,242.68,220.89,234.89,8916620.842,6699907.0,4.298e-05,2.2383333333333336e-05,-5.725333333333334e-05,85291.65780902778,8560469105.181292,1.6245872607291667,1.0120286875,1575690.0889930555,4916863984.910061,5.9273818113541665,1.043772607638889,7120996.611111111,1644817092.2314672,3.4698981320833333,1.0135347465277778
2025-01-28,102082.83,103800.0,100272.68,101335.52,22022.05765,5428644.0,3182.44,3223.01,3040.03,3077.72,350959.7173,2936974.0,234.9,244.0,225.01,227.06,3483450.087,3282972.0,7.854e-05,6.65e-05,2.4916666666666668e-05,81425.99468402778,8333293470.797819,1.2770271907291668,1.0570641041666666,1539471.247795139,4876462226.800766,5.353483480833334,1.0942120659722223,6758510.197916667,1591195895.078826,3.2042660032638888,1.0891455729166666
2025-01-29,101335.52,104782.68,101328.01,103733.24,23155.35802,5189699.0,3077.72,3182.52,3054.06,3113.9,409737.2576,3277369.0,227.06,238.49,222.63,228.16,3844193.838,3509070.0,9.983000000000001e-05,8.417666666666667e-05,4.292666666666666e-05,81066.28689236111,8307853982.126,1.218097127048611,1.084491892361111,1552145.0276597224,4844794025.33992,5.3443178840625,1.0869058645833334,6622882.388888889,1527451238.571874,3.682732552673611,1.0494522152777777
2025-01-30,103733.25,106457.44,103278.54,104722.94,19374.07472,3990075.0,3113.9,3283.43,3091.06,3247.39,350639.4823,2410789.0,228.16,244.7,226.84,238.31,3341265.973,2468882.0,9.029666666666666e-05,6.447333333333334e-05,4.801666666666667e-05,83530.60803125001,8774998800.849913,0.8465273469097222,1.1433087395833335,1531217.5488055556,4925420852.63274,4.2972302728125005,1.1438174201388889,6589585.572916667,1576390594.2820985,2.8325581485069447,1.0622928229166666
2025-01-31,104722.94,106012.0,101560.0,102429.56,21983.18193,4331904.0,3247.38,3437.31,3213.8,3300.99,648681.6561,3802893.0,238.3,241.82,228.24,231.77,2942165.567,2082835.0,7.075e-05,9.128000000000001e-05,-6.900000000000019e-07,82478.40559722221,8576726346.201538,1.0772049721527777,1.13212690625,1562747.9475902778,5156914931.859307,3.4843124229513887,1.1391604270833333,6563288.75,1547253263.7877288,3.2021141817361114,1.0834012256944443
2025-02-01,102429.56,102783.71,100279.51,100635.65,12290.95747,2588786.0,3300.99,3331.98,3101.7,3117.54,354065.2525,2900696.0,231.77,236.46,212.74,213.03,2849748.65,1972665.0,6.478333333333334e-05,7.248999999999999e-05,-2.9653333333333333e-05,83219.63936805556,8483853212.698237,1.5878331810069444,1.0897397881944444,1557092.608201389,5060780369.869512,4.590436948958333,1.1403636527777778,6769060.701388889,1535301663.2850933,4.030142875347222,1.0616296319444443
2025-02-02,100635.66,101456.6,96150.0,97700.59,34619.49939,7202339.0,3117.54,3163.2,2750.71,2869.68,1050805.93,5974563.0,213.03,218.9,192.31,203.51,7255500.333,5307616.0,2.7810000000000003e-05,6.736333333333333e-05,-1.4389999999999998e-05,84119.30189583333,8334184491.8996935,1.9364699814236113,1.0093875868055555,1598685.9720590278,4876140713.923885,5.6981963922569445,1.0103817604166667,6890942.027777778,1442898471.244621,4.452480894444445,1.0482416805555554
2025-02-03,97700.59,102500.01,91231.0,101328.52,75164.7385,10625262.0,2869.68,2921.0,2125.01,2879.9,2807979.021,10550628.0,203.52,218.7,175.89,216.28,12836970.265,10116876.0,8.281666666666667e-05,-0.00012847,-6.801333333333333e-05,79471.38730902778,7689737094.793588,1.8755543491958042,1.0175663055555555,1491777.5883472222,3934841725.2335324,4.2404412579370625,0.9961449479166666,6627809.607638889,1332647485.2491503,3.9572386793006995,1.003087576388889
2025-02-04,101328.51,101732.31,96150.0,97763.13,40267.98697,6618911.0,2879.89,2888.5,2632.6,2731.19,1259594.3919,4767588.0,216.27,219.97,201.87,206.64,6024194.387,4811821.0,4.516666666666666e-05,-5.9199999999999996e-05,-0.00018146999999999998,77631.59816319445,7706434851.258471,1.4320250078124999,1.0521940694444443,1408278.9035,3900011417.330485,3.6115237275347223,1.037271829861111,6389282.989583333,1345735292.6838326,3.495992992291667,1.0319981631944444
2025-02-05,97763.14,99149.0,96155.0,96612.43,26233.30444,4471763.0,2731.19,2826.95,2699.13,2788.25,686593.0429,3498289.0,206.64,209.39,195.14,196.12,3154802.037,2851688.0,1.9743333333333335e-05,-1.6596666666666666e-05,-6.418333333333333e-05,76271.40708333332,7452701945.029866,1.6482563871180556,1.0771206840277778,1343580.59290625,3707996821.4130383,3.3634634322916668,1.0704316770833333,6232591.184027778,1265830574.2317798,3.7597260544444446,1.0267287881944445
2025-02-06,96612.44,99120.0,95676.64,96554.35,23515.20405,4242807.0,2788.25,2857.64,2655.28,2686.64,719459.9571,3805682.0,196.12,203.98,187.39,189.54,3444767.147,2708547.0,2.6170000000000002e-05,-1.1143333333333334e-05,2.1600000000000018e-06,76072.48456944445,7413293741.366335,1.6945467394097222,1.1340945520833334,1323171.9893958333,3665625525.602095,3.180936085347222,1.0547495520833334,6507627.916666667,1280608493.5739796,3.8387730677430554,1.0625850277777777
2025-02-07,96554.35,100137.99,95620.34,96506.8,31794.22065,5012456.0,2686.63,2797.5,2562.51,2622.1,695467.3612,3272698.0,189.53,203.42,188.12,191.99,3925596.773,3039573.0,6.713e-05,1.3823333333333334e-05,1.375e-05,75909.90874652778,7383700271.228958,1.7791346958333334,1.072082079861111,1288769.02396875,3480544634.385801,3.7879623753472225,1.0683011458333334,6755958.802083333,1315304915.0978985,4.031305187986111,1.0359433159722222
2025-02-08,96506.8,96880.0,95688.0,96444.74,10147.24294,1757892.0,2622.11,2667.3,2588.8,2632.46,379685.1509,1865406.0,192.0,200.88,189.81,199.32,1967596.752,1656928.0,-8.796666666666667e-06,4.856e-05,1.7803333333333333e-05,76361.92303125,7350564234.959305,2.0296065498263887,1.1258172083333333,1272305.2631493055,3338885890.5409718,3.870310408090278,1.0607756041666667,6647579.114583333,1291644349.5799477,3.70548538625,1.0382714583333332
2025-02-09,96444.75,97323.09,94713.0,96462.75,14120.91613,2293192.0,2632.46,2698.9,2520.02,2627.18,387166.7911,2319910.0,199.32,207.37,193.53,200.47,2879138.46,2101908.0,5.437333333333333e-05,3.378333333333333e-05,-0.00012102333333333333,75388.59611805556,7274685534.431449,1.8984387834375,1.1695276562499999,1285175.058954861,3397530250.3260274,3.62865451875,1.1121449131944443,6474725.725694444,1302799242.9558542,2.9189248073958334,1.1747690729166667
2025-02-10,96462.75,98345.0,95256.0,97430.82,20572.87537,3475919.0,2627.18,2693.79,2559.85,2661.19,398173.2716,2736600.0,200.47,209.05,195.85,200.47,4040840.548,2637756.0,6.145e-05,4.4603333333333334e-05,-7.908333333333334e-05,75954.18028125,7380391804.012783,1.694076946388889,1.0826572256944444,1268038.6754236112,3356308756.9406147,3.4934706435416665,1.1089268645833334,6220287.736111111,1259840588.1517253,3.312135212534722,1.0885033645833333
2025-02-11,97430.82,98478.42,94876.88,95778.2,18647.76379,3716586.0,2661.19,2725.04,2558.24,2602.59,484196.1435,2776008.0,200.47,206.18,195.12,197.96,3930238.335,2289535.0,2.9540000000000002e-05,8.173333333333334e-06,-0.00019267666666666666,77294.22353819445,7507231481.45496,1.7288751442708332,1.1398622048611111,1274832.0099548611,3399194865.4194927,3.279355273298611,1.1203526527777778,6248351.746527778,1254132588.4313898,3.448775837604167,1.0396112256944443
2025-02-12,95778.21,98119.99,94088.23,97869.99,29151.16625,4992737.0,2602.59,2795.45,2546.92,2738.27,646295.8959,4190060.0,197.95,198.56,188.48,196.78,3898533.321,2807925.0,3.7189999999999995e-05,5.969333333333333e-05,-4.4943333333333334e-05,79182.93732986112,7619139100.034377,2.0678229694791668,1.1705481597222223,1270671.5013645834,3344407306.7196255,3.9535539529166663,1.1147286527777778,6173637.979166667,1204532775.892538,4.31744737375,1.0892739131944444
2025-02-13,97870.0,98083.91,95217.36,96608.14,19921.77616,3909456.0,2738.27,2757.28,2612.76,2675.87,443769.2853,3213834.0,196.78,198.47,188.78,194.25,2427771.876,1950076.0,4.974e-05,6.855666666666667e-05,-4.150666666666667e-05,78790.84695486112,7593446083.164341,1.9047894103819445,1.115723357638889,1270549.3472152778,3403392786.5683303,3.655395404409722,1.0376432048611113,6074157.256944444,1175939205.8794646,4.763538010277778,1.0122610555555556
2025-02-14,96608.13,98826.0,96252.82,97500.48,18173.02646,3499564.0,2675.87,2791.78,2664.46,2725.95,419895.7862,2645594.0,194.24,205.34,194.11,199.39,3727686.063,2047732.0,5.567666666666667e-05,5.4383333333333325e-05,5.075666666666667e-05,78001.65785069444,7569253900.014219,1.6676144688194445,1.0544121145833332,1262004.0212847223,3421011822.066763,3.158819542048611,1.1025804618055557,5917053.934027778,1174838653.892689,3.3316940385069445,1.1315628854166666
2025-02-15,97500.47,97972.26,97223.58,97569.66,7349.37683,1694327.0,2725.95,2739.0,2662.28,2693.04,202971.4295,1678502.0,199.4,200.27,192.61,194.48,1633300.399,1231341.0,2.3623333333333335e-05,3.017e-05,2.2176666666666667e-05,76978.37464930555,7508617694.359914,1.427476707951389,1.1632628020833333,1263528.4630902777,3417148382.0984263,3.022893477326389,1.1505497291666666,5807546.586805556,1136229963.7750688,3.800556694791667,1.0906553854166665
2025-02-16,97569.67,97704.47,96046.18,96118.12,8191.4249,1596701.0,2693.04,2727.31,2651.26,2661.41,191231.5314,1449884.0,194.47,196.24,186.3,188.27,2009380.862,1271986.0,2.457e-05,4.526333333333333e-05,-8.418666666666666e-05,76587.66497916666,7440774785.638913,1.538753497986111,1.21080590625,1261023.9427534724,3395417514.62099,3.370185753645833,1.1466667465277778,6053488.815972222,1160915004.061099,4.508438951736111,1.0666767708333333
2025-02-17,96118.12,97046.59,95205.0,95780.0,16492.0451,2831237.0,2661.41,2849.7,2637.71,2744.05,639739.8197,3881592.0,188.26,189.72,174.63,177.53,4287573.73,2336009.0,4.881666666666667e-05,6.419666666666666e-05,-9.812333333333332e-05,77287.53427430555,7423444098.389689,2.0624668946180558,1.1607096631944445,1305945.5160833334,3555036335.731892,3.012073525451389,1.1050613854166667,6556866.097222222,1198207558.864116,4.926020465034722,0.99596453125
2025-02-18,95780.01,96753.91,93388.09,95671.74,23368.19471,4234248.0,2744.05,2756.93,2605.44,2671.99,604863.8737,3898156.0,177.53,179.09,160.88,169.32,6319186.166,3750135.0,9.829333333333334e-05,2.862666666666667e-05,4.830666666666666e-05,80043.17735069444,7635062847.263061,2.2664964194791666,1.0804316875,1306944.2725659723,3500112058.0625515,3.631981281493056,1.0531917604166667,6784625.819444444,1148310455.625064,4.592048799097222,1.0435143784722223
2025-02-19,95671.74,96899.99,95029.99,96644.37,16438.50954,2784225.0,2672.0,2736.7,2656.03,2715.5,326154.0202,2376004.0,169.32,174.3,163.75,168.93,3478319.262,2185100.0,7.915333333333333e-05,5.1406666666666664e-05,-1.526e-05,79330.37466319445,7609508723.918693,1.8742656095138888,1.0956248090277778,1306504.3396284722,3531870322.0174775,3.272359792986111,1.0628039756944443,6827440.569444444,1156048829.4059262,4.1295482896180555,1.0959423055555557
2025-02-20,96644.37,98711.36,96415.09,98305.0,17057.39177,2386973.0,2715.51,2770.59,2707.18,2738.04,336735.2544,2096063.0,168.94,176.65,167.66,176.0,2938753.335,1920797.0,4.345e-05,3.942333333333333e-05,-2.614333333333333e-05,79360.9119375,7731660339.0438385,1.3385269561458335,1.0763648333333333,1321927.0712152778,3614675800.1945767,2.7314532400694445,1.1189753298611111,6610882.881944444,1141539025.7540216,3.8933400499305555,1.09584046875
2025-02-21,98305.01,99475.0,94871.95,96181.98,32249.2814,4528525.0,2738.04,2845.32,2616.72,2663.0,890440.0604,3872201.0,176.0,180.52,167.15,168.94,4103682.857,2546452.0,7.706666666666667e-06,4.808666666666667e-05,1.4746666666666666e-05,81271.25774652777,7942198370.737272,1.2018209041319445,1.08299115625,1349519.4287847222,3690657972.8705564,2.981251283888889,1.0502522569444444,6569229.225694444,1144352944.8570645,3.811520243576389,1.0634129340277778
2025-02-22,96181.99,96980.0,95770.49,96551.01,11268.17708,1506418.0,2663.0,2798.07,2653.33,2763.22,444989.6669,2597168.0,168.94,174.68,168.07,172.07,1886813.457,1171019.0,6.261333333333333e-05,1.745666666666667e-05,-8.256000000000001e-05,80784.87660763889,7791229066.601939,1.7462796925347221,1.1770749270833332,1392004.4066597223,3794079252.4988513,3.2082872590625,1.1064303402777778,6615602.618055556,1140132952.820393,4.314440722361111,1.0697964409722223
2025-02-23,96551.01,96650.0,95227.94,96258.0,10884.84913,1457368.0,2763.23,2857.34,2745.41,2819.69,611002.1222,2796506.0,172.07,173.07,166.42,167.94,1488310.759,987546.0,2.91e-05,4.578333333333333e-05,3.753e-05,80058.36537847221,7686730672.494163,1.7569366123611112,1.1540540243055555,1463026.4922430555,4086269251.258665,1.9920357683333334,1.2117843888888888,6650696.559027778,1127672242.878668,4.1805732636111115,1.0802196180555557
2025-02-24,96258.0,96500.0,91349.26,91552.88,31550.10299,4972684.0,2819.7,2839.95,2470.33,2513.52,876876.3707,4737903.0,167.94,169.69,138.0,141.81,7997237.915,4109967.0,1.9869999999999998e-05,3.711e-05,-2.1069999999999996e-05,83714.46152777778,7956043046.736341,2.144601914826389,1.1036257673611112,1433162.7380173611,3852447878.1337333,3.576161009305556,1.0042987291666667,7329627.885416667,1148159712.7678337,4.724824795,1.039044361111111
2025-02-25,91552.88,92540.69,86050.99,88680.4,78333.11111,10289145.0,2513.52,2533.49,2313.49,2495.7,1322016.8718,7076645.0,141.81,147.09,131.91,144.33,11747010.145,6188432.0,5.543333333333334e-05,-6.833333333333319e-07,2.2533333333333343e-06,88459.30901041668,7908678640.45186,2.863313099375,1.0160983645833332,1415484.506152778,3467062924.5005193,4.2470661495833335,1.0510233993055556,7103240.482638889,995185741.4283423,4.559324292812501,1.0364595694444445
2025-02-26,88680.39,89414.15,82256.01,84250.09,56893.54409,8490006.0,2495.69,2507.5,2253.77,2336.37,863087.2133,5495972.0,144.33,145.19,130.65,135.32,5368401.059,3159238.0,6.508666666666666e-05,3.798666666666667e-05,-1.657e-05,85040.77059375,7425616512.372672,2.784901771388889,1.0491179027777777,1395986.909142361,3390341692.4864607,4.161218042361111,1.0811275173611112,6796947.295138889,942827118.6370258,4.322464844201389,1.0656369965277779
2025-02-27,84250.09,87078.46,82716.49,84708.58,42505.45439,6357581.0,2336.38,2381.6,2230.57,2307.72,637583.9106,3906903.0,135.33,142.9,134.71,137.68,4322990.459,2490511.0,6.040333333333334e-05,7.847333333333333e-05,6.777666666666666e-05,81323.34555555556,6930055406.956044,2.432619319270833,1.110103263888889,1407993.592517361,3277355950.3881245,4.544725439895833,1.0911828611111112,7170355.965277778,993740072.9417888,3.9579503319791667,1.0493845138888889
2025-02-28,84708.57,85120.0,78258.52,84349.94,83648.03969,11344216.0,2307.72,2314.18,2076.26,2237.59,1291539.0557,5708556.0,137.68,148.72,125.55,148.18,10039960.613,4567953.0,6.197333333333333e-05,2.188e-05,0.0001,81727.07732986112,6698142348.33019,2.3230113758680555,1.0391816388888888,1391131.1686319443,3029432042.657931,4.483889629305555,1.0445717256944445,7760978.736111111,1066983435.6347517,3.5522749837500003,1.0868055520833333
2025-03-01,84349.95,86558.0,83824.78,86064.53,25785.05464,3700728.0,2237.59,2281.14,2142.73,2217.39,446430.7271,2511839.0,148.18,151.25,138.57,143.66,4151855.758,1658774.0,-2.326666666666667e-05,9.543333333333334e-06,8.864333333333333e-05,79113.44711458334,6730994601.307465,1.7745019714930554,1.123850871527778,1372866.5719618057,3041383256.421351,4.145400034409722,1.1193783958333334,7644332.451388889,1091120347.1856346,3.295539642951389,1.1707883993055554
2025-03-02,86064.54,95000.0,85050.6,94270.0,54889.09045,7403218.0,2217.4,2550.58,2172.04,2518.11,1266684.7748,4977392.0,143.66,179.85,140.04,178.71,13474639.846,6490443.0,-2.248666666666667e-05,5.165333333333333e-05,3.193e-05,78975.21561458333,6973533433.061861,1.572529219236111,1.1119905486111112,1393767.424579861,3215460261.9007664,3.7422730957986112,1.0952906041666666,7134118.552083333,1091557612.0519981,3.2459951552777775,1.0487266631944445
2025-03-03,94269.99,94416.46,85117.11,86220.61,59171.10218,9797860.0,2518.12,2523.56,2097.91,2149.01,1109565.2003,4969357.0,178.72,179.47,139.21,142.16,11096202.04,6131716.0,1.8166666666666656e-06,9.66e-06,-1.9543333333333333e-05,74859.90602430556,6805839263.736172,1.5288226920833334,1.0631750763888888,1372723.0803125,3193005975.670265,4.048689905104166,1.0824114340277777,6805769.78125,1088385203.559859,3.610122646423611,1.048672451388889
2025-03-04,86221.16,88967.52,81500.0,87281.98,55609.10706,10326631.0,2149.02,2221.88,1993.2,2171.51,1257822.3372,5856962.0,142.16,147.0,130.66,144.79,10389598.334,5773861.0,-1.6333333333333329e-06,-2.6220000000000003e-05,-3.8723333333333336e-05,70157.90301388889,5941749515.854215,2.1970505830208333,1.0622180868055555,1381329.0012118055,2908985892.3067646,4.91433121625,1.0760680486111112,6543754.013888889,906905046.2399412,4.982034584930556,1.0749262847222223
2025-03-05,87281.98,91000.0,86334.53,90606.01,38264.01163,8070266.0,2171.5,2273.51,2155.03,2241.59,687130.7897,3480893.0,144.8,149.73,140.18,146.28,4895520.585,2591656.0,3.954333333333333e-05,5.367333333333333e-05,-6.152666666666666e-05,69361.48355555555,6151008982.624788,1.5561967481944443,1.06427328125,1347973.0713506946,2968052453.51003,3.812331256076389,1.0721068715277777,6278602.576388889,904887010.1200962,4.2327752359027775,1.0381631944444445
2025-03-06,90606.0,92810.64,87836.0,89931.89,34342.44902,7643526.0,2241.59,2319.99,2176.9,2202.2,596908.3935,3304973.0,146.27,152.9,142.44,143.31,4451879.661,2442100.0,5.589666666666667e-05,9.243333333333333e-06,-5.668e-05,69861.58165277778,6324602396.434859,1.2822474477083334,1.0822396006944444,1370780.0503506945,3090459895.466322,3.3611904611805556,1.06557075,6140925.284722222,904070922.0965089,4.068621826944445,1.0418578055555556
2025-03-07,89931.88,91283.02,84667.03,86801.75,57980.35713,9510442.0,2202.21,2258.47,2101.82,2141.6,782387.2606,4452265.0,143.3,150.88,135.04,139.39,7267412.771,3717944.0,-4.1000000000000004e-07,2.0093333333333333e-05,-4.945333333333333e-05,68812.50061111111,6057281444.558799,1.8151126563194444,1.0707746770833333,1377200.5458819445,2993067639.4270062,4.46404133375,1.1135724166666667,6440908.90625,921503055.720269,4.710916236180555,1.0762346770833333
2025-03-08,86801.74,86897.25,85218.47,86222.45,12989.23054,2553974.0,2141.6,2234.93,2105.06,2203.58,328793.0979,2118806.0,139.39,141.09,135.29,137.01,2135751.393,1318277.0,2.303e-05,4.5736666666666665e-05,-1.1713333333333334e-05,69129.72958680555,5957308511.908262,2.2984668026041666,1.141243,1396541.2623333333,3025219850.0051556,4.422715256701389,1.0796277187499999,6497776.152777778,897564458.6161516,5.6408425921875,1.075896486111111
2025-03-09,86222.46,86500.0,80000.0,80734.37,26115.39345,5189138.0,2203.57,2212.0,1989.66,2020.41,601671.5882,2791079.0,137.01,139.88,125.41,126.51,3909495.652,1984143.0,3.479666666666667e-05,3.4983333333333334e-05,-1.0123333333333332e-05,70085.22317708333,5909296159.60487,2.344726597708333,1.09123721875,1421402.5409965278,3017280460.9895196,4.103764138263888,1.0708869652777777,6673610.864583333,893329773.2963843,5.087356099270833,1.0671642048611112
2025-03-10,80734.48,84123.46,77459.91,78595.86,47633.38405,8701538.0,2020.43,2152.4,1810.01,1865.1,1248745.3514,5261040.0,126.52,131.57,115.47,118.32,6654109.331,3232219.0,3.111e-05,5.863333333333332e-06,-8.590999999999998e-05,69541.29135763888,5629137908.0687275,2.797489561979167,1.065505,1411568.2379965277,2840478008.2178245,4.832904029444444,1.0282378402777779,6920857.8125,859664807.4904485,5.058466582118055,1.0332209166666668
2025-03-11,78595.86,83617.4,76606.0,82932.99,48770.06853,6983310.0,1865.11,1963.2,1754.28,1923.43,1171427.9995,4578427.0,118.32,128.43,112.0,125.35,6435277.863,2896453.0,5.570333333333333e-05,1.8936666666666668e-05,2.0753333333333333e-05,69991.80775347223,5669463464.762169,2.3604186591666667,1.0365558194444444,1397965.0289340278,2657247899.693243,4.240936876458333,1.0467243715277776,7081523.243055556,873079112.5891833,4.186858254791667,1.0423872291666667
2025-03-12,82932.99,84539.85,80607.65,83680.12,31933.986,5253577.0,1923.42,1960.0,1829.72,1908.2,788739.6763,3444921.0,125.35,131.33,121.22,126.62,4410502.14,2166421.0,3.467999999999999e-05,-2.1133333333333336e-06,-1.4439999999999999e-05,70088.16689930556,5784616458.385036,1.9422240530555557,1.058469409722222,1414425.3209166666,2675181298.4966707,4.248555928437501,1.0889269027777777,6807746.954861111,848894247.2785354,4.114240637847222,1.0936249444444444
2025-03-13,83680.12,84336.33,79939.9,81115.78,27546.27412,4367093.0,1908.2,1923.09,1821.81,1864.59,569537.2622,2688683.0,126.61,128.76,120.76,123.37,2824584.961,1491066.0,1.8963333333333335e-05,2.381333333333333e-05,4.336666666666666e-06,70690.04693402778,5816311772.547721,1.91526254,1.0632514097222223,1450623.0303368056,2720454473.935443,4.1635827445833336,1.100140829861111,6808037.361111111,846353264.1243216,4.356501787291666,1.1342963402777777
2025-03-14,81115.78,85309.71,80818.84,83983.2,26858.52755,3290987.0,1864.59,1945.64,1861.31,1911.65,375805.7355,1728618.0,123.36,136.03,122.98,133.54,3607725.492,1784051.0,3.691333333333333e-05,5.3206666666666667e-05,7.647333333333333e-05,72117.87894444444,5993925266.411268,1.7483208478819445,1.0830843298611113,1442618.887357639,2748990502.6817217,3.613002684479167,1.0733934652777777,7081770.506944444,910625644.8230462,3.6316598310069446,1.0733431840277778
2025-03-15,83983.19,84676.28,83618.0,84338.44,11324.7332,1329670.0,1911.64,1957.19,1903.75,1937.17,209545.8675,884429.0,133.53,136.53,132.44,135.86,1918077.49,976083.0,-2.915e-05,3.2063333333333335e-05,4.967333333333334e-05,72016.89022569446,6064027460.238119,1.3219188979861112,1.1874462083333333,1475979.2755,2845692367.921752,3.1595757085416665,1.1633279791666666,7213954.875,968387645.3872329,2.6823206857291666,1.1981908958333334
2025-03-16,84338.44,85117.04,81981.12,82574.53,17596.12531,2767947.0,1937.18,1940.87,1860.38,1887.0,324766.6564,1466585.0,135.86,136.71,125.21,126.13,2764260.892,1521652.0,1.9716666666666667e-05,-2.7883333333333335e-05,9.149999999999999e-06,70366.3471875,5879690843.775789,1.4319326638541667,1.1991738819444444,1439995.8152152777,2744080184.8905067,3.4806321193402776,1.1754915520833333,6813958.756944444,895807139.752404,3.04335663125,1.0940138125
2025-03-17,82574.52,84756.83,82456.0,84010.03,17214.74358,3014756.0,1887.01,1952.4,1879.98,1926.31,334840.4877,1566024.0,126.13,130.64,125.55,128.01,2707611.094,1381175.0,3.4660000000000004e-05,3.807666666666667e-05,-5.809333333333334e-05,69949.90233680555,5842565427.630831,1.5236179973611113,1.0434760972222223,1466283.1543333335,2805560557.982809,3.449479719375,1.1305679340277779,6518463.791666667,836350626.308489,3.9504871341666665,1.0680183888888888
2025-03-18,84010.02,84021.74,81134.66,82715.03,17610.89883,3126371.0,1926.3,1936.2,1872.31,1931.54,332896.0155,1549810.0,128.01,128.19,121.76,125.33,3181789.699,1359468.0,2.092e-05,3.6276666666666664e-05,-5.7186666666666666e-05,70326.87870833333,5803104709.111772,1.8351666288194446,1.1319013020833333,1494343.6176041667,2840112508.9644847,3.5864502648611114,1.1283136597222223,6879421.371527778,854841835.0098627,4.186384157465278,1.0847151874999998
2025-03-19,82715.03,87000.0,82547.16,86845.94,28151.05374,3774761.0,1931.54,2069.9,1927.58,2056.06,691809.5034,2614680.0,125.33,136.08,124.2,135.33,4170497.991,1839474.0,3.7283333333333336e-05,7.215e-05,3.4953333333333336e-05,71368.08732986111,5996679222.129775,1.483523052986111,1.0580789444444445,1586498.2407673611,3156030171.593776,2.4619085246180554,1.10017009375,6992075.416666667,901657571.9355586,3.5289100705208334,1.070352579861111
2025-03-20,86845.93,87453.67,83655.23,84223.39,22090.30463,3252595.0,2056.05,2067.9,1952.17,1983.79,401518.9282,1885019.0,135.33,136.12,126.65,127.6,2593287.986,1266071.0,2.2733333333333335e-05,-3.36e-06,6.043000000000001e-05,73803.87279861112,6292280959.222578,1.2393881043750001,1.1369198958333333,1557235.396628472,3111263513.332956,2.7419804966666668,1.1252286631944444,7304509.309027778,957504783.516871,3.1746351933680557,1.10023565625
2025-03-21,84223.38,84850.33,83175.25,84088.79,11956.97443,2360005.0,1983.79,1996.73,1937.1,1965.75,262641.659,1470569.0,127.6,130.18,124.81,128.48,2400422.348,1095161.0,3.152333333333333e-05,4.865666666666667e-05,-2.981e-05,70616.17194444445,5940313251.7656765,1.5902788565625,1.1540442777777777,1533747.0055277778,3021159999.385657,3.483025458923611,1.0882923402777778,7144105.420138889,911331044.897091,4.175457758298611,1.044303454861111
2025-03-22,84088.79,84539.17,83625.1,83840.59,5420.22114,864481.0,1965.74,2006.61,1964.34,1980.69,170782.9574,833146.0,128.47,131.84,127.8,128.51,1498168.196,706271.0,2.0526666666666668e-05,-4.773333333333331e-06,-2.4846666666666667e-05,70714.62193055556,5950844840.774792,1.5423502309722223,1.2152140138888887,1535085.0164131944,3051069408.6699553,3.0161726296527775,1.1558246770833334,7081522.048611111,915474716.7567703,3.740022803298611,1.0941779305555555
2025-03-23,83840.59,86129.64,83809.75,86082.5,8461.97813,1206533.0,1980.68,2020.74,1976.81,2005.99,268707.5233,973880.0,128.5,134.06,128.21,132.84,1763485.986,799393.0,1.9783333333333334e-05,2.423333333333333e-05,5.703333333333333e-06,70985.99427777779,6007838772.558095,1.417941824652778,1.300829371527778,1559625.4484444445,3120428991.971178,2.593854642048611,1.1840436215277779,7004945.329861111,918827794.1048036,3.2797662665625,1.2280393402777776
2025-03-24,86082.5,88765.43,85519.09,87498.16,30115.62111,2916713.0,2005.99,2104.11,1977.67,2081.2,477912.8154,1804046.0,132.85,144.96,132.04,141.01,4554131.645,2114604.0,1.3763333333333333e-05,3.7449999999999995e-05,4.254333333333333e-05,76856.01888194444,6712088066.416541,0.9447404104513889,1.1620842430555554,1591325.4563368056,3285762437.814362,2.322604057326389,1.105301732638889,7446253.322916667,1043724196.8292834,2.1960465080208333,1.0566148090277778
2025-03-25,87498.16,88539.63,86310.0,87392.87,22643.25248,2802815.0,2081.2,2097.7,2037.08,2066.15,328765.3292,1398034.0,141.01,147.48,138.17,143.64,3529958.67,1865843.0,-9.576666666666666e-06,2.5723333333333335e-05,4.2800000000000004e-05,75722.05947916667,6609142253.610174,0.9672210716319444,1.1617889166666666,1587229.9102465278,3276509710.097205,2.443910995763889,1.1163225798611112,7550790.121527778,1075300414.640354,2.0906004527777777,1.1067738194444443
2025-03-26,87392.88,88275.0,85860.0,86909.17,18408.78485,2380154.0,2066.16,2079.21,1981.6,2009.52,428975.3286,1468474.0,143.64,145.49,135.89,137.34,3099523.287,1549733.0,-1.471e-05,6.0500000000000005e-06,-5.547333333333332e-05,72990.09254861111,6370961004.219448,0.9769934401388889,1.1007380729166667,1566270.510496528,3193392213.373548,2.908306221527778,1.1280540104166665,7308673.423611111,1033750104.2565047,2.5393118646180555,1.0694558437500001
2025-03-27,86909.17,87756.39,85800.0,87232.01,17098.03897,2376381.0,2009.52,2037.38,1987.06,2003.66,360634.8383,1394730.0,137.35,140.22,135.63,138.43,2466162.683,1324639.0,1.6293333333333332e-05,5.032e-05,-7.299666666666666e-05,70912.84734722221,6182370917.98092,1.0676208008680554,1.0919483680555555,1552888.3269409721,3131328477.159301,3.1934909808680554,1.17350678125,7084475.319444444,980906688.24796,3.2729270963541666,1.0694532847222222
2025-03-28,87232.01,87515.67,83585.0,84424.38,27182.73169,3236085.0,2003.67,2015.93,1860.0,1896.9,626167.5832,2245087.0,138.44,139.05,127.69,129.49,3892191.365,1575782.0,3.081666666666667e-05,8.486666666666666e-06,-7.571666666666667e-05,72070.3330625,6135107425.6333885,1.559894653298611,1.1077691145833333,1564377.3386736112,2997247892.4260807,3.8989347913194448,1.0630890694444444,6912190.052083333,913080816.8337574,4.0650654111458335,1.0681330243055556
2025-03-29,84424.38,84624.73,81644.81,82648.54,11696.39864,2172387.0,1896.9,1913.6,1797.2,1828.08,409769.7555,1755638.0,129.5,130.54,122.68,124.58,2610065.515,1178810.0,5.369333333333333e-05,2.7743333333333333e-05,-3.852333333333334e-05,71785.76349652777,5967692945.621017,1.9691681551041667,1.148137076388889,1561564.6767326389,2902721345.7616982,4.036269076458334,1.0991140416666667,6862696.923611111,866766166.3671594,4.5220744278125,1.07482653125
2025-03-30,82648.53,83534.64,81565.0,82389.99,9864.49508,1907663.0,1828.09,1849.01,1767.69,1807.74,327843.4476,1523210.0,124.58,127.08,123.0,124.82,1743775.296,990191.0,1.7853333333333334e-05,-6.266666666666666e-06,-0.0002797233333333333,70612.76485416667,5849851937.047298,1.9320490143402778,1.0978505381944443,1563946.1675902777,2854189614.8671155,4.223334403263888,1.1646342118055555,6866556.565972222,859770517.3589315,4.683991767430555,1.0800384618055556
2025-03-31,82390.0,83943.08,81278.52,82550.01,20569.13885,3964358.0,1807.74,1854.22,1776.75,1822.43,497854.9052,2283021.0,124.83,127.81,122.75,124.54,3730628.853,1618236.0,3.502666666666667e-05,1.4486666666666666e-05,-8.192666666666666e-05,70079.1738125,5770561618.750958,1.9121550071874998,1.1241079027777776,1571942.5371909724,2854229770.8981266,3.9876945235416668,1.2104779965277777,6914876.59375,866997894.5009934,4.638005080208334,1.1099549930555554
2025-04-01,82550.0,85579.46,82432.74,85158.34,20190.39697,3328693.0,1822.43,1927.9,1817.88,1904.98,452989.0974,2141608.0,124.53,130.55,123.74,126.67,3554277.848,1528527.0,3.474333333333333e-05,1.8463333333333333e-05,-5.008666666666666e-05,70290.77690625,5906027024.4472885,1.5872949275,1.0931438125000001,1557042.9399895833,2919396749.608508,3.241420950763889,1.1226521145833332,6855771.225694444,869199958.0569476,4.375167970069445,1.1108782222222222
2025-04-02,85158.35,88500.0,82320.0,82516.29,39931.457,5338238.0,1904.98,1957.0,1781.53,1795.22,750840.7823,3408080.0,126.68,136.21,117.0,117.42,6288908.68,2817898.0,5.523333333333333e-06,2.631e-05,-5.178666666666667e-05,71521.74638194445,6084762300.300581,1.1066076631944446,1.1200478125000002,1536899.3873819443,2880217538.290167,3.1115034319791666,1.0907050590277778,6945192.274305556,875704729.2870826,4.134253395381944,1.0728612777777777
2025-04-03,82516.28,83998.02,81211.24,83213.09,27337.84135,4117486.0,1795.21,1845.26,1750.0,1817.23,508075.018,2579520.0,117.42,120.94,112.24,117.17,5854867.278,2171892.0,5.7946666666666665e-05,1.712e-05,-8.683e-05,69727.48617708334,5771080223.751823,1.6947383438194443,1.0811059270833332,1610476.4511805556,2901305109.4987507,3.8318792948263884,1.0943291006944444,7282695.649305556,850502331.9595394,4.929344517430556,1.0489230555555555
2025-04-04,83213.09,84720.0,81659.0,83889.87,32915.53976,4992586.0,1817.23,1835.68,1758.72,1816.87,572734.4702,2647730.0,117.17,124.0,113.25,122.79,5721072.32,2469979.0,5.685666666666666e-05,2.7959999999999997e-05,-0.00011074666666666665,71709.62937152777,5977483625.668531,1.5423298771180556,1.0690559618055557,1595018.3572673611,2876499259.243835,3.7412142138194446,1.07606921875,7470663.673611111,883634823.3526788,3.920116994166667,1.0429978229166668
2025-04-05,83889.87,84266.0,82379.95,83537.99,9360.40468,1575750.0,1816.88,1827.29,1764.39,1806.01,201716.2696,861593.0,122.8,122.85,117.15,120.32,1784381.3,891779.0,5.467999999999999e-05,2.4459999999999996e-05,5.2616666666666674e-05,72811.9293888889,6066274236.494229,1.4120226005902776,1.2259359791666666,1594774.1485625,2873980392.182625,3.6712975346875,1.2009190833333332,7211978.857638889,864533498.276784,3.0925284049305555,1.1429798472222223
2025-04-06,83537.99,83817.63,77153.83,78430.0,27942.71436,3948493.0,1806.02,1817.0,1537.5,1580.76,979847.0958,3251935.0,120.33,121.13,103.81,105.91,4934346.985,2282758.0,1.6603333333333334e-05,1.809e-05,-3.606666666666665e-06,71591.17336111111,5864462731.11618,1.6807296109027776,1.1342600729166668,1552053.9766076389,2700390890.3299255,4.041072655104167,1.1200442534722221,7321383.722222222,844667135.3694419,3.7931887345138886,1.0319822291666667
2025-04-07,78430.0,81243.58,74508.0,79163.24,78387.53089,9736596.0,1580.77,1639.0,1411.01,1553.04,2168796.0067,5723226.0,105.9,113.0,95.26,106.99,12630664.993,5170857.0,5.600333333333334e-05,-2.7333333333333335e-05,-7.299999999999999e-06,72340.47504166666,5625333320.181767,2.0432054395138888,1.0440625034722222,1484198.8349375,2284051718.0461407,3.7344526105902776,1.0450531493055555,7470876.4375,777119533.0935141,4.245394418576389,1.019216704861111
2025-04-08,79163.24,80867.99,76239.9,76322.42,35317.32063,5512751.0,1553.04,1618.67,1441.3,1473.41,891846.1327,3369669.0,106.98,112.58,102.96,105.4,5839129.782,2475283.0,3.594333333333333e-05,-2.3733333333333336e-06,-0.00013184,71208.9654861111,5602620549.974077,1.6672239259375,1.0899184097222223,1489906.198565972,2292831357.224704,3.0083379727083335,1.0433712222222222,7583389.784722222,819535086.0427117,3.3950603165625,1.0504312395833333
2025-04-09,76322.42,83588.0,74620.0,82615.22,75488.28772,7741252.0,1473.41,1689.0,1385.05,1669.51,1968530.9138,4723847.0,105.4,121.0,101.26,119.05,9334586.139,3699577.0,4.7239999999999995e-05,-3.275e-05,-2.7666666666666667e-05,74805.53997916666,5864032722.72237,1.8917728806944443,1.0304299444444445,1553813.6058333335,2351228624.0664883,3.1173930044444442,1.0672131111111112,7489555.191423612,817802981.3504015,3.3237834822916668,1.047236579861111
2025-04-10,82615.22,82753.21,78464.36,79607.3,33284.80718,4529545.0,1669.51,1669.85,1471.02,1522.25,911855.3934,3007121.0,119.05,119.3,108.21,112.81,5566324.629,2144865.0,4.864666666666667e-05,4.3213333333333335e-05,7.818666666666667e-05,73544.31603125,5956544353.13857,1.2577872135763888,1.1011992673611113,1500759.8602534723,2363569990.548066,2.565056419722222,1.0894778784722223,7420766.990798611,844532214.5092862,2.759491045277778,1.0769183159722222
2025-04-11,79607.3,84300.0,78969.58,83423.84,34435.43797,4423157.0,1522.24,1591.47,1504.63,1566.85,578484.3183,2547292.0,112.8,122.65,112.16,121.41,4344066.889,1940948.0,3.5366666666666674e-06,-2.4120000000000003e-05,2.729666666666667e-05,75493.25689930556,6194525179.844654,1.1683987362847224,1.0605442430555554,1480399.619607639,2304159087.6399326,2.9012361136805556,1.1350520902777776,7380152.8533333335,872070920.2476745,2.2943695735069443,1.0820763333333334
2025-04-12,83423.83,85905.0,82792.95,85276.9,18470.74437,2501196.0,1566.85,1669.59,1546.06,1644.18,501867.9033,2177800.0,121.41,134.11,119.41,132.24,4620265.855,2075498.0,4.894e-05,1.4423333333333333e-05,2.3216666666666667e-05,79052.36539236111,6649081905.626659,0.7948456349305555,1.1884619305555555,1531245.3587395833,2460796446.61611,2.3404094099652775,1.1262819548611112,8001949.944722222,1011507565.9564999,1.5584509318402777,1.1116537847222223
2025-04-13,85276.91,86100.0,83034.23,83760.0,24680.04181,3275879.0,1644.19,1649.75,1562.01,1597.76,580136.6145,2597350.0,132.24,133.96,125.32,128.38,4054370.603,2065828.0,7.709333333333334e-05,6.0593333333333335e-05,5.946333333333334e-05,80067.06621875,6760180142.378131,0.8104625789930555,1.204989673611111,1532378.4264652778,2465285609.673445,2.3847065303819446,1.1775685138888887,8046825.367013888,1044492792.617893,1.4378182511458333,1.0575086249999999
2025-04-14,83760.0,85799.99,83678.0,84591.58,28659.09348,3921522.0,1597.76,1691.5,1595.56,1623.77,645930.1419,2975844.0,128.38,136.13,127.98,129.42,4150251.45,2656562.0,5.8893333333333334e-05,6.228e-05,-1.4513333333333336e-05,77459.58609722223,6556158504.464264,0.9518627394444444,1.107660625,1515940.5450729167,2484209151.3480186,2.3725408388194444,1.09524040625,7589134.392083334,998247281.1417181,1.6642269784027777,1.0535893229166666
2025-04-15,84591.58,86496.42,83600.0,83643.99,20910.99528,2910533.0,1623.78,1661.21,1583.12,1588.78,476178.8915,2283302.0,129.41,134.45,125.82,126.11,3431482.497,2155278.0,2.138666666666667e-05,1.5689999999999997e-05,-5.725000000000001e-05,77069.68088888889,6549412395.350201,0.8579193327208481,1.1673696770833333,1482410.111152778,2408131811.9601045,2.570632184397163,1.1096681284722223,7229315.134340278,940117041.1992785,1.9143341943816254,1.0465171597222223
2025-04-16,83643.99,85500.0,83111.64,84030.38,20867.24519,3264730.0,1588.77,1613.66,1538.07,1577.14,611387.8686,2645419.0,126.1,133.91,123.49,131.33,5320768.994,2740116.0,3.7743333333333335e-05,-3.933333333333334e-06,-4.890666666666667e-05,77996.43557291667,6548989224.300299,1.1518330816666666,1.1356143263888887,1484400.2759166667,2346972124.3348417,2.9680278945833334,1.135730763888889,7437952.482222223,947432714.6698289,2.2381515225347224,1.0706958090277778
2025-04-17,84030.38,85470.01,83736.26,84947.91,13728.84772,2003405.0,1577.15,1616.96,1563.2,1583.62,449870.3628,1871114.0,131.33,136.2,129.5,134.83,3817459.718,2093402.0,3.502666666666666e-05,2.6240000000000003e-05,7.204666666666666e-05,77419.73750347222,6544803864.8960495,0.9501650744444444,1.2142935868055555,1507426.6674965278,2399212731.2639027,2.6933714905208337,1.1019339618055557,7863794.333263889,1046967522.3307531,1.3625261993402777,1.098497125
2025-04-18,84947.92,85132.08,84303.96,84474.69,6529.96315,840009.0,1583.63,1600.64,1573.54,1588.6,200409.0359,889028.0,134.84,136.02,132.47,134.04,2556341.874,1202801.0,3.951333333333333e-05,-6.2333333333333335e-06,-1.5493333333333333e-05,76897.17987152777,6504542665.914291,0.9221237013541665,1.2461648715277778,1474677.4765833332,2339402471.6098347,2.7717495035763893,1.1648234131944444,7879076.1023263885,1056758094.2095144,1.2487880123958335,1.0734866180555556
2025-04-19,84474.7,85677.99,84364.45,85077.01,9666.58153,875226.0,1588.6,1631.81,1585.01,1613.27,223096.3899,1762563.0,134.05,140.5,133.58,139.87,2816038.068,1276245.0,2.3336666666666666e-05,4.549000000000001e-05,-8.121333333333333e-05,78546.09260763889,6681829432.010501,0.8737306581597222,1.1317704513888889,1485558.1579305558,2381856985.3715143,2.4723143142708333,1.2214234166666667,8065263.7934375005,1115779105.1539865,1.1223910522916667,1.1104469409722222
2025-04-20,85077.0,85320.76,83949.52,85179.24,8091.67725,944130.0,1613.26,1619.19,1565.59,1587.36,276052.2306,1913811.0,139.86,141.96,135.64,137.86,3498098.615,1308457.0,-1.2113333333333333e-05,2.7103333333333332e-05,-0.0001283,78453.78770138888,6647463851.267427,1.0021501582638888,1.1909311979166666,1504175.0347881943,2393625603.364731,2.701234579722222,1.183403621527778,7731264.43420139,1070693698.3273468,1.339049945625,1.0962733402777778
2025-04-21,85179.24,88465.99,85144.76,87516.23,31773.37262,3041395.0,1587.36,1658.75,1564.07,1579.57,691486.6667,4257816.0,137.86,143.25,133.82,136.56,4657400.503,2024307.0,4.062666666666667e-05,5.964333333333333e-05,-0.00015359666666666665,82887.36558333333,7232359646.39744,0.7074484221874999,1.1683874930555556,1603862.2224513888,2590895607.050077,2.592368172673611,1.1160650555555556,7574050.533194444,1049619536.9039264,1.6545268473958332,1.029144875
2025-04-22,87516.22,93888.0,87076.03,93442.99,43872.74705,3268475.0,1579.57,1778.0,1537.26,1756.26,1103036.9586,3841594.0,136.57,150.23,134.68,148.79,5078409.536,2263131.0,-1.3333333333333207e-07,1.5090000000000001e-05,-6.008333333333333e-05,86410.44484027778,7747868797.933263,0.6367640671875,1.1088244062500001,1640614.342732639,2703231824.8872104,2.554868703055556,1.1365829166666666,7778681.312777777,1103830454.5494125,1.463250049375,1.080250298611111
2025-04-23,93442.99,94696.05,91935.41,93691.08,27404.16808,3016536.0,1756.25,1834.86,1744.95,1795.07,887545.6316,3346263.0,148.78,154.21,147.13,151.1,4801378.47,2567533.0,1.5240000000000001e-05,8.765e-05,4.1926666666666666e-05,83972.16446180554,7847701915.250338,0.6135317519791667,1.0774621076388888,1784756.4950069443,3196797606.9414215,1.7048877652083334,1.0317853472222223,7832323.931354167,1180654819.8128135,1.4019198516666667,1.0441736805555555
2025-04-24,93691.07,94005.0,91660.01,93980.47,19497.06071,2797383.0,1795.08,1802.82,1722.9,1769.65,483465.0385,2225460.0,151.1,152.9,144.87,152.55,3535860.484,1929306.0,1.246666666666666e-06,5.949666666666667e-05,8.387666666666668e-05,82086.24455555556,7629046536.2421,0.6591647808333333,1.1394897291666668,1760227.2415104166,3104897030.151179,1.886992179270833,1.0992886180555557,7916536.8742361115,1181936140.6941757,1.4363678275,1.092136954861111
2025-04-25,93980.47,95758.04,92855.96,94638.68,27500.66648,3331828.0,1769.64,1827.32,1738.6,1784.6,595610.8894,2516748.0,152.55,157.0,149.87,150.82,4226767.973,2143364.0,-4.9133333333333334e-06,4.2619999999999995e-05,7.078333333333334e-05,84180.92675347223,7930627883.61537,0.623628989375,1.1016153020833332,1712843.9894305554,3051357307.899602,1.9249660254861114,1.073865232638889,7939679.410937499,1211027077.6658494,1.3612080472222223,1.0875406284722222
2025-04-26,94638.68,95199.0,93870.69,94628.0,9415.06875,1475983.0,1784.6,1841.16,1778.94,1820.88,355068.0442,1907298.0,150.82,153.17,147.75,149.21,1766805.88,1204338.0,-3.3346666666666664e-05,-4.803333333333334e-06,-3.592666666666667e-05,84556.12135416667,7983317244.450407,0.6321959612152778,1.1790292430555556,1707114.395763889,3075979159.736982,1.803463036076389,1.0621679305555556,7598940.201145832,1138520014.9643369,1.6275913796875001,1.1041482777777778
2025-04-27,94628.0,95369.0,93602.58,93749.3,11162.841,1918160.0,1820.87,1857.47,1781.9,1791.29,340332.6435,2405764.0,149.22,150.41,145.51,147.98,1599977.891,1297845.0,-8.603333333333335e-06,-1.6513333333333333e-05,2.7666666666666573e-07,84234.80834375,7925496470.361286,0.6793288173611111,1.2244613506944446,1691597.5301736111,3051355854.757869,1.894241258923611,1.1026387361111112,7574024.605034722,1122996577.6963947,1.7220683441666667,1.0903013194444444
2025-04-28,93749.29,95630.0,92800.01,95011.18,22157.53351,3424740.0,1791.29,1827.98,1744.71,1799.88,587269.743,2980656.0,147.97,153.4,144.63,147.84,3507950.445,1972070.0,-1.734e-05,-4.417333333333334e-05,-2.3746666666666667e-05,83122.12484027777,7837608198.376614,0.6937228697916666,1.082201548611111,1641819.8936840277,2936579865.800332,2.162582843125,1.1158860138888889,7509879.5252777785,1115192653.4906914,1.8432283384375,1.02777959375
2025-04-29,95011.18,95461.53,93742.54,94256.82,16955.3402,3020875.0,1799.88,1842.99,1780.47,1797.81,480456.3884,2590967.0,147.84,150.39,145.0,146.31,2498992.492,1432629.0,3.15e-06,4.225e-05,-6.059666666666667e-05,82179.77667708333,7790385393.663923,0.6705895918402778,1.169207472222222,1667872.28690625,3022523924.2898207,1.8161814881944442,1.1223365555555556,7477839.188333333,1106454678.0932014,2.048022360486111,1.079404986111111
2025-04-30,94256.82,95228.45,92910.0,94172.0,17661.2751,3214149.0,1797.81,1816.8,1731.7,1793.61,473523.9877,2468998.0,146.3,148.67,140.32,147.54,2780816.363,1779447.0,-2.013e-05,-4.178666666666667e-05,-9.055e-05,81594.58827430556,7706211704.20068,0.7369570691319445,1.1490652118055555,1645999.439763889,2948095432.211789,2.3302150190625,1.080797295138889,7446815.440625001,1086012933.6350439,2.201009361527778,0.9857338020833334
2025-05-01,94172.0,97424.02,94130.43,96489.91,21380.45343,2925716.0,1793.62,1873.17,1792.52,1838.11,537198.7291,2398765.0,147.54,153.99,147.54,150.85,3037281.454,1494429.0,4.153333333333333e-06,3.551e-05,4.646333333333333e-05,84370.56370833334,8084207577.5718775,0.6297102060069445,1.1319379479166667,1708276.541201389,3127591968.809473,1.7450324319097221,1.1148006736111111,7442854.256527778,1119240814.4463072,1.5579822585416667,1.1041870138888887
2025-05-02,96489.9,97895.68,96350.0,96887.14,14905.74811,2698263.0,1838.1,1871.0,1813.0,1842.2,410667.875,2062923.0,150.85,151.91,147.3,148.05,2216263.073,1244594.0,-0.00010101000000000001,-2.3253333333333337e-05,-2.8783333333333336e-05,87170.69699305556,8447946252.95762,0.5792712273263888,1.1463274305555555,1700503.8590451388,3126352532.117951,1.7238089827777778,1.1355114722222224,7373675.970486111,1103707577.5940037,1.6885694587152777,1.1087589131944444
2025-05-03,96887.13,96935.67,95753.01,95856.42,9723.34838,1181239.0,1842.2,1848.6,1810.0,1833.52,213751.5979,1135719.0,148.04,149.05,145.82,146.71,1406583.56,808828.0,-1.4126666666666666e-05,2.852666666666667e-05,-8.767333333333333e-05,84595.04235763889,8143061567.67072,0.69148810875,1.2464268437500001,1649944.2092326388,3021483967.8575983,1.8693735546180557,1.1609415590277778,7434430.318715278,1097716625.1510649,1.9501269208680556,1.0850206666666666
2025-05-04,95856.42,96304.48,94151.38,94277.62,11036.38342,1674726.0,1833.52,1849.95,1803.0,1808.86,238254.3564,1443996.0,146.71,147.81,143.5,143.95,1613358.553,970408.0,2.448e-05,2.4423333333333337e-05,-5.5643333333333336e-05,83008.414625,7931402025.177357,0.7865540279166666,1.3284046944444445,1607713.4773645834,2943385618.8126082,1.916771111423611,1.1189612777777778,7481066.649687501,1092141236.797032,2.0413312348958335,1.0768510590277778
2025-05-05,94277.61,95199.0,93514.1,94733.68,17251.18189,2623300.0,1808.86,1833.55,1781.85,1820.19,342341.0078,1961255.0,143.94,147.73,142.5,146.72,2030995.801,1298883.0,-3.383333333333334e-06,1.1243333333333333e-05,-4.8123333333333334e-05,80963.61533680555,7638233893.25897,0.888743502986111,1.137921486111111,1591794.8605069444,2881813908.1231594,2.231025709375,1.1053157743055555,7508998.223437499,1092484158.9318988,2.1036374610416666,1.0744714131944444
2025-05-06,94733.68,96920.65,93377.0,96834.02,16122.64513,2512960.0,1820.19,1820.9,1752.0,1817.0,384584.2451,2333041.0,146.72,147.23,141.41,146.88,2352310.935,1435973.0,2.391666666666667e-05,4.913333333333335e-06,-1.916666666666668e-06,81107.09884722222,7664542827.583409,0.8779286554513889,1.1695189479166668,1604479.2158854166,2870574568.468683,2.463415324791667,1.1044471006944443,7578691.498020832,1093214429.0559523,2.2737594718055556,1.11071634375
2025-05-07,96834.02,97732.0,95784.61,97030.5,16644.83854,2849139.0,1817.0,1850.0,1787.01,1811.11,456170.0705,2408512.0,146.89,149.54,144.68,147.32,2440566.284,1388238.0,8.376666666666667e-06,3.724333333333333e-05,6.324e-05,81114.75501041667,7851066266.45903,0.6283046519444445,1.0888421215277777,1580335.4027256945,2879949196.94513,1.8780437865277777,1.0815756597222221,7455829.757013889,1094563212.868042,2.0216815330902778,1.0882075625
2025-05-08,97030.5,104145.76,96876.29,103261.6,34962.02847,4991147.0,1811.11,2226.0,1808.71,2207.39,1473152.686,5616063.0,147.32,164.6,147.08,164.46,6040622.618,2680223.0,4.2180000000000006e-05,7.760333333333334e-05,5.976333333333333e-05,83109.13867361112,8308422510.401548,0.5272435604166668,1.0761336493055556,1732566.4284444444,3439777095.794124,1.6041690137847222,1.1226926597222222,7632735.610555556,1184407487.5468779,1.670943145138889,1.1466780069444444
2025-05-09,103261.61,104361.3,102315.14,102971.99,27617.39907,4406929.0,2207.39,2490.77,2184.33,2345.04,1667041.0382,6885286.0,164.46,176.15,161.07,172.78,6318574.649,3565297.0,8.126e-05,0.0001,0.0001,79782.11880208334,8215180299.874898,0.6045934742013889,1.0874435173611112,1760216.9171527778,4049295271.8050556,1.8774440537500001,1.0757554583333333,7587336.578159723,1276121340.1585567,1.8413196639583331,1.046185170138889
2025-05-10,102971.99,104984.57,102818.76,104809.53,15324.78611,2227845.0,2345.04,2600.0,2317.0,2583.23,979350.1606,4862978.0,172.77,178.98,168.72,177.89,3339701.179,2296552.0,7.971333333333333e-05,9.604333333333334e-05,0.0001,79529.18164930557,8223399101.338359,0.5947051516666666,1.1687623368055555,1757464.6248506946,4253641657.607495,1.7762305050347222,1.052449013888889,7608707.74954861,1308254898.307032,1.8126980032291666,1.1295938125
2025-05-11,104809.53,104972.0,103345.06,104118.0,17987.12197,3100176.0,2583.22,2608.13,2435.51,2514.57,831584.3888,4340859.0,177.89,180.26,169.35,173.19,3210729.52,2541298.0,8.05e-05,6.600333333333333e-05,8.372333333333333e-05,80405.45049999999,8372197293.5544195,0.5964741354166666,1.0271719756944444,1748122.64478125,4390852225.284198,1.8322144840972223,1.031138315972222,7627207.074930555,1326274367.4865336,1.8672893625000002,1.0703285833333334
2025-05-12,104118.0,105819.45,100718.37,102791.32,31272.77792,5298407.0,2514.58,2624.0,2406.63,2495.47,1068680.9433,5441783.0,173.2,181.46,168.31,174.22,6245732.977,3870262.0,5.585e-05,7.601666666666667e-05,6.819e-05,82405.26652777779,8531035580.653896,0.7132990914930555,1.0804147743055554,1738053.0349444444,4370210273.877954,1.9462467631944445,1.0337517604166666,7577702.615451389,1323607655.2403357,1.9707107084722222,1.0449544340277779
2025-05-13,102791.32,104976.25,101429.7,104103.72,21253.42409,3703531.0,2495.48,2738.5,2415.3,2679.71,1031355.6465,4666012.0,174.22,184.83,166.18,183.75,4587043.398,3136625.0,8.034333333333333e-05,8.744333333333334e-05,7.627666666666667e-05,82272.06758333334,8498963349.891728,0.7418824185416667,1.1085681805555554,1746662.2636041667,4435119466.88889,1.8121712180208336,1.042603670138889,7576512.938888889,1324841396.634374,1.875236560486111,1.055340170138889
2025-05-14,104103.72,104356.95,102602.05,103507.82,16452.9081,3025221.0,2679.71,2725.99,2547.26,2609.74,830047.1122,4181188.0,183.75,184.88,173.23,176.64,3619155.253,2715293.0,6.879333333333332e-05,6.739e-05,7.431666666666667e-05,81205.25217013889,8409562231.2064905,0.7364072320486111,1.1708089513888889,1771074.079798611,4643574183.895846,1.8090794440277778,1.0681033090277776,7811933.59138889,1399979158.5259943,1.8733635277083331,1.0564206875000002
2025-05-15,103507.83,104192.7,101383.07,103763.71,17998.98604,4139477.0,2609.75,2647.03,2476.03,2548.69,768954.0332,4305508.0,176.63,178.33,166.7,169.16,3546037.724,2756715.0,3.251e-05,8.566e-05,6.6033333333333325e-06,80524.15883333333,8275859321.75434,0.8217168939583334,1.1074846944444445,1756895.454777778,4494195120.501179,2.073621289409722,1.0536938645833334,7589749.822604166,1304514242.357412,2.4243056874305555,1.070714920138889
2025-05-16,103763.71,104550.33,103100.49,103463.9,15683.88024,3237442.0,2548.7,2649.31,2529.4,2537.12,605953.6919,3310498.0,169.16,174.21,166.36,167.4,2766386.671,2033247.0,5.6023333333333336e-05,8.001e-05,2.0719999999999995e-05,80465.05823611112,8350482579.99402,0.6969154676388889,1.0827706180555556,1800959.6069097223,4652780523.235195,1.8736714632986111,1.0425338368055557,7506749.6209375,1286158611.8672945,2.293938935104167,1.0464811875
2025-05-17,103463.9,103709.86,102612.5,103126.65,11250.89622,2568597.0,2537.13,2538.16,2446.42,2475.08,494333.2782,2950197.0,167.4,169.99,164.01,165.94,2262121.706,1819659.0,2.2526666666666666e-05,9.996666666666667e-06,-7.36666666666667e-07,79210.39116319445,8168014719.433038,0.7276513131597222,1.1657694791666666,1701284.8946527778,4221208226.31565,2.3763599074305555,1.0798964375,7672730.799930556,1281164042.2533545,2.3001206675347223,1.056317954861111
2025-05-18,103126.65,106660.0,103105.09,106454.26,21599.98726,3193300.0,2475.09,2587.61,2323.21,2497.78,810103.1851,3416878.0,165.94,176.77,164.54,173.3,3194610.936,2251214.0,7.548333333333333e-05,3.4683333333333334e-05,4.9766666666666666e-05,80734.78735416668,8405986871.388785,0.6879082486805556,1.2025652638888888,1647763.0851145834,4104081881.58588,2.3765804868055556,1.0560190868055555,7593484.802708332,1291140563.1412666,2.1891203429166666,1.0303303993055557
2025-05-19,106454.27,107108.62,102000.0,105573.74,30260.03524,4881371.0,2497.78,2547.36,2348.38,2528.14,861747.523,4757453.0,173.3,173.94,159.44,166.86,4076352.744,2778183.0,4.713333333333333e-05,3.595666666666667e-05,-8.483333333333334e-05,80361.83265972223,8369241726.610648,0.785437660625,1.1010203541666668,1592236.2084305556,3890314445.2150497,2.4488784611805556,1.0929976284722223,7401817.214895833,1215924902.1883252,2.7713566208680556,1.0229548819444443
2025-05-20,105573.73,107320.0,104184.72,106849.99,23705.48275,3878351.0,2528.14,2588.63,2442.4,2524.19,676989.1747,3816684.0,166.87,173.11,164.51,168.59,3135420.426,2366165.0,5.583666666666667e-05,5.331333333333333e-05,4.994e-05,83000.85311111111,8771339734.536118,0.5890766951388888,1.1156893229166667,1646866.6409930557,4143548222.8560495,1.8542212945486112,1.0677876631944445,7198006.5642708335,1205813991.3381329,2.249797596666667,1.0751026562500001
2025-05-21,106850.0,110797.38,106100.01,109643.99,45531.040345,6835279.0,2524.19,2615.95,2452.2,2550.99,1095890.2902,5568312.0,168.59,175.99,165.51,173.53,4400610.4,3211242.0,7.011e-05,4.549333333333334e-05,8.792666666666668e-05,85097.67261111112,9137346664.124468,0.5464659125694444,1.122425798611111,1566908.2045555555,3975806277.4996533,2.0585097780902775,1.058851361111111,7110172.338645834,1206729709.8180685,2.293159612361111,1.0455425902777777
2025-05-22,109643.99,111980.0,109177.37,111696.21,31630.77313,5794216.0,2551.0,2692.99,2544.83,2664.82,852555.6669,5196535.0,173.54,180.87,172.59,179.68,3608222.862,2760365.0,0.0001,7.047000000000001e-05,9.202333333333333e-05,89701.04592013889,9952481570.082277,0.45339280288194445,1.1210372118055556,1684006.6631736113,4441557111.564505,1.7441921842708334,1.0538340972222222,7548581.190520833,1340818104.8534207,1.7166929188541666,1.0732084618055557
2025-05-23,111696.22,111800.0,106800.0,107318.3,31737.72309,5251192.0,2664.83,2734.23,2498.3,2526.5,971442.4532,5450420.0,179.68,187.71,173.23,174.01,6112910.776,4081755.0,8.398666666666666e-05,6.424666666666666e-05,0.0001,86934.94384027779,9552104073.268501,0.5709987845138889,1.0702018159722222,1675984.5779895834,4389971530.319849,2.1218134480902777,1.047400232638889,7804612.641805556,1413593790.7478242,1.7210075605555555,1.0671326319444445
2025-05-24,107318.3,109506.03,106875.41,107761.91,16782.53129,2805418.0,2526.49,2575.85,2515.08,2530.4,257544.2344,2090724.0,174.0,178.33,172.5,175.87,2317965.021,1707936.0,5.317e-05,5.382333333333334e-05,3.0663333333333335e-05,84713.34378472222,9184734146.989326,0.7223387090625,1.0965367222222222,1641980.7480555556,4184839527.095966,2.5678826356249997,1.0763689652777777,7521526.903993055,1322082974.0123346,2.1841838629861114,1.1115438993055555
2025-05-25,107761.9,109299.99,106600.64,109004.19,17710.04695,3151168.0,2530.41,2554.26,2463.0,2551.22,359890.0299,2556052.0,175.87,176.88,169.14,175.74,2530363.859,1870817.0,6.186e-05,6.092666666666667e-05,-3.7333333333333337e-06,86964.36683680555,9356088158.085213,0.8085515370138889,1.0712323368055554,1613049.442621528,4046735518.935522,2.595376637013889,1.11039934375,7400706.572986111,1274198020.3017817,2.4818769838541663,1.1157308888888888
2025-05-26,109004.2,110422.22,108670.58,109434.79,14649.11593,2887863.0,2551.22,2599.0,2525.86,2563.7,362971.1182,2374458.0,175.75,179.02,173.48,174.91,2214724.796,1720528.0,9.037666666666667e-05,4.3809999999999996e-05,3.1536666666666666e-05,90062.76661458334,9861954073.838808,0.6089496424652778,1.114498142361111,1589476.1844930556,4066379413.0435867,2.2377971606944445,1.1184483958333333,7441691.075659722,1312178209.0149963,1.9938842329861108,1.118088579861111
2025-05-27,109434.78,110718.0,107516.57,108938.17,21276.65635,3735509.0,2563.7,2712.36,2509.46,2660.81,798430.8862,4017588.0,174.92,179.41,171.24,176.71,2568509.368,2144420.0,5.797333333333333e-05,8.008666666666667e-05,-5.953333333333332e-06,88174.38705555555,9645848297.575981,0.6126235515972223,1.1018788124999999,1805078.6999861111,4748086079.457742,1.6472676215972222,1.1070436875,7541774.309618056,1327284974.2088726,2.1160494926388886,1.0962503368055556
2025-05-28,108938.17,109284.7,106769.43,107781.78,15633.78829,2933262.0,2660.81,2689.14,2608.5,2681.6,560095.6833,3160462.0,176.72,177.45,168.92,172.21,2534660.877,1739709.0,3.597333333333333e-05,0.0001,-2.2176666666666667e-05,87254.57141666667,9442935487.370476,0.8544090292361112,1.1541339513888889,1949849.015902778,5152123067.208009,1.6114815690277777,1.1171777569444443,7713772.938958334,1333665880.2047002,2.5952206283333332,1.2134092777777779
2025-05-29,107781.78,108891.91,105322.86,105589.75,19834.70116,3774926.0,2681.61,2788.0,2619.05,2631.39,811567.2545,4254669.0,172.22,175.34,165.96,166.71,2641789.968,1933597.0,4.792333333333333e-05,9.440333333333333e-05,-1.2283333333333333e-05,86245.40640277778,9262868362.046318,1.0231303347569445,1.086314701388889,2019163.0797291668,5438100993.275553,1.6932028628472222,1.0646774270833332,7659769.0069097215,1308085788.8910303,2.8037799071180554,1.0337866840277778
2025-05-30,105589.75,106313.12,103621.0,103985.48,23706.49799,4307572.0,2631.39,2649.23,2507.35,2531.34,763045.2564,4624552.0,166.71,167.51,155.22,156.2,3770279.512,2744989.0,4.621e-05,7.725333333333333e-05,-1.1046666666666665e-05,83659.84640972222,8805537252.222061,1.2036442064583333,1.0513787222222222,1878998.4203368057,4881397846.521956,2.187701271770833,1.0204009722222223,7833448.230208334,1270285128.7627175,3.0470362553125003,1.0529491631944445
2025-05-31,103985.47,104900.0,103068.55,104591.88,11289.35922,2343787.0,2531.35,2550.34,2475.33,2528.06,394537.2521,2792146.0,156.2,158.01,152.14,156.45,2352257.752,1971476.0,6.915e-05,4.7273333333333334e-05,-1.6959999999999997e-05,83063.34432986111,8641126394.404646,1.2380553925694444,1.0957788715277779,1822892.5762881944,4604302771.593857,2.2024677135069446,1.1502796493055554,7797570.771284723,1210817417.5266955,2.954288201840278,1.09398625
2025-06-01,104591.88,105866.91,103752.49,105642.93,9709.70006,1939359.0,2528.06,2547.79,2468.56,2539.21,332021.7088,2210246.0,156.45,157.92,150.59,157.68,2042131.041,1648590.0,1.9566666666666667e-05,4.945333333333333e-05,-6.187666666666667e-05,83232.03590624999,8700949380.033808,1.1935568725694443,1.2367434027777777,1838844.2775069445,4623082970.856779,2.2885067954513887,1.1018033854166667,7809818.226006945,1206224594.586335,2.99293884625,1.0876940312499999
2025-06-02,105642.93,105935.63,103659.88,105857.99,13453.98813,2997656.0,2539.2,2615.0,2475.0,2607.41,468889.9737,3239230.0,157.68,158.93,151.67,156.83,2502052.191,1950497.0,3.139333333333333e-05,5.184e-05,2.871e-05,82426.49552777778,8633295566.181524,1.1739187426041666,1.084117361111111,1863273.9993194444,4695928741.995415,2.260801635520833,1.0958214375,7696235.878854167,1191171466.291972,2.9425967328125,1.104604673611111
2025-06-03,105858.0,106794.67,104872.5,105376.89,13259.52634,2470698.0,2607.42,2655.38,2575.0,2593.36,454383.0439,3098351.0,156.83,163.64,154.14,155.19,2849585.145,2057700.0,5.1756666666666665e-05,4.909e-05,3.897666666666666e-05,82116.66021875,8673843978.594204,0.977295217326389,1.158309951388889,1902024.3645694447,4969087386.028889,1.7087217065972222,1.1341020381944444,7589793.669201389,1211017950.6888485,2.601176658298611,1.0991825902777779
2025-06-04,105376.9,106000.0,104179.0,104696.86,14034.89482,2274464.0,2593.35,2679.88,2583.5,2607.68,502494.8214,2754319.0,155.19,157.97,152.94,153.26,1990646.424,1613483.0,1.1873333333333334e-05,6.636666666666668e-05,7.596666666666667e-06,81850.32949652777,8609912912.54364,1.0189247559027779,1.1860643819444445,1939420.981333333,5092114725.868286,1.5620665809374998,1.0974706979166666,7694807.758437499,1200025854.0506985,2.8027888638541665,1.0851468784722222
2025-06-05,104696.86,105909.71,100372.26,101508.68,22321.50154,3963295.0,2607.68,2640.86,2391.66,2414.01,808938.0344,4181206.0,153.27,154.61,141.53,144.29,4258041.075,2600389.0,2.7003333333333333e-05,5.7543333333333335e-05,1.4266666666666665e-05,81774.73135069445,8500184954.083485,1.1620422571527778,1.1192280277777777,1923779.2385624999,4953241213.850505,2.1008000652083334,1.0403581666666666,7949508.789930556,1197162476.0650902,3.137148380451389,1.085072079861111
2025-06-06,101508.69,105333.0,101095.8,104288.44,15839.07385,2709327.0,2414.02,2531.36,2381.49,2476.1,578843.4974,3246760.0,144.28,152.39,144.11,147.83,2167791.114,1517934.0,-3.172e-05,1.3933333333333333e-05,-6.415666666666667e-05,83974.64420138889,8698312686.80074,1.0433920396527778,1.0748570520833334,1846079.7742187502,4563168999.183095,2.2549014096180553,1.094461232638889,7923118.023159723,1175634324.066057,2.8687967933680554,1.1138393333333334
2025-06-07,104288.43,105900.0,103871.09,105552.15,8344.93206,1402494.0,2476.1,2544.36,2457.0,2524.63,264787.6743,1587509.0,147.82,152.84,146.84,150.06,1408204.615,1041436.0,-1.918e-05,6.969333333333333e-05,1.706e-05,83292.11757291667,8757245520.56342,0.7315942009027778,1.1330443472222222,1862510.9924479167,4656460697.645922,2.1003008859375,1.1547433854166667,7850182.392395834,1182374725.487148,2.6898274192708334,1.2029720451388888
2025-06-08,105552.15,106488.14,104964.14,105734.0,8048.06305,1295154.0,2524.64,2548.63,2490.58,2509.83,266474.7139,1401175.0,150.07,155.3,147.88,152.45,1564000.366,1073644.0,2.2730000000000004e-05,8.072333333333333e-05,4.909999999999999e-06,83125.35872569444,8785662313.257404,0.6776836684374999,1.274667534722222,1905278.49428125,4793254152.002336,1.8790246290972223,1.17814834375,7841180.3229513895,1182948991.6487381,2.7394303059722223,1.174690798611111
2025-06-09,105734.01,110530.17,105318.37,110263.02,19975.37451,2839846.0,2509.84,2693.99,2477.73,2680.13,568726.3025,2896758.0,152.45,161.73,149.58,161.16,3079728.265,1853346.0,1.639e-05,4.2663333333333335e-05,5.891333333333333e-05,83758.51814930556,8977573408.228897,0.6273846921180556,1.1909809548611112,1863558.0851006946,4733000994.17751,1.9060432442013888,1.13427490625,7823119.676562499,1206225741.0631576,2.346311105347222,1.1494071354166666
2025-06-10,110263.02,110400.0,108331.03,110274.39,17071.82839,3003420.0,2680.13,2827.0,2655.61,2816.4,1138405.4775,5277581.0,161.16,165.67,156.32,165.12,3589559.163,2626493.0,8.179666666666667e-05,0.0001,6.321333333333334e-05,85389.08131944445,9341305496.775549,0.5232093423958334,1.1314403333333334,2117981.0912881945,5772908413.855248,1.2301580531249998,1.1002359652777778,7846997.8801041655,1255377930.5012746,2.0254428668402777,1.08474128125
2025-06-11,110274.39,110392.01,108064.0,108645.12,13115.91638,2667014.0,2816.41,2879.22,2743.75,2771.61,850210.9324,4906906.0,165.12,168.36,159.21,160.97,4019424.999,2696532.0,7.402666666666667e-05,0.0001,0.0001,84564.46524305554,9245773614.209126,0.5448582478125,1.1150786423611112,2257668.8130555553,6321458082.332627,1.1914886169444445,1.0884012083333332,8055349.644375,1327032659.8743875,1.8794656670833332,1.0566297569444445
2025-06-12,108645.13,108813.55,105671.72,105671.73,17778.67218,3517420.0,2771.6,2784.83,2616.24,2642.65,699593.3757,4172997.0,160.98,161.28,152.02,152.32,2883476.685,2232785.0,3.4336666666666666e-05,7.123e-05,2.996e-05,81704.23163194445,8777345552.162483,0.75933722,1.1737523958333334,2187270.995145833,5984433513.449098,1.519999586423611,1.0904691527777777,8168457.778263888,1291439551.898095,2.5513487536805552,1.0753390277777777
2025-06-13,105671.74,106179.53,102664.31,106066.59,26180.81734,5452577.0,2642.66,2645.45,2436.98,2579.19,1202176.2972,6026303.0,152.32,152.59,140.21,148.6,5339782.783,3503943.0,5.953333333333333e-06,-1.1933333333333343e-06,-3.3043333333333336e-05,78080.55605902777,8178812722.751306,0.9813068209722222,1.1430162673611113,1902439.3793784725,4812431985.396467,2.344639793715278,1.0783286597222221,8079742.378506945,1173743015.0530844,3.0501011996875,1.0609770590277778
2025-06-14,106066.59,106252.0,104300.0,105414.64,8798.93969,1521776.0,2579.19,2579.43,2488.72,2530.76,331438.9278,1988958.0,148.6,148.7,141.97,144.64,1679994.751,1221540.0,2.317e-05,2.324666666666667e-05,3.5356666666666666e-05,78095.44903472223,8203552003.252833,0.8772103122916666,1.1716820763888889,1866677.7993125,4726592316.017389,2.163199496388889,1.0996699409722224,7943961.710520834,1154721501.113339,2.680987672951389,1.1024545138888888
2025-06-15,105414.63,106128.57,104494.53,105594.01,7164.20047,1564768.0,2530.77,2559.51,2492.0,2547.61,299701.6624,1846489.0,144.65,153.54,144.22,152.97,2831999.616,1768520.0,1.722333333333333e-05,5.7950000000000006e-05,4.094333333333333e-05,78713.59920486111,8289271470.70175,0.8616791901736112,1.165004,1884914.7900069442,4772288032.152557,2.1425037769444444,1.1511148368055555,8095273.513715277,1199024242.369197,2.399770042152778,1.1219276493055554
2025-06-16,105594.02,108952.38,104980.37,106794.53,14922.6654,2928998.0,2547.62,2680.34,2514.85,2544.17,680429.988,3434185.0,152.97,158.8,150.3,150.72,3573196.785,2206641.0,2.9330000000000002e-05,5.8643333333333335e-05,6.458666666666668e-05,80023.83371180556,8565635105.489476,0.7326654402777778,1.1017869131944444,1976969.2214270835,5164053493.052033,1.6947127377083335,1.0931791041666665,8349129.8478125,1303501303.4980745,1.8509672771527776,1.0188067465277777
2025-06-17,106794.53,107771.34,103371.02,104551.17,17866.33025,3723010.0,2544.17,2618.6,2453.8,2509.95,715930.4081,4017130.0,150.73,154.33,145.61,147.57,3395648.859,2452350.0,3.278e-05,4.884e-05,5.439333333333333e-05,77296.87783680556,8168671221.340539,0.8676345278819445,1.146124652777778,1936107.3100277777,4928008346.152554,2.1689585218055556,1.0835494965277777,8134087.118055556,1220792160.4818132,2.46004245,1.0755820416666666
2025-06-18,104551.17,105550.27,103500.0,104886.78,13968.64167,3468170.0,2509.95,2548.42,2465.78,2525.0,504532.1818,3243812.0,147.58,149.28,143.65,146.34,2800908.98,1975830.0,2.8783333333333333e-05,4.9833333333333336e-05,9.226666666666666e-06,77101.00141666667,8071268469.641765,1.0684889675347222,1.093690892361111,1928054.3501180555,4849227728.263256,2.3922640026041666,1.0407980659722222,8228706.539652778,1207013676.8011503,2.7121397346875,1.0322833784722223
2025-06-19,104886.79,105226.17,103929.27,104658.59,7678.60737,1718045.0,2525.0,2546.91,2485.03,2521.12,252646.059,1667327.0,146.35,147.9,142.92,147.04,2285335.729,1402937.0,1.2856666666666668e-05,5.026333333333333e-05,2.1643333333333333e-05,77291.37361458334,8084638776.720361,1.0330084364930556,1.1627109618055556,1948387.624295139,4904062135.753422,2.2541156047916666,1.1413210625,8330423.863472221,1211201619.6086812,2.967934403784722,1.1302595173611112
2025-06-20,104658.59,106524.65,102345.0,103297.99,16419.06283,3029404.0,2521.13,2569.0,2367.36,2406.49,632027.8235,3175602.0,147.04,148.81,135.69,140.11,3393327.209,2056826.0,4.609000000000001e-05,6.566e-05,3.6903333333333336e-05,78313.1841076389,8186887112.577517,1.022577794548611,1.165093138888889,2027248.6881979166,5058417957.388324,2.2886306585069445,1.0704010312499999,8490699.506493054,1224216105.5529246,2.8468263410069445,1.0506652048611111
2025-06-21,103297.98,103982.64,100837.9,102120.01,11154.21332,2172578.0,2406.49,2448.8,2216.0,2295.73,496783.864,2825558.0,140.11,142.6,130.9,135.43,2826424.143,1758763.0,4.45e-05,-4.526666666666668e-06,-3.333e-05,76848.11107986112,7930574461.168606,1.2287251238541665,1.157199375,2012554.5516319445,4842807943.060871,2.900932586736111,1.075074923611111,8561927.882534722,1195066937.7488835,3.097237317083333,1.091246
2025-06-22,102120.02,103399.62,98200.0,100963.87,28746.41072,5121309.0,2295.72,2314.48,2111.89,2227.7,840155.8295,5203723.0,135.43,137.62,126.0,131.71,4252120.023,3207787.0,5.676e-05,7.183333333333334e-06,4.52e-06,77003.51845833333,7794317178.809599,1.1894290494791668,1.1212230243055556,1909463.702871528,4271887430.933732,2.669602005833333,1.0479358472222222,8272493.975243055,1095139588.8019843,2.9433443693055557,1.048947795138889
2025-06-23,100963.87,106074.2,99613.33,105333.93,27666.50609,4944207.0,2227.7,2438.68,2188.0,2411.66,744583.8003,4477307.0,131.71,146.92,130.68,144.51,4573147.667,2897589.0,3.3966666666666675e-06,3.393333333333333e-06,2.296e-05,76873.00603819445,7839933144.609604,1.0303566140625,1.063079111111111,1891774.9245243056,4301056353.49479,2.1648126126736114,1.0042792465277777,8291338.323715278,1124749330.8100774,2.5208534313194444,1.0505491631944444
2025-06-24,105333.94,106290.0,104622.02,106083.0,14651.69335,2973481.0,2411.66,2482.04,2376.11,2448.45,516760.6621,3133356.0,144.51,146.77,142.31,145.92,2741809.086,1915616.0,9.7e-06,1.258e-05,2.8886666666666666e-05,74097.71944097223,7804945023.255181,0.7027500429513889,1.1376154791666666,1902228.57053125,4605929243.143108,1.5134393869444445,1.071577451388889,8225804.045138889,1186300059.5284028,2.077372070486111,1.0821389305555555
2025-06-25,106083.0,108135.3,105808.03,107340.58,16701.15551,2988892.0,2448.46,2468.69,2389.69,2418.49,414894.7387,2776920.0,145.93,147.95,142.25,143.57,2233601.909,1624941.0,1.7833333333333338e-06,1.1300000000000004e-06,4.464666666666667e-05,76567.4293125,8185327813.08824,0.5976284009027778,1.1937685868055556,1898669.8275173614,4614840335.667728,1.6605198052083334,1.0816135,8246947.601249999,1196814892.9447758,2.059418075,1.0739345034722223
2025-06-26,107340.59,108272.45,106562.5,106947.06,10573.27279,2597742.0,2418.5,2520.92,2394.32,2415.96,463704.0261,2978926.0,143.57,148.0,138.62,139.06,2522507.942,1619748.0,1.542666666666667e-05,3.906666666666666e-05,-2.086666666666668e-06,77758.71091319445,8350929484.710403,0.5259896705208333,1.123197611111111,1881844.3710312499,4609040856.850241,1.6178717455208333,1.0630624444444445,8346881.6180902785,1196136693.0948422,2.2900831747916666,1.0938663020833335
2025-06-27,106947.06,107735.34,106356.76,107047.59,12232.44042,2304499.0,2415.96,2463.54,2382.53,2423.17,381474.766,2112477.0,139.05,144.85,137.14,142.09,2471847.15,1441035.0,2.1110000000000003e-05,2.1436666666666668e-05,-1.0543333333333331e-05,76569.02180555556,8193244104.447084,0.5573473097916666,1.20328578125,1858109.5815104167,4516055892.504878,1.7459735344097222,1.0823900243055555,8384117.692395832,1186509574.4520395,2.2828286309722223,1.1134533090277778
2025-06-28,107047.58,107577.75,106811.51,107296.79,3282.17352,653305.0,2423.17,2447.8,2405.81,2435.62,155814.9859,855656.0,142.09,152.7,141.13,150.72,2657836.682,1266232.0,3.108666666666667e-05,4.3683333333333336e-05,8.977666666666667e-05,75531.59433333334,8098093470.123561,0.5558071702777778,1.4120615694444445,1869680.0687708333,4537028961.249805,1.9121028147569443,1.1375257465277777,8899294.000833334,1307720556.111244,1.5425025418055556,1.1542927118055557
2025-06-29,107296.79,108528.5,107172.52,108356.93,6831.7364,1223202.0,2435.62,2525.0,2412.0,2500.09,284291.8057,1370707.0,150.73,154.77,149.36,153.32,2150026.172,1150742.0,5.5366666666666666e-05,4.998333333333334e-05,7.82e-05,77390.8659548611,8327973908.538796,0.5574881597569444,1.3787378611111112,1868343.7548541666,4563185914.274319,1.7739216552777777,1.1854353402777777,9329708.604444444,1407932084.5169368,1.2794121686805555,1.1751967048611112
2025-06-30,108356.93,108789.99,106733.33,107146.5,9754.12491,1773485.0,2500.09,2524.3,2431.0,2485.47,440455.714,2333352.0,153.32,159.99,149.45,154.81,3871390.335,1920915.0,2.988666666666667e-05,4.871666666666667e-05,3.915333333333333e-05,77484.64051041666,8346421215.761,0.5725311372222222,1.1415376666666668,1889727.1099201387,4692941298.188435,1.5821289458680556,1.0575073125,9270512.205069445,1418583924.042136,1.4261625069097221,1.0486295659722222
2025-07-01,107146.51,107540.0,105250.85,105681.14,10505.62437,2013289.0,2485.47,2500.8,2386.52,2405.01,351951.0868,1978858.0,154.82,155.64,144.85,146.88,2770862.174,1530183.0,2.1653333333333335e-05,2.7676666666666665e-05,2.3126666666666673e-05,76035.82399305556,8092988808.241961,0.679683499513889,1.185325795138889,1916092.4640833335,4683444347.859546,1.8726656550694445,1.12861128125,9243376.907395832,1381141496.7009726,1.9556866682986112,1.1300754618055555
2025-07-02,105681.13,109730.0,105100.19,108849.6,17691.89592,2444708.0,2405.01,2619.28,2373.0,2570.41,634967.0337,2717139.0,146.87,154.47,145.85,152.27,2652574.279,1648001.0,3.113333333333333e-05,4.017333333333334e-05,-3.533e-05,77686.90215625,8369155033.380964,0.6176429447569444,1.194572267361111,1978619.62684375,4920344513.8300495,1.7762020339930555,1.0609452708333333,8931753.862534722,1339806056.4239557,2.3512265009375,1.08256909375
2025-07-03,108849.59,110529.18,108530.4,109584.78,13047.08225,2568944.0,2570.41,2635.5,2556.12,2591.25,504943.6592,2506227.0,152.28,156.35,149.86,152.36,2686218.205,1619201.0,4.487e-05,8.072666666666667e-05,5.163333333333333e-05,81994.6665138889,8968921259.029358,0.4622493642361111,1.2106454895833334,2064054.2024722223,5337270606.098171,1.1863992831944445,1.1498600659722222,8620707.34673611,1321068550.2575169,1.9313777044444445,1.1354749166666667
2025-07-04,109584.77,109767.59,107245.0,107984.24,11793.86615,1975212.0,2591.26,2603.17,2474.24,2508.04,452593.02,1980591.0,152.35,153.88,145.22,147.7,2308086.736,1451892.0,4.0119999999999995e-05,3.5543333333333336e-05,8.243333333333335e-06,81597.41682638889,8852339705.86853,0.5532803188541666,1.2341387743055554,2003720.4253506947,5080888098.705579,1.6074450960416666,1.1289458194444444,8364668.907361112,1250096807.7764797,2.2239842700694443,1.0925098368055555
2025-07-05,107984.25,108420.56,107756.31,108198.12,3736.9757,710020.0,2508.04,2529.81,2487.95,2516.41,157198.0958,911950.0,147.69,148.7,145.9,147.55,1173963.86,710458.0,2.7086666666666663e-05,3.635333333333333e-05,-9.835333333333333e-05,79711.33577430557,8611988697.16896,0.6443113920138889,1.4182829270833333,1966495.376298611,4941294253.795184,1.870662535451389,1.115199888888889,8411554.604166666,1240295686.3859355,2.3119641415277776,1.1751933020833334
2025-07-06,108198.12,109700.0,107800.01,109203.84,6447.607,1256591.0,2516.42,2605.0,2503.5,2570.35,277593.6319,1375995.0,147.55,153.89,146.78,151.86,2486859.718,1138325.0,1.5446666666666666e-05,6.213666666666667e-05,-2.4873333333333338e-05,78940.03018055556,8554554337.701711,0.6185125824305556,1.4198897326388888,1997684.02490625,5058402152.97291,1.6852737932291666,1.0953532256944445,8353078.517812501,1247566739.3326268,2.173356168923611,1.1529789409722222
2025-07-07,109203.85,109700.0,107513.2,108262.94,9405.37601,1961940.0,2570.35,2590.57,2512.0,2542.29,315707.5272,1985043.0,151.86,153.6,147.7,148.88,2174727.723,1423398.0,3.356333333333334e-05,5.6630000000000005e-05,6.816666666666667e-05,78985.74496180555,8573687207.880757,0.6117199009722223,1.136617361111111,2032963.4542604168,5192873739.56568,1.6206508734027778,1.0985527604166667,8401486.881041666,1268773350.1427531,1.9745446036458334,1.1185429444444446
2025-07-08,108262.94,109216.56,107429.57,108922.98,9216.0208,1723244.0,2542.3,2628.21,2523.59,2615.25,370915.7321,1899797.0,148.89,152.88,147.85,151.67,2712869.323,1306748.0,3.079e-05,5.6139999999999994e-05,-1.926666666666666e-06,78209.13025347222,8481756823.4367895,0.6338193403125,1.1983769965277777,2072319.3762291665,5328143443.332735,1.4819366884027778,1.1019069444444445,8460537.058333334,1271886309.4338527,2.235090493229167,1.1647599756944444
2025-07-09,108922.99,111999.79,108324.53,111233.99,17282.2865,2328484.0,2615.25,2795.74,2589.78,2768.74,686119.3772,2997546.0,151.68,157.93,150.53,157.05,2907219.748,1611497.0,3.5806666666666664e-05,5.980666666666667e-05,8.740000000000001e-06,79839.91303472222,8730201959.519943,0.5583461376388889,1.1729885624999998,2180099.096423611,5792259782.194033,1.0715933470486112,1.1048147986111112,8688815.587986112,1335570896.4342806,1.8104220544097223,1.1091803715277777
2025-07-10,111234.0,116868.0,110500.0,116010.0,24883.450665,3227017.0,2768.74,3000.0,2755.5,2951.29,951896.07,4235042.0,157.06,165.43,155.64,164.34,3428382.349,1998915.0,6.810333333333333e-05,5.331666666666667e-05,4.605666666666667e-05,85948.27582291666,9632748900.165792,0.4475489275694444,1.18930928125,2233113.4497361113,6261069370.174952,0.9426204206597222,1.0583451041666665,8860310.789756944,1404576827.4800777,1.6669779118055557,1.1243655451388888
2025-07-11,116010.01,118869.98,115222.22,117527.66,25873.521148,3708194.0,2951.29,3040.15,2913.75,2958.22,906839.1689,4434934.0,164.33,168.2,159.54,162.93,4354179.713,2747985.0,0.0001,0.0001,8.021333333333333e-05,87233.89402083334,10241866467.833185,0.4792985817708333,1.06782965625,2100351.9372986113,6258625715.391287,1.161263238263889,1.0136625034722222,8674486.212152777,1423136449.403667,1.9170228622916667,1.0838010868055554
2025-07-12,117527.66,118200.0,116900.05,117420.0,8446.60437,1441851.0,2958.21,2979.78,2903.85,2943.28,348884.8877,1690700.0,162.92,163.9,157.74,160.69,2043211.942,1383540.0,0.0001,7.274e-05,0.0001,88137.75581249999,10360972637.988157,0.4774082545138889,1.1696657916666666,1998449.991357639,5891540146.192788,1.2469978324305555,1.0791002222222223,9024434.26454861,1456169590.4908755,1.9935264451388888,1.1568918784722222
2025-07-13,117420.0,119488.0,117224.79,119086.64,9550.792947,1650283.0,2943.29,3020.31,2936.49,2972.03,357333.5016,1778200.0,160.7,164.19,159.63,161.15,1929745.851,1252909.0,0.0001,5.254333333333334e-05,9.239666666666667e-05,88912.76205555555,10509118021.765522,0.4883550066319444,1.2108731944444444,2008490.3477118057,5959984211.325117,1.2359276256944445,1.0918914305555556,9123015.240069443,1476458827.9575872,1.9771839289583335,1.1418669652777778
2025-07-14,119086.65,123218.0,118905.18,119841.18,27269.348877,4076133.0,2972.03,3083.0,2962.81,3013.62,815552.6496,3706161.0,161.15,168.65,160.61,162.21,3973706.533,2368393.0,9.350333333333332e-05,6.999333333333334e-05,7.863333333333334e-05,92050.62422222222,11116354997.179111,0.5165784869791668,1.1074301319444446,2048389.3226006946,6189363089.067436,1.2838647022569445,1.07912628125,9387725.391770832,1549538401.5196822,1.9966918738194446,1.0685256388888889
2025-07-15,119841.17,119940.83,115736.92,117758.09,32018.46083,3805374.0,3013.61,3144.14,2932.46,3137.89,863583.7377,4317422.0,162.21,164.26,157.23,163.98,3665295.753,2245073.0,0.0001,8.711333333333332e-05,3.213666666666667e-05,91855.92386805556,10778165205.05478,0.7684424984027778,1.117518857638889,2075491.0122534723,6255549605.621342,1.282648329513889,1.0479729791666665,9257731.098020833,1486785469.1402612,2.390164399513889,1.0944500381944444
2025-07-16,117758.08,120063.84,117017.29,118630.43,17039.90851,2429625.0,3137.9,3425.0,3101.0,3371.35,1135950.5831,4381562.0,163.98,176.0,161.51,173.63,5020288.123,2574205.0,0.0001,0.0001,0.0001,89988.59006597222,10671223810.389107,0.7578798187847222,1.1275879270833333,2165591.5857986114,6968349827.465622,1.0770279606944444,1.048953298611111,9569942.165208332,1607783401.2088327,2.178912363298611,1.104495878472222
2025-07-17,118630.44,120998.71,117453.57,119177.56,15728.57651,2347985.0,3371.35,3523.44,3310.77,3476.87,974065.8264,5025581.0,173.62,178.19,168.71,175.87,4491555.727,3024259.0,0.0001,0.0001,0.0001,89166.02681597223,10585297501.644743,0.7002467723263889,1.089572684027778,2053700.199923611,7011165469.361719,1.1243808915972222,1.0389817326388888,10033073.065833334,1743902400.6585379,2.2299809541666664,1.0715749479166667
2025-07-18,119177.56,120820.71,116812.76,117924.84,19924.66266,2805236.0,3476.88,3673.84,3458.68,3546.92,1163823.3977,5566028.0,175.88,184.67,173.24,177.28,5191853.168,2947978.0,0.0001,0.0001,0.0001,89848.18232291666,10674393039.454035,0.7248985067361111,1.154247878472222,2021071.0251076387,7253594191.163672,1.2590116392013888,1.029609638888889,9708141.483576389,1738724563.7961226,2.34519914125,1.0967275694444443
2025-07-19,117924.84,118499.9,117277.34,117840.0,6635.80306,1133382.0,3546.92,3608.3,3506.79,3592.01,381791.9213,2217328.0,177.28,178.61,174.0,176.96,2059315.008,1475514.0,0.0001,0.0001,0.0001,88467.13164930555,10441754985.436407,0.8055958467361112,1.1437275347222222,1995680.5875868057,7110016457.38812,1.3214862977777777,1.0650885104166667,9488547.462951388,1677537507.3510637,2.5303270306944445,1.0532131111111112
2025-07-20,117840.01,118856.8,116467.02,117265.12,12962.92889,1615935.0,3592.0,3824.56,3579.13,3756.69,852356.5533,3794627.0,176.97,183.66,176.33,181.43,3694854.915,2315101.0,0.0001,0.0001,0.0001,88256.44221527777,10416145701.556131,0.8641310325347222,1.1805943576388889,2099467.3770104167,7780855268.29668,1.2169235691666667,1.0279856840277777,9662901.464618055,1738476489.0223515,2.640376551944444,1.066119826388889
2025-07-21,117265.11,119676.73,116515.0,117380.36,17107.33128,2509543.0,3756.69,3860.0,3701.01,3762.33,812074.0534,4156350.0,181.44,199.28,178.25,195.72,6495907.179,3865007.0,0.0001,0.0001,0.00010966666666666666,86439.51605555556,10205050510.93998,0.8893103617028986,1.22758675,2137739.800954861,8069452122.6859,1.2681779661454544,1.0511870486111112,9624407.464131944,1836845983.5305834,2.3726899492363636,1.0200066597222222
2025-07-22,117380.36,120247.8,116128.0,119954.42,20959.12973,2778733.0,3762.32,3798.65,3616.54,3746.21,870127.3864,4455526.0,195.72,206.3,193.75,205.7,8635627.173,5218083.0,0.0001,0.0001,0.0001,89497.01541666668,10604780696.004921,0.8645531673958333,1.1106370798611112,2165734.5733645833,8022437886.514099,1.5082869526041667,1.0501103437500001,10281173.58361111,2058412192.4810185,2.0287054961458333,1.0095575972222222
2025-07-23,119954.43,120090.0,117301.0,118755.99,14558.75083,2101404.0,3746.21,3764.2,3527.0,3628.29,800259.4025,3761894.0,205.7,205.75,183.97,189.4,5548137.499,3511850.0,0.0001,0.0001,0.0001,88757.41595486112,10510530782.235304,0.8312790653819444,1.1218023923611111,2113996.406982639,7728002073.80927,1.641383467986111,1.0571725069444444,10227380.374756943,2000022311.372376,2.4280926440277777,1.0748160104166666
2025-07-24,118756.0,119450.0,117103.1,118340.99,15806.89043,2081435.0,3628.29,3771.0,3502.85,3706.94,749459.495,3752613.0,189.4,191.87,179.21,182.87,5217064.871,3520500.0,0.0001,0.0001,0.0001,88254.07997222223,10463341973.144917,0.8410525856597223,1.1766526979166665,2076601.5136111109,7602123876.691063,1.5098602097569445,1.0813379131944445,9527530.836076388,1780480579.7196503,2.904833604895833,1.0414979479166666
2025-07-25,118340.98,118451.57,114723.16,117614.31,38406.34873,3282355.0,3706.95,3747.0,3573.76,3724.96,764606.7261,4083119.0,182.88,186.85,175.63,186.76,4481310.44,3217256.0,0.0001,0.0001,8.700666666666668e-05,93869.60975,10912186213.352253,1.196936540173611,1.0474122881944445,2036633.8721423612,7466625778.422581,1.4807110239930554,1.0758618645833333,9241295.32329861,1668607516.0385265,3.2701299158333335,1.0520191493055555
2025-07-26,117614.31,118297.35,117138.38,117919.99,6991.67206,790372.0,3724.97,3793.0,3697.66,3741.1,407259.7024,1720495.0,186.75,189.78,184.29,184.88,1773453.875,1197596.0,0.0001,0.0001,0.0001,90073.39577430555,10606165536.93855,0.9429408573958332,1.19335596875,2047900.2049201387,7659386848.018587,1.2378939578125001,1.1258146944444443,8977493.422916668,1675071492.1199813,2.717162930763889,1.0929465381944443
2025-07-27,117919.99,119766.65,117825.5,119415.55,9328.30919,1095080.0,3741.11,3879.82,3731.0,3872.1,457352.4605,2299384.0,184.89,190.7,184.53,188.64,2233060.133,1619218.0,0.0001,9.400333333333334e-05,0.0001,89602.01710069444,10616024608.841995,0.8408618864930556,1.2572812604166665,2070442.3563680553,7875085266.010264,1.144791161423611,1.1103053055555554,8935443.235937499,1671538605.4817672,2.8771383590277777,1.1371177708333333
2025-07-28,119415.56,119800.0,117427.5,118062.32,13961.74754,1824777.0,3872.11,3941.0,3754.0,3799.0,620994.7463,3161770.0,188.64,195.26,182.16,183.11,4067872.127,2788739.0,0.0001,0.0001,0.0001,91233.60346527777,10822789955.323736,0.8511340634722222,1.0218654305555555,2157314.57296875,8296793124.343388,1.2875338100347222,1.067777875,9068289.579895834,1716141423.2642713,2.794816686111111,1.0526039861111112
2025-07-29,118062.32,119273.36,116950.75,117950.76,15137.93445,1956694.0,3799.0,3886.44,3716.04,3793.79,584210.4393,3121489.0,183.1,186.68,178.3,181.48,2541912.036,2159517.0,0.0001,8.164666666666668e-05,1.5626666666666667e-05,91360.86637152778,10794783235.873081,0.9390053813888889,1.1483292465277777,2096019.516138889,7963207691.502884,1.3925302259027776,1.0900109965277778,8931366.581388889,1630488066.7049503,3.1838584430555557,1.0413018368055555
2025-07-30,117950.75,118792.0,115796.23,117840.3,15586.73631,1997369.0,3793.79,3834.03,3677.65,3810.0,525424.9003,3128399.0,181.47,182.56,170.29,177.77,3297250.187,2502481.0,0.0001,3.037e-05,2.4956666666666668e-05,90920.18241666666,10705152212.822447,0.9635849196874999,1.0812206493055556,2078519.3668125,7872559557.432088,1.3627438029166667,1.0188678159722222,9047002.728541667,1618442706.9219077,3.3983659320833333,1.009934138888889
2025-07-31,117840.29,118922.45,115500.0,115764.08,17010.0073,1859532.0,3810.0,3878.67,3684.33,3698.39,516088.4503,2754480.0,177.77,182.7,171.44,172.22,2624841.783,1927344.0,8.564666666666667e-05,4.660666666666667e-05,1.57e-05,91059.19680902778,10738919734.431255,0.9233637079166667,1.0756782534722222,2083771.8695763887,7940415619.324407,1.260932137048611,1.0438016597222222,8908525.032916667,1589320370.5689905,3.290216343125,1.0399189965277778
2025-08-01,115764.07,116052.0,112722.58,113297.93,24487.10206,4160829.0,3698.39,3724.02,3431.75,3488.2,783869.1517,5288678.0,172.22,172.26,159.2,162.71,4317529.315,3348302.0,1.9406666666666665e-05,7.409999999999999e-06,2.1486666666666662e-05,89433.73544444444,10268567751.198616,1.3711190706597223,1.0857974027777777,2073499.1108819444,7499144025.0365715,1.9199231721527776,1.0410147673611112,9156017.740208333,1535380927.4900029,3.6246346011458335,1.0079734756944445
2025-08-02,113297.92,114063.49,112003.0,112546.35,11507.33428,2165714.0,3488.21,3537.69,3368.29,3393.94,494195.7094,3703627.0,162.71,165.3,155.83,158.48,2208175.075,1637688.0,3.380333333333333e-05,4.805666666666666e-05,1.2613333333333332e-05,87718.26353819444,9938432334.463413,1.5160161497569444,1.072921079861111,2019390.6809895833,7014829932.093388,1.9677562981944443,1.0360554965277777,9104410.284652777,1476574069.253768,3.4926199068402775,1.0473182604166666
2025-08-03,112546.35,114799.97,111920.0,114208.8,7397.76046,1419281.0,3393.94,3521.79,3354.28,3496.74,296347.6758,2428479.0,158.49,163.14,156.28,161.97,2297909.311,1081075.0,5.89e-05,5.4173333333333325e-05,-7.851e-05,85850.16555555555,9765672568.742031,1.5288501289583332,1.1329939722222222,1998412.324861111,6927094966.192022,1.930530498159722,1.1427694270833333,9333483.063958334,1502984435.5234768,3.610329228020833,1.050321986111111
2025-08-04,114208.81,115720.0,114107.6,115055.03,9667.67916,1954230.0,3496.75,3736.73,3490.73,3720.99,463349.9861,3316870.0,161.98,169.8,161.26,169.55,2688954.158,1905885.0,4.606333333333334e-05,2.1476666666666667e-05,-9.096333333333332e-05,85110.07710416667,9761428740.286318,1.4407450623263889,1.0721341597222223,1986251.6369201387,7159814712.163116,1.7299753973958334,1.0544772638888888,9250228.488541666,1523127555.7171454,3.5613026911458334,1.1042614895833334
2025-08-05,115055.03,115127.81,112650.0,114129.75,12042.79078,2581052.0,3720.99,3722.24,3546.0,3612.0,489070.9589,3721006.0,169.55,171.73,161.3,164.09,2554958.009,2110779.0,6.824666666666668e-05,1.5443333333333332e-05,-3.503333333333333e-05,84632.79351041667,9652744457.308636,1.4462578353472222,1.0123179548611112,1951916.157701389,7084442449.3819,1.6841541669444444,1.0745496145833333,9163779.384305555,1525195953.0806513,3.1504736103819444,1.0469505416666667
2025-08-06,114129.75,115716.0,113355.13,114992.27,9761.15318,2026500.0,3612.01,3698.6,3564.19,3683.31,365309.9205,2912356.0,164.09,169.93,161.13,168.09,1797491.429,1632609.0,7.578333333333334e-05,5.619666666666666e-05,-2.8613333333333336e-05,83755.90119791667,9579885368.200993,1.3457633287500002,1.0693652777777778,1912731.4813784722,6940985112.950617,1.6421280628819444,1.0915576805555556,9155864.684027778,1512745332.2599835,3.1231769950694446,1.0153012743055556
2025-08-07,114992.27,117621.0,114259.0,117472.01,13468.56263,2314671.0,3683.31,3927.77,3647.63,3910.31,631678.9872,3495451.0,168.1,175.51,166.7,175.36,3014662.995,1828953.0,6.230666666666666e-05,6.837333333333332e-05,5.225666666666667e-05,83861.4471736111,9713696619.122475,1.1537735990625,1.2417016979166666,2003669.1896527777,7568640102.603684,1.1461193617708334,1.0741133680555555,8958237.703194445,1524887927.3961678,2.8170436415277775,1.0800180520833333
2025-08-08,117472.02,117630.0,115878.71,116674.74,10045.31278,2095304.0,3910.3,4071.0,3880.0,4009.5,723300.0109,4175115.0,175.37,179.66,173.43,176.78,3678790.655,2321015.0,4.035e-05,8.086666666666668e-05,3.554e-05,82986.87367361112,9679286119.318726,1.059829063263889,1.1529168993055556,2100583.4785312503,8301725100.037855,0.9624407717013889,1.0576403819444444,8852097.957430555,1558855338.32604,2.662519384722222,1.0408186041666667
2025-08-09,116674.74,117944.05,116299.13,116462.25,9514.13144,1390951.0,4009.51,4326.2,4006.63,4260.62,691932.1048,3932997.0,176.79,183.45,176.64,179.95,3325504.387,1827513.0,7.691000000000001e-05,0.0001,8.685666666666666e-05,83401.48935763889,9736252199.768444,1.161126769826389,1.3371051388888888,2222235.9706979166,9281953487.984962,0.8810516776041667,1.0688345277777778,8866888.521388888,1598934855.2477915,2.6963495546180556,1.1126230277777778
2025-08-10,116462.25,119311.11,116460.63,119294.01,14322.77073,2317065.0,4260.63,4332.6,4153.07,4250.57,494843.8105,3319102.0,179.96,186.18,177.51,182.66,4197287.287,2213416.0,9.949666666666667e-05,9.972000000000001e-05,9.151333333333332e-05,85735.74154861111,10133021575.753918,1.0483575373611111,1.1651507534722223,2177548.944170139,9204274745.598585,0.9847076746180554,1.068293777777778,8962139.580902778,1629282044.5759685,2.8344207770486114,1.0690805416666667
2025-08-11,119294.27,122335.16,118050.11,118686.0,26494.33429,4021743.0,4250.58,4366.46,4166.77,4223.22,722664.04,5162548.0,182.67,186.8,173.43,174.84,3960743.531,2540822.0,0.0001,9.409e-05,6.609e-05,91925.77070833334,11064486364.550537,0.8521019161805555,1.1266040416666667,2165442.778072917,9247567815.810646,0.9396832518402777,1.0017859930555555,9088898.325555556,1641424110.5098443,2.8715781874652775,0.9880845312500001
2025-08-12,118686.0,120324.43,118207.47,120134.08,16720.10893,2737841.0,4223.22,4639.7,4219.04,4590.52,885288.0652,5104868.0,174.83,193.76,173.6,191.78,5074348.157,2634085.0,8.843666666666666e-05,7.886333333333334e-05,-1.9513333333333332e-05,89381.76718402778,10650875039.63282,1.0523904766666667,1.114579090277778,2224734.3260208336,9767799448.173796,0.8523273762847222,1.023231388888889,9303964.49625,1678747690.5892186,3.0997487598611113,1.0616698020833333
2025-08-13,120134.09,123667.79,118920.92,123306.43,23210.07102,3712817.0,4590.52,4783.85,4564.33,4749.3,925931.4988,5293034.0,191.77,204.96,191.48,201.51,7148726.279,3943926.0,9.041000000000001e-05,0.0001,0.0001,90840.34002083333,10973470723.134832,0.9430523136805555,1.0621027395833333,2311722.302940972,10805138391.109474,0.9098263673958333,1.038708607638889,10435348.046909723,2075798214.7539814,2.1457327246180555,1.0587580381944446
2025-08-14,123306.44,124474.0,117180.0,118295.09,27980.947586,4350449.0,4749.31,4788.0,4451.33,4546.84,1265449.0453,6488264.0,201.51,209.86,186.68,192.47,8965607.314,5852370.0,0.0001,0.0001,0.00015292,93537.30310416667,11261439929.500555,0.9803273076041665,1.0392800868055554,2269501.5366944443,10562380728.266851,1.0153060672569445,1.0235956041666665,10919457.295868056,2179835549.535698,2.1180130368750003,1.0261215138888888
2025-08-15,118295.09,119216.82,116803.99,117342.05,13623.33874,2895016.0,4546.84,4672.67,4368.0,4439.47,880409.2591,5091385.0,192.46,198.07,183.3,185.72,4360287.396,3117056.0,4.5503333333333335e-05,8.746333333333333e-05,8.008e-05,90922.22996180555,10741229398.111517,1.2752181553125002,1.1477273229166667,2180629.6773784724,9906889813.73662,1.2206376218055555,1.0280396909722223,10475976.550416667,2000759745.9359615,2.7334775852777775,1.0259290208333334
2025-08-16,117342.04,117898.99,117143.98,117380.66,6393.68117,1179842.0,4439.47,4490.42,4372.54,4421.99,358676.5884,2446573.0,185.71,190.06,185.2,189.6,2099818.448,1394994.0,8.713666666666667e-05,5.641666666666667e-05,3.0646666666666666e-05,89884.83207986111,10566217599.487995,1.3239086523263888,1.3739810972222222,2175522.794104167,9625435971.657412,1.4683455822569444,1.0704234618055555,10318213.05826389,1936834043.203713,2.893769356701389,1.0642207986111112
2025-08-17,117380.66,118575.0,117172.21,117405.01,5898.64192,1177563.0,4422.0,4576.0,4393.98,4472.33,442461.3829,2844829.0,189.61,195.89,187.35,190.99,2261555.556,1584860.0,4.916e-05,3.1116666666666666e-05,8.245000000000001e-05,90043.12868402778,10611996856.672659,1.3224605757638888,1.1497386527777778,2201120.0379340276,9887133710.271008,1.451828407326389,1.021692638888889,10361351.210694443,1989714731.6883447,2.6337069236111113,1.072760861111111
2025-08-18,117405.01,117543.75,114640.14,116227.05,17745.93954,3346280.0,4472.34,4481.88,4225.86,4312.99,823188.1269,4938429.0,191.0,191.33,180.0,182.94,3374074.697,2339848.0,2.4866666666666667e-05,6.260666666666667e-05,-7.933333333333334e-06,88740.95854513888,10274652167.687183,1.5061259645486111,1.1088864270833332,2135031.2016701386,9237917372.51778,1.7419649726388888,1.05915896875,10201930.8134375,1867935910.2032576,3.410621613888889,1.018750704861111
2025-08-19,116227.05,116725.69,112732.58,112872.94,18065.47424,3291182.0,4312.99,4355.0,4067.34,4075.59,831222.7951,4828050.0,182.94,185.87,175.69,176.22,3260089.959,2553489.0,5.5219999999999996e-05,0.0001,2.785e-05,87478.26196527778,10021684352.150764,1.4931449994791666,1.0617164791666667,2228140.118708333,9411781158.009243,1.8553383521875,1.019453579861111,9895235.574791666,1780589883.1301808,3.4212017881944443,1.0536437395833333
2025-08-20,112872.95,114615.38,112380.0,114271.24,15636.34194,2998370.0,4075.58,4378.0,4060.0,4336.16,728324.8933,4768196.0,176.22,187.97,176.04,187.94,3464957.674,2509424.0,3.614333333333333e-05,6.462666666666667e-05,7.130333333333333e-05,86840.46894791667,9870062547.624397,1.6847917571527777,1.1113320347222222,2207188.9593506944,9327886005.756199,1.8740703439930557,1.0265143784722222,9746443.942222223,1776049667.558529,3.026710927048611,1.09958134375
2025-08-21,114271.23,114821.76,112015.67,112500.0,10839.69235,2357380.0,4336.16,4340.26,4204.2,4225.3,433836.3992,4202357.0,187.95,190.1,179.43,180.29,2914511.603,2294252.0,5.4380000000000005e-05,4.9183333333333334e-05,7.122e-05,87871.83344444445,9949745691.47433,1.6879344315625,1.1619474027777779,2186904.140857639,9344486617.445068,1.6737960280902777,1.0293078263888888,9906351.909166668,1825554467.5424507,2.809042385381945,1.0763570243055556
2025-08-22,112500.0,117429.05,111684.79,116935.99,23128.09037,3438518.0,4225.3,4887.59,4207.39,4832.07,1277976.63526,6440351.0,180.3,202.4,177.27,200.69,6594118.389,4028924.0,7.721e-05,6.35e-05,7.767000000000001e-05,88814.8549201389,10158300890.359161,1.672803242326389,1.152423295138889,2225808.551177083,10000849651.348885,1.5026045484722221,1.0297146493055556,10008343.139166666,1884059520.640483,2.8626265143402776,1.0531081076388888
2025-08-23,116936.0,117030.0,114560.0,115438.05,11329.36197,1559569.0,4832.07,4832.07,4659.7,4778.4,512442.0888,3011610.0,200.69,208.62,195.26,204.14,4788640.759,2877535.0,9.903666666666667e-05,0.0001,0.0001,90428.54925694445,10441622701.002314,1.4635294210416667,1.2485800729166667,2337796.302388889,11083753021.541725,1.0726272555208334,1.058084732638889,11013129.288263889,2233645109.8810377,1.7907456946527778,1.1118618541666665
2025-08-24,115438.06,115666.68,110680.0,113493.59,21175.98462,2573906.0,4778.4,4956.78,4711.0,4780.15,780668.77842,4316811.0,204.15,211.99,201.09,205.98,7165649.238,4288191.0,0.0001,0.0001,0.0001,92937.38096527777,10640100032.888847,1.679935330277778,1.1735874027777777,2326400.6518333335,11147230956.726564,1.0345374996527776,1.0238492638888887,12025206.9290625,2488656908.357855,1.6272633784722224,1.082182673611111
2025-08-25,113493.59,113667.28,109274.1,110111.98,25182.79379,4695718.0,4780.15,4797.97,4334.13,4376.18,1043917.1659,6296796.0,205.99,213.6,185.33,187.2,7953100.753,5377684.0,9.448000000000002e-05,3.743666666666667e-05,0.0001,93061.68883333333,10404896455.057302,1.9261788593750002,1.0728096770833333,2213643.699409722,10183900218.058815,1.3961250318402778,1.0589508680555555,11577430.095312499,2303394091.338465,2.1861913298958333,1.0127161666666666
2025-08-26,110111.98,112371.0,108666.66,111763.22,18452.43877,4077474.0,4376.17,4633.46,4311.04,4600.63,834750.2767,5640502.0,187.19,198.1,185.58,195.86,4734419.522,3831434.0,6.140666666666667e-05,4.5666666666666664e-06,2.4096666666666666e-05,89279.44461805555,9842819690.376852,2.0722619184722224,1.0710747569444445,2102395.338972222,9408632996.714691,1.7250762842708331,1.0648483229166665,10953744.056805557,2088410644.2235188,2.874959737222222,1.0668650972222222
2025-08-27,111763.22,112625.0,110345.42,111262.01,13392.60875,3111496.0,4600.63,4663.93,4481.53,4506.71,606669.3611,3920404.0,195.85,212.08,193.78,202.95,7835140.154,5143734.0,3.600333333333333e-05,1.7553333333333334e-05,0.0001,88820.13749652778,9897689586.57853,1.8398309015624998,1.1280775555555556,2060536.2534375,9453992737.116732,1.4375078220833333,1.0485541944444445,11688270.014618056,2383944188.1736546,1.7338666093750001,1.0714108854166666
2025-08-28,111262.01,113485.9,110862.42,112566.9,11104.27744,2066780.0,4506.71,4633.97,4430.0,4511.21,485243.4027,3236156.0,202.95,216.89,201.72,214.43,7247306.546,3790488.0,7.500666666666666e-05,3.594333333333333e-05,0.0001,88414.45572222222,9943026369.880611,1.6300338065625,1.1546357881944445,2018528.354128472,9157065726.736296,1.6436684820833334,1.0936911111111112,12384207.398958333,2616464051.8530054,1.2983818163541665,1.0892044305555555
2025-08-29,112566.9,112638.64,107463.9,108377.4,22580.31045,3606959.0,4511.2,4516.75,4265.0,4360.18,679063.8777,4406428.0,214.43,218.0,199.85,205.08,8607486.597,4655834.0,3.587e-05,2.735e-05,7.800666666666667e-05,88682.84480350878,9732931865.540077,2.0058549906315792,1.1094601859649122,2014003.0944491227,8826729215.51451,2.02447506477193,1.0241470877192982,12195670.35185965,2546658371.2052684,1.5038287629473683,1.0421962421052633
2025-08-30,108377.4,108926.15,107350.1,108816.33,10708.39159,1411040.0,4360.18,4415.61,4257.2,4373.7,340319.1826,2086140.0,205.09,207.06,197.52,202.7,3894576.115,1971665.0,7.848000000000001e-05,2.370333333333333e-05,2.9033333333333345e-06,89536.12642361112,9710601293.630564,2.3377137969791666,1.2353373368055556,2007556.0923958335,8755515811.413874,1.9559740960416667,1.0983759618055555,11614000.059930556,2350301324.0446353,2.1614762505208334,1.0785727118055555
2025-08-31,108816.33,109480.02,108076.93,108246.35,9489.51596,1366633.0,4373.7,4498.47,4372.63,4391.83,356586.1861,2221987.0,202.7,206.66,200.28,200.62,3303223.948,1543137.0,4.5056666666666665e-05,9.996666666666667e-06,6.769e-05,89916.0141875,9780083214.990038,2.258183387951389,1.2796054374999999,2009876.2807569446,8958648722.34299,1.6845173310069446,1.1216646597222222,11484750.695694445,2344745134.957201,2.1100428399305553,1.06803003125
2025-09-01,108246.36,109912.4,107255.0,109237.42,16053.60219,2729384.0,4391.83,4491.84,4210.61,4314.5,513830.0395,4011776.0,200.62,204.58,194.19,197.32,4464767.773,2833944.0,6.541e-05,-1.0973333333333334e-05,4.037666666666667e-05,89810.62007638888,9747507634.06374,2.0767639240972224,1.0944523159722221,2007255.3599548612,8781744415.084166,1.9142980872916668,1.0959796458333333,10931229.417395834,2175282438.064966,2.4707007867361113,1.0291239583333334
2025-09-02,109237.43,111771.52,108393.39,111240.01,18510.28756,2596328.0,4314.5,4416.78,4257.85,4326.5,524605.0512,4161006.0,197.32,209.68,196.77,209.65,4894637.549,2854002.0,7.369e-05,2.981666666666667e-05,8.149333333333333e-05,89797.55163194444,9907829939.182253,1.6415900540972224,1.100306701388889,2002144.6303680555,8687880491.252642,1.9934314407638891,1.0259485729166666,10857409.613854166,2204900152.317877,2.06323527375,1.0550621145833334
2025-09-03,111240.01,112575.27,110528.71,111705.71,11773.72084,2214249.0,4326.49,4490.64,4283.23,4450.46,487091.6861,3491341.0,209.64,213.02,207.42,210.77,4063191.683,2104093.0,2.746e-05,1.625e-05,6.482e-05,89673.07326041667,9996977996.14682,1.4580537646180556,1.0873690868055557,1987226.3595312499,8718074451.96516,1.8239255538541665,1.0295145555555556,11572778.070451388,2428616094.0629,1.401727920173611,1.0922115763888889
2025-09-04,111705.72,112180.0,109329.12,110730.87,12203.13536,2230255.0,4450.46,4482.05,4265.33,4297.55,471795.7096,4087637.0,210.77,211.94,201.84,202.32,2726779.277,1685149.0,4.7113333333333335e-05,-7.426666666666667e-06,5.489333333333333e-05,89520.71366319444,9902040722.818052,1.6572524990625002,1.1876168333333332,1966024.8549583335,8581637197.954866,2.0107767627083337,1.0715282534722224,11305806.084965277,2332384354.6448293,1.7614397692708335,1.0469219409722221
2025-09-05,110730.87,113384.62,110206.96,110659.99,21587.40888,2970419.0,4297.56,4490.0,4256.03,4307.45,624169.8754,4751518.0,202.32,210.0,200.95,203.36,4121395.255,2398880.0,8.468000000000001e-05,-2.0433333333333333e-05,7.193333333333334e-06,89206.4090625,9944445199.97133,1.6029279639236111,1.1203644722222221,1962596.0531041669,8518932962.707221,2.3084088213541665,1.0984397048611112,11020733.327743055,2254787576.0320735,2.348030564861111,1.0038859895833334
2025-09-06,110660.0,111307.7,109977.0,110187.97,5000.29897,795201.0,4307.46,4329.3,4236.0,4273.14,191166.0686,1711937.0,203.37,204.68,199.32,200.16,1481500.997,793661.0,4.022333333333333e-05,1.970666666666667e-05,6.884666666666667e-05,87217.77709375,9642595414.920788,1.814449826076389,1.3266915173611111,1959496.2285243059,8409827043.380853,2.4523388897569443,1.2072993090277777,11201298.1784375,2263515669.1159587,2.7361087920833334,1.0343062708333333
2025-09-07,110187.98,111600.0,110180.0,111137.34,5681.29944,874961.0,4273.15,4336.02,4270.81,4306.19,169620.8372,1450115.0,200.17,207.95,200.12,206.35,2217510.763,891331.0,4.183333333333334e-05,6.0729999999999996e-05,3.2083333333333325e-05,87988.05371180555,9758680443.160301,1.7691658312847223,1.3342939826388889,1983589.613027778,8516870884.44274,2.4936005275694444,1.1214135902777778,11268868.264826389,2289900737.084718,2.7268268717708333,1.07673790625
2025-09-08,111137.35,112924.37,110621.78,112065.23,11582.40211,1744598.0,4306.19,4384.06,4279.0,4306.37,372882.4355,2889398.0,206.35,217.11,205.59,214.11,5729678.935,2394975.0,7.799e-05,4.567000000000001e-05,0.0001,90550.58450347223,10119715868.851925,1.5393197686805555,1.2686164930555557,1987778.3145729166,8572895336.073476,2.4124072582986114,1.0801776250000001,12012287.589131944,2545022247.1714706,1.5122827969791668,1.0727246909722221
2025-09-09,112065.23,113293.29,110766.66,111546.39,15379.28248,2143242.0,4306.36,4381.87,4276.76,4310.09,405485.7821,3068397.0,214.11,219.79,210.79,217.21,4979304.713,2271930.0,7.933e-05,7.117e-05,9.638666666666666e-05,91798.16190625,10269959306.710094,1.5497053383680557,1.1747913020833334,2006279.045027778,8657378202.023481,2.4434776384722223,1.064777423611111,12534053.204444446,2705861077.9173307,1.2170759645833333,1.1008982812499999
2025-09-10,111546.38,114313.13,110917.45,113960.0,17517.41823,2182534.0,4310.08,4453.57,4285.1,4349.32,506633.9098,3221192.0,217.22,226.0,215.09,224.07,4824185.212,2291606.0,6.943666666666667e-05,8.325333333333334e-05,7.872333333333333e-05,92652.1135,10441807641.878681,1.4289850802430555,1.1258894166666666,1998478.1818611112,8668387850.016333,2.2976610778819446,1.1036549965277778,13013023.520972222,2874939078.502969,1.0836736186458333,1.0586109444444445
2025-09-11,113960.0,115488.09,113430.0,115482.69,13676.73119,2166359.0,4349.33,4481.09,4338.82,4458.82,441259.6649,3446340.0,224.06,228.95,221.72,228.73,4352357.001,2350356.0,4.4840000000000004e-05,6.614e-05,4.1496666666666665e-05,93442.66799652779,10669973453.092587,1.1009118938541667,1.0774922361111112,2003811.8561041665,8845532368.650745,1.741754316111111,1.1087396458333334,13258761.503263889,2986997293.5146427,1.0211464852777778,1.0250161631944446
2025-09-12,115482.69,116665.63,114740.99,116029.42,15324.10719,2481491.0,4458.83,4748.4,4450.71,4712.16,510777.5402,3859691.0,228.73,244.04,228.11,242.18,5891653.931,2743953.0,5.598666666666667e-05,8.285999999999999e-05,4.746666666666666e-06,92464.25470486112,10674974947.537941,1.03192826125,1.1260656770833333,2055656.9248680556,9370499605.646017,1.4259907293055556,1.0986168506944445,13283815.87951389,3160687198.682531,1.052363975763889,1.0190741597222222
2025-09-13,116029.41,116298.78,115127.27,115918.29,8269.40394,1223635.0,4712.16,4769.36,4605.0,4666.53,394393.6869,2711137.0,242.18,244.14,235.73,242.38,3305661.265,1663122.0,1.2780000000000001e-05,9.938333333333334e-05,4.553e-05,90872.09013888889,10521557971.416069,1.027185529722222,1.2763890104166666,2043463.6463020833,9587065884.238045,1.3323165744444445,1.1291469166666668,12878727.819513889,3107446202.2315283,1.1334310819097224,1.08639775
2025-09-14,115918.29,116165.19,115135.0,115268.01,6707.60197,1237218.0,4666.54,4692.36,4576.89,4604.49,278244.3205,2561665.0,242.38,249.6,239.23,239.76,4165171.128,2465676.0,5.359e-05,4.7449999999999995e-05,2.7856666666666667e-05,88874.1775,10280559215.99815,1.0449693668402777,1.4152793194444444,1986517.0931145835,9212917533.414192,1.4671339992361112,1.0739080555555556,12546153.251701389,3075913070.3298793,1.125864775625,1.0104008194444445
2025-09-15,115268.01,116757.99,114384.0,115349.71,13212.51149,2857989.0,4604.48,4670.28,4466.0,4523.74,412291.9687,3889905.0,239.75,244.0,230.15,234.31,4733589.619,2667457.0,7.551666666666667e-05,5.8439999999999996e-05,1.6513333333333333e-05,88598.01209722222,10206955937.4893,1.1476125955555556,1.0666828125,1990533.7612951389,9058536509.707615,1.818488698576389,1.0668096458333334,12150030.956527777,2875211617.959745,1.410544261875,1.0545806458333333
2025-09-16,115349.71,116964.27,114737.11,116788.96,10926.9094,2047058.0,4523.74,4538.25,4424.0,4501.29,293307.1099,2967454.0,234.32,240.95,231.26,236.96,3181627.06,1950517.0,4.82e-05,3.701e-05,7.274666666666667e-05,88379.67696875,10230207988.591627,1.087812404548611,1.1565585208333333,1967894.3546631944,8851075819.439613,2.2055485896527776,1.0972651041666668,12039974.768958334,2840227569.4854813,1.5927005839583335,1.04148753125
2025-09-17,116788.96,117286.73,114720.81,116447.59,16754.2454,3227418.0,4501.3,4616.77,4412.0,4590.53,476981.4561,3859374.0,236.96,246.62,232.23,244.84,4771529.493,2695846.0,7.238666666666666e-05,4.061e-05,1.7506666666666666e-05,89796.94414583333,10439938075.542938,1.0448230398958334,1.1844146076388888,1929568.7505625002,8696359982.73891,2.3249231125694445,1.0239957395833335,11906865.785381945,2812896834.7905064,1.7431765717708334,1.084609138888889
2025-09-18,116447.6,117900.0,116092.76,117073.53,11657.23365,2252654.0,4590.54,4644.47,4553.7,4587.66,290660.377,2922079.0,244.84,253.51,242.58,247.5,3916890.908,2112417.0,6.025666666666666e-05,3.804333333333333e-05,6.729e-05,89832.76834027778,10529497918.232841,0.9800334122916667,1.1174797152777778,1930949.8350173612,8871796982.77544,1.8394380673958333,1.0622617743055556,12315485.070138888,3040656225.663058,1.3680195027083333,1.0053603923611112
2025-09-19,117073.53,117459.99,115100.0,115632.38,8992.09065,1732471.0,4587.66,4620.72,4435.7,4468.59,331611.1482,2302227.0,247.5,248.57,235.12,238.53,3384985.698,1817232.0,2.3806666666666663e-05,1.7233333333333333e-06,6.823333333333333e-05,90217.99947222223,10490205157.701134,1.0624895596527777,1.1228860277777777,1997222.1058055556,9016169001.93882,2.1428515957638887,1.0380713923611111,12500463.350243054,3020567582.6604977,1.6159811437152778,1.0425110000000002
2025-09-20,115632.39,116121.81,115408.47,115685.63,4674.92752,740451.0,4468.59,4508.71,4454.45,4480.42,130781.913,1094083.0,238.53,241.22,236.91,239.48,1550489.215,954135.0,9.08e-06,-2.579999999999999e-06,-4.404333333333333e-05,89667.22006944445,10374473341.724968,1.2598418203472221,1.2986110868055556,2024940.644871528,9060590907.697033,2.417414679791667,1.1175579895833332,12426914.062916666,2965847419.072191,1.9537685556944444,1.2060899479166667
2025-09-21,115685.63,115819.06,115188.0,115232.29,4511.52219,945965.0,4480.41,4498.16,4443.0,4444.97,149349.8262,1098813.0,239.48,241.82,235.32,236.16,1392437.976,1012982.0,3.2766666666666652e-06,1.8316666666666664e-05,1.6383333333333333e-05,88777.6081076389,10253655962.998135,1.2628305633680557,1.5618528368055555,2029191.6541284723,9075425148.676493,2.3892902114930554,1.1678356284722222,12401571.789340278,2960797409.344517,1.9777310230208331,1.0717530729166667
2025-09-22,115232.29,115379.25,111800.0,112650.99,20781.71356,3045876.0,4444.98,4455.76,4077.0,4199.08,708243.2348,4143966.0,236.16,236.96,214.5,220.38,5836593.703,2962747.0,4.415333333333333e-05,-6.87e-06,-3.766666666666666e-05,88565.86526388889,10016253148.452705,1.4016512629513889,1.0520233611111112,1984119.7743576388,8364659545.448354,2.409410081909722,1.0316793784722222,11734670.749618055,2628332729.9947987,2.193685999375,1.0472873541666667
2025-09-23,112650.99,113290.5,111458.73,111998.8,12301.3203,2455729.0,4199.09,4229.03,4114.39,4164.26,315227.9057,3449275.0,220.39,221.71,212.34,213.3,3448908.468,2084709.0,7.207666666666666e-05,1.0706666666666665e-05,3.362666666666667e-05,87485.53660763889,9839077254.789537,1.4977098596527778,1.2006407395833334,1906500.3115937498,7970438005.82838,2.370402572847222,1.073872861111111,11514751.935972221,2504848051.9669037,2.5666637904861114,1.026687736111111
2025-09-24,111998.8,113940.0,111042.66,113307.0,12369.25967,2229837.0,4164.25,4206.9,4073.74,4152.81,353665.5671,3119658.0,213.29,216.45,204.81,211.6,4427457.526,2319661.0,5.649e-05,-6.413333333333333e-06,1.8616666666666664e-05,88285.05268402777,9965644470.932426,1.4392713584027779,1.1630684652777776,1928286.6849201387,8037276684.478875,2.4862812047222222,1.094848628472222,11678932.995243056,2476677320.08623,2.9516276735763887,1.0191111944444444
2025-09-25,113307.01,113510.23,108631.51,108994.49,21231.14957,4409953.0,4152.81,4161.04,3815.0,3874.36,930327.6951,7611345.0,211.61,212.44,191.32,192.74,6761257.291,3572335.0,3.69e-05,-2.2373333333333335e-05,-4.230333333333333e-05,86731.4023611111,9641479387.044994,1.5838212148611113,1.052702704861111,1986527.188229167,7927584731.650659,2.742716939444444,1.062868076388889,11590708.6728125,2342734530.6032248,3.227888110486111,1.0318926006944444
2025-09-26,108994.49,110300.0,108620.07,109643.46,14243.01591,3257155.0,3874.35,4068.3,3867.65,4032.24,575711.0859,5466636.0,192.73,205.52,190.8,205.17,5623202.874,2949417.0,5.0730000000000004e-05,5.650999999999999e-05,-1.6686666666666667e-05,85516.38552083334,9350354398.529503,1.793279978298611,1.0880501631944446,1957789.5657708335,7749575784.199694,2.4124288575694446,1.0631265625,11357931.23,2239311114.4592977,3.26787346125,1.0597005972222222
2025-09-27,109643.46,109743.91,109064.4,109635.85,5501.78643,919594.0,4032.24,4039.01,3972.98,4018.38,172693.2638,1940113.0,205.16,205.43,199.88,203.46,2104933.415,1142963.0,3.745333333333333e-05,4.2596666666666665e-05,-1.7333333333333336e-05,84892.45392708333,9285401182.789497,1.7989582454513888,1.3139094479166666,1911438.8154375,7662306318.739637,2.232289885277778,1.1278293680555556,11316176.666597223,2292919133.5934186,3.0643927771180555,1.0557297326388888
2025-09-28,109635.85,112350.0,109189.99,112163.95,7542.3316,1484866.0,4018.39,4144.88,3966.0,4142.16,240331.8589,2500609.0,203.47,211.0,198.0,210.83,2194260.074,1301607.0,4.5169999999999996e-05,6.801333333333333e-05,1.1999999999999997e-06,85264.05186805555,9366775035.797806,1.7218492069097222,1.2215813368055555,1914878.7730729165,7699972376.271534,2.1986290410069445,1.1580199826388888,11149949.27701389,2263081340.048818,3.0997435636805557,1.1154329201388888
2025-09-29,112163.96,114400.0,111560.65,114311.96,15541.12005,2442653.0,4142.16,4235.86,4082.25,4215.07,380728.6784,3612246.0,210.83,214.74,204.58,212.75,3213098.851,1908731.0,1.2159999999999999e-05,1.288e-05,2.4500000000000003e-05,87343.34310416666,9851978140.785826,1.2535213552430555,1.0812281354166666,1906246.2866458334,7897546825.929923,2.0343832858680555,1.0555474513888887,10762085.492152777,2257882437.5629654,2.8617439523958335,1.0189703125
2025-09-30,114311.97,114792.0,112656.27,114048.93,15044.15633,3018331.0,4215.07,4245.0,4092.1,4145.15,391126.6172,4118784.0,212.74,213.67,204.29,208.68,3264781.485,1922286.0,3.61e-05,2.6999999999999996e-07,-8.336333333333334e-05,88735.45873263889,10087582529.29554,1.0736642756944446,1.1396834583333333,1852042.7519895835,7705610818.122511,1.9434017244097221,1.06196875,10553550.3565625,2199728826.685651,3.0359812005555558,1.0722868541666668
2025-10-01,114048.94,118649.1,113966.67,118594.99,20036.39516,3430343.0,4145.15,4355.46,4123.08,4348.03,507026.3822,4138481.0,208.68,222.77,206.31,222.04,4050260.921,2119007.0,5.6040000000000006e-05,8.433333333333338e-07,5.456e-05,90795.16327430555,10541754624.593182,0.9044045211458334,1.1020413368055555,1868710.0242534722,7945217105.045576,1.8238655844791667,1.0765683854166666,10662369.69298611,2294925321.4449205,2.5101866776041666,1.026351371527778
2025-10-02,118594.99,121022.07,118279.31,120529.35,19670.83503,3472073.0,4348.03,4516.74,4332.73,4484.35,526411.1571,4441183.0,222.04,234.99,219.52,234.74,4590696.388,2550516.0,9.109e-05,2.751e-05,-1.32e-05,92608.08059375,11044702129.407341,0.7297974817708334,1.1724521944444444,1949119.0060625002,8601090786.733725,1.6644821059722221,1.0728492013888888,10526747.040520834,2384758432.519372,2.216930417986111,1.0459685729166666
2025-10-03,120529.35,123894.99,119248.3,122232.0,23936.328,4246820.0,4484.35,4591.59,4428.0,4512.87,485684.0267,5149648.0,234.74,237.0,227.13,232.84,4216611.614,2632758.0,9.975333333333333e-05,4.946e-05,1.2333333333333331e-05,94991.99609027778,11490367715.823364,0.6402789876736111,1.086532125,1978210.0923472221,8884675850.726173,1.5817225326041666,1.0427042743055557,10234962.143819444,2370797699.518663,2.0577711507291667,1.0426064340277776
2025-10-04,122232.21,122800.0,121510.0,122391.0,8208.16678,1703590.0,4512.88,4517.93,4440.0,4487.15,199732.7088,2252261.0,232.84,234.05,224.07,227.86,1841410.605,1292594.0,9.437333333333333e-05,3.6983333333333336e-05,3.094e-05,96074.34360416667,11728776419.685966,0.6228892234027777,1.1604208125,1967324.6086840278,8820856519.958418,1.5508408328819445,1.0954476493055556,10098346.149722222,2306560087.9782224,2.1083257746180557,1.0290901319444443
2025-10-05,122390.99,125708.42,122136.0,123482.31,22043.097553,3690670.0,4487.16,4618.17,4467.05,4514.32,506587.9614,3791095.0,227.86,237.22,226.45,228.56,3099633.526,2035300.0,9.404666666666667e-05,8.489666666666668e-05,1.7003333333333334e-05,99272.91430208333,12248740405.53305,0.6253621650694444,1.2291998368055554,1991753.9345069444,9025031085.277504,1.532315916423611,1.0859369201388889,10306433.275555557,2378610115.4119563,2.1164280092708334,1.0715059479166666
2025-10-06,123482.32,126199.63,123084.0,124658.54,19494.628793,4206167.0,4514.32,4735.93,4488.25,4684.01,456200.6528,4677655.0,228.56,237.79,227.55,232.35,2981928.375,2186112.0,7.737e-05,9.298e-05,3.72333333333333e-06,99392.87305555557,12363299988.063414,0.6175381610069445,1.1250229340277778,2006616.5949756945,9242248542.252165,1.4544292902430556,1.0498139513888889,10473540.993125,2442643018.6994233,2.0957357634722222,1.0074694027777777
2025-10-07,124658.54,125126.0,120574.94,121332.95,21633.99385,4390785.0,4684.02,4755.0,4430.43,4447.7,640685.9319,6028668.0,232.35,235.21,219.7,219.97,4401045.757,2553696.0,8.267333333333333e-05,0.0001,-2.345e-05,96993.28365277778,11954177202.310112,0.6685168359375,1.0978292465277777,2003092.5881944443,9243936534.04955,1.4444346099305556,1.0472671770833335,10834156.867604166,2470104538.008851,2.3534211407291665,1.008204982638889
2025-10-08,121332.96,124197.25,121066.14,123306.0,17012.618,4184997.0,4447.7,4558.0,4410.08,4525.72,399904.3287,4771608.0,219.98,229.72,217.3,229.02,3103760.645,2154720.0,5.9793333333333336e-05,2.851e-05,-3.655666666666667e-05,92865.41202083333,11372941462.985905,0.7604393523958334,1.1955137673611111,1933410.6051180558,8665356988.04345,1.794830520034722,1.035660798611111,10826893.8459375,2413363875.7151012,2.6662045615625,1.0818144340277778
2025-10-09,123306.01,123762.94,119651.47,121662.4,21559.36007,4231167.0,4525.72,4531.52,4265.06,4368.09,515978.1829,5181361.0,229.03,229.69,216.53,220.93,3272953.431,2359051.0,2.716333333333333e-05,3.0463333333333334e-05,6.588e-05,94259.65303472223,11473633411.530163,0.8024177792361111,1.0978241145833332,1929221.1212291669,8453222598.743404,1.9594477845833334,1.047699795138889,10362950.818368055,2308155754.4343867,2.6035189923958333,1.0695631319444443
2025-10-10,121662.41,122550.0,102000.0,112774.5,64171.93927,11404522.0,4368.09,4393.63,3435.0,3829.72,1493971.0244,12594514.0,220.93,224.46,168.79,188.43,9622835.429,5852243.0,1.8923333333333332e-05,-2.3666666666666609e-07,2.4100000000000006e-06,93612.32447569445,11197549844.995874,0.9861478462847223,1.0732145381944445,1896877.9334444446,8014772215.994431,2.221857239027778,1.0451833715277778,10114960.797465278,2168157393.3606777,2.985764108125,1.0303918368055556
2025-10-11,112774.49,113322.39,109561.59,110644.4,35448.51652,6661929.0,3829.72,3878.3,3643.33,3746.79,789885.6582,8794145.0,188.43,191.05,172.58,177.62,7292387.248,6001725.0,6.822333333333333e-05,-1.0889999999999994e-05,-0.00221781,74026.81760763889,8268612585.95844,1.3333851001388888,0.9192054548611112,1427601.3060486112,5415602152.6904,2.279847104479167,1.0738752604166666,8792741.626527779,1604284457.3980467,3.3489142677777775,0.9386418194444445
2025-10-12,110644.4,115770.0,109565.06,114958.8,32255.30272,6048575.0,3746.8,4197.7,3694.74,4152.29,811308.152,8286691.0,177.63,199.0,173.0,197.0,6486999.721,4248027.0,-3.701666666666666e-05,-3.563e-05,-0.0010186166666666665,73162.45946527779,8222955901.274119,1.5315155088541668,1.01882628125,1423526.7923958332,5578820158.95174,2.246206704826389,1.0279611493055556,8849820.305520833,1637935727.050277,3.5888713785416666,1.0298810659722222
2025-10-13,114958.81,115963.81,113616.5,115166.0,22557.24033,5739352.0,4152.29,4292.0,4042.29,4240.85,622813.9247,8321249.0,196.99,209.28,190.02,208.69,6253161.511,3592866.0,-1.2426666666666666e-05,2.622e-05,-0.00029719333333333333,76696.40223958333,8816506492.99402,1.424881326875,1.014222888888889,1434009.5326006943,5979746582.61262,1.9943642377083333,1.010569621527778,8868872.801840277,1762433116.0236332,3.3247024225,0.9812733090277779
2025-10-14,115166.0,115409.96,109866.0,113028.14,31870.32974,7425642.0,4240.86,4263.38,3888.74,4125.02,962996.7658,10714712.0,208.69,211.25,191.03,202.44,7349167.875,4266429.0,-2.609e-05,2.8823333333333336e-05,-8.003333333333332e-06,78042.43274652777,8780090380.67456,1.6346386092361112,1.02379121875,1432510.8487291667,5831832429.171817,2.080084761076389,1.0061885381944444,8165715.3184375,1634357584.9713938,2.9862735336805555,1.0172664131944444
2025-10-15,113028.13,113612.35,110164.0,110763.28,22986.48811,5243141.0,4125.01,4217.6,3926.74,3985.61,626081.6966,7421801.0,202.45,208.91,192.04,193.84,5369155.439,3462246.0,-4.089999999999999e-06,2.7260000000000003e-05,1.2506666666666667e-05,79152.42342361111,8847896726.58081,1.7352224991319445,1.0726435868055555,1439281.2705763888,5842157024.596851,2.138285191388889,1.0590079618055557,7804381.360034723,1565218075.869951,3.0498083889583336,1.0280051979166667
2025-10-16,110763.28,111982.45,107427.0,108194.28,29857.17252,6127094.0,3985.61,4086.49,3826.04,3894.51,643804.6163,8451902.0,193.84,198.42,182.03,184.85,5404640.663,3984585.0,-2.6583333333333333e-05,2.9466666666666667e-06,-6.170333333333334e-05,79018.25757291667,8693395216.010551,2.1350140106944444,1.1250658437499998,1464477.0292986112,5816661782.918788,2.5638945480208335,1.00743046875,7770705.3507986115,1488444248.6998208,3.8340880193055558,1.0552196944444445
2025-10-17,108194.27,109240.0,103528.23,106431.68,37920.66838,7570685.0,3894.5,3950.45,3674.5,3831.57,830127.0885,9412569.0,184.84,187.55,174.06,181.96,6102908.877,4990043.0,-4.033333333333333e-06,3.982333333333333e-05,4.5990000000000005e-05,80029.37393402778,8544020668.158936,2.304622225833333,1.0479254722222222,1458739.4979791667,5583798914.812439,2.775214845347222,1.0008509305555555,7551703.340902777,1377742268.3838687,3.8519935070486113,1.039099347222222
2025-10-18,106431.68,107499.0,106322.2,107185.01,11123.18766,2105450.0,3831.58,3927.73,3819.07,3889.21,250710.6121,3174247.0,181.97,188.26,181.75,187.56,2105841.095,1671152.0,-4.958666666666667e-05,3.0063333333333334e-05,-4.067e-05,81843.73047569445,8745728207.910896,2.1524919497569446,1.127096701388889,1468908.900079861,5689042895.609822,2.4207104922916667,1.0476536666666667,7186058.46048611,1332138623.5156317,3.530277161736111,1.0813112812499999
2025-10-19,107185.0,109450.07,106103.36,108642.78,15480.66423,3205640.0,3889.2,4030.94,3827.04,3982.58,408538.2545,4377250.0,187.55,192.29,183.19,187.86,2483964.6,1924138.0,9.626666666666665e-06,3.951333333333333e-05,4.749e-05,81259.47478819445,8756442075.139797,2.152449109236111,1.1228428923611111,1503071.6808645832,5913682980.64663,2.3158571072222225,1.0743293541666668,7094659.550069445,1333467838.011166,3.376435758298611,1.0685417916666666
2025-10-20,108642.77,111705.56,107402.52,110532.09,19193.4416,4283542.0,3982.58,4085.3,3908.73,3979.22,511382.3301,5803391.0,187.86,194.5,183.82,189.71,3178001.499,2433576.0,-9.600000000000001e-06,4.631e-05,-3.681e-05,81899.09582638889,9040898179.19575,1.8268418212152777,1.0798420555555555,1508846.1344444444,6039870879.847889,2.2862256204861113,1.0401728506944443,7135207.684166666,1356457952.977669,3.3756858239930554,1.0118414305555554
2025-10-21,110532.09,114000.0,107473.72,108297.67,37228.01659,6004063.0,3979.22,4110.0,3840.24,3873.05,590594.1382,7015049.0,189.71,197.71,182.72,185.63,4651082.621,2993729.0,-1.9503333333333334e-05,3.7670000000000004e-05,-1.717e-05,83200.53580902779,9126894256.246342,1.8716590638194444,1.1121898506944445,1490074.1309826388,5857729542.335616,2.4682135579513886,1.0361346840277779,7277305.079548611,1369891997.3088827,3.376523269930556,1.03495265625
2025-10-22,108297.66,109163.88,106666.69,107567.44,28610.78451,5547903.0,3873.04,3889.27,3710.0,3805.53,593130.0905,6834244.0,185.62,187.45,177.04,180.12,3977004.715,2949085.0,1.3116666666666664e-05,6.976666666666667e-06,-7.006666666666666e-06,79498.49123263889,8583739696.128642,2.241601012326389,1.1278469479166668,1500992.6536631945,5749148477.327859,2.9704914169444443,1.0534764444444444,7113075.967256945,1305287174.6405773,3.9321826831944446,1.0282409027777777
2025-10-23,107567.45,111293.61,107500.0,110078.18,17573.09294,3721614.0,3805.53,3934.86,3796.54,3856.8,477231.0181,4206428.0,180.13,193.45,179.68,191.35,3501959.115,2124848.0,5.172333333333333e-05,3.295666666666667e-05,2.4893333333333338e-05,76745.90585416666,8391866694.501271,2.0136564144444447,1.0635225451388888,1478566.2882083333,5699449012.561491,2.772441893090278,1.0987053055555556,7152934.197569445,1342396225.7007513,3.1274194277430554,1.0572881875
2025-10-24,110078.19,112104.98,109700.01,111004.89,15005.16913,3241022.0,3856.8,4026.39,3845.86,3934.88,425926.9383,4291705.0,191.36,197.0,188.83,193.59,3356762.626,1753520.0,2.7993333333333335e-05,4.46e-05,7.198333333333334e-05,78210.82559027777,8661369386.41167,1.6565321687152776,1.101044125,1482313.1969444444,5818054539.236813,2.4417035953472226,1.011077954861111,7237651.206458334,1391585194.274331,2.4049682859027777,1.0736082326388887
2025-10-25,111004.9,111943.19,110672.86,111646.27,6407.96864,1238199.0,3934.88,3969.22,3912.4,3953.82,138526.3338,1476147.0,193.58,195.25,191.19,193.84,1626838.938,874157.0,4.024666666666667e-05,3.080333333333333e-05,8.512e-05,78421.77364930556,8734166964.339958,1.4980033184027777,1.2405386006944445,1487166.5321145833,5856254614.062669,2.382764780763889,1.1600667465277779,7326619.631666667,1416934026.2451973,2.348789158715278,1.0718959756944444
2025-10-26,111646.27,115466.8,111260.45,114559.4,13454.47737,2463951.0,3953.81,4178.78,3919.03,4158.46,344698.0918,3249487.0,193.84,202.43,191.9,200.03,2577750.13,1351806.0,3.1140000000000003e-05,7.359666666666667e-05,5.6983333333333334e-05,80642.81847569445,9090932053.905626,1.3610245632291667,1.1066180659722222,1537310.801996528,6176529913.812253,2.007347158020833,1.0813075972222221,7348367.6953472225,1442636320.868275,2.226446436527778,1.0819025069444443
2025-10-27,114559.41,116400.0,113830.01,114107.65,21450.23241,3660488.0,4158.46,4253.72,4095.0,4120.15,487131.2291,5081784.0,200.03,205.33,197.34,198.7,3515609.387,2185287.0,9.101333333333334e-05,9.275666666666667e-05,7.994333333333334e-05,79703.12253472222,9171006911.165508,1.1704467636458333,1.0196705590277777,1591867.2278194444,6651010934.721319,1.6117470105555556,1.084209159722222,7344388.768472222,1478263551.7718046,2.2773247545833333,1.0271833645833333
2025-10-28,114107.65,116086.0,112211.0,112898.45,15523.42257,3829845.0,4120.16,4175.55,3931.33,3979.2,472965.8377,5061999.0,198.71,203.99,190.22,194.15,4329169.961,2719480.0,5.6189999999999996e-05,3.449e-05,3.4553333333333333e-05,77619.92000347222,8862117433.431105,1.2688668099652778,1.1964297881944443,1572871.4534062499,6436531122.04498,1.9216714867013889,1.055840125,7538537.731284723,1502402962.787317,2.443943442569444,1.0254964270833333
2025-10-29,112898.44,113643.73,109200.0,110021.29,21079.71376,4481480.0,3979.19,4036.66,3840.37,3902.99,486452.3127,5571627.0,194.16,201.7,189.37,193.88,4620887.829,3083485.0,2.853e-05,-7.5066666666666645e-06,-3.598333333333334e-05,77054.29002777778,8647635293.867235,1.730271986388889,1.1697754375,1533521.6228819443,6104759654.274494,2.6421388589583334,1.0841283993055555,7868788.899305556,1539764789.8029058,3.1167362767708333,1.1083585902777777
2025-10-30,110021.3,111592.0,106304.34,108322.88,25988.82838,6373451.0,3903.0,3948.74,3680.0,3805.09,531455.9923,6906431.0,193.89,198.19,178.65,184.69,5054538.263,3681828.0,2.7026666666666667e-05,-4.008666666666667e-05,-4.9e-05,78514.07189583333,8557025680.289348,2.3101608692361113,1.0658826006944446,1581976.4005,6073430128.62379,3.2243213210416664,1.0424022499999999,8117654.867326389,1534985518.0388575,3.7342249267013887,0.9928949930555555
2025-10-31,108322.87,111190.0,108275.28,109608.01,21518.20439,5256872.0,3804.95,3906.09,3796.36,3847.99,478636.2995,5000695.0,184.69,190.26,183.7,187.21,3193393.84,2136994.0,6.737666666666667e-05,3.2376666666666664e-05,-9.910000000000001e-05,75373.25033333333,8262217654.577617,2.0906721513541666,1.1686072673611112,1583917.8667847223,6090924775.653294,2.9889119867708334,1.060836670138889,8037341.030937499,1498243196.1990654,4.165942316319445,1.0772523958333333
2025-11-01,109608.01,110564.49,109394.81,110098.1,7378.50431,1994214.0,3848.0,3909.39,3831.0,3873.77,152998.1626,1840903.0,187.21,187.55,183.79,186.35,1484505.22,977810.0,9.927333333333334e-05,7.926666666666666e-05,-6.536666666666665e-06,77562.82360416667,8535255025.245753,1.909911892847222,1.1030212534722221,1578716.1094652778,6106444621.983575,2.7658906090277777,1.1662028298611111,7960785.794861112,1480804798.8072653,3.9758586656249997,1.1062506979166669
2025-11-02,110098.1,111250.01,109471.34,110540.68,12107.00087,2652188.0,3873.78,3918.23,3839.12,3906.58,216083.1542,2433160.0,186.35,188.34,182.0,187.71,1761297.557,1245796.0,7.328333333333333e-05,6.405e-05,2.3333333333333315e-06,76784.78283333333,8468158101.650523,1.8571218393402777,1.09399521875,1610468.5352187501,6235160629.743706,2.7624014296180555,1.1378218194444445,8107421.572361112,1502643612.8496845,4.051882061145833,1.0422096284722222
2025-11-03,110540.69,110750.0,105306.56,106583.04,28681.18779,7074546.0,3906.58,3914.29,3558.82,3603.83,877187.3852,7464333.0,187.71,189.13,163.15,166.06,7327613.063,3910583.0,6.0933333333333335e-05,3.944666666666667e-05,-9.771e-05,76695.48702777777,8249374655.648337,2.184520934409722,1.066564892361111,1699128.8331875,6283628294.247081,3.3815992635763887,1.0076308993055556,8548469.481215278,1488823505.5672555,4.3491515115277775,0.9852133298611112
2025-11-04,106583.05,107299.0,98944.36,101497.22,50534.87376,9099609.0,3603.84,3654.54,3057.0,3287.05,1568004.2379,10283812.0,166.06,168.42,145.85,155.03,8288577.565,5573905.0,7.382333333333334e-05,7.249666666666666e-05,-5.689e-05,78432.47904166667,8133844885.467632,2.412466802743056,1.0571977534722223,1734787.634,6013550605.7781725,3.211566956145833,1.062449673611111,8351697.881006945,1336191465.8775175,4.052586708819444,1.0161943576388888
2025-11-05,101497.23,104534.74,98966.8,103885.16,33778.77571,6500368.0,3287.05,3480.46,3166.66,3424.29,809591.5132,6935719.0,155.04,163.97,147.29,162.37,4650531.688,3444083.0,4.2596666666666665e-05,2.0556666666666666e-05,-1.0026666666666665e-05,84144.824125,8623585101.043404,2.589348626944444,1.097388625,1653292.0499930556,5541545692.388149,2.7664764338194443,1.0913422395833332,8061493.485659722,1275417285.766984,3.9728837416666667,1.0641252569444444
2025-11-06,103885.16,104200.0,100300.95,101346.04,25814.62139,5755001.0,3424.29,3456.46,3245.45,3315.14,566363.7003,6422367.0,162.37,162.91,153.45,155.28,3576753.327,2732485.0,5.465e-05,3.3253333333333336e-05,-2.38e-05,82651.26791319445,8472951224.819407,2.3602053159722223,1.093991795138889,1671167.7406493055,5619754809.771252,2.5756608708680555,1.0495578888888888,8137357.063090278,1289453083.549509,3.8962064036458335,0.9954071284722222
2025-11-07,101346.04,104096.36,99260.86,103339.08,32059.50942,6335759.0,3315.14,3473.0,3194.2,3436.05,683417.3854,7139239.0,155.27,164.48,149.82,161.79,4213077.972,3662708.0,5.854333333333333e-05,6.88e-05,-1.473333333333334e-06,84539.18232986111,8600898741.214622,2.670709719479167,1.02987475,1721157.7761041666,5750416967.523907,2.6950956122569445,1.0480190972222223,8045387.472604167,1266551504.55694,4.108396689513889,1.038655763888889
2025-11-08,103339.09,103406.22,101454.0,102312.94,12390.77985,2743819.0,3436.04,3488.0,3355.58,3401.51,291532.2881,3661341.0,161.8,164.89,155.8,158.02,2502927.24,1841390.0,4.854333333333333e-05,7.541e-05,2.719333333333333e-05,85010.30685416667,8693755994.151527,2.4844022089930555,1.03492465625,1721605.1278402777,5886301088.387748,2.3436291990625,1.0580504687499999,7881935.913854167,1258811642.649657,3.9691347896874998,1.0112989618055555
2025-11-09,102312.95,105495.62,101400.0,104722.96,16338.97096,3404204.0,3401.51,3623.25,3358.66,3583.46,464098.052,4471232.0,158.01,166.57,155.11,164.53,3231789.575,1970862.0,3.8316666666666665e-05,4.1633333333333333e-05,-2.6596666666666666e-05,84869.36159027778,8724401593.021614,2.477379396006944,1.1636645555555556,1710649.2978541667,5923054470.088462,2.3490804519444444,1.1084624930555556,7981745.9263194455,1279372686.251011,4.069560993784722,1.0742562465277778
2025-11-10,104722.95,106670.11,104265.02,106011.13,22682.25673,4710957.0,3583.46,3658.98,3507.3,3567.85,595273.0298,5374965.0,164.53,170.48,163.42,167.31,3628961.126,2502580.0,7.068000000000001e-05,6.863666666666667e-05,-3.0676666666666664e-05,86915.30633680556,9202148414.47577,1.8186554239930557,1.0256246145833332,1755912.0106354167,6297204865.316445,2.0831563410763887,1.1043240104166667,7931344.99361111,1326416872.8757217,3.5856440809027776,1.0327160277777778
2025-11-11,106011.13,107500.0,102476.09,103058.99,24196.50718,5532149.0,3567.85,3648.27,3405.24,3417.76,660283.2747,6239855.0,167.31,171.94,153.93,154.63,4702104.213,2677284.0,1.9553333333333335e-05,1.0773333333333334e-05,-8.917333333333333e-05,85279.60393055556,8916352727.303339,1.9967264273611112,1.0525224930555557,1701507.9784826387,6000932603.8315935,2.2790349268402776,1.063792451388889,8011545.3499305565,1304117642.3979886,3.7958441775000002,1.0210442465277778
2025-11-12,103059.0,105333.33,100813.59,101654.37,20457.63906,5314132.0,3417.76,3588.19,3371.65,3414.92,553101.9368,5915987.0,154.63,161.14,151.2,153.42,4139205.467,2512619.0,2.9783333333333333e-05,2.2393333333333335e-05,-7.158333333333333e-05,85526.91693402777,8817034927.303795,2.3811724738541664,1.0860487291666667,1676319.8903090276,5792989442.65139,2.473092150347222,1.0431821076388887,8150325.647604167,1269439690.2795377,4.4441846464930554,1.0661607916666667
2025-11-13,101654.37,104085.01,98000.4,99692.02,36198.50771,8125404.0,3414.91,3565.84,3154.22,3231.54,951989.1347,8109562.0,153.43,157.2,141.04,144.73,5418189.697,3262498.0,5.959000000000001e-05,6.429333333333334e-05,-1.8716666666666666e-05,87193.46423263889,8851755619.223818,2.573890765347222,1.083609361111111,1776534.5684826388,6032532637.567197,2.5159940373263887,1.0330452673611112,8154935.1632986115,1236787067.8020947,4.511593405381944,0.9956199930555556
2025-11-14,99692.03,99866.02,94012.45,94594.0,47288.14481,9551025.0,3231.55,3256.71,3070.0,3112.4,890446.1491,9563602.0,144.74,145.68,135.76,138.92,6176425.147,4481602.0,8.924333333333333e-05,3.7176666666666666e-05,-3.362e-05,91468.23465972222,8846891947.810936,3.171589648125,1.0092125729166666,1738747.336986111,5530076210.49435,3.1284419352083335,1.0004916770833332,8255264.485659722,1170405500.060072,4.540513127604167,1.007752607638889
2025-11-15,94594.0,96846.68,94558.49,95596.24,15110.89391,4263558.0,3112.4,3230.0,3110.68,3167.88,338463.4782,3329279.0,138.93,144.69,138.61,139.61,2351478.022,1548121.0,8.143333333333334e-05,4.685e-05,4.8423333333333334e-05,96551.37825347221,9256074538.104973,3.1224246718402777,1.1805726631944444,1733943.9305243054,5501328260.406882,3.059239343402778,1.07377759375,8017724.944722222,1134542191.4111707,4.464752838993055,1.114662732638889
2025-11-16,95596.23,96635.11,93005.55,94261.44,23889.4051,5141394.0,3167.87,3249.0,3004.0,3095.29,570633.5809,5709385.0,139.6,143.38,134.42,137.17,3385434.284,2470289.0,8.268333333333333e-05,9.259666666666666e-05,3.566666666666667e-05,97646.98155208334,9294532047.099667,3.233090536319444,1.1092447951388889,1821883.9499270832,5742124722.435852,3.1191638246180555,1.0914221631944445,8071346.317361112,1124523297.567388,4.7576043896875,1.072962173611111
2025-11-17,94261.45,96043.0,91220.0,92215.14,39218.59806,8134322.0,3095.29,3223.38,2959.46,3031.44,762500.4289,7450569.0,137.17,143.28,128.82,130.99,5624720.775,3486901.0,8.925333333333334e-05,8.664000000000001e-05,9.998e-05,98666.92940277778,9296708997.353628,3.1745974374652777,0.9920678125,1897688.388670139,5926392963.448052,2.9222091780555552,0.9928917951388888,8297180.304444443,1138825191.1616178,4.678622835416666,1.0134152152777778
2025-11-18,92215.14,93836.01,89253.78,92960.83,39835.14769,8786593.0,3031.44,3169.95,2946.56,3123.66,766640.1058,7615241.0,131.0,142.17,129.0,140.69,5528848.81,3294195.0,7.908333333333334e-05,8.327999999999999e-05,7.005666666666666e-05,101817.57555208333,9341540407.904371,3.099360125902778,1.0494483541666666,1954618.5208680555,5993485862.15563,2.9204355547222223,1.0491825625,8722869.512881944,1198838037.894779,4.046570174826389,1.009047298611111
2025-11-19,92960.83,92980.22,88608.0,91554.96,32286.6376,6822174.0,3123.65,3125.54,2873.64,3025.48,737926.7146,7164222.0,140.68,142.84,130.53,137.06,4268467.044,2768770.0,5.496e-05,6.643666666666667e-05,3.662e-05,99960.3394375,9093676119.734993,3.0676713975347223,1.0810416041666668,1984251.79953125,6010512995.0581875,3.0815419799305555,1.0080656354166666,8491342.11,1165427887.2989597,3.8444097183333334,1.0208503993055555
2025-11-20,91554.96,93160.0,86100.0,86637.23,39733.19073,7841395.0,3025.48,3063.61,2790.01,2834.22,912524.3718,7127439.0,137.06,144.8,131.11,133.67,7048254.224,3544605.0,7.752666666666667e-05,7.241e-05,3.262666666666667e-05,101442.08304166667,9166359541.795677,3.0079288860416664,1.0296978090277777,2005180.5343541668,5946477383.875059,3.225899213923611,1.0368666840277778,8757519.062847221,1219159590.37082,3.936161600833333,1.0482345763888887
2025-11-21,86637.22,87498.94,80600.0,85129.43,72256.12679,11826480.0,2834.21,2886.73,2623.57,2765.85,1180475.4085,10064748.0,133.67,135.06,121.66,128.68,8285885.693,5098676.0,3.812666666666667e-05,3.574e-05,-5.489333333333333e-05,101619.16705902778,8599131770.752354,3.172468460451389,1.0062179201388888,1938377.460232639,5354902641.365907,3.314875558055556,1.0521146979166667,8487475.751979167,1093591076.9859607,4.847149723715278,0.9703235138888888
2025-11-22,85129.42,85620.0,83500.0,84739.74,14193.93263,4697593.0,2765.86,2799.01,2704.33,2770.12,264691.3089,3610746.0,128.69,129.94,125.08,127.59,2612487.859,1893811.0,4.3883333333333334e-05,4.570333333333333e-05,-4.752666666666667e-05,98725.48580902777,8329709209.94504,2.461812213020833,1.0924747430555555,1878946.9697951388,5157604918.0902405,2.7217370280902777,1.0797159027777776,8223813.936423611,1045029256.6411484,4.292257230625,1.0503221979166666
2025-11-23,84739.75,88127.64,84667.57,86830.0,19734.46418,5063493.0,2770.12,2858.16,2768.29,2802.16,409808.5734,3902263.0,127.6,133.54,127.56,130.58,2818715.19,1686146.0,1.0240000000000002e-05,1.167333333333333e-05,7.673333333333332e-06,98413.08999652778,8511688645.266605,2.3730754508333334,1.0521843854166668,1886387.3262222223,5309896061.42583,2.609091494027778,1.0689807708333334,8113839.165347222,1060157740.4244096,4.190629278263889,1.072760857638889
2025-11-24,86830.0,89228.0,85272.0,88300.01,24663.12795,6189156.0,2802.16,2987.0,2763.0,2953.38,715279.7551,5727108.0,130.58,139.87,128.44,138.44,4744857.046,2659938.0,1.6346666666666667e-05,4.178666666666666e-05,1.8049999999999998e-05,95755.39422222221,8348348917.660812,2.224040229513889,1.0104318993055557,1865867.2452951388,5337467960.493157,2.521330714513889,1.0418616006944446,7981519.171250001,1060548157.8039148,4.102935253645834,1.0459629305555556
2025-11-25,88300.01,88519.99,86116.0,87369.96,19567.0411,4838747.0,2953.38,2980.82,2857.32,2959.36,427686.4528,4418266.0,138.43,140.5,133.13,138.96,2994819.853,2110444.0,-2.1043333333333332e-05,2.7333333333333335e-05,-4.8030000000000006e-05,91268.29614236111,7978952511.624156,2.2671146516319443,1.0621690868055556,1851798.3643229166,5403717528.808027,2.2281474769791667,1.0259109652777778,7842219.965277778,1073670957.3629968,3.4988909971180555,1.0585107152777777
2025-11-26,87369.97,90656.08,86306.77,90484.02,21675.82239,4668280.0,2959.36,3045.0,2888.69,3026.56,364535.326,3911013.0,138.96,144.75,135.5,143.02,4021862.67,2100192.0,3.002333333333333e-05,1.891e-05,2.403333333333336e-06,89771.82573958334,7902365590.092312,2.243576260451389,1.024084829861111,1863257.20078125,5510394286.037808,2.0425520094791665,1.0589317083333334,7704273.281319444,1073376201.5755897,3.470229139826389,1.0484478159722221
2025-11-27,90484.01,91950.0,90089.91,91333.95,16833.50932,3920172.0,3026.56,3071.37,2985.78,3015.23,274980.3955,2917476.0,143.01,144.29,140.47,140.85,2331673.189,1218711.0,1.4776666666666665e-05,1.7003333333333334e-05,3.4026666666666664e-05,90498.20507291667,8254260780.4825115,1.5935270580902778,1.0164002118055555,1897792.6257881944,5740368711.550577,1.8363529677083332,1.0225156423611113,7751316.559756945,1102753439.446381,2.944658795972222,1.0510013715277777
2025-11-28,91333.94,93092.0,90180.63,90890.7,18830.86012,4229754.0,3015.23,3099.0,2994.36,3031.15,346616.0275,3662478.0,140.85,143.6,136.01,137.33,3502510.031,1614078.0,2.025e-05,5.3e-06,-6.446666666666666e-05,90083.20017361111,8223061748.323757,1.5800178509722222,1.1225659513888888,1886653.1169479166,5721681109.766944,1.8925322494791668,1.1015671076388889,7462834.825590278,1042072701.6932011,3.460712817708333,1.0295267083333333
2025-11-29,90890.71,91165.65,90155.47,90802.44,7429.88291,1677860.0,3031.14,3052.64,2961.91,2989.16,217904.1303,1930588.0,137.33,138.1,134.76,135.91,1859321.171,749092.0,8.103333333333333e-06,9.773333333333333e-06,-3.7966666666666674e-06,88854.45072222222,8057209816.358152,1.7175383194097222,1.1826177465277778,1913357.4357013889,5749394010.186856,2.1219387240972223,1.1443546875000001,7448489.333993056,1018582399.0307113,3.8699131671527778,1.1040864305555556
2025-11-30,90802.44,92000.01,90336.9,90360.0,9687.74175,2154030.0,2989.17,3053.02,2975.3,2991.26,182722.4253,1896781.0,135.92,140.19,133.26,133.48,2608165.329,991552.0,4.506e-05,5.214e-05,7.413e-05,89648.95428125,8170490544.963123,1.7184481797916666,1.2278879652777777,1898946.948354167,5724373899.673299,1.9904976898611109,1.1156031875,7432449.115868055,1018639695.0825416,3.7410836973958337,1.1024463472222221
2025-12-01,90360.01,90417.0,83822.76,86286.01,34509.01227,7709685.0,2991.25,2999.47,2716.04,2799.07,849002.9909,7108249.0,133.48,133.74,123.11,126.66,5007504.057,2539012.0,2.7456666666666667e-05,3.532e-05,5.1533333333333345e-06,89976.89360763889,7745684497.159117,2.160974212951389,1.0553201319444445,1932563.370003472,5427083154.472084,2.5143619641666666,1.1012560659722221,7506140.353541668,948250969.9509501,4.2659747171875,1.0138571979166668
2025-12-02,86286.01,92307.65,86184.39,91277.88,28210.22732,6397299.0,2799.07,3033.76,2782.19,2996.07,523707.3586,5821936.0,126.66,140.88,126.01,138.68,5022856.747,2502692.0,1.8776666666666666e-05,5.549333333333333e-05,-7.033333333333336e-06,89359.72139236111,7918600401.608044,1.808563061736111,1.0701186909722222,1960515.7546909722,5649815750.890963,2.130703843680555,1.0447221493055556,7654782.814722221,1010277351.3227997,3.544660448402778,1.0950349791666667
2025-12-03,91277.88,94150.0,90990.23,93429.95,25712.52585,6733182.0,2996.07,3214.99,2985.58,3188.36,553669.8146,6210489.0,138.67,146.08,137.76,144.67,3954144.805,2140894.0,5.296666666666666e-06,3.6066666666666665e-05,8.424333333333333e-05,89827.34831249999,8338448407.004787,1.4315803096527777,1.1213702395833334,1965658.1691979165,6053367096.168195,1.7067161904861112,1.1287277881944444,7960024.503958333,1126145340.5782914,2.5619953052430557,1.0856698993055556
2025-12-04,93429.95,94080.0,90889.0,92078.06,19803.94059,5856049.0,3188.39,3240.35,3066.37,3133.26,486698.3987,6357509.0,144.67,146.91,137.8,139.01,2694242.241,1819447.0,3.6559999999999996e-05,8.644333333333333e-05,9.070666666666666e-05,89216.7359513889,8280489539.167591,1.4195191003124998,1.1129431041666669,2030844.139246528,6449784988.776453,1.5039740330208333,1.0600864097222222,8038070.9860069435,1146043868.1239052,2.5278772927430553,1.0695430798611112
2025-12-05,92078.06,92692.36,88056.0,89330.04,19792.97218,5520352.0,3133.26,3193.33,2983.08,3021.78,530382.8986,6012408.0,139.01,140.75,130.73,133.29,3367359.143,1904907.0,3.3906666666666665e-05,5.686666666666667e-05,4.511666666666667e-05,88728.13354861112,8063785193.552568,1.622428661111111,1.1353883368055557,2046222.9151840275,6355431116.025907,1.6635763180555554,1.0496656111111111,8208573.447291668,1116918352.182507,2.9794259050000003,1.0669250173611111
2025-12-06,89330.04,90289.97,88908.01,89236.79,8409.50016,2482221.0,3021.77,3069.0,3012.58,3038.06,159721.2488,2244070.0,133.29,134.13,131.28,132.19,1341595.431,893052.0,1.2633333333333333e-05,2.708e-05,-1.9603333333333333e-05,87571.34560763888,7839130139.592372,1.9177599202777778,1.0958333020833333,2072168.4155833332,6289761610.093806,1.9852609981944442,1.1289432847222223,8223285.630729167,1092184271.6089237,3.6521398803819443,1.0942812395833335
2025-12-07,89236.8,91760.0,87719.28,90395.31,13021.11185,3953071.0,3038.06,3150.0,2907.52,3059.85,391129.675,4277667.0,132.2,136.35,127.7,132.24,3131804.491,1814091.0,3.69e-05,1.3966666666666668e-05,1.006333333333333e-05,87989.34570833333,7890803190.378884,1.9578520898958334,1.1778266597222222,2031201.1376770835,6195513503.784496,1.9581030424652777,1.0293235729166668,8173172.060520832,1083940327.0423148,3.708656899444444,1.0414055312500001
2025-12-08,90395.32,92287.15,89612.0,90634.34,15793.63887,5458731.0,3059.86,3180.51,3040.87,3124.16,452820.2207,6327207.0,132.25,139.36,131.52,133.25,3245115.426,2042892.0,3.133666666666667e-05,4.728666666666667e-05,3.308666666666666e-05,87738.14431944444,7986099998.470546,2.005928213055556,1.0449246388888889,1976459.4367291667,6173726378.26799,1.8565615932291668,1.0598811041666667,7995293.128194445,1082720573.45802,3.567760974861111,1.0743638020833333
2025-12-09,90634.35,94588.99,89500.0,92678.8,21240.43014,5940223.0,3124.16,3397.85,3090.8,3318.04,603859.9458,6993282.0,133.24,144.93,131.62,137.88,4508522.034,2422599.0,4.224666666666666e-05,5.123333333333333e-05,-8.613333333333333e-06,88409.22567708333,8074903425.980311,1.8784851246180554,1.0993822500000001,2011937.4926770835,6424821075.171023,1.6477662217708333,1.0528901805555555,7921490.168749999,1073864483.8496313,3.4673186946180556,1.0506458055555554
2025-12-10,92678.81,94476.0,91563.15,92015.37,18998.68083,6025707.0,3318.04,3447.44,3288.1,3324.14,539585.4535,7155428.0,137.87,142.57,135.39,136.26,4520230.276,2617344.0,2.6593333333333332e-05,6.963666666666666e-05,4.7923333333333336e-05,87051.53832291666,8041912808.844269,1.7540028061805557,1.0510343020833333,2053133.3152465278,6841820277.174118,1.273121832361111,1.0495978055555557,7687917.9705902785,1059392343.2215341,3.1431809951041667,1.0434841701388888
2025-12-11,92015.38,93555.0,89260.63,92513.38,19972.58758,6250438.0,3324.14,3327.37,3145.28,3237.39,504114.2391,7267153.0,136.26,137.79,129.0,136.41,4377697.036,2353342.0,2.371e-05,3.2246666666666664e-05,-7.318333333333333e-05,87146.41747569444,7894716076.52488,1.981470950173611,1.0487542395833334,2043815.5267777778,6557399069.178397,1.6098644229166665,0.9786283784722222,7740092.8143402785,1024070474.5568479,3.934354271076389,0.9590422916666667
2025-12-12,92513.38,92754.0,89480.0,90268.42,16679.19169,4956719.0,3237.38,3265.5,3045.31,3084.86,435686.4435,5948483.0,136.41,140.12,130.35,132.27,4005608.262,2200099.0,4.998333333333334e-05,9.11e-06,9.804000000000002e-05,86871.39857638889,7951995714.467675,1.7603068322916666,1.0458895972222222,1990272.2597430556,6334816123.901781,1.9381985064236114,1.08725284375,7667408.248472222,1042082182.3292357,3.0417063824652777,1.0289803368055557
2025-12-13,90268.43,90634.55,89766.39,90240.01,5895.70788,1363754.0,3084.86,3135.68,3078.6,3114.64,136465.7567,1855254.0,132.28,134.28,131.6,133.14,1472483.735,667045.0,4.0606666666666665e-05,6.816666666666668e-06,-3.932333333333333e-05,87941.13223958334,7934813104.1184,2.1408712899305558,1.1661511076388889,2012834.8398923613,6244870677.265905,2.391852569826389,1.0937158472222221,7649371.35107639,1016539222.5943481,3.812737882465278,1.0298506631944444
2025-12-14,90240.0,90472.4,87577.36,88172.17,9416.94004,3115749.0,3114.64,3129.54,3024.44,3063.5,279058.3545,3511048.0,133.13,133.66,127.98,129.4,1731614.637,961625.0,5.5570000000000005e-05,7.132333333333333e-05,-4.38e-05,88546.24191319445,7920229765.540719,2.214028420277778,1.063863722222222,2033381.302017361,6298892633.619991,2.140100304444444,1.151386857638889,7562553.140034722,994956163.4096557,3.9910811154166663,1.0502298576388889
2025-12-15,88172.16,90052.64,85146.64,86432.08,19778.6919,6747167.0,3063.49,3177.5,2894.57,2964.85,520509.9555,7417115.0,129.39,135.43,123.63,127.81,3922431.0,2137229.0,7.926666666666666e-06,3.873333333333334e-05,-1.709333333333333e-05,89252.10535069444,7871903808.478563,2.4450237834027777,1.0587458506944445,2068419.6553090278,6333347862.180379,2.2232326764930557,1.1023134097222222,7698941.61763889,997625600.701509,4.337368138055556,1.0373548194444444
2025-12-16,86432.08,88175.98,85266.0,87863.42,18456.05017,6099692.0,2964.85,2981.87,2876.0,2962.3,378293.1159,6669623.0,127.81,130.14,124.87,129.15,2884783.998,1843584.0,4.3020000000000005e-05,-7.666666666666672e-07,-4.308e-05,90169.65388194444,7825900883.847567,2.6530490863888887,1.0880516180555555,2029866.1952847221,5967881421.0914545,2.7930831272916667,1.01791053125,7785122.967708332,991390447.2332594,4.470545126666667,1.0361732430555555
2025-12-17,87863.43,90365.85,85314.0,86243.22,19834.11729,6058638.0,2962.3,3030.92,2791.02,2833.49,497630.4162,6532843.0,129.15,133.99,121.36,123.27,4525580.216,2357854.0,7.041666666666667e-05,1.3853333333333333e-05,4.277666666666667e-05,89293.29480555555,7754035678.571462,2.1899352080555556,1.1350141354166667,1975149.6175243056,5735825206.639906,2.673182492152778,1.024008388888889,7739098.140937501,978246380.4148535,4.1889910405208335,1.0167387743055556
2025-12-18,86243.23,89477.61,84450.01,85516.41,25405.41763,6946947.0,2833.5,2997.4,2775.19,2828.57,595253.7997,7801439.0,123.28,129.05,116.88,119.6,4790795.008,2419617.0,4.5726666666666664e-05,2.9033333333333345e-06,-5.228e-05,88358.17286805555,7656279974.392268,2.3153277389930556,1.0843635555555555,1963961.7983472224,5600729878.04265,2.580784739375,1.105573125,8183967.533298612,1005808756.8149486,4.571347704166667,1.0515515729166667
2025-12-19,85516.41,89399.97,85110.24,88136.94,21256.65004,6482253.0,2828.56,3020.0,2808.63,2979.5,531702.5439,6948512.0,119.6,127.87,117.61,126.27,4090548.592,2082071.0,8.497000000000001e-05,7.421333333333334e-05,4.688333333333333e-05,91257.15694444445,7981501180.571172,1.8496898922916667,1.1083088229166667,2043025.8472847221,6008559374.003001,1.7586533189583333,1.0960311215277778,7995115.148680557,991706585.5944892,3.2948431880555558,1.0777274305555555
2025-12-20,88136.95,88573.07,87795.76,88360.9,5123.13194,1174426.0,2979.49,2994.41,2964.17,2977.93,91783.7734,1350111.0,126.27,126.89,125.3,125.81,1229353.586,488206.0,6.135e-05,1.6029999999999997e-05,7.949333333333334e-05,91746.17282986111,8090966672.798735,1.5670039619791667,1.2291280208333335,2072534.251784722,6174946813.178669,1.4022303527083333,1.1018944791666667,7959858.492847223,1003733512.3030486,2.6056320299652778,1.1759814027777777
2025-12-21,88360.91,89081.77,87600.04,88658.86,7132.87258,2030666.0,2977.93,3013.4,2944.0,3002.02,162244.8067,2474808.0,125.8,126.62,123.4,126.03,1812103.189,839564.0,7.510666666666666e-05,2.1236666666666666e-05,5.526666666666667e-05,90861.67113194444,8018911887.235421,1.6388440340277777,1.1246437604166666,2040742.5490173611,6082378311.306599,1.5395111434375002,1.0855085659722221,7953006.792118056,996253688.1535475,2.893739637638889,1.1075930729166668
2025-12-22,88658.87,90588.23,87900.0,88620.79,14673.2197,4847747.0,3002.03,3077.39,2963.43,3009.49,298443.5633,5452069.0,126.03,128.78,124.2,125.93,2667589.146,1282063.0,5.189e-05,-7.75e-06,4.4286666666666664e-05,90518.29070833333,8067538518.317493,1.6539440540972223,1.1110063229166667,2010831.8248993056,6084900117.625249,1.650143939965278,1.1252132256944445,8085675.950347221,1021153975.0040103,3.173663557430556,1.0936143993055554
2025-12-23,88620.79,88940.0,86601.9,87486.0,13910.32904,4465080.0,3009.48,3035.79,2900.93,2965.02,386465.747,4824322.0,125.93,126.93,122.16,124.01,2440030.872,1214338.0,3.219666666666666e-05,4.4139999999999994e-05,-3.873333333333334e-05,92275.35676388889,8099392089.628063,2.1427827842013887,1.167722923611111,2053767.2752430555,6090907490.561143,2.097508654201389,1.1567237534722221,8246514.831388889,1026430826.5296876,3.7319971414236113,1.0682251180555555
2025-12-24,87486.0,88049.89,86420.0,87669.45,9140.8432,2877239.0,2965.03,2978.15,2888.7,2947.47,197035.5598,3194683.0,124.02,124.3,120.63,122.53,1605450.498,891219.0,8.127333333333334e-05,4.799666666666666e-05,3.233333333333333e-05,94157.78085763888,8216579376.531104,2.361659544027778,1.1626541770833334,2111707.811375,6203860609.198617,2.220307015520833,1.1681564479166666,8516034.809826389,1041280691.7475477,4.142444440277778,1.0363782291666666
2025-12-25,87669.44,88592.74,86934.72,87225.27,7096.58235,1992172.0,2947.48,2971.46,2891.2,2903.95,188721.2981,2183611.0,122.52,124.46,119.71,120.06,1818325.148,620763.0,7.409333333333333e-05,6.0616666666666665e-05,7.66e-05,93059.48157638888,8164872358.2379265,2.1249225315625,1.0815939895833333,2103449.434934028,6181898931.494419,2.1163794642013887,1.1470587291666667,8563645.946145834,1049103273.5990045,3.8536918422222226,1.16682965625
2025-12-26,87225.27,89567.75,86655.08,87369.56,18344.61505,4509482.0,2903.9,2994.38,2894.26,2927.99,314830.9989,4062164.0,120.05,125.14,119.24,122.26,3326516.562,1242795.0,6.601666666666667e-05,4.984e-05,7.622666666666667e-05,93860.6940763889,8268881999.62541,2.0951548030208333,1.1249226145833333,2138346.2997291666,6299877918.500058,2.2673718746875,1.0751026805555555,8667124.131180556,1061990965.4547307,3.849986824513889,1.0894886909722221
2025-12-27,87369.56,87984.0,87253.05,87877.01,4469.55156,957536.0,2928.0,2960.89,2917.13,2949.05,95040.3956,1004396.0,122.27,125.08,121.86,124.73,1357802.112,458614.0,3.4823333333333336e-05,3.884e-05,6.829666666666667e-05,91958.79829861112,8044409204.232969,2.4757834443055557,1.1117313784722223,2134299.7619861113,6251122003.889694,2.617483944861111,1.1426920243055556,8505940.881145833,1046964865.9091716,3.838334944652778,1.104620267361111
2025-12-28,87877.0,88088.75,87435.0,87952.71,4446.29285,1241426.0,2949.05,2961.23,2924.54,2950.91,128834.139,1484510.0,124.74,125.64,123.08,125.27,1828960.451,519293.0,5.7943333333333325e-05,5.959e-05,0.0001,92450.53372569445,8111945021.574141,2.2769763571875,1.3226298368055556,2124654.9725520834,6248625482.228772,2.328912940138889,1.16176071875,8784935.678402778,1090721959.797488,3.352175867638889,1.0623266736111112
2025-12-29,87952.71,90406.08,86806.5,87237.13,19894.98575,4793589.0,2950.91,3057.78,2910.25,2937.9,485959.1824,5162535.0,125.27,130.16,122.36,123.28,4307595.105,1525275.0,8.275333333333335e-05,6.51e-05,4.029666666666667e-05,95493.70353819444,8427880391.707813,2.2351716369791665,1.0969720243055556,2149378.1632569446,6380734870.759185,2.21065060625,1.1165242534722222,9224146.45986111,1157409498.403346,3.628540026493056,1.0433633819444443
2025-12-30,87237.13,89400.0,86845.66,88485.49,13105.91001,3542176.0,2937.91,3009.8,2919.44,2973.69,286583.2879,3959890.0,123.28,126.52,122.58,125.01,2480631.516,955705.0,7.652666666666667e-05,4.1280000000000005e-05,1.4540000000000001e-05,95430.39801041667,8386381128.324558,2.458851491111111,1.1407038784722223,2125983.5114513887,6300199070.389343,2.1600254659374998,1.1020617881944446,9001346.987777777,1117504321.8050313,4.19734557625,1.0859752812499999
2025-12-31,88485.5,89200.0,87250.0,87648.22,11558.62047,2897396.0,2973.69,3028.08,2958.91,2971.64,233729.5887,2935432.0,125.02,132.75,122.99,124.65,2941643.658,966712.0,2.7083333333333332e-05,3.296333333333333e-05,7.359333333333333e-05,94666.20501736112,8355917192.588913,2.18870743625,1.1879818680555556,2097125.8588472223,6245563720.096331,1.9666978954861112,1.1023775729166667,8776704.409027778,1100739967.8010685,3.6339572788194445,1.0320069618055556
2026-01-01,87648.21,88919.45,87550.43,88839.04,6279.57133,1449281.0,2971.65,3010.0,2971.15,3004.19,136088.5207,1338212.0,124.64,127.25,124.15,126.9,1733664.978,515257.0,7.237e-05,6.0796666666666674e-05,2.2546666666666665e-05,94611.11938194445,8322009097.403909,2.587016296909722,1.2923158784722224,2102009.1805104166,6272765904.762993,2.031303942152778,1.105380545138889,8874731.457222221,1110004925.810454,4.281713416701389,1.0724180694444445
2026-01-02,88839.05,90961.81,88379.88,89995.13,17396.97301,5010211.0,3004.19,3150.01,2992.49,3125.45,369891.2449,5276480.0,126.91,133.25,125.84,132.29,2924227.372,1348954.0,4.88e-05,6.047666666666667e-05,0.0001,96361.21534722223,8612147132.738853,1.6593816573958333,1.1017859201388889,2240298.6709791664,6860187764.400758,1.4710895221875,1.1064046180555556,9437524.7315625,1217254664.1284769,2.806236069444444,1.132540142361111
2026-01-03,89995.14,90741.16,89314.01,90628.01,7057.46716,1684214.0,3125.46,3136.71,3076.0,3127.11,134405.2258,1823251.0,132.28,133.99,129.6,133.37,1520623.499,637040.0,3.701e-05,3.946333333333334e-05,8.237666666666668e-05,96062.69494444445,8648962429.109446,1.4395164978125,1.2380724861111112,2284014.2078090278,7102680936.9935255,1.3788283920138888,1.168153170138889,9640191.052777776,1270240153.3473516,2.444384263263889,1.1157902152777777
2026-01-04,90628.01,91810.0,90628.0,91529.73,10426.5297,2207037.0,3127.11,3167.22,3118.75,3144.7,181576.0686,2261499.0,133.37,135.54,133.12,134.12,1809269.113,892859.0,6.578999999999999e-05,5.013666666666667e-05,6.388666666666667e-05,97582.37859027779,8905780295.759424,1.3589268645833334,1.226179607638889,2266812.8861354166,7117439560.959445,1.383778238923611,1.0439407118055555,9726648.184756944,1305471499.227752,2.370133901111111,1.0759449722222223
2026-01-05,91529.74,94789.08,91514.81,93859.71,20673.59584,5485489.0,3144.71,3265.66,3135.02,3224.99,382446.6618,5401982.0,134.12,139.87,133.18,137.9,3327567.484,1633145.0,7.282000000000001e-05,4.659e-05,2.5093333333333333e-05,97063.96062847221,9042646276.980337,1.2029669156944445,1.0810061944444445,2227781.342777778,7093837253.518424,1.5282235589930557,1.0009900381944443,9415452.628958333,1281253638.7287269,2.5645838455208336,1.0569617743055555
2026-01-06,93859.71,94444.44,91262.94,93747.97,18546.41829,5018686.0,3224.99,3308.86,3183.27,3296.84,412503.5066,5310071.0,137.91,143.48,136.19,141.08,3771795.117,1877400.0,1.377e-05,6.387e-05,7.824333333333334e-05,94871.32491666666,8856964705.543362,1.2514280924305554,1.1314636249999999,2206049.030006944,7143441379.9684105,1.4348618464583334,1.0796942708333335,9929118.95611111,1378754506.440948,2.4058331950694445,1.098059934027778
2026-01-07,93747.97,93747.97,90675.52,91364.16,14276.49025,4340252.0,3296.83,3296.84,3125.42,3168.72,321350.1225,4839276.0,141.08,141.4,134.41,136.39,2321642.178,1424664.0,6.489e-05,6.276e-05,1.7940000000000004e-05,94636.40553472222,8704469039.755093,1.708598543923611,1.1527245937500001,2160955.0075416667,6931991897.271823,1.7042132526736111,1.0968488854166667,9620129.686145835,1324463236.7992213,2.801303615,1.0428143194444446
2026-01-08,91364.16,91687.99,89311.0,91099.99,16132.79117,4923472.0,3168.72,3184.39,3054.65,3106.65,343616.1005,4982423.0,136.39,140.07,132.67,138.37,3113437.835,1555663.0,8.376333333333332e-05,4.917e-05,3.550666666666667e-05,98514.51188194443,8931782884.809103,2.278607731701389,1.2123206145833334,2238055.4040381946,6989592412.441332,2.2364183938541666,1.0933927638888887,10029458.693402776,1368484583.7520132,2.9758159509375,1.0743544583333333
2026-01-09,91100.0,92082.55,89694.66,90641.28,15590.27939,4155703.0,3106.66,3148.41,3058.69,3088.4,274587.4533,4182570.0,138.37,141.17,134.98,135.97,3778547.996,1559427.0,1.5543333333333334e-05,5.328333333333334e-05,9.856333333333335e-05,96635.03671180556,8770965944.50505,2.1687009278819445,1.1282360069444444,2269258.6247916664,7036205400.062035,2.410288603923611,1.051808295138889,10520584.356111111,1453870076.7762978,2.5373223839236108,1.0777679756944445
2026-01-10,90641.27,90832.0,90404.0,90504.7,3104.11722,766357.0,3088.4,3104.12,3077.99,3086.72,82341.0546,881069.0,135.96,137.05,135.37,135.84,1000837.004,419628.0,6.511666666666667e-05,8.078666666666666e-05,-5.4986666666666666e-05,96043.59242361112,8700612692.149742,2.258951562777778,1.3122838333333333,2270822.7464756947,7016195071.084334,2.558371615972222,1.21121446875,10589223.280243056,1441465354.8355045,3.297784941423611,1.2175354131944445
2026-01-11,90504.7,91283.89,90236.0,91013.65,5477.13594,1282029.0,3086.72,3147.27,3084.46,3123.45,149381.2965,1522502.0,135.85,141.6,135.75,139.7,2209913.206,857832.0,5.027e-05,7.424333333333332e-05,7.696666666666666e-05,96364.85058680555,8743218219.234976,2.3036322090277777,1.2239278333333334,2279360.9999965276,7080938594.316427,2.4241997686805554,1.1846272604166665,10584885.322708333,1454381733.6673627,3.0028642624305557,1.1981117152777778
2026-01-12,91013.66,92519.95,90128.44,91296.2,16188.08268,4099509.0,3123.46,3171.49,3065.55,3095.75,297373.4681,4303605.0,139.69,144.4,138.34,139.22,4160120.091,1815385.0,3.121666666666667e-05,6.711666666666667e-05,7.896666666666667e-05,94903.70137152779,8670107344.58825,2.0537041774305553,1.09991309375,2242990.73325,7003530046.396092,2.3366172766319444,1.03179003125,10822578.815069444,1526101612.5180306,2.153786719375,1.0407400486111111
2026-01-13,91296.2,96495.0,91042.66,95414.0,23021.51482,5025071.0,3095.75,3367.79,3091.96,3325.82,457782.2816,4876916.0,139.21,148.74,137.82,145.51,4195082.468,1781041.0,5.176e-05,5.5133333333333336e-05,5.306666666666667e-05,93856.25768055556,8694240391.104713,1.5418649498958332,1.2314500868055556,2258714.6515208334,7137758839.015908,1.9865650676388888,1.124239982638889,10781320.874965278,1528476055.8422627,2.2124850314236113,1.0784030555555555
2026-01-14,95413.99,97924.49,94559.28,96951.78,22851.89428,5346212.0,3325.83,3402.89,3280.48,3354.92,503440.0759,5351410.0,145.52,148.44,143.37,146.69,3695077.378,1481363.0,2.2340000000000003e-05,9.443666666666667e-05,9.935333333333333e-05,95340.67913194445,9144531056.424585,1.0441784483333334,1.0758526562500001,2288466.2729652775,7635292649.456001,1.255937309027778,0.9816108611111112,10798033.680381944,1573155833.1919916,1.8763111099652778,1.0548913333333332
2026-01-15,96951.78,97193.34,95134.48,95604.8,21725.81369,4493095.0,3354.92,3384.19,3273.72,3318.69,389993.836,4766390.0,146.7,146.73,140.9,142.4,2462143.139,1301300.0,9.693333333333333e-06,5.2459999999999996e-05,3.2273333333333335e-05,95690.42738194444,9211556485.21228,1.016603407951389,1.1617741041666667,2251558.2555659725,7483617170.701297,1.3543352193055556,1.11652396875,10716067.998784723,1542023362.328283,2.3270702912152776,1.0370416666666666
2026-01-16,95604.81,95871.47,94293.46,95550.94,11167.7146,2971559.0,3318.7,3326.79,3253.01,3296.28,223921.7876,3528248.0,142.41,145.55,140.26,144.89,1900879.026,1014424.0,5.7239999999999994e-05,3.2029999999999997e-05,-1.5396666666666668e-05,96482.1255486111,9198478917.162209,1.2305610419791666,1.0599824791666665,2209116.3364756946,7282631684.276247,1.497260120451389,1.0797645104166667,10426754.741909722,1491075918.9596014,2.611700815659722,1.0034658715277778
2026-01-17,95550.94,95639.45,95021.67,95147.77,4280.80137,1020527.0,3296.28,3330.26,3283.96,3310.56,124325.0303,1229614.0,144.9,144.99,143.32,143.72,835154.761,392089.0,1.935e-05,7.489e-05,5.378e-05,95405.84668055555,9089783162.57908,1.3166473272569443,1.3194539027777779,2234682.5811979165,7378042362.887214,1.4693480176736111,1.2922192118055555,10180840.549166666,1466805039.7115355,2.1005002279513887,1.13095959375
2026-01-18,95147.77,95531.12,93615.4,93673.14,6895.17819,1488785.0,3310.56,3368.82,3278.86,3284.03,173354.3026,2227452.0,143.73,144.0,137.74,137.87,1877438.698,712971.0,6.563333333333333e-05,2.5296666666666668e-05,-3.649e-05,96662.36233333332,9194317796.552803,1.4263028061458334,1.5030971319444444,2253438.654826389,7488143026.15239,1.422979542326389,1.1405056458333334,9940534.525486112,1414985208.8354971,2.9075606289583336,1.1124547013888888
2026-01-19,93673.14,93673.14,91910.2,92631.0,14295.52747,3359066.0,3284.04,3284.58,3165.38,3189.55,442540.5596,4406164.0,137.87,137.87,130.0,133.44,2972524.77,1113535.0,2.6366666666666666e-05,1.8363333333333334e-05,3.681666666666667e-05,94554.36414236111,8779989899.003706,2.0204240080208336,1.2514850034722222,2268642.4019756946,7283781511.390378,2.1127549291666665,1.10504628125,10407621.728993054,1392635351.8600307,3.7795196159027773,1.0105606944444443
2026-01-20,92630.99,92870.0,87895.98,88427.66,22007.3261,6064031.0,3189.56,3200.5,2920.0,2939.88,518166.4787,7228638.0,133.44,134.63,124.68,125.8,3532423.88,1665250.0,7.365666666666667e-05,5.314666666666667e-05,1.3396666666666665e-05,97758.65009722223,8879922958.368605,2.3431335846180557,1.1377115625,2347456.9927499997,7234502118.028703,2.584503051354167,1.0971607847222222,10173538.478611112,1319982204.7327714,3.9837305281944446,1.0437123541666666
2026-01-21,88427.66,90574.0,87263.53,89454.73,20617.50372,6419053.0,2939.88,3069.07,2866.11,2982.27,577800.2481,8064316.0,125.81,132.17,125.26,129.54,3161736.36,1568002.0,6.155e-05,7.316666666666666e-06,-7.12e-06,99451.51433333333,8876253746.64199,2.5109863019444445,1.141768954861111,2324058.575826389,6899992485.953948,3.0601487941319445,1.1120105243055556,9766911.520868056,1252095735.9534514,4.095290193194445,1.0531209791666667
2026-01-22,89454.73,90359.99,88515.37,89559.67,10825.50492,3743412.0,2982.28,3038.33,2906.02,2952.69,291660.7349,4696521.0,129.53,130.94,126.73,128.47,1811586.462,1016749.0,6.961333333333333e-05,2.2890000000000003e-05,-2.115e-05,99896.76589236112,8960366986.358381,2.3453319418055556,1.1866423472222223,2290671.6211319445,6831029250.01736,3.0131734822916667,1.10490325,9541184.003958333,1233597209.1975868,3.9677841345138893,1.03337915625
2026-01-23,89559.68,91224.99,88578.36,89600.26,13918.48919,4619907.0,2952.7,3019.26,2892.4,2956.41,318415.3317,5479038.0,128.47,130.2,125.28,127.43,2044063.077,1068593.0,5.149333333333333e-05,3.1956666666666665e-05,-2.1606666666666664e-05,99855.27937152778,8947137127.55114,2.377679270173611,1.0547205208333332,2312496.7498993054,6823649408.885732,3.274524273159722,1.0759463993055556,9488493.2109375,1213155422.7139723,4.215523518576389,1.047930454861111
2026-01-24,89600.26,89957.39,89162.08,89225.34,4226.56737,959854.0,2956.41,2970.41,2943.84,2953.22,92082.9039,1185149.0,127.43,128.12,126.64,127.21,807419.995,331896.0,4.780333333333334e-05,2.046e-05,-7.456666666666666e-06,98950.78436805555,8854983422.013369,2.4120637606944446,1.4548218993055555,2290127.411357639,6775083336.572779,3.0373889483680556,1.2222393645833334,9381239.391111111,1194195062.8421087,4.303595198576389,1.0330661388888889
2026-01-25,89225.34,89319.13,86074.72,86670.36,14426.22019,3720178.0,2953.23,2960.29,2787.0,2816.89,380186.5326,4637787.0,127.22,127.46,117.15,118.85,4540879.449,1232391.0,4.768e-05,4.961e-05,-1.9653333333333334e-05,101315.1766736111,8935117437.705526,2.625750765625,1.2774340972222222,2305521.72221875,6702034094.5663185,3.199217974826389,1.17904390625,9646631.8965625,1200124552.9332306,4.569771563194444,1.1574318993055557
2026-01-26,86670.36,88860.0,86509.63,88347.08,17766.51453,4798083.0,2816.9,2951.21,2812.37,2930.35,485169.3372,5933570.0,118.85,125.6,118.53,124.24,2355751.363,1187889.0,4.1733333333333336e-05,-1.9210000000000004e-05,-5.945e-05,102380.68335416667,8986878380.149248,2.5640287798958337,1.0492538993055556,2202769.236208333,6376522724.690136,2.7773833088541666,1.273387704861111,9757455.203611111,1199270181.279769,4.385851502395834,1.0940782569444445
2026-01-27,88347.08,89523.16,87304.33,89250.0,13125.40425,3787336.0,2930.35,3035.08,2899.77,3026.77,478792.3988,5278439.0,124.24,127.84,123.12,127.19,2036509.042,1006079.0,5.932666666666667e-05,8.479e-05,6.113333333333333e-05,101524.05524305555,8970592429.497759,2.3054502411805555,1.0968949479166668,2247000.438885417,6619821940.301373,2.2926046734722223,1.1296896527777778,9669921.599722221,1206907919.037892,3.860397226979167,1.1281960590277778
2026-01-28,89249.99,90600.0,88833.65,89299.99,14332.18502,4385791.0,3026.77,3045.78,2983.67,3010.78,296607.6549,5061029.0,127.18,128.34,124.78,125.35,1997863.528,1065285.0,5.413666666666667e-05,7.586e-05,5.9743333333333334e-05,101689.8635798611,9088596185.192163,1.9945854302430557,1.0427270451388888,2291895.830590278,6903617967.738756,2.0305648276041666,1.0609100868055554,9615228.168680556,1217109131.8995726,3.6788019110069445,1.105539048611111
2026-01-29,89300.0,89348.0,83383.33,84650.16,30431.38201,5598749.0,3010.78,3013.5,2754.53,2822.59,561288.5979,6779608.0,125.34,125.51,115.39,117.82,3730613.473,1444201.0,5.696333333333334e-05,2.5473333333333336e-05,-3.770333333333333e-05,103843.15078819444,9010802177.154367,2.578321459340278,1.1591197708333334,2270964.6708125,6589537464.959597,2.6579708309375,1.0791581458333335,10081920.77048611,1220700825.4545007,4.661729298506945,1.0041775312499999
2026-01-30,84650.16,84735.75,81118.0,84260.49,35195.84793,8998829.0,2822.6,2828.65,2636.01,2707.38,793279.6252,10661631.0,117.82,119.12,112.14,117.59,4761006.742,1991218.0,2.167333333333333e-05,3.633333333333331e-07,-0.00010596,103352.70048958334,8590194916.534939,2.8623562384027776,1.0994598263888888,2269912.277934028,6204677192.422661,3.0978557155555553,1.0989986840277777,10540070.374722222,1224443787.4817555,4.749410529583333,1.0364778125
2026-01-31,84260.5,84270.02,75719.9,78741.09,39491.89133,7384976.0,2707.37,2714.64,2250.0,2451.95,1113097.7132,9305297.0,117.6,118.85,96.4,105.58,8567398.326,3248600.0,6.608666666666666e-05,-4.6856666666666675e-05,-0.00011710666666666667,99341.40155555555,8124392207.227507,2.502261996423611,1.0970675798611111,2271311.0757187502,5872079921.459977,3.0589448827430554,1.083959923611111,10114270.207534723,1135252857.4180133,4.387251557013888,0.9256954097222222
2026-02-01,78741.1,79424.0,75700.0,76968.21,25395.48168,8001906.0,2451.96,2475.98,2222.0,2270.15,1026573.9466,11038637.0,105.58,106.69,98.02,100.79,4204256.051,2202213.0,6.253333333333334e-06,-7.44e-05,-0.00032461666666666665,92418.39139236111,7220317404.356298,2.5763581484375,1.0742914479166668,1962720.7975277777,4674535837.289063,2.5436944504166665,1.0530933090277776,9386297.686145835,973651285.9863262,4.219059361666667,1.028523892361111
2026-02-02,76968.22,79360.0,74604.0,78738.61,42273.59016,10085578.0,2270.16,2396.62,2157.14,2347.02,1248535.2114,11149156.0,100.78,106.12,95.95,104.55,5574032.681,2856979.0,-2.8959999999999997e-05,-0.00011477,-9.109e-05,89565.38343402778,6949757937.843029,2.444192325763889,1.0699064375,1963038.0358819445,4509588061.699902,2.5578465209375003,1.0324409513888888,9552708.1259375,981186252.6257621,3.7824803053125,1.071544295138889
2026-02-03,78738.6,79186.81,72945.5,75770.21,39120.10889,9199445.0,2347.01,2359.88,2110.0,2233.72,1321099.3867,11643770.0,104.54,105.1,96.64,97.89,4514018.115,2135637.0,-1.4100000000000003e-06,-6.125e-05,-0.00012878333333333334,89187.99352083333,6908581379.479995,2.4439141656944443,1.0866251909722222,1987599.5172222224,4540149156.560465,2.727355146215278,1.1063619027777778,9536238.051145833,973234442.0687875,4.057011086597222,1.0545773159722223
2026-02-04,75770.21,76971.52,71888.0,73165.83,38375.36,10724002.0,2233.72,2295.74,2076.68,2148.26,1264743.43,10912540.0,97.89,99.67,89.3,92.12,6251459.371,2940009.0,2.7626666666666664e-05,-2.1716666666666665e-05,-0.0003274,91358.43305902778,6859558281.298647,2.6801532855902774,1.084917267361111,1985107.7282951388,4394211629.280288,2.784651124583333,1.0801533715277778,10396502.800138889,991088827.2561008,4.715977452673611,0.9710651944444445
2026-02-05,73165.84,73341.18,62345.0,62909.86,106298.82899,15364010.0,2148.25,2173.77,1818.18,1826.83,1952286.6951,13667587.0,92.11,93.43,77.6,78.35,10243355.48,4871571.0,1.5046666666666668e-05,-9.326666666666667e-06,-1.3899999999999999e-05,94393.04621527778,6518683752.786662,2.796851746284722,1.0432249131944444,1962430.748111111,4001597304.811798,2.7561410229513887,1.0300716319444445,10763559.228298612,942594001.7735261,3.868476105,1.0250582673611113
2026-02-06,62909.87,71751.33,60000.0,70580.26,92539.21531,13228528.0,1826.83,2093.94,1747.8,2063.38,2102311.5573,12362731.0,78.34,89.84,67.5,87.46,11811095.766,3980604.0,-9.587666666666666e-05,-0.00011429,-0.0003829533333333333,86644.13240625,5812790143.278488,2.182784213298611,1.1045176944444444,1897152.2885069447,3723349351.293629,2.180321551111111,1.0801344375,10186575.606180556,836106229.8974568,3.075906934583333,1.065966
2026-02-07,70580.26,71690.07,67300.0,69289.38,44255.48036,7167427.0,2063.37,2121.7,1994.57,2087.08,1142616.4487,7938360.0,87.45,89.2,84.16,87.59,4486649.48,1746041.0,-8.803666666666665e-05,3.817666666666667e-05,-0.0003088733333333333,83589.5819375,5795632608.419053,1.6801168885069444,1.1072073020833333,2025340.8023680556,4167708885.161883,1.8722948168402778,1.0462557361111111,9468521.771736111,822646480.155922,2.7099447063541664,1.0125172881944444
2026-02-08,69289.37,72271.41,68888.0,70330.38,21420.53168,4870449.0,2087.08,2152.03,2064.1,2089.74,482837.2515,4379045.0,87.59,89.08,85.77,86.99,2534998.683,1040850.0,-3.937666666666667e-05,-1.9263333333333332e-05,-0.00032942,81608.64043402778,5736953363.280585,1.6123819729166666,1.1155828541666668,1945864.3527187498,4086866217.092891,1.7601456968402778,1.0919353298611112,9322145.052569443,815231798.745903,2.662120683645833,1.0891048333333333
2026-02-09,70330.38,71453.53,68308.0,70138.0,29152.72842,6644769.0,2089.73,2147.73,2008.62,2105.02,625378.5569,6331904.0,86.99,88.69,82.86,86.77,3667652.416,1641253.0,-1.837666666666667e-05,-3.077333333333333e-05,-0.00012083666666666667,79989.54295486111,5605968111.057099,1.656820513263889,1.0656660590277778,1911241.8243749999,3971012161.8575954,1.8630678497916666,1.1539964895833335,9275947.317569444,797794347.4122204,2.736949953611111,1.0565876493055555
2026-02-10,70138.0,70527.59,67800.0,68841.29,20373.77072,4558658.0,2105.02,2124.71,1989.38,2022.67,574321.6908,5159394.0,86.77,87.49,81.91,82.99,2975212.105,1118002.0,-7.481e-05,-0.00010126,-0.00012380666666666668,79808.97398958333,5521932405.173758,1.7591120210416666,1.0615369791666667,1845445.679829861,3756926022.5783877,2.164649321284722,1.0520780833333334,9215695.226631945,779276265.558665,2.7458722974305556,1.08707978125
2026-02-11,68841.28,69292.88,65756.0,67082.52,28718.24602,6956577.0,2022.67,2032.31,1903.19,1941.18,529655.8177,6450810.0,82.99,84.39,78.04,79.3,3814913.32,1519961.0,-2.7286666666666667e-05,-0.00011243333333333333,-4.749666666666667e-05,81443.15202777777,5487711086.508935,1.938744903576389,1.065276659722222,1793314.9617812498,3519086506.002632,2.3472454371875,1.0954258680555555,9500202.227118054,769576445.5215485,2.891524891145833,1.088711173611111
2026-02-12,67082.52,68410.52,65118.0,66272.17,24271.74283,6778280.0,1941.19,2001.42,1897.24,1947.85,427567.1469,5262808.0,79.31,82.25,76.6,78.4,3196230.117,1324436.0,1.300000000000001e-06,-1.471e-05,-0.00014440333333333333,81174.72285763889,5434444563.2266655,1.9544020056597222,1.0678050243055557,1769739.084607639,3460941769.926937,2.3122371655555556,1.0743831874999998,9727442.790034723,776310734.6454687,2.9849472158333334,1.0108748506944445
2026-02-13,66272.17,69482.97,65872.46,68853.96,20244.54955,6450842.0,1947.85,2073.68,1924.72,2048.72,425649.7698,4695571.0,78.39,85.63,77.53,84.33,3370390.272,1245544.0,1.758666666666667e-05,-3.0886666666666663e-05,-1.3079999999999998e-05,79547.34616319445,5366692809.869331,1.9108378143055558,1.071338121527778,1776718.2649756945,3531432935.7440042,2.194287657465278,1.0503245763888889,9791559.388229167,794243919.3467183,2.903101324548611,0.9957872534722222
2026-02-14,68853.97,70560.01,68730.13,69822.95,18114.78393,3803163.0,2048.72,2107.67,2042.37,2086.59,220677.2355,2720271.0,84.34,88.9,84.21,88.06,2698607.215,771870.0,4.569999999999999e-06,-2.4900000000000003e-06,-3.486666666666666e-05,79252.38536805556,5506170006.827153,1.6496224139583333,1.2390824062499999,1768723.2437847222,3664798167.149501,1.955268109826389,1.1232337743055556,9604271.15767361,829805806.621574,2.4440603475347222,1.0995572777777778
2026-02-15,69822.94,70983.0,68000.0,68832.58,22290.05208,4598633.0,2086.59,2103.32,1928.88,1966.58,834778.0952,5864311.0,88.06,91.26,84.89,86.16,3929085.4,1210120.0,4.083333333333333e-06,-2.5710000000000006e-05,-4.506e-05,77854.23845833333,5411976294.975917,1.6768507004166666,1.1346940555555554,1781967.4594965277,3614171345.657962,2.2797052512847222,1.12094459375,9551497.783645833,839862033.0675092,2.342503027152778,1.080166048611111
2026-02-16,68832.59,70126.67,67294.11,68892.43,15515.76534,5233849.0,1966.59,2023.51,1937.24,1998.33,351347.9433,4476026.0,86.15,86.93,82.55,86.45,3559751.811,1097748.0,-1.5766666666666666e-05,-4.912666666666667e-05,-7.121666666666666e-05,76788.99557638889,5258070013.021326,1.9428787997916668,1.1289486701388889,1779429.83640625,3512046088.876196,2.689924416215278,1.0829057118055556,9421835.142083334,802360468.7396605,2.6617613997916667,1.1560153333333334
2026-02-17,68892.43,69241.5,66621.06,67503.52,16489.06921,5994853.0,1998.34,2015.33,1941.66,1991.66,406246.9427,6420841.0,86.45,87.69,82.92,85.08,2774655.865,1064339.0,4.544e-05,4.693333333333331e-06,-7.372333333333333e-05,77525.48884375,5272145496.853524,2.030201942291667,1.06345803125,1776158.5478645833,3523495626.4096117,2.5018600303125,1.0248625,9354745.220659724,799237378.9801592,2.7307249743749997,1.02446065625
2026-02-18,67503.52,68476.22,65870.0,66461.0,15492.43839,4548997.0,1991.67,2039.05,1923.78,1955.91,393639.0086,5176537.0,85.09,86.09,80.48,81.61,3137603.97,1026899.0,2.2260000000000004e-05,-1.1760000000000001e-05,-0.00012183333333333333,79847.22249999999,5370366490.417856,2.2319895602430555,1.1140287361111112,1793113.7755243056,3551428281.45808,2.4925138294444444,1.1259395659722222,9583593.734756945,799089086.7808865,2.9359960139930554,1.0757932569444444
2026-02-19,66461.0,67320.0,65631.83,67003.73,14542.26988,4679351.0,1955.9,1987.55,1907.0,1949.08,300257.0733,3793608.0,81.61,82.67,79.61,82.5,2848277.49,946105.0,-1.4599999999999997e-05,-7.145e-05,-7.228333333333333e-05,79994.86857291666,5337034606.179033,2.431217840451389,1.1269139826388888,1795574.5481909723,3504460090.377708,2.8871852509722222,0.9952994027777778,9945028.936388887,810363508.7859243,3.1344695428472225,1.0660838506944446
2026-02-20,67003.73,68318.39,66280.2,68020.01,35351.87091,5044912.0,1949.08,1981.18,1922.97,1968.88,386253.5557,3948261.0,82.5,85.49,81.77,84.67,3754556.759,1184887.0,1.9986666666666666e-05,-4.995666666666667e-05,-2.319333333333333e-05,80723.8925451389,5452421300.536404,2.1268178035763885,1.1277859479166665,1769340.1727256945,3462354601.2695856,2.6837644810416665,1.0933568645833334,9472262.4978125,792566986.4839048,2.8700058612152777,1.0232002430555556
2026-02-21,68020.0,68698.7,67534.69,67975.93,8032.84131,1593539.0,1968.88,1995.56,1955.62,1973.35,179173.8456,1362230.0,84.68,86.72,83.97,85.17,1780748.862,501200.0,3.392e-05,4.7566666666666666e-05,-1.315e-05,80627.09869097223,5491354998.698223,1.8457235252083335,1.2694105243055556,1762808.5469479167,3479824566.1926847,2.2404366865277776,1.0966118368055555,9622418.167847224,820122168.3087577,2.5108973646180552,1.0704368854166666
2026-02-22,67975.93,68245.0,67190.0,67643.4,8175.13484,2160900.0,1973.35,1983.13,1935.0,1957.82,155325.6482,1850073.0,85.17,85.6,82.48,82.79,1798852.596,478017.0,1.9146666666666667e-05,3.499999999999999e-06,-7.405333333333334e-05,79830.67382638888,5411016073.916958,1.8320251547916666,1.2237971493055555,1769283.9929965278,3471752327.9112377,2.4178013064930557,1.1629070659722223,9647784.27253472,813006074.2542231,2.519530532708333,1.2884559722222222
2026-02-23,67643.39,67684.86,63888.79,64656.02,33075.90923,8268695.0,1957.82,1958.33,1837.13,1856.3,547359.4869,6684753.0,82.8,82.85,77.15,77.9,5163373.383,1508435.0,-4.0000000000000067e-07,-0.00012738333333333333,-0.00025256666666666666,79261.74354513889,5182542226.261479,2.31377080125,1.0786947395833333,1816651.304107639,3420994518.992991,2.6072785736805555,1.0402881944444444,10286482.757152777,813027774.4059609,3.2967073771875,1.0023573194444444
2026-02-24,64656.01,65026.75,62510.28,64058.15,23102.83622,7553629.0,1856.3,1869.58,1800.0,1851.94,438064.0284,6607359.0,77.91,79.62,75.63,78.99,3592828.376,1232135.0,1.4436666666666665e-05,-1.603333333333333e-05,-5.800666666666666e-05,81076.06852430555,5164149420.370575,2.4117706618055554,1.0523584270833333,1838006.3214895832,3378888116.6953225,2.597892618194445,1.0440778784722222,10513556.65534722,813891002.0367674,3.3150763006597224,1.0603667013888889
2026-02-25,64058.15,69988.83,63913.27,67988.04,30749.99259,7096715.0,1851.95,2148.39,1846.74,2057.48,682979.4378,9024746.0,78.99,92.1,78.73,88.06,5632749.415,2076213.0,4.800000000000001e-06,2.6186666666666668e-05,-1.3970000000000003e-05,79209.40461805556,5273864522.366647,1.8717446247569443,1.1207680034722223,1837563.9870277778,3619194474.503911,1.8367829853472222,1.0558885104166666,10541741.400416667,891006776.1727796,2.5144015311458334,1.0910627361111112
2026-02-26,67988.04,68860.0,66500.0,67485.18,20737.77792,5426137.0,2057.48,2083.33,1975.35,2027.68,439783.3566,7142316.0,88.05,89.27,84.34,85.91,3356890.979,1381041.0,2.9366666666666685e-06,3.0406666666666665e-05,1.6233333333333336e-05,79630.22696527778,5402865016.566631,1.6307120325694444,1.0526858333333333,1889792.2289722222,3865726476.1409965,1.5522270234375002,1.0780400208333334,10180429.894409724,886504224.5931033,2.0403107092708335,1.0820632152777778
2026-02-27,67485.19,68216.8,64914.46,65872.1,21228.58424,3856064.0,2027.68,2063.52,1887.0,1929.84,428687.234,5213158.0,85.91,88.29,80.32,81.85,3370499.359,1290836.0,-3.2566666666666674e-05,-3.0969999999999997e-05,-9.175666666666666e-05,78985.66607291666,5256646014.471886,1.9952034817361113,1.1096723020833332,1839063.4417222224,3638313383.4230394,2.097559930625,1.0876000833333332,10088279.065659722,849864668.5234421,2.558643595034722,1.1513321180555556
2026-02-28,65872.09,67760.0,63030.0,66973.26,22548.71649,5268514.0,1929.84,1984.99,1835.36,1964.51,461680.9835,6186042.0,81.84,85.65,77.12,84.35,4737699.879,1652423.0,-1.3303333333333334e-05,-8.487666666666666e-05,-0.00013975666666666666,79319.40696180555,5168118056.840983,2.190841600833333,1.0890530625000001,1818682.515329861,3466750699.703968,2.529956867777778,1.0600464166666665,10241295.263923611,829358714.9615545,3.0577737056250003,1.048175982638889
2026-03-01,66973.26,68199.99,65056.0,65776.47,23201.85859,5312013.0,1964.51,2054.8,1907.41,1939.71,529196.8464,6616298.0,84.35,88.9,81.69,83.6,4435194.222,1639105.0,2.2743333333333333e-05,2.290333333333333e-05,3.597333333333334e-05,78304.00005902778,5213724360.847761,1.6488868600000002,1.1249100659722222,1828855.5643541666,3625075705.3251853,1.827700349826389,1.0417370902777778,9788479.544930555,834896908.1632842,2.2467487068402776,1.0190597534722223
2026-03-02,65776.48,70096.0,65259.21,68830.06,32010.38431,8397526.0,1939.71,2090.0,1920.0,2027.35,577406.3749,9343785.0,83.61,90.29,82.37,86.64,5123433.26,2012450.0,-1.1126666666666665e-05,-6.222333333333334e-05,-2.5303333333333332e-05,79749.273875,5370565021.631679,1.4794518255902778,1.0830657361111111,1897349.8665694445,3768888296.2350817,1.8069074630902777,1.0512020555555557,9646861.746284721,823054535.0057887,2.2834137281249998,1.116849798611111
2026-03-03,68830.06,69258.08,66158.0,68338.0,24972.2418,7648119.0,2027.34,2041.48,1929.56,1982.8,509329.8534,8311355.0,86.65,87.46,82.5,86.97,4136742.745,1899723.0,9.106666666666667e-06,-2.4703333333333335e-05,-8.223333333333333e-05,79594.23883333334,5405846706.765763,1.3903794124652777,1.1153161284722222,1948374.2258229165,3864553146.197961,1.945231717152778,1.0554275833333333,9590298.476354167,817495686.2303115,2.3263745809375,1.107584420138889
2026-03-04,68338.01,74050.0,67400.0,72666.77,44919.0761,8618302.0,1982.81,2199.0,1945.08,2127.28,737644.8152,9527323.0,86.98,94.05,84.78,90.85,6329931.383,2311936.0,6.043333333333331e-06,-2.946666666666668e-06,1.284e-05,86684.84494791666,6152965656.282664,1.0883166747222222,1.1613441354166667,2037124.1844375,4207936423.480729,1.5536379342708333,1.0569947951388887,9731058.900555557,869907994.8350767,1.8694490883680557,1.036412111111111
2026-03-05,72666.77,73558.15,70645.47,70890.72,26590.51253,6709160.0,2127.28,2163.66,2054.75,2072.86,432157.8126,6753565.0,90.86,92.96,87.91,88.77,3753710.608,1560359.0,2.902e-05,-1.2103333333333332e-05,-4.2810000000000005e-05,88593.02655555555,6385579181.983505,0.9516142790972223,1.0788673993055555,2081590.8510173613,4387764069.262969,1.3763024209722223,1.0423006423611112,9488464.335034722,855071737.606966,1.7266610758333334,1.0732795104166666
2026-03-06,70891.02,71419.98,67744.78,68114.02,22629.88722,5302899.0,2072.86,2093.33,1955.95,1978.68,411597.7569,5601424.0,88.78,89.31,83.64,84.7,3135324.642,1074615.0,-1.1826666666666666e-05,-2.6216666666666662e-05,-4.877333333333334e-05,82918.41256597223,5776846431.35442,1.4498768661458332,1.0884019583333333,1977268.5146458335,4018504418.387742,1.9269089512847222,1.0549889618055555,9283387.743229168,804263350.627831,2.358064948611111,1.0426093333333333
2026-03-07,68114.02,68551.04,66915.26,67262.91,12719.54315,2067476.0,1978.68,1996.04,1948.09,1969.59,184459.82,2029543.0,84.69,85.07,82.28,83.22,1465281.721,449215.0,-2.4333333333333157e-07,-2.7236666666666666e-05,-6.0169999999999995e-05,84055.46745833333,5700091978.899737,1.9093865316666667,1.114800201388889,1955599.4685763891,3865238155.9202685,2.3309121594097224,1.1079045347222223,9375527.697430557,787397346.7851897,2.901283146701389,1.104458423611111
2026-03-08,67262.91,68200.0,65618.49,65971.2,21593.63901,3028392.0,1969.6,1979.8,1916.14,1937.1,391189.7317,4044585.0,83.22,84.13,80.26,81.59,2102965.687,874561.0,-2.8263333333333334e-05,-7.021000000000001e-05,-0.00015803333333333332,83276.87875694444,5589595689.85702,2.0412177432291667,1.1306326979166665,1999697.3984895833,3899223445.018792,2.497887186701389,1.0669400833333333,9565280.1696875,787852797.4923711,3.0552457235763892,1.1013666840277778
2026-03-09,65971.2,69516.65,65821.97,68432.16,28896.7213,5093667.0,1937.11,2053.52,1929.65,1992.98,550825.4883,6360581.0,81.6,87.06,81.54,84.96,3594057.289,1435938.0,-4.593333333333333e-05,-4.835333333333333e-05,-6.723666666666667e-05,81858.8158611111,5563518274.601716,1.8516893117708335,1.1091260381944443,1994091.637357639,3985704367.1417456,2.0569125105555557,1.0384726805555555,9586675.359722221,807324106.0937377,2.9414063473263887,1.0514591284722221
2026-03-10,68432.16,71777.0,68391.41,69948.63,32602.57726,5176064.0,1992.97,2088.19,1991.0,2036.51,463411.8739,5226998.0,84.95,88.8,84.83,85.88,3643895.134,1345421.0,1.913333333333333e-06,4.0023333333333334e-05,2.4646666666666672e-05,82442.27989236111,5787420581.567759,1.2338255372916667,1.1198751666666666,2079847.4605173608,4253938679.759029,1.5833764659722223,1.0495296354166668,9518899.867673611,823290980.2972901,2.350445021111111,1.0480575347222223
2026-03-11,69948.64,71321.0,68977.91,70191.86,27249.27542,4759855.0,2036.5,2085.58,2007.17,2051.97,350061.256,4730286.0,85.88,88.09,84.36,86.58,3182175.739,1160083.0,-7.376e-05,8.413333333333335e-06,-6.398333333333333e-05,81707.9072013889,5722953912.721761,1.2061916987152776,1.1255700104166666,2093885.9525833332,4275628405.293952,1.6888920795138889,1.0264657222222222,9351338.530243056,805429887.858068,2.249531100138889,1.0518870381944445
2026-03-12,70191.86,70800.0,69205.91,70541.34,21997.1605,4344059.0,2051.97,2095.0,2017.59,2073.52,400507.8132,4757775.0,86.58,87.69,84.72,86.84,2913681.148,1011244.0,-6.858333333333332e-05,-2.474e-05,-4.082666666666666e-05,82645.58911458333,5783246256.53053,1.2179971952430555,1.099662625,2083464.577173611,4275928481.7500095,1.5592076909027779,1.0620613854166665,9450638.251666667,814165953.4133083,2.1631007486111113,1.088742875
2026-03-13,70541.34,73913.74,70386.01,70930.0,35996.61678,5312490.0,2073.51,2209.03,2070.12,2092.22,599657.0399,6138489.0,86.83,92.98,86.71,88.18,4940378.617,1573489.0,2.786666666666666e-06,1.4333333333333334e-05,7.856666666666667e-05,86639.95300347223,6208963389.732198,0.9970314126736111,1.1476632569444445,2179986.255579861,4616130137.09905,1.3307291732291668,1.1123661111111112,9965930.979652777,891405684.2250695,1.7007514664236112,1.0780096527777776
2026-03-14,70930.01,71307.92,70317.0,71211.95,13017.24737,1661739.0,2092.21,2106.09,2061.6,2096.16,152500.5822,1584458.0,88.17,88.71,86.51,88.03,1498143.039,452790.0,-3.0726666666666665e-05,-1.2626666666666665e-05,-6.434333333333332e-05,83966.59519444445,5938541619.969736,1.2176764825347222,1.179873173611111,2084847.0865451386,4338418209.843449,1.7527274563194444,1.1141416770833332,9510316.389305554,830681088.570284,2.1116162215277776,1.1944489027777778
2026-03-15,71211.95,73199.0,70858.82,72815.24,14037.30704,2509013.0,2096.16,2202.87,2083.35,2178.3,280825.9377,3001730.0,88.04,93.23,87.36,92.3,2614547.105,884525.0,-1.8950000000000003e-05,5.599999999999992e-07,-4.869e-05,82542.22231597222,5907436005.977028,1.2144284686805555,1.1358724861111111,2024189.561628472,4270255592.516739,1.67678768625,1.0594939618055554,9366919.393194444,828535683.5124073,2.2287057256597222,1.0620872951388889
2026-03-16,72815.25,74909.08,72270.41,74884.67,28409.53019,5396482.0,2178.29,2386.02,2164.73,2352.97,845892.7756,7409311.0,92.31,97.68,91.18,96.2,5621650.621,1713091.0,3.889e-05,8.228e-05,8.274666666666666e-05,86874.88751736112,6398148953.450314,0.9126872573958332,1.1594714444444445,2376941.905659722,5412313352.662176,1.0006004194097222,1.0983996319444445,10304315.662847223,966911298.4191486,1.4235437662847223,1.0888955590277778
2026-03-17,74884.67,76000.0,73399.19,73909.36,24521.26636,4863187.0,2352.97,2376.66,2294.15,2317.39,493831.1016,5596636.0,96.19,96.95,93.15,94.62,2833557.586,1112613.0,-1.1746666666666667e-05,2.0206666666666667e-05,2.5806666666666668e-05,89659.96916319444,6666038838.500798,0.9144812059722223,1.1163861736111111,2442969.529045139,5688233046.128394,1.0061198377083334,1.0494793437499998,10049761.048368055,949382023.7417197,1.5712847164236112,1.0752433993055555
2026-03-18,73909.37,74672.34,70500.0,71246.54,23392.88093,4733897.0,2317.38,2350.0,2153.21,2203.39,488040.8887,5684937.0,94.61,95.65,88.55,90.08,3293861.558,1252844.0,-2.9880000000000002e-05,4.686666666666667e-06,-4.099666666666667e-05,90619.32479861111,6597182781.513774,1.082828665486111,1.0632289652777778,2330521.962302083,5276281956.343907,1.3008351622569443,1.0447841944444445,9770041.392673612,899880393.437881,1.827260611111111,1.0453890069444443
2026-03-19,71246.55,71613.79,68793.35,69930.0,22364.81819,4972526.0,2203.39,2233.72,2099.38,2137.81,490791.679,6142160.0,90.07,91.41,87.0,88.89,2609542.924,969701.0,-9.27e-06,-3.95e-06,-3.5363333333333334e-05,87446.90729166666,6140367881.728871,1.481595884861111,1.0572109409722221,2228846.1543159722,4812018902.486687,1.8085571381944443,1.0438524097222224,9041717.421666667,806137323.9897549,2.2153552906944447,1.0897377847222223
2026-03-20,69930.01,71367.0,69388.0,70510.73,18121.16745,4369971.0,2137.82,2176.84,2116.88,2146.22,300156.1778,4595372.0,88.9,90.45,88.13,89.84,2201411.538,829967.0,3.8499999999999996e-06,-4.122333333333333e-05,-3.535333333333333e-05,87051.53345833333,6120953283.721222,1.543135659201389,1.144297204861111,2230338.7323125,4775338814.066523,1.9686016681944443,1.0610721354166666,8516908.821076388,759493240.4860358,2.2116126180208333,1.0540757048611111
2026-03-21,70510.73,71100.94,68571.42,68918.12,13397.1675,1640086.0,2146.21,2168.27,2070.78,2084.87,132559.4646,1375463.0,89.85,90.81,87.14,87.56,1241845.225,430506.0,-3.793333333333333e-06,1.8526666666666667e-05,-3.621666666666667e-05,87293.25877083333,6157701914.752054,1.4631919761458334,1.1459096111111111,2217184.7821527775,4771926935.641343,1.9200864898263887,1.1097456909722223,8538076.236979166,768079931.0919052,2.114210759236111,1.109954909722222
2026-03-22,68918.12,69588.79,67360.66,67859.0,14843.78682,3269152.0,2084.86,2127.21,2026.0,2053.89,313070.5572,3577857.0,87.55,89.2,85.14,86.2,2138087.131,792987.0,-3.485333333333333e-05,-2.4433333333333332e-05,-0.00013109333333333333,87573.16469444445,6016595861.241077,1.6977263195833334,1.0867088333333335,2182415.7840694445,4544731638.615657,2.0788901353472222,1.1195985833333333,8547291.279305555,746600723.9222591,2.3461429058333336,1.1057450694444446
2026-03-23,67859.0,71817.09,67445.18,70906.45,28335.09119,6509730.0,2053.9,2198.57,2023.04,2152.03,614508.4369,7349668.0,86.21,92.26,85.11,91.43,4561706.388,1666603.0,-1.594e-05,-4.500000000000019e-07,-1.084e-05,86869.30867708333,6044557002.030042,1.5912922049652778,1.104497361111111,2162393.646243056,4552695192.88834,1.9266684531597222,1.0512593645833332,8569893.807916665,760374596.0544786,2.216378253090278,1.0928875208333333
2026-03-24,70906.45,71400.0,68923.07,70556.74,20702.42244,4191328.0,2152.03,2175.16,2103.02,2156.23,316703.4728,4633093.0,91.44,92.22,88.42,90.8,3086042.526,1020843.0,3.653333333333334e-05,7.733333333333333e-06,5.770000000000003e-06,85691.13059375,6028254003.597115,1.537109998159722,1.0977193368055556,2131310.2869965276,4564601598.4261265,1.8949797814930553,1.0811650347222224,8462492.786701389,765151866.9334394,2.0136908,1.034373767361111
2026-03-25,70556.74,72026.09,70408.0,71336.53,17719.50066,3298902.0,2156.22,2199.02,2146.35,2169.02,275641.5255,3492121.0,90.8,93.47,90.71,91.7,2652534.798,844728.0,2.7016666666666665e-05,-3.3666666666666685e-07,3.9080000000000005e-05,86831.19394444444,6170995693.399942,1.3762129534375,1.10662965625,2167449.5890833335,4701988150.358356,1.6217193699305554,1.0735984930555555,8600117.429583333,790633788.4719551,1.7766186975,1.1249566805555555
2026-03-26,71336.53,71436.82,68153.0,68820.31,20820.45768,3597702.0,2169.02,2172.19,2034.54,2060.43,338010.6238,3890747.0,91.7,91.98,85.45,86.53,3566192.736,864864.0,5.746666666666666e-06,-1.0146666666666669e-05,-0.00011308999999999999,86869.84756944445,6051363937.185487,1.7645520415625,1.0419126319444443,2174314.680274306,4556466478.8638,2.2706887805555556,1.0862103229166666,8935191.390347222,788800571.9647431,2.5222352196875,1.0318420555555554
2026-03-27,68820.31,69179.05,65548.25,66407.28,28603.69557,4159306.0,2060.43,2077.19,1970.93,1992.75,394873.5248,3909237.0,86.52,87.04,81.86,83.11,2840562.07,817296.0,-3.071333333333333e-05,-7.825333333333333e-05,-0.00027126666666666663,91579.54510416667,6150361567.172358,2.375792146423611,1.0646166736111111,2211441.879114583,4464111545.11573,2.526870019861111,1.08388353125,9528808.13642361,802747808.5005991,3.0150333470138886,1.0595375138888887
2026-03-28,66407.28,67288.94,65932.09,66377.03,11462.39847,1687368.0,1992.76,2047.45,1983.17,1994.74,154831.8055,1569810.0,83.11,84.29,81.69,82.09,1667010.099,451858.0,-5.2883333333333336e-05,-4.344333333333334e-05,-0.00022161,95091.54028472221,6324382560.397617,2.575755498993056,1.2062011944444444,2220659.3091388885,4452357634.865496,2.4057796472222224,1.066177638888889,9792512.108263887,812651675.8464993,3.2370307797916666,1.0801949027777777
2026-03-29,66377.04,67130.5,65000.0,66010.93,10052.85584,2146177.0,1994.74,2019.65,1938.82,1984.64,166726.7382,2049808.0,82.09,83.24,78.96,81.44,1624673.475,523110.0,-3.3833333333333333e-06,-2.853e-05,-0.00022756666666666668,95026.50610763888,6323160893.008633,2.287547058229167,1.127798392361111,2212761.4543159725,4421220230.915618,2.393648318888889,1.0175019930555556,10150950.503680555,833166404.4060208,3.1196651489583336,1.1049931319444444
2026-03-30,66010.93,68169.65,65800.59,66797.37,18353.38975,3902849.0,1984.65,2085.0,1980.28,2026.48,338304.4344,3886546.0,81.45,84.99,81.15,82.54,3025854.687,887139.0,5.166666666666667e-06,9.013333333333334e-06,-9.998666666666667e-05,91510.2767951389,6144836632.62335,1.9477416460069443,1.1165679930555554,2179356.83159375,4453065976.495249,1.8183074605555554,1.1078286840277778,9967657.923333334,831695746.0793389,2.9757555944791667,1.0895656215277778
2026-03-31,66797.38,68589.49,65998.05,68284.48,22105.40662,4846820.0,2026.48,2124.03,2012.64,2105.43,421897.9023,5013796.0,82.55,84.62,80.08,83.2,4272567.426,1157793.0,-1.5226666666666668e-05,3.4766666666666667e-06,-6.163e-05,90230.80153472222,6081298343.033513,1.9093747767013889,1.0757598715277779,2195846.441638889,4540647196.041616,1.66893421375,1.0727106874999999,9678753.716006944,797523048.6392999,3.120924874861111,1.0920416770833332
2026-04-01,68284.49,69310.0,67578.75,68113.92,19020.1899,3741910.0,2105.43,2167.85,2082.08,2140.35,399227.3779,4211533.0,83.19,86.65,80.77,81.18,4676736.12,1221698.0,-1.1109999999999999e-05,2.9843333333333336e-05,-3.0366666666666675e-06,90324.53847916666,6173694124.204097,1.4805845945833334,1.126524798611111,2299028.481638889,4891200059.84663,1.2294070056250002,1.0564286493055555,9467390.40517361,788637868.3735927,2.9132319320833333,1.0639426909722223
2026-04-02,68113.92,68653.38,65712.12,66901.99,20203.47916,4189133.0,2140.35,2159.37,2017.04,2057.17,346872.8323,4462923.0,81.19,81.77,76.7,78.94,4210024.263,1149760.0,-1.010666666666667e-05,-9.870333333333333e-05,-9.579333333333333e-05,89328.67022916667,5962983097.0926895,1.9558692664930557,1.07316559375,2189463.897,4506979189.058131,1.804361148125,1.0490332569444445,9875239.409618055,780096463.9703834,3.7090699701736107,1.0535123229166665
2026-04-03,66901.99,67370.42,66282.0,66964.3,11429.13131,2023104.0,2057.18,2081.76,2040.66,2053.83,136266.6393,1741595.0,78.95,80.91,78.85,80.4,2230839.74,585265.0,-3.596666666666667e-06,-1.103e-05,3.556666666666666e-06,90396.57924305556,6037242251.068556,1.7956285205555556,1.213046201388889,2169263.031326389,4456079411.261587,1.7056723550347224,1.1200169444444446,10001453.1596875,798060461.8454428,3.3546690723263892,1.0939353541666668
2026-04-04,66964.29,67562.93,66775.91,67300.42,7373.51613,1356179.0,2053.83,2084.0,2044.63,2065.52,86504.4406,1246022.0,80.39,81.61,79.57,80.83,1562930.767,339581.0,3.175666666666667e-05,1.8733333333333336e-05,-5.0700000000000006e-05,90895.07038888888,6097689141.109814,1.6517059024305556,1.2051214687499998,2150878.1795729166,4419156462.734266,1.9081246849999998,1.1585234756944445,9800419.487534722,787946693.8687413,3.05158582875,1.11780546875
2026-04-05,67300.42,69136.2,66611.66,69034.18,11733.46752,2106257.0,2065.51,2123.49,2021.5,2110.17,157353.3199,2504865.0,80.84,82.13,78.52,81.89,1732438.558,530668.0,2.7026666666666667e-05,-4.249999999999999e-06,-7.128e-05,90350.81852083333,6069561844.182441,1.5679072771875,1.2160906319444444,2139742.2304652776,4391321453.641651,1.9524689576388887,1.156517013888889,9704374.258819444,775517524.3453158,3.0471284114930555,1.0947336180555556
2026-04-06,69034.18,70351.46,68300.0,68853.66,20281.61044,4695523.0,2110.17,2174.79,2087.5,2107.16,356054.2894,5330366.0,81.89,83.2,79.6,80.03,2730370.564,836312.0,4.346666666666667e-05,3.53e-05,1.593e-05,93836.93951041666,6510316907.564832,1.0842304739930555,1.0818452708333333,2260059.0985625,4831708712.841859,1.2363281614236112,1.0767736423611112,9552499.057465278,782508370.5856032,2.41648527375,1.0446074583333333
2026-04-07,68853.66,72761.0,67732.01,71924.22,23750.49661,4871706.0,2107.16,2273.87,2060.24,2240.01,460094.8093,5189711.0,80.03,87.02,78.38,85.56,4312598.52,1320957.0,3.593666666666667e-05,-1.959e-05,-0.00012773666666666665,90267.129375,6213120019.755749,1.271545231701389,1.1222273506944445,2193324.592121528,4624970295.298138,1.6788576476388888,1.103813861111111,9487321.0778125,760816329.5918822,2.9787855822916667,1.0742408263888887
2026-04-08,71924.22,72857.0,70707.23,71069.93,19802.68627,3843988.0,2240.01,2270.55,2179.78,2190.0,404717.6321,4339985.0,85.56,85.9,82.24,82.57,2952758.548,910454.0,3.877e-05,7.515e-05,0.0001,90215.33665972222,6452082144.784347,0.9692524226736112,1.146982263888889,2332735.579152778,5202637722.344568,1.1757796313541666,1.0620393506944443,9044702.472673612,759841200.1943645,1.9305352727430554,1.044912625
2026-04-09,71069.93,73145.0,70466.0,71787.97,18158.42159,3773025.0,2190.0,2246.0,2157.31,2190.2,275317.9503,3756386.0,82.56,85.95,81.4,83.33,2775927.629,900238.0,1.0353333333333335e-05,1.248e-05,1.8093333333333335e-05,91974.871625,6567026872.138835,0.9741662835763889,1.1159872569444445,2255232.221184028,4940374762.559338,1.4830527753125,1.0681852986111111,8771439.262743056,726168939.011415,2.2665304099999997,1.181573111111111
2026-04-10,71787.98,73434.0,71426.15,72962.7,17372.63288,3176308.0,2190.17,2257.99,2176.1,2245.05,272899.0858,2929213.0,83.33,85.67,82.62,84.83,2186078.343,684681.0,2.273333333333333e-06,3.6166666666666666e-06,6.146e-05,95073.89649652777,6878192234.5117,0.8321055047569444,1.1291279340277778,2257974.709215278,5003131499.5173235,1.3930596803472222,1.0841093368055554,8636956.341041666,725218558.0272443,2.0731169137500003,1.1653152673611111
2026-04-11,72962.71,73790.0,72513.09,73043.16,9070.94374,1472041.0,2245.06,2329.93,2229.0,2284.99,214785.4039,1929651.0,84.83,86.26,83.8,84.93,1570901.883,479797.0,-6.687666666666666e-05,-5.8406666666666664e-05,4.126666666666667e-06,97310.27435763889,7097041328.575487,0.7494346461805556,1.2862743402777777,2320935.3471458335,5233407506.885291,1.1439274395833334,1.1386110173611113,8732618.263576388,738926145.2207053,1.8821268588541666,1.201459048611111
2026-04-12,73043.16,73137.24,70505.88,70740.98,13472.46801,2068779.0,2285.0,2288.57,2175.0,2191.65,258156.8821,2575808.0,84.94,85.0,81.27,81.53,2174791.866,639807.0,-4.044333333333333e-05,-2.606666666666668e-06,-2.7566666666666665e-05,93981.86679513888,6710560216.1796255,0.9769468553472223,1.1665037083333332,2268012.6865138886,5011331225.612572,1.603804901875,1.1825233993055555,8804910.230972223,724668324.6629105,2.648948288923611,1.2640474444444445
2026-04-13,70741.56,74900.0,70566.99,74417.99,24230.21625,3673539.0,2191.64,2394.71,2175.68,2369.46,453870.8292,4527557.0,81.54,86.81,81.4,86.51,2950390.415,1038169.0,-1.942e-05,1.6853333333333333e-05,4.2970000000000004e-05,92261.6258298611,6614084900.688966,1.1087701415277778,1.1413487534722222,2178572.428284722,4829723043.389904,1.738066855138889,1.0947427430555556,8852552.188506944,732909595.8281931,2.7984198272916667,1.1765699305555557
2026-04-14,74418.0,76038.0,73795.47,74131.55,26532.94456,4033448.0,2369.46,2415.5,2302.9,2322.44,460107.3841,3689565.0,86.51,87.67,83.3,83.72,3532984.692,949683.0,-2.785333333333333e-05,7.83e-05,0.0001,97173.21442013889,7236360278.604992,0.6667037246874999,1.197830607638889,2327097.7702673613,5483758105.39974,1.0079207659027778,1.1666569027777778,9489409.39361111,810802522.8881034,1.7765503252430555,1.129142701388889
2026-04-15,74131.55,75425.0,73514.0,74809.99,14425.04167,3187792.0,2322.44,2385.61,2308.5,2359.95,268190.6377,3232871.0,83.72,85.83,82.65,84.9,2602448.593,866567.0,-7.183e-05,1.237e-05,-3.7476666666666666e-05,97952.53617013889,7272395901.423047,0.7607144902430556,1.1129186770833333,2248606.322767361,5252384921.949474,1.3604707639583333,1.0758321354166667,9497699.11420139,796508065.7064703,2.4808342277430553,1.1184746527777778
2026-04-16,74809.99,75534.76,73309.85,75154.29,17088.68777,3581890.0,2359.94,2369.59,2285.1,2348.17,328960.9377,3793210.0,84.9,90.53,83.8,89.05,3940291.341,1188495.0,-2.8280000000000004e-05,-3.55e-05,9.101666666666667e-05,98482.28921527778,7354781514.541354,0.7599787654166668,1.1544060868055555,2191267.0255034724,5130760019.412606,1.4454541420138889,1.0924791041666666,9671761.777361112,834655572.0313085,2.01292226625,1.0774817916666666
2026-04-17,75154.28,78333.0,74529.4,77072.0,25941.36694,4931167.0,2348.16,2464.91,2317.43,2419.0,491731.3615,4541654.0,89.06,90.73,87.34,88.76,4237208.388,1177055.0,-1.5703333333333333e-05,1.1673333333333334e-05,4.700333333333334e-05,102371.00759027778,7796424761.240221,0.6705129818055555,1.1852193368055555,2221275.9130208334,5293182452.899983,1.3691320610416666,1.1463166215277778,10097852.238819445,895728369.8900609,1.673989645625,1.2045806909722223
2026-04-18,77072.01,77420.08,75445.16,75691.76,9141.84456,1941112.0,2419.0,2427.64,2339.92,2350.32,221741.3888,2045925.0,88.77,89.16,85.78,86.16,1893190.543,560071.0,-6.588666666666667e-05,-6.155333333333333e-05,-5.307333333333334e-05,102938.90122569444,7862830565.662998,0.6960219262499999,1.26883353125,2207036.2081631944,5246413817.702253,1.5405915204861111,1.12625221875,9444992.298472222,824546635.4254011,1.9814284012152779,1.1100743020833332
2026-04-19,75691.76,76240.66,73762.9,73801.79,11369.82232,2739751.0,2350.33,2355.3,2252.72,2263.27,256086.8276,2728260.0,86.15,87.12,82.94,83.47,2594849.065,769677.0,-9.296666666666667e-05,-0.00014930333333333334,-7.730333333333334e-05,97353.20027083333,7322939112.421253,0.8659030870833333,1.2269414444444444,2161641.922881944,5007843342.90881,1.9246385559375,1.0903202118055555,9150294.884374999,780701046.2862905,2.3789387578819445,1.1396478055555557
2026-04-20,73801.8,76558.62,73724.31,75840.97,16993.41034,3563591.0,2263.28,2346.78,2259.67,2313.85,301000.0659,3751621.0,83.47,86.22,83.34,85.28,2300346.75,755776.0,-4.0459999999999995e-05,-5.0833333333333335e-06,-1.656666666666667e-05,94761.11623958334,7121877410.506998,0.9428363853124999,1.1240453090277778,2151911.215510417,4953372617.71394,2.0577185196874996,1.0786205833333333,9156155.726145834,778266034.2236859,2.5860868038888887,1.1631141493055557
2026-04-21,75840.97,76927.57,74821.57,76336.15,14912.57132,3616213.0,2313.84,2338.75,2284.19,2327.14,226645.977,3398934.0,85.29,86.89,84.31,86.03,2111587.269,789037.0,-6.0009999999999996e-05,-3.926e-05,3.8576666666666666e-05,95210.23879166666,7222539358.430367,0.83762399,1.1441068020833334,2127721.485190972,4921527880.786202,1.8968781019791667,1.1196580729166667,9283635.723784722,793933098.8094045,2.345896648958333,1.2259037430555555
2026-04-22,76336.14,79472.82,76132.95,78178.23,19737.51225,3757077.0,2327.15,2423.75,2312.95,2374.07,379707.1259,4230243.0,86.04,89.32,86.01,86.87,3154871.835,814469.0,1.913333333333332e-06,5.2230000000000006e-05,8.790333333333334e-05,101379.55422222223,7921140606.869666,0.6125927315277777,1.1960370590277778,2252226.592722222,5371046323.221739,1.3411198739930557,1.18275321875,9554731.988645833,838052459.2156044,1.7262032666666667,1.2041496666666667
2026-04-23,78178.22,78662.5,76960.0,78257.48,16970.79501,3571796.0,2374.08,2382.0,2285.42,2330.26,356645.6923,4079579.0,86.86,87.18,84.48,86.12,2894663.239,789600.0,-6.0396666666666664e-05,6.636666666666668e-06,2.0836666666666667e-05,99968.16044097222,7786071201.341352,0.6194404611111112,1.1333852777777778,2132820.380822917,4976915571.121194,1.6830668034722223,1.0772431666666666,9352926.99128472,802599420.464799,2.1189297444444444,1.1198757604166667
2026-04-24,78257.48,78581.93,77264.08,77437.13,12675.14315,2581973.0,2330.27,2337.5,2300.22,2314.99,183887.6181,2413824.0,86.12,86.94,84.92,86.18,1818574.663,545936.0,-4.948666666666667e-05,-7.59e-05,-5.338e-05,97290.20530555554,7567705501.582991,0.7050263559027778,1.1412801145833333,2035273.9286354168,4714008995.386751,1.9881185287499998,1.1210623784722222,9227088.39361111,793044356.576767,2.238567381284722,1.1743890416666667
2026-04-25,77437.13,77885.35,77140.23,77625.0,5685.1142,806542.0,2314.98,2323.21,2300.55,2319.5,68139.2191,658757.0,86.18,86.8,85.53,86.18,1033932.436,300075.0,-4.3370000000000007e-05,-3.653e-05,5.2899999999999985e-06,96053.97994444444,7444148867.193649,0.7934919154513889,1.3178250763888888,2027012.6240937498,4691126291.283474,2.038240999548611,1.1939213159722222,9174322.751909724,790730375.9802461,2.211529918159722,1.3348632673611112
2026-04-26,77625.0,78961.0,77326.51,78657.55,7963.56162,1476971.0,2319.49,2380.0,2306.72,2369.44,154591.6219,1508570.0,86.19,87.32,85.84,86.93,1453501.452,380657.0,1.9633333333333333e-06,-1.9679999999999998e-05,1.4876666666666668e-05,95903.4259861111,7474057432.771459,0.7672654950347222,1.1583550381944443,2070340.3507638888,4838936036.4621725,1.8105489399305554,1.1349733402777777,9224097.061458332,797097398.614129,2.358289293263889,1.1607983472222223
2026-04-27,78657.55,79485.66,76459.64,77371.32,16046.92418,2982889.0,2369.45,2404.37,2266.09,2303.67,300363.8586,3192282.0,86.93,88.08,83.63,84.82,3009101.691,737519.0,-4.696e-05,-7.364666666666666e-05,-4.916333333333334e-05,97078.99785069445,7541808247.082965,0.8210192728819444,1.0560519027777777,2031142.9656458332,4715242600.083475,1.9661450946874999,1.0713059756944443,9461652.605729166,808361758.260174,2.6424915162847222,1.086223142361111
2026-04-28,77371.32,77478.0,75666.6,76342.77,13210.72383,2352446.0,2303.66,2310.88,2258.24,2289.42,187932.2201,2346992.0,84.82,84.93,82.98,84.06,1664394.443,397883.0,-6.376666666666665e-06,-9.252333333333333e-05,-5.0213333333333336e-05,98308.99825,7519210188.018119,0.9266389463541667,1.1550746458333334,2019783.0650034721,4615633581.087771,2.1909418588194445,1.145424236111111,9598754.516666668,804543060.9486221,2.8438135115625,1.1462460520833333
2026-04-29,76342.78,77904.93,74937.52,75780.0,18279.93022,3032890.0,2289.42,2346.95,2220.36,2252.9,355078.1015,3588292.0,84.06,85.56,81.4,83.04,2576063.596,581305.0,6.786666666666667e-06,4.096666666666667e-05,-1.646666666666668e-06,97392.55378472221,7452798418.670275,0.8984741097222222,1.1632782708333333,1989967.9526180555,4559723833.810869,1.9857483228125001,1.0801896006944445,9486064.030833334,795083916.5212967,2.8822259686111114,1.219433347222222
2026-04-30,75780.0,76669.14,75323.65,76346.57,10381.81607,2569480.0,2252.9,2279.0,2231.64,2257.51,167194.2776,2649837.0,83.05,84.01,82.16,83.09,1372591.611,481530.0,-2.987e-05,-6.148333333333334e-05,3.743e-05,95536.71325694445,7271746345.39242,0.9693204278472223,1.2056061909722222,2008244.7844895832,4533658067.717968,2.1335494163541666,1.086724986111111,9531711.684583332,791925219.7934107,3.0128289391666665,1.2490856041666667
2026-05-01,76346.58,78914.12,76320.42,78231.13,17315.46502,2388458.0,2257.51,2325.28,2257.21,2295.63,191082.555,1805481.0,83.09,84.86,83.08,83.76,1798067.959,432422.0,-2.899666666666667e-05,-2.6693333333333334e-05,4.220666666666666e-05,100116.14091319445,7772210572.115624,0.7279978392708333,1.1568147395833333,1987954.8069270833,4550173455.685906,1.7681309204166666,1.1710975625,9565008.553090278,802524862.9477468,2.683281890486111,1.2202417291666667
2026-05-02,78231.13,79199.48,78040.0,78686.85,6150.87642,936143.0,2295.63,2343.6,2292.91,2316.97,85588.4724,870699.0,83.76,84.97,83.44,84.26,1027759.499,283023.0,-2.8216666666666667e-05,-1.5479999999999997e-05,6.303333333333332e-06,102564.49359722222,8033916044.187181,0.5956177800694444,1.3015495520833333,1956995.8365833333,4511386935.094227,1.6000321992708333,1.2235458541666668,9516016.144062499,798578971.8349389,2.5853094313541667,1.3001548159722223
2026-05-03,78686.84,79447.0,78084.08,78568.57,7425.7929,1352474.0,2316.97,2356.92,2297.59,2322.65,151074.4342,1374290.0,84.26,84.97,83.58,83.91,1268647.522,341393.0,5.316666666666667e-06,3.5463333333333337e-05,-1.5500000000000004e-06,103200.61617708333,8104267489.383601,0.5970979876736111,1.2979950034722223,2025256.8088506944,4694971324.532299,1.5259336636111112,1.1355845347222222,9429281.380520834,792168487.0489655,2.5505732574305555,1.2241847881944445
2026-05-04,78568.58,80776.99,78202.0,79861.01,26042.96135,3734604.0,2322.65,2398.93,2309.24,2347.16,453020.7985,4137093.0,83.91,85.9,83.23,84.1,3469307.218,757940.0,3.2866666666666656e-06,4.248000000000001e-05,6.544666666666666e-05,106452.56326041667,8481051998.084745,0.5568921928472222,1.11051009375,2127918.551732639,5011293246.931302,1.3914870647222222,1.139919045138889,9726401.542222222,822177385.3383275,2.4250897105208336,1.1377738923611111
2026-05-05,79861.01,81791.48,79808.72,80905.52,16947.17995,2490930.0,2347.17,2399.5,2344.93,2360.77,286636.7312,2512190.0,84.11,86.98,84.04,86.29,2478888.126,520564.0,-4.416333333333333e-05,-3.629e-05,8.134666666666667e-05,112473.34645486111,9110722928.822588,0.5006026999652778,1.2646984895833333,2107837.295454861,5003272093.516611,1.3475964214583334,1.0995066006944443,9842822.603506945,839174235.2356147,2.3455870502777776,1.2301201354166666
2026-05-06,80905.53,82850.0,80731.14,81447.01,18798.77396,2794707.0,2360.76,2423.74,2338.0,2350.84,420667.3161,3062625.0,86.29,90.03,86.1,89.16,3483256.03,799669.0,-6.353e-05,-5.534e-05,8.559000000000001e-05,110433.72742708334,9004796283.269432,0.5389251322222222,1.14481453125,2172273.2819861113,5145217499.376224,1.6278292217361112,1.0785694722222223,10409408.111076389,919618744.6277297,1.789837781215278,1.1936266215277778
2026-05-07,81447.01,81708.32,79500.0,80006.0,16154.80338,2540329.0,2350.84,2352.3,2280.1,2291.06,469521.9378,3191083.0,89.16,90.44,87.63,88.42,2892180.501,829550.0,-4.479333333333333e-05,-7.632333333333333e-05,3.7556666666666666e-05,105580.42536805556,8509897971.733963,0.6648673656597223,1.095965545138889,2301610.3720069444,5325498675.363116,2.2999349271875,1.0926769652777777,10685255.568680556,947193550.8915536,1.7717095538541665,1.2180958368055554
2026-05-08,80006.0,80500.0,79181.48,80193.17,16001.31009,2265372.0,2291.06,2321.22,2265.61,2307.06,421035.1582,2568056.0,88.43,92.8,87.6,92.01,2644434.859,780119.0,-2.1776666666666668e-05,-2.391666666666667e-05,6.150333333333333e-05,102535.47365624999,8191276534.9111805,0.7707431840972222,1.179111361111111,2285642.775892361,5234696625.938526,2.5844986545833333,1.1375382048611111,10905787.770000001,976189253.604059,1.7201270443402779,1.1251509340277779
2026-05-09,80193.18,81080.0,80129.85,80678.4,7548.42177,1002373.0,2307.07,2338.37,2300.0,2326.44,230431.157,1248625.0,92.02,94.17,91.85,93.13,1974272.696,591555.0,5.646666666666665e-06,6.424333333333334e-05,5.276e-05,100730.77274652777,8103748142.886012,0.7664870810763889,1.2723241388888888,2226153.6219479167,5160168128.82136,2.302334407361111,1.2313337118055554,11919458.75451389,1111600110.8065872,1.3866715837152777,1.0977306249999998
2026-05-10,80678.41,82479.32,80279.77,82210.07,12034.31882,1801608.0,2326.43,2382.53,2311.83,2371.27,398122.8623,2272749.0,93.12,97.0,92.6,96.47,2559168.995,795120.0,3.493333333333333e-05,8.327333333333333e-05,-1.4593333333333335e-05,99754.29682986111,8076695004.358126,0.7168750455208334,1.2167726805555554,2150568.3433506945,5022498558.418009,2.0672424429166667,1.2060561319444443,11880851.267361112,1119376527.3842034,1.3713646645138888,1.179466829861111
2026-05-11,82210.07,82380.0,80462.97,81745.65,12951.76056,2576396.0,2371.26,2374.92,2304.0,2339.87,236962.0552,2594593.0,96.46,98.41,94.3,97.37,3078049.965,1005178.0,4.315e-05,4.271e-05,6.324666666666667e-05,97976.30141666665,7962830822.165669,0.6917592863888888,1.1104998472222223,2066627.6415208334,4826564892.184305,2.1197016206944443,1.0833568958333333,11708789.01045139,1124877042.9024878,1.3084879986458333,1.0642288020833333
2026-05-12,81745.66,81788.0,79843.59,80504.47,12386.25676,2345137.0,2339.88,2340.85,2256.27,2274.96,252981.1082,2520381.0,97.37,97.68,93.55,94.28,2810037.359,755594.0,3.194666666666667e-05,2.8700000000000003e-05,1.8616666666666667e-05,102971.52148611112,8320832701.73986,0.7037430856597222,1.1290188715277778,2182727.6026041666,5000358496.095223,2.722908020833333,1.00411671875,11739998.646388888,1119793965.2000477,1.3964829472569444,1.1125757708333335
2026-05-13,80504.47,81324.64,78754.65,79313.61,14810.05643,2350570.0,2274.97,2323.36,2234.13,2258.65,258455.7299,2145600.0,94.28,95.99,90.27,91.17,3192571.802,846316.0,4.184333333333333e-05,2.3046666666666667e-05,-1.205333333333333e-05,104924.01801041666,8421033273.863863,0.8332598774305555,1.1241532395833334,2210499.4557395834,5040691707.125777,2.8516961242013887,1.037474982638889,11136564.234166667,1039835495.9960967,1.787968483229167,1.0414398090277777
2026-05-14,79313.61,82048.13,78922.0,81089.99,19727.86807,3101046.0,2258.66,2319.33,2238.64,2283.25,256680.8359,2730407.0,91.17,93.68,89.82,92.15,2709125.808,747394.0,3.65e-05,5.137999999999999e-05,-7.826333333333334e-05,106280.83035763889,8533488645.045049,0.8364455751388888,1.143914486111111,2190226.03746875,4980596039.026843,2.622210171979167,1.1091157118055555,10346964.567847222,947971252.7844015,2.1882019272569444,1.1078746805555555
2026-05-15,81090.0,81664.45,78659.0,79113.21,17351.27079,3184114.0,2283.26,2300.29,2205.11,2224.66,288536.5507,2977308.0,92.16,92.66,88.55,89.24,2675843.631,692037.0,-1.528e-05,3.6400000000000003e-06,1.5069999999999998e-05,105985.65425694444,8488387132.424186,0.8640937060763889,1.1008491006944443,2194888.8043854167,4927216167.627635,2.628041264930556,1.1305024236111112,10287299.491006944,931094635.0719056,2.2883881372569443,1.1231930243055557
2026-05-16,79113.2,79227.77,77640.0,78148.05,12132.86192,1597661.0,2224.65,2231.51,2162.55,2180.77,199288.5761,1541883.0,89.23,89.44,85.52,86.54,1963021.594,478209.0,2.8943333333333335e-05,6.0230000000000004e-05,-5.066666666666573e-07,101689.36778472221,7973675472.877214,1.1764271530555555,1.2010285243055554,2293816.8691909723,5030532501.523456,2.9804285015625,1.2039722708333334,10125033.180833332,883408742.5801225,2.7201426881249997,1.1000958541666668
2026-05-17,78148.05,78599.99,76735.16,77457.67,8442.7022,1570433.0,2180.77,2198.14,2091.48,2131.0,175116.8149,1638605.0,86.53,87.29,83.5,85.24,1914165.244,480098.0,1.7536666666666668e-05,5.785666666666667e-05,-7.714666666666666e-05,102368.10283680556,7995547713.925899,1.2761686499305556,1.2403930208333334,2299005.527020833,5021407028.928472,2.9688407060069446,1.2305960034722223,9912672.067951389,857392967.002324,2.9037619538194446,1.1965079583333333
2026-05-18,77457.67,77800.0,76051.0,77001.87,18745.51678,3529328.0,2131.0,2157.24,2077.23,2130.08,381878.3932,3981985.0,85.23,85.8,83.5,85.38,2771861.344,781366.0,3.9416666666666665e-05,2.5786666666666668e-05,-3.314333333333333e-05,103152.23566319444,7928457438.000421,1.4184098260069444,1.0950869965277779,2230142.1470902776,4723967508.759884,2.991720452569444,1.1228841909722223,9697777.074583333,821879489.5648775,2.9946410315625,1.060101673611111
2026-05-19,77001.88,77414.62,76144.71,76834.36,11024.85978,2315121.0,2130.08,2146.95,2094.47,2111.93,186945.075,2356965.0,85.38,85.97,83.7,84.29,1662986.216,488954.0,5.178666666666667e-05,6.425e-05,-4.483666666666667e-05,104652.69177777779,8040560504.683066,1.4308424349305555,1.174514,2190932.976548611,4646646272.642466,2.782114888159722,1.2284701840277779,9634912.39295139,816484703.1558198,3.111983584965278,1.095770736111111
2026-05-20,76834.36,77853.04,76516.74,77552.23,11296.26307,2437754.0,2111.93,2149.0,2103.29,2129.44,189088.294,2256505.0,84.3,87.09,83.85,86.17,2365152.438,584791.0,6.031666666666666e-05,4.621333333333333e-05,2.4666666666666666e-06,102567.44560069445,7924421656.221464,1.367746064826389,1.1694583229166666,2218518.1959826387,4717982875.572793,2.7031914653125,1.1871623055555556,9896186.101458333,842919041.2466779,3.192101270555556,1.1651976840277778
2026-05-21,77552.24,78200.0,76719.47,77615.52,11318.25841,2473146.0,2129.44,2157.5,2105.15,2133.76,232889.1117,2526150.0,86.17,88.0,85.32,87.36,2654321.9,565249.0,4.0193333333333334e-05,4.0786666666666674e-05,2.97e-05,101408.60056597221,7868653017.785236,1.2703372530555557,1.1061460694444445,2212172.4468020834,4717294637.230528,2.647089896423611,1.0876072291666667,10227925.717465278,886379696.7369665,2.9541588558680556,1.1595361527777779
2026-05-22,77615.52,77900.0,75359.18,75539.5,11272.36134,2370783.0,2133.77,2141.39,2057.79,2065.85,221783.2548,2344218.0,87.35,87.85,84.0,84.4,2208484.663,540819.0,1.8783333333333334e-05,4.654e-05,2.7503333333333335e-05,102286.12896875,7874485805.994161,1.3546435754513888,1.1525645833333333,2222440.8536423612,4702078097.417645,2.8218362944791666,1.0626885694444443,10273226.180694444,888834966.0896863,2.9274897541666665,1.0930492534722223
2026-05-23,75539.5,77404.18,74289.6,76752.01,15086.88814,2103536.0,2065.86,2149.95,2009.3,2117.68,350546.2289,2641732.0,84.4,87.5,81.5,85.75,2973101.711,602178.0,3.416333333333333e-05,5.515333333333333e-05,-0.00012790333333333333,104671.17199305556,7900466381.496845,1.487491351388889,1.2408459618055554,2229087.709388889,4599088396.856729,3.0003175008333334,1.1642290138888889,10114432.804097222,850108829.8537189,3.181894843298611,1.1415475347222221
2026-05-24,76752.0,77543.15,76108.0,77064.96,8398.00156,1612969.0,2117.69,2132.14,2063.0,2099.85,197748.7605,1928016.0,85.76,87.0,83.7,85.27,2086657.403,442697.0,7.199666666666666e-05,6.751333333333334e-05,7.866666666666665e-06,101328.98085416667,7779490134.771624,1.1570796144097222,1.1602836284722222,2152729.2833784726,4542885151.000111,2.2516287758680553,1.133581420138889,9676488.458715279,829644267.0960093,2.7867470575694444,1.1920897152777779
2026-05-25,77064.96,77905.52,76914.25,77322.01,7672.32197,1778509.0,2099.86,2141.98,2092.26,2113.01,166428.5979,1786621.0,85.27,86.52,84.71,85.06,1562235.465,395894.0,3.8339999999999995e-05,4.705333333333334e-05,-1.6826666666666666e-05,99647.25555902778,7708100203.476759,1.062380635347222,1.1454905173611112,2152429.5474479166,4549247888.933867,2.299691784826389,1.0971124131944443,9426623.569479167,807844860.3005229,2.8343820470833334,1.211991392361111
2026-05-26,77322.01,78080.0,75677.97,75930.01,16953.47629,3360745.0,2113.01,2140.49,2055.06,2073.77,282553.3096,2963706.0,85.06,86.13,83.15,83.72,2358777.43,578993.0,5.895333333333334e-05,3.553e-05,-3.4966666666666678e-06,98997.59729166667,7581736894.333415,1.16053712875,1.1387150104166668,2168757.0437569446,4539400460.587485,2.5988527403819446,1.1470801180555557,9398947.100381944,792884018.528463,3.1661916565625,1.1224471666666667
2026-05-27,75930.01,76174.15,74243.99,74449.3,16877.77483,3367068.0,2073.77,2097.4,2016.0,2024.84,267963.1573,3056962.0,83.73,84.84,82.1,82.44,2119456.363,691460.0,9.620666666666668e-05,5.5066666666666666e-05,-7.302333333333333e-05,101164.63151388889,7629003246.0815325,1.4983379869791666,1.0738858472222224,2260396.0064409724,4671384368.808627,3.0056895098958334,1.0552125069444445,9492927.511736112,794572028.5974697,3.437280345555555,1.1205700868055555
2026-05-28,74449.31,74590.77,72582.82,73617.51,21274.02026,3799713.0,2024.83,2030.0,1967.0,2009.9,363834.9211,3609031.0,82.43,83.01,80.0,82.11,2306915.48,853185.0,8.337e-05,2.649333333333333e-05,-7.581000000000001e-05,104615.25310069445,7685554530.0703535,1.7760695676041667,1.1134956979166666,2333856.595465278,4667928732.3876295,3.267920758090278,1.0870759583333334,9678095.039201388,788991350.4491142,3.637986463645833,1.1120814583333334
2026-05-29,73617.52,74514.1,72512.49,73460.78,18686.74141,2897318.0,2009.89,2046.59,1976.48,2014.54,283145.695,2925370.0,82.12,83.24,80.35,82.04,2064277.646,674991.0,7.364333333333333e-05,7.396e-05,4.3513333333333336e-05,105443.92716319444,7755353457.957081,1.680299065763889,1.1053678055555556,2268917.1113819443,4564827654.375016,2.791437209652778,1.1215940416666668,9431528.469027778,773900319.7531408,3.5626633051041665,1.1259246979166668
2026-05-30,73460.78,74143.76,73216.0,73884.38,7515.40909,1124406.0,2014.54,2032.0,2002.0,2022.44,97977.5349,969371.0,82.04,83.17,81.86,82.73,1018490.244,268631.0,4.803333333333333e-05,5.695666666666666e-05,5.158e-05,104048.19540972222,7669047548.382197,1.6396103995138889,1.2925279583333333,2204324.094479167,4452264610.392704,2.766414470798611,1.2755923437499999,9274559.532534722,765846500.7807097,3.4817031782291665,1.399021277777778
2026-05-31,73884.38,74275.66,73400.0,73674.39,6986.45707,1363437.0,2022.44,2038.0,1993.75,2007.01,163735.4958,1454319.0,82.74,83.42,81.33,82.44,993880.666,317381.0,5.361e-05,6.104666666666667e-05,2.872e-05,104813.49126736111,7739254729.347506,1.4989758255555554,1.2317509722222222,2215455.5121041667,4470036680.31116,2.7380625020833333,1.2641897118055556,9293525.893715277,766536453.8798599,3.524503677916667,1.2746612222222222
2026-06-01,,,,,,,,,,,,,,,,,,,,,,105467.68819444445,7632341603.225635,1.7734446171527778,1.1210555034722223,2289565.5914895833,4557551160.00966,3.0670652772569444,1.053493451388889,9477235.484270833,768734271.2153648,3.744026154236111,1.08780734375
2026-06-02,,,,,,,,,,,,,,,,,,,,,,107283.95841319446,7401760759.46026,2.124342230104167,1.1465899270833333,2364125.189333333,4618636092.500363,2.937130339201389,1.0476808923611112,9784399.751840279,765123315.2016538,3.874619862534722,1.0708026458333333
2026-06-03,,,,,,,,,,,,,,,,,,,,,,106713.83307638888,7088141209.708464,2.246007097777778,1.0990119965277776,2356394.379829861,4361633514.682789,2.948972979583333,1.0686228680555556,10055434.220208334,743056405.6846482,3.7856963425,1.0695388472222223
2026-06-04,,,,,,,,,,,,,,,,,,,,,,101371.84623263888,6440594429.749398,1.9946551436458333,1.0484141909722222,2272032.6317291665,4031952889.1037683,2.5486763250694446,1.0850939444444443,10057684.976388888,698377974.5096211,3.6423673653125,1.0202294166666668
2026-06-05,,,,,,,,,,,,,,,,,,,,,,100481.57494097222,6217021491.549577,2.084085095173611,1.045837232638889,2303966.7236493058,3805082506.0060043,2.6330600746875,1.0573621944444445,9963329.616354167,654773019.9423753,3.466573959166667,1.0064418229166667
2026-06-06,,,,,,,,,,,,,,,,,,,,,,101910.19215277777,6194099493.163171,1.9271801924305558,1.0635496284722223,2359354.3916041665,3687837981.5651784,2.3865911665972224,1.05755353125,9947994.274270833,620872163.5111461,3.3039464529513887,1.0352120069444444
2026-06-07,,,,,,,,,,,,,,,,,,,,,,101643.37455208333,6299277070.42886,2.0118303548263885,1.1783605034722222,2352166.6638680557,3806906966.0120077,2.3101853132291668,1.1199571527777779,9889826.242395833,638017287.3585168,3.5012444671180556,1.1378048194444446
2026-06-08,,,,,,,,,,,,,,,,,,,,,,98460.57771875,6234171394.579136,1.886054257361111,1.0934060520833333,2262324.1042430555,3803419903.759247,2.1594243890625,1.0461995243055555,9799124.569027778,652215279.6259212,3.337853735520833,1.0673137083333333
2026-06-09,,,,,,,,,,,,,,,,,,,,,,98523.37897916668,6143493671.808115,1.9987676747222223,1.074315826388889,2263222.0150902774,3762575899.3497763,2.1856327601041667,1.0956318368055555,9663250.936875,635343795.220477,3.2399003047569446,1.0911556180555555
2026-06-10,,,,,,,,,,,,,,,,,,,,,,100297.35978125,6178027356.941167,2.0601044484375,1.0952050104166666,2292575.2913541663,3738137429.815173,2.325297976909722,1.0707804444444444,9857506.914305557,631403598.8914237,3.286172285416667,1.0670613506944444
2026-06-11,,,,,,,,,,,,,,,,,,,,,,100519.13726041667,6317748981.382122,1.7419742547222221,1.125937857638889,2324678.1587743056,3850882387.3280554,2.0311714837847226,1.0860388055555557,9841789.59517361,644919832.3855654,3.079649692118055,1.08851984375
2026-06-12,,,,,,,,,,,,,,,,,,,,,,98321.83061805555,6248360378.081524,1.547797106875,1.1216877013888888,2284632.432076389,3812361234.0310755,2.0261437364930557,1.144117611111111,9809476.499826388,656514835.8209107,2.9529809786458334,1.2245701354166667
2026-06-13,,,,,,,,,,,,,,,,,,,,,,99134.7822361111,6337586111.606283,1.5017804354513888,1.1371902638888889,2262716.516392361,3787743968.5445514,2.0239078652430553,1.2244052118055555,9847151.34013889,666657517.5693818,2.9985397465625,1.2225249895833334
2026-06-14,,,,,,,,,,,,,,,,,,,,,,100813.78160763888,6489770513.676229,1.4278617758333334,1.2290925868055556,2292262.6185069443,3844629960.8738914,2.0385711712152776,1.1390997916666667,10155720.420243056,693775625.7367761,2.901572734409722,1.221234295138889
2026-06-15,,,,,,,,,,,,,,,,,,,,,,103379.03184375,6838568215.445927,1.347799172951389,1.1718857847222222,2333758.2324895835,4126112605.2510624,1.6668196250694445,1.1254192916666665,10353314.452118056,754182773.7499931,2.6712113922569447,1.1518116354166665
2026-06-16,,,,,,,,,,,,,,,,,,,,,,103359.08028125,6828528997.053154,1.3926653627777776,1.1348694375,2280065.5673090275,4074880561.7919793,1.788357212951389,1.1051744513888888,10371066.915729167,766904354.7409476,2.588972518402778,1.21579825
2026-06-17,,,,,,,,,,,,,,,,,,,,,,101603.79473611111,6627362632.656942,1.5386151748611112,1.1508101215277777,2239160.5653194445,3964743908.8091345,1.910721233576389,1.1074957118055557,10402441.237118056,758056392.0148002,2.733033996944444,1.1333333125
2026-06-18,,,,,,,,,,,,,,,,,,,,,,99670.23547222222,6349704132.8024,1.8324278726041667,1.137464611111111,2252718.6269930555,3890146932.911371,2.1705284635069444,1.0830353020833334,10306562.458055556,728795686.0178268,3.0757478276041663,1.2101555416666665
2026-06-19,,,,,,,,,,,,,,,,,,,,,,98649.82854513888,6203048645.3089485,1.8898713040625,1.2059335381944445,2231389.447548611,3792833119.8052793,2.0898661379166668,1.2077016597222223,10027031.150868054,691123639.2243985,3.119998591597222,1.1960214479166666
2026-06-20,,,,,,,,,,,,,,,,,,,,,,97880.08115277778,6236303141.457808,1.7788215578819444,1.1810552847222222,2219118.6212291666,3825954809.691863,2.0750695364583334,1.1339714583333333,10066219.1103125,718852850.8414572,3.0686380626041667,1.1329702187500001
2026-06-21,,,,,,,,,,,,,,,,,,,,,,97540.135,6269488531.228532,1.69273461,0.596102,2213815.273,3852331622.374561,2.05045792,0.704247,10129280.44,741260742.5992,2.96839354,1.172017
