calc_time,funding_interval_hours,funding_rate
1609459200002,8,0.00022753
1609488000006,8,0.00026336
1609516800003,8,0.00034457
1609545600000,8,0.0001
1609574400000,8,0.00020151
1609603200006,8,0.00115471
1609632000018,8,0.00124058
1609660800000,8,0.00114744
1609689600002,8,0.00155006
1609718400000,8,0.00164126
1609747200000,8,0.00236482
1609776000000,8,0.00056137
1609804800020,8,0.00088338
1609833600003,8,0.00047166
1609862400003,8,0.00062904
1609891200010,8,0.00127193
1609920000003,8,0.00210008
1609948800000,8,0.00149253
1609977600007,8,0.00100316
1610006400000,8,0.00142744
1610035200004,8,0.00099841
1610064000000,8,0.00213517
1610092800000,8,0.00092044
1610121600000,8,0.00131892
1610150400009,8,0.00062954
1610179200004,8,0.00066918
1610208000000,8,0.00146942
1610236800000,8,0.00145604
1610265600005,8,0.00120632
1610294400000,8,0.00052988
1610323200000,8,0.00086486
1610352000012,8,0.00081553
1610380800000,8,0.00053444
1610409600000,8,0.00033526
1610438400000,8,0.00050855
1610467200008,8,0.00054945
1610496000001,8,0.00014768
1610524800000,8,0.0002259
1610553600003,8,0.0007053
1610582400000,8,0.00078331
1610611200012,8,0.00072627
1610640000000,8,0.00068503
1610668800002,8,0.00055628
1610697600000,8,0.00064483
1610726400004,8,0.00118185
1610755200000,8,0.0001
1610784000008,8,0.00032573
1610812800000,8,0.00068496
1610841600009,8,0.00033109
1610870400000,8,0.00030276
1610899200001,8,0.0001
1610928000000,8,0.00055375
1610956800004,8,0.00049321
1610985600000,8,0.0010355
1611014400000,8,0.0006167
1611043200005,8,0.0014009
1611072000012,8,0.00158467
1611100800012,8,0.00088178
1611129600001,8,0.00017967
1611158400001,8,0.00016482
1611187200000,8,0.00042078
1611216000000,8,0.00048357
1611244800004,8,0.00026589
1611273600012,8,0.0001
1611302400003,8,0.0001
1611331200001,8,0.0001
1611360000000,8,0.0001
1611388800002,8,0.00012182
1611417600000,8,0.0001
1611446400001,8,0.0001
1611475200011,8,0.00014368
1611504000005,8,0.00041388
1611532800007,8,0.0001
1611561600012,8,0.00052253
1611590400000,8,0.00042414
1611619200007,8,0.00013506
1611648000000,8,0.0001
1611676800000,8,0.0001
1611705600000,8,0.0001
1611734400011,8,0.0001
1611763200003,8,0.0001
1611792000000,8,0.0001
1611820800000,8,0.0001
1611849600000,8,0.00022262
1611878400009,8,0.0001
1611907200000,8,0.00064803
1611936000000,8,0.00166789
1611964800000,8,0.00039208
1611993600000,8,0.000332
1612022400000,8,0.00052428
1612051200009,8,0.00054944
1612080000000,8,0.00046117
1612108800000,8,0.00044234
1612137600001,8,0.00013932
1612166400014,8,0.00037561
1612195200000,8,0.00066848
1612224000000,8,0.00036787
1612252800006,8,0.00044278
1612281600000,8,0.00122181
1612310400009,8,0.00077297
1612339200006,8,0.00080805
1612368000006,8,0.00075287
1612396800005,8,0.00029063
1612425600000,8,0.00074286
1612454400011,8,0.00061936
1612483200009,8,0.00056635
1612512000004,8,0.00074838
1612540800000,8,0.00099154
1612569600008,8,0.00034782
1612598400009,8,0.00069827
1612627200000,8,0.00102371
1612656000000,8,0.00155546
1612684800005,8,0.00065121
1612713600001,8,0.00106206
1612742400000,8,0.00059267
1612771200001,8,0.00057887
1612800000000,8,0.00248993
1612828800010,8,0.00131125
1612857600006,8,0.00186573
1612886400007,8,0.00161159
1612915200009,8,0.00124313
1612944000014,8,0.0017535
1612972800005,8,0.00112397
1613001600000,8,0.00076742
1613030400000,8,0.0008307
1613059200000,8,0.0017411
1613088000000,8,0.00128772
1613116800000,8,0.0012563
1613145600000,8,0.00105533
1613174400001,8,0.00139999
1613203200003,8,0.00141609
1613232000000,8,0.00075946
1613260800013,8,0.00085048
1613289600000,8,0.00146185
1613318400008,8,0.00149489
1613347200000,8,0.0011786
1613376000006,8,0.00040617
1613404800000,8,0.00068133
1613433600001,8,0.000996
1613462400000,8,0.00123546
1613491200010,8,0.00141818
1613520000005,8,0.00104066
1613548800010,8,0.00093436
1613577600008,8,0.00147112
1613606400012,8,0.00132249
1613635200000,8,0.00154303
1613664000009,8,0.00125842
1613692800010,8,0.00091255
1613721600002,8,0.00084526
1613750400008,8,0.00128791
1613779200000,8,0.00156318
1613808000009,8,0.00116465
1613836800000,8,0.00122535
1613865600007,8,0.00100357
1613894400012,8,0.00099022
1613923200001,8,0.0012582
1613952000006,8,0.00117049
1613980800002,8,0.00091782
1614009600000,8,0.00077864
1614038400000,8,0.00024947
1614067200006,8,0.0002962
1614096000000,8,0.00013281
1614124800012,8,0.0001
1614153600016,8,0.00051791
1614182400011,8,0.00037289
1614211200007,8,0.00017706
1614240000000,8,0.00018247
1614268800010,8,0.00034053
1614297600000,8,0.0001
1614326400025,8,0.0001
1614355200010,8,0.0001
1614384000001,8,0.00030164
1614412800000,8,0.0004457
1614441600000,8,0.00010038
1614470400021,8,0.0001
1614499200009,8,0.0001
1614528000000,8,0.00037706
1614556800000,8,0.00016921
1614585600003,8,0.0001
1614614400001,8,0.0001
1614643200000,8,0.0001
1614672000000,8,0.0001
1614700800004,8,0.0001
1614729600000,8,0.0001
1614758400016,8,0.0001
1614787200000,8,0.00045078
1614816000000,8,0.0001
1614844800015,8,0.0001
1614873600001,8,0.0001
1614902400000,8,0.0001
1614931200002,8,0.0001
1614960000008,8,0.0001
1614988800000,8,0.0001
1615017600000,8,0.0001
1615046400000,8,0.0001
1615075200006,8,0.0001
1615104000005,8,0.0001
1615132800008,8,0.00017606
1615161600000,8,0.0001
1615190400000,8,0.0001
1615219200006,8,0.00024757
1615248000000,8,0.00072419
1615276800000,8,0.00041976
1615305600000,8,0.00057038
1615334400009,8,0.00024344
1615363200006,8,0.00048586
1615392000008,8,0.00056915
1615420800000,8,0.00095931
1615449600000,8,0.00099305
1615478400014,8,0.00085439
1615507200002,8,0.00102002
1615536000005,8,0.00067147
1615564800011,8,0.00051199
1615593600000,8,0.00047834
1615622400002,8,0.00060567
1615651200000,8,0.00057114
1615680000011,8,0.00081828
1615708800000,8,0.00084593
1615737600000,8,0.00115069
1615766400012,8,0.0008201
1615795200016,8,0.0010521
1615824000030,8,0.00015776
1615852800005,8,0.00022573
1615881600008,8,0.00035862
1615910400012,8,0.00040673
1615939200010,8,0.00035367
1615968000000,8,0.00019234
1615996800009,8,0.00024575
1616025600001,8,0.00030265
1616054400000,8,0.00029259
1616083200000,8,0.00032547
1616112000011,8,0.00032006
1616140800001,8,0.00012887
1616169600000,8,0.0003326
1616198400000,8,0.0004928
1616227200000,8,0.00044452
1616256000007,8,0.00048936
1616284800000,8,0.00031366
1616313600000,8,0.00042375
1616342400000,8,0.0001
1616371200007,8,0.00051919
1616400000001,8,0.00045562
1616428800000,8,0.00048977
1616457600000,8,0.0002421
1616486400010,8,0.00026619
1616515200023,8,0.00042245
1616544000002,8,0.00053454
1616572800000,8,0.00016567
1616601600000,8,0.00026422
1616630400000,8,0.00011828
1616659200000,8,0.0001
1616688000000,8,0.0001
1616716800008,8,0.00016
1616745600000,8,0.0001
1616774400012,8,0.0001
1616803200018,8,0.0001
1616832000000,8,0.0001
1616860800001,8,0.0001
1616889600000,8,0.0001
1616918400000,8,0.0001
1616947200005,8,0.0001
1616976000003,8,0.0001
1617004800000,8,0.0001
1617033600000,8,0.00018171
1617062400018,8,0.00032026
1617091200012,8,0.00027258
1617120000001,8,0.00083501
1617148800000,8,0.00080754
1617177600000,8,0.00070889
1617206400000,8,0.00058414
1617235200025,8,0.00109277
1617264000011,8,0.00095247
1617292800004,8,0.00051932
1617321600000,8,0.00071058
1617350400000,8,0.00106221
1617379200000,8,0.0010197
1617408000003,8,0.00063267
1617436800000,8,0.00107843
1617465600000,8,0.00101313
1617494400000,8,0.0005209
1617523200000,8,0.00048495
1617552000016,8,0.00026521
1617580800000,8,0.00039464
1617609600001,8,0.00043217
1617638400001,8,0.00037409
1617667200010,8,0.00097189
1617696000000,8,0.00057776
1617724800003,8,0.00083736
1617753600000,8,0.00057609
1617782400006,8,0.00053749
1617811200004,8,0.0005366
1617840000013,8,0.00040784
1617868800003,8,0.00024943
1617897600005,8,0.00026225
1617926400000,8,0.00019611
1617955200004,8,0.00026301
1617984000004,8,0.00021785
1618012800011,8,0.00012959
1618041600005,8,0.00148624
1618070400000,8,0.00119652
1618099200004,8,0.00086735
1618128000000,8,0.00099427
1618156800000,8,0.00105998
1618185600001,8,0.00093793
1618214400001,8,0.00106358
1618243200008,8,0.00094343
1618272000003,8,0.00084072
1618300800008,8,0.00089928
1618329600008,8,0.0012267
1618358400008,8,0.00090508
1618387200000,8,0.00108567
1618416000012,8,0.00104786
1618444800006,8,0.00076335
1618473600000,8,0.00082082
1618502400008,8,0.00110324
1618531200008,8,0.00109647
1618560000000,8,0.00120022
1618588800002,8,0.00115519
1618617600008,8,0.00054906
1618646400000,8,0.00054007
1618675200001,8,0.00087572
1618704000006,8,0.00081624
1618732800004,8,0.00058448
1618761600000,8,0.0001
1618790400000,8,0.0001
1618819200000,8,0.0001
1618848000009,8,0.0001
1618876800004,8,0.0001
1618905600000,8,0.0001
1618934400001,8,0.0001
1618963200013,8,0.0001
1618992000001,8,0.0001
1619020800002,8,0.0001
1619049600000,8,0.0001
1619078400000,8,0.0001
1619107200001,8,0.0001
1619136000002,8,0.0001
1619164800009,8,0.00047618
1619193600001,8,0.0001
1619222400019,8,0.0001
1619251200001,8,0.00027672
1619280000011,8,0.0001676
1619308800000,8,0.000217
1619337600010,8,0.00038558
1619366400000,8,0.0001
1619395200003,8,0.0001
1619424000002,8,0.0001
1619452800004,8,0.0001
1619481600000,8,0.0001
1619510400000,8,0.0001
1619539200009,8,0.0001
1619568000000,8,0.0001
1619596800000,8,0.0001
1619625600001,8,0.0001
1619654400004,8,0.0001
1619683200013,8,0.0001
1619712000003,8,0.0001
1619740800004,8,0.0001
1619769600019,8,0.0001
1619798400003,8,0.0001
1619827200002,8,0.00011209
1619856000006,8,0.0001
1619884800000,8,0.00032496
1619913600010,8,0.00015819
1619942400011,8,0.00045285
1619971200007,8,0.00045283
1620000000003,8,0.00040313
1620028800000,8,0.00036188
1620057600043,8,0.00067307
1620086400004,8,0.00050959
1620115200003,8,0.00012186
1620144000011,8,0.00066426
1620172800001,8,0.00044701
1620201600007,8,0.00042458
1620230400001,8,0.00011734
1620259200003,8,0.00076121
1620288000001,8,0.00059968
1620316800000,8,0.0009352
1620345600000,8,0.00044645
1620374400000,8,0.00053313
1620403200001,8,0.00017144
1620432000006,8,0.0005937
1620460800000,8,0.00046279
1620489600000,8,0.00046426
1620518400005,8,0.00048942
1620547200016,8,0.00043845
1620576000000,8,0.00063864
1620604800004,8,0.00033531
1620633600000,8,0.00090258
1620662400013,8,0.00098653
1620691200000,8,0.00039557
1620720000000,8,0.00050874
1620748800002,8,0.00025625
1620777600004,8,0.00016659
1620806400007,8,0.00033736
1620835200012,8,0.00039761
1620864000016,8,0.00011638
1620892800000,8,0.0001
1620921600008,8,0.00022863
1620950400007,8,0.0004004
1620979200001,8,0.00035219
1621008000004,8,0.00015069
1621036800022,8,0.0001
1621065600014,8,0.00010123
1621094400002,8,0.00020153
1621123200000,8,0.00040248
1621152000003,8,0.00016682
1621180800002,8,0.00036196
1621209600005,8,0.0001
1621238400001,8,0.00063989
1621267200000,8,0.00059294
1621296000019,8,0.00054643
1621324800001,8,0.00014723
1621353600006,8,0.00021809
1621382400000,8,0.0001
1621411200003,8,0.00035813
1621440000018,8,-0.00089697
1621468800005,8,0.0001
1621497600000,8,0.0001
1621526400005,8,0.0001
1621555200000,8,0.0001
1621584000000,8,-1.001e-05
1621612800001,8,7.546e-05
1621641600001,8,-0.00024448
1621670400002,8,0.0001
1621699200005,8,0.0001
1621728000006,8,-5.011e-05
1621756800004,8,-1.059e-05
1621785600002,8,4.696e-05
1621814400007,8,-8.534e-05
1621843200005,8,-9.905e-05
1621872000005,8,2.089e-05
1621900800000,8,0.0001
1621929600014,8,0.0001
1621958400000,8,0.0001
1621987200022,8,0.0001
1622016000018,8,0.0001
1622044800004,8,0.0001
1622073600000,8,0.0001
1622102400017,8,0.0001
1622131200000,8,0.0001
1622160000005,8,0.0001
1622188800009,8,0.0001
1622217600000,8,0.0001
1622246400006,8,0.0001
1622275200000,8,0.0001
1622304000000,8,0.00010375
1622332800003,8,0.0001
1622361600004,8,0.0001
1622390400018,8,0.0001
1622419200002,8,0.0001
1622448000000,8,0.0001
1622476800000,8,0.0001
1622505600001,8,0.0001
1622534400010,8,0.0001
1622563200010,8,0.0001
1622592000008,8,0.0001
1622620800000,8,0.0001
1622649600007,8,0.0001
1622678400019,8,0.0001
1622707200002,8,0.0001
1622736000003,8,0.0001
1622764800003,8,0.0001
1622793600006,8,0.00020566
1622822400002,8,0.0001
1622851200000,8,0.0001
1622880000004,8,0.0001
1622908800020,8,0.0001
1622937600000,8,0.0001
1622966400004,8,0.0001
1622995200000,8,0.0001
1623024000007,8,0.0001
1623052800007,8,0.0001
1623081600003,8,0.0001
1623110400000,8,0.0001
1623139200000,8,1.015e-05
1623168000002,8,0.0001
1623196800009,8,0.0001
1623225600002,8,-5.397e-05
1623254400000,8,-0.00014842
1623283200007,8,-0.00016793
1623312000003,8,6.027e-05
1623340800000,8,0.0001
1623369600010,8,0.0001
1623398400007,8,2.612e-05
1623427200006,8,4.776e-05
1623456000005,8,-7.78e-05
1623484800000,8,0.0001
1623513600018,8,-8.14e-06
1623542400002,8,9.64e-05
1623571200000,8,2.852e-05
1623600000003,8,-6.559e-05
1623628800000,8,0.0001
1623657600015,8,0.0001
1623686400000,8,-3.144e-05
1623715200000,8,8.002e-05
1623744000000,8,0.0001
1623772800004,8,0.0001
1623801600004,8,0.0001
1623830400001,8,0.0001
1623859200000,8,0.0001
1623888000004,8,0.0001
1623916800000,8,0.0001
1623945600002,8,0.0001
1623974400009,8,5.342e-05
1624003200014,8,3.45e-06
1624032000007,8,0.0001
1624060800003,8,-5.205e-05
1624089600001,8,-9.441e-05
1624118400000,8,7.475e-05
1624147200005,8,0.0001
1624176000000,8,0.0001
1624204800002,8,-0.00018437
1624233600019,8,-1.617e-05
1624262400000,8,0.0001
1624291200024,8,-0.00019854
1624320000008,8,7.947e-05
1624348800009,8,0.0001
1624377600001,8,-0.00032806
1624406400003,8,6.7e-07
1624435200000,8,-0.00013693
1624464000000,8,-0.00019895
1624492800009,8,-7.785e-05
1624521600018,8,0.0001
1624550400001,8,-0.00018863
1624579200009,8,2.372e-05
1624608000004,8,0.0001
1624636800000,8,0.0001
1624665600007,8,-0.00011029
1624694400000,8,-0.00013121
1624723200002,8,-0.00010371
1624752000005,8,-0.00023578
1624780800010,8,-0.00052905
1624809600001,8,-0.00026102
1624838400025,8,-2.914e-05
1624867200017,8,3.312e-05
1624896000007,8,0.0001
1624924800008,8,8.346e-05
1624953600000,8,0.0001
1624982400000,8,3.883e-05
1625011200011,8,0.0001
1625040000044,8,0.0001
1625068800005,8,0.0001
1625097600000,8,0.0001
1625126400004,8,0.0001
1625155200028,8,0.0001
1625184000002,8,8.304e-05
1625212800016,8,0.0001
1625241600007,8,-0.00012187
1625270400008,8,-4.866e-05
1625299200000,8,-0.0001355
1625328000004,8,3.53e-05
1625356800012,8,3.235e-05
1625385600002,8,-0.0001527
1625414400003,8,4.428e-05
1625443200004,8,0.0001
1625472000000,8,0.0001
1625500800009,8,-0.0001044
1625529600008,8,-6.81e-06
1625558400019,8,-0.0001114
1625587200000,8,-8.213e-05
1625616000007,8,-0.00013362
1625644800001,8,0.0001
1625673600008,8,0.0001
1625702400002,8,1.382e-05
1625731200010,8,-6.403e-05
1625760000003,8,-0.0002808
1625788800000,8,-0.00010885
1625817600006,8,-0.00017364
1625846400000,8,-0.00018845
1625875200002,8,-8.1e-07
1625904000000,8,7.847e-05
1625932800001,8,7.2e-07
1625961600001,8,7.785e-05
1625990400025,8,0.0001
1626019200006,8,-3.373e-05
1626048000000,8,8.851e-05
1626076800021,8,3.463e-05
1626105600000,8,0.0001
1626134400000,8,0.0001
1626163200013,8,0.0001
1626192000005,8,5.2e-07
1626220800000,8,0.0001
1626249600000,8,1.317e-05
1626278400005,8,-0.00011753
1626307200005,8,-4.883e-05
1626336000001,8,0.0001
1626364800000,8,1.576e-05
1626393600000,8,-0.00011529
1626422400000,8,6.105e-05
1626451200001,8,1.073e-05
1626480000004,8,0.0001
1626508800009,8,-4.343e-05
1626537600006,8,2.365e-05
1626566400000,8,0.0001
1626595200001,8,0.0001
1626624000003,8,-4.434e-05
1626652800002,8,-7.51e-05
1626681600006,8,3.183e-05
1626710400006,8,-1.23e-05
1626739200002,8,-0.00015687
1626768000011,8,-0.00012569
1626796800001,8,-0.00018939
1626825600022,8,-0.00022869
1626854400000,8,-0.00039139
1626883200018,8,-0.00032314
1626912000002,8,-0.00016261
1626940800006,8,1.362e-05
1626969600010,8,1.374e-05
1626998400013,8,3.44e-06
1627027200000,8,-0.00016985
1627056000005,8,-9.9e-06
1627084800000,8,-7.246e-05
1627113600002,8,-0.00013379
1627142400001,8,-0.00010603
1627171200003,8,-0.00025685
1627200000015,8,-0.00021708
1627228800000,8,-5.198e-05
1627257600000,8,-0.00054841
1627286400000,8,0.0001
1627315200000,8,0.0001
1627344000046,8,0.0001
1627372800014,8,0.0001
1627401600007,8,-2.248e-05
1627430400000,8,-2.037e-05
1627459200002,8,0.0001
1627488000005,8,0.0001
1627516800004,8,1.493e-05
1627545600000,8,8.276e-05
1627574400007,8,0.0001
1627603200004,8,0.0001
1627632000000,8,0.0001
1627660800000,8,-2.377e-05
1627689600000,8,0.0001
1627718400014,8,0.0001
1627747200003,8,0.0001
1627776000005,8,0.0001
1627804800016,8,0.0001
1627833600001,8,0.0001
1627862400000,8,0.0001
1627891200014,8,0.0001
1627920000021,8,0.0001
1627948800000,8,0.0001
1627977600000,8,0.0001
1628006400009,8,0.0001
1628035200000,8,0.0001
1628064000000,8,0.0001
1628092800003,8,1.272e-05
1628121600000,8,0.0001
1628150400000,8,0.0001
1628179200001,8,0.0001
1628208000000,8,0.0001
1628236800004,8,0.0001
1628265600003,8,0.0001
1628294400015,8,0.0001
1628323200001,8,0.0001
1628352000002,8,0.0001
1628380800000,8,0.0001
1628409600002,8,0.0001
1628438400018,8,0.0001
1628467200000,8,0.0001
1628496000000,8,0.0001
1628524800002,8,0.0001
1628553600000,8,0.0001
1628582400003,8,0.0001
1628611200000,8,0.0001
1628640000006,8,0.0001
1628668800003,8,0.0001
1628697600000,8,0.0001
1628726400013,8,0.0001
1628755200001,8,0.0001
1628784000000,8,0.0001
1628812800000,8,0.0001
1628841600000,8,0.0001
1628870400002,8,0.0001
1628899200006,8,0.0001
1628928000000,8,0.0001
1628956800000,8,0.0001
1628985600003,8,0.0001
1629014400000,8,0.0001
1629043200007,8,0.0001
1629072000012,8,0.0001
1629100800003,8,0.0001
1629129600010,8,0.00013924
1629158400018,8,0.0001
1629187200015,8,0.0001
1629216000006,8,0.0001
1629244800000,8,0.0001
1629273600000,8,0.0001
1629302400011,8,0.0001
1629331200000,8,0.0001
1629360000014,8,0.0001
1629388800000,8,0.0001
1629417600000,8,0.0001
1629446400001,8,0.00011483
1629475200001,8,0.00014278
1629504000005,8,0.0001
1629532800001,8,0.00020013
1629561600000,8,0.00016694
1629590400005,8,0.0001
1629619200007,8,0.0001
1629648000002,8,0.00014813
1629676800003,8,0.0001
1629705600005,8,0.0003918
1629734400002,8,0.00023983
1629763200006,8,0.000293
1629792000004,8,0.0001
1629820800000,8,0.00041348
1629849600015,8,0.00019568
1629878400000,8,0.0001
1629907200000,8,0.0001
1629936000001,8,0.0001
1629964800016,8,0.00021865
1629993600004,8,0.0001
1630022400013,8,0.0001
1630051200001,8,0.0001
1630080000004,8,0.0001
1630108800000,8,0.0001
1630137600000,8,0.0003224
1630166400000,8,0.00023137
1630195200000,8,0.0001
1630224000002,8,0.0001
1630252800005,8,0.0001
1630281600013,8,0.0001
1630310400008,8,0.0001
1630339200000,8,0.0002255
1630368000000,8,0.00036162
1630396800007,8,0.00027795
1630425600003,8,0.00023354
1630454400000,8,0.00044618
1630483200006,8,0.00027256
1630512000000,8,0.00033967
1630540800009,8,0.0004052
1630569600006,8,0.0004869
1630598400007,8,0.00057405
1630627200011,8,0.00047856
1630656000000,8,0.00033375
1630684800002,8,0.00024375
1630713600003,8,0.00043928
1630742400008,8,0.00011799
1630771200009,8,0.00019219
1630800000002,8,0.0001
1630828800002,8,0.0001
1630857600000,8,0.0001
1630886400003,8,0.00026783
1630915200008,8,0.0001
1630944000009,8,0.0001
1630972800004,8,0.0001
1631001600002,8,0.0001
1631030400001,8,0.00022977
1631059200005,8,0.0001
1631088000000,8,0.0001
1631116800000,8,0.0001
1631145600006,8,0.0001
1631174400014,8,0.0001
1631203200002,8,0.0001
1631232000001,8,0.0001
1631260800018,8,0.0001
1631289600006,8,0.00011115
1631318400000,8,0.0001
1631347200001,8,0.0001
1631376000000,8,0.0001
1631404800000,8,0.0001
1631433600002,8,0.0001
1631462400000,8,0.0001
1631491200000,8,0.0001
1631520000007,8,0.0001
1631548800005,8,0.0001
1631577600002,8,0.0001
1631606400000,8,0.0001
1631635200007,8,0.0001
1631664000012,8,0.0001
1631692800003,8,0.0001
1631721600006,8,0.0001
1631750400008,8,0.0001
1631779200005,8,0.0001
1631808000002,8,0.0001
1631836800000,8,0.0001
1631865600047,8,0.0001
1631894400013,8,0.0001
1631923200000,8,0.0001
1631952000010,8,0.0001
1631980800005,8,0.0001
1632009600006,8,0.0001
1632038400015,8,0.0001
1632067200007,8,0.0001
1632096000018,8,0.0001
1632124800000,8,0.0001
1632153600005,8,0.0001
1632182400005,8,0.0001
1632211200007,8,0.0001
1632240000000,8,0.0001
1632268800005,8,0.0001
1632297600006,8,0.0001
1632326400000,8,0.0001
1632355200003,8,4.744e-05
1632384000000,8,7.835e-05
1632412800007,8,0.0001
1632441600000,8,-7.856e-05
1632470400017,8,-8.536e-05
1632499200000,8,3.978e-05
1632528000007,8,0.0001
1632556800002,8,5.629e-05
1632585600004,8,0.0001
1632614400013,8,2.457e-05
1632643200000,8,0.0001
1632672000005,8,-1.686e-05
1632700800000,8,0.0001
1632729600001,8,0.0001
1632758400000,8,0.0001
1632787200000,8,2.549e-05
1632816000014,8,3.318e-05
1632844800000,8,9.756e-05
1632873600000,8,4.448e-05
1632902400002,8,3.757e-05
1632931200000,8,5.661e-05
1632960000000,8,0.0001
1632988800004,8,0.0001
1633017600005,8,9.235e-05
1633046400012,8,2.202e-05
1633075200008,8,-2.693e-05
1633104000000,8,0.0001
1633132800000,8,5.277e-05
1633161600002,8,3.519e-05
1633190400011,8,5.938e-05
1633219200019,8,0.0001
1633248000011,8,0.0001
1633276800004,8,0.0001
1633305600004,8,0.0001
1633334400000,8,0.0001
1633363200000,8,0.0001
1633392000007,8,0.0001
1633420800007,8,-2.427e-05
1633449600004,8,1.61e-06
1633478400002,8,0.0001
1633507200000,8,0.0001
1633536000003,8,0.0001
1633564800007,8,0.0001
1633593600002,8,0.0002918
1633622400000,8,0.00032669
1633651200011,8,0.00033379
1633680000003,8,0.00023355
1633708800002,8,0.00013417
1633737600006,8,0.0001
1633766400003,8,0.0001
1633795200000,8,0.00015717
1633824000000,8,0.0001
1633852800008,8,0.00020906
1633881600000,8,0.0001
1633910400002,8,0.0001
1633939200001,8,0.0001
1633968000006,8,0.0001
1633996800008,8,0.0001
1634025600013,8,0.0001
1634054400003,8,0.0001
1634083200003,8,0.0001
1634112000015,8,0.0001
1634140800000,8,0.0001
1634169600011,8,0.0001
1634198400017,8,0.00022797
1634227200000,8,0.00017282
1634256000005,8,0.0001
1634284800002,8,0.00036685
1634313600005,8,0.0001
1634342400009,8,0.00048084
1634371200000,8,0.00027876
1634400000003,8,0.00043303
1634428800001,8,0.00031281
1634457600002,8,0.00040131
1634486400002,8,0.0004425
1634515200006,8,0.00038415
1634544000004,8,0.00022227
1634572800001,8,0.0001
1634601600002,8,0.0001
1634630400000,8,0.00014974
1634659200000,8,0.0001
1634688000017,8,0.0001
1634716800004,8,0.0001
1634745600020,8,0.00063237
1634774400000,8,0.00068927
1634803200000,8,0.00057124
1634832000008,8,0.00062183
1634860800005,8,0.00033487
1634889600005,8,0.00024509
1634918400018,8,0.00033222
1634947200005,8,0.00026183
1634976000001,8,0.00014854
1635004800004,8,0.0001739
1635033600006,8,0.00030335
1635062400012,8,0.00037238
1635091200001,8,0.00032862
1635120000012,8,0.00048777
1635148800002,8,0.00020028
1635177600022,8,0.00017861
1635206400005,8,0.00040992
1635235200016,8,0.00060638
1635264000000,8,0.00055995
1635292800004,8,0.00033175
1635321600000,8,0.00030309
1635350400002,8,0.00023017
1635379200002,8,0.00015574
1635408000000,8,0.0001
1635436800005,8,0.00013782
1635465600000,8,0.0002352
1635494400007,8,0.00024122
1635523200001,8,0.00017968
1635552000000,8,0.00016972
1635580800001,8,0.00038483
1635609600013,8,0.00023181
1635638400008,8,0.00019088
1635667200010,8,0.00048915
1635696000001,8,0.00043874
1635724800009,8,0.00032554
1635753600014,8,0.00031437
1635782400001,8,0.00056812
1635811200000,8,0.00015524
1635840000007,8,0.00033216
1635868800010,8,0.00047797
1635897600019,8,0.0008207
1635926400000,8,0.00043965
1635955200005,8,0.00031399
1635984000006,8,0.00045987
1636012800004,8,0.0005075
1636041600004,8,0.00046368
1636070400000,8,0.00018372
1636099200013,8,0.00018568
1636128000016,8,0.00041167
1636156800010,8,0.00053155
1636185600000,8,0.00045326
1636214400007,8,0.00037687
1636243200013,8,0.00017244
1636272000005,8,0.00036277
1636300800004,8,0.00037438
1636329600001,8,0.00025861
1636358400000,8,0.00049328
1636387200000,8,0.0004876
1636416000000,8,0.00038683
1636444800014,8,0.00039251
1636473600001,8,0.00067839
1636502400000,8,0.00037679
1636531200003,8,0.00068212
1636560000001,8,0.00057535
1636588800008,8,0.00023211
1636617600012,8,0.0001
1636646400007,8,0.00021812
1636675200000,8,0.00018008
1636704000000,8,0.00035543
1636732800004,8,0.00036867
1636761600000,8,0.00015442
1636790400004,8,0.00031732
1636819200006,8,0.00021842
1636848000010,8,0.00013962
1636876800001,8,0.0001
1636905600000,8,0.00013059
1636934400008,8,0.00016126
1636963200000,8,0.00020745
1636992000000,8,0.00040989
1637020800000,8,0.00035998
1637049600001,8,0.0001
1637078400018,8,0.0001
1637107200005,8,0.0001
1637136000007,8,0.00013155
1637164800003,8,0.0001
1637193600017,8,0.0001
1637222400007,8,0.0001
1637251200011,8,0.00011235
1637280000000,8,0.0001
1637308800000,8,0.0001
1637337600005,8,0.0001
1637366400012,8,0.0001
1637395200000,8,0.0001
1637424000007,8,0.0001
1637452800000,8,0.0001
1637481600006,8,0.0001
1637510400000,8,0.0001
1637539200004,8,0.0001
1637568000000,8,0.0001
1637596800000,8,0.0001
1637625600004,8,0.0001
1637654400010,8,0.00012897
1637683200005,8,0.0001
1637712000001,8,0.0001
1637740800003,8,0.0001
1637769600010,8,0.0001201
1637798400000,8,0.00014549
1637827200010,8,0.00016775
1637856000000,8,0.00011888
1637884800000,8,0.00013863
1637913600000,8,0.00033741
1637942400016,8,0.0001
1637971200005,8,0.00010824
1638000000008,8,0.0001
1638028800007,8,0.0001
1638057600018,8,0.0001
1638086400000,8,0.0001
1638115200004,8,0.0001
1638144000002,8,0.0001
1638172800004,8,0.0001
1638201600000,8,0.00020774
1638230400000,8,0.0002781
1638259200006,8,0.0001
1638288000000,8,0.0001
1638316800000,8,0.00012689
1638345600000,8,0.00029146
1638374400001,8,0.0001
1638403200000,8,0.00015951
1638432000007,8,0.0001
1638460800008,8,0.0001
1638489600004,8,0.0001
1638518400002,8,0.00011686
1638547200006,8,0.00027198
1638576000006,8,0.0001
1638604800004,8,6.285e-05
1638633600000,8,2.893e-05
1638662400003,8,8.272e-05
1638691200008,8,9.001e-05
1638720000007,8,0.0001
1638748800009,8,0.0001
1638777600001,8,0.0001
1638806400000,8,0.0001
1638835200018,8,0.0001
1638864000000,8,3.977e-05
1638892800000,8,0.0001
1638921600000,8,0.0001
1638950400018,8,0.0001
1638979200010,8,0.0001
1639008000010,8,0.0001
1639036800000,8,0.0001
1639065600000,8,0.0001
1639094400000,8,0.0001
1639123200008,8,0.0001
1639152000012,8,0.0001
1639180800009,8,0.0001
1639209600008,8,0.0001
1639238400000,8,0.0001
1639267200001,8,0.0001
1639296000015,8,0.0001
1639324800011,8,0.0001
1639353600006,8,0.0001
1639382400019,8,0.0001
1639411200000,8,0.0001
1639440000004,8,-4.93e-06
1639468800000,8,0.0001
1639497600015,8,8.838e-05
1639526400000,8,0.0001
1639555200008,8,0.0001
1639584000005,8,0.0001
1639612800006,8,0.0001
1639641600009,8,0.0001
1639670400000,8,0.0001
1639699200000,8,0.0001
1639728000005,8,0.0001
1639756800006,8,4.678e-05
1639785600014,8,9.119e-05
1639814400012,8,9.221e-05
1639843200000,8,8.402e-05
1639872000031,8,7.08e-05
1639900800000,8,0.0001
1639929600003,8,0.0001
1639958400015,8,0.0001
1639987200007,8,0.0001
1640016000005,8,0.0001
1640044800003,8,9.184e-05
1640073600012,8,0.0001
1640102400005,8,0.0001
1640131200000,8,0.0001
1640160000001,8,0.0001
1640188800006,8,0.0001
1640217600011,8,9.72e-05
1640246400000,8,0.0001
1640275200000,8,4.018e-05
1640304000005,8,0.0001
1640332800000,8,0.0001
1640361600011,8,0.0001
1640390400000,8,0.0001
1640419200001,8,0.0001
1640448000005,8,0.0001
1640476800004,8,0.0001
1640505600002,8,0.0001
1640534400000,8,0.0001
1640563200002,8,0.0001
1640592000005,8,0.0001
1640620800000,8,0.0001
1640649600000,8,0.0001
1640678400012,8,0.0001
1640707200000,8,0.0001
1640736000006,8,0.0001
1640764800003,8,0.0001
1640793600004,8,0.0001
1640822400003,8,0.0001
1640851200001,8,0.0001
1640880000017,8,0.0001
1640908800006,8,-3.102e-05
1640937600009,8,0.0001
1640966400000,8,0.0001
1640995200006,8,0.0001
1641024000009,8,0.0001
1641052800000,8,0.0001
1641081600028,8,0.0001
1641110400000,8,0.0001
1641139200000,8,0.0001
1641168000010,8,0.0001
1641196800013,8,0.0001
1641225600018,8,0.0001
1641254400000,8,0.0001
1641283200010,8,0.0001
1641312000002,8,0.0001
1641340800001,8,0.0001
1641369600017,8,0.0001
1641398400000,8,0.0001
1641427200002,8,0.0001
1641456000021,8,0.0001
1641484800006,8,0.0001
1641513600005,8,0.0001
1641542400000,8,0.0001
1641571200001,8,0.0001
1641600000014,8,0.0001
1641628800013,8,0.0001
1641657600000,8,0.0001
1641686400003,8,0.0001
1641715200000,8,0.0001
1641744000000,8,0.0001
1641772800000,8,0.0001
1641801600010,8,4.522e-05
1641830400007,8,0.0001
1641859200013,8,0.0001
1641888000004,8,7.394e-05
1641916800000,8,0.0001
1641945600012,8,-4.772e-05
1641974400015,8,9.625e-05
1642003200000,8,-5.342e-05
1642032000007,8,-7.506e-05
1642060800000,8,0.0001
1642089600014,8,-6.081e-05
1642118400000,8,5.92e-06
1642147200006,8,-9.17e-05
1642176000014,8,-6.655e-05
1642204800000,8,2.282e-05
1642233600002,8,0.0001
1642262400000,8,2.661e-05
1642291200000,8,9.07e-05
1642320000017,8,-2.33e-05
1642348800011,8,3.62e-05
1642377600005,8,1.751e-05
1642406400006,8,6.647e-05
1642435200012,8,0.0001
1642464000020,8,0.0001
1642492800000,8,9.998e-05
1642521600013,8,0.0001
1642550400001,8,4.973e-05
1642579200000,8,0.0001
1642608000000,8,0.0001
1642636800015,8,0.0001
1642665600000,8,0.0001
1642694400000,8,0.0001
1642723200007,8,0.0001
1642752000015,8,4.523e-05
1642780800000,8,8.226e-05
1642809600017,8,-1.051e-05
1642838400003,8,4.122e-05
1642867200021,8,0.0001
1642896000026,8,0.0001
1642924800010,8,-1.256e-05
1642953600009,8,-1.573e-05
1642982400010,8,3.48e-05
1643011200000,8,5.605e-05
1643040000021,8,5.009e-05
1643068800000,8,0.0001
1643097600000,8,8.126e-05
1643126400012,8,-0.00010008
1643155200000,8,6.76e-06
1643184000001,8,-1.905e-05
1643212800005,8,-4.13e-05
1643241600004,8,-4.869e-05
1643270400004,8,-0.00010186
1643299200019,8,-7.554e-05
1643328000000,8,-4.93e-06
1643356800000,8,7.165e-05
1643385600025,8,2.88e-05
1643414400017,8,-1.093e-05
1643443200000,8,5.239e-05
1643472000013,8,-3.029e-05
1643500800025,8,6.05e-05
1643529600009,8,9.126e-05
1643558400000,8,0.0001
1643587200000,8,8.927e-05
1643616000000,8,-7.369e-05
1643644800000,8,-5.648e-05
1643673600010,8,-4e-05
1643702400000,8,6.113e-05
1643731200004,8,-6.256e-05
1643760000004,8,-2.905e-05
1643788800000,8,0.0001
1643817600002,8,2.553e-05
1643846400002,8,-7.716e-05
1643875200000,8,1.168e-05
1643904000000,8,-1.533e-05
1643932800018,8,1.462e-05
1643961600005,8,-8.571e-05
1643990400010,8,0.0001
1644019200014,8,7.457e-05
1644048000000,8,0.0001
1644076800000,8,0.0001
1644105600000,8,0.0001
1644134400000,8,0.0001
1644163200000,8,0.0001
1644192000003,8,1.477e-05
1644220800014,8,5.264e-05
1644249600003,8,-9.617e-05
1644278400001,8,0.0001
1644307200003,8,0.0001
1644336000002,8,0.0001
1644364800000,8,8.216e-05
1644393600005,8,5.826e-05
1644422400001,8,5.12e-05
1644451200012,8,0.0001
1644480000000,8,-1.799e-05
1644508800006,8,0.0001
1644537600000,8,3.895e-05
1644566400009,8,-5.238e-05
1644595200015,8,-7.643e-05
1644624000020,8,0.0001
1644652800001,8,0.0001
1644681600007,8,0.0001
1644710400022,8,8.047e-05
1644739200001,8,7.937e-05
1644768000007,8,6.814e-05
1644796800005,8,9.717e-05
1644825600013,8,2.867e-05
1644854400019,8,6.445e-05
1644883200012,8,0.0001
1644912000005,8,-7.76e-05
1644940800011,8,5.462e-05
1644969600009,8,0.0001
1644998400001,8,0.0001
1645027200014,8,0.0001
1645056000018,8,0.0001
1645084800000,8,0.0001
1645113600010,8,0.0001
1645142400000,8,-4.38e-06
1645171200002,8,-2.923e-05
1645200000000,8,-9.36e-06
1645228800007,8,0.0001
1645257600000,8,9.61e-06
1645286400023,8,7.71e-05
1645315200001,8,3.023e-05
1645344000003,8,6.581e-05
1645372800001,8,-7.517e-05
1645401600000,8,6.5e-05
1645430400001,8,-4.498e-05
1645459200005,8,-3.473e-05
1645488000005,8,-5.357e-05
1645516800000,8,2.477e-05
1645545600000,8,-3.085e-05
1645574400002,8,-2.623e-05
1645603200005,8,-0.00012603
1645632000010,8,-3.332e-05
1645660800008,8,6.475e-05
1645689600003,8,-0.00016045
1645718400001,8,-9.21e-05
1645747200000,8,0.0001
1645776000006,8,6.22e-05
1645804800001,8,9.98e-06
1645833600004,8,9.332e-05
1645862400004,8,0.0001
1645891200007,8,7.614e-05
1645920000012,8,5.574e-05
1645948800000,8,1.803e-05
1645977600000,8,-6.28e-06
1646006400000,8,-0.00021167
1646035200001,8,-8.986e-05
1646064000002,8,-5.386e-05
1646092800002,8,0.0001
1646121600001,8,0.0001
1646150400000,8,4.369e-05
1646179200000,8,-5.07e-06
1646208000000,8,0.0001
1646236800002,8,0.0001
1646265600000,8,0.0001
1646294400000,8,0.0001
1646323200005,8,0.0001
1646352000018,8,0.0001
1646380800000,8,0.0001
1646409600000,8,0.0001
1646438400006,8,0.0001
1646467200004,8,0.0001
1646496000000,8,1.656e-05
1646524800004,8,4.115e-05
1646553600000,8,-9.6e-06
1646582400013,8,1.957e-05
1646611200008,8,3.18e-06
1646640000006,8,-8.983e-05
1646668800000,8,-3.177e-05
1646697600008,8,3.378e-05
1646726400002,8,0.0001
1646755200000,8,0.0001
1646784000008,8,6.776e-05
1646812800000,8,0.0001
1646841600004,8,0.0001
1646870400000,8,0.0001
1646899200017,8,8.28e-05
1646928000000,8,-8.919e-05
1646956800008,8,-9.808e-05
1646985600000,8,-7.765e-05
1647014400001,8,4.301e-05
1647043200010,8,-3.07e-06
1647072000001,8,3.168e-05
1647100800002,8,-3.565e-05
1647129600008,8,-5.855e-05
1647158400000,8,6.13e-06
1647187200002,8,-5.741e-05
1647216000014,8,-8.009e-05
1647244800005,8,-6.699e-05
1647273600002,8,2.708e-05
1647302400008,8,5.726e-05
1647331200000,8,4.476e-05
1647360000006,8,9.061e-05
1647388800013,8,0.0001
1647417600000,8,5.871e-05
1647446400008,8,0.0001
1647475200004,8,0.0001
1647504000000,8,0.0001
1647532800004,8,0.0001
1647561600000,8,0.0001
1647590400000,8,1.662e-05
1647619200017,8,0.0001
1647648000008,8,0.0001
1647676800015,8,0.0001
1647705600000,8,0.0001
1647734400000,8,0.0001
1647763200001,8,0.0001
1647792000002,8,0.0001
1647820800013,8,0.0001
1647849600004,8,-9.54e-06
1647878400010,8,-9.3e-07
1647907200012,8,0.0001
1647936000001,8,0.0001
1647964800022,8,0.0001
1647993600007,8,0.0001
1648022400000,8,0.0001
1648051200006,8,7.014e-05
1648080000013,8,1.664e-05
1648108800006,8,8e-06
1648137600020,8,-9.07e-06
1648166400010,8,6.7e-06
1648195200001,8,9.286e-05
1648224000014,8,5.473e-05
1648252800020,8,9.739e-05
1648281600006,8,-7.111e-05
1648310400000,8,0.0001
1648339200004,8,-8.253e-05
1648368000001,8,1.306e-05
1648396800006,8,0.0001
1648425600012,8,0.0001
1648454400007,8,0.0001
1648483200000,8,0.0001
1648512000000,8,0.0001
1648540800015,8,0.0001
1648569600000,8,9.594e-05
1648598400000,8,0.0001
1648627200002,8,0.0001
1648656000028,8,0.0001
1648684800017,8,0.0001
1648713600000,8,0.0001
1648742400015,8,0.0001
1648771200000,8,0.0001
1648800000000,8,7.626e-05
1648828800018,8,9.193e-05
1648857600000,8,0.0001
1648886400002,8,0.0001
1648915200006,8,0.0001
1648944000018,8,0.0001
1648972800018,8,0.0001
1649001600015,8,0.0001
1649030400006,8,0.0001
1649059200000,8,0.0001
1649088000016,8,0.0001
1649116800000,8,0.0001
1649145600010,8,0.0001
1649174400008,8,0.0001
1649203200001,8,9.898e-05
1649232000021,8,0.0001
1649260800000,8,0.0001
1649289600009,8,0.0001
1649318400000,8,0.0001
1649347200000,8,2.421e-05
1649376000000,8,4.306e-05
1649404800004,8,0.0001
1649433600008,8,0.0001
1649462400008,8,0.0001
1649491200000,8,9.279e-05
1649520000001,8,0.0001
1649548800004,8,2.721e-05
1649577600007,8,6.231e-05
1649606400016,8,0.0001
1649635200000,8,2.43e-06
1649664000000,8,0.0001
1649692800009,8,0.0001
1649721600000,8,-6.795e-05
1649750400006,8,-0.00010012
1649779200013,8,-7.001e-05
1649808000005,8,-1.692e-05
1649836800008,8,7.53e-06
1649865600013,8,-1.485e-05
1649894400007,8,5.018e-05
1649923200000,8,3.533e-05
1649952000006,8,4.423e-05
1649980800008,8,-0.00013233
1650009600002,8,-6.805e-05
1650038400000,8,7.697e-05
1650067200011,8,2.197e-05
1650096000007,8,5.199e-05
1650124800007,8,6.201e-05
1650153600000,8,7.2e-06
1650182400004,8,9.838e-05
1650211200000,8,0.0001
1650240000008,8,-3.231e-05
1650268800012,8,-0.00017197
1650297600000,8,-5.436e-05
1650326400021,8,0.0001
1650355200031,8,6.251e-05
1650384000000,8,-5.028e-05
1650412800025,8,9.45e-05
1650441600003,8,9.543e-05
1650470400000,8,3.714e-05
1650499200000,8,1.77e-06
1650528000000,8,-5.245e-05
1650556800024,8,5.359e-05
1650585600008,8,3.026e-05
1650614400008,8,-0.00016984
1650643200008,8,-4.15e-06
1650672000000,8,-9.023e-05
1650700800000,8,-7.562e-05
1650729600012,8,-0.00011883
1650758400004,8,-0.00018273
1650787200003,8,-0.00015276
1650816000000,8,-3.654e-05
1650844800008,8,-8.908e-05
1650873600018,8,-7.844e-05
1650902400000,8,7.223e-05
1650931200014,8,0.0001
1650960000000,8,0.0001
1650988800017,8,0.0001
1651017600012,8,-0.0001264
1651046400000,8,-0.00011034
1651075200002,8,1.968e-05
1651104000000,8,-5.716e-05
1651132800004,8,-5.544e-05
1651161600030,8,0.0001
1651190400000,8,0.0001
1651219200016,8,0.0001
1651248000010,8,2.628e-05
1651276800000,8,-9.371e-05
1651305600005,8,4.536e-05
1651334400015,8,5.926e-05
1651363200000,8,2.403e-05
1651392000000,8,9.5e-07
1651420800010,8,0.0001
1651449600018,8,0.0001
1651478400007,8,9e-05
1651507200000,8,0.0001
1651536000006,8,0.0001
1651564800000,8,0.0001
1651593600021,8,0.0001
1651622400007,8,0.0001
1651651200011,8,2.504e-05
1651680000000,8,0.0001
1651708800005,8,0.0001
1651737600019,8,0.0001
1651766400005,8,0.0001
1651795200005,8,-0.0001346
1651824000001,8,-5.734e-05
1651852800010,8,4.197e-05
1651881600004,8,-5.273e-05
1651910400016,8,5.998e-05
1651939200011,8,7.13e-06
1651968000000,8,-2.659e-05
1651996800007,8,0.0001
1652025600015,8,0.0001
1652054400000,8,0.0001
1652083200001,8,0.0001
1652112000000,8,0.0001
1652140800000,8,0.0001
1652169600007,8,0.0001
1652198400008,8,0.0001
1652227200004,8,7.58e-05
1652256000007,8,6.939e-05
1652284800008,8,-3.512e-05
1652313600014,8,-0.00018773
1652342400000,8,-0.00041995
1652371200007,8,-0.00014678
1652400000014,8,-7.127e-05
1652428800001,8,-6.05e-06
1652457600000,8,6.045e-05
1652486400000,8,0.0001
1652515200000,8,0.0001
1652544000001,8,0.0001
1652572800000,8,8.29e-05
1652601600000,8,0.0001
1652630400000,8,9.053e-05
1652659200021,8,0.0001
1652688000013,8,8.883e-05
1652716800006,8,4.94e-05
1652745600000,8,0.0001
1652774400010,8,-7.1e-06
1652803200023,8,4.705e-05
1652832000003,8,-6.956e-05
1652860800024,8,-5.753e-05
1652889600014,8,2.893e-05
1652918400000,8,-3.41e-06
1652947200008,8,5.624e-05
1652976000015,8,7.465e-05
1653004800001,8,0.0001
1653033600003,8,0.0001
1653062400012,8,0.0001
1653091200008,8,-2.02e-06
1653120000001,8,-2.146e-05
1653148800007,8,2.549e-05
1653177600003,8,2.41e-05
1653206400016,8,-3.063e-05
1653235200000,8,0.0001
1653264000011,8,0.0001
1653292800000,8,0.0001
1653321600023,8,0.0001
1653350400011,8,-0.00012372
1653379200000,8,-6.76e-06
1653408000009,8,2.892e-05
1653436800001,8,3.679e-05
1653465600000,8,0.0001
1653494400015,8,0.0001
1653523200005,8,7.516e-05
1653552000001,8,0.0001
1653580800000,8,7.21e-06
1653609600007,8,0.0001
1653638400008,8,0.0001
1653667200000,8,0.0001
1653696000018,8,0.0001
1653724800016,8,8.712e-05
1653753600013,8,0.0001
1653782400000,8,0.0001
1653811200025,8,0.0001
1653840000002,8,0.0001
1653868800000,8,0.0001
1653897600013,8,0.0001
1653926400005,8,0.0001
1653955200016,8,0.0001
1653984000000,8,0.0001
1654012800000,8,0.0001
1654041600000,8,0.0001
1654070400011,8,0.0001
1654099200000,8,0.0001
1654128000000,8,-1.452e-05
1654156800006,8,2.265e-05
1654185600021,8,2.107e-05
1654214400016,8,-3.378e-05
1654243200016,8,-1.456e-05
1654272000012,8,6.937e-05
1654300800005,8,2.7e-06
1654329600000,8,4.795e-05
1654358400007,8,5.506e-05
1654387200005,8,4.358e-05
1654416000015,8,2.828e-05
1654444800000,8,4.753e-05
1654473600000,8,6.036e-05
1654502400017,8,9.656e-05
1654531200000,8,0.0001
1654560000000,8,0.0001
1654588800011,8,-0.00010234
1654617600000,8,-3.705e-05
1654646400008,8,0.0001
1654675200020,8,0.0001
1654704000012,8,0.0001
1654732800000,8,0.0001
1654761600000,8,9.106e-05
1654790400000,8,0.0001
1654819200009,8,0.0001
1654848000000,8,9.289e-05
1654876800006,8,3.503e-05
1654905600018,8,1.762e-05
1654934400014,8,3.79e-06
1654963200000,8,6.606e-05
1654992000015,8,0.0001
1655020800019,8,5.63e-06
1655049600010,8,4.39e-06
1655078400009,8,5.616e-05
1655107200000,8,-3.182e-05
1655136000007,8,-5.8e-06
1655164800013,8,4.088e-05
1655193600008,8,-0.00010037
1655222400006,8,-5.186e-05
1655251200000,8,-2.077e-05
1655280000016,8,-7.24e-05
1655308800008,8,-6.66e-06
1655337600009,8,-4.114e-05
1655366400016,8,4.475e-05
1655395200000,8,-5.277e-05
1655424000008,8,-2.222e-05
1655452800003,8,-9.486e-05
1655481600000,8,5.092e-05
1655510400020,8,7.356e-05
1655539200025,8,4.575e-05
1655568000014,8,5.227e-05
1655596800012,8,4.243e-05
1655625600012,8,-4.559e-05
1655654400008,8,7.239e-05
1655683200016,8,8.73e-06
1655712000000,8,-5.4e-06
1655740800013,8,6.08e-05
1655769600012,8,0.0001
1655798400018,8,4.967e-05
1655827200010,8,2.028e-05
1655856000000,8,1.78e-06
1655884800001,8,-2.982e-05
1655913600012,8,-1.64e-05
1655942400000,8,-8.72e-06
1655971200000,8,-1.577e-05
1656000000016,8,-2.656e-05
1656028800005,8,6.006e-05
1656057600004,8,0.0001
1656086400018,8,0.0001
1656115200001,8,2.621e-05
1656144000010,8,0.0001
1656172800000,8,0.0001
1656201600002,8,0.0001
1656230400016,8,0.0001
1656259200006,8,6.69e-06
1656288000008,8,7.82e-05
1656316800000,8,3.533e-05
1656345600016,8,6.102e-05
1656374400016,8,-2.586e-05
1656403200001,8,-5.613e-05
1656432000005,8,2.435e-05
1656460800000,8,4.188e-05
1656489600013,8,8.335e-05
1656518400000,8,5.319e-05
1656547200000,8,3.24e-06
1656576000000,8,-5.159e-05
1656604800000,8,-0.00015879
1656633600001,8,-8.786e-05
1656662400017,8,3.106e-05
1656691200005,8,-8.061e-05
1656720000000,8,-2.913e-05
1656748800000,8,5.218e-05
1656777600008,8,2.12e-05
1656806400015,8,3.57e-05
1656835200004,8,4.779e-05
1656864000005,8,7.251e-05
1656892800021,8,7.792e-05
1656921600001,8,4.63e-05
1656950400000,8,2.248e-05
1656979200000,8,5.291e-05
1657008000000,8,0.0001
1657036800015,8,1.2e-06
1657065600006,8,0.0001
1657094400000,8,0.0001
1657123200000,8,8.373e-05
1657152000010,8,5.274e-05
1657180800010,8,0.0001
1657209600011,8,0.0001
1657238400008,8,2.12e-06
1657267200009,8,0.0001
1657296000000,8,0.0001
1657324800000,8,0.0001
1657353600000,8,0.0001
1657382400009,8,6.143e-05
1657411200001,8,9.962e-05
1657440000002,8,0.0001
1657468800001,8,0.0001
1657497600000,8,4.543e-05
1657526400003,8,7.236e-05
1657555200001,8,8.5e-05
1657584000000,8,8.003e-05
1657612800021,8,6.433e-05
1657641600000,8,2.667e-05
1657670400012,8,-1.204e-05
1657699200022,8,6.17e-06
1657728000005,8,-1.218e-05
1657756800017,8,5.7e-07
1657785600001,8,0.0001
1657814400000,8,3.451e-05
1657843200004,8,9.257e-05
1657872000019,8,1.401e-05
1657900800017,8,1.601e-05
1657929600021,8,6.055e-05
1657958400014,8,7.996e-05
1657987200005,8,8e-06
1658016000000,8,8.038e-05
1658044800003,8,0.0001
1658073600007,8,8.709e-05
1658102400001,8,0.0001
1658131200004,8,0.0001
1658160000019,8,0.0001
1658188800000,8,0.0001
1658217600000,8,0.0001
1658246400001,8,0.0001
1658275200004,8,0.0001
1658304000000,8,0.0001
1658332800003,8,8.118e-05
1658361600000,8,0.0001
1658390400018,8,0.0001
1658419200011,8,0.0001
1658448000014,8,0.0001
1658476800000,8,0.0001
1658505600000,8,5.172e-05
1658534400004,8,9.043e-05
1658563200002,8,1.021e-05
1658592000001,8,0.0001
1658620800000,8,3.77e-05
1658649600011,8,0.0001
1658678400000,8,8.293e-05
1658707200000,8,0.0001
1658736000014,8,1.238e-05
1658764800006,8,2.319e-05
1658793600010,8,0.0001
1658822400000,8,3.654e-05
1658851200000,8,8.659e-05
1658880000008,8,4.591e-05
1658908800000,8,5.085e-05
1658937600003,8,2.951e-05
1658966400009,8,9.229e-05
1658995200008,8,0.0001
1659024000013,8,0.0001
1659052800000,8,0.0001
1659081600000,8,0.0001
1659110400000,8,0.0001
1659139200005,8,0.0001
1659168000009,8,0.0001
1659196800000,8,0.0001
1659225600022,8,0.0001
1659254400011,8,0.0001
1659283200019,8,6.281e-05
1659312000010,8,0.0001
1659340800019,8,0.0001
1659369600017,8,6.449e-05
1659398400000,8,0.0001
1659427200007,8,9.733e-05
1659456000014,8,5.885e-05
1659484800001,8,3.28e-06
1659513600020,8,-3.96e-05
1659542400008,8,4.382e-05
1659571200001,8,-1.91e-06
1659600000009,8,1.778e-05
1659628800015,8,1.436e-05
1659657600005,8,1.692e-05
1659686400000,8,6.774e-05
1659715200000,8,2.115e-05
1659744000021,8,6.888e-05
1659772800000,8,8.589e-05
1659801600015,8,0.0001
1659830400013,8,0.0001
1659859200000,8,-7.37e-06
1659888000014,8,2.401e-05
1659916800009,8,0.0001
1659945600006,8,2.79e-05
1659974400000,8,0.0001
1660003200020,8,0.0001
1660032000000,8,7.92e-05
1660060800000,8,0.0001
1660089600000,8,-1.314e-05
1660118400016,8,5.81e-06
1660147200018,8,9.44e-05
1660176000012,8,7.206e-05
1660204800000,8,0.0001
1660233600000,8,4.911e-05
1660262400006,8,9.024e-05
1660291200000,8,1.412e-05
1660320000005,8,-3.384e-05
1660348800012,8,-3.559e-05
1660377600006,8,8.455e-05
1660406400018,8,2.154e-05
1660435200000,8,2.396e-05
1660464000000,8,-3.33e-06
1660492800000,8,1.239e-05
1660521600010,8,-3.766e-05
1660550400002,8,1.077e-05
1660579200010,8,-1.339e-05
1660608000010,8,3.243e-05
1660636800002,8,1.56e-06
1660665600000,8,2.87e-05
1660694400020,8,4.66e-06
1660723200016,8,2.62e-06
1660752000001,8,9.364e-05
1660780800005,8,8.391e-05
1660809600012,8,0.0001
1660838400013,8,7.171e-05
1660867200000,8,0.0001
1660896000000,8,2.108e-05
1660924800009,8,-6.746e-05
1660953600000,8,1.07e-05
1660982400005,8,-6.722e-05
1661011200000,8,-4.567e-05
1661040000010,8,-1.957e-05
1661068800013,8,-3.589e-05
1661097600000,8,-3.234e-05
1661126400011,8,-8.092e-05
1661155200005,8,-3.215e-05
1661184000005,8,4.021e-05
1661212800000,8,-3.345e-05
1661241600021,8,-4.031e-05
1661270400005,8,8.46e-06
1661299200017,8,2.509e-05
1661328000021,8,-4.353e-05
1661356800000,8,-3.538e-05
1661385600003,8,1.28e-06
1661414400000,8,1.547e-05
1661443200004,8,4.481e-05
1661472000001,8,-1.707e-05
1661500800004,8,3.207e-05
1661529600000,8,2.599e-05
1661558400010,8,-2.808e-05
1661587200007,8,-6.29e-05
1661616000008,8,-4.396e-05
1661644800019,8,-1.396e-05
1661673600000,8,-8.758e-05
1661702400000,8,-2.443e-05
1661731200000,8,-0.00013623
1661760000000,8,-0.00010056
1661788800001,8,-6.193e-05
1661817600001,8,1.123e-05
1661846400005,8,-3.356e-05
1661875200010,8,-5.903e-05
1661904000000,8,-2.089e-05
1661932800005,8,5.779e-05
1661961600013,8,4.95e-05
1661990400012,8,9.39e-05
1662019200000,8,2.266e-05
1662048000013,8,3.63e-05
1662076800002,8,2.498e-05
1662105600013,8,4.905e-05
1662134400000,8,4.443e-05
1662163200000,8,-1.99e-06
1662192000002,8,9.442e-05
1662220800007,8,1.115e-05
1662249600008,8,5.88e-06
1662278400009,8,5.463e-05
1662307200000,8,2.119e-05
1662336000015,8,8.292e-05
1662364800013,8,-7.37e-06
1662393600007,8,4.712e-05
1662422400018,8,-2.45e-06
1662451200020,8,3.43e-06
1662480000028,8,3.473e-05
1662508800013,8,-8.601e-05
1662537600022,8,2.729e-05
1662566400021,8,-3.48e-05
1662595200010,8,6.2e-06
1662624000000,8,3.327e-05
1662652800003,8,5.667e-05
1662681600011,8,1.312e-05
1662710400000,8,0.0001
1662739200000,8,0.0001
1662768000003,8,0.0001
1662796800000,8,9.764e-05
1662825600012,8,0.0001
1662854400009,8,7.115e-05
1662883200012,8,0.0001
1662912000005,8,6.712e-05
1662940800007,8,0.0001
1662969600013,8,8.246e-05
1662998400000,8,0.0001
1663027200004,8,9.965e-05
1663056000000,8,0.0001
1663084800000,8,0.0001
1663113600000,8,-3.953e-05
1663142400000,8,7.27e-06
1663171200000,8,1.004e-05
1663200000019,8,3.24e-06
1663228800012,8,0.0001
1663257600007,8,8.13e-06
1663286400000,8,8.055e-05
1663315200000,8,4.349e-05
1663344000000,8,2.919e-05
1663372800000,8,3.024e-05
1663401600012,8,4.336e-05
1663430400017,8,1.467e-05
1663459200000,8,6.428e-05
1663488000004,8,7.82e-05
1663516800000,8,3.564e-05
1663545600018,8,3.581e-05
1663574400006,8,-9.289e-05
1663603200010,8,6e-06
1663632000007,8,7.813e-05
1663660800001,8,5.855e-05
1663689600000,8,1.721e-05
1663718400001,8,5.185e-05
1663747200005,8,1.478e-05
1663776000000,8,2.732e-05
1663804800000,8,-0.00011779
1663833600000,8,-6.911e-05
1663862400011,8,7.743e-05
1663891200023,8,7.261e-05
1663920000004,8,2.959e-05
1663948800005,8,-5.008e-05
1663977600000,8,2.947e-05
1664006400005,8,1.676e-05
1664035200000,8,5.345e-05
1664064000010,8,9.99e-06
1664092800000,8,3.653e-05
1664121600003,8,2.593e-05
1664150400001,8,-6.6e-06
1664179200006,8,3.696e-05
1664208000000,8,4.497e-05
1664236800026,8,2.244e-05
1664265600004,8,0.0001
1664294400006,8,8.538e-05
1664323200011,8,1.141e-05
1664352000000,8,-1.071e-05
1664380800000,8,5.332e-05
1664409600010,8,5.681e-05
1664438400000,8,7.641e-05
1664467200000,8,6.685e-05
1664496000006,8,0.0001
1664524800002,8,0.0001
1664553600007,8,0.0001
1664582400008,8,3.198e-05
1664611200011,8,0.0001
1664640000000,8,7.005e-05
1664668800000,8,4.262e-05
1664697600000,8,5.816e-05
1664726400006,8,5.384e-05
1664755200000,8,3.996e-05
1664784000014,8,8.316e-05
1664812800010,8,0.0001
1664841600006,8,0.0001
1664870400004,8,0.0001
1664899200013,8,0.0001
1664928000000,8,0.0001
1664956800000,8,0.0001
1664985600012,8,0.0001
1665014400008,8,0.0001
1665043200002,8,0.0001
1665072000006,8,0.0001
1665100800000,8,0.0001
1665129600000,8,0.0001
1665158400007,8,7.513e-05
1665187200010,8,3.85e-05
1665216000004,8,7.345e-05
1665244800018,8,4.149e-05
1665273600000,8,3.246e-05
1665302400007,8,1.776e-05
1665331200011,8,1.951e-05
1665360000018,8,6.241e-05
1665388800000,8,6.069e-05
1665417600026,8,0.0001
1665446400020,8,0.0001
1665475200027,8,0.0001
1665504000000,8,0.0001
1665532800014,8,0.0001
1665561600000,8,0.0001
1665590400000,8,0.0001
1665619200013,8,7.466e-05
1665648000016,8,0.0001
1665676800009,8,3.936e-05
1665705600020,8,3.235e-05
1665734400000,8,0.0001
1665763200009,8,8.395e-05
1665792000001,8,4.317e-05
1665820800005,8,3.772e-05
1665849600004,8,4.563e-05
1665878400012,8,2.735e-05
1665907200000,8,4.61e-06
1665936000010,8,3.394e-05
1665964800012,8,3.31e-06
1665993600010,8,4.84e-05
1666022400017,8,6.458e-05
1666051200010,8,0.0001
1666080000008,8,0.0001
1666108800000,8,0.0001
1666137600007,8,7.598e-05
1666166400022,8,0.0001
1666195200016,8,0.0001
1666224000000,8,0.0001
1666252800013,8,6.021e-05
1666281600000,8,2.095e-05
1666310400005,8,4.708e-05
1666339200018,8,4.483e-05
1666368000000,8,-8.9e-06
1666396800000,8,3.721e-05
1666425600015,8,8.36e-05
1666454400000,8,-3.19e-06
1666483200025,8,4.152e-05
1666512000000,8,1.171e-05
1666540800004,8,5.174e-05
1666569600009,8,0.0001
1666598400012,8,0.0001
1666627200002,8,2.328e-05
1666656000013,8,4.327e-05
1666684800013,8,9.019e-05
1666713600000,8,-1.66e-06
1666742400006,8,2.243e-05
1666771200013,8,5.665e-05
1666800000000,8,6.122e-05
1666828800009,8,1.3e-07
1666857600006,8,-2.276e-05
1666886400009,8,1.376e-05
1666915200000,8,-1.228e-05
1666944000000,8,3.541e-05
1666972800007,8,-2.629e-05
1667001600000,8,2.484e-05
1667030400003,8,4.755e-05
1667059200010,8,4.205e-05
1667088000000,8,-2.515e-05
1667116800013,8,3.212e-05
1667145600009,8,5.135e-05
1667174400012,8,1.504e-05
1667203200000,8,3.842e-05
1667232000010,8,-4.34e-06
1667260800000,8,7.22e-06
1667289600000,8,-1.088e-05
1667318400000,8,1.302e-05
1667347200000,8,4.787e-05
1667376000000,8,1.203e-05
1667404800019,8,6.046e-05
1667433600011,8,2.68e-05
1667462400016,8,4.4e-06
1667491200005,8,6.94e-05
1667520000000,8,4.429e-05
1667548800004,8,1.148e-05
1667577600020,8,6.899e-05
1667606400009,8,4.409e-05
1667635200007,8,4.541e-05
1667664000018,8,0.0001
1667692800009,8,6.491e-05
1667721600000,8,9.732e-05
1667750400010,8,6.866e-05
1667779200012,8,7.813e-05
1667808000014,8,0.0001
1667836800006,8,0.0001
1667865600000,8,6.515e-05
1667894400001,8,-7.88e-06
1667923200005,8,9.446e-05
1667952000000,8,-0.00013884
1667980800013,8,7.305e-05
1668009600004,8,-0.00032976
1668038400006,8,-0.00119172
1668067200000,8,-0.00111953
1668096000015,8,-0.00023833
1668124800000,8,-0.00019452
1668153600015,8,-7.277e-05
1668182400027,8,-5.802e-05
1668211200007,8,5.3e-05
1668240000016,8,-2.406e-05
1668268800000,8,6.521e-05
1668297600004,8,3.33e-06
1668326400000,8,-7.357e-05
1668355200017,8,2.816e-05
1668384000000,8,-3.809e-05
1668412800000,8,-7.645e-05
1668441600000,8,-1.132e-05
1668470400014,8,-0.00010925
1668499200009,8,-0.00017664
1668528000010,8,2.275e-05
1668556800011,8,-0.00013216
1668585600004,8,1.121e-05
1668614400008,8,-6.617e-05
1668643200000,8,-4.542e-05
1668672000000,8,-5.138e-05
1668700800006,8,-2.701e-05
1668729600004,8,-2.836e-05
1668758400016,8,2.398e-05
1668787200000,8,9.55e-06
1668816000000,8,5.556e-05
1668844800004,8,7.897e-05
1668873600024,8,-1.169e-05
1668902400015,8,-7.79e-06
1668931200004,8,3.552e-05
1668960000000,8,-9.79e-06
1668988800006,8,7.898e-05
1669017600015,8,-1.218e-05
1669046400000,8,2.302e-05
1669075200000,8,-7.485e-05
1669104000000,8,2.033e-05
1669132800000,8,7.881e-05
1669161600000,8,9.406e-05
1669190400011,8,0.0001
1669219200014,8,-3.9e-06
1669248000007,8,5.42e-05
1669276800014,8,2.012e-05
1669305600013,8,6.272e-05
1669334400004,8,2.058e-05
1669363200015,8,4.61e-06
1669392000000,8,1.329e-05
1669420800011,8,3.859e-05
1669449600000,8,-2.455e-05
1669478400000,8,3.523e-05
1669507200012,8,1.063e-05
1669536000000,8,-3.066e-05
1669564800003,8,3.784e-05
1669593600015,8,2.303e-05
1669622400004,8,5.36e-06
1669651200011,8,2.1e-07
1669680000000,8,4.76e-05
1669708800015,8,-3.85e-06
1669737600000,8,4.171e-05
1669766400007,8,3.404e-05
1669795200000,8,4.038e-05
1669824000015,8,9.511e-05
1669852800001,8,1.029e-05
1669881600006,8,-5.001e-05
1669910400000,8,0.0001
1669939200001,8,8.203e-05
1669968000016,8,2.825e-05
1669996800017,8,-3.753e-05
1670025600006,8,3.302e-05
1670054400000,8,5.123e-05
1670083200011,8,0.0001
1670112000006,8,6.174e-05
1670140800000,8,6.437e-05
1670169600006,8,4.581e-05
1670198400002,8,5.4e-07
1670227200011,8,-4.218e-05
1670256000008,8,4.603e-05
1670284800014,8,2.206e-05
1670313600027,8,4.118e-05
1670342400009,8,2.305e-05
1670371200000,8,7.887e-05
1670400000000,8,6.58e-06
1670428800000,8,-1.492e-05
1670457600006,8,1.183e-05
1670486400000,8,2.152e-05
1670515200014,8,1.67e-06
1670544000017,8,1.178e-05
1670572800005,8,4.007e-05
1670601600000,8,3.198e-05
1670630400009,8,-1.669e-05
1670659200010,8,-6.87e-06
1670688000001,8,1.711e-05
1670716800011,8,9.29e-06
1670745600007,8,8.73e-06
1670774400011,8,6.92e-06
1670803200000,8,2.406e-05
1670832000004,8,2.638e-05
1670860800000,8,-1.67e-05
1670889600000,8,3.003e-05
1670918400018,8,1.971e-05
1670947200011,8,0.0001
1670976000010,8,0.0001
1671004800015,8,0.0001
1671033600004,8,0.0001
1671062400000,8,0.0001
1671091200023,8,0.0001
1671120000010,8,5.18e-05
1671148800016,8,4.842e-05
1671177600011,8,5.706e-05
1671206400001,8,-1.987e-05
1671235200001,8,2.013e-05
1671264000011,8,7.81e-05
1671292800011,8,9.707e-05
1671321600008,8,6.274e-05
1671350400001,8,6.828e-05
1671379200012,8,-6.47e-06
1671408000000,8,6.468e-05
1671436800000,8,3.493e-05
1671465600000,8,4.496e-05
1671494400005,8,5.611e-05
1671523200016,8,-1.2e-07
1671552000000,8,3.401e-05
1671580800007,8,3.778e-05
1671609600012,8,7.742e-05
1671638400017,8,7.582e-05
1671667200004,8,2.918e-05
1671696000000,8,8.167e-05
1671724800001,8,7.198e-05
1671753600018,8,0.0001
1671782400000,8,0.0001
1671811200000,8,8.903e-05
1671840000001,8,0.0001
1671868800007,8,4.748e-05
1671897600008,8,6.222e-05
1671926400000,8,5.21e-06
1671955200013,8,1.855e-05
1671984000000,8,3.06e-05
1672012800001,8,3.319e-05
1672041600000,8,-5.064e-05
1672070400005,8,2.871e-05
1672099200005,8,8.655e-05
1672128000010,8,1.102e-05
1672156800006,8,1.951e-05
1672185600010,8,4.252e-05
1672214400010,8,9.764e-05
1672243200010,8,2.111e-05
1672272000011,8,9.985e-05
1672300800000,8,8.532e-05
1672329600008,8,0.0001
1672358400000,8,0.0001
1672387200000,8,7.132e-05
1672416000000,8,0.0001
1672444800014,8,0.0001
1672473600000,8,0.0001
1672502400000,8,0.0001
1672531200000,8,0.0001
1672560000008,8,0.0001
1672588800000,8,6.91e-06
1672617600000,8,-1.488e-05
1672646400008,8,-4.356e-05
1672675200015,8,2.67e-05
1672704000003,8,0.0001
1672732800018,8,8.977e-05
1672761600000,8,3.322e-05
1672790400000,8,6.489e-05
1672819200016,8,3.388e-05
1672848000011,8,4.931e-05
1672876800009,8,5.417e-05
1672905600011,8,4.436e-05
1672934400000,8,7.264e-05
1672963200005,8,5.587e-05
1672992000001,8,6.591e-05
1673020800000,8,8.658e-05
1673049600006,8,2.508e-05
1673078400017,8,6.71e-06
1673107200000,8,0.0001
1673136000015,8,5.657e-05
1673164800000,8,0.0001
1673193600010,8,7.452e-05
1673222400003,8,5.796e-05
1673251200000,8,-6.66e-06
1673280000006,8,9.05e-06
1673308800003,8,2.417e-05
1673337600021,8,9.685e-05
1673366400000,8,3.129e-05
1673395200011,8,2.761e-05
1673424000006,8,2.477e-05
1673452800004,8,-2.11e-06
1673481600000,8,7.549e-05
1673510400000,8,0.0001
1673539200000,8,0.0001
1673568000004,8,0.0001
1673596800000,8,0.0001
1673625600018,8,7.16e-05
1673654400000,8,8.746e-05
1673683200001,8,0.00045847
1673712000000,8,0.0001
1673740800010,8,0.00013712
1673769600002,8,0.00012434
1673798400000,8,0.00019892
1673827200010,8,0.0001
1673856000007,8,0.0001
1673884800000,8,0.0001
1673913600004,8,0.0001
1673942400005,8,0.0001
1673971200001,8,0.0001
1674000000008,8,0.0001
1674028800009,8,0.0001
1674057600017,8,0.0001
1674086400000,8,0.0001
1674115200015,8,0.0001
1674144000012,8,0.0001
1674172800000,8,0.0001
1674201600000,8,0.0001
1674230400000,8,0.0001
1674259200013,8,0.0001
1674288000001,8,0.0001
1674316800016,8,0.0001
1674345600000,8,0.0001
1674374400000,8,0.0001
1674403200023,8,0.0001
1674432000014,8,0.0001
1674460800014,8,0.0001
1674489600016,8,0.0001
1674518400008,8,0.0001
1674547200008,8,0.0001
1674576000000,8,0.0001
1674604800012,8,0.0001
1674633600000,8,0.0001
1674662400010,8,0.0001
1674691200010,8,0.0001
1674720000003,8,0.0001
1674748800020,8,0.0001
1674777600008,8,0.0001
1674806400000,8,9.541e-05
1674835200000,8,0.0001
1674864000009,8,0.0001
1674892800018,8,0.0001
1674921600005,8,0.0001
1674950400011,8,0.0001
1674979200000,8,0.0001
1675008000008,8,0.0001
1675036800001,8,0.0001
1675065600000,8,0.0001
1675094400000,8,0.0001
1675123200005,8,0.0001
1675152000000,8,0.0001
1675180800007,8,0.0001
1675209600013,8,0.0001
1675238400000,8,0.0001
1675267200012,8,0.0001
1675296000004,8,0.0001
1675324800023,8,0.0001
1675353600003,8,0.0001
1675382400010,8,0.0001
1675411200000,8,0.0001
1675440000000,8,0.0001
1675468800010,8,0.0001
1675497600000,8,0.0001
1675526400000,8,0.0001
1675555200016,8,0.0001
1675584000009,8,0.0001
1675612800018,8,0.0001
1675641600001,8,0.0001
1675670400000,8,0.0001
1675699200012,8,0.0001
1675728000004,8,0.0001
1675756800011,8,0.0001
1675785600018,8,0.0001
1675814400009,8,0.0001
1675843200010,8,0.0001
1675872000000,8,0.0001
1675900800014,8,0.0001
1675929600006,8,0.0001
1675958400001,8,0.0001
1675987200012,8,0.0001
1676016000005,8,0.0001
1676044800020,8,0.0001
1676073600007,8,7.684e-05
1676102400002,8,5.572e-05
1676131200021,8,5.241e-05
1676160000004,8,5.343e-05
1676188800000,8,0.0001
1676217600002,8,2.27e-05
1676246400006,8,2.074e-05
1676275200008,8,6.323e-05
1676304000002,8,0.0001
1676332800013,8,0.0001
1676361600014,8,0.0001
1676390400016,8,8.887e-05
1676419200011,8,2.377e-05
1676448000000,8,2.63e-05
1676476800005,8,9.071e-05
1676505600019,8,0.0001
1676534400000,8,0.0001
1676563200001,8,0.00023171
1676592000003,8,0.0001
1676620800016,8,0.0001
1676649600000,8,0.0001
1676678400011,8,0.0001
1676707200000,8,0.0001
1676736000007,8,0.0001
1676764800019,8,0.0001
1676793600005,8,0.0001
1676822400003,8,0.0001
1676851200006,8,0.0001
1676880000008,8,0.0001
1676908800006,8,0.0001
1676937600001,8,0.0001
1676966400004,8,0.0001
1676995200011,8,0.0001
1677024000009,8,0.0001
1677052800010,8,0.0001
1677081600000,8,0.0001
1677110400006,8,0.0001
1677139200005,8,3.506e-05
1677168000002,8,3.631e-05
1677196800015,8,4.978e-05
1677225600011,8,4.949e-05
1677254400014,8,5.44e-05
1677283200015,8,1.183e-05
1677312000015,8,6.1e-06
1677340800015,8,-4.8e-07
1677369600007,8,7.372e-05
1677398400012,8,2.76e-05
1677427200000,8,6.581e-05
1677456000011,8,8.144e-05
1677484800003,8,1.196e-05
1677513600000,8,6.826e-05
1677542400011,8,3.414e-05
1677571200018,8,1.985e-05
1677600000005,8,5.95e-05
1677628800016,8,1.85e-06
1677657600000,8,0.0001
1677686400008,8,0.0001
1677715200009,8,8.612e-05
1677744000013,8,8.703e-05
1677772800000,8,8.395e-05
1677801600000,8,0.0001
1677830400013,8,-4.203e-05
1677859200000,8,-2.26e-06
1677888000001,8,5.3e-06
1677916800008,8,3.812e-05
1677945600012,8,2.104e-05
1677974400000,8,1.874e-05
1678003200000,8,5.44e-06
1678032000015,8,3.706e-05
1678060800007,8,4.054e-05
1678089600017,8,5.46e-05
1678118400000,8,5.414e-05
1678147200009,8,1.173e-05
1678176000016,8,4.375e-05
1678204800017,8,2.631e-05
1678233600000,8,2.917e-05
1678262400014,8,3.816e-05
1678291200021,8,0.0001
1678320000010,8,0.0001
1678348800013,8,0.0001
1678377600002,8,0.0001
1678406400000,8,-8.895e-05
1678435200000,8,5.26e-06
1678464000005,8,-1.647e-05
1678492800011,8,2.364e-05
1678521600003,8,-2.296e-05
1678550400011,8,-2.341e-05
1678579200001,8,3.76e-06
1678608000000,8,9.088e-05
1678636800005,8,-4.068e-05
1678665600010,8,0.0001
1678694400018,8,6.011e-05
1678723200003,8,0.0001
1678752000010,8,0.00015042
1678780800009,8,0.0001
1678809600010,8,0.00029811
1678838400011,8,0.0001
1678867200000,8,0.00024127
1678896000012,8,0.00022126
1678924800004,8,0.0001
1678953600018,8,0.0001
1678982400005,8,0.0001
1679011200017,8,3.311e-05
1679040000010,8,0.0001
1679068800003,8,0.0001
1679097600012,8,0.0001
1679126400000,8,0.0001
1679155200016,8,0.0001
1679184000013,8,0.0001
1679212800024,8,0.0001
1679241600000,8,0.0001
1679270400005,8,0.0001
1679299200012,8,9.081e-05
1679328000015,8,0.0001
1679356800006,8,8.118e-05
1679385600004,8,1.254e-05
1679414400003,8,2.92e-06
1679443200000,8,2.68e-06
1679472000003,8,6e-08
1679500800000,8,5.334e-05
1679529600016,8,2.48e-06
1679558400001,8,-1.09e-05
1679587200013,8,0.0001
1679616000013,8,0.0001
1679644800012,8,0.0001
1679673600027,8,0.0001
1679702400015,8,-3.1e-06
1679731200011,8,4.25e-06
1679760000011,8,2.92e-06
1679788800000,8,6.1e-07
1679817600015,8,-3.326e-05
1679846400000,8,3.634e-05
1679875200019,8,2.905e-05
1679904000009,8,2.409e-05
1679932800000,8,-3.96e-06
1679961600007,8,-1.428e-05
1679990400000,8,1.123e-05
1680019200013,8,7.531e-05
1680048000010,8,6.075e-05
1680076800006,8,7.098e-05
1680105600014,8,0.0001
1680134400000,8,6.987e-05
1680163200000,8,5.638e-05
1680192000006,8,1.123e-05
1680220800003,8,-2.712e-05
1680249600006,8,6.358e-05
1680278400011,8,0.0001
1680307200000,8,0.0001
1680336000000,8,0.0001
1680364800018,8,8.84e-05
1680393600013,8,4.527e-05
1680422400014,8,6.893e-05
1680451200001,8,4.514e-05
1680480000000,8,1.759e-05
1680508800013,8,-1.24e-05
1680537600011,8,5.688e-05
1680566400002,8,-6.009e-05
1680595200017,8,-1.357e-05
1680624000008,8,-1.276e-05
1680652800000,8,2.76e-05
1680681600016,8,8.517e-05
1680710400004,8,5.265e-05
1680739200000,8,1.442e-05
1680768000011,8,3.598e-05
1680796800000,8,-2.975e-05
1680825600006,8,1.004e-05
1680854400005,8,-1.473e-05
1680883200000,8,1.055e-05
1680912000000,8,2.68e-06
1680940800014,8,4.66e-06
1680969600018,8,3.192e-05
1680998400013,8,9.5e-06
1681027200024,8,-9.04e-06
1681056000010,8,-8.53e-06
1681084800000,8,0.0001
1681113600010,8,0.0001
1681142400006,8,6.167e-05
1681171200008,8,0.0001
1681200000007,8,0.0001
1681228800016,8,0.0001
1681257600006,8,9.582e-05
1681286400008,8,8.195e-05
1681315200014,8,1.747e-05
1681344000027,8,6.665e-05
1681372800010,8,4.427e-05
1681401600000,8,0.0001
1681430400001,8,-1.13e-06
1681459200008,8,0.0001
1681488000007,8,3.42e-05
1681516800007,8,-4.975e-05
1681545600007,8,8.455e-05
1681574400011,8,0.0001
1681603200014,8,7.144e-05
1681632000007,8,0.0001
1681660800002,8,0.0001
1681689600017,8,0.0001
1681718400006,8,7.376e-05
1681747200000,8,0.0001
1681776000013,8,4.683e-05
1681804800017,8,-5.1e-06
1681833600000,8,6.772e-05
1681862400022,8,0.0001
1681891200014,8,6.231e-05
1681920000000,8,-8.1e-07
1681948800010,8,8.579e-05
1681977600012,8,3.668e-05
1682006400012,8,5.898e-05
1682035200009,8,6.297e-05
1682064000009,8,0.0001
1682092800003,8,0.0001
1682121600000,8,0.0001
1682150400000,8,6.858e-05
1682179200016,8,2.09e-05
1682208000009,8,3.768e-05
1682236800020,8,1.376e-05
1682265600007,8,2.369e-05
1682294400000,8,4.679e-05
1682323200008,8,3.694e-05
1682352000006,8,2.63e-05
1682380800014,8,5.066e-05
1682409600009,8,6.606e-05
1682438400015,8,8.541e-05
1682467200015,8,4.346e-05
1682496000013,8,1.686e-05
1682524800001,8,0.0001
1682553600014,8,2.518e-05
1682582400008,8,5.769e-05
1682611200005,8,3.265e-05
1682640000011,8,0.0001
1682668800007,8,0.0001
1682697600006,8,4.476e-05
1682726400004,8,3.7e-07
1682755200016,8,6.751e-05
1682784000001,8,7.826e-05
1682812800008,8,3.132e-05
1682841600000,8,3.501e-05
1682870400010,8,6.078e-05
1682899200004,8,2.435e-05
1682928000008,8,-6.37e-05
1682956800014,8,5.66e-06
1682985600015,8,9.68e-06
1683014400018,8,6.135e-05
1683043200000,8,1.204e-05
1683072000009,8,8.568e-05
1683100800003,8,5.435e-05
1683129600011,8,5.701e-05
1683158400000,8,0.0001
1683187200000,8,9.992e-05
1683216000011,8,4.314e-05
1683244800002,8,3.731e-05
1683273600000,8,9.909e-05
1683302400000,8,8.548e-05
1683331200009,8,0.0001
1683360000000,8,0.0001
1683388800000,8,0.0001
1683417600000,8,4.321e-05
1683446400000,8,4.047e-05
1683475200006,8,6.046e-05
1683504000000,8,7.2e-06
1683532800007,8,4.07e-06
1683561600015,8,3.902e-05
1683590400015,8,5.11e-05
1683619200000,8,6.841e-05
1683648000000,8,3.78e-06
1683676800007,8,3.752e-05
1683705600003,8,4.785e-05
1683734400000,8,3.792e-05
1683763200011,8,1.596e-05
1683792000000,8,6.926e-05
1683820800005,8,5.207e-05
1683849600020,8,3.633e-05
1683878400001,8,3.964e-05
1683907200010,8,2.762e-05
1683936000000,8,-1e-07
1683964800000,8,5.385e-05
1683993600026,8,4.494e-05
1684022400029,8,1.715e-05
1684051200010,8,3.039e-05
1684080000008,8,3.537e-05
1684108800006,8,4.407e-05
1684137600005,8,-1.576e-05
1684166400008,8,-1.9e-06
1684195200021,8,8.66e-05
1684224000000,8,3.165e-05
1684252800000,8,5.8e-05
1684281600010,8,8.392e-05
1684310400000,8,7.029e-05
1684339200001,8,4.461e-05
1684368000000,8,0.0001
1684396800026,8,0.0001
1684425600019,8,8.342e-05
1684454400000,8,2.716e-05
1684483200002,8,4.474e-05
1684512000000,8,3.815e-05
1684540800005,8,5.313e-05
1684569600014,8,2.455e-05
1684598400020,8,-8.49e-06
1684627200014,8,4.776e-05
1684656000001,8,7.262e-05
1684684800015,8,5.071e-05
1684713600028,8,3.019e-05
1684742400000,8,2.1e-06
1684771200012,8,4.77e-05
1684800000006,8,0.0001
1684828800014,8,0.0001
1684857600008,8,0.0001
1684886400000,8,0.0001
1684915200025,8,2.067e-05
1684944000008,8,4.362e-05
1684972800000,8,5.82e-05
1685001600025,8,0.0001
1685030400016,8,0.0001
1685059200000,8,0.0001
1685088000024,8,9.583e-05
1685116800012,8,4.953e-05
1685145600012,8,7.146e-05
1685174400018,8,8.564e-05
1685203200008,8,7.362e-05
1685232000017,8,9.88e-05
1685260800015,8,0.0001
1685289600000,8,0.0001
1685318400000,8,0.0001
1685347200020,8,0.0001
1685376000011,8,0.0001
1685404800003,8,6.187e-05
1685433600000,8,9.036e-05
1685462400003,8,3.861e-05
1685491200013,8,2.344e-05
1685520000000,8,2.864e-05
1685548800000,8,9.865e-05
1685577600008,8,2.096e-05
1685606400012,8,9.641e-05
1685635200000,8,0.0001
1685664000000,8,4.77e-05
1685692800006,8,9.266e-05
1685721600012,8,9.946e-05
1685750400000,8,7.42e-05
1685779200011,8,0.0001
1685808000003,8,5.566e-05
1685836800000,8,4.85e-05
1685865600000,8,0.0001
1685894400000,8,0.0001
1685923200005,8,0.0001
1685952000000,8,9.538e-05
1685980800000,8,7.856e-05
1686009600000,8,-7.157e-05
1686038400009,8,-3.047e-05
1686067200013,8,4.288e-05
1686096000000,8,0.0001
1686124800016,8,0.0001
1686153600000,8,4.005e-05
1686182400006,8,5.504e-05
1686211200000,8,3.09e-05
1686240000000,8,4.011e-05
1686268800000,8,6.588e-05
1686297600000,8,7.916e-05
1686326400000,8,4.404e-05
1686355200000,8,8.702e-05
1686384000000,8,2.417e-05
1686412800000,8,3.854e-05
1686441600001,8,4.45e-05
1686470400000,8,3.197e-05
1686499200000,8,5.925e-05
1686528000000,8,8.66e-05
1686556800000,8,3.065e-05
1686585600001,8,3.624e-05
1686614400000,8,0.0001
1686643200000,8,6.18e-05
1686672000000,8,6.503e-05
1686700800000,8,2.438e-05
1686729600000,8,2.716e-05
1686758400000,8,3.661e-05
1686787200000,8,-3.265e-05
1686816000000,8,6.193e-05
1686844800000,8,6.687e-05
1686873600000,8,3.971e-05
1686902400000,8,7.81e-06
1686931200000,8,2.36e-06
1686960000000,8,9.868e-05
1686988800000,8,0.0001
1687017600000,8,7.543e-05
1687046400000,8,3.706e-05
1687075200000,8,8.233e-05
1687104000000,8,6.705e-05
1687132800000,8,7.04e-05
1687161600000,8,6.397e-05
1687190400000,8,3.69e-05
1687219200001,8,4.35e-05
1687248000000,8,-4.48e-06
1687276800000,8,-2.597e-05
1687305600000,8,6.295e-05
1687334400000,8,0.0001
1687363200000,8,2.551e-05
1687392000000,8,0.0001
1687420800001,8,0.0001
1687449600000,8,9.236e-05
1687478400000,8,0.0001
1687507200000,8,0.0001
1687536000000,8,0.0001
1687564800000,8,0.0001
1687593600000,8,0.0001
1687622400000,8,0.0001
1687651200000,8,0.0001
1687680000000,8,0.0001
1687708800000,8,0.0001
1687737600000,8,0.0001
1687766400000,8,0.0001
1687795200000,8,0.0001
1687824000000,8,0.0001
1687852800000,8,0.0001
1687881600000,8,0.0001
1687910400000,8,0.0001
1687939200000,8,9.302e-05
1687968000000,8,4.598e-05
1687996800000,8,6.574e-05
1688025600000,8,9.3e-05
1688054400000,8,0.0001
1688083200000,8,0.0001
1688112000000,8,0.0001
1688140800001,8,0.0001
1688169600000,8,0.0001
1688198400000,8,0.0001
1688227200000,8,0.0001
1688256000000,8,0.0001
1688284800000,8,0.0001
1688313600001,8,0.0001
1688342400000,8,0.0001
1688371200000,8,0.0001
1688400000000,8,0.0001
1688428800001,8,0.0001
1688457600000,8,0.0001
1688486400000,8,0.0001
1688515200000,8,0.0001
1688544000000,8,0.0001
1688572800000,8,0.0001
1688601600000,8,0.0001
1688630400000,8,7.72e-05
1688659200000,8,1.492e-05
1688688000000,8,6.98e-06
1688716800000,8,4.221e-05
1688745600000,8,-6.58e-06
1688774400000,8,3.757e-05
1688803200000,8,2.631e-05
1688832000000,8,1.686e-05
1688860800000,8,5.707e-05
1688889600000,8,6.821e-05
1688918400000,8,6.153e-05
1688947200000,8,-2.182e-05
1688976000000,8,4.85e-05
1689004800000,8,2.995e-05
1689033600000,8,8.01e-05
1689062400000,8,8.265e-05
1689091200000,8,3.954e-05
1689120000000,8,7.041e-05
1689148800000,8,6.479e-05
1689177600000,8,4.65e-05
1689206400000,8,-1.135e-05
1689235200000,8,6.12e-05
1689264000000,8,5.29e-06
1689292800000,8,0.0001
1689321600000,8,0.0001
1689350400000,8,0.0001
1689379200000,8,-7.313e-05
1689408000000,8,3.007e-05
1689436800000,8,2.984e-05
1689465600001,8,1.993e-05
1689494400000,8,7.772e-05
1689523200000,8,4.583e-05
1689552000000,8,2.785e-05
1689580800000,8,6.278e-05
1689609600000,8,6.261e-05
1689638400000,8,3.983e-05
1689667200000,8,6.798e-05
1689696000000,8,7.477e-05
1689724800000,8,0.0001
1689753600000,8,5.224e-05
1689782400001,8,7.69e-05
1689811200000,8,2.652e-05
1689840000000,8,9.641e-05
1689868800000,8,5.563e-05
1689897600001,8,2.877e-05
1689926400000,8,7.77e-06
1689955200000,8,3.717e-05
1689984000000,8,2.195e-05
1690012800000,8,9.44e-06
1690041600000,8,1.77e-06
1690070400000,8,2.908e-05
1690099200000,8,0.0001
1690128000000,8,9.372e-05
1690156800000,8,0.0001
1690185600000,8,4.338e-05
1690214400000,8,0.0001
1690243200000,8,7.702e-05
1690272000000,8,6.913e-05
1690300800000,8,9.465e-05
1690329600000,8,9.451e-05
1690358400001,8,0.0001
1690387200000,8,5.768e-05
1690416000000,8,3.136e-05
1690444800000,8,3.83e-05
1690473600001,8,2.876e-05
1690502400000,8,4.373e-05
1690531200000,8,6.675e-05
1690560000000,8,0.0001
1690588800000,8,0.0001
1690617600000,8,4.567e-05
1690646400001,8,7.53e-05
1690675200000,8,8.151e-05
1690704000000,8,5.56e-05
1690732800000,8,4.357e-05
1690761600000,8,2.369e-05
1690790400000,8,7.362e-05
1690819200001,8,8.239e-05
1690848000000,8,6.3e-05
1690876800000,8,6.768e-05
1690905600000,8,0.0001
1690934400000,8,0.0001
1690963200000,8,0.0001
1690992000000,8,0.0001
1691020800000,8,0.0001
1691049600000,8,0.0001
1691078400001,8,0.0001
1691107200000,8,8.116e-05
1691136000000,8,0.0001
1691164800000,8,0.0001
1691193600000,8,4.181e-05
1691222400000,8,0.0001
1691251200001,8,0.0001
1691280000000,8,0.0001
1691308800001,8,0.0001
1691337600005,8,0.0001
1691366400000,8,0.0001
1691395200000,8,7.669e-05
1691424000000,8,0.0001
1691452800000,8,0.0001
1691481600000,8,9.136e-05
1691510400000,8,5.944e-05
1691539200000,8,8.11e-05
1691568000000,8,9.527e-05
1691596800000,8,8.877e-05
1691625600001,8,0.0001
1691654400000,8,0.0001
1691683200000,8,8.277e-05
1691712000000,8,0.0001
1691740800000,8,0.0001
1691769600000,8,7.123e-05
1691798400000,8,0.0001
1691827200000,8,0.0001
1691856000000,8,9.305e-05
1691884800000,8,0.0001
1691913600000,8,4.637e-05
1691942400000,8,0.0001
1691971200001,8,0.0001
1692000000000,8,0.0001
1692028800000,8,0.0001
1692057600001,8,0.0001
1692086400000,8,0.0001
1692115200000,8,0.0001
1692144000000,8,0.0001
1692172800001,8,0.0001
1692201600000,8,0.0001
1692230400000,8,0.0001
1692259200000,8,0.0001
1692288000000,8,0.0001
1692316800000,8,0.0001
1692345600000,8,-4.6e-07
1692374400000,8,5.166e-05
1692403200000,8,-2.74e-06
1692432000000,8,-3.22e-06
1692460800000,8,-5.286e-05
1692489600000,8,-3.069e-05
1692518400000,8,-4.364e-05
1692547200000,8,-1.93e-06
1692576000000,8,-2.797e-05
1692604800000,8,8.16e-06
1692633600000,8,-1.619e-05
1692662400000,8,-3.08e-06
1692691200000,8,-1.928e-05
1692720000000,8,3.048e-05
1692748800000,8,7.39e-06
1692777600000,8,-1.02e-05
1692806400000,8,3.247e-05
1692835200000,8,-2.822e-05
1692864000000,8,2.506e-05
1692892800000,8,4.9e-05
1692921600000,8,-6.59e-06
1692950400000,8,2.802e-05
1692979200000,8,5.218e-05
1693008000000,8,3.82e-05
1693036800000,8,5.334e-05
1693065600000,8,2.096e-05
1693094400000,8,9.9e-07
1693123200000,8,3.976e-05
1693152000000,8,1.232e-05
1693180800000,8,-3.95e-06
1693209600001,8,4.424e-05
1693238400001,8,4.524e-05
1693267200000,8,8.24e-06
1693296000000,8,3.769e-05
1693324800000,8,-0.00010934
1693353600000,8,4.868e-05
1693382400000,8,5.731e-05
1693411200000,8,3.944e-05
1693440000000,8,2.909e-05
1693468800000,8,6.859e-05
1693497600000,8,8.105e-05
1693526400000,8,2.583e-05
1693555200000,8,5.968e-05
1693584000001,8,6.254e-05
1693612800000,8,4.998e-05
1693641600000,8,1.937e-05
1693670400000,8,-2.018e-05
1693699200000,8,4.839e-05
1693728000000,8,2.35e-06
1693756800000,8,2.89e-05
1693785600000,8,2.69e-05
1693814400000,8,1.469e-05
1693843200000,8,-1.059e-05
1693872000000,8,5.3e-07
1693900800000,8,1.975e-05
1693929600000,8,3.366e-05
1693958400000,8,1.737e-05
1693987200000,8,-2.763e-05
1694016000001,8,2.135e-05
1694044800000,8,3.83e-05
1694073600000,8,3.883e-05
1694102400000,8,6.924e-05
1694131200000,8,-1.525e-05
1694160000000,8,5.12e-06
1694188800000,8,-1.691e-05
1694217600000,8,-5.057e-05
1694246400000,8,-3.77e-06
1694275200000,8,1.423e-05
1694304000000,8,-7.3e-07
1694332800000,8,3.294e-05
1694361600000,8,2.609e-05
1694390400000,8,-3e-06
1694419200000,8,1.823e-05
1694448000001,8,1.838e-05
1694476800000,8,2.73e-05
1694505600000,8,5.425e-05
1694534400000,8,-3.502e-05
1694563200000,8,2.342e-05
1694592000000,8,1.26e-05
1694620800000,8,3.099e-05
1694649600000,8,4.61e-06
1694678400001,8,3.428e-05
1694707200000,8,-4.748e-05
1694736000000,8,-2.641e-05
1694764800000,8,-7.61e-06
1694793600000,8,7.561e-05
1694822400000,8,-1.381e-05
1694851200000,8,-4.32e-05
1694880000000,8,-3.161e-05
1694908800000,8,8.97e-06
1694937600000,8,1.142e-05
1694966400000,8,6.49e-06
1694995200000,8,-5.08e-06
1695024000000,8,5.79e-06
1695052800000,8,-6.774e-05
1695081600000,8,2.468e-05
1695110400001,8,-1.972e-05
1695139200000,8,-1.756e-05
1695168000000,8,-2.614e-05
1695196800000,8,-3.777e-05
1695225600000,8,-9.91e-06
1695254400001,8,-2.9e-07
1695283200000,8,4.303e-05
1695312000000,8,7.429e-05
1695340800000,8,-6.2e-07
1695369600000,8,1.034e-05
1695398400000,8,2.136e-05
1695427200000,8,6.676e-05
1695456000000,8,1.556e-05
1695484800000,8,2.09e-06
1695513600000,8,-1.392e-05
1695542400000,8,4.721e-05
1695571200000,8,2.887e-05
1695600000000,8,-1.26e-05
1695628800000,8,8.565e-05
1695657600000,8,4.792e-05
1695686400000,8,-3.91e-05
1695715200000,8,-1.215e-05
1695744000000,8,5.626e-05
1695772800000,8,9.944e-05
1695801600001,8,3.378e-05
1695830400000,8,2.074e-05
1695859200000,8,6.74e-06
1695888000000,8,-1.581e-05
1695916800000,8,-4.732e-05
1695945600000,8,-3.894e-05
1695974400000,8,-2.567e-05
1696003200000,8,4.76e-06
1696032000000,8,6.43e-06
1696060800000,8,1.864e-05
1696089600000,8,1.525e-05
1696118400000,8,2.95e-06
1696147200000,8,-6.19e-06
1696176000000,8,-2.263e-05
1696204800000,8,5.831e-05
1696233600000,8,7.28e-06
1696262400000,8,-1.477e-05
1696291200000,8,4.172e-05
1696320000000,8,1.667e-05
1696348800000,8,2.5e-05
1696377600000,8,6.031e-05
1696406400000,8,6.2e-05
1696435200000,8,-2.857e-05
1696464000000,8,-3.807e-05
1696492800000,8,-4.268e-05
1696521600001,8,-2.302e-05
1696550400000,8,-1.106e-05
1696579200000,8,1.436e-05
1696608000000,8,-3.149e-05
1696636800000,8,2.124e-05
1696665600000,8,2.849e-05
1696694400000,8,2.083e-05
1696723200000,8,3.14e-06
1696752000001,8,9.74e-06
1696780800000,8,5.163e-05
1696809600000,8,3.992e-05
1696838400000,8,3.515e-05
1696867200000,8,7.838e-05
1696896000000,8,6.349e-05
1696924800000,8,1.894e-05
1696953600000,8,4.548e-05
1696982400000,8,5.918e-05
1697011200000,8,8.33e-05
1697040000000,8,6.319e-05
1697068800000,8,0.0001
1697097600000,8,2.661e-05
1697126400000,8,7.304e-05
1697155200000,8,2.294e-05
1697184000000,8,2.039e-05
1697212800000,8,2.326e-05
1697241600000,8,1.05e-06
1697270400000,8,2.211e-05
1697299200000,8,2.456e-05
1697328000000,8,-1.509e-05
1697356800000,8,4.292e-05
1697385600000,8,2.224e-05
1697414400000,8,5.11e-06
1697443200000,8,2.8e-07
1697472000000,8,9.644e-05
1697500800000,8,2.04e-06
1697529600000,8,1.493e-05
1697558400000,8,-2.311e-05
1697587200000,8,-3.343e-05
1697616000000,8,-1.216e-05
1697644800000,8,1.644e-05
1697673600000,8,-1.028e-05
1697702400001,8,-6.24e-06
1697731200000,8,-0.00011006
1697760000000,8,-9.272e-05
1697788800005,8,1.938e-05
1697817600000,8,2.687e-05
1697846400000,8,-1.585e-05
1697875200000,8,4.374e-05
1697904000000,8,5.827e-05
1697932800000,8,2.567e-05
1697961600000,8,2.579e-05
1697990400000,8,3.115e-05
1698019200000,8,8.25e-05
1698048000001,8,9.59e-05
1698076800001,8,6.48e-06
1698105600000,8,0.0001
1698134400000,8,0.0001
1698163200000,8,0.0001
1698192000000,8,0.0001
1698220800000,8,0.0001
1698249600001,8,0.0001
1698278400001,8,0.0001
1698307200000,8,0.0001
1698336000000,8,0.0001
1698364800000,8,0.0001
1698393600000,8,0.0001
1698422400000,8,0.0001
1698451200000,8,0.0001
1698480000001,8,0.0001
1698508800000,8,0.0001
1698537600000,8,0.0001
1698566400000,8,0.0001
1698595200000,8,0.0001
1698624000000,8,0.0001
1698652800000,8,0.0001
1698681600000,8,0.0001
1698710400001,8,0.0001
1698739200000,8,0.0001
1698768000000,8,0.0001
1698796800000,8,0.0001
1698825600000,8,0.0001
1698854400000,8,0.0001
1698883200001,8,0.0001
1698912000000,8,0.0001
1698940800000,8,0.0001
1698969600000,8,0.0001
1698998400000,8,0.0001
1699027200000,8,0.0001
1699056000000,8,0.0001
1699084800000,8,0.0001
1699113600000,8,0.0001
1699142400000,8,0.0001
1699171200000,8,0.0001
1699200000000,8,0.0001
1699228800000,8,0.0001
1699257600001,8,0.0001
1699286400000,8,0.0001
1699315200001,8,0.0001
1699344000000,8,0.0001
1699372800000,8,0.0001
1699401600000,8,0.0001
1699430400000,8,0.0001
1699459200000,8,0.0001
1699488000000,8,0.0001
1699516800000,8,0.0001
1699545600000,8,0.00020027
1699574400000,8,0.0001
1699603200000,8,0.00011682
1699632000000,8,0.0001
1699660800000,8,0.0001
1699689600000,8,0.00016607
1699718400000,8,0.00014648
1699747200000,8,0.0001543
1699776000000,8,0.00023487
1699804800001,8,0.00027221
1699833600000,8,0.00032467
1699862400000,8,0.00010893
1699891200000,8,0.00020492
1699920000000,8,0.00017382
1699948800000,8,0.00016369
1699977600001,8,0.00014477
1700006400000,8,0.0001
1700035200000,8,0.0001
1700064000000,8,0.0001
1700092800000,8,0.0001
1700121600000,8,0.00015199
1700150400001,8,0.00012014
1700179200000,8,0.0001
1700208000001,8,0.0001
1700236800001,8,0.0001
1700265600000,8,0.0001
1700294400000,8,0.0001
1700323200000,8,0.0001
1700352000000,8,0.0001
1700380800000,8,0.0001
1700409600000,8,0.0001
1700438400000,8,0.0001
1700467200000,8,0.0001
1700496000000,8,0.0001
1700524800000,8,0.0001
1700553600000,8,0.0001
1700582400000,8,0.0001
1700611200000,8,0.0001
1700640000000,8,0.0001
1700668800000,8,0.0001
1700697600000,8,0.0001
1700726400000,8,0.0001
1700755200001,8,0.0001
1700784000000,8,0.0001
1700812800000,8,0.0001
1700841600000,8,0.0001
1700870400000,8,0.0001
1700899200000,8,0.0001
1700928000000,8,0.0001
1700956800000,8,0.0001
1700985600000,8,0.0001
1701014400000,8,0.0001
1701043200000,8,0.0001
1701072000001,8,0.0001
1701100800000,8,0.0001
1701129600000,8,0.0001
1701158400000,8,0.0001
1701187200000,8,0.0001
1701216000001,8,0.0001
1701244800000,8,0.0001
1701273600000,8,0.0001
1701302400000,8,0.0001
1701331200000,8,0.0001
1701360000000,8,0.0001
1701388800000,8,0.0001
1701417600000,8,0.0001
1701446400000,8,0.0001
1701475200000,8,9.95e-05
1701504000000,8,6.973e-05
1701532800000,8,8.541e-05
1701561600000,8,0.0001
1701590400000,8,0.0001
1701619200000,8,0.0001
1701648000000,8,0.0001
1701676800000,8,0.0001
1701705600000,8,0.0001
1701734400000,8,0.0001
1701763200000,8,0.0001
1701792000000,8,0.0001
1701820800000,8,0.0001
1701849600000,8,0.0001
1701878400000,8,0.0001
1701907200000,8,0.0001
1701936000000,8,0.0001
1701964800000,8,0.0001
1701993600000,8,0.0001
1702022400000,8,0.00023288
1702051200000,8,0.00020242
1702080000000,8,0.00011504
1702108800000,8,0.00030159
1702137600000,8,0.00017192
1702166400000,8,0.00020724
1702195200000,8,0.00020383
1702224000000,8,0.00023923
1702252800000,8,0.0001473
1702281600000,8,0.0001
1702310400000,8,0.0001
1702339200000,8,0.0001
1702368000000,8,0.0001
1702396800000,8,0.0001
1702425600000,8,0.00011909
1702454400000,8,0.00010162
1702483200001,8,0.00012601
1702512000000,8,0.0001
1702540800000,8,0.0001
1702569600000,8,0.0001
1702598400000,8,0.0001
1702627200000,8,0.0001
1702656000000,8,0.0001
1702684800000,8,0.0001
1702713600000,8,0.0001
1702742400001,8,0.0001
1702771200000,8,0.0001
1702800000000,8,0.0001
1702828800000,8,0.0001
1702857600000,8,0.00013355
1702886400001,8,0.0001
1702915200000,8,0.00015611
1702944000000,8,0.0001
1702972800000,8,0.0001
1703001600000,8,0.0001
1703030400000,8,0.00010506
1703059200000,8,0.0001
1703088000000,8,0.00023637
1703116800000,8,0.00027143
1703145600000,8,0.00029216
1703174400000,8,0.00028948
1703203200000,8,0.00030806
1703232000000,8,0.0002961
1703260800000,8,0.00018011
1703289600000,8,0.00016285
1703318400001,8,0.0001
1703347200000,8,0.00015066
1703376000000,8,0.0001
1703404800000,8,0.0002079
1703433600000,8,0.00019729
1703462400000,8,0.0001
1703491200000,8,0.0001
1703520000000,8,0.00037908
1703548800000,8,0.00043391
1703577600000,8,0.00023757
1703606400000,8,0.00029559
1703635200000,8,0.00027621
1703664000000,8,0.00037942
1703692800000,8,0.00032304
1703721600000,8,0.00013021
1703750400000,8,0.00037879
1703779200000,8,0.00050152
1703808000001,8,0.0005517
1703836800000,8,0.00049912
1703865600000,8,0.00047082
1703894400001,8,0.00033033
1703923200000,8,0.0004358
1703952000000,8,0.00037842
1703980800000,8,0.00027855
1704009600001,8,0.00034573
1704038400000,8,0.00033597
1704067200000,8,0.00037409
1704096000000,8,0.00027213
1704124800000,8,0.00033601
1704153600000,8,0.00065846
1704182400000,8,0.00035179
1704211200000,8,0.0005373
1704240000000,8,0.00021159
1704268800000,8,0.00017123
1704297600000,8,0.0001
1704326400000,8,0.0001
1704355200000,8,0.0001
1704384000000,8,0.0001
1704412800001,8,0.0001
1704441600000,8,0.0001
1704470400000,8,0.0001
1704499200000,8,0.0001
1704528000000,8,0.0001
1704556800000,8,0.0001
1704585600000,8,0.0001
1704614400001,8,0.0001
1704643200001,8,0.0001
1704672000000,8,0.0001
1704700800000,8,0.0001
1704729600000,8,0.0001
1704758400001,8,0.0001
1704787200000,8,0.0001
1704816000000,8,0.0001
1704844800000,8,0.0001
1704873600000,8,0.0001
1704902400000,8,0.0001
1704931200000,8,0.0001
1704960000000,8,0.0001
1704988800000,8,0.0001
1705017600001,8,0.0001
1705046400000,8,0.0001
1705075200000,8,0.0001
1705104000000,8,0.0001
1705132800000,8,0.0001
1705161600001,8,0.0001
1705190400000,8,0.0001
1705219200000,8,0.0001
1705248000001,8,0.0001
1705276800000,8,0.0001
1705305600000,8,0.0001
1705334400000,8,0.0001
1705363200000,8,0.0001
1705392000000,8,0.0001
1705420800001,8,0.0001
1705449600000,8,0.0001
1705478400000,8,0.0001
1705507200000,8,0.0001
1705536000001,8,0.0001
1705564800000,8,0.0001
1705593600000,8,0.0001
1705622400000,8,0.0001
1705651200000,8,0.0001
1705680000002,8,0.0001
1705708800000,8,0.0001
1705737600003,8,0.0001
1705766400000,8,0.0001
1705795200000,8,0.0001
1705824000000,8,0.0001
1705852800000,8,0.0001
1705881600000,8,0.0001
1705910400000,8,0.0001
1705939200000,8,0.0001
1705968000000,8,0.0001
1705996800000,8,0.0001
1706025600000,8,0.0001
1706054400000,8,0.0001
1706083200000,8,0.0001
1706112000000,8,0.0001
1706140800000,8,0.0001
1706169600001,8,0.0001
1706198400000,8,0.0001
1706227200001,8,0.0001
1706256000000,8,0.0001
1706284800000,8,0.0001
1706313600000,8,8.966e-05
1706342400000,8,0.0001
1706371200000,8,8.3e-05
1706400000000,8,0.0001
1706428800000,8,4.725e-05
1706457600000,8,0.0001
1706486400000,8,0.0001
1706515200001,8,9.142e-05
1706544000000,8,0.0001
1706572800000,8,0.0001
1706601600000,8,9.492e-05
1706630400001,8,5.149e-05
1706659200000,8,2.154e-05
1706688000000,8,0.0001
1706716800000,8,0.0001
1706745600000,8,0.0001
1706774400000,8,0.0001
1706803200002,8,0.0001
1706832000000,8,0.0001
1706860800000,8,0.0001
1706889600000,8,0.0001
1706918400000,8,7.627e-05
1706947200000,8,9.042e-05
1706976000001,8,8.028e-05
1707004800000,8,8.307e-05
1707033600004,8,8.846e-05
1707062400000,8,0.0001
1707091200000,8,0.0001
1707120000000,8,0.0001
1707148800000,8,0.0001
1707177600000,8,0.0001
1707206400001,8,6.723e-05
1707235200000,8,0.0001
1707264000000,8,7.527e-05
1707292800000,8,5.373e-05
1707321600000,8,8.306e-05
1707350400000,8,0.0001
1707379200000,8,6.535e-05
1707408000000,8,2.59e-05
1707436800000,8,3.16e-05
1707465600000,8,0.0001
1707494400001,8,9.801e-05
1707523200001,8,8.041e-05
1707552000000,8,0.0001
1707580800000,8,0.0001
1707609600000,8,0.0001
1707638400001,8,0.0001
1707667200000,8,0.0001
1707696000000,8,0.0001
1707724800000,8,0.0001
1707753600000,8,0.0001
1707782400000,8,0.0001
1707811200000,8,0.0001
1707840000000,8,0.0001
1707868800000,8,0.0001
1707897600000,8,0.0001
1707926400000,8,0.00012283
1707955200000,8,0.0001
1707984000000,8,0.0001
1708012800000,8,0.0001
1708041600000,8,0.0001
1708070400000,8,0.0001
1708099200000,8,0.0001
1708128000000,8,0.0001
1708156800000,8,0.0001
1708185600000,8,0.00016041
1708214400000,8,0.0001724
1708243200000,8,0.00015305
1708272000000,8,0.00017095
1708300800000,8,0.00023064
1708329600000,8,0.00019594
1708358400000,8,0.00013327
1708387200000,8,0.00010461
1708416000000,8,0.00010912
1708444800000,8,0.00020259
1708473600000,8,0.0001
1708502400000,8,0.00011242
1708531200000,8,0.0001
1708560000001,8,0.0001
1708588800001,8,0.0001348
1708617600000,8,0.00012557
1708646400000,8,0.0001
1708675200000,8,0.0001
1708704000000,8,0.00012991
1708732800000,8,0.0001
1708761600001,8,0.0001
1708790400000,8,0.0001
1708819200001,8,0.00011438
1708848000000,8,0.00015012
1708876800000,8,0.00015062
1708905600000,8,0.00026761
1708934400000,8,0.00021567
1708963200000,8,0.00027227
1708992000000,8,0.00032262
1709020800000,8,0.00073521
1709049600000,8,0.00022965
1709078400000,8,0.00026729
1709107200000,8,0.00023682
1709136000000,8,0.00053538
1709164800000,8,0.00069091
1709193600000,8,0.00076337
1709222400000,8,0.00057031
1709251200000,8,0.00053322
1709280000000,8,0.00064824
1709308800000,8,0.0004601
1709337600000,8,0.00033426
1709366400001,8,0.00057174
1709395200000,8,0.00056396
1709424000000,8,0.00046267
1709452800000,8,0.00042989
1709481600000,8,0.00044598
1709510400000,8,0.00055071
1709539200000,8,0.00046833
1709568000000,8,0.0006362
1709596800000,8,0.0004896
1709625600000,8,0.00082969
1709654400000,8,0.00088148
1709683200000,8,0.0003628
1709712000001,8,0.00033876
1709740800000,8,0.00049354
1709769600000,8,0.00030311
1709798400000,8,0.00040984
1709827200000,8,0.00054217
1709856000000,8,0.00034819
1709884800000,8,0.00043497
1709913600000,8,0.00062913
1709942400000,8,0.00019134
1709971200001,8,0.00031281
1710000000000,8,0.00026407
1710028800000,8,0.0003101
1710057600000,8,0.00063451
1710086400000,8,0.00054479
1710115200000,8,0.00035489
1710144000000,8,0.00078428
1710172800000,8,0.00066396
1710201600000,8,0.0004447
1710230400000,8,0.000453
1710259200000,8,0.00047935
1710288000000,8,0.00033224
1710316800001,8,0.0006442
1710345600000,8,0.00045402
1710374400001,8,0.00024393
1710403200000,8,0.00038753
1710432000000,8,0.00038258
1710460800000,8,0.00038515
1710489600000,8,0.00014328
1710518400000,8,0.00015306
1710547200000,8,0.0001
1710576000000,8,0.00023202
1710604800000,8,0.00020813
1710633600000,8,0.00013089
1710662400000,8,0.00017773
1710691200000,8,0.00024827
1710720000000,8,0.00020181
1710748800000,8,0.00030597
1710777600001,8,0.00027195
1710806400000,8,0.00026923
1710835200000,8,0.00029065
1710864000001,8,0.00024018
1710892800000,8,0.00015847
1710921600004,8,0.00018388
1710950400000,8,0.0001
1710979200000,8,0.00010403
1711008000000,8,0.00019304
1711036800000,8,0.0001951
1711065600000,8,0.00016271
1711094400000,8,0.0001
1711123200000,8,0.00011993
1711152000000,8,0.0001
1711180800000,8,0.0001
1711209600000,8,0.00010806
1711238400000,8,0.00010351
1711267200000,8,0.00014616
1711296000000,8,0.00015884
1711324800000,8,0.00025549
1711353600001,8,0.00016324
1711382400000,8,0.00028815
1711411200000,8,0.00021963
1711440000000,8,0.00018348
1711468800000,8,0.00026764
1711497600000,8,0.00028757
1711526400001,8,0.00029551
1711555200000,8,0.00043631
1711584000000,8,0.00024195
1711612800000,8,0.00029899
1711641600000,8,0.0002943
1711670400000,8,0.0001825
1711699200000,8,0.00025456
1711728000000,8,0.0003017
1711756800000,8,0.00019624
1711785600000,8,0.00032267
1711814400000,8,0.0003436
1711843200000,8,0.00032351
1711872000000,8,0.00039889
1711900800001,8,0.00040301
1711929600000,8,0.00070161
1711958400000,8,0.00033491
1711987200000,8,0.00027469
1712016000007,8,0.00010926
1712044800015,8,0.0001
1712073600000,8,0.00016456
1712102400000,8,0.0001
1712131200000,8,0.0001
1712160000000,8,0.0001
1712188800000,8,0.0001
1712217600000,8,0.0001
1712246400000,8,0.0001
1712275200000,8,0.0001
1712304000000,8,0.0001
1712332800000,8,0.0001
1712361600000,8,0.0001
1712390400000,8,0.0001
1712419200000,8,0.0001
1712448000000,8,0.0001
1712476800000,8,0.0001
1712505600000,8,0.0001
1712534400001,8,0.0001
1712563200000,8,0.0001
1712592000006,8,0.00035189
1712620800000,8,0.00020915
1712649600001,8,0.00020603
1712678400001,8,0.00019061
1712707200000,8,0.00011929
1712736000001,8,0.00012457
1712764800000,8,0.0001
1712793600000,8,0.00013979
1712822400000,8,0.00020153
1712851200000,8,0.00019763
1712880000000,8,0.00011258
1712908800001,8,0.0002563
1712937600000,8,0.00012214
1712966400000,8,0.0001
1712995200000,8,0.0001
1713024000001,8,0.0001
1713052800000,8,0.0001
1713081600000,8,0.0001
1713110400000,8,0.0001
1713139200000,8,0.0001
1713168000001,8,1.759e-05
1713196800000,8,0.0001
1713225600001,8,5.953e-05
1713254400000,8,9.525e-05
1713283200000,8,3.513e-05
1713312000000,8,6.375e-05
1713340800000,8,3.574e-05
1713369600000,8,6.534e-05
1713398400000,8,6.937e-05
1713427200000,8,5.982e-05
1713456000000,8,-3.334e-05
1713484800001,8,-3.12e-05
1713513600000,8,6.641e-05
1713542400000,8,5.88e-05
1713571200000,8,0.0001
1713600000000,8,-7.66e-06
1713628800000,8,4.204e-05
1713657600000,8,3.186e-05
1713686400000,8,-2.093e-05
1713715200000,8,8.271e-05
1713744000000,8,4.409e-05
1713772800000,8,2.497e-05
1713801600000,8,8.98e-06
1713830400000,8,-1.236e-05
1713859200000,8,5.24e-05
1713888000001,8,-1.083e-05
1713916800000,8,1.413e-05
1713945600000,8,5.302e-05
1713974400000,8,7.047e-05
1714003200000,8,7.02e-05
1714032000000,8,4.069e-05
1714060800010,8,1.14e-05
1714089600001,8,1.709e-05
1714118400000,8,6.85e-06
1714147200000,8,5.562e-05
1714176000000,8,0.0001
1714204800001,8,7.47e-05
1714233600000,8,2.834e-05
1714262400000,8,1.006e-05
1714291200000,8,-2.081e-05
1714320000000,8,2.782e-05
1714348800000,8,2.472e-05
1714377600000,8,5.544e-05
1714406400000,8,6.828e-05
1714435200000,8,9.74e-05
1714464000000,8,9.154e-05
1714492800000,8,0.0001
1714521600000,8,0.0001
1714550400000,8,8.946e-05
1714579200000,8,9.902e-05
1714608000000,8,6.634e-05
1714636800000,8,6.169e-05
1714665600002,8,-1.23e-06
1714694400000,8,-1.549e-05
1714723200000,8,-3.764e-05
1714752000000,8,8.091e-05
1714780800000,8,2.703e-05
1714809600000,8,7.455e-05
1714838400000,8,6.265e-05
1714867200000,8,6.906e-05
1714896000000,8,6.47e-06
1714924800000,8,3.893e-05
1714953600000,8,6.02e-06
1714982400000,8,-1.031e-05
1715011200000,8,7.746e-05
1715040000000,8,6.064e-05
1715068800000,8,1.581e-05
1715097600000,8,9.028e-05
1715126400000,8,4.891e-05
1715155200000,8,5.553e-05
1715184000000,8,9.292e-05
1715212800000,8,5.648e-05
1715241600000,8,3.315e-05
1715270400000,8,7.253e-05
1715299200000,8,1.026e-05
1715328000000,8,5.934e-05
1715356800000,8,7.653e-05
1715385600000,8,8.881e-05
1715414400000,8,3.771e-05
1715443200000,8,5.067e-05
1715472000000,8,2.604e-05
1715500800000,8,2.83e-05
1715529600000,8,0.0001
1715558400001,8,0.0001
1715587200001,8,8.469e-05
1715616000000,8,9.151e-05
1715644800000,8,9.866e-05
1715673600000,8,0.0001
1715702400000,8,4.392e-05
1715731200000,8,0.0001
1715760000000,8,-3.85e-06
1715788800000,8,2.373e-05
1715817600004,8,2.103e-05
1715846400000,8,5.148e-05
1715875200000,8,3.543e-05
1715904000000,8,4.647e-05
1715932800000,8,8.15e-06
1715961600000,8,-2.98e-06
1715990400000,8,6.28e-06
1716019200000,8,8.012e-05
1716048000000,8,-7.92e-06
1716076800000,8,3.339e-05
1716105600000,8,5.21e-05
1716134400000,8,4.779e-05
1716163200000,8,5.607e-05
1716192000000,8,2.479e-05
1716220800003,8,2.552e-05
1716249600000,8,0.0001
1716278400001,8,0.00010517
1716307200000,8,0.0001
1716336000000,8,0.0001
1716364800000,8,0.00015759
1716393600000,8,0.0001
1716422400000,8,0.0001
1716451200000,8,0.0001
1716480000000,8,0.0001
1716508800000,8,0.0001
1716537600000,8,0.0001
1716566400000,8,0.0001
1716595200000,8,0.0001
1716624000000,8,0.0001
1716652800000,8,0.0001
1716681600000,8,0.0001
1716710400000,8,0.0001
1716739200000,8,0.0001
1716768000000,8,0.0001
1716796800000,8,0.0001
1716825600000,8,0.0001
1716854400000,8,0.0001
1716883200000,8,0.0001
1716912000000,8,0.0001
1716940800001,8,0.0001
1716969600000,8,0.0001
1716998400000,8,0.00012558
1717027200000,8,0.0001
1717056000000,8,0.0001
1717084800000,8,0.0001
1717113600000,8,0.00014599
1717142400000,8,0.00012268
1717171200000,8,0.0001
1717200000000,8,0.0001
1717228800000,8,0.0001
1717257600001,8,0.0001025
1717286400000,8,0.0001
1717315200000,8,0.0001
1717344000000,8,0.0001
1717372800000,8,0.0001
1717401600000,8,0.00014135
1717430400000,8,0.0001
1717459200000,8,0.00012008
1717488000000,8,0.0001
1717516800000,8,0.0001
1717545600000,8,0.0001
1717574400000,8,0.00016387
1717603200000,8,0.00013226
1717632000000,8,0.0001
1717660800008,8,0.00010438
1717689600000,8,0.0001177
1717718400000,8,0.0001
1717747200000,8,0.0001
1717776000000,8,0.00010166
1717804800000,8,0.0001
1717833600000,8,0.0001
1717862400000,8,0.0001
1717891200000,8,0.0001
1717920000000,8,0.0001
1717948800001,8,0.0001
1717977600000,8,0.0001
1718006400000,8,0.0001
1718035200001,8,0.0001
1718064000001,8,0.0001
1718092800000,8,0.0001
1718121600000,8,0.0001
1718150400000,8,0.0001
1718179200000,8,0.0001
1718208000000,8,0.0001
1718236800000,8,0.0001
1718265600001,8,0.0001
1718294400000,8,0.0001
1718323200000,8,0.0001
1718352000000,8,0.0001
1718380800000,8,0.0001
1718409600000,8,0.0001
1718438400000,8,0.0001
1718467200000,8,0.0001
1718496000001,8,0.0001
1718524800000,8,0.0001
1718553600000,8,0.0001
1718582400000,8,0.0001
1718611200000,8,0.0001
1718640000000,8,0.0001
1718668800000,8,0.0001
1718697600000,8,8.236e-05
1718726400000,8,0.0001
1718755200001,8,0.0001
1718784000001,8,4.127e-05
1718812800000,8,2.967e-05
1718841600000,8,3.934e-05
1718870400000,8,5.953e-05
1718899200000,8,6.879e-05
1718928000000,8,3.344e-05
1718956800000,8,7.328e-05
1718985600000,8,0.0001
1719014400000,8,0.0001
1719043200000,8,4.146e-05
1719072000000,8,0.0001
1719100800000,8,0.0001
1719129600000,8,2.307e-05
1719158400000,8,4.676e-05
1719187200002,8,9.534e-05
1719216000000,8,0.0001
1719244800000,8,7.488e-05
1719273600000,8,7.447e-05
1719302400000,8,5.949e-05
1719331200000,8,7.752e-05
1719360000002,8,0.0001
1719388800000,8,0.0001
1719417600000,8,0.0001
1719446400000,8,0.0001
1719475200001,8,0.0001
1719504000000,8,0.0001
1719532800000,8,0.0001
1719561600000,8,0.0001
1719590400000,8,0.0001
1719619200001,8,0.0001
1719648000000,8,0.0001
1719676800000,8,0.0001
1719705600000,8,0.0001
1719734400000,8,0.0001
1719763200000,8,0.0001
1719792000000,8,0.0001
1719820800000,8,0.0001
1719849600001,8,0.0001
1719878400000,8,0.0001
1719907200000,8,0.0001
1719936000000,8,0.0001
1719964800000,8,0.0001
1719993600001,8,0.0001
1720022400000,8,0.0001
1720051200000,8,0.0001
1720080000000,8,0.0001
1720108800000,8,0.0001
1720137600000,8,0.0001
1720166400000,8,0.0001
1720195200000,8,1.762e-05
1720224000000,8,5.729e-05
1720252800000,8,7.512e-05
1720281600000,8,3.25e-05
1720310400001,8,8.164e-05
1720339200000,8,0.0001
1720368000000,8,0.0001
1720396800000,8,7.905e-05
1720425600000,8,8.222e-05
1720454400000,8,0.0001
1720483200000,8,0.0001
1720512000001,8,8.61e-06
1720540800000,8,0.0001
1720569600000,8,0.0001
1720598400000,8,9.225e-05
1720627200000,8,5.485e-05
1720656000002,8,0.0001
1720684800002,8,0.0001
1720713600004,8,0.0001
1720742400000,8,6.378e-05
1720771200000,8,3.026e-05
1720800000000,8,4.037e-05
1720828800000,8,8.319e-05
1720857600000,8,6.865e-05
1720886400000,8,0.0001
1720915200000,8,8.737e-05
1720944000000,8,3.71e-05
1720972800000,8,8.342e-05
1721001600000,8,4.59e-05
1721030400000,8,3.202e-05
1721059200000,8,-5.14e-06
1721088000000,8,-5.062e-05
1721116800000,8,8.814e-05
1721145600000,8,2.717e-05
1721174400000,8,-3.419e-05
1721203200001,8,1.775e-05
1721232000000,8,2.143e-05
1721260800000,8,6.89e-06
1721289600000,8,1.546e-05
1721318400000,8,3.127e-05
1721347200000,8,4.029e-05
1721376000000,8,4.855e-05
1721404800000,8,4.606e-05
1721433600001,8,-3.077e-05
1721462400000,8,1.944e-05
1721491200000,8,1.622e-05
1721520000000,8,-5.313e-05
1721548800000,8,2.194e-05
1721577600000,8,6.46e-06
1721606400000,8,9.136e-05
1721635200000,8,5.953e-05
1721664000000,8,2.769e-05
1721692800000,8,4.709e-05
1721721600000,8,4.31e-05
1721750400000,8,4.642e-05
1721779200000,8,0.0001
1721808000000,8,0.0001
1721836800000,8,0.0001
1721865600000,8,0.0001
1721894400000,8,0.0001
1721923200000,8,0.0001
1721952000000,8,0.0001
1721980800000,8,0.0001
1722009600000,8,3.34e-05
1722038400000,8,6.547e-05
1722067200000,8,8.022e-05
1722096000000,8,9.109e-05
1722124800000,8,8.18e-05
1722153600000,8,9.177e-05
1722182400001,8,2.804e-05
1722211200001,8,8.361e-05
1722240000000,8,5.623e-05
1722268800001,8,0.0001
1722297600000,8,3.396e-05
1722326400001,8,3.562e-05
1722355200000,8,7.691e-05
1722384000000,8,3.063e-05
1722412800000,8,7.178e-05
1722441600000,8,3.826e-05
1722470400000,8,8.208e-05
1722499200000,8,0.0001
1722528000000,8,0.0001
1722556800000,8,0.0001
1722585600001,8,0.0001
1722614400000,8,0.0001
1722643200000,8,0.0001
1722672000000,8,9.788e-05
1722700800001,8,4.247e-05
1722729600000,8,0.0001
1722758400000,8,5.343e-05
1722787200000,8,0.0001
1722816000000,8,0.0001
1722844800000,8,4.429e-05
1722873600000,8,5.967e-05
1722902400000,8,3.566e-05
1722931200000,8,-2.845e-05
1722960000000,8,4.485e-05
1722988800000,8,-7.3e-06
1723017600001,8,-6.859e-05
1723046400000,8,3.241e-05
1723075200001,8,2.637e-05
1723104000000,8,3.086e-05
1723132800000,8,1.147e-05
1723161600000,8,4.994e-05
1723190400000,8,2.184e-05
1723219200000,8,4.846e-05
1723248000000,8,-3.942e-05
1723276800000,8,-1.379e-05
1723305600000,8,-1.949e-05
1723334400000,8,4.049e-05
1723363200000,8,-1.839e-05
1723392000001,8,1.185e-05
1723420800000,8,1.113e-05
1723449600000,8,8.783e-05
1723478400000,8,-2.238e-05
1723507200000,8,6.14e-05
1723536000000,8,5.21e-06
1723564800000,8,-3.902e-05
1723593600000,8,1.152e-05
1723622400000,8,-1.33e-05
1723651200000,8,-7.811e-05
1723680000000,8,-8.488e-05
1723708800000,8,6.339e-05
1723737600000,8,-6.181e-05
1723766400000,8,-0.00011235
1723795200000,8,-7.387e-05
1723824000000,8,-5.57e-06
1723852800000,8,1.912e-05
1723881600000,8,4.177e-05
1723910400000,8,-1.52e-06
1723939200000,8,3.966e-05
1723968000000,8,-1.323e-05
1723996800000,8,-3.149e-05
1724025600000,8,-3.616e-05
1724054400000,8,-6.75e-05
1724083200002,8,-1.957e-05
1724112000000,8,-2.656e-05
1724140800000,8,1.349e-05
1724169600001,8,1.419e-05
1724198400001,8,-6.756e-05
1724227200000,8,-5.91e-06
1724256000001,8,3.96e-06
1724284800000,8,-2.229e-05
1724313600000,8,1.338e-05
1724342400008,8,-7.261e-05
1724371200000,8,-3.329e-05
1724400000000,8,2.391e-05
1724428800000,8,-4.317e-05
1724457600000,8,-7.72e-06
1724486400005,8,-7.23e-06
1724515200000,8,6.395e-05
1724544000000,8,-4.806e-05
1724572800000,8,-1.531e-05
1724601600000,8,3.108e-05
1724630400000,8,2.439e-05
1724659200001,8,3.448e-05
1724688000000,8,3.789e-05
1724716800001,8,2.795e-05
1724745600000,8,1.751e-05
1724774400000,8,7.753e-05
1724803200000,8,-6.803e-05
1724832000000,8,2.433e-05
1724860800001,8,1.143e-05
1724889600000,8,-9.76e-06
1724918400001,8,-1.644e-05
1724947200000,8,5.59e-06
1724976000000,8,9.36e-06
1725004800000,8,3.578e-05
1725033600000,8,2.927e-05
1725062400000,8,-1.749e-05
1725091200000,8,3.578e-05
1725120000000,8,3.8e-05
1725148800000,8,4.113e-05
1725177600001,8,-3.432e-05
1725206400000,8,-3.82e-06
1725235200001,8,-3.386e-05
1725264000001,8,2.48e-06
1725292800000,8,-3.63e-06
1725321600000,8,6.245e-05
1725350400001,8,5.123e-05
1725379200000,8,4.598e-05
1725408000000,8,2.209e-05
1725436800000,8,1.05e-05
1725465600000,8,-1.47e-05
1725494400000,8,9.016e-05
1725523200000,8,2.025e-05
1725552000005,8,2.49e-05
1725580800000,8,2.28e-05
1725609600001,8,-1e-08
1725638400000,8,1.428e-05
1725667200000,8,-5.57e-06
1725696000000,8,-7.634e-05
1725724800000,8,-7.236e-05
1725753600000,8,3.745e-05
1725782400000,8,-5.999e-05
1725811200000,8,-5.245e-05
1725840000000,8,-7.585e-05
1725868800000,8,-7.108e-05
1725897600001,8,-3.875e-05
1725926400000,8,-6.028e-05
1725955200000,8,-2.93e-05
1725984000000,8,-1.126e-05
1726012800000,8,-8.953e-05
1726041600000,8,-2.247e-05
1726070400000,8,-5.212e-05
1726099200000,8,-1.951e-05
1726128000000,8,-5.46e-06
1726156800000,8,-2.95e-05
1726185600000,8,-6.9e-07
1726214400001,8,-8.69e-06
1726243200001,8,-2.443e-05
1726272000000,8,-8.699e-05
1726300800000,8,8.59e-06
1726329600001,8,2.326e-05
1726358400000,8,-4.91e-06
1726387200000,8,1e-08
1726416000000,8,4.02e-06
1726444800000,8,2.402e-05
1726473600001,8,3.564e-05
1726502400000,8,6.762e-05
1726531200001,8,8.529e-05
1726560000000,8,1.911e-05
1726588800000,8,5.327e-05
1726617600000,8,1.344e-05
1726646400000,8,1.678e-05
1726675200004,8,4.648e-05
1726704000000,8,3.512e-05
1726732800000,8,2.949e-05
1726761600001,8,4.072e-05
1726790400000,8,8.065e-05
1726819200001,8,-5.03e-06
1726848000000,8,5.543e-05
1726876800001,8,4.638e-05
1726905600000,8,0.0001
1726934400000,8,8.234e-05
1726963200000,8,6.285e-05
1726992000000,8,9.254e-05
1727020800000,8,5.537e-05
1727049600000,8,6.546e-05
1727078400000,8,1.364e-05
1727107200000,8,5.304e-05
1727136000000,8,2.324e-05
1727164800000,8,2.895e-05
1727193600001,8,-1.82e-06
1727222400000,8,1.223e-05
1727251200003,8,1.141e-05
1727280000000,8,1.336e-05
1727308800005,8,1.65e-05
1727337600000,8,6.246e-05
1727366400000,8,0.0001
1727395200000,8,0.0001
1727424000000,8,6.722e-05
1727452800000,8,2.275e-05
1727481600000,8,5.455e-05
1727510400001,8,8.3e-05
1727539200000,8,1.414e-05
1727568000001,8,7.25e-06
1727596800000,8,3.128e-05
1727625600000,8,7.253e-05
1727654400000,8,3.077e-05
1727683200001,8,7.939e-05
1727712000000,8,0.0001
1727740800000,8,0.0001
1727769600000,8,0.0001
1727798400001,8,0.0001
1727827200000,8,6.632e-05
1727856000000,8,8.409e-05
1727884800000,8,8.191e-05
1727913600000,8,4.381e-05
1727942400000,8,3.746e-05
1727971200000,8,4.99e-05
1728000000000,8,7.097e-05
1728028800000,8,2.119e-05
1728057600001,8,2.43e-06
1728086400000,8,-1.596e-05
1728115200000,8,1.088e-05
1728144000000,8,8.61e-06
1728172800000,8,5.72e-06
1728201600001,8,3.288e-05
1728230400000,8,4.18e-05
1728259200000,8,4.573e-05
1728288000000,8,-9.52e-06
1728316800001,8,2.177e-05
1728345600000,8,-1.678e-05
1728374400000,8,7.094e-05
1728403200000,8,8.1e-05
1728432000000,8,0.0001
1728460800000,8,5.138e-05
1728489600000,8,7.939e-05
1728518400000,8,2.09e-05
1728547200000,8,1.532e-05
1728576000000,8,0.0001
1728604800000,8,2.231e-05
1728633600000,8,-1.874e-05
1728662400001,8,1.2e-06
1728691200000,8,4.558e-05
1728720000001,8,7.664e-05
1728748800000,8,-1.489e-05
1728777600000,8,6.93e-06
1728806400000,8,1.638e-05
1728835200000,8,3.938e-05
1728864000000,8,5.429e-05
1728892800000,8,0.0001
1728921600000,8,0.0001
1728950400000,8,0.0001
1728979200000,8,0.0001
1729008000000,8,0.0001
1729036800000,8,8.325e-05
1729065600001,8,8.5e-05
1729094400000,8,0.0001
1729123200000,8,0.0001
1729152000000,8,0.0001
1729180800001,8,0.0001
1729209600010,8,0.0001
1729238400001,8,0.0001
1729267200000,8,0.0001
1729296000000,8,0.0001
1729324800000,8,0.0001
1729353600000,8,0.0001
1729382400000,8,0.0001
1729411200000,8,0.0001
1729440000000,8,0.0001
1729468800000,8,0.0001
1729497600000,8,0.0001
1729526400000,8,0.0001
1729555200000,8,0.0001
1729584000000,8,0.0001
1729612800000,8,0.0001
1729641600000,8,0.0001
1729670400000,8,0.0001
1729699200000,8,0.0001
1729728000000,8,0.0001
1729756800000,8,0.0001
1729785600000,8,0.0001
1729814400000,8,0.0001
1729843200000,8,0.0001
1729872000000,8,0.0001
1729900800000,8,4.755e-05
1729929600001,8,7.569e-05
1729958400000,8,0.0001
1729987200000,8,0.0001
1730016000000,8,9.724e-05
1730044800000,8,0.0001
1730073600000,8,9.425e-05
1730102400001,8,0.0001
1730131200000,8,8.946e-05
1730160000000,8,0.0001
1730188800000,8,0.0001
1730217600004,8,0.0001
1730246400000,8,0.0001
1730275200000,8,0.0001
1730304000013,8,0.0001
1730332800000,8,0.0001
1730361600000,8,0.0001
1730390400000,8,0.0001
1730419200000,8,0.0001
1730448000000,8,0.0001
1730476800000,8,0.0001
1730505600000,8,0.0001
1730534400000,8,0.0001
1730563200000,8,0.0001
1730592000000,8,0.0001
1730620800000,8,0.0001
1730649600000,8,0.0001
1730678400000,8,0.0001
1730707200000,8,0.0001
1730736000000,8,0.0001
1730764800000,8,0.0001
1730793600003,8,0.0001
1730822400001,8,0.0001
1730851200000,8,0.0001
1730880000000,8,0.0001
1730908800000,8,0.0001
1730937600000,8,0.0001
1730966400000,8,0.0001
1730995200000,8,0.0001
1731024000000,8,0.0001
1731052800000,8,0.0001
1731081600000,8,0.0001
1731110400000,8,0.0001
1731139200000,8,0.0001
1731168000000,8,0.0001
1731196800000,8,0.0001
1731225600000,8,0.00025603
1731254400000,8,0.00014113
1731283200001,8,0.00036878
1731312000000,8,0.0001
1731340800000,8,0.0001
1731369600002,8,0.00049133
1731398400000,8,0.00043737
1731427200000,8,0.00038754
1731456000000,8,0.0001
1731484800010,8,0.00013101
1731513600000,8,0.00021856
1731542400001,8,0.0001
1731571200000,8,0.0001
1731600000000,8,0.0001
1731628800000,8,0.0001
1731657600000,8,0.0001
1731686400000,8,0.00010977
1731715200001,8,0.0001
1731744000001,8,0.0001
1731772800000,8,0.00013231
1731801600000,8,0.00015765
1731830400000,8,0.0001
1731859200001,8,0.00010577
1731888000000,8,0.0001
1731916800000,8,0.0003645
1731945600000,8,0.00021318
1731974400000,8,0.00021606
1732003200000,8,0.00030216
1732032000000,8,0.00017959
1732060800003,8,0.0001
1732089600000,8,0.0001
1732118400000,8,0.0001
1732147200001,8,0.0001
1732176000000,8,0.0001
1732204800001,8,0.0001
1732233600000,8,0.0001
1732262400000,8,0.0001
1732291200001,8,0.0001
1732320000000,8,0.0001
1732348800000,8,0.0001
1732377600000,8,0.0001
1732406400001,8,0.0001
1732435200000,8,0.00016148
1732464000000,8,0.00023228
1732492800000,8,0.00021035
1732521600000,8,0.0001
1732550400000,8,0.00025233
1732579200000,8,0.00021902
1732608000000,8,0.00017936
1732636800000,8,0.00029599
1732665600000,8,0.00031205
1732694400000,8,0.00016795
1732723200001,8,0.0001
1732752000000,8,0.0001
1732780800000,8,0.00014326
1732809600000,8,0.00011859
1732838400000,8,0.00020619
1732867200000,8,0.00011747
1732896000000,8,0.00021921
1732924800000,8,0.0001
1732953600000,8,0.00015909
1732982400000,8,0.00012063
1733011200000,8,0.00015901
1733040000000,8,0.00019581
1733068800000,8,0.0001
1733097600001,8,0.00025726
1733126400001,8,0.00024556
1733155200000,8,0.00013387
1733184000000,8,0.00012779
1733212800000,8,0.00024926
1733241600000,8,0.00011952
1733270400000,8,0.00026634
1733299200000,8,0.00026254
1733328000000,8,0.00023234
1733356800001,8,0.00027625
1733385600000,8,0.00072446
1733414400000,8,0.00047059
1733443200000,8,0.0001
1733472000000,8,0.00014634
1733500800000,8,0.0001
1733529600000,8,0.00031972
1733558400000,8,0.00012374
1733587200000,8,0.0001409
1733616000000,8,0.00016985
1733644800000,8,0.00016572
1733673600000,8,0.0001758
1733702400000,8,0.00030413
1733731200000,8,0.00021032
1733760000001,8,0.00011115
1733788800007,8,0.0001
1733817600000,8,0.0001
1733846400000,8,0.0001
1733875200000,8,0.0001
1733904000000,8,0.0001
1733932800001,8,0.0001
1733961600001,8,0.0001
1733990400000,8,0.0001
1734019200001,8,0.0001
1734048000000,8,0.0001
1734076800000,8,0.0001
1734105600001,8,0.0001
1734134400000,8,6.75e-05
1734163200000,8,0.0001
1734192000000,8,0.0001
1734220800000,8,0.0001
1734249600000,8,8.194e-05
1734278400000,8,0.0001
1734307200000,8,0.0001
1734336000001,8,0.0001
1734364800000,8,9.181e-05
1734393600000,8,7.866e-05
1734422400000,8,0.0001
1734451200000,8,0.0001
1734480000000,8,0.0001
1734508800000,8,9.159e-05
1734537600000,8,0.0001
1734566400000,8,0.0001
1734595200000,8,0.0001
1734624000000,8,0.0001
1734652800000,8,0.0001
1734681600001,8,0.0001
1734710400014,8,0.0001
1734739200000,8,0.0001
1734768000000,8,1.206e-05
1734796800001,8,0.0001
1734825600000,8,0.0001
1734854400000,8,0.0001
1734883200000,8,9.629e-05
1734912000000,8,0.0001
1734940800000,8,0.0001
1734969600001,8,8.981e-05
1734998400000,8,0.0001
1735027200000,8,0.0001
1735056000001,8,0.0001
1735084800001,8,0.0001
1735113600000,8,0.0001
1735142400000,8,0.0001
1735171200000,8,9.827e-05
1735200000000,8,7.453e-05
1735228800000,8,8.585e-05
1735257600000,8,0.0001
1735286400000,8,0.0001
1735315200000,8,0.0001
1735344000001,8,0.0001
1735372800000,8,7.639e-05
1735401600000,8,5.173e-05
1735430400000,8,8.013e-05
1735459200000,8,0.0001
1735488000000,8,0.0001
1735516800000,8,-4.2e-07
1735545600001,8,8.791e-05
1735574400000,8,0.0001
1735603200000,8,0.0001
1735632000000,8,0.0001
1735660800000,8,0.0001
1735689600015,8,0.0001
1735718400000,8,0.0001
1735747200001,8,0.0001
1735776000000,8,0.0001
1735804800006,8,0.0001
1735833600000,8,0.0001
1735862400000,8,0.0001
1735891200000,8,0.0001
1735920000000,8,5.242e-05
1735948800000,8,7.699e-05
1735977600000,8,0.0001
1736006400000,8,7.98e-06
1736035200000,8,0.0001
1736064000000,8,0.0001
1736092800000,8,8.32e-05
1736121600000,8,0.0001
1736150400001,8,0.0001
1736179200000,8,0.0001
1736208000000,8,0.0001
1736236800000,8,8.903e-05
1736265600008,8,8.279e-05
1736294400001,8,0.0001
1736323200000,8,0.0001
1736352000000,8,0.0001
1736380800000,8,0.0001
1736409600000,8,9.834e-05
1736438400000,8,-5.44e-06
1736467200000,8,3.966e-05
1736496000000,8,-1.06e-05
1736524800000,8,8.078e-05
1736553600000,8,5.68e-05
1736582400000,8,4.055e-05
1736611200000,8,2.608e-05
1736640000000,8,5.009e-05
1736668800000,8,3.21e-05
1736697600000,8,6.647e-05
1736726400000,8,5.266e-05
1736755200000,8,6.989e-05
1736784000000,8,8.81e-06
1736812800000,8,0.0001
1736841600000,8,0.0001
1736870400000,8,9.496e-05
1736899200000,8,4.989e-05
1736928000000,8,8.795e-05
1736956800000,8,5.844e-05
1736985600000,8,7.28e-06
1737014400000,8,7.568e-05
1737043200000,8,4.598e-05
1737072000004,8,4.597e-05
1737100800000,8,9.386e-05
1737129600008,8,3.432e-05
1737158400000,8,6.707e-05
1737187200007,8,0.0001
1737216000000,8,0.0001
1737244800000,8,0.0001
1737273600000,8,0.0001
1737302400000,8,0.0001
1737331200000,8,0.0001
1737360000009,8,0.0001
1737388800000,8,0.0001
1737417600000,8,0.0001
1737446400000,8,0.0001
1737475200000,8,0.0001
1737504000000,8,0.0001
1737532800000,8,0.0001
1737561600000,8,0.0001
1737590400001,8,8.654e-05
1737619200000,8,0.0001
1737648000000,8,8.616e-05
1737676800000,8,3.34e-06
1737705600000,8,7.537e-05
1737734400000,8,9.54e-05
1737763200000,8,5.702e-05
1737792000000,8,8.495e-05
1737820800001,8,7.782e-05
1737849600000,8,8.363e-05
1737878400000,8,0.0001
1737907200000,8,8.443e-05
1737936000000,8,9.084e-05
1737964800000,8,3.712e-05
1737993600000,8,9.8e-07
1738022400000,8,0.0001
1738051200000,8,3.714e-05
1738080000000,8,9.848e-05
1738108800000,8,0.0001
1738137600000,8,0.0001
1738166400000,8,9.949e-05
1738195200000,8,7.59e-05
1738224000000,8,0.0001
1738252800000,8,9.499e-05
1738281600000,8,1.225e-05
1738310400000,8,0.0001
1738339200000,8,0.0001
1738368000000,8,8.098e-05
1738396800000,8,5.369e-05
1738425600000,8,5.968e-05
1738454400001,8,5.824e-05
1738483200000,8,3.38e-05
1738512000000,8,-8.61e-06
1738540800000,8,0.0001
1738569600000,8,0.0001
1738598400000,8,4.845e-05
1738627200000,8,2.612e-05
1738656000001,8,6.8e-05
1738684800000,8,4.138e-05
1738713600001,8,-4.61e-06
1738742400001,8,4.774e-05
1738771200000,8,1.61e-05
1738800000001,8,2.186e-05
1738828800001,8,-2.38e-06
1738857600000,8,5.903e-05
1738886400000,8,7.983e-05
1738915200000,8,6.989e-05
1738944000000,8,5.167e-05
1738972800000,8,-4.1e-05
1739001600000,8,1.137e-05
1739030400000,8,3.24e-06
1739059200000,8,3.873e-05
1739088000000,8,9.6e-05
1739116800000,8,2.839e-05
1739145600000,8,1.802e-05
1739174400000,8,9.176e-05
1739203200000,8,7.457e-05
1739232000000,8,4.218e-05
1739260800000,8,7.09e-05
1739289600000,8,-2.446e-05
1739318400000,8,1.298e-05
1739347200000,8,4.899e-05
1739376000001,8,4.96e-05
1739404800001,8,0.0001
1739433600000,8,4.117e-05
1739462400001,8,8.05e-06
1739491200000,8,4.1e-05
1739520000001,8,5.51e-05
1739548800000,8,7.093e-05
1739577600000,8,5.5e-07
1739606400000,8,3.297e-05
1739635200000,8,3.735e-05
1739664000000,8,3.39e-05
1739692800000,8,1.82e-06
1739721600000,8,3.799e-05
1739750400000,8,6.239e-05
1739779200000,8,6.397e-05
1739808000000,8,2.009e-05
1739836800000,8,9.488e-05
1739865600000,8,0.0001
1739894400000,8,0.0001
1739923200000,8,7.007e-05
1739952000000,8,7.779e-05
1739980800000,8,8.96e-05
1740009600000,8,2.42e-05
1740038400000,8,3.269e-05
1740067200000,8,7.346e-05
1740096000001,8,1.23e-06
1740124800000,8,2.286e-05
1740153600000,8,-9.7e-07
1740182400000,8,0.0001
1740211200000,8,6.466e-05
1740240000000,8,2.318e-05
1740268800000,8,4.112e-05
1740297600000,8,3.14e-05
1740326400000,8,1.478e-05
1740355200000,8,-2.97e-05
1740384000000,8,6.881e-05
1740412800000,8,2.05e-05
1740441600000,8,0.0001
1740470400000,8,5.245e-05
1740499200000,8,1.385e-05
1740528000000,8,3.521e-05
1740556800000,8,6.005e-05
1740585600000,8,0.0001
1740614400001,8,9.305e-05
1740643200000,8,-6.17e-06
1740672000000,8,9.433e-05
1740700800001,8,9.444e-05
1740729600000,8,9.521e-05
1740758400000,8,-3.73e-06
1740787200000,8,-1.4e-07
1740816000000,8,-6.108e-05
1740844800001,8,-8.58e-06
1740873600000,8,-1.094e-05
1740902400000,8,-2.783e-05
1740931200000,8,-2.869e-05
1740960000001,8,-5.518e-05
1740988800000,8,7.91e-06
1741017600000,8,5.272e-05
1741046400001,8,-1.526e-05
1741075200005,8,-2.7e-06
1741104000000,8,1.306e-05
1741132800000,8,4.113e-05
1741161600000,8,2.722e-05
1741190400000,8,5.028e-05
1741219200000,8,3.538e-05
1741248000001,8,6.413e-05
1741276800000,8,6.818e-05
1741305600000,8,-6.12e-06
1741334400001,8,-1.539e-05
1741363200000,8,2.028e-05
1741392000000,8,5.328e-05
1741420800001,8,3.73e-06
1741449600001,8,1.208e-05
1741478400001,8,-2.779e-05
1741507200000,8,3.218e-05
1741536000000,8,0.0001
1741564800000,8,3.952e-05
1741593600000,8,1.344e-05
1741622400000,8,4.037e-05
1741651200000,8,4.705e-05
1741680000000,8,3.26e-05
1741708800001,8,8.746e-05
1741737600000,8,5.76e-06
1741766400000,8,5.815e-05
1741795200001,8,4.013e-05
1741824000000,8,4.3e-06
1741852800000,8,2.069e-05
1741881600000,8,3.19e-05
1741910400000,8,5.386e-05
1741939200000,8,5.331e-05
1741968000000,8,3.57e-06
1741996800000,8,-6.035e-05
1742025600000,8,-2.389e-05
1742054400000,8,-3.21e-06
1742083200000,8,4.32e-06
1742112000000,8,4.236e-05
1742140800000,8,1.247e-05
1742169600000,8,1.065e-05
1742198400000,8,8.474e-05
1742227200000,8,8.59e-06
1742256000000,8,7.03e-06
1742284800000,8,2.059e-05
1742313600000,8,3.514e-05
1742342400000,8,2e-06
1742371200000,8,5.961e-05
1742400000000,8,5.024e-05
1742428800000,8,1.944e-05
1742457600000,8,3.79e-05
1742486400000,8,1.086e-05
1742515200000,8,1.615e-05
1742544000000,8,5.324e-05
1742572800000,8,2.518e-05
1742601600000,8,2.836e-05
1742630400004,8,-1.77e-05
1742659200000,8,5.092e-05
1742688000000,8,2.099e-05
1742716800000,8,-1.84e-06
1742745600000,8,4.02e-05
1742774400000,8,2.039e-05
1742803200000,8,5.512e-05
1742832000000,8,-3.422e-05
1742860800001,8,-2.47e-06
1742889600000,8,1.15e-05
1742918400000,8,-3.776e-05
1742947200000,8,-2.99e-05
1742976000000,8,1.659e-05
1743004800001,8,-3.082e-05
1743033600001,8,3.136e-05
1743062400001,8,5.512e-05
1743091200002,8,-3.76e-05
1743120000001,8,1.584e-05
1743148800001,8,-4.57e-06
1743177600000,8,8.118e-05
1743206400000,8,5.364e-05
1743235200000,8,8.214e-05
1743264000000,8,2.53e-05
1743292800000,8,3.41e-06
1743321600000,8,4.27e-06
1743350400000,8,4.588e-05
1743379200000,8,2.643e-05
1743408000000,8,6.02e-05
1743436800000,8,1.845e-05
1743465600000,8,3.961e-05
1743494400001,8,2.889e-05
1743523200000,8,3.573e-05
1743552000001,8,-2.112e-05
1743580800000,8,3.036e-05
1743609600000,8,7.33e-06
1743638400000,8,5.862e-05
1743667200000,8,5.038e-05
1743696000000,8,6.484e-05
1743724800000,8,4.283e-05
1743753600000,8,4.736e-05
1743782400000,8,8.038e-05
1743811200000,8,8.559e-05
1743840000000,8,7.437e-05
1743868800000,8,4.08e-06
1743897600000,8,2.21e-06
1743926400000,8,5.363e-05
1743955200002,8,-6.03e-06
1743984000000,8,4.946e-05
1744012800000,8,6.857e-05
1744041600000,8,4.998e-05
1744070400000,8,4.074e-05
1744099200000,8,3.575e-05
1744128000000,8,3.134e-05
1744156800000,8,9.568e-05
1744185600001,8,-2.252e-05
1744214400000,8,6.856e-05
1744243200000,8,7.705e-05
1744272000000,8,1.14e-06
1744300800000,8,6.775e-05
1744329600001,8,2.065e-05
1744358400000,8,-4.294e-05
1744387200000,8,3.29e-05
1744416000000,8,3.654e-05
1744444800001,8,5.64e-05
1744473600000,8,5.388e-05
1744502400000,8,5.057e-05
1744531200000,8,8.429e-05
1744560000000,8,9.642e-05
1744588800000,8,8.113e-05
1744617600000,8,7.127e-05
1744646400000,8,2.428e-05
1744675200000,8,-2.073e-05
1744704000000,8,6.606e-05
1744732800001,8,1.883e-05
1744761600000,8,2.428e-05
1744790400000,8,6.917e-05
1744819200000,8,1.978e-05
1744848000001,8,1.404e-05
1744876800000,8,5.679e-05
1744905600001,8,3.425e-05
1744934400000,8,1.788e-05
1744963200000,8,7.071e-05
1744992000000,8,2.995e-05
1745020800000,8,2.93e-05
1745049600000,8,6.024e-05
1745078400000,8,-1.953e-05
1745107200000,8,-2.98e-06
1745136000000,8,-1.078e-05
1745164800000,8,-2.258e-05
1745193600000,8,5.232e-05
1745222400005,8,5.403e-05
1745251200003,8,1.553e-05
1745280000008,8,7.749e-05
1745308800000,8,-7.44e-06
1745337600000,8,-7.045e-05
1745366400000,8,-1.389e-05
1745395200002,8,1.374e-05
1745424000000,8,4.587e-05
1745452800000,8,-2.671e-05
1745481600001,8,5.21e-05
1745510400001,8,-2.165e-05
1745539200007,8,-1.764e-05
1745568000002,8,1.7e-06
1745596800003,8,1.2e-06
1745625600002,8,-0.00010085
1745654400000,8,-2.774e-05
1745683200002,8,2.855e-05
1745712000001,8,-1.5e-05
1745740800000,8,-6.6e-06
1745769600000,8,-4.21e-06
1745798400001,8,3.73e-06
1745827200003,8,2.46e-06
1745856000005,8,-5.821e-05
1745884800000,8,-7.73e-06
1745913600000,8,4.13e-06
1745942400010,8,1.305e-05
1745971200001,8,-5.181e-05
1746000000000,8,2.939e-05
1746028800003,8,-3.797e-05
1746057600000,8,3.519e-05
1746086400000,8,5.755e-05
1746115200001,8,-8.028e-05
1746144000000,8,-0.00012232
1746172800000,8,-9.382e-05
1746201600003,8,-8.689e-05
1746230400000,8,-5.953e-05
1746259200000,8,3.198e-05
1746288000000,8,-1.483e-05
1746316800001,8,3.7e-06
1746345600001,8,3.229e-05
1746374400002,8,3.745e-05
1746403200000,8,-2.404e-05
1746432000000,8,3.636e-05
1746460800006,8,-2.247e-05
1746489600002,8,1.978e-05
1746518400005,8,4.44e-05
1746547200000,8,7.57e-06
1746576000002,8,1.218e-05
1746604800000,8,-2.5e-07
1746633600006,8,1.32e-05
1746662400000,8,2.318e-05
1746691200001,8,4.608e-05
1746720000002,8,5.728e-05
1746748800001,8,0.0001
1746777600006,8,0.0001
1746806400000,8,4.378e-05
1746835200001,8,9.657e-05
1746864000000,8,0.0001
1746892800001,8,4.257e-05
1746921600000,8,0.0001
1746950400001,8,4.15e-05
1746979200001,8,0.0001
1747008000004,8,4.454e-05
1747036800000,8,0.0001
1747065600000,8,2.301e-05
1747094400000,8,6.847e-05
1747123200008,8,0.0001
1747152000001,8,7.256e-05
1747180800007,8,9.921e-05
1747209600000,8,7.542e-05
1747238400002,8,3.175e-05
1747267200000,8,2.978e-05
1747296000003,8,5.336e-05
1747324800000,8,1.439e-05
1747353600001,8,4.504e-05
1747382400000,8,7.535e-05
1747411200000,8,4.768e-05
1747440000000,8,2.821e-05
1747468800001,8,3.34e-05
1747497600004,8,5.97e-06
1747526400000,8,6.742e-05
1747555200000,8,5.903e-05
1747584000000,8,0.0001
1747612800000,8,5.99e-05
1747641600006,8,6.04e-05
1747670400010,8,2.11e-05
1747699200000,8,8.378e-05
1747728000002,8,7.107e-05
1747756800000,8,1.266e-05
1747785600000,8,8.767e-05
1747814400001,8,7.147e-05
1747843200004,8,5.119e-05
1747872000001,8,0.0001
1747900800000,8,0.0001
1747929600002,8,0.0001
1747958400006,8,9.321e-05
1747987200000,8,7.261e-05
1748016000007,8,8.614e-05
1748044800010,8,3.524e-05
1748073600000,8,4.59e-05
1748102400003,8,7.837e-05
1748131200004,8,9.794e-05
1748160000000,8,5.113e-05
1748188800000,8,3.651e-05
1748217600000,8,7.331e-05
1748246400000,8,0.0001
1748275200002,8,9.782e-05
1748304000003,8,7.65e-05
1748332800001,8,7.266e-05
1748361600005,8,2.476e-05
1748390400002,8,3.26e-05
1748419200003,8,2.164e-05
1748448000002,8,5.368e-05
1748476800000,8,3.186e-05
1748505600006,8,2.812e-05
1748534400000,8,8.379e-05
1748563200003,8,2.622e-05
1748592000003,8,3.849e-05
1748620800000,8,7.392e-05
1748649600000,8,8.506e-05
1748678400000,8,7.552e-05
1748707200000,8,4.687e-05
1748736000001,8,-5.82e-06
1748764800002,8,2.335e-05
1748793600000,8,4.117e-05
1748822400001,8,-6.42e-06
1748851200000,8,5.593e-05
1748880000000,8,4.467e-05
1748908800000,8,5.005e-05
1748937600000,8,6.066e-05
1748966400001,8,4.456e-05
1748995200000,8,-1.1e-07
1749024000000,8,2.611e-05
1749052800000,8,9.62e-06
1749081600016,8,7.4e-07
1749110400000,8,2.871e-05
1749139200000,8,5.156e-05
1749168000002,8,-3.491e-05
1749196800000,8,-3.03e-05
1749225600006,8,-2.995e-05
1749254400000,8,-2.89e-05
1749283200000,8,-3.158e-05
1749312000002,8,2.94e-06
1749340800000,8,4.808e-05
1749369600000,8,5.613e-05
1749398400000,8,-3.602e-05
1749427200000,8,-2.164e-05
1749456000001,8,4.024e-05
1749484800001,8,3.057e-05
1749513600000,8,6.374e-05
1749542400001,8,0.0001
1749571200003,8,8.165e-05
1749600000000,8,8.779e-05
1749628800000,8,8.39e-05
1749657600010,8,5.039e-05
1749686400002,8,1.856e-05
1749715200003,8,7.247e-05
1749744000001,8,1.198e-05
1749772800000,8,-1.801e-05
1749801600001,8,-2.7e-06
1749830400004,8,3.857e-05
1749859200000,8,1.958e-05
1749888000000,8,3.858e-05
1749916800000,8,1.135e-05
1749945600005,8,-3.641e-05
1749974400009,8,1.439e-05
1750003200000,8,7.369e-05
1750032000000,8,9.36e-06
1750060800000,8,5.07e-05
1750089600003,8,2.793e-05
1750118400000,8,1.847e-05
1750147200006,8,5.776e-05
1750176000001,8,2.211e-05
1750204800001,8,-1.752e-05
1750233600001,8,3.695e-05
1750262400001,8,6.692e-05
1750291200005,8,8.45e-06
1750320000003,8,6.16e-06
1750348800000,8,2.396e-05
1750377600000,8,3.565e-05
1750406400002,8,7.862e-05
1750435200001,8,2.4e-05
1750464000002,8,3.977e-05
1750492800005,8,1.933e-05
1750521600000,8,7.44e-05
1750550400005,8,2.883e-05
1750579200000,8,0.0001
1750608000003,8,4.145e-05
1750636800000,8,-1.061e-05
1750665600004,8,-2.809e-05
1750694400013,8,4.889e-05
1750723200003,8,1.245e-05
1750752000000,8,1.218e-05
1750780800000,8,4.47e-06
1750809600005,8,-3.174e-05
1750838400000,8,2.747e-05
1750867200005,8,9.62e-06
1750896000000,8,1.41e-06
1750924800006,8,3.805e-05
1750953600007,8,6.82e-06
1750982400000,8,1.113e-05
1751011200000,8,2.663e-05
1751040000009,8,2.557e-05
1751068800001,8,-1.161e-05
1751097600002,8,6.053e-05
1751126400000,8,4.434e-05
1751155200004,8,1.25e-05
1751184000001,8,5.36e-05
1751212800001,8,0.0001
1751241600000,8,1.084e-05
1751270400005,8,2.959e-05
1751299200002,8,4.923e-05
1751328000007,8,1.053e-05
1751356800002,8,4.334e-05
1751385600000,8,1.109e-05
1751414400001,8,1.807e-05
1751443200000,8,3.403e-05
1751472000003,8,4.13e-05
1751500800006,8,4.871e-05
1751529600003,8,3.562e-05
1751558400003,8,5.028e-05
1751587200005,8,5.23e-05
1751616000003,8,5.009e-05
1751644800001,8,1.797e-05
1751673600004,8,1.066e-05
1751702400009,8,3.055e-05
1751731200006,8,4.005e-05
1751760000001,8,1.941e-05
1751788800002,8,1.665e-05
1751817600004,8,1.028e-05
1751846400000,8,2.36e-05
1751875200007,8,3.438e-05
1751904000000,8,4.271e-05
1751932800010,8,1.073e-05
1751961600003,8,4.563e-05
1751990400000,8,3.601e-05
1752019200002,8,3.093e-05
1752048000006,8,3.396e-05
1752076800001,8,4.253e-05
1752105600003,8,0.0001
1752134400000,8,8.523e-05
1752163200004,8,1.908e-05
1752192000004,8,0.0001
1752220800007,8,0.0001
1752249600001,8,0.0001
1752278400000,8,0.0001
1752307200001,8,0.0001
1752336000002,8,0.0001
1752364800006,8,0.0001
1752393600001,8,0.0001
1752422400003,8,0.0001
1752451200000,8,8.051e-05
1752480000000,8,0.0001
1752508800000,8,0.0001
1752537600002,8,0.0001
1752566400000,8,0.0001
1752595200000,8,0.0001
1752624000000,8,0.0001
1752652800000,8,0.0001
1752681600008,8,0.0001
1752710400003,8,0.0001
1752739200000,8,0.0001
1752768000000,8,0.0001
1752796800004,8,0.0001
1752825600000,8,0.0001
1752854400000,8,0.0001
1752883200009,8,0.0001
1752912000000,8,0.0001
1752940800002,8,0.0001
1752969600000,8,0.0001
1752998400000,8,0.0001
1753027200000,8,0.0001
1753056000001,8,0.0001
1753084800000,8,0.0001
1753113600001,8,0.0001
1753142400000,8,0.0001
1753171200010,8,0.0001
1753200000007,8,0.0001
1753228800000,8,0.0001
1753257600004,8,0.0001
1753286400002,8,0.0001
1753315200000,8,0.0001
1753344000001,8,0.0001
1753372800000,8,0.0001
1753401600000,8,0.0001
1753430400000,8,0.0001
1753459200000,8,0.0001
1753488000001,8,0.0001
1753516800005,8,0.0001
1753545600001,8,0.0001
1753574400001,8,0.0001
1753603200000,8,0.0001
1753632000008,8,0.0001
1753660800005,8,0.0001
1753689600000,8,0.0001
1753718400000,8,0.0001
1753747200001,8,0.0001
1753776000000,8,0.0001
1753804800000,8,0.0001
1753833600011,8,0.0001
1753862400000,8,0.0001
1753891200008,8,0.0001
1753920000000,8,5.694e-05
1753948800009,8,0.0001
1753977600000,8,0.0001
1754006400001,8,-1.408e-05
1754035200003,8,1.549e-05
1754064000000,8,5.681e-05
1754092800004,8,4.81e-05
1754121600000,8,8.94e-06
1754150400000,8,4.437e-05
1754179200000,8,5.633e-05
1754208000000,8,4.533e-05
1754236800003,8,7.504e-05
1754265600004,8,4.188e-05
1754294400000,8,5.719e-05
1754323200002,8,3.912e-05
1754352000000,8,7.101e-05
1754380800000,8,8.589e-05
1754409600000,8,4.784e-05
1754438400005,8,5.172e-05
1754467200000,8,9.275e-05
1754496000000,8,8.288e-05
1754524800003,8,4.843e-05
1754553600002,8,7.574e-05
1754582400002,8,6.275e-05
1754611200002,8,2.403e-05
1754640000004,8,1.729e-05
1754668800000,8,7.973e-05
1754697600005,8,8.835e-05
1754726400000,8,9.087e-05
1754755200007,8,5.151e-05
1754784000003,8,9.849e-05
1754812800005,8,0.0001
1754841600002,8,0.0001
1754870400000,8,0.0001
1754899200000,8,0.0001
1754928000000,8,0.0001
1754956800000,8,0.0001
1754985600001,8,7.988e-05
1755014400005,8,8.543e-05
1755043200000,8,7.123e-05
1755072000002,8,0.0001
1755100800006,8,0.0001
1755129600002,8,0.0001
1755158400003,8,0.0001
1755187200000,8,0.0001
1755216000000,8,1.939e-05
1755244800000,8,7.99e-05
1755273600000,8,3.722e-05
1755302400004,8,8.85e-05
1755331200000,8,8.268e-05
1755360000002,8,9.023e-05
1755388800000,8,8.206e-05
1755417600001,8,4.68e-05
1755446400007,8,1.862e-05
1755475200000,8,2.846e-05
1755504000001,8,-6.82e-06
1755532800002,8,5.296e-05
1755561600000,8,7.137e-05
1755590400001,8,6.262e-05
1755619200000,8,3.167e-05
1755648000000,8,4.543e-05
1755676800000,8,1.364e-05
1755705600000,8,4.936e-05
1755734400006,8,1.143e-05
1755763200000,8,7.757e-05
1755792000003,8,7.414e-05
1755820800010,8,7.296e-05
1755849600007,8,0.0001
1755878400001,8,5.867e-05
1755907200004,8,0.0001
1755936000006,8,0.0001
1755964800000,8,9.711e-05
1755993600001,8,0.0001
1756022400002,8,0.0001
1756051200001,8,0.0001
1756080000000,8,0.0001
1756108800002,8,0.0001
1756137600002,8,8.344e-05
1756166400000,8,4.522e-05
1756195200000,8,3.9e-05
1756224000000,8,0.0001
1756252800003,8,1.802e-05
1756281600000,8,5.503e-05
1756310400009,8,3.496e-05
1756339200000,8,5.297e-05
1756368000005,8,9.693e-05
1756396800004,8,7.512e-05
1756425600000,8,4.261e-05
1756454400000,8,5.856e-05
1756483200005,8,6.44e-06
1756512000000,8,7.523e-05
1756540800002,8,7.979e-05
1756569600003,8,8.042e-05
1756598400016,8,-1.232e-05
1756627200000,8,4.749e-05
1756656000001,8,0.0001
1756684800000,8,4.66e-05
1756713600000,8,0.0001
1756742400001,8,4.963e-05
1756771200000,8,6.946e-05
1756800000005,8,8.805e-05
1756828800007,8,6.356e-05
1756857600006,8,7.67e-06
1756886400002,8,5.127e-05
1756915200002,8,2.344e-05
1756944000002,8,1.808e-05
1756972800000,8,4.385e-05
1757001600000,8,7.941e-05
1757030400001,8,7.532e-05
1757059200006,8,0.0001
1757088000000,8,7.872e-05
1757116800000,8,1.297e-05
1757145600005,8,5.66e-05
1757174400000,8,5.11e-05
1757203200000,8,1.97e-05
1757232000000,8,3.611e-05
1757260800000,8,6.969e-05
1757289600007,8,9.404e-05
1757318400000,8,6.682e-05
1757347200000,8,7.311e-05
1757376000000,8,3.799e-05
1757404800000,8,0.0001
1757433600000,8,0.0001
1757462400000,8,5.805e-05
1757491200002,8,5.026e-05
1757520000000,8,0.0001
1757548800000,8,5.843e-05
1757577600000,8,4.283e-05
1757606400001,8,3.326e-05
1757635200002,8,6.137e-05
1757664000001,8,3.768e-05
1757692800005,8,6.891e-05
1757721600005,8,-1.554e-05
1757750400002,8,2.251e-05
1757779200000,8,3.137e-05
1757808000006,8,8.182e-05
1757836800000,8,4.78e-05
1757865600001,8,3.115e-05
1757894400006,8,6.207e-05
1757923200002,8,8.259e-05
1757952000001,8,8.189e-05
1757980800001,8,9.97e-06
1758009600000,8,6.991e-05
1758038400000,8,6.472e-05
1758067200001,8,6.972e-05
1758096000000,8,8.441e-05
1758124800003,8,6.303e-05
1758153600006,8,4.941e-05
1758182400002,8,8.928e-05
1758211200000,8,4.208e-05
1758240000000,8,-2.31e-06
1758268800005,8,2.109e-05
1758297600000,8,5.264e-05
1758326400000,8,3.757e-05
1758355200000,8,-2.7e-07
1758384000002,8,-1.006e-05
1758412800000,8,-5.322e-05
1758441600000,8,2.563e-05
1758470400000,8,3.742e-05
1758499200005,8,6.665e-05
1758528000003,8,1.743e-05
1758556800000,8,4.838e-05
1758585600000,8,7.062e-05
1758614400001,8,7.083e-05
1758643200000,8,7.478e-05
1758672000003,8,5.794e-05
1758700800001,8,6.267e-05
1758729600002,8,4.886e-05
1758758400000,8,-2.2e-06
1758787200001,8,1.73e-05
1758816000000,8,9.56e-05
1758844800000,8,3.143e-05
1758873600000,8,4.36e-05
1758902400008,8,7.716e-05
1758931200000,8,-1e-07
1758960000010,8,3.425e-05
1758988800003,8,7.821e-05
1759017600000,8,3.314e-05
1759046400000,8,4.976e-05
1759075200000,8,5.261e-05
1759104000000,8,2.312e-05
1759132800002,8,1.304e-05
1759161600001,8,3.2e-07
1759190400002,8,2.353e-05
1759219200005,8,5.893e-05
1759248000000,8,2.584e-05
1759276800000,8,3.355e-05
1759305600000,8,3.457e-05
1759334400000,8,0.0001
1759363200000,8,7.784e-05
1759392000013,8,0.0001
1759420800000,8,9.543e-05
1759449600006,8,9.926e-05
1759478400006,8,0.0001
1759507200000,8,0.0001
1759536000001,8,0.0001
1759564800000,8,0.0001
1759593600000,8,8.312e-05
1759622400000,8,8.648e-05
1759651200003,8,0.0001
1759680000009,8,9.566e-05
1759708800004,8,7.672e-05
1759737600002,8,9.708e-05
1759766400004,8,5.831e-05
1759795200000,8,0.0001
1759824000003,8,8.608e-05
1759852800000,8,6.194e-05
1759881600000,8,2.542e-05
1759910400006,8,0.0001
1759939200002,8,5.396e-05
1759968000001,8,1.344e-05
1759996800000,8,5.35e-05
1760025600000,8,1.455e-05
1760054400005,8,7.85e-06
1760083200002,8,3.879e-05
1760112000014,8,1.013e-05
1760140800000,8,0.0001
1760169600003,8,0.0001
1760198400000,8,4.67e-06
1760227200004,8,-3.055e-05
1760256000002,8,2.865e-05
1760284800000,8,-0.00010915
1760313600003,8,-3.942e-05
1760342400002,8,2.519e-05
1760371200003,8,-2.305e-05
1760400000000,8,-4.041e-05
1760428800000,8,7.12e-06
1760457600000,8,-4.498e-05
1760486400006,8,-5.425e-05
1760515200002,8,3.973e-05
1760544000000,8,2.25e-06
1760572800000,8,-2.741e-05
1760601600003,8,-2.23e-05
1760630400002,8,-3.004e-05
1760659200001,8,-2.85e-06
1760688000005,8,-6.34e-06
1760716800003,8,-2.91e-06
1760745600000,8,-4.819e-05
1760774400002,8,-6.376e-05
1760803200001,8,-3.681e-05
1760832000001,8,-1.411e-05
1760860800001,8,1.512e-05
1760889600001,8,2.787e-05
1760918400004,8,-2.197e-05
1760947200001,8,-6.65e-06
1760976000000,8,-1.8e-07
1761004800009,8,-5.567e-05
1761033600000,8,2.222e-05
1761062400000,8,-2.506e-05
1761091200004,8,-4.212e-05
1761120000000,8,2.445e-05
1761148800000,8,5.702e-05
1761177600000,8,8.911e-05
1761206400001,8,2.673e-05
1761235200004,8,3.933e-05
1761264000000,8,3.391e-05
1761292800000,8,1.783e-05
1761321600009,8,3.224e-05
1761350400000,8,5.02e-05
1761379200001,8,1.484e-05
1761408000001,8,5.57e-05
1761436800001,8,1.903e-05
1761465600001,8,5.35e-06
1761494400000,8,6.904e-05
1761523200000,8,0.0001
1761552000005,8,0.0001
1761580800000,8,7.304e-05
1761609600000,8,6.059e-05
1761638400000,8,7.806e-05
1761667200004,8,2.992e-05
1761696000004,8,-3.2e-07
1761724800005,8,3.588e-05
1761753600000,8,5.003e-05
1761782400004,8,1.097e-05
1761811200008,8,3.449e-05
1761840000001,8,3.562e-05
1761868800000,8,2.13e-06
1761897600008,8,0.0001
1761926400007,8,0.0001
1761955200001,8,0.0001
1761984000000,8,0.0001
1762012800000,8,9.782e-05
1762041600007,8,8.2e-05
1762070400000,8,8.15e-05
1762099200001,8,5.635e-05
1762128000000,8,6.098e-05
1762156800010,8,6.853e-05
1762185600000,8,5.329e-05
1762214400002,8,0.0001
1762243200004,8,5.808e-05
1762272000000,8,6.339e-05
1762300800000,8,7.132e-05
1762329600000,8,2.831e-05
1762358400004,8,2.816e-05
1762387200001,8,3.985e-05
1762416000000,8,7.916e-05
1762444800001,8,4.494e-05
1762473600005,8,4.705e-05
1762502400003,8,4.227e-05
1762531200005,8,8.631e-05
1762560000011,8,7.776e-05
1762588800015,8,3.047e-05
1762617600001,8,3.74e-05
1762646400004,8,-1.64e-05
1762675200000,8,4.187e-05
1762704000005,8,8.948e-05
1762732800000,8,8.87e-05
1762761600000,8,7.355e-05
1762790400003,8,4.979e-05
1762819200007,8,2.818e-05
1762848000000,8,-2.775e-05
1762876800009,8,5.823e-05
1762905600000,8,2.462e-05
1762934400002,8,6.87e-06
1762963200000,8,5.786e-05
1762992000002,8,1.077e-05
1763020800000,8,9.352e-05
1763049600001,8,7.448e-05
1763078400000,8,8.569e-05
1763107200000,8,9.126e-05
1763136000001,8,9.078e-05
1763164800005,8,8.507e-05
1763193600000,8,0.0001
1763222400001,8,5.923e-05
1763251200001,8,7.745e-05
1763280000000,8,0.0001
1763308800000,8,7.06e-05
1763337600003,8,0.0001
1763366400003,8,9.568e-05
1763395200000,8,7.208e-05
1763424000002,8,0.0001
1763452800004,8,0.0001
1763481600000,8,3.725e-05
1763510400000,8,7.496e-05
1763539200000,8,5.012e-05
1763568000008,8,3.98e-05
1763596800000,8,4.259e-05
1763625600000,8,0.0001
1763654400000,8,8.999e-05
1763683200001,8,4.272e-05
1763712000000,8,4.524e-05
1763740800001,8,2.642e-05
1763769600004,8,1.373e-05
1763798400000,8,6.735e-05
1763827200000,8,5.057e-05
1763856000000,8,3.812e-05
1763884800008,8,1.53e-06
1763913600003,8,-8.93e-06
1763942400004,8,-6e-08
1763971200000,8,-1.34e-06
1764000000006,8,5.044e-05
1764028800000,8,-5.29e-05
1764057600009,8,1.996e-05
1764086400007,8,-3.019e-05
1764115200001,8,4.038e-05
1764144000001,8,5.388e-05
1764172800000,8,-4.19e-06
1764201600013,8,-2.599e-05
1764230400000,8,2.408e-05
1764259200004,8,4.624e-05
1764288000008,8,1.771e-05
1764316800000,8,6.007e-05
1764345600008,8,-1.703e-05
1764374400000,8,-1.982e-05
1764403200005,8,1.778e-05
1764432000001,8,2.635e-05
1764460800003,8,6.082e-05
1764489600000,8,3.556e-05
1764518400004,8,3.88e-05
1764547200000,8,3.593e-05
1764576000004,8,3.153e-05
1764604800000,8,1.491e-05
1764633600004,8,-1.009e-05
1764662400000,8,2.643e-05
1764691200000,8,3.999e-05
1764720000000,8,-1.732e-05
1764748800000,8,4.206e-05
1764777600005,8,-8.85e-06
1764806400012,8,-3.95e-06
1764835200000,8,7.435e-05
1764864000011,8,3.928e-05
1764892800000,8,4.837e-05
1764921600000,8,4.944e-05
1764950400010,8,3.91e-06
1764979200001,8,3.693e-05
1765008000001,8,1.919e-05
1765036800008,8,-1.822e-05
1765065600000,8,4.192e-05
1765094400004,8,1.666e-05
1765123200000,8,5.212e-05
1765152000000,8,-5.39e-06
1765180800000,8,6.545e-05
1765209600001,8,3.395e-05
1765238400001,8,8.52e-06
1765267200001,8,6.379e-05
1765296000007,8,5.443e-05
1765324800007,8,2.777e-05
1765353600002,8,1.996e-05
1765382400012,8,3.205e-05
1765411200001,8,2.59e-05
1765440000000,8,-1.577e-05
1765468800000,8,6.1e-05
1765497600005,8,6.914e-05
1765526400007,8,4.698e-05
1765555200002,8,3.383e-05
1765584000001,8,1.21e-06
1765612800006,8,6.02e-05
1765641600000,8,6.041e-05
1765670400000,8,0.0001
1765699200003,8,2.898e-05
1765728000005,8,3.773e-05
1765756800000,8,1.9e-06
1765785600000,8,-8.93e-06
1765814400000,8,3.081e-05
1765843200002,8,7.467e-05
1765872000000,8,1.35e-05
1765900800002,8,4.089e-05
1765929600004,8,6.221e-05
1765958400000,8,8.987e-05
1765987200000,8,5.917e-05
1766016000005,8,6.23e-05
1766044800007,8,-8.67e-06
1766073600001,8,8.355e-05
1766102400000,8,5.491e-05
1766131200001,8,0.0001
1766160000000,8,0.0001
1766188800005,8,0.0001
1766217600000,8,1.234e-05
1766246400002,8,7.171e-05
1766275200000,8,9.682e-05
1766304000009,8,8.873e-05
1766332800000,8,3.977e-05
1766361600000,8,4.389e-05
1766390400005,8,4.524e-05
1766419200009,8,6.654e-05
1766448000000,8,2.633e-05
1766476800000,8,5.231e-05
1766505600001,8,1.795e-05
1766534400001,8,0.0001
1766563200001,8,8.455e-05
1766592000000,8,5.927e-05
1766620800000,8,5.953e-05
1766649600001,8,7.953e-05
1766678400005,8,8.322e-05
1766707200004,8,4.378e-05
1766736000001,8,5.427e-05
1766764800007,8,0.0001
1766793600000,8,1.809e-05
1766822400000,8,2.788e-05
1766851200011,8,5.85e-05
1766880000008,8,-3.6e-07
1766908800000,8,7.955e-05
1766937600000,8,9.464e-05
1766966400016,8,0.0001
1766995200001,8,0.0001
1767024000000,8,4.826e-05
1767052800005,8,0.0001
1767081600001,8,4.613e-05
1767110400003,8,8.345e-05
1767139200004,8,2.922e-05
1767168000001,8,1.453e-05
1767196800001,8,3.75e-05
1767225600008,8,0.0001
1767254400002,8,0.0001
1767283200001,8,1.711e-05
1767312000006,8,5.608e-05
1767340800007,8,4.219e-05
1767369600000,8,4.813e-05
1767398400001,8,3.11e-05
1767427200000,8,1.055e-05
1767456000000,8,6.938e-05
1767484800000,8,9.488e-05
1767513600000,8,5.813e-05
1767542400001,8,4.436e-05
1767571200000,8,8.893e-05
1767600000000,8,5.23e-05
1767628800000,8,7.723e-05
1767657600010,8,-1.376e-05
1767686400000,8,2.816e-05
1767715200000,8,2.691e-05
1767744000001,8,6.582e-05
1767772800001,8,0.0001
1767801600001,8,2.885e-05
1767830400001,8,8.693e-05
1767859200000,8,0.0001
1767888000000,8,6.436e-05
1767916800003,8,-2.813e-05
1767945600000,8,7.258e-05
1767974400001,8,2.18e-06
1768003200000,8,5.643e-05
1768032000002,8,7.657e-05
1768060800001,8,6.235e-05
1768089600003,8,8.744e-05
1768118400006,8,4.67e-05
1768147200000,8,1.667e-05
1768176000005,8,1.813e-05
1768204800000,8,2.902e-05
1768233600000,8,4.65e-05
1768262400007,8,2.245e-05
1768291200009,8,9.838e-05
1768320000002,8,3.445e-05
1768348800000,8,1.29e-06
1768377600001,8,2.497e-05
1768406400004,8,4.076e-05
1768435200000,8,-3.67e-06
1768464000004,8,1.749e-05
1768492800002,8,1.526e-05
1768521600000,8,7.34e-05
1768550400000,8,7.337e-05
1768579200001,8,2.495e-05
1768608000000,8,-1.78e-06
1768636800000,8,3.007e-05
1768665600002,8,2.976e-05
1768694400001,8,3.503e-05
1768723200000,8,9.616e-05
1768752000000,8,6.571e-05
1768780800007,8,3.473e-05
1768809600007,8,1.943e-05
1768838400007,8,2.494e-05
1768867200005,8,9.819e-05
1768896000001,8,6.626e-05
1768924800009,8,5.652e-05
1768953600001,8,0.0001
1768982400011,8,6.055e-05
1769011200011,8,2.41e-05
1769040000010,8,6.355e-05
1769068800003,8,5.11e-05
1769097600005,8,9.419e-05
1769126400005,8,5.09e-05
1769155200000,8,3.39e-05
1769184000011,8,6.968e-05
1769212800011,8,1.531e-05
1769241600002,8,8.909e-05
1769270400001,8,3.901e-05
1769299200002,8,1.336e-05
1769328000011,8,8.051e-05
1769356800005,8,4.917e-05
1769385600000,8,4.067e-05
1769414400003,8,2.847e-05
1769443200000,8,5.606e-05
1769472000002,8,4.267e-05
1769500800000,8,6.028e-05
1769529600000,8,7.503e-05
1769558400000,8,6.237e-05
1769587200000,8,6.174e-05
1769616000000,8,3.83e-05
1769644800000,8,7.21e-05
1769673600009,8,5.856e-05
1769702400000,8,4.023e-05
1769731200008,8,4.478e-05
1769760000000,8,1.714e-05
1769788800001,8,3.1e-06
1769817600000,8,9.693e-05
1769846400001,8,3.548e-05
1769875200009,8,6.585e-05
1769904000001,8,-3.267e-05
1769932800004,8,3.421e-05
1769961600000,8,1.722e-05
1769990400000,8,6.8e-07
1770019200014,8,-3.043e-05
1770048000000,8,-5.713e-05
1770076800000,8,-2.203e-05
1770105600007,8,2.245e-05
1770134400000,8,-4.65e-06
1770163200002,8,1.19e-06
1770192000007,8,3.551e-05
1770220800000,8,4.618e-05
1770249600011,8,9.173e-05
1770278400000,8,2.98e-06
1770307200007,8,-4.957e-05
1770336000000,8,-1.597e-05
1770364800001,8,-0.00013688
1770393600000,8,-0.00013478
1770422400003,8,-0.00015178
1770451200000,8,-8.326e-05
1770480000010,8,-2.907e-05
1770508800003,8,-3.403e-05
1770537600000,8,-3.546e-05
1770566400000,8,-4.864e-05
1770595200002,8,-3.075e-05
1770624000001,8,1.846e-05
1770652800007,8,-4.284e-05
1770681600000,8,-8.798e-05
1770710400007,8,-4.829e-05
1770739200000,8,-8.816e-05
1770768000000,8,1.4e-05
1770796800006,8,-8.417e-05
1770825600000,8,-1.169e-05
1770854400000,8,-1.381e-05
1770883200001,8,3.499e-05
1770912000001,8,-1.728e-05
1770940800007,8,5.834e-05
1770969600003,8,7.16e-06
1770998400005,8,-1.274e-05
1771027200002,8,1.291e-05
1771056000004,8,3.174e-05
1771084800002,8,-3.094e-05
1771113600000,8,-1.068e-05
1771142400002,8,4.664e-05
1771171200000,8,-2.371e-05
1771200000001,8,2.659e-05
1771228800003,8,-3.277e-05
1771257600000,8,-4.112e-05
1771286400008,8,5.883e-05
1771315200001,8,2.672e-05
1771344000002,8,5.077e-05
1771372800000,8,3.215e-05
1771401600000,8,-1.41e-06
1771430400011,8,3.604e-05
1771459200013,8,-4.014e-05
1771488000000,8,2.686e-05
1771516800003,8,-3.052e-05
1771545600000,8,5.365e-05
1771574400000,8,1.302e-05
1771603200000,8,-6.71e-06
1771632000004,8,4.456e-05
1771660800000,8,2.485e-05
1771689600005,8,3.235e-05
1771718400001,8,7.3e-06
1771747200004,8,4.2e-07
1771776000000,8,4.972e-05
1771804800001,8,6.946e-05
1771833600000,8,-9.317e-05
1771862400000,8,2.251e-05
1771891200007,8,5.706e-05
1771920000000,8,-1.193e-05
1771948800001,8,-1.82e-06
1771977600001,8,2.375e-05
1772006400007,8,3.3e-07
1772035200000,8,-9.68e-06
1772064000000,8,-1.998e-05
1772092800006,8,-1.128e-05
1772121600002,8,4.007e-05
1772150400007,8,-9.91e-06
1772179200000,8,-8.123e-05
1772208000001,8,-6.56e-06
1772236800000,8,4.041e-05
1772265600000,8,-3.727e-05
1772294400004,8,-4.305e-05
1772323200005,8,-6.88e-06
1772352000000,8,4.563e-05
1772380800002,8,2.948e-05
1772409600001,8,-2.99e-06
1772438400007,8,-1.956e-05
1772467200000,8,-1.083e-05
1772496000000,8,-1.86e-06
1772524800000,8,1.437e-05
1772553600007,8,1.481e-05
1772582400001,8,-5.39e-05
1772611200005,8,2.52e-05
1772640000000,8,4.683e-05
1772668800000,8,3.567e-05
1772697600000,8,4.965e-05
1772726400004,8,1.74e-06
1772755200001,8,1.689e-05
1772784000001,8,-3.061e-05
1772812800004,8,-2.176e-05
1772841600001,8,6.19e-06
1772870400012,8,3.525e-05
1772899200001,8,-4.217e-05
1772928000001,8,-4.496e-05
1772956800000,8,-1.115e-05
1772985600002,8,-2.868e-05
1773014400000,8,-5.77e-05
1773043200004,8,-4.579e-05
1773072000003,8,-3.431e-05
1773100800012,8,-2.394e-05
1773129600002,8,1.23e-05
1773158400001,8,1.738e-05
1773187200000,8,-0.00011052
1773216000007,8,-5.252e-05
1773244800010,8,-5.824e-05
1773273600000,8,-7.802e-05
1773302400000,8,-5.392e-05
1773331200000,8,-7.381e-05
1773360000006,8,-2.789e-05
1773388800001,8,4.263e-05
1773417600000,8,-6.38e-06
1773446400001,8,-3.79e-06
1773475200000,8,-3.988e-05
1773504000007,8,-4.851e-05
1773532800000,8,-1.883e-05
1773561600000,8,-6.461e-05
1773590400000,8,2.659e-05
1773619200000,8,2.513e-05
1773648000010,8,7.139e-05
1773676800000,8,2.015e-05
1773705600000,8,2.41e-06
1773734400002,8,-2.505e-05
1773763200011,8,-1.26e-05
1773792000002,8,-6.569e-05
1773820800002,8,-4.813e-05
1773849600005,8,2.418e-05
1773878400000,8,-9.74e-06
1773907200003,8,-3.012e-05
1773936000003,8,1.205e-05
1773964800002,8,6.25e-06
1773993600000,8,7.53e-06
1774022400000,8,-2.23e-06
1774051200000,8,-1.493e-05
1774080000000,8,-7.38e-06
1774108800014,8,1.093e-05
1774137600012,8,8.06e-06
1774166400007,8,-4.425e-05
1774195200002,8,-6.837e-05
1774224000000,8,-2.079e-05
1774252800003,8,-2.863e-05
1774281600002,8,1.6e-06
1774310400000,8,4.229e-05
1774339200000,8,3.675e-05
1774368000003,8,3.056e-05
1774396800000,8,2.31e-05
1774425600000,8,1.074e-05
1774454400013,8,4.721e-05
1774483200001,8,2.448e-05
1774512000001,8,1.379e-05
1774540800000,8,-2.103e-05
1774569600006,8,2.925e-05
1774598400000,8,-6.298e-05
1774627200000,8,-5.841e-05
1774656000005,8,-8.088e-05
1774684800005,8,-7.604e-05
1774713600000,8,-1.73e-06
1774742400003,8,-3.68e-05
1774771200001,8,-1.2e-07
1774800000000,8,2.677e-05
1774828800000,8,3e-06
1774857600005,8,4.92e-06
1774886400000,8,7.58e-06
1774915200000,8,1.16e-06
1774944000000,8,-1.921e-05
1774972800000,8,-2.763e-05
1775001600000,8,-3.449e-05
1775030400000,8,-4.61e-06
1775059200000,8,5.77e-06
1775088000003,8,3.521e-05
1775116800001,8,8.45e-06
1775145600001,8,-7.398e-05
1775174400000,8,-8.31e-06
1775203200008,8,-5.99e-06
1775232000008,8,3.51e-06
1775260800000,8,3.761e-05
1775289600003,8,4.115e-05
1775318400000,8,1.651e-05
1775347200008,8,2.407e-05
1775376000000,8,3.812e-05
1775404800001,8,1.889e-05
1775433600004,8,7.073e-05
1775462400001,8,5.544e-05
1775491200003,8,4.23e-06
1775520000000,8,-3.15e-06
1775548800000,8,3.703e-05
1775577600000,8,7.393e-05
1775606400000,8,6.02e-05
1775635200000,8,1.563e-05
1775664000006,8,4.048e-05
1775692800000,8,-1.47e-06
1775721600010,8,5.239e-05
1775750400001,8,-1.986e-05
1775779200000,8,4.11e-06
1775808000005,8,2.458e-05
1775836800000,8,-2.187e-05
1775865600000,8,-7.225e-05
1775894400000,8,-6.083e-05
1775923200003,8,-6.755e-05
1775952000000,8,-8.108e-05
1775980800000,8,-3.69e-05
1776009600000,8,-3.35e-06
1776038400011,8,-2.34e-06
1776067200006,8,-1.83e-06
1776096000000,8,-5.409e-05
1776124800005,8,-5.854e-05
1776153600003,8,2.732e-05
1776182400001,8,-5.234e-05
1776211200000,8,-9.313e-05
1776240000000,8,-5.085e-05
1776268800000,8,-7.151e-05
1776297600013,8,-3.418e-05
1776326400000,8,-2.841e-05
1776355200000,8,-2.225e-05
1776384000001,8,3.297e-05
1776412800011,8,2.781e-05
1776441600001,8,-0.00010789
1776470400001,8,-8.098e-05
1776499200006,8,-7.082e-05
1776528000000,8,-4.586e-05
1776556800002,8,-8.395e-05
1776585600010,8,-7.219e-05
1776614400001,8,-0.00012276
1776643200000,8,-4.615e-05
1776672000000,8,-4.778e-05
1776700800001,8,-2.745e-05
1776729600000,8,-7.937e-05
1776758400004,8,-5.824e-05
1776787200004,8,-4.242e-05
1776816000004,8,-2.237e-05
1776844800000,8,3.56e-05
1776873600000,8,-7.49e-06
1776902400000,8,-7.87e-05
1776931200000,8,-3.553e-05
1776960000004,8,-6.696e-05
1776988800006,8,-3.829e-05
1777017600000,8,-7.865e-05
1777046400000,8,-3.152e-05
1777075200000,8,-1.077e-05
1777104000002,8,-6.235e-05
1777132800002,8,-5.699e-05
1777161600003,8,2.41e-06
1777190400007,8,1.53e-06
1777219200004,8,1.95e-06
1777248000004,8,2.49e-06
1777276800000,8,-8.659e-05
1777305600002,8,-5.678e-05
1777334400001,8,-3.951e-05
1777363200000,8,-3.204e-05
1777392000004,8,5.242e-05
1777420800006,8,1.305e-05
1777449600011,8,-2.84e-05
1777478400003,8,3.571e-05
1777507200002,8,-4.22e-05
1777536000000,8,-1.837e-05
1777564800000,8,-2.904e-05
1777593600000,8,-3.746e-05
1777622400005,8,-1.81e-05
1777651200000,8,-3.143e-05
1777680000006,8,-8.22e-06
1777708800000,8,-5.103e-05
1777737600010,8,-2.54e-05
1777766400005,8,2.29e-05
1777795200003,8,-1.398e-05
1777824000000,8,7.03e-06
1777852800000,8,4.304e-05
1777881600000,8,-1.58e-06
1777910400003,8,-3.16e-05
1777939200000,8,-3.83e-06
1777968000011,8,-4.626e-05
1777996800000,8,-8.24e-05
1778025600010,8,-9.153e-05
1778054400000,8,-6.15e-05
1778083200002,8,-3.756e-05
1778112000000,8,-5.856e-05
1778140800000,8,-4.568e-05
1778169600004,8,-3.014e-05
1778198400003,8,-7.406e-05
1778227200002,8,2.415e-05
1778256000003,8,-1.542e-05
1778284800000,8,1.841e-05
1778313600001,8,-3.792e-05
1778342400002,8,3.645e-05
1778371200003,8,9e-07
1778400000000,8,4.626e-05
1778428800000,8,5.764e-05
1778457600000,8,5.798e-05
1778486400000,8,2.592e-05
1778515200000,8,4.555e-05
1778544000002,8,-1.15e-06
1778572800008,8,3.877e-05
1778601600000,8,5.822e-05
1778630400010,8,5.367e-05
1778659200003,8,5.437e-05
1778688000001,8,1.749e-05
1778716800005,8,3.928e-05
1778745600000,8,2.928e-05
1778774400000,8,4.094e-05
1778803200000,8,-4.239e-05
1778832000016,8,-1.893e-05
1778860800012,8,1.548e-05
1778889600005,8,3.938e-05
1778918400000,8,-2.1e-06
1778947200005,8,4.955e-05
1778976000000,8,4.037e-05
1779004800010,8,1.176e-05
1779033600009,8,4.8e-07
1779062400007,8,-1.131e-05
1779091200002,8,5.778e-05
1779120000007,8,7.178e-05
1779148800001,8,5.164e-05
1779177600001,8,4.809e-05
1779206400009,8,5.563e-05
1779235200001,8,3.254e-05
1779264000006,8,7.983e-05
1779292800000,8,6.858e-05
1779321600001,8,1.925e-05
1779350400000,8,4.003e-05
1779379200000,8,6.13e-05
1779408000000,8,3.564e-05
1779436800004,8,-8.2e-06
1779465600001,8,2.891e-05
1779494400009,8,1.783e-05
1779523200001,8,1.025e-05
1779552000003,8,7.441e-05
1779580800011,8,9.044e-05
1779609600008,8,6.29e-05
1779638400000,8,6.265e-05
1779667200001,8,6.549e-05
1779696000001,8,3.527e-05
1779724800001,8,1.426e-05
1779753600000,8,8.058e-05
1779782400003,8,3.852e-05
1779811200000,8,5.776e-05
1779840000000,8,0.0001
1779868800004,8,8.948e-05
1779897600009,8,9.914e-05
1779926400001,8,0.0001
1779955200000,8,5.011e-05
1779984000001,8,0.0001
1780012800000,8,0.0001
1780041600001,8,5.391e-05
1780070400008,8,6.702e-05
1780099200000,8,3.464e-05
1780128000001,8,4.732e-05
1780156800000,8,6.214e-05
1780185600000,8,4.432e-05
1780214400000,8,5.663e-05
1780243200004,8,5.988e-05
