calc_time,funding_interval_hours,funding_rate
1609459200002,8,-0.00165238
1609488000006,8,-0.00204383
1609516800003,8,-0.0008075
1609545600000,8,-0.00120567
1609574400000,8,0.0001
1609603200006,8,-7.871e-05
1609632000018,8,-9.318e-05
1609660800000,8,-0.00048296
1609689600002,8,-0.00253289
1609718400000,8,-0.00302774
1609747200000,8,0.0001
1609776000000,8,-0.00240332
1609804800020,8,-0.00667102
1609833600003,8,-0.00285395
1609862400003,8,-0.00482538
1609891200010,8,-0.0075
1609920000003,8,-0.0075
1609948800000,8,-0.0075
1609977600007,8,-0.0075
1610006400000,8,-0.0075
1610035200004,8,0.0
1610064000000,8,-0.00094262
1610092800000,8,0.00071256
1610121600000,8,0.00012872
1610150400009,8,0.0003294
1610179200004,8,0.00138669
1610208000000,8,0.00051747
1610236800000,8,0.00318311
1610265600005,8,0.00201398
1610294400000,8,0.00080074
1610323200000,8,0.00024441
1610352000012,8,0.0001
1610380800000,8,0.00087274
1610409600000,8,0.0001
1610438400000,8,-4.075e-05
1610467200008,8,0.0001
1610496000001,8,0.00030906
1610524800000,8,0.00028285
1610553600003,8,0.0001
1610582400000,8,0.0001
1610611200012,8,0.00013077
1610640000000,8,0.00127162
1610668800002,8,0.0001
1610697600000,8,0.0001
1610726400004,8,0.00099857
1610755200000,8,0.00063201
1610784000008,8,0.00082427
1610812800000,8,0.00199151
1610841600009,8,0.0011316
1610870400000,8,0.00088588
1610899200001,8,0.00026075
1610928000000,8,0.00122517
1610956800004,8,0.0007264
1610985600000,8,0.00146114
1611014400000,8,0.00120146
1611043200005,8,0.00123494
1611072000012,8,0.0001
1611100800012,8,0.0001
1611129600001,8,0.0001
1611158400001,8,-0.00034721
1611187200000,8,-4.668e-05
1611216000000,8,0.0001
1611244800004,8,-8.357e-05
1611273600012,8,-0.00054589
1611302400003,8,-0.00028412
1611331200001,8,0.0001
1611360000000,8,0.0001
1611388800002,8,0.0001
1611417600000,8,0.0001
1611446400001,8,0.0001
1611475200011,8,0.00014037
1611504000005,8,0.0001
1611532800007,8,0.00019694
1611561600012,8,0.0011324
1611590400000,8,0.0001
1611619200007,8,0.0001
1611648000000,8,0.0001
1611676800000,8,0.0001
1611705600000,8,0.0001
1611734400011,8,0.0001
1611763200003,8,0.0001
1611792000000,8,0.0001
1611820800000,8,0.0001
1611849600000,8,0.00032246
1611878400009,8,0.0001027
1611907200000,8,0.00046897
1611936000000,8,0.00135527
1611964800000,8,0.00074522
1611993600000,8,0.000426
1612022400000,8,0.00083867
1612051200009,8,0.00136282
1612080000000,8,0.00068997
1612108800000,8,0.00125194
1612137600001,8,0.00025519
1612166400014,8,0.00037017
1612195200000,8,0.00023243
1612224000000,8,0.00049185
1612252800006,8,0.00049058
1612281600000,8,0.00178222
1612310400009,8,0.00185223
1612339200006,8,0.00090423
1612368000006,8,0.00103602
1612396800005,8,0.00114612
1612425600000,8,0.00196534
1612454400011,8,0.00116031
1612483200009,8,0.00139904
1612512000004,8,0.00250409
1612540800000,8,0.00248849
1612569600008,8,0.0012523
1612598400009,8,0.00177772
1612627200000,8,0.0015495
1612656000000,8,0.00069317
1612684800005,8,0.0001
1612713600001,8,0.0001
1612742400000,8,0.00045129
1612771200001,8,0.00085861
1612800000000,8,0.00189272
1612828800010,8,0.00209319
1612857600006,8,0.00304915
1612886400007,8,0.0028669
1612915200009,8,0.00243443
1612944000014,8,0.00332469
1612972800005,8,0.00113941
1613001600000,8,0.0016268
1613030400000,8,0.00151791
1613059200000,8,0.00128569
1613088000000,8,0.00211126
1613116800000,8,0.00076834
1613145600000,8,0.00087438
1613174400001,8,0.0026051
1613203200003,8,0.00188627
1613232000000,8,0.0014149
1613260800013,8,0.00251514
1613289600000,8,0.00252331
1613318400008,8,0.00257419
1613347200000,8,0.00066418
1613376000006,8,0.0001
1613404800000,8,0.0001
1613433600001,8,0.0001
1613462400000,8,0.00158627
1613491200010,8,0.00147931
1613520000005,8,0.0001
1613548800010,8,0.00100129
1613577600008,8,0.00142102
1613606400012,8,0.00104079
1613635200000,8,0.00155495
1613664000009,8,0.00083108
1613692800010,8,0.00094704
1613721600002,8,0.00094971
1613750400008,8,0.00077114
1613779200000,8,0.00134072
1613808000009,8,0.00167508
1613836800000,8,0.00248155
1613865600007,8,0.00087849
1613894400012,8,0.00097512
1613923200001,8,0.00101935
1613952000006,8,0.00090367
1613980800002,8,0.00060976
1614009600000,8,0.0001
1614038400000,8,-0.00114458
1614067200006,8,0.0001
1614096000000,8,0.0001
1614124800012,8,0.0001
1614153600016,8,0.00031868
1614182400011,8,0.0001
1614211200007,8,0.0001
1614240000000,8,0.0001
1614268800010,8,0.00038425
1614297600000,8,0.0001
1614326400025,8,0.0001
1614355200010,8,0.0001
1614384000001,8,0.0001
1614412800000,8,0.0001
1614441600000,8,0.00013802
1614470400021,8,0.0001
1614499200009,8,0.0001
1614528000000,8,0.0001
1614556800000,8,0.0001
1614585600003,8,0.00012534
1614614400001,8,0.00038175
1614643200000,8,0.00021657
1614672000000,8,0.00051119
1614700800004,8,0.00023872
1614729600000,8,0.0007243
1614758400016,8,0.00026329
1614787200000,8,0.00096015
1614816000000,8,0.00017193
1614844800015,8,0.00048191
1614873600001,8,0.00058971
1614902400000,8,0.00018864
1614931200002,8,0.0001
1614960000008,8,0.00018812
1614988800000,8,0.00051149
1615017600000,8,0.00058979
1615046400000,8,0.00023359
1615075200006,8,0.0006165
1615104000005,8,0.0009311
1615132800008,8,0.00051022
1615161600000,8,0.0004945
1615190400000,8,0.00048468
1615219200006,8,0.00127854
1615248000000,8,0.00142095
1615276800000,8,0.00139988
1615305600000,8,0.00131768
1615334400009,8,0.00167246
1615363200006,8,0.00078312
1615392000008,8,0.00110016
1615420800000,8,0.00059116
1615449600000,8,0.00064766
1615478400014,8,0.00068954
1615507200002,8,0.00065755
1615536000005,8,0.00087095
1615564800011,8,0.00056749
1615593600000,8,0.00077028
1615622400002,8,0.0004546
1615651200000,8,0.00143906
1615680000011,8,0.00115139
1615708800000,8,0.00123232
1615737600000,8,0.00131239
1615766400012,8,0.00131865
1615795200016,8,0.00074456
1615824000030,8,0.00089187
1615852800005,8,0.00091104
1615881600008,8,0.00038295
1615910400012,8,0.0008697
1615939200010,8,0.00083967
1615968000000,8,0.00114411
1615996800009,8,0.00074567
1616025600001,8,0.00143186
1616054400000,8,0.00099333
1616083200000,8,0.00185766
1616112000011,8,0.0002296
1616140800001,8,0.00044739
1616169600000,8,0.00018788
1616198400000,8,0.00011949
1616227200000,8,0.0001
1616256000007,8,0.00027957
1616284800000,8,0.00012712
1616313600000,8,0.0001
1616342400000,8,0.0001
1616371200007,8,0.0001
1616400000001,8,-0.00015996
1616428800000,8,0.00018783
1616457600000,8,0.0001
1616486400010,8,0.0001
1616515200023,8,7.387e-05
1616544000002,8,0.0001
1616572800000,8,0.0001
1616601600000,8,0.0001
1616630400000,8,0.0001
1616659200000,8,0.0001
1616688000000,8,0.0001
1616716800008,8,0.0001
1616745600000,8,0.0001
1616774400012,8,0.00031536
1616803200018,8,0.0001
1616832000000,8,0.00014263
1616860800001,8,0.00034532
1616889600000,8,0.000344
1616918400000,8,0.00033489
1616947200005,8,0.00081974
1616976000003,8,0.00085582
1617004800000,8,0.00075959
1617033600000,8,0.00077512
1617062400018,8,0.00045834
1617091200012,8,0.00119744
1617120000001,8,0.00134349
1617148800000,8,0.00089395
1617177600000,8,0.00054855
1617206400000,8,0.00057877
1617235200025,8,0.00103263
1617264000011,8,0.00104792
1617292800004,8,0.00084334
1617321600000,8,0.000564
1617350400000,8,0.00150169
1617379200000,8,0.00096656
1617408000003,8,0.00090108
1617436800000,8,0.00142513
1617465600000,8,0.00167753
1617494400000,8,0.00016572
1617523200000,8,0.00080358
1617552000016,8,0.0001
1617580800000,8,0.00085227
1617609600001,8,0.00012199
1617638400001,8,0.00136006
1617667200010,8,0.00140962
1617696000000,8,0.00149504
1617724800003,8,0.00046872
1617753600000,8,0.0001
1617782400006,8,0.0001
1617811200004,8,0.0001
1617840000013,8,0.00030698
1617868800003,8,0.0001
1617897600005,8,0.00017952
1617926400000,8,0.0001
1617955200004,8,0.0001
1617984000004,8,0.00027232
1618012800011,8,0.0001
1618041600005,8,0.00091825
1618070400000,8,0.00083453
1618099200004,8,0.00076444
1618128000000,8,0.00076346
1618156800000,8,0.00042257
1618185600001,8,0.00113291
1618214400001,8,0.00086506
1618243200008,8,0.00065468
1618272000003,8,0.00065355
1618300800008,8,0.00106733
1618329600008,8,0.00161617
1618358400008,8,0.00082883
1618387200000,8,0.00150253
1618416000012,8,0.0005878
1618444800006,8,0.0010579
1618473600000,8,0.00141831
1618502400008,8,0.00054664
1618531200008,8,0.00074493
1618560000000,8,0.00063461
1618588800002,8,0.0017762
1618617600008,8,0.00114295
1618646400000,8,0.00069825
1618675200001,8,0.00098868
1618704000006,8,0.00069042
1618732800004,8,-0.00081587
1618761600000,8,0.0003846
1618790400000,8,0.00011935
1618819200000,8,0.00052771
1618848000009,8,0.0001
1618876800004,8,0.00069128
1618905600000,8,0.00031573
1618934400001,8,0.00013798
1618963200013,8,0.0001
1618992000001,8,0.00029116
1619020800002,8,0.0001
1619049600000,8,0.0001
1619078400000,8,0.0001
1619107200001,8,0.0001
1619136000002,8,0.0001
1619164800009,8,0.00022517
1619193600001,8,0.0001
1619222400019,8,0.0001
1619251200001,8,0.0001
1619280000011,8,0.0001
1619308800000,8,0.0001
1619337600010,8,0.0001537
1619366400000,8,5.25e-05
1619395200003,8,0.0001
1619424000002,8,0.0001
1619452800004,8,0.0001
1619481600000,8,0.00041422
1619510400000,8,0.00028532
1619539200009,8,0.00055267
1619568000000,8,0.00067111
1619596800000,8,0.00018219
1619625600001,8,0.0002257
1619654400004,8,0.0001
1619683200013,8,0.00047434
1619712000003,8,0.00013104
1619740800004,8,0.00019041
1619769600019,8,0.00045193
1619798400003,8,0.00034639
1619827200002,8,0.00050075
1619856000006,8,0.00104765
1619884800000,8,0.00040718
1619913600010,8,0.0004006
1619942400011,8,0.00061887
1619971200007,8,0.00062817
1620000000003,8,0.00027681
1620028800000,8,0.00047332
1620057600043,8,0.00068101
1620086400004,8,0.00089378
1620115200003,8,0.00033292
1620144000011,8,0.00048984
1620172800001,8,0.00021686
1620201600007,8,0.00060678
1620230400001,8,0.00075134
1620259200003,8,0.00077937
1620288000001,8,0.00117706
1620316800000,8,0.00172483
1620345600000,8,0.00090695
1620374400000,8,0.00086546
1620403200001,8,0.00119054
1620432000006,8,0.00075413
1620460800000,8,0.00082146
1620489600000,8,0.00072061
1620518400005,8,0.00043005
1620547200016,8,0.00044195
1620576000000,8,0.00057052
1620604800004,8,0.00057419
1620633600000,8,0.00074243
1620662400013,8,0.00111008
1620691200000,8,0.0001
1620720000000,8,0.0001
1620748800002,8,0.00037151
1620777600004,8,0.0001
1620806400007,8,0.00036144
1620835200012,8,0.00034871
1620864000016,8,0.00022113
1620892800000,8,0.0001
1620921600008,8,0.0001
1620950400007,8,0.0001
1620979200001,8,0.0001
1621008000004,8,0.00014439
1621036800022,8,0.0002179
1621065600014,8,0.00039831
1621094400002,8,0.00046368
1621123200000,8,0.00014056
1621152000003,8,0.00057802
1621180800002,8,0.00044938
1621209600005,8,0.00063116
1621238400001,8,0.0003684
1621267200000,8,0.00040371
1621296000019,8,0.0001
1621324800001,8,0.00021292
1621353600006,8,0.00048279
1621382400000,8,0.0001
1621411200003,8,0.00023608
1621440000018,8,-0.00536402
1621468800005,8,0.00011177
1621497600000,8,0.0001
1621526400005,8,0.0001
1621555200000,8,0.0001
1621584000000,8,0.0001
1621612800001,8,0.0001
1621641600001,8,0.0001
1621670400002,8,0.0001
1621699200005,8,0.0001
1621728000006,8,0.0001
1621756800004,8,0.0001
1621785600002,8,0.0001
1621814400007,8,0.0001
1621843200005,8,0.0001
1621872000005,8,0.0001
1621900800000,8,0.0001
1621929600014,8,0.0001
1621958400000,8,0.0001
1621987200022,8,0.0001
1622016000018,8,0.0001
1622044800004,8,0.0001
1622073600000,8,0.0001
1622102400017,8,0.0001
1622131200000,8,0.0001
1622160000005,8,0.0001
1622188800009,8,0.0001
1622217600000,8,0.0001
1622246400006,8,0.0001
1622275200000,8,0.0001
1622304000000,8,0.0001
1622332800003,8,0.0001
1622361600004,8,0.0001
1622390400018,8,0.0001
1622419200002,8,0.0001
1622448000000,8,0.0001
1622476800000,8,0.0001
1622505600001,8,0.0001
1622534400010,8,0.0001
1622563200010,8,0.0001
1622592000008,8,0.0001
1622620800000,8,0.0001
1622649600007,8,0.0001
1622678400019,8,0.0001
1622707200002,8,0.0001
1622736000003,8,0.0001
1622764800003,8,0.0001
1622793600006,8,0.0001
1622822400002,8,0.0001
1622851200000,8,0.0001
1622880000004,8,0.0001
1622908800020,8,0.0001
1622937600000,8,0.0001
1622966400004,8,0.0001
1622995200000,8,0.0001
1623024000007,8,0.0001
1623052800007,8,0.0001
1623081600003,8,0.0001
1623110400000,8,0.0001
1623139200000,8,0.0001
1623168000002,8,0.0001
1623196800009,8,-1.63e-05
1623225600002,8,1.053e-05
1623254400000,8,-6.088e-05
1623283200007,8,0.0001
1623312000003,8,0.0001
1623340800000,8,0.0001
1623369600010,8,0.0001
1623398400007,8,0.0001
1623427200006,8,0.0001
1623456000005,8,0.0001
1623484800000,8,0.0001
1623513600018,8,0.0001
1623542400002,8,0.0001
1623571200000,8,0.0001
1623600000003,8,0.0001
1623628800000,8,0.0001
1623657600015,8,0.0001
1623686400000,8,0.0001
1623715200000,8,0.0001
1623744000000,8,0.0001
1623772800004,8,0.0001
1623801600004,8,0.0001
1623830400001,8,0.0001
1623859200000,8,0.0001
1623888000004,8,0.0001
1623916800000,8,0.0001
1623945600002,8,0.0001
1623974400009,8,0.0001
1624003200014,8,0.0001
1624032000007,8,0.0001
1624060800003,8,0.0001
1624089600001,8,5.286e-05
1624118400000,8,0.0001
1624147200005,8,5.139e-05
1624176000000,8,1.243e-05
1624204800002,8,-0.00015506
1624233600019,8,0.0001
1624262400000,8,-0.00014527
1624291200024,8,-0.00012222
1624320000008,8,-0.00015939
1624348800009,8,8.849e-05
1624377600001,8,-0.00063866
1624406400003,8,3.778e-05
1624435200000,8,-0.00016983
1624464000000,8,-0.00048376
1624492800009,8,-0.00040513
1624521600018,8,-3.98e-05
1624550400001,8,-3.274e-05
1624579200009,8,-8.45e-06
1624608000004,8,-5.36e-06
1624636800000,8,8.509e-05
1624665600007,8,1.487e-05
1624694400000,8,2.356e-05
1624723200002,8,-0.00027879
1624752000005,8,-0.00010767
1624780800010,8,0.0001
1624809600001,8,0.0001
1624838400025,8,0.0001
1624867200017,8,0.0001
1624896000007,8,0.0001
1624924800008,8,0.0001
1624953600000,8,0.0001
1624982400000,8,-4.814e-05
1625011200011,8,0.0001
1625040000044,8,0.0001
1625068800005,8,0.0001
1625097600000,8,8.824e-05
1625126400004,8,0.0001
1625155200028,8,0.0001
1625184000002,8,0.0001
1625212800016,8,0.0001
1625241600007,8,0.0001
1625270400008,8,0.0001
1625299200000,8,0.0001
1625328000004,8,0.0001
1625356800012,8,0.0001
1625385600002,8,0.0001
1625414400003,8,0.0001
1625443200004,8,0.0001
1625472000000,8,0.0001
1625500800009,8,0.0001
1625529600008,8,0.0001
1625558400019,8,0.0001
1625587200000,8,0.0001
1625616000007,8,0.0001
1625644800001,8,0.0001
1625673600008,8,0.0001
1625702400002,8,0.0001
1625731200010,8,0.0001
1625760000003,8,0.0001
1625788800000,8,0.0001
1625817600006,8,0.0001
1625846400000,8,2.573e-05
1625875200002,8,0.0001
1625904000000,8,0.0001
1625932800001,8,0.0001
1625961600001,8,0.0001
1625990400025,8,0.0001
1626019200006,8,0.0001
1626048000000,8,0.0001
1626076800021,8,0.0001
1626105600000,8,0.0001
1626134400000,8,0.0001
1626163200013,8,0.0001
1626192000005,8,0.0001
1626220800000,8,0.0001
1626249600000,8,0.0001
1626278400005,8,0.0001
1626307200005,8,0.0001
1626336000001,8,0.0001
1626364800000,8,0.0001
1626393600000,8,0.0001
1626422400000,8,0.0001
1626451200001,8,0.0001
1626480000004,8,0.0001
1626508800009,8,0.0001
1626537600006,8,0.0001
1626566400000,8,0.0001
1626595200001,8,0.0001
1626624000003,8,0.0001
1626652800002,8,0.0001
1626681600006,8,0.0001
1626710400006,8,0.0001
1626739200002,8,9.854e-05
1626768000011,8,-8.31e-06
1626796800001,8,-0.00011297
1626825600022,8,-0.00011333
1626854400000,8,2.876e-05
1626883200018,8,8.264e-05
1626912000002,8,0.0001
1626940800006,8,0.0001
1626969600010,8,0.0001
1626998400013,8,0.0001
1627027200000,8,0.0001
1627056000005,8,0.0001
1627084800000,8,0.0001
1627113600002,8,0.0001
1627142400001,8,0.0001
1627171200003,8,0.0001
1627200000015,8,0.0001
1627228800000,8,0.0001
1627257600000,8,0.0001
1627286400000,8,0.0001
1627315200000,8,0.0001
1627344000046,8,0.0001
1627372800014,8,0.0001
1627401600007,8,0.0001
1627430400000,8,0.0001
1627459200002,8,0.0001
1627488000005,8,0.0001
1627516800004,8,0.0001
1627545600000,8,0.0001
1627574400007,8,0.0001
1627603200004,8,0.0001
1627632000000,8,0.0001
1627660800000,8,0.0001
1627689600000,8,0.0001
1627718400014,8,0.0001
1627747200003,8,0.0001
1627776000005,8,0.0001
1627804800016,8,0.0001
1627833600001,8,0.0001
1627862400000,8,0.0001
1627891200014,8,0.0001
1627920000021,8,0.0001
1627948800000,8,0.0001
1627977600000,8,0.0001
1628006400009,8,0.0001
1628035200000,8,0.0001
1628064000000,8,0.0001
1628092800003,8,0.0001
1628121600000,8,0.0001
1628150400000,8,0.0001
1628179200001,8,0.00010194
1628208000000,8,0.0001
1628236800004,8,0.0001
1628265600003,8,0.0001
1628294400015,8,0.00017964
1628323200001,8,0.00013994
1628352000002,8,0.00057549
1628380800000,8,0.00031014
1628409600002,8,0.00022565
1628438400018,8,0.00025136
1628467200000,8,0.0001
1628496000000,8,0.00012233
1628524800002,8,0.0001
1628553600000,8,0.00013435
1628582400003,8,0.00018125
1628611200000,8,0.000245
1628640000006,8,0.00015242
1628668800003,8,0.00032506
1628697600000,8,0.00041409
1628726400013,8,0.00028542
1628755200001,8,0.0001
1628784000000,8,0.0001822
1628812800000,8,0.0001
1628841600000,8,0.0001
1628870400002,8,0.00013008
1628899200006,8,0.00010458
1628928000000,8,0.00029733
1628956800000,8,0.00010998
1628985600003,8,0.00021955
1629014400000,8,0.00027631
1629043200007,8,0.00040055
1629072000012,8,0.00069957
1629100800003,8,0.0008687
1629129600010,8,0.00020261
1629158400018,8,0.00084422
1629187200015,8,0.00048943
1629216000006,8,0.00059362
1629244800000,8,0.0001
1629273600000,8,0.0001
1629302400011,8,0.0001
1629331200000,8,0.00043629
1629360000014,8,0.00019732
1629388800000,8,0.0001
1629417600000,8,0.00012284
1629446400001,8,0.00053092
1629475200001,8,0.00060041
1629504000005,8,0.00053411
1629532800001,8,0.00058059
1629561600000,8,0.00023414
1629590400005,8,0.0001
1629619200007,8,0.00023923
1629648000002,8,0.00023249
1629676800003,8,0.0001
1629705600005,8,0.0003922
1629734400002,8,0.00041888
1629763200006,8,0.00037756
1629792000004,8,0.00071925
1629820800000,8,0.00025647
1629849600015,8,0.0001
1629878400000,8,0.0001
1629907200000,8,0.0001
1629936000001,8,0.0001
1629964800016,8,0.0001
1629993600004,8,0.0001
1630022400013,8,0.0001
1630051200001,8,0.0001
1630080000004,8,0.0001
1630108800000,8,9.474e-05
1630137600000,8,0.0001
1630166400000,8,0.0001
1630195200000,8,0.0001
1630224000002,8,0.0001
1630252800005,8,0.00014102
1630281600013,8,0.0001
1630310400008,8,0.0002077
1630339200000,8,0.0001
1630368000000,8,0.00031369
1630396800007,8,0.0001
1630425600003,8,0.0005946
1630454400000,8,0.00068753
1630483200006,8,0.00042945
1630512000000,8,0.00030261
1630540800009,8,0.00095456
1630569600006,8,0.00086089
1630598400007,8,0.00082164
1630627200011,8,0.00069243
1630656000000,8,0.0001
1630684800002,8,0.00082931
1630713600003,8,0.00038232
1630742400008,8,0.00050916
1630771200009,8,0.00092071
1630800000002,8,0.0005137
1630828800002,8,0.00094466
1630857600000,8,0.00121532
1630886400003,8,0.00077047
1630915200008,8,0.00093618
1630944000009,8,0.00028808
1630972800004,8,0.0001
1631001600002,8,0.0001
1631030400001,8,0.0001
1631059200005,8,0.00032269
1631088000000,8,0.00034589
1631116800000,8,0.00023683
1631145600006,8,0.0001
1631174400014,8,0.00030828
1631203200002,8,0.0001
1631232000001,8,0.00010525
1631260800018,8,0.00024568
1631289600006,8,0.00027075
1631318400000,8,0.00013268
1631347200001,8,0.00010914
1631376000000,8,0.0001
1631404800000,8,0.0001
1631433600002,8,0.00020096
1631462400000,8,0.00034487
1631491200000,8,0.0002385
1631520000007,8,0.00016658
1631548800005,8,0.0001
1631577600002,8,0.0001
1631606400000,8,0.0001
1631635200007,8,0.0001
1631664000012,8,0.00018155
1631692800003,8,0.000248
1631721600006,8,0.00037517
1631750400008,8,0.00039901
1631779200005,8,0.00055144
1631808000002,8,0.00051906
1631836800000,8,0.00049934
1631865600047,8,0.00056357
1631894400013,8,0.00013659
1631923200000,8,0.0001
1631952000010,8,0.0001
1631980800005,8,0.0001
1632009600006,8,0.0001
1632038400015,8,0.00012745
1632067200007,8,0.0001
1632096000018,8,0.00020317
1632124800000,8,0.0001
1632153600005,8,0.0001
1632182400005,8,0.0001
1632211200007,8,0.0001
1632240000000,8,0.0001
1632268800005,8,0.0001
1632297600006,8,0.0001
1632326400000,8,0.0001
1632355200003,8,0.0001
1632384000000,8,0.0001
1632412800007,8,0.0001
1632441600000,8,0.0001
1632470400017,8,0.0001
1632499200000,8,0.0001
1632528000007,8,0.0001
1632556800002,8,0.0001
1632585600004,8,0.0001
1632614400013,8,0.0001
1632643200000,8,0.0001
1632672000005,8,0.0001
1632700800000,8,0.0001
1632729600001,8,0.0001
1632758400000,8,0.0001
1632787200000,8,0.0001
1632816000014,8,0.0001
1632844800000,8,0.0001
1632873600000,8,0.0001
1632902400002,8,0.0001
1632931200000,8,0.0001
1632960000000,8,0.0001
1632988800004,8,0.0001
1633017600005,8,0.0001
1633046400012,8,0.0001
1633075200008,8,0.0001
1633104000000,8,0.0001
1633132800000,8,0.0001
1633161600002,8,0.0001
1633190400011,8,0.0001
1633219200019,8,0.0001
1633248000011,8,0.0001
1633276800004,8,0.0001
1633305600004,8,0.0001
1633334400000,8,0.0001
1633363200000,8,0.0001
1633392000007,8,0.0001
1633420800007,8,0.0001
1633449600004,8,0.00011849
1633478400002,8,0.00032276
1633507200000,8,0.0004101
1633536000003,8,0.00010653
1633564800007,8,0.00040009
1633593600002,8,0.00036912
1633622400000,8,0.00044623
1633651200011,8,0.00020717
1633680000003,8,0.00021534
1633708800002,8,0.00010759
1633737600006,8,0.00020149
1633766400003,8,0.0001
1633795200000,8,0.00038839
1633824000000,8,0.0002851
1633852800008,8,0.00052509
1633881600000,8,0.00030808
1633910400002,8,0.0001
1633939200001,8,0.00011273
1633968000006,8,0.00029944
1633996800008,8,0.0001
1634025600013,8,0.0001
1634054400003,8,0.0001
1634083200003,8,0.0001
1634112000015,8,0.0001
1634140800000,8,0.0001
1634169600011,8,0.0001
1634198400017,8,0.00016917
1634227200000,8,0.00025417
1634256000005,8,0.0002448
1634284800002,8,0.0001
1634313600005,8,0.0001
1634342400009,8,0.0001
1634371200000,8,0.00034779
1634400000003,8,0.00023732
1634428800001,8,0.00032388
1634457600002,8,0.00017979
1634486400002,8,0.00045211
1634515200006,8,0.0001
1634544000004,8,0.00023752
1634572800001,8,0.00018197
1634601600002,8,0.00031947
1634630400000,8,0.00028792
1634659200000,8,0.00020799
1634688000017,8,0.00023648
1634716800004,8,0.00014874
1634745600020,8,0.00013881
1634774400000,8,0.00019697
1634803200000,8,0.00056063
1634832000008,8,0.00051729
1634860800005,8,0.0001
1634889600005,8,0.0003116
1634918400018,8,0.00041034
1634947200005,8,0.00053716
1634976000001,8,0.00026164
1635004800004,8,0.00041495
1635033600006,8,0.00039863
1635062400012,8,0.00081955
1635091200001,8,0.00074679
1635120000012,8,0.00034564
1635148800002,8,0.00031844
1635177600022,8,0.00025157
1635206400005,8,0.00043842
1635235200016,8,0.00056465
1635264000000,8,0.00053961
1635292800004,8,0.00031408
1635321600000,8,0.00054673
1635350400002,8,0.0001
1635379200002,8,0.0001
1635408000000,8,0.0001
1635436800005,8,0.0001
1635465600000,8,0.0001
1635494400007,8,0.0001
1635523200001,8,0.0001
1635552000000,8,0.0001
1635580800001,8,0.00010269
1635609600013,8,0.0001
1635638400008,8,0.0001
1635667200010,8,0.00027856
1635696000001,8,0.0001
1635724800009,8,0.00021406
1635753600014,8,0.0001
1635782400001,8,0.00047033
1635811200000,8,0.00021978
1635840000007,8,0.00043741
1635868800010,8,0.00044948
1635897600019,8,0.00057713
1635926400000,8,0.00031299
1635955200005,8,0.0001
1635984000006,8,0.0001
1636012800004,8,0.0001
1636041600004,8,0.0001
1636070400000,8,0.0001
1636099200013,8,0.0001
1636128000016,8,0.00039814
1636156800010,8,0.0001
1636185600000,8,0.0001
1636214400007,8,0.0001
1636243200013,8,0.0001
1636272000005,8,0.0001
1636300800004,8,0.0001
1636329600001,8,0.00016311
1636358400000,8,0.00065061
1636387200000,8,0.00072728
1636416000000,8,0.00030837
1636444800014,8,0.00031759
1636473600001,8,0.00040583
1636502400000,8,0.00042121
1636531200003,8,0.00032577
1636560000001,8,0.00043648
1636588800008,8,0.0001
1636617600012,8,0.0001
1636646400007,8,0.00025837
1636675200000,8,0.0001
1636704000000,8,0.0001
1636732800004,8,0.0001
1636761600000,8,0.0001
1636790400004,8,0.00022258
1636819200006,8,0.0001
1636848000010,8,0.0001
1636876800001,8,0.0001
1636905600000,8,0.0001
1636934400008,8,0.0001
1636963200000,8,0.00010613
1636992000000,8,0.0001
1637020800000,8,0.0001
1637049600001,8,0.0001
1637078400018,8,0.0001
1637107200005,8,0.0001
1637136000007,8,0.0001
1637164800003,8,0.0001
1637193600017,8,0.0001
1637222400007,8,0.0001
1637251200011,8,0.0001
1637280000000,8,0.0001
1637308800000,8,0.0001
1637337600005,8,0.0001
1637366400012,8,0.0001
1637395200000,8,0.0001
1637424000007,8,0.0001
1637452800000,8,0.0001
1637481600006,8,0.0001
1637510400000,8,0.00015518
1637539200004,8,0.0001
1637568000000,8,0.0001
1637596800000,8,0.0001
1637625600004,8,0.0001
1637654400010,8,0.0001
1637683200005,8,0.0001
1637712000001,8,0.0001
1637740800003,8,0.0001
1637769600010,8,0.0001
1637798400000,8,0.0001
1637827200010,8,0.00040662
1637856000000,8,0.0001
1637884800000,8,0.00028435
1637913600000,8,0.0003784
1637942400016,8,0.0001
1637971200005,8,0.0001
1638000000008,8,0.0001
1638028800007,8,0.0001
1638057600018,8,0.0001
1638086400000,8,0.0001
1638115200004,8,0.0001
1638144000002,8,0.0001
1638172800004,8,0.0001
1638201600000,8,0.0001
1638230400000,8,0.0001
1638259200006,8,0.0001
1638288000000,8,0.0001
1638316800000,8,0.0001
1638345600000,8,0.0001
1638374400001,8,0.0001
1638403200000,8,0.0001
1638432000007,8,0.0001
1638460800008,8,0.0001
1638489600004,8,0.0001
1638518400002,8,0.0001
1638547200006,8,0.0001
1638576000006,8,0.0001
1638604800004,8,-0.00010538
1638633600000,8,0.0001
1638662400003,8,0.0001
1638691200008,8,0.0001
1638720000007,8,0.0001
1638748800009,8,0.0001
1638777600001,8,0.0001
1638806400000,8,0.0001
1638835200018,8,0.0001
1638864000000,8,-2.874e-05
1638892800000,8,0.0001
1638921600000,8,0.0001
1638950400018,8,0.0001
1638979200010,8,0.0001
1639008000010,8,0.0001
1639036800000,8,0.0001
1639065600000,8,0.0001
1639094400000,8,0.0001
1639123200008,8,0.0001
1639152000012,8,0.0001
1639180800009,8,0.0001
1639209600008,8,0.0001
1639238400000,8,0.0001
1639267200001,8,0.0001
1639296000015,8,0.0001
1639324800011,8,0.0001
1639353600006,8,0.0001
1639382400019,8,0.0001
1639411200000,8,0.0001
1639440000004,8,-0.00012513
1639468800000,8,0.0001
1639497600015,8,0.0001
1639526400000,8,0.0001
1639555200008,8,0.0001
1639584000005,8,0.0001
1639612800006,8,0.0001
1639641600009,8,0.0001
1639670400000,8,7.386e-05
1639699200000,8,0.0001
1639728000005,8,0.0001
1639756800006,8,0.0001
1639785600014,8,0.0001
1639814400012,8,0.0001
1639843200000,8,0.0001
1639872000031,8,0.0001
1639900800000,8,0.0001
1639929600003,8,0.0001
1639958400015,8,0.0001
1639987200007,8,0.0001
1640016000005,8,0.0001
1640044800003,8,0.0001
1640073600012,8,0.0001
1640102400005,8,0.0001
1640131200000,8,0.0001
1640160000001,8,0.0001
1640188800006,8,0.0001
1640217600011,8,0.0001
1640246400000,8,0.0001
1640275200000,8,0.0001
1640304000005,8,0.0001
1640332800000,8,0.0001
1640361600011,8,0.0001
1640390400000,8,0.0001
1640419200001,8,0.0001
1640448000005,8,0.0001
1640476800004,8,0.0001
1640505600002,8,0.0001
1640534400000,8,0.0001
1640563200002,8,0.0001
1640592000005,8,0.0001
1640620800000,8,0.0001
1640649600000,8,0.0001
1640678400012,8,0.0001
1640707200000,8,0.0001
1640736000006,8,0.0001
1640764800003,8,0.0001
1640793600004,8,0.0001
1640822400003,8,0.0001
1640851200001,8,0.0001
1640880000017,8,0.0001
1640908800006,8,0.0001
1640937600009,8,0.0001
1640966400000,8,0.0001
1640995200006,8,0.0001
1641024000009,8,0.0001
1641052800000,8,0.0001
1641081600028,8,0.0001
1641110400000,8,0.0001
1641139200000,8,0.0001
1641168000010,8,0.0001
1641196800013,8,0.0001
1641225600018,8,0.0001
1641254400000,8,0.0001
1641283200010,8,0.0001
1641312000002,8,0.0001
1641340800001,8,0.0001
1641369600017,8,0.0001
1641398400000,8,0.0001
1641427200002,8,0.0001
1641456000021,8,0.0001
1641484800006,8,0.0001
1641513600005,8,0.0001
1641542400000,8,0.0001
1641571200001,8,0.0001
1641600000014,8,0.0001
1641628800013,8,0.0001
1641657600000,8,0.0001
1641686400003,8,0.0001
1641715200000,8,0.0001
1641744000000,8,0.0001
1641772800000,8,0.0001
1641801600010,8,0.0001
1641830400007,8,0.0001
1641859200013,8,0.0001
1641888000004,8,0.0001
1641916800000,8,0.0001
1641945600012,8,0.0001
1641974400015,8,0.0001
1642003200000,8,0.0001
1642032000007,8,0.0001
1642060800000,8,0.0001
1642089600014,8,0.0001
1642118400000,8,0.0001
1642147200006,8,0.0001
1642176000014,8,0.0001
1642204800000,8,0.0001
1642233600002,8,0.0001
1642262400000,8,0.0001
1642291200000,8,0.0001
1642320000017,8,0.0001
1642348800011,8,0.0001
1642377600005,8,0.0001
1642406400006,8,0.0001
1642435200012,8,0.0001
1642464000020,8,0.0001
1642492800000,8,0.0001
1642521600013,8,0.0001
1642550400001,8,0.0001
1642579200000,8,0.0001
1642608000000,8,0.0001
1642636800015,8,0.0001
1642665600000,8,0.0001
1642694400000,8,0.0001
1642723200007,8,0.0001
1642752000015,8,0.0001
1642780800000,8,4.765e-05
1642809600017,8,0.0001
1642838400003,8,0.0001
1642867200021,8,-2.909e-05
1642896000026,8,-0.00024156
1642924800010,8,-0.00014168
1642953600009,8,-0.00013112
1642982400010,8,-3.338e-05
1643011200000,8,-0.00021201
1643040000021,8,0.0001
1643068800000,8,-0.0001253
1643097600000,8,-7.29e-06
1643126400012,8,-0.00011904
1643155200000,8,-0.00012652
1643184000001,8,-0.00017698
1643212800005,8,-0.00014955
1643241600004,8,-0.00028709
1643270400004,8,-0.00012589
1643299200019,8,-0.00011855
1643328000000,8,-7.83e-05
1643356800000,8,-0.00012491
1643385600025,8,-0.00022188
1643414400017,8,3.439e-05
1643443200000,8,5.37e-06
1643472000013,8,-1.329e-05
1643500800025,8,-0.0001674
1643529600009,8,-5.62e-06
1643558400000,8,-7.703e-05
1643587200000,8,-0.00026589
1643616000000,8,-0.0001549
1643644800000,8,4.16e-06
1643673600010,8,2.229e-05
1643702400000,8,6.873e-05
1643731200004,8,-0.00019965
1643760000004,8,-0.00011165
1643788800000,8,-3.736e-05
1643817600002,8,3.5e-05
1643846400002,8,-5.362e-05
1643875200000,8,2.861e-05
1643904000000,8,-5.058e-05
1643932800018,8,-0.00033718
1643961600005,8,-2.657e-05
1643990400010,8,0.0001
1644019200014,8,6.989e-05
1644048000000,8,8.29e-05
1644076800000,8,0.0001
1644105600000,8,3.195e-05
1644134400000,8,0.0001
1644163200000,8,0.0001
1644192000003,8,0.0001
1644220800014,8,4.586e-05
1644249600003,8,-9.025e-05
1644278400001,8,-0.00025025
1644307200003,8,-0.00025785
1644336000002,8,0.0001
1644364800000,8,-0.0001339
1644393600005,8,2.718e-05
1644422400001,8,9.188e-05
1644451200012,8,3.246e-05
1644480000000,8,-9.518e-05
1644508800006,8,-0.00019747
1644537600000,8,-0.00018494
1644566400009,8,0.0001
1644595200015,8,-9.482e-05
1644624000020,8,-2.587e-05
1644652800001,8,-2.009e-05
1644681600007,8,-7.354e-05
1644710400022,8,-0.00028416
1644739200001,8,-0.00016471
1644768000007,8,-0.00019993
1644796800005,8,-0.00019975
1644825600013,8,8.372e-05
1644854400019,8,1.073e-05
1644883200012,8,-3.803e-05
1644912000005,8,3.362e-05
1644940800011,8,-7.138e-05
1644969600009,8,0.0001
1644998400001,8,8.325e-05
1645027200014,8,0.0001
1645056000018,8,0.0001
1645084800000,8,7.98e-06
1645113600010,8,0.0001
1645142400000,8,-0.00010135
1645171200002,8,8.49e-06
1645200000000,8,9.853e-05
1645228800007,8,-5.937e-05
1645257600000,8,1.521e-05
1645286400023,8,0.0001
1645315200001,8,0.0001
1645344000003,8,-8.936e-05
1645372800001,8,0.0001
1645401600000,8,4.623e-05
1645430400001,8,-1.3e-07
1645459200005,8,-0.00012328
1645488000005,8,-0.00023825
1645516800000,8,-0.00023126
1645545600000,8,-0.00025532
1645574400002,8,-0.00010827
1645603200005,8,-0.00023449
1645632000010,8,7.735e-05
1645660800008,8,3.882e-05
1645689600003,8,0.0001
1645718400001,8,0.0001
1645747200000,8,0.0001
1645776000006,8,0.0001
1645804800001,8,9.4e-06
1645833600004,8,-4.116e-05
1645862400004,8,1.092e-05
1645891200007,8,-7.933e-05
1645920000012,8,1.93e-05
1645948800000,8,-0.00013711
1645977600000,8,3.243e-05
1646006400000,8,-9.949e-05
1646035200001,8,-2.105e-05
1646064000002,8,0.0001
1646092800002,8,0.0001
1646121600001,8,0.0001
1646150400000,8,0.0001
1646179200000,8,0.0001
1646208000000,8,0.0001
1646236800002,8,0.0001
1646265600000,8,0.0001
1646294400000,8,0.0001
1646323200005,8,0.0001
1646352000018,8,0.0001
1646380800000,8,5.32e-05
1646409600000,8,6.822e-05
1646438400006,8,0.0001
1646467200004,8,-5.695e-05
1646496000000,8,-7.34e-06
1646524800004,8,3.146e-05
1646553600000,8,0.0001
1646582400013,8,6.764e-05
1646611200008,8,-4.323e-05
1646640000006,8,-4.775e-05
1646668800000,8,6.7e-07
1646697600008,8,2.814e-05
1646726400002,8,0.0001
1646755200000,8,0.0001
1646784000008,8,-5.022e-05
1646812800000,8,0.0001
1646841600004,8,0.0001
1646870400000,8,0.0001
1646899200017,8,0.0001
1646928000000,8,-6.881e-05
1646956800008,8,-1.487e-05
1646985600000,8,-3.858e-05
1647014400001,8,7.324e-05
1647043200010,8,7.735e-05
1647072000001,8,9.681e-05
1647100800002,8,9.897e-05
1647129600008,8,0.0001
1647158400000,8,0.0001
1647187200002,8,3.32e-05
1647216000014,8,0.0001
1647244800005,8,0.0001
1647273600002,8,0.0001
1647302400008,8,0.0001
1647331200000,8,0.0001
1647360000006,8,0.0001
1647388800013,8,0.0001
1647417600000,8,0.0001
1647446400008,8,0.0001
1647475200004,8,0.0001
1647504000000,8,0.0001
1647532800004,8,0.0001
1647561600000,8,0.0001
1647590400000,8,0.0001
1647619200017,8,0.0001
1647648000008,8,0.0001
1647676800015,8,0.0001
1647705600000,8,0.0001
1647734400000,8,0.0001
1647763200001,8,0.0001
1647792000002,8,0.0001
1647820800013,8,0.0001
1647849600004,8,6.183e-05
1647878400010,8,4.368e-05
1647907200012,8,0.0001
1647936000001,8,0.0001
1647964800022,8,0.0001
1647993600007,8,0.0001
1648022400000,8,0.0001
1648051200006,8,0.0001
1648080000013,8,0.0001
1648108800006,8,0.0001
1648137600020,8,0.0001
1648166400010,8,0.0001
1648195200001,8,0.0001
1648224000014,8,0.0001
1648252800020,8,0.0001
1648281600006,8,0.0001
1648310400000,8,0.0001
1648339200004,8,0.0001
1648368000001,8,0.0001
1648396800006,8,8.569e-05
1648425600012,8,3.885e-05
1648454400007,8,0.0001
1648483200000,8,0.0001
1648512000000,8,0.0001
1648540800015,8,0.0001
1648569600000,8,0.0001
1648598400000,8,0.0001
1648627200002,8,0.0001
1648656000028,8,0.0001
1648684800017,8,0.0001
1648713600000,8,0.0001
1648742400015,8,0.0001
1648771200000,8,0.0001
1648800000000,8,0.0001
1648828800018,8,0.0001
1648857600000,8,0.0001
1648886400002,8,0.0001
1648915200006,8,0.0001
1648944000018,8,0.0001
1648972800018,8,0.0001
1649001600015,8,0.0001
1649030400006,8,0.0001
1649059200000,8,0.0001
1649088000016,8,0.0001
1649116800000,8,0.0001
1649145600010,8,0.0001
1649174400008,8,0.0001
1649203200001,8,0.0001
1649232000021,8,0.0001
1649260800000,8,0.0001
1649289600009,8,0.0001
1649318400000,8,0.0001
1649347200000,8,-1.999e-05
1649376000000,8,0.0001
1649404800004,8,7.141e-05
1649433600008,8,-8.67e-06
1649462400008,8,-2.102e-05
1649491200000,8,-0.00010071
1649520000001,8,-4.901e-05
1649548800004,8,4.621e-05
1649577600007,8,-3.56e-06
1649606400016,8,-5.867e-05
1649635200000,8,8.77e-05
1649664000000,8,0.0001
1649692800009,8,0.0001
1649721600000,8,1.234e-05
1649750400006,8,-4.518e-05
1649779200013,8,-2.614e-05
1649808000005,8,3.38e-06
1649836800008,8,3.3e-06
1649865600013,8,7.56e-06
1649894400007,8,6.718e-05
1649923200000,8,1.928e-05
1649952000006,8,2.405e-05
1649980800008,8,7.477e-05
1650009600002,8,1.093e-05
1650038400000,8,3.18e-06
1650067200011,8,4.42e-05
1650096000007,8,2.7e-07
1650124800007,8,1.9e-05
1650153600000,8,0.0001
1650182400004,8,6.873e-05
1650211200000,8,0.0001
1650240000008,8,6.509e-05
1650268800012,8,-8.104e-05
1650297600000,8,-8.262e-05
1650326400021,8,7.619e-05
1650355200031,8,0.0001
1650384000000,8,0.0001
1650412800025,8,0.0001
1650441600003,8,0.0001
1650470400000,8,0.0001
1650499200000,8,0.0001
1650528000000,8,0.0001
1650556800024,8,0.0001
1650585600008,8,0.0001
1650614400008,8,0.0001
1650643200008,8,4.562e-05
1650672000000,8,0.0001
1650700800000,8,0.0001
1650729600012,8,-0.00010378
1650758400004,8,-4.956e-05
1650787200003,8,7.34e-06
1650816000000,8,6.085e-05
1650844800008,8,4.967e-05
1650873600018,8,-4.545e-05
1650902400000,8,-8.571e-05
1650931200014,8,-3.7e-06
1650960000000,8,8.835e-05
1650988800017,8,-4.43e-05
1651017600012,8,-9.244e-05
1651046400000,8,4.328e-05
1651075200002,8,5.659e-05
1651104000000,8,-7.066e-05
1651132800004,8,2.847e-05
1651161600030,8,-0.00014775
1651190400000,8,4.822e-05
1651219200016,8,7.776e-05
1651248000010,8,3.948e-05
1651276800000,8,4.104e-05
1651305600005,8,0.0001
1651334400015,8,-1.96e-06
1651363200000,8,-0.00033407
1651392000000,8,-0.0001754
1651420800010,8,-2.366e-05
1651449600018,8,-3.764e-05
1651478400007,8,-7.505e-05
1651507200000,8,-5.79e-05
1651536000006,8,2.527e-05
1651564800000,8,4.176e-05
1651593600021,8,-6.52e-06
1651622400007,8,-1.173e-05
1651651200011,8,3.65e-06
1651680000000,8,-5.21e-06
1651708800005,8,1.202e-05
1651737600019,8,0.0001
1651766400005,8,1.41e-05
1651795200005,8,-0.00019937
1651824000001,8,2.119e-05
1651852800010,8,-1.453e-05
1651881600004,8,-7.63e-06
1651910400016,8,5.92e-06
1651939200011,8,-6.997e-05
1651968000000,8,-6.156e-05
1651996800007,8,5.65e-06
1652025600015,8,9.782e-05
1652054400000,8,-0.00013911
1652083200001,8,-3.995e-05
1652112000000,8,-0.00013895
1652140800000,8,-0.00015146
1652169600007,8,8.977e-05
1652198400008,8,-8.877e-05
1652227200004,8,-0.0003563
1652256000007,8,-0.00037782
1652284800008,8,-0.00131956
1652313600014,8,-0.00121558
1652342400000,8,-0.00136442
1652371200007,8,-0.00132411
1652400000014,8,-0.00066663
1652428800001,8,-0.00086267
1652457600000,8,-0.00034587
1652486400000,8,-0.0001833
1652515200000,8,-0.00013604
1652544000001,8,-0.00042046
1652572800000,8,-6.465e-05
1652601600000,8,-3.59e-06
1652630400000,8,-0.00013599
1652659200021,8,-0.00012304
1652688000013,8,-5.115e-05
1652716800006,8,-0.00021481
1652745600000,8,-0.00016672
1652774400010,8,-0.00012752
1652803200023,8,-4.305e-05
1652832000003,8,-7.6e-07
1652860800024,8,-6.376e-05
1652889600014,8,-0.00011468
1652918400000,8,-7.774e-05
1652947200008,8,-6.592e-05
1652976000015,8,5.065e-05
1653004800001,8,3.377e-05
1653033600003,8,-1.922e-05
1653062400012,8,-6.114e-05
1653091200008,8,-4.397e-05
1653120000001,8,-3.735e-05
1653148800007,8,-6.202e-05
1653177600003,8,4.62e-06
1653206400016,8,3.055e-05
1653235200000,8,1.666e-05
1653264000011,8,6.402e-05
1653292800000,8,0.0001
1653321600023,8,5.049e-05
1653350400011,8,-0.00012309
1653379200000,8,-0.00011051
1653408000009,8,-0.00015371
1653436800001,8,6.104e-05
1653465600000,8,7.84e-05
1653494400015,8,-2.86e-05
1653523200005,8,0.0001
1653552000001,8,-0.00011389
1653580800000,8,-0.00021906
1653609600007,8,-0.00014257
1653638400008,8,-5.33e-06
1653667200000,8,-1.81e-06
1653696000018,8,7.5e-06
1653724800016,8,-1.494e-05
1653753600013,8,-1.802e-05
1653782400000,8,-2.49e-06
1653811200025,8,-3.26e-06
1653840000002,8,0.0001
1653868800000,8,8.839e-05
1653897600013,8,0.0001
1653926400005,8,0.0001
1653955200016,8,0.0001
1653984000000,8,0.0001
1654012800000,8,0.0001
1654041600000,8,0.0001
1654070400011,8,0.0001
1654099200000,8,0.0001
1654128000000,8,-4.526e-05
1654156800006,8,-8.497e-05
1654185600021,8,-2.33e-05
1654214400016,8,6.063e-05
1654243200016,8,3.726e-05
1654272000012,8,-2.772e-05
1654300800005,8,6.593e-05
1654329600000,8,-7.799e-05
1654358400007,8,-0.00011171
1654387200005,8,-8.688e-05
1654416000015,8,-9.031e-05
1654444800000,8,-4.947e-05
1654473600000,8,1.117e-05
1654502400017,8,3.923e-05
1654531200000,8,0.0001
1654560000000,8,3.519e-05
1654588800011,8,6.625e-05
1654617600000,8,-0.00012704
1654646400008,8,2.202e-05
1654675200020,8,-5.611e-05
1654704000012,8,-5.28e-06
1654732800000,8,-2.06e-05
1654761600000,8,3.94e-06
1654790400000,8,2.197e-05
1654819200009,8,9.694e-05
1654848000000,8,4.696e-05
1654876800006,8,-9.951e-05
1654905600018,8,-9.987e-05
1654934400014,8,-9.415e-05
1654963200000,8,-0.0003144
1654992000015,8,-0.0004073
1655020800019,8,-0.00024937
1655049600010,8,-0.00018527
1655078400009,8,-0.00018721
1655107200000,8,-0.00035495
1655136000007,8,-0.00027264
1655164800013,8,-0.00018856
1655193600008,8,-0.00024766
1655222400006,8,-0.00012208
1655251200000,8,-0.00011727
1655280000016,8,-0.00011617
1655308800008,8,2.489e-05
1655337600009,8,-9.465e-05
1655366400016,8,6.463e-05
1655395200000,8,-0.00015316
1655424000008,8,-8.995e-05
1655452800003,8,-0.00023728
1655481600000,8,-0.00020039
1655510400020,8,0.0001
1655539200025,8,-0.00019382
1655568000014,8,-0.00015715
1655596800012,8,-0.00027253
1655625600012,8,3.851e-05
1655654400008,8,3.159e-05
1655683200016,8,0.0001
1655712000000,8,-7.43e-06
1655740800013,8,0.0001
1655769600012,8,1.335e-05
1655798400018,8,-4.834e-05
1655827200010,8,-0.0001115
1655856000000,8,-0.00018474
1655884800001,8,-2.989e-05
1655913600012,8,-7.087e-05
1655942400000,8,-5.501e-05
1655971200000,8,-4.23e-06
1656000000016,8,4.8e-05
1656028800005,8,-3.462e-05
1656057600004,8,-3.472e-05
1656086400018,8,5.941e-05
1656115200001,8,4.599e-05
1656144000010,8,6.69e-06
1656172800000,8,4.134e-05
1656201600002,8,0.0001
1656230400016,8,5.422e-05
1656259200006,8,2.984e-05
1656288000008,8,-8.524e-05
1656316800000,8,-5.212e-05
1656345600016,8,-5.794e-05
1656374400016,8,-1.66e-06
1656403200001,8,-0.00011607
1656432000005,8,-0.00010439
1656460800000,8,-3.836e-05
1656489600013,8,-9.36e-06
1656518400000,8,5.463e-05
1656547200000,8,-9.058e-05
1656576000000,8,9.26e-06
1656604800000,8,-1.65e-05
1656633600001,8,-7.592e-05
1656662400017,8,-0.00012661
1656691200005,8,-3.883e-05
1656720000000,8,-8.115e-05
1656748800000,8,-6.851e-05
1656777600008,8,-2.603e-05
1656806400015,8,-1.291e-05
1656835200004,8,1.283e-05
1656864000005,8,-5.817e-05
1656892800021,8,-1.79e-06
1656921600001,8,-0.00014514
1656950400000,8,6.37e-06
1656979200000,8,-3.792e-05
1657008000000,8,-7.35e-05
1657036800015,8,-4.487e-05
1657065600006,8,6.23e-06
1657094400000,8,3.646e-05
1657123200000,8,4.154e-05
1657152000010,8,-1.899e-05
1657180800010,8,7.689e-05
1657209600011,8,-4.495e-05
1657238400008,8,3.905e-05
1657267200009,8,8.517e-05
1657296000000,8,-0.00010229
1657324800000,8,6.265e-05
1657353600000,8,0.0001
1657382400009,8,4.984e-05
1657411200001,8,5.998e-05
1657440000002,8,0.0001
1657468800001,8,0.0001
1657497600000,8,0.0001
1657526400003,8,0.0001
1657555200001,8,6.141e-05
1657584000000,8,-2.61e-06
1657612800021,8,-3.365e-05
1657641600000,8,8.5e-06
1657670400012,8,-6.728e-05
1657699200022,8,-6.822e-05
1657728000005,8,-0.00017596
1657756800017,8,1.647e-05
1657785600001,8,0.0001
1657814400000,8,-4.3e-07
1657843200004,8,0.0001
1657872000019,8,0.0001
1657900800017,8,2.787e-05
1657929600021,8,7.745e-05
1657958400014,8,0.0001
1657987200005,8,4.828e-05
1658016000000,8,0.0001
1658044800003,8,0.0001
1658073600007,8,0.0001
1658102400001,8,4.956e-05
1658131200004,8,0.0001
1658160000019,8,0.0001
1658188800000,8,0.0001
1658217600000,8,0.0001
1658246400001,8,0.0001
1658275200004,8,0.0001
1658304000000,8,0.0001
1658332800003,8,0.0001
1658361600000,8,0.0001
1658390400018,8,0.0001
1658419200011,8,0.0001
1658448000014,8,0.0001
1658476800000,8,0.0001
1658505600000,8,0.0001
1658534400004,8,5.983e-05
1658563200002,8,7.218e-05
1658592000001,8,0.0001
1658620800000,8,1.546e-05
1658649600011,8,0.0001
1658678400000,8,2.87e-05
1658707200000,8,0.0001
1658736000014,8,-2.96e-05
1658764800006,8,1.302e-05
1658793600010,8,2.473e-05
1658822400000,8,4.215e-05
1658851200000,8,7.794e-05
1658880000008,8,7.23e-06
1658908800000,8,6.03e-05
1658937600003,8,-7.25e-06
1658966400009,8,0.0001
1658995200008,8,0.0001
1659024000013,8,0.0001
1659052800000,8,0.0001
1659081600000,8,0.0001
1659110400000,8,0.0001
1659139200005,8,0.0001
1659168000009,8,0.0001
1659196800000,8,0.0001
1659225600022,8,0.0001
1659254400011,8,0.0001
1659283200019,8,0.0001
1659312000010,8,1.22e-05
1659340800019,8,0.0001
1659369600017,8,0.0001
1659398400000,8,9.608e-05
1659427200007,8,-1.138e-05
1659456000014,8,-5.7e-06
1659484800001,8,3.935e-05
1659513600020,8,-8.266e-05
1659542400008,8,-0.0001824
1659571200001,8,-3.691e-05
1659600000009,8,-5.352e-05
1659628800015,8,-1.77e-06
1659657600005,8,2.935e-05
1659686400000,8,0.0001
1659715200000,8,9.433e-05
1659744000021,8,0.0001
1659772800000,8,0.0001
1659801600015,8,0.0001
1659830400013,8,0.0001
1659859200000,8,8.3e-05
1659888000014,8,6.506e-05
1659916800009,8,0.0001
1659945600006,8,0.0001
1659974400000,8,0.0001
1660003200020,8,0.0001
1660032000000,8,0.0001
1660060800000,8,0.0001
1660089600000,8,6.131e-05
1660118400016,8,0.0001
1660147200018,8,0.0001
1660176000012,8,0.0001
1660204800000,8,0.0001
1660233600000,8,0.0001
1660262400006,8,0.0001
1660291200000,8,0.0001
1660320000005,8,0.0001
1660348800012,8,0.0001
1660377600006,8,0.0001
1660406400018,8,0.0001
1660435200000,8,0.0001
1660464000000,8,0.0001
1660492800000,8,5.903e-05
1660521600010,8,0.0001
1660550400002,8,0.0001
1660579200010,8,0.0001
1660608000010,8,5.359e-05
1660636800002,8,0.0001
1660665600000,8,7.023e-05
1660694400020,8,5.26e-05
1660723200016,8,2.94e-06
1660752000001,8,3.733e-05
1660780800005,8,-0.0001383
1660809600012,8,3.437e-05
1660838400013,8,-0.00010846
1660867200000,8,6.21e-06
1660896000000,8,-0.00038828
1660924800009,8,-0.00033393
1660953600000,8,-0.00011506
1660982400005,8,-5.997e-05
1661011200000,8,-1.428e-05
1661040000010,8,-0.00010479
1661068800013,8,-8.599e-05
1661097600000,8,-0.00026181
1661126400011,8,-0.0003227
1661155200005,8,-2.91e-05
1661184000005,8,-9.817e-05
1661212800000,8,-4.493e-05
1661241600021,8,6.755e-05
1661270400005,8,4.169e-05
1661299200017,8,7.789e-05
1661328000021,8,-8.471e-05
1661356800000,8,-5.88e-06
1661385600003,8,2.438e-05
1661414400000,8,-0.00015818
1661443200004,8,-0.0001082
1661472000001,8,-8.608e-05
1661500800004,8,-0.00030594
1661529600000,8,-0.00012159
1661558400010,8,-0.00044781
1661587200007,8,-0.00042888
1661616000008,8,-0.00023003
1661644800019,8,-0.00040142
1661673600000,8,-0.00026121
1661702400000,8,-0.00027065
1661731200000,8,-0.00049567
1661760000000,8,-0.00023722
1661788800001,8,-1.951e-05
1661817600001,8,4.076e-05
1661846400005,8,-5.69e-06
1661875200010,8,-9.646e-05
1661904000000,8,3.327e-05
1661932800005,8,4.943e-05
1661961600013,8,-1.411e-05
1661990400012,8,1.033e-05
1662019200000,8,-0.00010618
1662048000013,8,3.81e-06
1662076800002,8,5.04e-05
1662105600013,8,0.0001
1662134400000,8,7.74e-05
1662163200000,8,-0.00014696
1662192000002,8,-6.406e-05
1662220800007,8,-0.00012061
1662249600008,8,-1.164e-05
1662278400009,8,6.509e-05
1662307200000,8,0.0001
1662336000015,8,8.913e-05
1662364800013,8,0.0001
1662393600007,8,1.162e-05
1662422400018,8,9.084e-05
1662451200020,8,0.0001
1662480000028,8,0.0001
1662508800013,8,-0.00016706
1662537600022,8,-7.127e-05
1662566400021,8,-1.799e-05
1662595200010,8,0.0001
1662624000000,8,0.0001
1662652800003,8,0.0001
1662681600011,8,0.0001
1662710400000,8,0.0001
1662739200000,8,0.0001
1662768000003,8,0.0001
1662796800000,8,0.0001
1662825600012,8,0.0001
1662854400009,8,0.0001
1662883200012,8,9.056e-05
1662912000005,8,5.748e-05
1662940800007,8,5.331e-05
1662969600013,8,6.804e-05
1662998400000,8,0.0001
1663027200004,8,9.816e-05
1663056000000,8,1.301e-05
1663084800000,8,1.102e-05
1663113600000,8,-0.00012007
1663142400000,8,-0.00016733
1663171200000,8,-0.00017481
1663200000019,8,-3.747e-05
1663228800012,8,4.054e-05
1663257600007,8,-1.19e-05
1663286400000,8,4.718e-05
1663315200000,8,9.735e-05
1663344000000,8,6.856e-05
1663372800000,8,6.919e-05
1663401600012,8,5.892e-05
1663430400017,8,-2.2e-05
1663459200000,8,-1.851e-05
1663488000004,8,8.689e-05
1663516800000,8,0.0001
1663545600018,8,-6.003e-05
1663574400006,8,1.902e-05
1663603200010,8,-7.24e-05
1663632000007,8,4.552e-05
1663660800001,8,0.0001
1663689600000,8,1.907e-05
1663718400001,8,-1.212e-05
1663747200005,8,-3.318e-05
1663776000000,8,1.837e-05
1663804800000,8,-0.00018851
1663833600000,8,-0.00013428
1663862400011,8,0.0001
1663891200023,8,0.0001
1663920000004,8,0.0001
1663948800005,8,-0.00010164
1663977600000,8,0.0001
1664006400005,8,0.0001
1664035200000,8,0.0001
1664064000010,8,0.0001
1664092800000,8,0.0001
1664121600003,8,0.0001
1664150400001,8,3.61e-05
1664179200006,8,8.988e-05
1664208000000,8,6.761e-05
1664236800026,8,0.0001
1664265600004,8,0.0001
1664294400006,8,9.514e-05
1664323200011,8,-0.00013748
1664352000000,8,1.343e-05
1664380800000,8,-0.00011599
1664409600010,8,-6.72e-06
1664438400000,8,0.0001
1664467200000,8,0.0001
1664496000006,8,0.0001
1664524800002,8,-1.118e-05
1664553600007,8,0.0001
1664582400008,8,5.725e-05
1664611200011,8,-9.37e-06
1664640000000,8,-8.454e-05
1664668800000,8,-3.16e-06
1664697600000,8,-0.00012694
1664726400006,8,-5.076e-05
1664755200000,8,0.0001
1664784000014,8,0.0001
1664812800010,8,-3.979e-05
1664841600006,8,4.722e-05
1664870400004,8,0.0001
1664899200013,8,-5.705e-05
1664928000000,8,-2.002e-05
1664956800000,8,4.8e-05
1664985600012,8,7.886e-05
1665014400008,8,2.369e-05
1665043200002,8,0.0001
1665072000006,8,6.34e-06
1665100800000,8,5e-08
1665129600000,8,8.021e-05
1665158400007,8,-0.00014355
1665187200010,8,-8e-07
1665216000004,8,0.0001
1665244800018,8,0.0001
1665273600000,8,-5.496e-05
1665302400007,8,3.166e-05
1665331200011,8,-7.535e-05
1665360000018,8,0.0001
1665388800000,8,0.0001
1665417600026,8,0.0001
1665446400020,8,0.0001
1665475200027,8,0.0001
1665504000000,8,1.173e-05
1665532800014,8,3.208e-05
1665561600000,8,-6.356e-05
1665590400000,8,0.0001
1665619200013,8,2.943e-05
1665648000016,8,-5.1e-06
1665676800009,8,-0.00018636
1665705600020,8,-5.035e-05
1665734400000,8,3.869e-05
1665763200009,8,8.847e-05
1665792000001,8,2.301e-05
1665820800005,8,-7.96e-05
1665849600004,8,-6.648e-05
1665878400012,8,3.129e-05
1665907200000,8,-0.00010784
1665936000010,8,-8.849e-05
1665964800012,8,-0.00011773
1665993600010,8,1.724e-05
1666022400017,8,5.717e-05
1666051200010,8,1.567e-05
1666080000008,8,0.0001
1666108800000,8,9.704e-05
1666137600007,8,3.131e-05
1666166400022,8,0.0001
1666195200016,8,0.0001
1666224000000,8,8.555e-05
1666252800013,8,0.0001
1666281600000,8,9.895e-05
1666310400005,8,0.0001
1666339200018,8,7.42e-06
1666368000000,8,4.104e-05
1666396800000,8,-0.00016497
1666425600015,8,-1.121e-05
1666454400000,8,-9.324e-05
1666483200025,8,3.894e-05
1666512000000,8,1.405e-05
1666540800004,8,7.513e-05
1666569600009,8,0.0001
1666598400012,8,0.0001
1666627200002,8,-3.209e-05
1666656000013,8,-1.944e-05
1666684800013,8,9.947e-05
1666713600000,8,1.166e-05
1666742400006,8,0.0001
1666771200013,8,0.0001
1666800000000,8,8.93e-06
1666828800009,8,6.525e-05
1666857600006,8,0.0001
1666886400009,8,8.781e-05
1666915200000,8,6.137e-05
1666944000000,8,7.565e-05
1666972800007,8,-6.715e-05
1667001600000,8,0.0001
1667030400003,8,0.0001
1667059200010,8,0.0001
1667088000000,8,7.022e-05
1667116800013,8,0.0001
1667145600009,8,0.0001
1667174400012,8,0.0001
1667203200000,8,0.0001
1667232000010,8,5.671e-05
1667260800000,8,-7.785e-05
1667289600000,8,-3.806e-05
1667318400000,8,-6.234e-05
1667347200000,8,9.5e-07
1667376000000,8,1.628e-05
1667404800019,8,4.18e-06
1667433600011,8,-0.00025803
1667462400016,8,6.571e-05
1667491200005,8,2.784e-05
1667520000000,8,-8.29e-05
1667548800004,8,0.0001
1667577600020,8,9.262e-05
1667606400009,8,0.0001
1667635200007,8,0.0001
1667664000018,8,0.0001
1667692800009,8,0.0001
1667721600000,8,0.0001
1667750400010,8,0.0001
1667779200012,8,0.0001
1667808000014,8,9.319e-05
1667836800006,8,0.0001
1667865600000,8,-0.00035346
1667894400001,8,-0.00124635
1667923200005,8,-0.00059042
1667952000000,8,-0.0075
1667980800013,8,-0.0075
1668009600004,8,-0.015
1668024000018,4,-0.02
1668038400006,4,-0.02
1668052800011,2,-0.02
1668060000000,2,-0.02
1668067200000,2,-0.02
1668074400000,2,-0.02
1668081600000,2,-0.02
1668088800007,2,-0.00937683
1668096000015,2,-0.00801579
1668103200011,2,-0.01610749
1668110400000,2,-0.01792917
1668117600000,2,-0.00023209
1668124800000,2,-0.00262997
1668132000011,2,-0.00229218
1668139200003,2,-0.00407097
1668146400007,2,-0.00209331
1668153600015,2,-0.00097284
1668160800009,2,-0.00229598
1668168000005,2,-0.0026638
1668175200000,2,-0.00373271
1668182400027,2,-0.01139731
1668189600000,2,-0.00145664
1668196800004,2,-0.00153438
1668204000000,2,-0.0007073
1668211200007,2,-0.00029718
1668218400013,2,-0.0018903
1668225600000,2,-0.00194529
1668232800015,2,-0.00678495
1668240000016,2,-0.00090442
1668247200015,2,-0.00043311
1668254400014,2,-0.00166604
1668261600013,2,-0.00153586
1668268800000,2,-0.00087212
1668276000000,2,-0.00018986
1668283200000,2,-0.0002072
1668290400016,2,-0.00097367
1668297600004,2,-0.00070342
1668304800006,2,-0.00078974
1668312000001,2,-0.00163101
1668319200015,2,-0.00033147
1668326400000,2,-0.0017701
1668333600000,2,-0.00099368
1668340800007,2,-0.00083974
1668348000011,2,-0.0008275
1668355200017,2,-0.00013499
1668362400001,2,1.458e-05
1668369600011,2,-0.00019347
1668376800003,2,-0.00049299
1668384000000,2,-0.0017293
1668391200000,2,-0.00444734
1668398400004,2,-0.00469829
1668405600000,2,-0.00025664
1668412800000,2,-0.00020798
1668420000000,2,-0.00037676
1668427200000,2,-0.00065817
1668434400013,2,2.5e-05
1668441600000,2,-0.00078889
1668448800000,2,-0.00120937
1668456000021,2,2.5e-05
1668463200015,2,-7.464e-05
1668470400014,2,2.5e-05
1668477600000,2,2.5e-05
1668484800016,2,-0.0004769
1668492000010,2,-0.00073828
1668499200009,2,2.5e-05
1668506400018,2,2.5e-05
1668513600030,2,-0.00022903
1668520800006,2,-0.00022959
1668528000010,2,-0.00071141
1668535200010,2,-0.00136816
1668542400000,2,-0.00066296
1668549600000,2,-0.00074848
1668556800011,2,-0.00095985
1668564000000,2,-0.00055134
1668571200014,2,-0.00094499
1668578400006,2,-0.00045854
1668585600004,2,-0.0009133
1668592800000,2,-0.0011055
1668600000000,2,-0.00107526
1668607200000,2,-0.00074867
1668614400008,2,-0.00031476
1668621600018,2,-0.00062708
1668628800006,2,-3.556e-05
1668636000000,2,-4.335e-05
1668643200000,2,-0.00015275
1668650400009,2,-8.299e-05
1668657600022,2,-0.00033443
1668664800013,2,-1.852e-05
1668672000000,2,-9.19e-05
1668679200022,2,-3.299e-05
1668686400009,2,2.5e-05
1668693600000,2,-0.00336778
1668700800006,2,-0.00141975
1668708000003,2,-0.00141426
1668715200020,2,-0.00038974
1668722400008,2,-0.00040385
1668729600004,2,-0.00107448
1668736800004,2,-0.00046528
1668744000000,2,-0.00035674
1668751200007,2,-0.00029566
1668758400016,2,-0.00021531
1668787200000,8,-0.00082757
1668816000000,8,-0.00068642
1668844800004,8,-0.00114938
1668873600024,8,-0.00052327
1668902400015,8,-0.00047571
1668931200004,8,-0.00037408
1668960000000,8,-0.00112922
1668988800006,8,-0.00075953
1669017600015,8,-0.0005083
1669046400000,8,-0.00116096
1669075200000,8,-0.00016606
1669104000000,8,-0.00056977
1669132800000,8,-0.00089583
1669161600000,8,-0.00042476
1669190400011,8,-0.00011053
1669219200014,8,-0.00097051
1669248000007,8,-0.00110661
1669276800014,8,-0.0014096
1669305600013,8,-0.00203998
1669334400004,8,-0.00066695
1669363200015,8,-0.00025529
1669392000000,8,-0.00056949
1669420800011,8,-0.00015345
1669449600000,8,-0.00034616
1669478400000,8,-0.00055804
1669507200012,8,-0.00147702
1669536000000,8,-0.00043291
1669564800003,8,-0.00032864
1669593600015,8,-0.00016117
1669622400004,8,-0.00540619
1669651200011,8,-0.00281466
1669680000000,8,-0.00021025
1669708800015,8,-0.0004623
1669737600000,8,-0.00073299
1669766400007,8,-0.00048248
1669795200000,8,-0.00140667
1669824000015,8,-0.00041907
1669852800001,8,-0.00083649
1669881600006,8,-0.00015134
1669910400000,8,-0.0001949
1669939200001,8,-0.00093645
1669968000016,8,-0.00174192
1669996800017,8,-5.628e-05
1670025600006,8,9.346e-05
1670054400000,8,-0.00016897
1670083200011,8,-0.00030733
1670112000006,8,-0.00022684
1670140800000,8,4.642e-05
1670169600006,8,-1.362e-05
1670198400002,8,0.0001
1670227200011,8,-6.606e-05
1670256000008,8,0.0001
1670284800014,8,0.0001
1670313600027,8,6.467e-05
1670342400009,8,1.418e-05
1670371200000,8,4.454e-05
1670400000000,8,3.151e-05
1670428800000,8,5.056e-05
1670457600006,8,5.017e-05
1670486400000,8,-0.00028326
1670515200014,8,1.999e-05
1670544000017,8,-9.895e-05
1670572800005,8,-2.372e-05
1670601600000,8,7.054e-05
1670630400009,8,-4.552e-05
1670659200010,8,-5.93e-06
1670688000001,8,-0.00016454
1670716800011,8,-3.942e-05
1670745600007,8,-0.00010562
1670774400011,8,-9.44e-06
1670803200000,8,-0.0001843
1670832000004,8,-0.00028652
1670860800000,8,-0.00012371
1670889600000,8,-1.654e-05
1670918400018,8,2e-07
1670947200011,8,0.0001
1670976000010,8,0.0001
1671004800015,8,0.0001
1671033600004,8,0.0001
1671062400000,8,0.0001
1671091200023,8,0.0001
1671120000010,8,0.0001
1671148800016,8,0.0001
1671177600011,8,0.0001
1671206400001,8,-3.932e-05
1671235200001,8,-7.161e-05
1671264000011,8,-0.0004589
1671292800011,8,-0.00034297
1671321600008,8,-0.00045493
1671350400001,8,-0.00027776
1671379200012,8,-0.00035966
1671408000000,8,-0.00018596
1671436800000,8,-0.00045428
1671465600000,8,-0.000376
1671494400005,8,-0.00029256
1671523200016,8,-0.00020607
1671552000000,8,-0.00024139
1671580800007,8,-7.839e-05
1671609600012,8,-0.00034859
1671638400017,8,-0.00033756
1671667200004,8,-0.00027437
1671696000000,8,-0.00027483
1671724800001,8,-0.00010761
1671753600018,8,-9.791e-05
1671782400000,8,9.921e-05
1671811200000,8,-7.019e-05
1671840000001,8,-1.74e-06
1671868800007,8,-0.00121249
1671897600008,8,-0.00155484
1671926400000,8,-0.00063471
1671955200013,8,-0.00080818
1671984000000,8,-0.00017688
1672012800001,8,-0.00017839
1672041600000,8,-0.00035979
1672070400005,8,-0.00034214
1672099200005,8,-0.00014455
1672128000010,8,2.9e-07
1672156800006,8,-0.00016284
1672185600010,8,0.0001
1672214400010,8,-0.00049469
1672243200010,8,-0.00062657
1672272000011,8,-0.00049537
1672300800000,8,-0.00011408
1672329600008,8,-0.00013498
1672358400000,8,-0.00277763
1672387200000,8,-0.00216253
1672416000000,8,-0.00240802
1672444800014,8,-0.00284191
1672473600000,8,-0.00180298
1672502400000,8,-0.00095178
1672531200000,8,-0.00092452
1672560000008,8,-0.00039729
1672588800000,8,-0.00097445
1672617600000,8,-0.00105604
1672646400008,8,-0.00073395
1672675200015,8,-0.00036678
1672704000003,8,-0.00137389
1672732800018,8,-0.0032206
1672761600000,8,-0.00820119
1672790400000,8,-0.00349905
1672819200016,8,-0.00927078
1672848000011,8,-0.00145742
1672876800009,8,-0.00197574
1672905600011,8,-0.00017797
1672934400000,8,-0.00035808
1672963200005,8,-0.0028675
1672992000001,8,-5.103e-05
1673020800000,8,-0.00097063
1673049600006,8,-0.00063098
1673078400017,8,-8.222e-05
1673107200000,8,-0.00049317
1673136000015,8,-0.00032422
1673164800000,8,-0.00041686
1673193600010,8,-0.0002307
1673222400003,8,-0.0002275
1673251200000,8,0.0001
1673280000006,8,0.0001
1673308800003,8,0.0001
1673337600021,8,0.0001
1673366400000,8,-0.00015347
1673395200011,8,-0.0002485
1673424000006,8,-1.768e-05
1673452800004,8,0.0001
1673481600000,8,0.0001
1673510400000,8,0.0001
1673539200000,8,-0.00044772
1673568000004,8,-5.616e-05
1673596800000,8,2.603e-05
1673625600018,8,-0.00058902
1673654400000,8,0.0001
1673683200001,8,0.00027702
1673712000000,8,0.0001
1673740800010,8,0.00023978
1673769600002,8,0.00036502
1673798400000,8,0.00012309
1673827200010,8,0.00019979
1673856000007,8,0.00041624
1673884800000,8,0.0001
1673913600004,8,0.00012293
1673942400005,8,0.0001
1673971200001,8,0.0001
1674000000008,8,0.0001
1674028800009,8,0.0001
1674057600017,8,0.0001
1674086400000,8,0.0001
1674115200015,8,0.0001
1674144000012,8,0.0001
1674172800000,8,0.0001
1674201600000,8,0.0001
1674230400000,8,0.0001
1674259200013,8,0.0001
1674288000001,8,0.00030268
1674316800016,8,0.0001
1674345600000,8,0.0001
1674374400000,8,0.0001
1674403200023,8,0.0001
1674432000014,8,0.0001
1674460800014,8,0.0001
1674489600016,8,0.0001
1674518400008,8,0.0001
1674547200008,8,0.00013079
1674576000000,8,0.0001
1674604800012,8,0.0001
1674633600000,8,1.239e-05
1674662400010,8,0.0001
1674691200010,8,0.0001
1674720000003,8,0.0001
1674748800020,8,0.0001
1674777600008,8,0.0001
1674806400000,8,0.0001
1674835200000,8,0.0001
1674864000009,8,0.0001
1674892800018,8,0.00013046
1674921600005,8,0.0001
1674950400011,8,0.0001
1674979200000,8,0.0001
1675008000008,8,0.0001
1675036800001,8,0.00050275
1675065600000,8,0.0001
1675094400000,8,0.0001
1675123200005,8,0.0001
1675152000000,8,0.0001
1675180800007,8,0.0001
1675209600013,8,0.0001
1675238400000,8,0.0001
1675267200012,8,0.0001
1675296000004,8,0.0001
1675324800023,8,0.00026236
1675353600003,8,0.0001
1675382400010,8,0.0001
1675411200000,8,6.262e-05
1675440000000,8,7.317e-05
1675468800010,8,0.0001
1675497600000,8,0.0001
1675526400000,8,0.0001
1675555200016,8,0.0001
1675584000009,8,-8.182e-05
1675612800018,8,-0.00019779
1675641600001,8,-4.068e-05
1675670400000,8,0.0001
1675699200012,8,0.0001
1675728000004,8,-0.00011165
1675756800011,8,2.94e-05
1675785600018,8,0.0001
1675814400009,8,-1.031e-05
1675843200010,8,0.0001
1675872000000,8,0.0001
1675900800014,8,0.0001
1675929600006,8,-0.00018909
1675958400001,8,0.0001
1675987200012,8,0.0001
1676016000005,8,-0.0001841
1676044800020,8,-0.00011823
1676073600007,8,-0.00020422
1676102400002,8,-7.827e-05
1676131200021,8,-0.00029396
1676160000004,8,-0.00043025
1676188800000,8,-0.00045565
1676217600002,8,-0.00025702
1676246400006,8,-0.00021151
1676275200008,8,-0.00021904
1676304000002,8,0.0001
1676332800013,8,-0.00020755
1676361600014,8,-0.00022864
1676390400016,8,1.781e-05
1676419200011,8,9.858e-05
1676448000000,8,8.397e-05
1676476800005,8,-7.224e-05
1676505600019,8,0.0001
1676534400000,8,0.0001
1676563200001,8,0.0001
1676592000003,8,0.0001
1676620800016,8,0.0001
1676649600000,8,0.0001
1676678400011,8,0.0001
1676707200000,8,0.0001
1676736000007,8,0.0001
1676764800019,8,0.0001
1676793600005,8,0.0001
1676822400003,8,0.00014645
1676851200006,8,0.00017117
1676880000008,8,0.00019193
1676908800006,8,0.0001276
1676937600001,8,0.0001
1676966400004,8,0.00016004
1676995200011,8,0.0001
1677024000009,8,0.0001
1677052800010,8,0.0001
1677081600000,8,0.0001
1677110400006,8,0.0001
1677139200005,8,0.0001
1677168000002,8,0.0001
1677196800015,8,0.0001
1677225600011,8,0.0001
1677254400014,8,0.0001
1677283200015,8,-3.219e-05
1677312000015,8,0.0001
1677340800015,8,0.0001
1677369600007,8,-4.144e-05
1677398400012,8,-7.838e-05
1677427200000,8,-1.898e-05
1677456000011,8,5.327e-05
1677484800003,8,0.0001
1677513600000,8,8.837e-05
1677542400011,8,5.76e-05
1677571200018,8,0.0001
1677600000005,8,8.349e-05
1677628800016,8,5.877e-05
1677657600000,8,0.0001
1677686400008,8,0.0001
1677715200009,8,0.0001
1677744000013,8,0.0001
1677772800000,8,-8.101e-05
1677801600000,8,2.047e-05
1677830400013,8,2.627e-05
1677859200000,8,9.745e-05
1677888000001,8,6.271e-05
1677916800008,8,4.321e-05
1677945600012,8,0.0001
1677974400000,8,0.0001
1678003200000,8,0.0001
1678032000015,8,0.0001
1678060800007,8,0.0001
1678089600017,8,3.586e-05
1678118400000,8,-2.168e-05
1678147200009,8,-9.6e-05
1678176000016,8,-7.843e-05
1678204800017,8,-0.00011785
1678233600000,8,-5.279e-05
1678262400014,8,-0.00015628
1678291200021,8,-0.00015932
1678320000010,8,-4.86e-05
1678348800013,8,-0.00015189
1678377600002,8,0.0001
1678406400000,8,-0.00018592
1678435200000,8,8.585e-05
1678464000005,8,-0.00019429
1678492800011,8,-0.00036773
1678521600003,8,-0.0001919
1678550400011,8,-0.00035499
1678579200001,8,-0.00013186
1678608000000,8,6.8e-05
1678636800005,8,-0.00019726
1678665600010,8,0.0001
1678694400018,8,0.0001
1678723200003,8,0.0001
1678752000010,8,0.0001
1678780800009,8,0.0001
1678809600010,8,0.0001
1678838400011,8,0.00018064
1678867200000,8,0.0001
1678896000012,8,0.0001
1678924800004,8,-0.00010063
1678953600018,8,0.0001
1678982400005,8,-0.00017595
1679011200017,8,6.18e-06
1679040000010,8,-3.828e-05
1679068800003,8,-5.87e-05
1679097600012,8,0.0001
1679126400000,8,0.00027581
1679155200016,8,0.0001
1679184000013,8,0.0001
1679212800024,8,0.0001
1679241600000,8,0.0001
1679270400005,8,0.0001
1679299200012,8,0.0001
1679328000015,8,0.0001
1679356800006,8,0.0001
1679385600004,8,0.0001
1679414400003,8,0.0001
1679443200000,8,0.0001
1679472000003,8,6.109e-05
1679500800000,8,0.0001
1679529600016,8,-8.698e-05
1679558400001,8,1.638e-05
1679587200013,8,0.0001
1679616000013,8,0.0001
1679644800012,8,0.0001
1679673600027,8,0.0001
1679702400015,8,-6.551e-05
1679731200011,8,-5.825e-05
1679760000011,8,-4.6e-05
1679788800000,8,-0.00010361
1679817600015,8,-2.291e-05
1679846400000,8,-4.191e-05
1679875200019,8,0.0001
1679904000009,8,3.888e-05
1679932800000,8,2.013e-05
1679961600007,8,-0.00017394
1679990400000,8,8.36e-05
1680019200013,8,-2.188e-05
1680048000010,8,-0.00016763
1680076800006,8,0.0001
1680105600014,8,8.936e-05
1680134400000,8,4.312e-05
1680163200000,8,7.675e-05
1680192000006,8,-6.11e-05
1680220800003,8,-0.00011842
1680249600006,8,-3.734e-05
1680278400011,8,-1.814e-05
1680307200000,8,0.0001
1680336000000,8,0.0001
1680364800018,8,0.0001
1680393600013,8,0.0001
1680422400014,8,0.0001
1680451200001,8,6.11e-06
1680480000000,8,-0.00014684
1680508800013,8,2.36e-05
1680537600011,8,7.659e-05
1680566400002,8,7.915e-05
1680595200017,8,2.383e-05
1680624000008,8,0.0001
1680652800000,8,0.0001
1680681600016,8,0.0001
1680710400004,8,0.0001
1680739200000,8,0.0001
1680768000011,8,8.021e-05
1680796800000,8,1.019e-05
1680825600006,8,4.2e-07
1680854400005,8,-7.207e-05
1680883200000,8,2.05e-06
1680912000000,8,0.0001
1680940800014,8,4.752e-05
1680969600018,8,8.084e-05
1680998400013,8,8.52e-06
1681027200024,8,-1.384e-05
1681056000010,8,8.973e-05
1681084800000,8,0.0001
1681113600010,8,6.116e-05
1681142400006,8,0.0001
1681171200008,8,0.0001
1681200000007,8,0.0001
1681228800016,8,0.0001
1681257600006,8,0.0001
1681286400008,8,0.0001
1681315200014,8,0.0001
1681344000027,8,2.795e-05
1681372800010,8,6.992e-05
1681401600000,8,0.0001
1681430400001,8,0.0001
1681459200008,8,0.0001
1681488000007,8,0.0001
1681516800007,8,0.0001
1681545600007,8,0.0001
1681574400011,8,0.0001
1681603200014,8,0.0001
1681632000007,8,0.00025575
1681660800002,8,0.0001
1681689600017,8,0.0002925
1681718400006,8,0.00035646
1681747200000,8,0.00013821
1681776000013,8,0.0001
1681804800017,8,0.0001
1681833600000,8,0.0001
1681862400022,8,0.0001
1681891200014,8,0.0001
1681920000000,8,-5.574e-05
1681948800010,8,0.0001
1681977600012,8,0.0001
1682006400012,8,0.0001
1682035200009,8,-3.575e-05
1682064000009,8,0.0001
1682092800003,8,0.0001
1682121600000,8,-1.147e-05
1682150400000,8,9.14e-06
1682179200016,8,-3.008e-05
1682208000009,8,-4.662e-05
1682236800020,8,7.476e-05
1682265600007,8,9.355e-05
1682294400000,8,3.83e-06
1682323200008,8,9.297e-05
1682352000006,8,0.0001
1682380800014,8,-1.61e-05
1682409600009,8,-2.918e-05
1682438400015,8,1.692e-05
1682467200015,8,5.839e-05
1682496000013,8,1.365e-05
1682524800001,8,0.0001
1682553600014,8,-0.00012155
1682582400008,8,2.06e-05
1682611200005,8,5.188e-05
1682640000011,8,0.0001
1682668800007,8,0.0001
1682697600006,8,0.0001
1682726400004,8,6.328e-05
1682755200016,8,0.0001
1682784000001,8,0.0001
1682812800008,8,5.413e-05
1682841600000,8,7.129e-05
1682870400010,8,0.0001
1682899200004,8,0.0001
1682928000008,8,1.535e-05
1682956800014,8,0.0001
1682985600015,8,6.98e-06
1683014400018,8,3.889e-05
1683043200000,8,-4.732e-05
1683072000009,8,2.069e-05
1683100800003,8,3.138e-05
1683129600011,8,3.849e-05
1683158400000,8,-2.27e-06
1683187200000,8,0.0001
1683216000011,8,0.0001
1683244800002,8,0.0001
1683273600000,8,3.223e-05
1683302400000,8,0.0001
1683331200009,8,0.0001
1683360000000,8,0.0001
1683388800000,8,2.441e-05
1683417600000,8,3.648e-05
1683446400000,8,-2.12e-05
1683475200006,8,6.249e-05
1683504000000,8,0.0001
1683532800007,8,-7.742e-05
1683561600015,8,2.595e-05
1683590400015,8,-0.00019637
1683619200000,8,-5.327e-05
1683648000000,8,-5.678e-05
1683676800007,8,-4.287e-05
1683705600003,8,2.809e-05
1683734400000,8,-2.9e-07
1683763200011,8,7.952e-05
1683792000000,8,2.605e-05
1683820800005,8,2.286e-05
1683849600020,8,1.031e-05
1683878400001,8,8.362e-05
1683907200010,8,8.03e-06
1683936000000,8,1.245e-05
1683964800000,8,6.953e-05
1683993600026,8,0.0001
1684022400029,8,7.69e-05
1684051200010,8,6.449e-05
1684080000008,8,6.799e-05
1684108800006,8,8.94e-06
1684137600005,8,6.491e-05
1684166400008,8,8.447e-05
1684195200021,8,0.0001
1684224000000,8,6.067e-05
1684252800000,8,0.0001
1684281600010,8,3.051e-05
1684310400000,8,0.0001
1684339200001,8,9.695e-05
1684368000000,8,0.0001
1684396800026,8,0.0001
1684425600019,8,2.95e-05
1684454400000,8,-9.122e-05
1684483200002,8,2.946e-05
1684512000000,8,8.946e-05
1684540800005,8,9.555e-05
1684569600014,8,2.515e-05
1684598400020,8,3.057e-05
1684627200014,8,0.0001
1684656000001,8,0.0001
1684684800015,8,9.479e-05
1684713600028,8,2.963e-05
1684742400000,8,7.846e-05
1684771200012,8,0.0001
1684800000006,8,0.0001
1684828800014,8,9.997e-05
1684857600008,8,0.0001
1684886400000,8,0.0001
1684915200025,8,6.455e-05
1684944000008,8,9.78e-05
1684972800000,8,5.668e-05
1685001600025,8,5.885e-05
1685030400016,8,0.0001
1685059200000,8,0.0001
1685088000024,8,0.0001
1685116800012,8,0.0001
1685145600012,8,0.0001
1685174400018,8,0.0001
1685203200008,8,0.0001
1685232000017,8,0.0001
1685260800015,8,0.0001
1685289600000,8,0.0001
1685318400000,8,0.0001
1685347200020,8,0.0001
1685376000011,8,0.0001
1685404800003,8,0.0001
1685433600000,8,0.0001
1685462400003,8,0.0001
1685491200013,8,0.0001
1685520000000,8,0.0001
1685548800000,8,0.0001
1685577600008,8,0.0001
1685606400012,8,0.0001
1685635200000,8,0.0001
1685664000000,8,0.0001
1685692800006,8,0.0001
1685721600012,8,0.0001
1685750400000,8,0.0001
1685779200011,8,0.0001
1685808000003,8,0.0001
1685836800000,8,0.0001
1685865600000,8,0.0001
1685894400000,8,0.0001
1685923200005,8,0.0001
1685952000000,8,0.0001
1685980800000,8,0.0001
1686009600000,8,-7.522e-05
1686038400009,8,-1.215e-05
1686067200013,8,6.245e-05
1686096000000,8,0.0001
1686124800016,8,0.0001
1686153600000,8,8.161e-05
1686182400006,8,-2.973e-05
1686211200000,8,-6.138e-05
1686240000000,8,-3.987e-05
1686268800000,8,-1.99e-05
1686297600000,8,2.244e-05
1686326400000,8,4.756e-05
1686355200000,8,4.312e-05
1686384000000,8,-0.00018689
1686412800000,8,-0.00045568
1686441600001,8,-0.00025962
1686470400000,8,-0.00039139
1686499200000,8,-0.00011432
1686528000000,8,-5.452e-05
1686556800000,8,-0.00010351
1686585600001,8,0.0001
1686614400000,8,-6.7e-06
1686643200000,8,8.95e-06
1686672000000,8,-1.734e-05
1686700800000,8,-6.216e-05
1686729600000,8,-9.959e-05
1686758400000,8,-3.849e-05
1686787200000,8,-3.913e-05
1686816000000,8,-0.0001096
1686844800000,8,0.0001
1686873600000,8,2.986e-05
1686902400000,8,3.481e-05
1686931200000,8,-4.6e-06
1686960000000,8,-3.146e-05
1686988800000,8,5.237e-05
1687017600000,8,6.248e-05
1687046400000,8,-2.892e-05
1687075200000,8,-5.493e-05
1687104000000,8,-1.03e-06
1687132800000,8,-6.35e-05
1687161600000,8,-8.954e-05
1687190400000,8,-4.972e-05
1687219200001,8,-0.0001454
1687248000000,8,-8.12e-06
1687276800000,8,1.7e-06
1687305600000,8,5.55e-06
1687334400000,8,7.67e-05
1687363200000,8,1.523e-05
1687392000000,8,5.684e-05
1687420800001,8,1.267e-05
1687449600000,8,-9.97e-06
1687478400000,8,8.86e-05
1687507200000,8,0.0001
1687536000000,8,-3.27e-06
1687564800000,8,-5.354e-05
1687593600000,8,8.164e-05
1687622400000,8,1.615e-05
1687651200000,8,-9.403e-05
1687680000000,8,4.045e-05
1687708800000,8,2.049e-05
1687737600000,8,2.481e-05
1687766400000,8,-6.749e-05
1687795200000,8,5.956e-05
1687824000000,8,-2.886e-05
1687852800000,8,0.0001
1687881600000,8,0.0001
1687910400000,8,0.0001
1687939200000,8,-1.801e-05
1687968000000,8,5.458e-05
1687996800000,8,1.7e-05
1688025600000,8,0.0001
1688054400000,8,0.0001
1688083200000,8,4.827e-05
1688112000000,8,0.0001
1688140800001,8,0.0001
1688169600000,8,0.0001
1688198400000,8,0.0001
1688227200000,8,2.201e-05
1688256000000,8,0.0001
1688284800000,8,0.0001
1688313600001,8,0.0001
1688342400000,8,0.0001
1688371200000,8,0.0001
1688400000000,8,0.0001
1688428800001,8,6.327e-05
1688457600000,8,0.0001
1688486400000,8,0.0001
1688515200000,8,0.0001
1688544000000,8,0.0001
1688572800000,8,4.304e-05
1688601600000,8,-5.29e-06
1688630400000,8,0.0001
1688659200000,8,0.0001
1688688000000,8,0.0001
1688716800000,8,8.838e-05
1688745600000,8,-0.00022841
1688774400000,8,-5.703e-05
1688803200000,8,1.315e-05
1688832000000,8,0.0001
1688860800000,8,-0.00011345
1688889600000,8,1.049e-05
1688918400000,8,0.0001
1688947200000,8,0.0001
1688976000000,8,0.0001
1689004800000,8,-5.346e-05
1689033600000,8,-0.00013561
1689062400000,8,-2.651e-05
1689091200000,8,2.775e-05
1689120000000,8,1.497e-05
1689148800000,8,-2.714e-05
1689177600000,8,4.12e-05
1689206400000,8,9.789e-05
1689235200000,8,-6.37e-06
1689264000000,8,-0.00021919
1689292800000,8,0.0001
1689321600000,8,0.00029523
1689350400000,8,0.00017912
1689379200000,8,0.0001
1689408000000,8,0.0001
1689436800000,8,0.0001
1689465600001,8,0.0001
1689494400000,8,0.0001
1689523200000,8,0.0001
1689552000000,8,0.0001
1689580800000,8,0.0001
1689609600000,8,0.0001
1689638400000,8,9.171e-05
1689667200000,8,0.0001
1689696000000,8,0.0001
1689724800000,8,0.0001
1689753600000,8,0.0001
1689782400001,8,0.0001
1689811200000,8,7.165e-05
1689840000000,8,0.0001
1689868800000,8,0.0001
1689897600001,8,1.25e-05
1689926400000,8,-1.51e-06
1689955200000,8,7.977e-05
1689984000000,8,2.099e-05
1690012800000,8,0.0001
1690041600000,8,0.0001
1690070400000,8,8.045e-05
1690099200000,8,6.786e-05
1690128000000,8,0.0001
1690156800000,8,5.539e-05
1690185600000,8,8.79e-05
1690214400000,8,0.0001
1690243200000,8,2.921e-05
1690272000000,8,4.666e-05
1690300800000,8,-2.252e-05
1690329600000,8,9.281e-05
1690358400001,8,-1.83e-06
1690387200000,8,4.654e-05
1690416000000,8,0.0001
1690444800000,8,2.473e-05
1690473600001,8,1.048e-05
1690502400000,8,0.0001
1690531200000,8,0.0001
1690560000000,8,0.0001
1690588800000,8,0.0001
1690617600000,8,0.0001
1690646400001,8,8.555e-05
1690675200000,8,0.0001
1690704000000,8,9.213e-05
1690732800000,8,0.0001
1690761600000,8,9.232e-05
1690790400000,8,-2.568e-05
1690819200001,8,4.713e-05
1690848000000,8,0.0001
1690876800000,8,7.943e-05
1690905600000,8,6.97e-05
1690934400000,8,1.932e-05
1690963200000,8,1.057e-05
1690992000000,8,3.245e-05
1691020800000,8,-2.37e-05
1691049600000,8,0.0001
1691078400001,8,-3.185e-05
1691107200000,8,1.777e-05
1691136000000,8,9.93e-06
1691164800000,8,5.856e-05
1691193600000,8,0.0001
1691222400000,8,2.082e-05
1691251200001,8,4.43e-05
1691280000000,8,-3.498e-05
1691308800001,8,0.0001
1691337600005,8,0.0001
1691366400000,8,0.0001
1691395200000,8,7.203e-05
1691424000000,8,0.0001
1691452800000,8,7.405e-05
1691481600000,8,0.0001
1691510400000,8,9.805e-05
1691539200000,8,9.326e-05
1691568000000,8,7.15e-06
1691596800000,8,6.361e-05
1691625600001,8,0.0001
1691654400000,8,0.0001
1691683200000,8,0.0001
1691712000000,8,5.018e-05
1691740800000,8,0.0001
1691769600000,8,0.0001
1691798400000,8,0.0001
1691827200000,8,0.0001
1691856000000,8,0.0001
1691884800000,8,7.464e-05
1691913600000,8,5.155e-05
1691942400000,8,0.0001
1691971200001,8,0.0001
1692000000000,8,7.157e-05
1692028800000,8,3.069e-05
1692057600001,8,7.225e-05
1692086400000,8,0.0001
1692115200000,8,0.0001
1692144000000,8,0.0001
1692172800001,8,0.0001
1692201600000,8,5.907e-05
1692230400000,8,6.9e-07
1692259200000,8,0.0001
1692288000000,8,3.019e-05
1692316800000,8,-0.00029147
1692345600000,8,-2.584e-05
1692374400000,8,8.169e-05
1692403200000,8,-7.003e-05
1692432000000,8,-5.498e-05
1692460800000,8,-6.27e-05
1692489600000,8,-6.623e-05
1692518400000,8,-7.076e-05
1692547200000,8,-3.023e-05
1692576000000,8,-3.625e-05
1692604800000,8,-7.183e-05
1692633600000,8,-7.18e-06
1692662400000,8,1.569e-05
1692691200000,8,5.112e-05
1692720000000,8,2.087e-05
1692748800000,8,-0.00012671
1692777600000,8,-3.319e-05
1692806400000,8,3.526e-05
1692835200000,8,-7.433e-05
1692864000000,8,-9.124e-05
1692892800000,8,-9.96e-06
1692921600000,8,-8.674e-05
1692950400000,8,-5.421e-05
1692979200000,8,-0.00018382
1693008000000,8,-0.00014373
1693036800000,8,-0.00024234
1693065600000,8,-0.00018306
1693094400000,8,-0.00017578
1693123200000,8,-0.00011914
1693152000000,8,-0.00016818
1693180800000,8,-3.451e-05
1693209600001,8,-2.329e-05
1693238400001,8,2.945e-05
1693267200000,8,8.373e-05
1693296000000,8,5.29e-06
1693324800000,8,-0.00040362
1693353600000,8,0.0001
1693382400000,8,2.088e-05
1693411200000,8,8.869e-05
1693440000000,8,-5.589e-05
1693468800000,8,-7.295e-05
1693497600000,8,-9.89e-05
1693526400000,8,-0.00013928
1693555200000,8,-9.007e-05
1693584000001,8,5.2e-05
1693612800000,8,6.71e-06
1693641600000,8,-8.469e-05
1693670400000,8,-5.343e-05
1693699200000,8,-6.5e-07
1693728000000,8,-3.935e-05
1693756800000,8,-3.56e-05
1693785600000,8,-5.078e-05
1693814400000,8,-7.224e-05
1693843200000,8,8.919e-05
1693872000000,8,1.756e-05
1693900800000,8,-6.252e-05
1693929600000,8,-0.00010758
1693958400000,8,-1.341e-05
1693987200000,8,8.04e-06
1694016000001,8,2.839e-05
1694044800000,8,-2.787e-05
1694073600000,8,2.88e-06
1694102400000,8,3.3e-07
1694131200000,8,-8.527e-05
1694160000000,8,-0.00013966
1694188800000,8,-0.00021132
1694217600000,8,-0.0001045
1694246400000,8,-0.00021188
1694275200000,8,-0.00016996
1694304000000,8,-0.0002388
1694332800000,8,-0.00038599
1694361600000,8,-0.00047908
1694390400000,8,-0.00036941
1694419200000,8,-0.00022734
1694448000001,8,-6.124e-05
1694476800000,8,-3.978e-05
1694505600000,8,-5.673e-05
1694534400000,8,-7.381e-05
1694563200000,8,-0.00016024
1694592000000,8,-0.00017635
1694620800000,8,-4.981e-05
1694649600000,8,-0.00016123
1694678400001,8,-0.0001497
1694707200000,8,-0.00024678
1694736000000,8,-0.0002153
1694764800000,8,-0.00012046
1694793600000,8,-5.91e-06
1694822400000,8,1.257e-05
1694851200000,8,-5.38e-05
1694880000000,8,-0.00014091
1694908800000,8,-0.00021514
1694937600000,8,-7.124e-05
1694966400000,8,-5.427e-05
1694995200000,8,-0.00030943
1695024000000,8,-7.847e-05
1695052800000,8,-0.00013976
1695081600000,8,-5.9e-05
1695110400001,8,-0.00010841
1695139200000,8,0.0001
1695168000000,8,-0.00014401
1695196800000,8,-8.143e-05
1695225600000,8,-9.609e-05
1695254400001,8,-7.77e-06
1695283200000,8,-6.489e-05
1695312000000,8,0.0001
1695340800000,8,1.075e-05
1695369600000,8,1.389e-05
1695398400000,8,4.359e-05
1695427200000,8,5.987e-05
1695456000000,8,0.0001
1695484800000,8,5.94e-05
1695513600000,8,8.557e-05
1695542400000,8,8.1e-06
1695571200000,8,6.559e-05
1695600000000,8,1.511e-05
1695628800000,8,-3.233e-05
1695657600000,8,2.778e-05
1695686400000,8,1.913e-05
1695715200000,8,-6.278e-05
1695744000000,8,1.89e-05
1695772800000,8,7.51e-05
1695801600001,8,3.583e-05
1695830400000,8,2.165e-05
1695859200000,8,-0.00025005
1695888000000,8,4.959e-05
1695916800000,8,0.0001
1695945600000,8,-8.879e-05
1695974400000,8,3.522e-05
1696003200000,8,-8.995e-05
1696032000000,8,-9.192e-05
1696060800000,8,-0.00013968
1696089600000,8,-0.00033235
1696118400000,8,-0.00015019
1696147200000,8,-0.00024577
1696176000000,8,4.55e-05
1696204800000,8,0.0001
1696233600000,8,-5.358e-05
1696262400000,8,7.399e-05
1696291200000,8,0.0001
1696320000000,8,-9.329e-05
1696348800000,8,-0.00016715
1696377600000,8,-0.00020449
1696406400000,8,-0.00014362
1696435200000,8,1.008e-05
1696464000000,8,-0.00019583
1696492800000,8,-0.00010441
1696521600001,8,-0.0002138
1696550400000,8,-0.00014401
1696579200000,8,-1.702e-05
1696608000000,8,6.028e-05
1696636800000,8,1.517e-05
1696665600000,8,-3.624e-05
1696694400000,8,-0.00013829
1696723200000,8,-7.284e-05
1696752000001,8,-4.763e-05
1696780800000,8,-2.324e-05
1696809600000,8,-2.043e-05
1696838400000,8,-0.00010232
1696867200000,8,-8.685e-05
1696896000000,8,-0.00026515
1696924800000,8,-0.00011672
1696953600000,8,-4.739e-05
1696982400000,8,-8.746e-05
1697011200000,8,-1.27e-05
1697040000000,8,-0.00010217
1697068800000,8,-5.206e-05
1697097600000,8,5.051e-05
1697126400000,8,-4.469e-05
1697155200000,8,-4.739e-05
1697184000000,8,-7.419e-05
1697212800000,8,-7.301e-05
1697241600000,8,-0.00015669
1697270400000,8,-0.0003452
1697299200000,8,-4.015e-05
1697328000000,8,-7.073e-05
1697356800000,8,-1.29e-06
1697385600000,8,2.222e-05
1697414400000,8,-0.00010829
1697443200000,8,-6.321e-05
1697472000000,8,-0.00013087
1697500800000,8,8.45e-06
1697529600000,8,-0.00014135
1697558400000,8,2.264e-05
1697587200000,8,7.478e-05
1697616000000,8,-2.937e-05
1697644800000,8,9.438e-05
1697673600000,8,1.267e-05
1697702400001,8,-0.00010177
1697731200000,8,-0.00018428
1697760000000,8,-1.42e-05
1697788800005,8,-0.00060231
1697817600000,8,-6.18e-06
1697846400000,8,-8.888e-05
1697875200000,8,-9.934e-05
1697904000000,8,6.969e-05
1697932800000,8,-9.897e-05
1697961600000,8,-4.073e-05
1697990400000,8,5.08e-05
1698019200000,8,2.37e-06
1698048000001,8,-2.29e-06
1698076800001,8,1.601e-05
1698105600000,8,0.0001
1698134400000,8,0.0001
1698163200000,8,0.0001
1698192000000,8,0.0001
1698220800000,8,0.0001
1698249600001,8,0.0001
1698278400001,8,0.0001
1698307200000,8,0.0001
1698336000000,8,4.969e-05
1698364800000,8,0.0001
1698393600000,8,0.0001
1698422400000,8,0.0001
1698451200000,8,0.0001
1698480000001,8,0.0001
1698508800000,8,0.0001
1698537600000,8,0.0001
1698566400000,8,0.0001
1698595200000,8,0.0001
1698624000000,8,0.0001
1698652800000,8,9.376e-05
1698681600000,8,0.0001
1698710400001,8,0.0001
1698739200000,8,0.0001
1698768000000,8,4.712e-05
1698796800000,8,5.676e-05
1698825600000,8,-4.06e-05
1698854400000,8,-0.00041129
1698883200001,8,0.0001
1698912000000,8,0.0001
1698940800000,8,0.0001
1698969600000,8,0.0001
1698998400000,8,0.0001
1699027200000,8,0.0001
1699056000000,8,0.0001
1699084800000,8,0.0001
1699113600000,8,0.0001
1699142400000,8,0.0001
1699171200000,8,0.0001
1699200000000,8,0.0001
1699228800000,8,0.0001
1699257600001,8,0.0001
1699286400000,8,0.00015286
1699315200001,8,0.0001
1699344000000,8,0.0001
1699372800000,8,0.00020579
1699401600000,8,0.00017143
1699430400000,8,0.0001
1699459200000,8,0.0001
1699488000000,8,0.0001
1699516800000,8,0.0001
1699545600000,8,0.00028089
1699574400000,8,0.0001
1699603200000,8,0.00015368
1699632000000,8,0.00011529
1699660800000,8,0.0001
1699689600000,8,0.0001
1699718400000,8,0.00030654
1699747200000,8,0.00051279
1699776000000,8,0.00017231
1699804800001,8,0.00016254
1699833600000,8,0.00050694
1699862400000,8,0.00033025
1699891200000,8,0.0001
1699920000000,8,0.00047225
1699948800000,8,0.0001
1699977600001,8,0.00027352
1700006400000,8,0.00012356
1700035200000,8,0.00010903
1700064000000,8,0.00026624
1700092800000,8,0.00031874
1700121600000,8,0.00014572
1700150400001,8,0.0003015
1700179200000,8,0.0001
1700208000001,8,0.0001
1700236800001,8,0.0001
1700265600000,8,0.0001
1700294400000,8,0.0001
1700323200000,8,0.0001
1700352000000,8,0.0001
1700380800000,8,0.0001
1700409600000,8,0.0001
1700438400000,8,0.0001
1700467200000,8,0.0001
1700496000000,8,0.0001
1700524800000,8,0.0001
1700553600000,8,0.0001
1700582400000,8,0.0001
1700611200000,8,0.0001
1700640000000,8,0.0001
1700668800000,8,0.0001
1700697600000,8,0.0001
1700726400000,8,0.0001
1700755200001,8,0.0001
1700784000000,8,0.0001
1700812800000,8,0.0001
1700841600000,8,0.0001
1700870400000,8,0.0001
1700899200000,8,0.0001
1700928000000,8,0.0001
1700956800000,8,0.0001
1700985600000,8,0.0001
1701014400000,8,0.0001
1701043200000,8,0.0001
1701072000001,8,0.0001
1701100800000,8,0.0001
1701129600000,8,0.0001
1701158400000,8,0.0001
1701187200000,8,0.0001
1701216000001,8,0.0001
1701244800000,8,0.0001
1701273600000,8,0.0001
1701302400000,8,0.0001
1701331200000,8,0.0001
1701360000000,8,0.0001
1701388800000,8,0.0001
1701417600000,8,0.0001
1701446400000,8,0.0001
1701475200000,8,0.0001
1701504000000,8,0.00030174
1701532800000,8,0.0001
1701561600000,8,0.0001
1701590400000,8,0.00020381
1701619200000,8,0.00018264
1701648000000,8,0.0001
1701676800000,8,0.00053853
1701705600000,8,0.0001
1701734400000,8,0.0001
1701763200000,8,0.0001
1701792000000,8,0.0001
1701820800000,8,0.00025226
1701849600000,8,0.00045867
1701878400000,8,0.00011861
1701907200000,8,0.0001
1701936000000,8,0.0001
1701964800000,8,0.00036868
1701993600000,8,0.00061268
1702022400000,8,0.00024053
1702051200000,8,0.0002033
1702080000000,8,0.00032215
1702108800000,8,0.000394
1702137600000,8,0.0001
1702166400000,8,0.00025874
1702195200000,8,0.00037686
1702224000000,8,0.00020175
1702252800000,8,0.00027221
1702281600000,8,0.0001
1702310400000,8,0.0001
1702339200000,8,0.00023316
1702368000000,8,0.00011574
1702396800000,8,0.00011972
1702425600000,8,0.0001
1702454400000,8,0.0001
1702483200001,8,0.0001
1702512000000,8,0.0001
1702540800000,8,0.0001
1702569600000,8,0.0001
1702598400000,8,0.00016198
1702627200000,8,0.0001688
1702656000000,8,0.00032874
1702684800000,8,0.0001
1702713600000,8,0.0001
1702742400001,8,0.0001
1702771200000,8,0.0001
1702800000000,8,0.0001
1702828800000,8,0.0001
1702857600000,8,0.0001
1702886400001,8,0.0001
1702915200000,8,0.0001
1702944000000,8,0.0001
1702972800000,8,0.0001
1703001600000,8,0.0001033
1703030400000,8,0.0001
1703059200000,8,0.00028564
1703088000000,8,0.00018812
1703116800000,8,0.0001
1703145600000,8,0.0001
1703174400000,8,0.0001
1703203200000,8,0.00031152
1703232000000,8,0.00036827
1703260800000,8,0.00012814
1703289600000,8,0.0001
1703318400001,8,0.00018694
1703347200000,8,0.0001
1703376000000,8,0.00034505
1703404800000,8,0.00025777
1703433600000,8,0.00012453
1703462400000,8,0.0001913
1703491200000,8,0.00018571
1703520000000,8,0.00063964
1703548800000,8,0.00029627
1703577600000,8,0.00012594
1703606400000,8,0.00014423
1703635200000,8,0.0001
1703664000000,8,0.00041146
1703692800000,8,0.00067699
1703721600000,8,0.00053993
1703750400000,8,0.00086297
1703779200000,8,0.00084399
1703808000001,8,0.00050327
1703836800000,8,0.00040365
1703865600000,8,0.00044869
1703894400001,8,0.00046726
1703923200000,8,0.00024082
1703952000000,8,0.00030813
1703980800000,8,0.00034362
1704009600001,8,0.00052654
1704038400000,8,0.00041035
1704067200000,8,0.0002241
1704096000000,8,0.00032989
1704124800000,8,0.00051477
1704153600000,8,0.00057513
1704182400000,8,0.00046798
1704211200000,8,0.00096801
1704240000000,8,0.00032289
1704268800000,8,0.00013468
1704297600000,8,0.0001
1704326400000,8,0.0001
1704355200000,8,0.0001
1704384000000,8,0.0001
1704412800001,8,0.0001
1704441600000,8,0.0001
1704470400000,8,0.0001
1704499200000,8,0.0001
1704528000000,8,0.0001
1704556800000,8,0.0001
1704585600000,8,0.0001
1704614400001,8,0.0001
1704643200001,8,0.0001
1704672000000,8,0.0001
1704700800000,8,0.0001
1704729600000,8,0.0001
1704758400001,8,0.0001
1704787200000,8,0.0001
1704816000000,8,0.0001
1704844800000,8,0.0001
1704873600000,8,0.0001
1704902400000,8,0.0001
1704931200000,8,0.0001
1704960000000,8,0.0001
1704988800000,8,0.0001
1705017600001,8,0.0001
1705046400000,8,0.0001
1705075200000,8,0.0001
1705104000000,8,0.0001
1705132800000,8,0.0001
1705161600001,8,0.0001
1705190400000,8,0.0001
1705219200000,8,0.0001
1705248000001,8,0.0001
1705276800000,8,0.0001
1705305600000,8,0.0001
1705334400000,8,0.0001
1705363200000,8,0.0001
1705392000000,8,0.0001
1705420800001,8,0.0001
1705449600000,8,0.0001
1705478400000,8,0.0001
1705507200000,8,0.0001
1705536000001,8,0.0001
1705564800000,8,0.0001
1705593600000,8,0.0001
1705622400000,8,0.0001
1705651200000,8,0.0001
1705680000002,8,0.0001
1705708800000,8,0.0001
1705737600003,8,0.0001
1705766400000,8,0.0001
1705795200000,8,0.0001
1705824000000,8,0.0001
1705852800000,8,0.0001
1705881600000,8,0.0001
1705910400000,8,0.0001
1705939200000,8,0.0001
1705968000000,8,0.0001
1705996800000,8,0.0001
1706025600000,8,0.0001
1706054400000,8,0.0001
1706083200000,8,0.0001
1706112000000,8,0.0001
1706140800000,8,0.0001
1706169600001,8,0.0001
1706198400000,8,0.0001
1706227200001,8,0.0001
1706256000000,8,0.0001
1706284800000,8,7.999e-05
1706313600000,8,0.0001
1706342400000,8,0.0001
1706371200000,8,0.0001
1706400000000,8,8.902e-05
1706428800000,8,2.568e-05
1706457600000,8,0.0001
1706486400000,8,0.0001
1706515200001,8,3.929e-05
1706544000000,8,0.0001
1706572800000,8,0.0001
1706601600000,8,4.333e-05
1706630400001,8,0.0001
1706659200000,8,0.0001
1706688000000,8,5.702e-05
1706716800000,8,0.0001
1706745600000,8,5.15e-05
1706774400000,8,0.0001
1706803200002,8,7.451e-05
1706832000000,8,0.0001
1706860800000,8,0.0001
1706889600000,8,0.0001
1706918400000,8,0.0001
1706947200000,8,9.726e-05
1706976000001,8,0.0001
1707004800000,8,0.0001
1707033600004,8,0.0001
1707062400000,8,0.0001
1707091200000,8,0.0001
1707120000000,8,0.0001
1707148800000,8,0.0001
1707177600000,8,5.616e-05
1707206400001,8,0.0001
1707235200000,8,0.0001
1707264000000,8,0.0001
1707292800000,8,0.0001
1707321600000,8,0.0001
1707350400000,8,0.0001
1707379200000,8,0.0001
1707408000000,8,0.0001
1707436800000,8,7.069e-05
1707465600000,8,3.075e-05
1707494400001,8,0.0001
1707523200001,8,0.0001
1707552000000,8,0.0001
1707580800000,8,0.0001
1707609600000,8,0.0001
1707638400001,8,0.0001
1707667200000,8,0.0001
1707696000000,8,0.0001
1707724800000,8,0.0001
1707753600000,8,0.0001
1707782400000,8,0.0001
1707811200000,8,0.00014166
1707840000000,8,0.0001
1707868800000,8,0.0001
1707897600000,8,0.0001
1707926400000,8,0.00029225
1707955200000,8,0.00013572
1707984000000,8,0.00015932
1708012800000,8,0.00012
1708041600000,8,0.00022371
1708070400000,8,0.00032087
1708099200000,8,0.00016914
1708128000000,8,0.00017661
1708156800000,8,0.00042046
1708185600000,8,0.00028279
1708214400000,8,0.00022777
1708243200000,8,0.00019395
1708272000000,8,0.00022192
1708300800000,8,0.0003023
1708329600000,8,0.00029566
1708358400000,8,0.00031944
1708387200000,8,0.0004747
1708416000000,8,0.00029934
1708444800000,8,0.00031742
1708473600000,8,0.00016255
1708502400000,8,0.0002531
1708531200000,8,0.0001773
1708560000001,8,0.00016351
1708588800001,8,0.00021049
1708617600000,8,0.00018339
1708646400000,8,0.00026289
1708675200000,8,0.00032841
1708704000000,8,0.00016957
1708732800000,8,0.00027113
1708761600001,8,0.00033132
1708790400000,8,0.0002623
1708819200001,8,0.00027207
1708848000000,8,0.00041614
1708876800000,8,0.00042645
1708905600000,8,0.00055329
1708934400000,8,0.00055349
1708963200000,8,0.00038701
1708992000000,8,0.00060184
1709020800000,8,0.00069189
1709049600000,8,0.00051508
1709078400000,8,0.00032603
1709107200000,8,0.00040753
1709136000000,8,0.00078549
1709164800000,8,0.00089
1709193600000,8,0.00098885
1709222400000,8,0.00081567
1709251200000,8,0.00060436
1709280000000,8,0.00061591
1709308800000,8,0.00066424
1709337600000,8,0.00073268
1709366400001,8,0.000755
1709395200000,8,0.00063147
1709424000000,8,0.00076414
1709452800000,8,0.0005416
1709481600000,8,0.00058338
1709510400000,8,0.00070533
1709539200000,8,0.00072401
1709568000000,8,0.00073074
1709596800000,8,0.00071628
1709625600000,8,0.00119261
1709654400000,8,0.0011456
1709683200000,8,0.0001
1709712000001,8,0.00036233
1709740800000,8,0.00038317
1709769600000,8,0.00038906
1709798400000,8,0.00054339
1709827200000,8,0.00052411
1709856000000,8,0.00059435
1709884800000,8,0.00055843
1709913600000,8,0.00053032
1709942400000,8,0.00048054
1709971200001,8,0.00029228
1710000000000,8,0.00044156
1710028800000,8,0.00040915
1710057600000,8,0.00084919
1710086400000,8,0.00033129
1710115200000,8,0.00023257
1710144000000,8,0.00066664
1710172800000,8,0.00081096
1710201600000,8,0.00071463
1710230400000,8,0.00073858
1710259200000,8,0.00055607
1710288000000,8,0.00064251
1710316800001,8,0.00069679
1710345600000,8,0.00064562
1710374400001,8,0.0005267
1710403200000,8,0.0005183
1710432000000,8,0.00052725
1710460800000,8,0.00063046
1710489600000,8,0.00034279
1710518400000,8,0.0002746
1710547200000,8,0.00014955
1710576000000,8,0.00020435
1710604800000,8,0.00015327
1710633600000,8,0.00014108
1710662400000,8,0.0001
1710691200000,8,0.00030858
1710720000000,8,0.00033129
1710748800000,8,0.00028956
1710777600001,8,0.00018996
1710806400000,8,0.0002092
1710835200000,8,0.00020307
1710864000001,8,0.0001
1710892800000,8,0.00018828
1710921600004,8,0.00018831
1710950400000,8,0.00010917
1710979200000,8,0.00015928
1711008000000,8,0.00030752
1711036800000,8,0.00014524
1711065600000,8,0.00014092
1711094400000,8,0.00014802
1711123200000,8,0.00016161
1711152000000,8,0.00015244
1711180800000,8,0.00015091
1711209600000,8,0.00016841
1711238400000,8,0.00017713
1711267200000,8,0.00015435
1711296000000,8,0.00025686
1711324800000,8,0.00021466
1711353600001,8,0.00017494
1711382400000,8,0.00020373
1711411200000,8,0.00039207
1711440000000,8,0.00020767
1711468800000,8,0.00025173
1711497600000,8,0.00032068
1711526400001,8,0.0004048
1711555200000,8,0.00025221
1711584000000,8,0.00026487
1711612800000,8,0.00039989
1711641600000,8,0.00036742
1711670400000,8,0.00045018
1711699200000,8,0.00035449
1711728000000,8,0.00040773
1711756800000,8,0.00052381
1711785600000,8,0.00055026
1711814400000,8,0.00058211
1711843200000,8,0.00044594
1711872000000,8,0.00046087
1711900800001,8,0.00053015
1711929600000,8,0.00083459
1711958400000,8,0.00044327
1711987200000,8,0.00031429
1712016000007,8,0.00015817
1712044800015,8,0.0001
1712073600000,8,0.00015893
1712102400000,8,0.0001096
1712131200000,8,0.0001
1712160000000,8,0.00016154
1712188800000,8,0.0001
1712217600000,8,0.0001
1712246400000,8,0.00016815
1712275200000,8,0.0001
1712304000000,8,0.0001
1712332800000,8,0.0001
1712361600000,8,0.0001
1712390400000,8,0.0001
1712419200000,8,0.0001
1712448000000,8,0.0001
1712476800000,8,0.0001
1712505600000,8,0.0001
1712534400001,8,0.00013953
1712563200000,8,0.00025466
1712592000006,8,0.00018234
1712620800000,8,0.00013524
1712649600001,8,0.00012502
1712678400001,8,0.00011397
1712707200000,8,0.00036513
1712736000001,8,0.00031624
1712764800000,8,0.00017163
1712793600000,8,0.00027306
1712822400000,8,0.00024101
1712851200000,8,0.00027676
1712880000000,8,0.00026578
1712908800001,8,0.0002941
1712937600000,8,0.00025596
1712966400000,8,0.0001
1712995200000,8,0.0001
1713024000001,8,0.0001
1713052800000,8,0.0001
1713081600000,8,0.0001
1713110400000,8,0.0001
1713139200000,8,9.686e-05
1713168000001,8,-7.58e-06
1713196800000,8,6.37e-05
1713225600001,8,-5.815e-05
1713254400000,8,4.459e-05
1713283200000,8,2.516e-05
1713312000000,8,-2.599e-05
1713340800000,8,3.33e-06
1713369600000,8,0.0001
1713398400000,8,6.888e-05
1713427200000,8,7.203e-05
1713456000000,8,6.59e-05
1713484800001,8,-1.667e-05
1713513600000,8,4.68e-05
1713542400000,8,2.007e-05
1713571200000,8,0.0001
1713600000000,8,4.184e-05
1713628800000,8,6.594e-05
1713657600000,8,7.055e-05
1713686400000,8,-2.982e-05
1713715200000,8,4.268e-05
1713744000000,8,3.735e-05
1713772800000,8,8.512e-05
1713801600000,8,-3.018e-05
1713830400000,8,-1.27e-05
1713859200000,8,-4.214e-05
1713888000001,8,1.577e-05
1713916800000,8,9.77e-06
1713945600000,8,6.43e-06
1713974400000,8,0.0001
1714003200000,8,0.0001
1714032000000,8,2.239e-05
1714060800010,8,0.0001
1714089600001,8,6.164e-05
1714118400000,8,8.426e-05
1714147200000,8,8.505e-05
1714176000000,8,5.384e-05
1714204800001,8,-2.561e-05
1714233600000,8,2.358e-05
1714262400000,8,2.733e-05
1714291200000,8,3.029e-05
1714320000000,8,0.0001
1714348800000,8,0.0001
1714377600000,8,0.0001
1714406400000,8,0.0001
1714435200000,8,6.384e-05
1714464000000,8,0.0001
1714492800000,8,4.102e-05
1714521600000,8,-3.566e-05
1714550400000,8,0.0001
1714579200000,8,9.105e-05
1714608000000,8,3.78e-06
1714636800000,8,7.951e-05
1714665600002,8,3.479e-05
1714694400000,8,5.799e-05
1714723200000,8,-5.326e-05
1714752000000,8,3.126e-05
1714780800000,8,-8.768e-05
1714809600000,8,1.077e-05
1714838400000,8,1.309e-05
1714867200000,8,5.621e-05
1714896000000,8,8.266e-05
1714924800000,8,7.548e-05
1714953600000,8,5.854e-05
1714982400000,8,5.22e-05
1715011200000,8,0.0001
1715040000000,8,7.714e-05
1715068800000,8,-1.698e-05
1715097600000,8,2.502e-05
1715126400000,8,0.0001
1715155200000,8,0.0001
1715184000000,8,0.0001
1715212800000,8,5.327e-05
1715241600000,8,8.335e-05
1715270400000,8,7.648e-05
1715299200000,8,2.012e-05
1715328000000,8,5.156e-05
1715356800000,8,0.0001
1715385600000,8,4.734e-05
1715414400000,8,9.445e-05
1715443200000,8,5.096e-05
1715472000000,8,4.613e-05
1715500800000,8,2.9e-05
1715529600000,8,6.071e-05
1715558400001,8,-7.24e-06
1715587200001,8,0.0001
1715616000000,8,9.778e-05
1715644800000,8,0.0001
1715673600000,8,8.969e-05
1715702400000,8,4.564e-05
1715731200000,8,1.738e-05
1715760000000,8,1.895e-05
1715788800000,8,8.36e-05
1715817600004,8,0.0001
1715846400000,8,0.0001
1715875200000,8,0.0001
1715904000000,8,7.45e-05
1715932800000,8,3.361e-05
1715961600000,8,4.112e-05
1715990400000,8,4.208e-05
1716019200000,8,2.883e-05
1716048000000,8,6.893e-05
1716076800000,8,3.799e-05
1716105600000,8,1.875e-05
1716134400000,8,8.795e-05
1716163200000,8,0.0001
1716192000000,8,0.0001
1716220800003,8,6.762e-05
1716249600000,8,0.0001
1716278400001,8,0.0001
1716307200000,8,0.0001
1716336000000,8,0.0001
1716364800000,8,0.0001
1716393600000,8,0.0001
1716422400000,8,0.0001
1716451200000,8,0.0001
1716480000000,8,0.0001
1716508800000,8,0.0001
1716537600000,8,0.0001
1716566400000,8,0.0001
1716595200000,8,0.0001
1716624000000,8,0.0001
1716652800000,8,0.0001
1716681600000,8,0.0001
1716710400000,8,0.0001
1716739200000,8,0.0001
1716768000000,8,0.0001
1716796800000,8,0.0001
1716825600000,8,0.0001
1716854400000,8,0.0001
1716883200000,8,0.0001
1716912000000,8,0.00014129
1716940800001,8,0.00018529
1716969600000,8,0.00013729
1716998400000,8,0.0001
1717027200000,8,0.0001
1717056000000,8,0.0001
1717084800000,8,0.0001
1717113600000,8,0.0001
1717142400000,8,0.0001
1717171200000,8,0.0001
1717200000000,8,0.00016081
1717228800000,8,0.00011764
1717257600001,8,0.00010981
1717286400000,8,0.00016684
1717315200000,8,0.0001
1717344000000,8,0.0001
1717372800000,8,0.00012157
1717401600000,8,0.00010832
1717430400000,8,0.00011323
1717459200000,8,0.00015497
1717488000000,8,0.00013282
1717516800000,8,0.00016338
1717545600000,8,0.00021045
1717574400000,8,0.00023899
1717603200000,8,0.00021842
1717632000000,8,0.00016193
1717660800008,8,0.00020255
1717689600000,8,0.00020758
1717718400000,8,0.0001
1717747200000,8,0.00016418
1717776000000,8,0.0001698
1717804800000,8,0.0001
1717833600000,8,0.0001
1717862400000,8,0.0001
1717891200000,8,0.0001
1717920000000,8,0.0001
1717948800001,8,0.0001
1717977600000,8,0.0001
1718006400000,8,0.0001
1718035200001,8,0.0001
1718064000001,8,0.0001
1718092800000,8,0.0001
1718121600000,8,0.0001
1718150400000,8,0.0001
1718179200000,8,0.0001
1718208000000,8,0.0001
1718236800000,8,0.0001
1718265600001,8,0.0001
1718294400000,8,0.0001
1718323200000,8,0.0001
1718352000000,8,8.277e-05
1718380800000,8,9.897e-05
1718409600000,8,0.0001
1718438400000,8,0.0001
1718467200000,8,0.0001
1718496000001,8,0.0001
1718524800000,8,0.0001
1718553600000,8,3.192e-05
1718582400000,8,0.0001
1718611200000,8,0.0001
1718640000000,8,7.161e-05
1718668800000,8,7.592e-05
1718697600000,8,-8.849e-05
1718726400000,8,0.0001
1718755200001,8,0.0001
1718784000001,8,4.103e-05
1718812800000,8,6.996e-05
1718841600000,8,7.341e-05
1718870400000,8,1.175e-05
1718899200000,8,-2.605e-05
1718928000000,8,8.76e-06
1718956800000,8,4.454e-05
1718985600000,8,4.111e-05
1719014400000,8,7.06e-05
1719043200000,8,-2.362e-05
1719072000000,8,0.0001
1719100800000,8,7.846e-05
1719129600000,8,3.933e-05
1719158400000,8,4.131e-05
1719187200002,8,0.0001
1719216000000,8,3.318e-05
1719244800000,8,2.872e-05
1719273600000,8,1.182e-05
1719302400000,8,-3.228e-05
1719331200000,8,8.255e-05
1719360000002,8,0.0001
1719388800000,8,0.0001
1719417600000,8,0.0001
1719446400000,8,0.0001
1719475200001,8,0.0001
1719504000000,8,0.0001
1719532800000,8,0.0001
1719561600000,8,8.707e-05
1719590400000,8,9.286e-05
1719619200001,8,0.0001
1719648000000,8,0.0001
1719676800000,8,0.0001
1719705600000,8,0.0001
1719734400000,8,0.0001
1719763200000,8,0.0001
1719792000000,8,8.734e-05
1719820800000,8,5.816e-05
1719849600001,8,0.0001
1719878400000,8,0.0001
1719907200000,8,7.576e-05
1719936000000,8,2.759e-05
1719964800000,8,0.0001
1719993600001,8,0.0001
1720022400000,8,0.0001
1720051200000,8,0.0001
1720080000000,8,8.877e-05
1720108800000,8,4.97e-05
1720137600000,8,-9.47e-06
1720166400000,8,5.21e-05
1720195200000,8,-0.0001139
1720224000000,8,7.35e-05
1720252800000,8,4.265e-05
1720281600000,8,-0.00012992
1720310400001,8,3.52e-06
1720339200000,8,0.0001
1720368000000,8,0.0001
1720396800000,8,0.0001
1720425600000,8,-5.629e-05
1720454400000,8,0.0001
1720483200000,8,0.0001
1720512000001,8,5.602e-05
1720540800000,8,4.22e-05
1720569600000,8,8.78e-05
1720598400000,8,8.961e-05
1720627200000,8,7.406e-05
1720656000002,8,0.0001
1720684800002,8,2.205e-05
1720713600004,8,-1.433e-05
1720742400000,8,0.0001
1720771200000,8,4.566e-05
1720800000000,8,-1.079e-05
1720828800000,8,1.668e-05
1720857600000,8,8.326e-05
1720886400000,8,4.063e-05
1720915200000,8,8.116e-05
1720944000000,8,4.07e-05
1720972800000,8,2.006e-05
1721001600000,8,-1.038e-05
1721030400000,8,2.402e-05
1721059200000,8,3.81e-05
1721088000000,8,-3.759e-05
1721116800000,8,0.0001
1721145600000,8,7.774e-05
1721174400000,8,0.0001
1721203200001,8,5.083e-05
1721232000000,8,0.0001
1721260800000,8,6.464e-05
1721289600000,8,8.411e-05
1721318400000,8,0.0001
1721347200000,8,7.366e-05
1721376000000,8,0.0001
1721404800000,8,5.128e-05
1721433600001,8,0.0001
1721462400000,8,2.379e-05
1721491200000,8,3.05e-06
1721520000000,8,0.0001
1721548800000,8,0.0001
1721577600000,8,5.463e-05
1721606400000,8,0.0001
1721635200000,8,0.0001
1721664000000,8,7.105e-05
1721692800000,8,0.0001
1721721600000,8,0.0001
1721750400000,8,0.0001
1721779200000,8,4.584e-05
1721808000000,8,0.0001
1721836800000,8,7.12e-05
1721865600000,8,8.091e-05
1721894400000,8,9.813e-05
1721923200000,8,7.841e-05
1721952000000,8,7.483e-05
1721980800000,8,3.235e-05
1722009600000,8,6.143e-05
1722038400000,8,4.76e-05
1722067200000,8,3.411e-05
1722096000000,8,8.705e-05
1722124800000,8,0.0001
1722153600000,8,0.0001
1722182400001,8,8.932e-05
1722211200001,8,3.694e-05
1722240000000,8,0.0001
1722268800001,8,0.0001
1722297600000,8,7.783e-05
1722326400001,8,0.0001
1722355200000,8,0.0001
1722384000000,8,3.184e-05
1722412800000,8,7.743e-05
1722441600000,8,8.931e-05
1722470400000,8,9.291e-05
1722499200000,8,0.0001
1722528000000,8,0.0001
1722556800000,8,3.639e-05
1722585600001,8,0.0001
1722614400000,8,0.0001
1722643200000,8,9.802e-05
1722672000000,8,0.0001
1722700800001,8,8.073e-05
1722729600000,8,-1.748e-05
1722758400000,8,8.871e-05
1722787200000,8,4.224e-05
1722816000000,8,6.211e-05
1722844800000,8,-7.57e-06
1722873600000,8,4.63e-06
1722902400000,8,8.019e-05
1722931200000,8,-5.258e-05
1722960000000,8,-3.23e-06
1722988800000,8,2.337e-05
1723017600001,8,-8.086e-05
1723046400000,8,1.745e-05
1723075200001,8,7.141e-05
1723104000000,8,2.523e-05
1723132800000,8,-2.941e-05
1723161600000,8,3.148e-05
1723190400000,8,1.575e-05
1723219200000,8,2.642e-05
1723248000000,8,-6.621e-05
1723276800000,8,4.285e-05
1723305600000,8,5.146e-05
1723334400000,8,-3.889e-05
1723363200000,8,-1.62e-05
1723392000001,8,2.894e-05
1723420800000,8,9.903e-05
1723449600000,8,6.88e-06
1723478400000,8,-9.32e-06
1723507200000,8,-6.2e-06
1723536000000,8,5.492e-05
1723564800000,8,8.364e-05
1723593600000,8,-1e-07
1723622400000,8,2.644e-05
1723651200000,8,8.21e-06
1723680000000,8,5.88e-06
1723708800000,8,4.403e-05
1723737600000,8,-2.764e-05
1723766400000,8,-6.592e-05
1723795200000,8,2.572e-05
1723824000000,8,-3.407e-05
1723852800000,8,2.001e-05
1723881600000,8,-1.28e-05
1723910400000,8,-7.03e-06
1723939200000,8,4.55e-06
1723968000000,8,-2.019e-05
1723996800000,8,-0.00010289
1724025600000,8,1.862e-05
1724054400000,8,-9.28e-06
1724083200002,8,5.854e-05
1724112000000,8,3.839e-05
1724140800000,8,-2.96e-05
1724169600001,8,-3.807e-05
1724198400001,8,2.703e-05
1724227200000,8,8.62e-06
1724256000001,8,-1.553e-05
1724284800000,8,6.11e-06
1724313600000,8,6.844e-05
1724342400008,8,2.936e-05
1724371200000,8,4.556e-05
1724400000000,8,4.05e-05
1724428800000,8,-4.648e-05
1724457600000,8,7.101e-05
1724486400005,8,2.046e-05
1724515200000,8,6.232e-05
1724544000000,8,9.763e-05
1724572800000,8,0.0001
1724601600000,8,-1.338e-05
1724630400000,8,1.048e-05
1724659200001,8,0.0001
1724688000000,8,2.054e-05
1724716800001,8,0.0001
1724745600000,8,4.402e-05
1724774400000,8,5.909e-05
1724803200000,8,-1.779e-05
1724832000000,8,1.753e-05
1724860800001,8,2.718e-05
1724889600000,8,-1.723e-05
1724918400001,8,-8.639e-05
1724947200000,8,-9.711e-05
1724976000000,8,-3.891e-05
1725004800000,8,3.115e-05
1725033600000,8,-5.69e-05
1725062400000,8,-6.239e-05
1725091200000,8,4.9e-05
1725120000000,8,1.853e-05
1725148800000,8,-9.59e-06
1725177600001,8,-2.631e-05
1725206400000,8,-2.877e-05
1725235200001,8,-4.426e-05
1725264000001,8,5.21e-06
1725292800000,8,-5.556e-05
1725321600000,8,-8.288e-05
1725350400001,8,3.441e-05
1725379200000,8,5.362e-05
1725408000000,8,8.904e-05
1725436800000,8,-1.3e-05
1725465600000,8,3.561e-05
1725494400000,8,6.659e-05
1725523200000,8,5.123e-05
1725552000005,8,1.522e-05
1725580800000,8,5.678e-05
1725609600001,8,4.047e-05
1725638400000,8,-1.324e-05
1725667200000,8,-2.225e-05
1725696000000,8,-2.317e-05
1725724800000,8,5.99e-06
1725753600000,8,8.148e-05
1725782400000,8,6.264e-05
1725811200000,8,6.412e-05
1725840000000,8,3.966e-05
1725868800000,8,-5.564e-05
1725897600001,8,-4.794e-05
1725926400000,8,9.587e-05
1725955200000,8,-1.672e-05
1725984000000,8,2.349e-05
1726012800000,8,-6.617e-05
1726041600000,8,-1.813e-05
1726070400000,8,-2.041e-05
1726099200000,8,-2.81e-05
1726128000000,8,-8.6e-06
1726156800000,8,1.32e-05
1726185600000,8,2.638e-05
1726214400001,8,1.756e-05
1726243200001,8,1.798e-05
1726272000000,8,-1.2e-06
1726300800000,8,3.207e-05
1726329600001,8,5.55e-06
1726358400000,8,1.401e-05
1726387200000,8,1.07e-06
1726416000000,8,1.278e-05
1726444800000,8,1.892e-05
1726473600001,8,-5.218e-05
1726502400000,8,7.164e-05
1726531200001,8,0.0001
1726560000000,8,2.206e-05
1726588800000,8,2.153e-05
1726617600000,8,-1.61e-06
1726646400000,8,-3.792e-05
1726675200004,8,2.354e-05
1726704000000,8,6.423e-05
1726732800000,8,8.771e-05
1726761600001,8,1.474e-05
1726790400000,8,0.0001
1726819200001,8,0.0001
1726848000000,8,0.0001
1726876800001,8,0.0001
1726905600000,8,0.0001
1726934400000,8,4.074e-05
1726963200000,8,0.0001
1726992000000,8,7.587e-05
1727020800000,8,1.979e-05
1727049600000,8,-4.401e-05
1727078400000,8,5.545e-05
1727107200000,8,-2.612e-05
1727136000000,8,4.827e-05
1727164800000,8,6.92e-05
1727193600001,8,5.57e-06
1727222400000,8,0.0001
1727251200003,8,0.0001
1727280000000,8,5.783e-05
1727308800005,8,3.616e-05
1727337600000,8,6.697e-05
1727366400000,8,0.0001
1727395200000,8,0.0001
1727424000000,8,9.81e-06
1727452800000,8,0.0001
1727481600000,8,0.0001
1727510400001,8,9.8e-05
1727539200000,8,0.0001
1727568000001,8,9.314e-05
1727596800000,8,0.0001
1727625600000,8,0.0001
1727654400000,8,0.0001
1727683200001,8,0.0001
1727712000000,8,0.0001
1727740800000,8,0.0001
1727769600000,8,0.0001
1727798400001,8,0.0001
1727827200000,8,0.0001
1727856000000,8,1.306e-05
1727884800000,8,7.012e-05
1727913600000,8,1.07e-06
1727942400000,8,5.138e-05
1727971200000,8,-3.81e-06
1728000000000,8,3.715e-05
1728028800000,8,-4.939e-05
1728057600001,8,5.24e-06
1728086400000,8,5.818e-05
1728115200000,8,9.502e-05
1728144000000,8,4.49e-06
1728172800000,8,0.0001
1728201600001,8,0.0001
1728230400000,8,3.507e-05
1728259200000,8,3.973e-05
1728288000000,8,7.543e-05
1728316800001,8,5.43e-06
1728345600000,8,3.9e-07
1728374400000,8,0.0001
1728403200000,8,-2.549e-05
1728432000000,8,8.84e-06
1728460800000,8,-3.713e-05
1728489600000,8,0.0001
1728518400000,8,0.0001
1728547200000,8,-3.657e-05
1728576000000,8,5.098e-05
1728604800000,8,5.45e-06
1728633600000,8,2.89e-06
1728662400001,8,-6.334e-05
1728691200000,8,-3.249e-05
1728720000001,8,6.95e-05
1728748800000,8,-4.766e-05
1728777600000,8,5.22e-06
1728806400000,8,5.938e-05
1728835200000,8,5.394e-05
1728864000000,8,1.631e-05
1728892800000,8,7.203e-05
1728921600000,8,7.332e-05
1728950400000,8,0.0001
1728979200000,8,0.0001
1729008000000,8,0.0001
1729036800000,8,6.943e-05
1729065600001,8,2.087e-05
1729094400000,8,9.905e-05
1729123200000,8,4.579e-05
1729152000000,8,9.905e-05
1729180800001,8,0.0001
1729209600010,8,7.589e-05
1729238400001,8,3.467e-05
1729267200000,8,9.885e-05
1729296000000,8,3.918e-05
1729324800000,8,5.265e-05
1729353600000,8,7.269e-05
1729382400000,8,0.0001
1729411200000,8,4.903e-05
1729440000000,8,7.01e-05
1729468800000,8,0.0001
1729497600000,8,0.0001
1729526400000,8,0.0001
1729555200000,8,0.0001
1729584000000,8,0.0001
1729612800000,8,0.0001
1729641600000,8,0.0001
1729670400000,8,0.0001
1729699200000,8,0.0001
1729728000000,8,0.0001
1729756800000,8,0.0001
1729785600000,8,0.0001
1729814400000,8,0.0001
1729843200000,8,0.0001
1729872000000,8,3.16e-05
1729900800000,8,5.848e-05
1729929600001,8,5.269e-05
1729958400000,8,0.0001
1729987200000,8,0.0001
1730016000000,8,4.801e-05
1730044800000,8,-1.684e-05
1730073600000,8,8.656e-05
1730102400001,8,0.0001
1730131200000,8,2.332e-05
1730160000000,8,0.0001
1730188800000,8,0.0001
1730217600004,8,0.0001
1730246400000,8,0.0001
1730275200000,8,0.0001
1730304000013,8,0.0001
1730332800000,8,0.0001
1730361600000,8,0.0001
1730390400000,8,0.0001
1730419200000,8,0.0001
1730448000000,8,0.0001
1730476800000,8,0.0001
1730505600000,8,6.813e-05
1730534400000,8,9.387e-05
1730563200000,8,6.9e-05
1730592000000,8,3.98e-05
1730620800000,8,3.241e-05
1730649600000,8,8.014e-05
1730678400000,8,4.818e-05
1730707200000,8,6.725e-05
1730736000000,8,6.216e-05
1730764800000,8,5.868e-05
1730793600003,8,4.51e-05
1730822400001,8,7.17e-06
1730851200000,8,-1.892e-05
1730880000000,8,0.0001
1730908800000,8,0.0001
1730937600000,8,0.0001
1730966400000,8,0.0001
1730995200000,8,0.0001
1731024000000,8,0.0001
1731052800000,8,0.0001
1731081600000,8,0.0001
1731110400000,8,0.0001
1731139200000,8,0.0001
1731168000000,8,0.0001
1731196800000,8,0.0001
1731225600000,8,0.00019071
1731254400000,8,0.00041975
1731283200001,8,0.00034668
1731312000000,8,0.00011081
1731340800000,8,0.00022373
1731369600002,8,0.00035969
1731398400000,8,0.00043733
1731427200000,8,0.00048819
1731456000000,8,0.00032823
1731484800010,8,0.00020936
1731513600000,8,0.00022016
1731542400001,8,0.00020764
1731571200000,8,0.00022462
1731600000000,8,0.0001
1731628800000,8,0.0001
1731657600000,8,0.0001
1731686400000,8,0.0001
1731715200001,8,0.0001
1731744000001,8,0.00023693
1731772800000,8,0.00016028
1731801600000,8,0.0001
1731830400000,8,0.00044518
1731859200001,8,0.00021627
1731888000000,8,0.00023762
1731916800000,8,0.0001653
1731945600000,8,0.0002213
1731974400000,8,0.00022018
1732003200000,8,0.00019184
1732032000000,8,0.00012644
1732060800003,8,0.0001
1732089600000,8,0.0001
1732118400000,8,0.0001
1732147200001,8,0.0001
1732176000000,8,0.0001
1732204800001,8,0.0001
1732233600000,8,0.00043945
1732262400000,8,0.00022593
1732291200001,8,0.0001702
1732320000000,8,0.0001
1732348800000,8,0.00028946
1732377600000,8,0.00025577
1732406400001,8,0.00018175
1732435200000,8,0.00033189
1732464000000,8,0.00025244
1732492800000,8,0.00014445
1732521600000,8,0.00019888
1732550400000,8,0.00010485
1732579200000,8,0.0001
1732608000000,8,0.0001
1732636800000,8,0.0001
1732665600000,8,0.0001
1732694400000,8,0.0001
1732723200001,8,0.0001
1732752000000,8,0.0001
1732780800000,8,0.0001
1732809600000,8,0.0001
1732838400000,8,0.0001
1732867200000,8,0.0001
1732896000000,8,0.0001
1732924800000,8,0.0001
1732953600000,8,0.0001
1732982400000,8,0.0001
1733011200000,8,0.00011575
1733040000000,8,0.0001
1733068800000,8,0.00021606
1733097600001,8,0.00037518
1733126400001,8,0.00025587
1733155200000,8,0.00026772
1733184000000,8,0.00032728
1733212800000,8,0.00031454
1733241600000,8,0.00030312
1733270400000,8,0.00035501
1733299200000,8,0.00023264
1733328000000,8,0.00036215
1733356800001,8,0.00027166
1733385600000,8,0.00055995
1733414400000,8,0.0005091
1733443200000,8,0.00032251
1733472000000,8,0.00032302
1733500800000,8,0.00012425
1733529600000,8,0.00041557
1733558400000,8,0.00034529
1733587200000,8,0.00038467
1733616000000,8,0.00045069
1733644800000,8,0.00019374
1733673600000,8,0.00013754
1733702400000,8,0.00025945
1733731200000,8,0.00015891
1733760000001,8,0.00012595
1733788800007,8,0.0001
1733817600000,8,0.0001
1733846400000,8,0.0001
1733875200000,8,0.0001
1733904000000,8,0.0001
1733932800001,8,0.0001
1733961600001,8,0.0001
1733990400000,8,0.0001
1734019200001,8,0.0001
1734048000000,8,0.0001
1734076800000,8,0.0001
1734105600001,8,0.0001
1734134400000,8,0.0001
1734163200000,8,0.0001
1734192000000,8,0.0001
1734220800000,8,0.0001
1734249600000,8,6.761e-05
1734278400000,8,0.0001
1734307200000,8,0.0001
1734336000001,8,0.0001
1734364800000,8,0.0001
1734393600000,8,0.0001
1734422400000,8,4.064e-05
1734451200000,8,0.0001
1734480000000,8,0.0001
1734508800000,8,9.102e-05
1734537600000,8,6.23e-06
1734566400000,8,-3.6e-05
1734595200000,8,-1.903e-05
1734624000000,8,1.572e-05
1734652800000,8,-1.795e-05
1734681600001,8,-2.757e-05
1734710400014,8,-6.045e-05
1734739200000,8,-0.00018625
1734768000000,8,-0.00013946
1734796800001,8,-4.2e-05
1734825600000,8,-0.00011655
1734854400000,8,2.97e-05
1734883200000,8,-0.00010865
1734912000000,8,-5.764e-05
1734940800000,8,-2.514e-05
1734969600001,8,-1.518e-05
1734998400000,8,4.56e-06
1735027200000,8,-8.87e-06
1735056000001,8,-2.528e-05
1735084800001,8,-1.032e-05
1735113600000,8,-2.015e-05
1735142400000,8,3.692e-05
1735171200000,8,2.735e-05
1735200000000,8,0.0001
1735228800000,8,1.522e-05
1735257600000,8,3.726e-05
1735286400000,8,-2.625e-05
1735315200000,8,-8.145e-05
1735344000001,8,9.283e-05
1735372800000,8,1.275e-05
1735401600000,8,-9.03e-06
1735430400000,8,7.78e-06
1735459200000,8,-2.727e-05
1735488000000,8,6.14e-05
1735516800000,8,0.0001
1735545600001,8,4.76e-05
1735574400000,8,5.906e-05
1735603200000,8,8.373e-05
1735632000000,8,2.697e-05
1735660800000,8,6.744e-05
1735689600015,8,-5.587e-05
1735718400000,8,-2.663e-05
1735747200001,8,-1.487e-05
1735776000000,8,0.0001
1735804800006,8,0.0001
1735833600000,8,9.337e-05
1735862400000,8,0.0001
1735891200000,8,-1.47e-05
1735920000000,8,-7.967e-05
1735948800000,8,-7.358e-05
1735977600000,8,4.915e-05
1736006400000,8,5.813e-05
1736035200000,8,9.572e-05
1736064000000,8,-3.098e-05
1736092800000,8,0.0001
1736121600000,8,-1.03e-06
1736150400001,8,-1.539e-05
1736179200000,8,5.815e-05
1736208000000,8,-2.492e-05
1736236800000,8,1.88e-05
1736265600008,8,1.765e-05
1736294400001,8,9.47e-06
1736323200000,8,9.384e-05
1736352000000,8,-2.658e-05
1736380800000,8,-4.356e-05
1736409600000,8,0.0001
1736438400000,8,-1.659e-05
1736467200000,8,8.73e-06
1736496000000,8,-7.385e-05
1736524800000,8,3.388e-05
1736553600000,8,9.89e-06
1736582400000,8,-3.578e-05
1736611200000,8,-4.343e-05
1736640000000,8,2.102e-05
1736668800000,8,-4.366e-05
1736697600000,8,3.548e-05
1736726400000,8,0.0001
1736755200000,8,2.66e-05
1736784000000,8,8.17e-06
1736812800000,8,-4.601e-05
1736841600000,8,-2.434e-05
1736870400000,8,2.374e-05
1736899200000,8,3.357e-05
1736928000000,8,-5.153e-05
1736956800000,8,-2.957e-05
1736985600000,8,0.0001
1737014400000,8,0.0001
1737043200000,8,0.0001
1737072000004,8,0.0001
1737100800000,8,8.22e-05
1737129600008,8,0.0001
1737158400000,8,0.0001
1737187200007,8,1.883e-05
1737216000000,8,5.671e-05
1737244800000,8,0.0001
1737273600000,8,9.252e-05
1737302400000,8,5.667e-05
1737331200000,8,-0.0007115
1737360000009,8,-7.723e-05
1737388800000,8,8.924e-05
1737417600000,8,-0.00027508
1737446400000,8,9.31e-05
1737475200000,8,-3.008e-05
1737504000000,8,0.0001
1737532800000,8,-2.092e-05
1737561600000,8,8.64e-05
1737590400001,8,0.0001
1737619200000,8,8.081e-05
1737648000000,8,-7.98e-05
1737676800000,8,6.903e-05
1737705600000,8,9.064e-05
1737734400000,8,0.0001
1737763200000,8,-1.473e-05
1737792000000,8,-4.82e-06
1737820800001,8,-0.00012014
1737849600000,8,0.0001
1737878400000,8,8.407e-05
1737907200000,8,2.626e-05
1737936000000,8,-3.653e-05
1737964800000,8,5.173e-05
1737993600000,8,-0.00018696
1738022400000,8,7.942e-05
1738051200000,8,-4.139e-05
1738080000000,8,3.672e-05
1738108800000,8,8.718e-05
1738137600000,8,5.356e-05
1738166400000,8,-1.196e-05
1738195200000,8,1.678e-05
1738224000000,8,0.0001
1738252800000,8,2.727e-05
1738281600000,8,-7.61e-06
1738310400000,8,-4.97e-05
1738339200000,8,5.524e-05
1738368000000,8,-6.866e-05
1738396800000,8,3.033e-05
1738425600000,8,-5.063e-05
1738454400001,8,-5.306e-05
1738483200000,8,7.21e-06
1738512000000,8,2.68e-06
1738540800000,8,7.72e-06
1738569600000,8,-0.00012368
1738598400000,8,-8.808e-05
1738627200000,8,-0.00055791
1738656000001,8,-4.35e-05
1738684800000,8,5.7e-05
1738713600001,8,-3.571e-05
1738742400001,8,-4.834e-05
1738771200000,8,-0.0001085
1738800000001,8,-4.538e-05
1738828800001,8,-1.671e-05
1738857600000,8,6.857e-05
1738886400000,8,2.703e-05
1738915200000,8,6.95e-06
1738944000000,8,7.27e-06
1738972800000,8,-2.483e-05
1739001600000,8,2.105e-05
1739030400000,8,5.719e-05
1739059200000,8,-0.00011027
1739088000000,8,-4.053e-05
1739116800000,8,-0.00021227
1739145600000,8,-0.00016119
1739174400000,8,-2.743e-05
1739203200000,8,-4.863e-05
1739232000000,8,-0.00018095
1739260800000,8,-0.00011994
1739289600000,8,-0.00027714
1739318400000,8,-0.00022332
1739347200000,8,1.847e-05
1739376000001,8,7.002e-05
1739404800001,8,3.627e-05
1739433600000,8,-3.212e-05
1739462400001,8,-0.00012867
1739491200000,8,-1.559e-05
1739520000001,8,8.32e-05
1739548800000,8,8.466e-05
1739577600000,8,8.582e-05
1739606400000,8,3.121e-05
1739635200000,8,-5.05e-05
1739664000000,8,-5.811e-05
1739692800000,8,-2.569e-05
1739721600000,8,-0.00016876
1739750400000,8,-0.00015544
1739779200000,8,-0.00016029
1739808000000,8,2.136e-05
1739836800000,8,3.5e-05
1739865600000,8,3.939e-05
1739894400000,8,7.053e-05
1739923200000,8,-1.072e-05
1739952000000,8,3.53e-06
1739980800000,8,-3.859e-05
1740009600000,8,-6.024e-05
1740038400000,8,1.172e-05
1740067200000,8,-2.991e-05
1740096000001,8,7.497e-05
1740124800000,8,1.692e-05
1740153600000,8,-4.765e-05
1740182400000,8,-0.00011947
1740211200000,8,-6.714e-05
1740240000000,8,-6.107e-05
1740268800000,8,9.111e-05
1740297600000,8,7.31e-05
1740326400000,8,-5.162e-05
1740355200000,8,-6.07e-05
1740384000000,8,-6.256e-05
1740412800000,8,6.005e-05
1740441600000,8,2.735e-05
1740470400000,8,3.295e-05
1740499200000,8,-5.354e-05
1740528000000,8,-0.00010562
1740556800000,8,2.46e-05
1740585600000,8,3.131e-05
1740614400001,8,7.728e-05
1740643200000,8,2.605e-05
1740672000000,8,0.0001
1740700800001,8,0.0001
1740729600000,8,0.0001
1740758400000,8,0.0001
1740787200000,8,0.0001
1740816000000,8,8.741e-05
1740844800001,8,7.852e-05
1740873600000,8,-8.161e-05
1740902400000,8,9.93e-05
1740931200000,8,7.81e-05
1740960000001,8,-3.892e-05
1740988800000,8,6.535e-05
1741017600000,8,-8.506e-05
1741046400001,8,-7.114e-05
1741075200005,8,-8.372e-05
1741104000000,8,3.869e-05
1741132800000,8,-0.00014911
1741161600000,8,2.866e-05
1741190400000,8,-6.413e-05
1741219200000,8,-0.00011916
1741248000001,8,-1.489e-05
1741276800000,8,-3.599e-05
1741305600000,8,-0.00011194
1741334400001,8,-8.351e-05
1741363200000,8,4.709e-05
1741392000000,8,6.15e-05
1741420800001,8,-3.422e-05
1741449600001,8,-6.242e-05
1741478400001,8,-0.00010535
1741507200000,8,5.62e-06
1741536000000,8,6.936e-05
1741564800000,8,-5.692e-05
1741593600000,8,-0.00010237
1741622400000,8,-9.844e-05
1741651200000,8,-0.00011653
1741680000000,8,9.198e-05
1741708800001,8,8.681e-05
1741737600000,8,-7.98e-06
1741766400000,8,3.25e-06
1741795200001,8,-3.859e-05
1741824000000,8,1.189e-05
1741852800000,8,-7.287e-05
1741881600000,8,7.399e-05
1741910400000,8,3.347e-05
1741939200000,8,0.0001
1741968000000,8,9.595e-05
1741996800000,8,0.0001
1742025600000,8,7.299e-05
1742054400000,8,-2.397e-05
1742083200000,8,3.93e-06
1742112000000,8,5.58e-05
1742140800000,8,-3.228e-05
1742169600000,8,-8.027e-05
1742198400000,8,-5.403e-05
1742227200000,8,-3.998e-05
1742256000000,8,-6.365e-05
1742284800000,8,-8.081e-05
1742313600000,8,-2.71e-05
1742342400000,8,-6.788e-05
1742371200000,8,7.274e-05
1742400000000,8,0.0001
1742428800000,8,0.0001
1742457600000,8,0.0001
1742486400000,8,-1.871e-05
1742515200000,8,-3.932e-05
1742544000000,8,-1.407e-05
1742572800000,8,-3.604e-05
1742601600000,8,-3.723e-05
1742630400004,8,-2.882e-05
1742659200000,8,-8.49e-06
1742688000000,8,-6.482e-05
1742716800000,8,2.642e-05
1742745600000,8,5.551e-05
1742774400000,8,-2.538e-05
1742803200000,8,0.0001
1742832000000,8,5.301e-05
1742860800001,8,0.0001
1742889600000,8,1.127e-05
1742918400000,8,1.713e-05
1742947200000,8,6.16e-06
1742976000000,8,-4.441e-05
1743004800001,8,-0.00012817
1743033600001,8,-0.00013711
1743062400001,8,-5.633e-05
1743091200002,8,-2.555e-05
1743120000001,8,-3.227e-05
1743148800001,8,-0.00010137
1743177600000,8,-9.351e-05
1743206400000,8,-4.899e-05
1743235200000,8,2.251e-05
1743264000000,8,-8.909e-05
1743292800000,8,-0.00025778
1743321600000,8,-0.00040116
1743350400000,8,-0.00018023
1743379200000,8,-0.0002337
1743408000000,8,-7.84e-06
1743436800000,8,-4.24e-06
1743465600000,8,-9.179e-05
1743494400001,8,-5.66e-06
1743523200000,8,-5.281e-05
1743552000001,8,-6.427e-05
1743580800000,8,-0.00013428
1743609600000,8,4.319e-05
1743638400000,8,-7.645e-05
1743667200000,8,-7.305e-05
1743696000000,8,-0.00011099
1743724800000,8,-0.00033632
1743753600000,8,-1.52e-06
1743782400000,8,5.6e-06
1743811200000,8,4.038e-05
1743840000000,8,9.687e-05
1743868800000,8,2.06e-05
1743897600000,8,-5.619e-05
1743926400000,8,0.0001
1743955200002,8,-5.463e-05
1743984000000,8,-5.72e-06
1744012800000,8,3.966e-05
1744041600000,8,-5.584e-05
1744070400000,8,-0.00011753
1744099200000,8,-4.472e-05
1744128000000,8,-0.00023327
1744156800000,8,-8.09e-05
1744185600001,8,-7.831e-05
1744214400000,8,7.621e-05
1744243200000,8,0.0001
1744272000000,8,0.0001
1744300800000,8,3.456e-05
1744329600001,8,-6.109e-05
1744358400000,8,4.298e-05
1744387200000,8,0.0001
1744416000000,8,5.911e-05
1744444800001,8,-1.714e-05
1744473600000,8,2.768e-05
1744502400000,8,-3.35e-06
1744531200000,8,0.0001
1744560000000,8,8.174e-05
1744588800000,8,9.053e-05
1744617600000,8,-3.957e-05
1744646400000,8,-9.45e-05
1744675200000,8,-5.912e-05
1744704000000,8,-0.00013087
1744732800001,8,1.824e-05
1744761600000,8,-9.158e-05
1744790400000,8,-3.187e-05
1744819200000,8,-2.327e-05
1744848000001,8,0.0001
1744876800000,8,0.0001
1744905600001,8,1.614e-05
1744934400000,8,1.84e-06
1744963200000,8,-1.498e-05
1744992000000,8,-3.334e-05
1745020800000,8,-5.659e-05
1745049600000,8,-5.634e-05
1745078400000,8,-0.00013071
1745107200000,8,-7.971e-05
1745136000000,8,-0.00016975
1745164800000,8,-0.00013544
1745193600000,8,-0.00019655
1745222400005,8,-0.0001549
1745251200003,8,-0.00010934
1745280000008,8,-0.00025936
1745308800000,8,3.362e-05
1745337600000,8,4.549e-05
1745366400000,8,0.0001
1745395200002,8,-3.559e-05
1745424000000,8,6.137e-05
1745452800000,8,0.0001
1745481600001,8,0.0001
1745510400001,8,5.163e-05
1745539200007,8,0.0001
1745568000002,8,0.0001
1745596800003,8,1.235e-05
1745625600002,8,1.05e-05
1745654400000,8,-4.023e-05
1745683200002,8,-7.805e-05
1745712000001,8,1.325e-05
1745740800000,8,-7.219e-05
1745769600000,8,5.977e-05
1745798400001,8,-2.3e-05
1745827200003,8,5.514e-05
1745856000005,8,-0.00010338
1745884800000,8,-0.00016044
1745913600000,8,-4.373e-05
1745942400010,8,2.238e-05
1745971200001,8,-6.214e-05
1746000000000,8,-5.841e-05
1746028800003,8,-0.0001511
1746057600000,8,4.946e-05
1746086400000,8,8.433e-05
1746115200001,8,5.6e-06
1746144000000,8,2.49e-05
1746172800000,8,-5.683e-05
1746201600003,8,-5.442e-05
1746230400000,8,-0.00012523
1746259200000,8,-3.821e-05
1746288000000,8,-9.958e-05
1746316800001,8,-4.04e-06
1746345600001,8,-4.138e-05
1746374400002,8,-0.00012151
1746403200000,8,-6.756e-05
1746432000000,8,1.617e-05
1746460800006,8,-9.298e-05
1746489600002,8,6.405e-05
1746518400005,8,-4.546e-05
1746547200000,8,-2.434e-05
1746576000002,8,8.971e-05
1746604800000,8,3.313e-05
1746633600006,8,6.688e-05
1746662400000,8,2.457e-05
1746691200001,8,5.832e-05
1746720000002,8,9.64e-05
1746748800001,8,0.0001
1746777600006,8,0.0001
1746806400000,8,0.0001
1746835200001,8,0.0001
1746864000000,8,0.0001
1746892800001,8,0.0001
1746921600000,8,0.0001
1746950400001,8,0.0001
1746979200001,8,5.117e-05
1747008000004,8,3.571e-05
1747036800000,8,6.886e-05
1747065600000,8,0.0001
1747094400000,8,8.216e-05
1747123200008,8,0.0001
1747152000001,8,4.667e-05
1747180800007,8,0.0001
1747209600000,8,0.0001
1747238400002,8,2.295e-05
1747267200000,8,-2.267e-05
1747296000003,8,9.24e-06
1747324800000,8,3.324e-05
1747353600001,8,-1.229e-05
1747382400000,8,8.483e-05
1747411200000,8,-1.038e-05
1747440000000,8,-4.807e-05
1747468800001,8,3.475e-05
1747497600004,8,1.111e-05
1747526400000,8,2.02e-05
1747555200000,8,7.853e-05
1747584000000,8,5.057e-05
1747612800000,8,-1.197e-05
1747641600006,8,-0.00013744
1747670400010,8,-0.00010509
1747699200000,8,7.217e-05
1747728000002,8,0.0001
1747756800000,8,-2.235e-05
1747785600000,8,6.901e-05
1747814400001,8,9.58e-05
1747843200004,8,9.897e-05
1747872000001,8,7.607e-05
1747900800000,8,0.0001
1747929600002,8,0.0001
1747958400006,8,0.0001
1747987200000,8,0.0001
1748016000007,8,0.0001
1748044800010,8,0.0001
1748073600000,8,-2.064e-05
1748102400003,8,1.263e-05
1748131200004,8,6.352e-05
1748160000000,8,-3.821e-05
1748188800000,8,-3.651e-05
1748217600000,8,-9.9e-06
1748246400000,8,1.765e-05
1748275200002,8,8.686e-05
1748304000003,8,-8.877e-05
1748332800001,8,-2.909e-05
1748361600005,8,0.0001
1748390400002,8,0.0001
1748419200003,8,-2.762e-05
1748448000002,8,-0.00013891
1748476800000,8,-8.565e-05
1748505600006,8,7.947e-05
1748534400000,8,-3.067e-05
1748563200003,8,-1.093e-05
1748592000003,8,-5.322e-05
1748620800000,8,3.101e-05
1748649600000,8,3.422e-05
1748678400000,8,1.633e-05
1748707200000,8,-0.00010143
1748736000001,8,-6.233e-05
1748764800002,8,-8.005e-05
1748793600000,8,-4.325e-05
1748822400001,8,4.401e-05
1748851200000,8,4.587e-05
1748880000000,8,-3.75e-06
1748908800000,8,4.371e-05
1748937600000,8,6.746e-05
1748966400001,8,5.76e-06
1748995200000,8,-4.581e-05
1749024000000,8,5.065e-05
1749052800000,8,1.795e-05
1749081600016,8,1.332e-05
1749110400000,8,3.552e-05
1749139200000,8,-6.04e-06
1749168000002,8,-6.476e-05
1749196800000,8,-0.00011387
1749225600006,8,-1.384e-05
1749254400000,8,6.211e-05
1749283200000,8,1.3e-05
1749312000002,8,-2.393e-05
1749340800000,8,-7.4e-07
1749369600000,8,4.196e-05
1749398400000,8,-2.649e-05
1749427200000,8,0.0001
1749456000001,8,2.864e-05
1749484800001,8,4.81e-05
1749513600000,8,9.077e-05
1749542400001,8,0.0001
1749571200003,8,-1.13e-06
1749600000000,8,0.0001
1749628800000,8,0.0001
1749657600010,8,0.0001
1749686400002,8,5.193e-05
1749715200003,8,3.997e-05
1749744000001,8,-2.02e-06
1749772800000,8,-1.707e-05
1749801600001,8,-9.27e-05
1749830400004,8,1.064e-05
1749859200000,8,8.928e-05
1749888000000,8,2.159e-05
1749916800000,8,-4.8e-06
1749945600005,8,-3.76e-05
1749974400009,8,7.334e-05
1750003200000,8,8.709e-05
1750032000000,8,0.0001
1750060800000,8,0.0001
1750089600003,8,-6.24e-06
1750118400000,8,9.96e-06
1750147200006,8,0.0001
1750176000001,8,5.322e-05
1750204800001,8,5.552e-05
1750233600001,8,-7.1e-06
1750262400001,8,-2.074e-05
1750291200005,8,2.853e-05
1750320000003,8,2.565e-05
1750348800000,8,1.075e-05
1750377600000,8,5.538e-05
1750406400002,8,4.09e-05
1750435200001,8,1.443e-05
1750464000002,8,-5.118e-05
1750492800005,8,-7.613e-05
1750521600000,8,2.732e-05
1750550400005,8,-3.464e-05
1750579200000,8,3.965e-05
1750608000003,8,8.55e-06
1750636800000,8,4.979e-05
1750665600004,8,4.69e-06
1750694400013,8,1.44e-05
1750723200003,8,8.638e-05
1750752000000,8,-2.013e-05
1750780800000,8,2.041e-05
1750809600005,8,-1.345e-05
1750838400000,8,0.0001
1750867200005,8,4.739e-05
1750896000000,8,3.413e-05
1750924800006,8,2.145e-05
1750953600007,8,-6.184e-05
1750982400000,8,-6.442e-05
1751011200000,8,1.541e-05
1751040000009,8,1.738e-05
1751068800001,8,6.933e-05
1751097600002,8,0.0001
1751126400000,8,0.0001
1751155200004,8,0.0001
1751184000001,8,0.0001
1751212800001,8,3.46e-05
1751241600000,8,6.987e-05
1751270400005,8,8.33e-06
1751299200002,8,3.926e-05
1751328000007,8,9.123e-05
1751356800002,8,5.05e-05
1751385600000,8,-7.235e-05
1751414400001,8,-5.826e-05
1751443200000,8,-4.281e-05
1751472000003,8,-4.92e-06
1751500800006,8,7.514e-05
1751529600003,8,8.784e-05
1751558400003,8,-8.08e-06
1751587200005,8,-1.339e-05
1751616000003,8,9.974e-05
1751644800001,8,-6.162e-05
1751673600004,8,-0.00015145
1751702400009,8,-7.863e-05
1751731200006,8,-6.498e-05
1751760000001,8,-3.364e-05
1751788800002,8,-7.54e-05
1751817600004,8,3.442e-05
1751846400000,8,0.0001
1751875200007,8,6.88e-05
1751904000000,8,3.57e-05
1751932800010,8,3.474e-05
1751961600003,8,-3.311e-05
1751990400000,8,-7.41e-06
1752019200002,8,2.053e-05
1752048000006,8,1.7e-07
1752076800001,8,5.52e-06
1752105600003,8,0.0001
1752134400000,8,2.127e-05
1752163200004,8,1.69e-05
1752192000004,8,0.0001
1752220800007,8,4.064e-05
1752249600001,8,0.0001
1752278400000,8,0.0001
1752307200001,8,0.0001
1752336000002,8,0.0001
1752364800006,8,0.0001
1752393600001,8,0.0001
1752422400003,8,7.719e-05
1752451200000,8,3.59e-05
1752480000000,8,0.0001
1752508800000,8,0.0001
1752537600002,8,7.758e-05
1752566400000,8,-3.61e-06
1752595200000,8,2.244e-05
1752624000000,8,0.0001
1752652800000,8,0.0001
1752681600008,8,0.0001
1752710400003,8,0.0001
1752739200000,8,0.0001
1752768000000,8,0.0001
1752796800004,8,0.0001
1752825600000,8,0.0001
1752854400000,8,0.0001
1752883200009,8,0.0001
1752912000000,8,0.0001
1752940800002,8,0.0001
1752969600000,8,0.0001
1752998400000,8,0.0001
1753027200000,8,0.0001
1753056000001,8,0.0001
1753084800000,8,0.0001
1753113600001,8,0.000129
1753142400000,8,0.0001
1753171200010,8,0.0001
1753200000007,8,0.0001
1753228800000,8,0.0001
1753257600004,8,0.0001
1753286400002,8,0.0001
1753315200000,8,0.0001
1753344000001,8,0.0001
1753372800000,8,0.0001
1753401600000,8,0.0001
1753430400000,8,6.102e-05
1753459200000,8,0.0001
1753488000001,8,0.0001
1753516800005,8,0.0001
1753545600001,8,0.0001
1753574400001,8,0.0001
1753603200000,8,0.0001
1753632000008,8,0.0001
1753660800005,8,0.0001
1753689600000,8,0.0001
1753718400000,8,0.0001
1753747200001,8,-3.47e-06
1753776000000,8,8.17e-06
1753804800000,8,4.218e-05
1753833600011,8,1.098e-05
1753862400000,8,7.655e-05
1753891200008,8,-1.266e-05
1753920000000,8,-8.14e-06
1753948800009,8,4.662e-05
1753977600000,8,8.62e-06
1754006400001,8,4.034e-05
1754035200003,8,-1.44e-05
1754064000000,8,3.852e-05
1754092800004,8,-3.851e-05
1754121600000,8,3.654e-05
1754150400000,8,3.981e-05
1754179200000,8,-0.00010062
1754208000000,8,-5.92e-05
1754236800003,8,-7.571e-05
1754265600004,8,-0.00014534
1754294400000,8,-6.297e-05
1754323200002,8,-6.458e-05
1754352000000,8,-3.577e-05
1754380800000,8,-2.117e-05
1754409600000,8,-4.816e-05
1754438400005,8,-6.84e-05
1754467200000,8,-3.584e-05
1754496000000,8,1.84e-05
1754524800003,8,0.0001
1754553600002,8,1.246e-05
1754582400002,8,4.431e-05
1754611200002,8,6.422e-05
1754640000004,8,1.197e-05
1754668800000,8,3.043e-05
1754697600005,8,0.0001
1754726400000,8,8.345e-05
1754755200007,8,7.712e-05
1754784000003,8,9.612e-05
1754812800005,8,7.842e-05
1754841600002,8,0.0001
1754870400000,8,9.508e-05
1754899200000,8,0.0001
1754928000000,8,3.19e-06
1754956800000,8,-2.394e-05
1754985600001,8,-1.203e-05
1755014400005,8,-2.257e-05
1755043200000,8,0.0001
1755072000002,8,0.0001
1755100800006,8,0.0001
1755129600002,8,0.0001
1755158400003,8,0.00025876
1755187200000,8,0.0001
1755216000000,8,0.0001
1755244800000,8,0.0001
1755273600000,8,4.024e-05
1755302400004,8,-4.219e-05
1755331200000,8,6.279e-05
1755360000002,8,7.134e-05
1755388800000,8,0.0001
1755417600001,8,9.63e-05
1755446400007,8,5.105e-05
1755475200000,8,8.86e-05
1755504000001,8,-5.077e-05
1755532800002,8,-6.163e-05
1755561600000,8,-1.986e-05
1755590400001,8,4.048e-05
1755619200000,8,6.293e-05
1755648000000,8,2.581e-05
1755676800000,8,8.81e-05
1755705600000,8,0.0001
1755734400006,8,0.0001
1755763200000,8,0.0001
1755792000003,8,1.366e-05
1755820800010,8,3.301e-05
1755849600007,8,0.0001
1755878400001,8,0.0001
1755907200004,8,0.0001
1755936000006,8,0.0001
1755964800000,8,0.0001
1755993600001,8,0.0001
1756022400002,8,0.0001
1756051200001,8,0.0001
1756080000000,8,0.0001
1756108800002,8,0.0001
1756137600002,8,0.0001
1756166400000,8,2.857e-05
1756195200000,8,-8.98e-06
1756224000000,8,5.27e-05
1756252800003,8,0.0001
1756281600000,8,0.0001
1756310400009,8,0.0001
1756339200000,8,0.0001
1756368000005,8,0.0001
1756396800004,8,0.0001
1756425600000,8,8.562e-05
1756454400000,8,7.793e-05
1756483200005,8,7.047e-05
1756512000000,8,-1.362e-05
1756540800002,8,5.373e-05
1756569600003,8,-3.14e-05
1756598400016,8,1.753e-05
1756627200000,8,9.518e-05
1756656000001,8,9.036e-05
1756684800000,8,9.019e-05
1756713600000,8,7.92e-06
1756742400001,8,2.302e-05
1756771200000,8,4.576e-05
1756800000005,8,0.0001
1756828800007,8,9.872e-05
1756857600006,8,0.0001
1756886400002,8,8.685e-05
1756915200002,8,7.61e-06
1756944000002,8,3.074e-05
1756972800000,8,6.703e-05
1757001600000,8,6.691e-05
1757030400001,8,-4.57e-06
1757059200006,8,1.493e-05
1757088000000,8,1.122e-05
1757116800000,8,8.9e-05
1757145600005,8,0.0001
1757174400000,8,1.754e-05
1757203200000,8,6e-08
1757232000000,8,6.542e-05
1757260800000,8,3.077e-05
1757289600007,8,0.0001
1757318400000,8,0.0001
1757347200000,8,0.0001
1757376000000,8,8.916e-05
1757404800000,8,0.0001
1757433600000,8,0.0001
1757462400000,8,3.617e-05
1757491200002,8,0.0001
1757520000000,8,0.0001
1757548800000,8,4.953e-05
1757577600000,8,-1.99e-05
1757606400001,8,9.486e-05
1757635200002,8,2.36e-06
1757664000001,8,4.69e-06
1757692800005,8,7.19e-06
1757721600005,8,1.709e-05
1757750400002,8,6.327e-05
1757779200000,8,5.623e-05
1757808000006,8,-3.76e-06
1757836800000,8,5.813e-05
1757865600001,8,2.92e-05
1757894400006,8,-7.17e-06
1757923200002,8,8.58e-06
1757952000001,8,4.813e-05
1757980800001,8,6.405e-05
1758009600000,8,7.636e-05
1758038400000,8,7.783e-05
1758067200001,8,-1.958e-05
1758096000000,8,3.782e-05
1758124800003,8,3.428e-05
1758153600006,8,8.719e-05
1758182400002,8,0.0001
1758211200000,8,1.468e-05
1758240000000,8,0.0001
1758268800005,8,9.667e-05
1758297600000,8,8.03e-06
1758326400000,8,-3.324e-05
1758355200000,8,-6.98e-05
1758384000002,8,-2.909e-05
1758412800000,8,-4.39e-06
1758441600000,8,4.391e-05
1758470400000,8,9.63e-06
1758499200005,8,4.06e-06
1758528000003,8,-1.362e-05
1758556800000,8,-0.00010344
1758585600000,8,4.622e-05
1758614400001,8,4.873e-05
1758643200000,8,5.93e-06
1758672000003,8,2.831e-05
1758700800001,8,3.094e-05
1758729600002,8,-3.4e-06
1758758400000,8,-0.0001284
1758787200001,8,-3.446e-05
1758816000000,8,3.595e-05
1758844800000,8,3.743e-05
1758873600000,8,-3.977e-05
1758902400008,8,-4.772e-05
1758931200000,8,-9.862e-05
1758960000010,8,6.955e-05
1758988800003,8,-2.293e-05
1759017600000,8,2.105e-05
1759046400000,8,-3.715e-05
1759075200000,8,1.97e-05
1759104000000,8,4.762e-05
1759132800002,8,0.0001
1759161600001,8,-7.412e-05
1759190400002,8,-5.066e-05
1759219200005,8,-0.00016084
1759248000000,8,-3.859e-05
1759276800000,8,7.07e-05
1759305600000,8,0.0001
1759334400000,8,-7.02e-06
1759363200000,8,7.943e-05
1759392000013,8,-9.812e-05
1759420800000,8,-2.091e-05
1759449600006,8,-9.937e-05
1759478400006,8,6.248e-05
1759507200000,8,7.389e-05
1759536000001,8,7.725e-05
1759564800000,8,5.17e-06
1759593600000,8,1.04e-05
1759622400000,8,1.013e-05
1759651200003,8,8.81e-05
1759680000009,8,-4.722e-05
1759708800004,8,-7.241e-05
1759737600002,8,2.963e-05
1759766400004,8,5.395e-05
1759795200000,8,1.768e-05
1759824000003,8,-6.695e-05
1759852800000,8,-2.108e-05
1759881600000,8,-6.781e-05
1759910400006,8,-6.05e-06
1759939200002,8,-3.581e-05
1759968000001,8,0.0001
1759996800000,8,0.0001
1760025600000,8,-2.36e-06
1760054400005,8,-2.367e-05
1760083200002,8,2.784e-05
1760112000014,8,3.06e-06
1760140800000,8,-0.00302761
1760169600003,8,-0.00203878
1760198400000,8,-0.00158704
1760227200004,8,-0.00124994
1760256000002,8,-0.00123408
1760284800000,8,-0.00057183
1760313600003,8,-0.00060725
1760342400002,8,-0.00023311
1760371200003,8,-5.122e-05
1760400000000,8,6.21e-06
1760428800000,8,4.088e-05
1760457600000,8,-7.11e-05
1760486400006,8,-6.096e-05
1760515200002,8,5.749e-05
1760544000000,8,4.099e-05
1760572800000,8,-6.784e-05
1760601600003,8,-4.113e-05
1760630400002,8,-7.614e-05
1760659200001,8,-2.994e-05
1760688000005,8,7.329e-05
1760716800003,8,9.462e-05
1760745600000,8,-8.545e-05
1760774400002,8,-1.55e-06
1760803200001,8,-3.501e-05
1760832000001,8,0.0001
1760860800001,8,1.997e-05
1760889600001,8,2.25e-05
1760918400004,8,-8.569e-05
1760947200001,8,5.3e-06
1760976000000,8,-3.004e-05
1761004800009,8,-3.42e-06
1761033600000,8,-8.944e-05
1761062400000,8,4.135e-05
1761091200004,8,0.0001
1761120000000,8,-9.872e-05
1761148800000,8,-2.23e-05
1761177600000,8,-3.216e-05
1761206400001,8,6.84e-06
1761235200004,8,0.0001
1761264000000,8,0.0001
1761292800000,8,0.0001
1761321600009,8,1.595e-05
1761350400000,8,0.0001
1761379200001,8,0.0001
1761408000001,8,5.536e-05
1761436800001,8,6.721e-05
1761465600001,8,4.492e-05
1761494400000,8,5.882e-05
1761523200000,8,0.0001
1761552000005,8,0.0001
1761580800000,8,3.983e-05
1761609600000,8,1.82e-05
1761638400000,8,7.929e-05
1761667200004,8,6.17e-06
1761696000004,8,-0.0001386
1761724800005,8,-5.808e-05
1761753600000,8,8.873e-05
1761782400004,8,7.1e-07
1761811200008,8,2.026e-05
1761840000001,8,-0.00016797
1761868800000,8,-0.00022069
1761897600008,8,-7.523e-05
1761926400007,8,-1.38e-06
1761955200001,8,1.5e-06
1761984000000,8,2.93e-05
1762012800000,8,-5.041e-05
1762041600007,8,5.263e-05
1762070400000,8,2.822e-05
1762099200001,8,-7.385e-05
1762128000000,8,2.882e-05
1762156800010,8,-0.00017049
1762185600000,8,-0.00015146
1762214400002,8,-4.994e-05
1762243200004,8,-0.00013832
1762272000000,8,1.759e-05
1762300800000,8,3.273e-05
1762329600000,8,5.027e-05
1762358400004,8,-0.00011308
1762387200001,8,-0.0001041
1762416000000,8,-4.391e-05
1762444800001,8,7.661e-05
1762473600005,8,-1.927e-05
1762502400003,8,-4.73e-06
1762531200005,8,1.958e-05
1762560000011,8,8.95e-05
1762588800015,8,-1.277e-05
1762617600001,8,4.85e-06
1762646400004,8,-9.501e-05
1762675200000,8,-2.922e-05
1762704000005,8,4.444e-05
1762732800000,8,0.0001
1762761600000,8,-0.00011243
1762790400003,8,-7.96e-05
1762819200007,8,-4.5e-05
1762848000000,8,-0.00020845
1762876800009,8,-1.407e-05
1762905600000,8,-2e-05
1762934400002,8,-0.00015825
1762963200000,8,-3.65e-05
1762992000002,8,-8.205e-05
1763020800000,8,3.785e-05
1763049600001,8,-1.195e-05
1763078400000,8,-0.00019091
1763107200000,8,-9.95e-06
1763136000001,8,0.0001
1763164800005,8,0.0001
1763193600000,8,5.851e-05
1763222400001,8,-1.324e-05
1763251200001,8,4.071e-05
1763280000000,8,7.161e-05
1763308800000,8,-5.32e-06
1763337600003,8,0.0001
1763366400003,8,0.0001
1763395200000,8,9.994e-05
1763424000002,8,2.095e-05
1763452800004,8,0.0001
1763481600000,8,8.922e-05
1763510400000,8,2.756e-05
1763539200000,8,8.916e-05
1763568000008,8,-6.86e-06
1763596800000,8,-0.00010212
1763625600000,8,0.0001
1763654400000,8,0.0001
1763683200001,8,-9.397e-05
1763712000000,8,5.033e-05
1763740800001,8,-0.00012104
1763769600004,8,-5.419e-05
1763798400000,8,-3.816e-05
1763827200000,8,-5.023e-05
1763856000000,8,4.294e-05
1763884800008,8,-4.937e-05
1763913600003,8,2.945e-05
1763942400004,8,1.509e-05
1763971200000,8,3.449e-05
1764000000006,8,4.57e-06
1764028800000,8,-4.847e-05
1764057600009,8,8.543e-05
1764086400007,8,-0.00018105
1764115200001,8,-6.75e-06
1764144000001,8,0.0001
1764172800000,8,-8.604e-05
1764201600013,8,8.82e-05
1764230400000,8,-1.255e-05
1764259200004,8,2.643e-05
1764288000008,8,-6.408e-05
1764316800000,8,-0.00015136
1764345600008,8,2.204e-05
1764374400000,8,-8.328e-05
1764403200005,8,6.1e-05
1764432000001,8,1.089e-05
1764460800003,8,7.173e-05
1764489600000,8,6.664e-05
1764518400004,8,8.402e-05
1764547200000,8,0.0001
1764576000004,8,-9.161e-05
1764604800000,8,7.07e-06
1764633600004,8,-6.147e-05
1764662400000,8,1.549e-05
1764691200000,8,2.488e-05
1764720000000,8,0.0001
1764748800000,8,8.835e-05
1764777600005,8,6.438e-05
1764806400012,8,0.0001
1764835200000,8,7.212e-05
1764864000011,8,0.0001
1764892800000,8,2.583e-05
1764921600000,8,4.599e-05
1764950400010,8,6.353e-05
1764979200001,8,-2.519e-05
1765008000001,8,-1.154e-05
1765036800008,8,-2.208e-05
1765065600000,8,4.977e-05
1765094400004,8,2.491e-05
1765123200000,8,-4.449e-05
1765152000000,8,-4.676e-05
1765180800000,8,6.981e-05
1765209600001,8,7.621e-05
1765238400001,8,-4.393e-05
1765267200001,8,3.189e-05
1765296000007,8,-1.38e-05
1765324800007,8,0.0001
1765353600002,8,2.067e-05
1765382400012,8,2.31e-05
1765411200001,8,9.45e-06
1765440000000,8,-0.00016369
1765468800000,8,-6.531e-05
1765497600005,8,9.412e-05
1765526400007,8,0.0001
1765555200002,8,0.0001
1765584000001,8,-7.703e-05
1765612800006,8,-2.011e-05
1765641600000,8,-2.083e-05
1765670400000,8,-1.51e-05
1765699200003,8,-2.194e-05
1765728000005,8,-9.436e-05
1765756800000,8,-9.823e-05
1765785600000,8,2.213e-05
1765814400000,8,2.482e-05
1765843200002,8,-0.00012962
1765872000000,8,-6.503e-05
1765900800002,8,6.541e-05
1765929600004,8,3.595e-05
1765958400000,8,3.39e-05
1765987200000,8,5.848e-05
1766016000005,8,-0.00017374
1766044800007,8,-3.187e-05
1766073600001,8,4.877e-05
1766102400000,8,-3.298e-05
1766131200001,8,7.363e-05
1766160000000,8,0.0001
1766188800005,8,0.0001
1766217600000,8,6.912e-05
1766246400002,8,6.936e-05
1766275200000,8,8.009e-05
1766304000009,8,9.929e-05
1766332800000,8,-1.358e-05
1766361600000,8,3.525e-05
1766390400005,8,4.368e-05
1766419200009,8,5.393e-05
1766448000000,8,-6.2e-05
1766476800000,8,2.113e-05
1766505600001,8,-7.533e-05
1766534400001,8,7.105e-05
1766563200001,8,-3.47e-06
1766592000000,8,2.942e-05
1766620800000,8,0.0001
1766649600001,8,0.0001
1766678400005,8,2.98e-05
1766707200004,8,8.16e-05
1766736000001,8,4.708e-05
1766764800007,8,0.0001
1766793600000,8,4.89e-06
1766822400000,8,0.0001
1766851200011,8,0.0001
1766880000008,8,0.0001
1766908800000,8,0.0001
1766937600000,8,0.0001
1766966400016,8,5.464e-05
1766995200001,8,0.0001
1767024000000,8,-3.375e-05
1767052800005,8,-2.097e-05
1767081600001,8,-3.541e-05
1767110400003,8,0.0001
1767139200004,8,0.0001
1767168000001,8,2.078e-05
1767196800001,8,0.0001
1767225600008,8,2.778e-05
1767254400002,8,1.759e-05
1767283200001,8,2.227e-05
1767312000006,8,0.0001
1767340800007,8,0.0001
1767369600000,8,0.0001
1767398400001,8,0.0001
1767427200000,8,8.286e-05
1767456000000,8,6.427e-05
1767484800000,8,0.0001
1767513600000,8,4.499e-05
1767542400001,8,4.667e-05
1767571200000,8,5.164e-05
1767600000000,8,1.007e-05
1767628800000,8,1.357e-05
1767657600010,8,0.0001
1767686400000,8,3.473e-05
1767715200000,8,0.0001
1767744000001,8,0.0001
1767772800001,8,-1.47e-06
1767801600001,8,-4.471e-05
1767830400001,8,2.799e-05
1767859200000,8,7.768e-05
1767888000000,8,8.5e-07
1767916800003,8,0.0001
1767945600000,8,9.569e-05
1767974400001,8,0.0001
1768003200000,8,-9.725e-05
1768032000002,8,-6.589e-05
1768060800001,8,-1.82e-06
1768089600003,8,8.687e-05
1768118400006,8,0.0001
1768147200000,8,4.403e-05
1768176000005,8,0.0001
1768204800000,8,0.0001
1768233600000,8,3.69e-05
1768262400007,8,3.697e-05
1768291200009,8,2.223e-05
1768320000002,8,0.0001
1768348800000,8,0.0001
1768377600001,8,0.0001
1768406400004,8,9.806e-05
1768435200000,8,0.0001
1768464000004,8,9.75e-06
1768492800002,8,-1.293e-05
1768521600000,8,-4.172e-05
1768550400000,8,-1.717e-05
1768579200001,8,1.27e-05
1768608000000,8,0.0001
1768636800000,8,7.146e-05
1768665600002,8,-1.012e-05
1768694400001,8,1.596e-05
1768723200000,8,-9.483e-05
1768752000000,8,-3.06e-05
1768780800007,8,-1.163e-05
1768809600007,8,2.229e-05
1768838400007,8,9.979e-05
1768867200005,8,2.304e-05
1768896000001,8,8.389e-05
1768924800009,8,-6.674e-05
1768953600001,8,2.13e-06
1768982400011,8,-2.73e-05
1769011200011,8,3.81e-06
1769040000010,8,6.571e-05
1769068800003,8,-6.167e-05
1769097600005,8,-6.749e-05
1769126400005,8,-1.016e-05
1769155200000,8,1.237e-05
1769184000011,8,-6.703e-05
1769212800011,8,-1.852e-05
1769241600002,8,-9.28e-06
1769270400001,8,5.43e-06
1769299200002,8,-7.297e-05
1769328000011,8,-3.952e-05
1769356800005,8,5.353e-05
1769385600000,8,-0.00020746
1769414400003,8,7.17e-06
1769443200000,8,2.194e-05
1769472000002,8,8.056e-05
1769500800000,8,7.857e-05
1769529600000,8,2.427e-05
1769558400000,8,8.604e-05
1769587200000,8,6.014e-05
1769616000000,8,3.305e-05
1769644800000,8,1.45e-05
1769673600009,8,-5.141e-05
1769702400000,8,-7.62e-05
1769731200008,8,-0.000182
1769760000000,8,-8.985e-05
1769788800001,8,-4.603e-05
1769817600000,8,-4.73e-06
1769846400001,8,-0.00019176
1769875200009,8,-0.00015483
1769904000001,8,-0.00069212
1769932800004,8,-0.00019219
1769961600000,8,-8.954e-05
1769990400000,8,-0.00014659
1770019200014,8,-7.189e-05
1770048000000,8,-5.479e-05
1770076800000,8,-0.00012874
1770105600007,8,-9.347e-05
1770134400000,8,-0.00016414
1770163200002,8,-0.00017777
1770192000007,8,-0.00047041
1770220800000,8,-0.00033402
1770249600011,8,-2.794e-05
1770278400000,8,9.48e-06
1770307200007,8,-2.324e-05
1770336000000,8,-0.00016041
1770364800001,8,-0.00043701
1770393600000,8,-0.00055144
1770422400003,8,-0.00053126
1770451200000,8,-0.00024143
1770480000010,8,-0.00015393
1770508800003,8,-0.00028211
1770537600000,8,-0.00039857
1770566400000,8,-0.00030758
1770595200002,8,-0.00018599
1770624000001,8,-0.00015733
1770652800007,8,-1.919e-05
1770681600000,8,-0.00012797
1770710400007,8,-9.266e-05
1770739200000,8,-0.00015079
1770768000000,8,3.598e-05
1770796800006,8,-9.212e-05
1770825600000,8,-8.635e-05
1770854400000,8,-0.0001924
1770883200001,8,-7.372e-05
1770912000001,8,-0.00016709
1770940800007,8,-4.022e-05
1770969600003,8,-6.12e-06
1770998400005,8,7.1e-06
1771027200002,8,2.902e-05
1771056000004,8,-7.743e-05
1771084800002,8,-5.619e-05
1771113600000,8,-0.00017847
1771142400002,8,-1.01e-05
1771171200000,8,5.339e-05
1771200000001,8,-4.817e-05
1771228800003,8,-6.6e-06
1771257600000,8,-0.00015888
1771286400008,8,-3.812e-05
1771315200001,8,-5.851e-05
1771344000002,8,-0.00012454
1771372800000,8,-9.696e-05
1771401600000,8,-3.984e-05
1771430400011,8,-0.0002287
1771459200013,8,-0.00012426
1771488000000,8,-0.00012365
1771516800003,8,3.106e-05
1771545600000,8,2.253e-05
1771574400000,8,-9.514e-05
1771603200000,8,3.03e-06
1771632000004,8,5.856e-05
1771660800000,8,-9.185e-05
1771689600005,8,-6.16e-06
1771718400001,8,-5.057e-05
1771747200004,8,-0.00010584
1771776000000,8,-6.575e-05
1771804800001,8,-7.447e-05
1771833600000,8,-0.00053535
1771862400000,8,-0.00014788
1771891200007,8,-4.143e-05
1771920000000,8,-7.491e-05
1771948800001,8,-5.768e-05
1771977600001,8,-0.00017258
1772006400007,8,6.827e-05
1772035200000,8,6.24e-05
1772064000000,8,0.0001
1772092800006,8,1.584e-05
1772121600002,8,-6.714e-05
1772150400007,8,-2.35e-06
1772179200000,8,-8.411e-05
1772208000001,8,-0.00018881
1772236800000,8,5.04e-06
1772265600000,8,-0.00020116
1772294400004,8,-0.00022315
1772323200005,8,-4.585e-05
1772352000000,8,0.0001
1772380800002,8,5.377e-05
1772409600001,8,2.413e-05
1772438400007,8,-8.58e-05
1772467200000,8,-1.424e-05
1772496000000,8,-3.622e-05
1772524800000,8,-6.186e-05
1772553600007,8,-0.00014862
1772582400001,8,3.07e-06
1772611200005,8,1.145e-05
1772640000000,8,2.4e-05
1772668800000,8,5.985e-05
1772697600000,8,-7.723e-05
1772726400004,8,-0.00011105
1772755200001,8,6.362e-05
1772784000001,8,-7.936e-05
1772812800004,8,-0.00013058
1772841600001,8,-6.121e-05
1772870400012,8,2.98e-06
1772899200001,8,-0.00012228
1772928000001,8,-0.00010523
1772956800000,8,-0.00016925
1772985600002,8,-0.00019962
1773014400000,8,-0.00010144
1773043200004,8,-8.215e-05
1773072000003,8,-1.812e-05
1773100800012,8,3.046e-05
1773129600002,8,6.257e-05
1773158400001,8,-1.909e-05
1773187200000,8,6.61e-06
1773216000007,8,-9.673e-05
1773244800010,8,-0.00010183
1773273600000,8,4.554e-05
1773302400000,8,-0.00016439
1773331200000,8,-3.63e-06
1773360000006,8,7.234e-05
1773388800001,8,7.241e-05
1773417600000,8,9.095e-05
1773446400001,8,-2.65e-05
1773475200000,8,-6.738e-05
1773504000007,8,-9.915e-05
1773532800000,8,-0.00010764
1773561600000,8,-5.506e-05
1773590400000,8,1.663e-05
1773619200000,8,9.583e-05
1773648000010,8,0.0001
1773676800000,8,5.241e-05
1773705600000,8,8.675e-05
1773734400002,8,4.97e-06
1773763200011,8,-1.43e-05
1773792000002,8,-8.83e-06
1773820800002,8,-4.951e-05
1773849600005,8,-6.465e-05
1773878400000,8,-0.00010064
1773907200003,8,-1.65e-06
1773936000003,8,-3.8e-06
1773964800002,8,3.87e-06
1773993600000,8,-4.929e-05
1774022400000,8,-6.064e-05
1774051200000,8,2.431e-05
1774080000000,8,-1.16e-05
1774108800014,8,-0.00012136
1774137600012,8,-0.00012994
1774166400007,8,-0.00013452
1774195200002,8,-0.00012882
1774224000000,8,-6.305e-05
1774252800003,8,-1.921e-05
1774281600002,8,4.974e-05
1774310400000,8,0.0001
1774339200000,8,2.758e-05
1774368000003,8,-0.00011027
1774396800000,8,-4.578e-05
1774425600000,8,6.687e-05
1774454400013,8,9.615e-05
1774483200001,8,8.033e-05
1774512000001,8,-0.00019611
1774540800000,8,-0.00022349
1774569600006,8,-0.00022517
1774598400000,8,-0.00019053
1774627200000,8,-0.0003981
1774656000005,8,-0.00028259
1774684800005,8,-0.00021298
1774713600000,8,-0.00016926
1774742400003,8,-0.00030226
1774771200001,8,-0.00023173
1774800000000,8,-0.00014871
1774828800000,8,-0.00027324
1774857600005,8,-7.1e-06
1774886400000,8,-1.962e-05
1774915200000,8,-8.653e-05
1774944000000,8,3.994e-05
1774972800000,8,-0.0001383
1775001600000,8,1.608e-05
1775030400000,8,-6.42e-06
1775059200000,8,-1.877e-05
1775088000003,8,1.042e-05
1775116800001,8,-0.00023581
1775145600001,8,-6.199e-05
1775174400000,8,-6.8e-06
1775203200008,8,-2.576e-05
1775232000008,8,4.323e-05
1775260800000,8,-4.223e-05
1775289600003,8,-7.014e-05
1775318400000,8,-3.973e-05
1775347200008,8,-4.086e-05
1775376000000,8,-9.381e-05
1775404800001,8,-7.917e-05
1775433600004,8,-1.272e-05
1775462400001,8,7.896e-05
1775491200003,8,-1.845e-05
1775520000000,8,-0.00010287
1775548800000,8,-0.00021212
1775577600000,8,-6.822e-05
1775606400000,8,0.0001
1775635200000,8,0.0001
1775664000006,8,0.0001
1775692800000,8,4.258e-05
1775721600010,8,-1.292e-05
1775750400001,8,2.462e-05
1775779200000,8,0.0001
1775808000005,8,1e-06
1775836800000,8,8.338e-05
1775865600000,8,4.33e-05
1775894400000,8,-1.872e-05
1775923200003,8,-1.22e-05
1775952000000,8,0.0001
1775980800000,8,-0.00011509
1776009600000,8,-6.761e-05
1776038400011,8,3.827e-05
1776067200006,8,-9.36e-06
1776096000000,8,0.0001
1776124800005,8,0.0001
1776153600003,8,0.0001
1776182400001,8,0.0001
1776211200000,8,1.64e-06
1776240000000,8,-9.128e-05
1776268800000,8,-2.279e-05
1776297600013,8,0.0001
1776326400000,8,0.0001
1776355200000,8,7.305e-05
1776384000001,8,0.0001
1776412800011,8,3.085e-05
1776441600001,8,1.016e-05
1776470400001,8,2.64e-06
1776499200006,8,-8.193e-05
1776528000000,8,-7.993e-05
1776556800002,8,-6.547e-05
1776585600010,8,-9.117e-05
1776614400001,8,-7.527e-05
1776643200000,8,-8.585e-05
1776672000000,8,-1.265e-05
1776700800001,8,4.88e-05
1776729600000,8,8.917e-05
1776758400004,8,2.729e-05
1776787200004,8,-7.3e-07
1776816000004,8,6.371e-05
1776844800000,8,0.0001
1776873600000,8,0.0001
1776902400000,8,8.553e-05
1776931200000,8,-4.21e-05
1776960000004,8,1.908e-05
1776988800006,8,-7.719e-05
1777017600000,8,-2.981e-05
1777046400000,8,-5.314e-05
1777075200000,8,5.235e-05
1777104000002,8,1.927e-05
1777132800002,8,-5.575e-05
1777161600003,8,-4.604e-05
1777190400007,8,9.411e-05
1777219200004,8,-3.44e-06
1777248000004,8,-1.262e-05
1777276800000,8,-2.08e-05
1777305600002,8,-0.00011407
1777334400001,8,-0.00011394
1777363200000,8,8.41e-06
1777392000004,8,-4.511e-05
1777420800006,8,-1.641e-05
1777449600011,8,7.892e-05
1777478400003,8,-6.745e-05
1777507200002,8,-3.778e-05
1777536000000,8,7.422e-05
1777564800000,8,7.585e-05
1777593600000,8,6.01e-05
1777622400005,8,1.697e-05
1777651200000,8,4.955e-05
1777680000006,8,7.261e-05
1777708800000,8,-3.588e-05
1777737600010,8,-1.782e-05
1777766400005,8,4.38e-05
1777795200003,8,-2.973e-05
1777824000000,8,-1.872e-05
1777852800000,8,7.211e-05
1777881600000,8,0.0001
1777910400003,8,2.423e-05
1777939200000,8,6.511e-05
1777968000011,8,7.893e-05
1777996800000,8,0.0001
1778025600010,8,0.0001
1778054400000,8,5.677e-05
1778083200002,8,0.0001
1778112000000,8,8.995e-05
1778140800000,8,8.232e-05
1778169600004,8,-5.96e-05
1778198400003,8,9.448e-05
1778227200002,8,0.0001
1778256000003,8,-9.97e-06
1778284800000,8,0.0001
1778313600001,8,4.331e-05
1778342400002,8,1.497e-05
1778371200003,8,-5.236e-05
1778400000000,8,1.717e-05
1778428800000,8,-8.59e-06
1778457600000,8,8.884e-05
1778486400000,8,3.592e-05
1778515200000,8,6.498e-05
1778544000002,8,3.539e-05
1778572800008,8,-6.049e-05
1778601600000,8,8.095e-05
1778630400010,8,0.0001
1778659200003,8,-1.573e-05
1778688000001,8,-0.00012043
1778716800005,8,-0.0001508
1778745600000,8,-3.038e-05
1778774400000,8,-5.361e-05
1778803200000,8,-1.584e-05
1778832000016,8,4.052e-05
1778860800012,8,2.053e-05
1778889600005,8,0.0001
1778918400000,8,5.209e-05
1778947200005,8,-0.00015361
1778976000000,8,-5.139e-05
1779004800010,8,-5.436e-05
1779033600009,8,-0.00012569
1779062400007,8,-0.00010788
1779091200002,8,3.36e-06
1779120000007,8,5.09e-06
1779148800001,8,3.87e-06
1779177600001,8,-2.902e-05
1779206400009,8,-0.00010936
1779235200001,8,2.839e-05
1779264000006,8,-6.66e-06
1779292800000,8,-1.433e-05
1779321600001,8,-2.74e-06
1779350400000,8,6.241e-05
1779379200000,8,2.943e-05
1779408000000,8,0.0001
1779436800004,8,-1.571e-05
1779465600001,8,-1.78e-06
1779494400009,8,2.621e-05
1779523200001,8,-0.0001267
1779552000003,8,-0.00028322
1779580800011,8,-4.389e-05
1779609600008,8,5.791e-05
1779638400000,8,9.58e-06
1779667200001,8,-4.636e-05
1779696000001,8,-4.276e-05
1779724800001,8,3.864e-05
1779753600000,8,4.297e-05
1779782400003,8,-0.00010038
1779811200000,8,4.692e-05
1779840000000,8,-0.00014384
1779868800004,8,-8.548e-05
1779897600009,8,1.025e-05
1779926400001,8,-5.061e-05
1779955200000,8,-0.00014123
1779984000001,8,-3.559e-05
1780012800000,8,4.219e-05
1780041600001,8,2.5e-05
1780070400008,8,6.335e-05
1780099200000,8,7.48e-05
1780128000001,8,3.702e-05
1780156800000,8,4.292e-05
1780185600000,8,2.3e-05
1780214400000,8,3.645e-05
1780243200004,8,2.671e-05
