open_time,open,high,low,close,volume,close_time,quote_volume,trades,taker_base,taker_quote,ignore
1609459200000,736.42,749.0,714.29,728.91,675114.09329,1609545599999,496072043.77740735,483671,338988.53158,249240373.93868393,0
1609545600000,728.91,787.69,714.91,774.56,1352618.57668,1609631999999,1024472182.612087,824134,686674.73342,519915827.0114855,0
1609632000000,774.44,1011.07,768.71,978.28,2813603.88615,1609718399999,2522411859.73161,1636501,1439027.79886,1290266275.5931487,0
1609718400000,978.33,1162.97,890.0,1041.43,4245010.94004,1609804799999,4303634203.219599,2477862,2126337.6721,2157639019.3291917,0
1609804800000,1041.45,1134.6,974.45,1099.56,2706995.67525,1609891199999,2857050280.0081425,1960503,1337641.02794,1412551452.853558,0
1609891200000,1100.16,1213.0,1057.26,1208.42,2390136.59334,1609977599999,2725262121.2885127,1600888,1227955.8885,1401239480.530579,0
1609977600000,1208.75,1289.0,1131.0,1224.87,1972922.82059,1610063999999,2406219891.3685346,1402699,974726.97516,1189746026.1513844,0
1610064000000,1224.86,1273.75,1065.0,1216.93,2131172.92341,1610150399999,2543427452.5801253,1718817,1042889.10509,1246619297.4198394,0
1610150400000,1216.72,1304.37,1171.36,1276.0,1448871.11514,1610236799999,1780137376.4164696,1131871,746369.6968,918333130.76833,0
1610236800000,1276.0,1348.33,1170.0,1254.25,1951179.35003,1610323199999,2517791852.407762,1437486,979792.30536,1266203575.0952868,0
1610323200000,1254.24,1260.0,915.0,1087.01,4068784.65678,1610409599999,4290593989.580177,2557613,1966216.19764,2073558269.9400127,0
1610409600000,1087.0,1150.02,1006.33,1050.16,2302645.34052,1610495999999,2491067092.510127,1516625,1149858.00491,1244662146.2852807,0
1610496000000,1050.36,1137.65,987.48,1129.89,1564202.39081,1610582399999,1664178969.0738044,1123983,792814.80569,844656818.225537,0
1610582400000,1129.79,1247.55,1086.7,1231.62,1555737.38556,1610668799999,1825860914.1737957,1255769,794405.96443,932454704.1013689,0
1610668800000,1231.89,1256.98,1069.42,1168.53,1944038.83738,1610755199999,2302781118.9587398,1519266,966118.73281,1145518024.4912322,0
1610755200000,1168.48,1298.0,1151.77,1227.83,1575384.43797,1610841599999,1927453174.6117928,1252473,804431.16803,984555467.09146,0
1610841600000,1227.83,1269.02,1165.0,1232.45,1317285.00579,1610927999999,1606424364.4970417,1121278,665250.50449,811881943.4555254,0
1610928000000,1232.5,1260.75,1182.58,1258.45,998050.11073,1611014399999,1223628040.7372608,940604,499759.24002,613148505.5656064,0
1611014400000,1258.52,1438.3,1251.49,1365.36,2278852.55758,1611100799999,3120980923.930309,1840481,1158029.40293,1585793803.6607609,0
1611100800000,1365.36,1407.93,1235.42,1376.99,2219137.62144,1611187199999,2931656296.4670005,1852253,1103381.0876,1459031149.789856,0
1611187200000,1376.72,1390.0,1086.0,1110.96,2254164.80365,1611273599999,2787012514.7809706,1823458,1088341.96818,1346852630.2030852,0
1611273600000,1111.98,1273.79,1042.31,1232.62,2020593.21673,1611359999999,2360267831.3175545,1652010,1036188.85921,1212076603.4709723,0
1611360000000,1232.61,1272.44,1195.9,1233.6,1009545.08258,1611446399999,1250575691.7627306,932871,505750.89704,626781286.5809959,0
1611446400000,1233.46,1398.83,1220.0,1392.51,1510879.53817,1611532799999,1996765627.5405192,1313986,790374.50924,1045052388.6384156,0
1611532800000,1392.19,1475.0,1293.69,1317.88,1885441.31289,1611619199999,2644267236.897188,1661512,943347.25829,1324815913.9859085,0
1611619200000,1317.6,1378.49,1244.56,1365.97,1682923.65799,1611705599999,2216751668.3927126,1423178,856659.30135,1128968367.8538907,0
1611705600000,1366.54,1373.9,1207.0,1239.03,2009772.08358,1611791999999,2554649901.074845,1737296,997748.24567,1268777717.4971037,0
1611792000000,1238.93,1360.0,1217.23,1329.69,1365269.71962,1611878399999,1790490878.1937943,1275024,702526.23919,922191761.3683512,0
1611878400000,1329.44,1436.9,1285.35,1379.5,2253963.18682,1611964799999,3077996801.2317657,1714076,1126572.38403,1539947796.2074935,0
1611964800000,1379.56,1406.0,1326.41,1378.05,1040042.2363,1612051199999,1414231402.5438833,1013174,508185.46266,691043000.9994265,0
1612051200000,1378.04,1380.74,1281.12,1312.55,958704.85571,1612137599999,1276842259.9713488,828176,448756.56134,597602925.7805631,0
1612137600000,1312.45,1377.99,1269.99,1374.17,1096397.91862,1612223999999,1449463766.7237952,915584,550007.37258,727808340.6755197,0
1612224000000,1374.09,1547.9,1360.28,1511.87,1944227.99878,1612310399999,2821617332.3997846,1614541,986022.09176,1431300798.430241,0
1612310400000,1511.93,1669.35,1508.39,1664.49,1535869.88801,1612396799999,2418887041.587561,1384979,793334.97198,1249029451.1419609,0
1612396800000,1664.67,1695.2,1554.44,1595.67,1646502.32962,1612483199999,2693099602.275608,1507993,825236.64834,1350478681.245404,0
1612483200000,1595.53,1760.49,1591.0,1719.19,1194123.29946,1612569599999,2011685911.1668868,1326415,600948.63761,1012301493.0861531,0
1612569600000,1718.95,1743.67,1642.94,1676.35,1149808.33101,1612655999999,1940057857.9438984,1152167,565703.52545,954941828.40178,0
1612656000000,1676.35,1693.0,1490.46,1611.62,1281734.86814,1612742399999,2044371589.0232763,1263737,618789.69751,987284129.7353907,0
1612742400000,1611.46,1775.57,1563.89,1750.15,1339777.09536,1612828799999,2255426926.0199776,1372788,677614.29512,1141288384.5474298,0
1612828800000,1749.68,1821.88,1708.49,1769.13,1185071.89593,1612915199999,2080818891.6989048,1173421,593423.36868,1042666171.1807508,0
1612915200000,1769.14,1837.86,1680.0,1740.78,1219932.25474,1613001599999,2149076144.4076576,1279140,605462.91818,1067949000.5237134,0
1613001600000,1740.76,1819.0,1703.44,1785.62,735079.82699,1613087999999,1301681871.563269,935602,367056.14118,650153645.4431872,0
1613088000000,1785.83,1864.88,1739.88,1840.26,909600.20653,1613174399999,1635426867.774093,996495,460779.83709,829217927.344209,0
1613174400000,1840.24,1871.72,1765.0,1814.96,767589.07285,1613260799999,1395594093.2839975,853189,372008.25141,676531918.543253,0
1613260800000,1815.25,1850.0,1784.11,1800.42,675261.77873,1613347199999,1230043295.0342839,714827,334005.33344,608556979.1025332,0
1613347200000,1800.03,1835.72,1655.67,1779.25,1053474.57879,1613433599999,1860338371.897408,1086589,511771.37271,904087834.7542372,0
1613433600000,1779.33,1827.28,1724.0,1781.99,817493.47513,1613519999999,1455884891.92438,826125,389395.787,693804838.7492043,0
1613520000000,1781.99,1855.0,1733.01,1849.88,795711.63311,1613606399999,1437546812.9718316,862461,412387.45021,745568293.761723,0
1613606400000,1849.7,1950.5,1849.69,1939.61,937227.10191,1613692799999,1787383532.102376,1053661,493607.02549,941541216.781136,0
1613692800000,1938.91,1972.82,1891.0,1955.0,793404.4115,1613779199999,1533991632.129546,988320,388954.85277,752267904.1699667,0
1613779200000,1955.46,2042.34,1803.14,1913.0,1261315.81279,1613865599999,2493836246.4871454,1329067,624716.42408,1236782122.3446047,0
1613865600000,1912.9,1976.31,1883.01,1933.53,756568.19743,1613951999999,1467970937.2850723,895138,386132.26661,749271580.5746851,0
1613952000000,1933.54,1936.29,1551.0,1777.58,1807244.98099,1614038399999,3200483176.9795847,1799926,854014.62953,1513747907.8030388,0
1614038400000,1777.42,1782.39,1355.0,1577.89,2547837.82068,1614124799999,3931407907.534277,2396626,1231889.46331,1903489088.143906,0
1614124800000,1577.79,1712.7,1500.2,1623.39,1384388.81727,1614211199999,2261264845.4650745,1319936,705887.81504,1153792817.1865425,0
1614211200000,1623.16,1671.59,1459.16,1481.75,1032670.79409,1614297599999,1650582276.871864,1110019,501173.65129,802212265.4535745,0
1614297600000,1482.08,1562.25,1400.0,1444.59,1355973.29378,1614383999999,2004016547.1111927,1298739,662906.93964,979857228.4282846,0
1614384000000,1444.56,1529.0,1425.0,1458.13,927423.0475,1614470399999,1375946816.3325431,954919,452205.99129,671100313.8001161,0
1614470400000,1458.27,1468.75,1293.18,1419.18,1410207.56284,1614556799999,1929140046.6462588,1190546,704060.34406,963537938.0773448,0
1614556800000,1418.67,1572.0,1409.91,1569.86,1094695.17839,1614643199999,1642627276.3105588,989006,568597.04493,853434777.3750483,0
1614643200000,1570.0,1602.9,1455.52,1486.78,1061142.38743,1614729599999,1627312282.623529,966176,508683.55658,781051077.7385646,0
1614729600000,1486.79,1656.94,1475.47,1567.69,1054846.31471,1614815999999,1676300215.0458324,1237215,534919.19161,850213871.6866411,0
1614816000000,1567.68,1624.87,1506.36,1539.23,946365.67088,1614902399999,1476463517.9864872,1125118,468540.00465,731257773.7169954,0
1614902400000,1539.22,1548.96,1441.66,1528.31,910786.28976,1614988799999,1355798089.272699,1000913,451258.01245,672042056.2406199,0
1614988800000,1528.08,1671.58,1513.03,1650.35,1013300.93928,1615075199999,1611851701.8240168,1188531,536167.18087,853820036.0928468,0
1615075200000,1650.68,1734.16,1630.35,1726.16,848470.78136,1615161599999,1414988218.19354,1166072,432388.65922,721395027.1827203,0
1615161600000,1726.46,1843.59,1664.96,1833.18,1149711.39987,1615247999999,1995142128.6481345,1407402,602217.91071,1046045706.9018364,0
1615248000000,1833.22,1870.77,1798.2,1870.51,857229.47855,1615334399999,1570286249.4509003,1196670,414078.09328,758575748.3569634,0
1615334400000,1870.5,1877.69,1757.0,1795.12,937230.62831,1615420799999,1706230875.2676637,1098051,451348.3302,821707575.727272,0
1615420800000,1795.28,1846.7,1725.0,1825.78,909011.4961,1615507199999,1627027458.0887964,1023958,443744.99114,794476087.9173055,0
1615507200000,1825.78,1841.88,1719.72,1766.1,869564.6361,1615593599999,1542873062.4201016,1126153,426161.7788,756268155.2595268,0
1615593600000,1766.13,1944.3,1727.75,1922.35,926283.22642,1615679999999,1718553131.9614732,1265904,471925.04818,875441534.0351523,0
1615680000000,1922.35,1933.1,1836.0,1848.1,637963.63627,1615766399999,1200354205.603357,963564,301776.22952,567878404.1829317,0
1615766400000,1848.1,1891.76,1730.0,1793.48,1025326.79658,1615852799999,1842608872.76306,1496415,511041.33812,918123974.5540835,0
1615852800000,1793.99,1819.5,1711.68,1805.12,764993.40147,1615939199999,1360127229.789916,987906,388327.71998,690760061.4775399,0
1615939200000,1805.01,1838.88,1741.18,1823.58,658349.44843,1616025599999,1177718486.9646137,872416,337373.92544,603533782.448005,0
1616025600000,1823.58,1850.0,1759.04,1776.08,603721.61056,1616111999999,1092346826.5536904,783517,284617.82364,514992961.4272932,0
1616112000000,1775.92,1840.61,1733.47,1809.1,500258.42875,1616198399999,901801564.202326,703977,250974.49054,452606834.7538839,0
1616198400000,1809.01,1868.83,1800.86,1806.1,451556.10639,1616284799999,828404987.6527742,743672,230001.04734,421947140.57311445,0
1616284800000,1806.57,1817.16,1747.0,1782.98,465953.98749,1616371199999,830951276.5130767,748800,227170.16353,405242308.7464666,0
1616371200000,1783.23,1807.51,1655.15,1680.97,582727.49081,1616457599999,1019780398.7821894,879976,284682.99701,498556293.2724821,0
1616457600000,1681.17,1721.17,1650.0,1668.08,577213.99589,1616543999999,975522491.0640426,654415,286791.61839,484836342.0061468,0
1616544000000,1668.2,1740.86,1536.92,1581.84,753834.52393,1616630399999,1251031751.1563811,994542,360806.99166,599730061.1379827,0
1616630400000,1581.88,1622.0,1549.4,1585.74,701697.00258,1616716799999,1115502879.6291516,778215,357916.02537,569176818.6933715,0
1616716800000,1585.83,1699.93,1585.79,1698.84,515470.92907,1616803199999,844707873.9147713,650812,265021.0976,434412049.546837,0
1616803200000,1698.84,1732.67,1666.41,1712.63,443845.49957,1616889599999,753555521.6446562,516929,223163.53,378944599.8136217,0
1616889600000,1712.52,1725.66,1661.4,1687.01,348895.51314,1616975999999,592836644.5993392,512231,169502.24442,288084679.2831071,0
1616976000000,1687.16,1841.0,1677.85,1816.74,647724.46387,1617062399999,1148231088.811587,846836,342048.8415,606329959.123471,0
1617062400000,1816.76,1859.13,1786.3,1840.46,568842.00526,1617148799999,1039262033.3867556,856093,283746.67403,518558427.2436417,0
1617148800000,1840.41,1947.29,1768.15,1919.37,746995.8591,1617235199999,1387448329.8618677,1040362,377271.88679,700970286.0783392,0
1617235200000,1919.37,1984.77,1885.02,1968.05,741585.07266,1617321599999,1438751530.7872293,994836,371883.72089,721736727.4450142,0
1617321600000,1968.05,2146.0,1948.48,2133.69,846197.93215,1617407999999,1719752062.5167284,1218698,436010.09375,886653805.0691665,0
1617408000000,2133.69,2138.12,1996.3,2008.52,770176.32192,1617494399999,1601516390.5971153,1107620,363187.43008,755374910.2259054,0
1617494400000,2008.59,2091.83,1975.24,2075.69,514345.76554,1617580799999,1050448906.4424022,818926,263875.56295,538795778.1429204,0
1617580800000,2075.7,2130.64,2002.15,2107.38,684923.61494,1617667199999,1419084945.8137891,947978,343642.59997,712219066.8657458,0
1617667200000,2107.43,2151.0,2044.65,2112.21,673386.05575,1617753599999,1420490813.0390558,1106761,332812.25752,702230157.7878639,0
1617753600000,2112.22,2129.01,1930.01,1963.47,892984.90422,1617839999999,1798606574.0535572,1229155,437902.88352,882121983.6155155,0
1617840000000,1963.46,2084.61,1947.35,2080.46,501355.998,1617926399999,1015796231.0118822,911403,250910.57734,508200399.2728804,0
1617926400000,2080.39,2100.0,2047.57,2066.87,426387.4379,1618012799999,885134116.0229065,645172,205375.78451,426445139.8748137,0
1618012800000,2067.19,2200.0,2058.0,2133.49,655458.20894,1618099199999,1405364881.858313,1175161,330628.54391,708994754.4852773,0
1618099200000,2133.49,2165.02,2113.4,2151.36,392265.50773,1618185599999,839653140.9405916,830771,197850.92141,423496403.3909447,0
1618185600000,2151.42,2203.46,2102.0,2137.69,579093.35694,1618271999999,1244982956.770031,914567,286715.00745,616499175.9046108,0
1618272000000,2137.86,2318.0,2135.53,2299.19,782608.6209,1618358399999,1745821661.496614,1288668,399098.2072,890600412.464373,0
1618358400000,2299.19,2447.29,2281.33,2432.6,972931.60866,1618444799999,2294753430.627407,1554097,495400.5019,1168618278.836883,0
1618444800000,2432.59,2543.47,2400.0,2514.04,681950.96645,1618531199999,1680063463.6011207,1462768,355972.40197,877438758.0443232,0
1618531200000,2514.04,2548.29,2300.0,2422.67,999163.75205,1618617599999,2418566593.0473742,1679215,486268.80792,1177128974.4662452,0
1618617600000,2422.38,2495.0,2310.0,2317.6,624232.25568,1618703999999,1504895144.9122343,1242299,306700.14929,739461805.3209878,0
1618704000000,2317.65,2340.0,1946.8,2235.64,1475383.69204,1618790399999,3190809322.510461,2113566,722180.39492,1562761985.6647463,0
1618790400000,2235.65,2300.0,2080.0,2161.12,820592.26555,1618876799999,1800575928.1074944,1411498,405251.54082,889798938.6894947,0
1618876800000,2161.12,2346.62,2055.0,2330.03,992240.809,1618963199999,2181209665.225936,1478664,500443.49263,1100996922.791374,0
1618963200000,2330.26,2469.54,2235.16,2357.06,1177885.8617,1619049599999,2771995884.0361485,1905822,587138.28906,1381898508.9894187,0
1619049600000,2357.06,2644.47,2303.44,2397.94,2220753.09746,1619135999999,5508778905.781418,3110597,1124195.46709,2790172132.677034,0
1619136000000,2397.94,2442.89,2107.0,2367.39,2532242.44185,1619222399999,5719925451.745559,2790382,1244539.8952,2812376010.1441708,0
1619222400000,2367.39,2368.74,2154.8,2213.35,997688.94623,1619308799999,2246912953.271781,1275474,494456.79061,1113625193.1194513,0
1619308800000,2214.08,2356.64,2168.0,2320.49,857517.38218,1619395199999,1948978895.4651551,1307545,431554.84567,981153774.0355633,0
1619395200000,2320.44,2542.8,2303.64,2532.6,1076469.01367,1619481599999,2652330344.662024,1852607,547426.15132,1348633236.6804633,0
1619481600000,2532.06,2680.0,2480.29,2666.13,771728.46451,1619567999999,1995139023.6148367,1255607,404885.92295,1047010126.527801,0
1619568000000,2666.13,2760.0,2559.44,2748.24,999383.1852,1619654399999,2673547154.2008715,1587100,497704.7228,1332642242.7525673,0
1619654400000,2748.23,2798.0,2668.0,2757.04,863890.01069,1619740799999,2366133509.254801,1379738,428965.61199,1175245479.025322,0
1619740800000,2757.04,2798.3,2723.09,2772.42,695339.20482,1619827199999,1917297701.0995224,1382521,348038.76271,959914846.7376653,0
1619827200000,2772.42,2954.28,2743.41,2944.77,690260.07741,1619913599999,1979833188.0652049,1437394,363427.72753,1042474172.8140892,0
1619913600000,2944.83,2985.0,2852.26,2949.56,571982.5445,1619999999999,1672310882.244701,1132280,294479.86893,861215743.5882931,0
1620000000000,2949.33,3454.0,2949.32,3431.04,1329088.0628,1620086399999,4243786480.415151,2502746,689402.61551,2199717718.4532933,0
1620086400000,3431.04,3527.0,3160.0,3239.01,1826039.38558,1620172799999,6103102520.709461,3634236,913493.51765,3054026099.6513777,0
1620172800000,3239.01,3549.34,3200.23,3524.26,1174816.73588,1620259199999,3955994776.9011574,2224441,581159.24143,1957116423.5450509,0
1620259200000,3524.33,3605.4,3376.47,3489.73,920592.57706,1620345599999,3213427394.777265,1703109,457348.26339,1596792938.7543736,0
1620345600000,3489.74,3587.0,3353.23,3479.53,760544.64781,1620431999999,2641740668.4696465,1382532,373468.63998,1297499899.4079983,0
1620432000000,3479.79,3958.33,3449.27,3910.26,1130467.54852,1620518399999,4170897763.922394,2146967,576465.81586,2128434949.1036053,0
1620518400000,3910.26,3983.65,3726.08,3923.95,1000401.0082,1620604799999,3885039042.6637073,2289303,501191.98456,1946904544.358348,0
1620604800000,3923.95,4208.0,3650.0,3945.88,1505897.92612,1620691199999,6079977785.411387,3033133,745235.17136,3010349053.8575735,0
1620691200000,3946.63,4180.22,3771.64,4173.45,1095927.10403,1620777599999,4350260231.588787,2290977,546195.67057,2169036982.2185607,0
1620777600000,4173.46,4372.72,3701.58,3823.21,1601842.74017,1620863999999,6673102683.974241,3188941,781569.68782,3259590092.4730773,0
1620864000000,3810.15,4034.77,3500.0,3717.91,2068708.17427,1620950399999,7846531159.419686,3943562,1019129.41961,3869202428.614081,0
1620950400000,3717.92,4173.28,3691.35,4075.01,1153390.42631,1621036799999,4569415542.247888,2227244,589306.03131,2332631768.0700326,0
1621036800000,4075.02,4134.05,3632.0,3646.68,1039174.88082,1621123199999,4030586492.9649377,2055345,498020.66776,1932010797.3563285,0
1621123200000,3646.24,3879.0,3343.06,3582.1,1324065.65875,1621209599999,4788918304.497996,2532983,633005.25035,2292116232.8254237,0
1621209600000,3581.81,3587.06,3102.0,3282.51,1904012.43998,1621295999999,6401071580.734825,2885352,933732.36068,3143594982.023329,0
1621296000000,3282.25,3565.71,3240.0,3375.07,1287110.84143,1621382399999,4392873871.822427,2143887,648040.21083,2211619486.734546,0
1621382400000,3375.08,3441.73,1888.0,2438.92,4309836.31939,1621468799999,11641524166.98746,5548968,2090952.35775,5659752851.777948,0
1621468800000,2438.92,2990.05,2155.0,2768.62,2942777.9301,1621555199999,7750201898.667441,4243052,1465674.26337,3868330692.8013415,0
1621555200000,2767.87,2938.54,2101.0,2430.98,2727031.93514,1621641599999,6898701128.841128,3676164,1340165.22786,3393349822.1647105,0
1621641600000,2430.98,2485.0,2145.0,2294.87,1684318.01157,1621727999999,3934313840.470727,2484734,822180.46988,1920309768.1238775,0
1621728000000,2295.45,2381.57,1728.74,2096.39,2914548.73125,1621814399999,5907260139.54496,3761018,1410830.44221,2862585215.1775413,0
1621814400000,2096.63,2675.0,2079.94,2648.43,2186632.92245,1621900799999,5180244966.721231,3299296,1103328.42714,2619744995.6376796,0
1621900800000,2647.92,2750.0,2378.54,2705.11,2115349.50445,1621987199999,5442737549.40126,2976859,1050034.53412,2703460213.3438673,0
1621987200000,2705.1,2910.0,2643.0,2884.94,1583799.59251,1622073599999,4416389128.58148,2726537,786524.11588,2193352742.2343354,0
1622073600000,2884.82,2889.74,2633.68,2742.23,1099029.91206,1622159999999,3033719144.340213,1732113,540641.23243,1493018236.9716177,0
1622160000000,2742.23,2762.45,2327.38,2412.1,1554584.61362,1622246399999,3934662309.044423,2184249,763125.86389,1931909198.7690516,0
1622246400000,2412.34,2574.27,2204.1,2278.74,1379427.18851,1622332799999,3288804154.831871,1887733,681047.48538,1625990815.6297283,0
1622332800000,2278.74,2476.42,2180.53,2385.98,1151113.19883,1622419199999,2726606138.6317167,1519005,577190.77662,1368058965.0840323,0
1622419200000,2385.82,2720.0,2271.44,2706.15,1307958.04068,1622505599999,3277131772.1340704,1849177,661801.72603,1660383324.5955362,0
1622505600000,2706.15,2740.0,2523.74,2634.57,1179577.10806,1622591999999,3081355010.953452,1790186,575201.66943,1503196035.623285,0
1622592000000,2634.31,2802.99,2550.0,2706.22,970070.53563,1622678399999,2616566301.6287875,1349232,481481.7217,1299176997.0039196,0
1622678400000,2706.21,2891.95,2662.4,2857.25,1024290.89423,1622764799999,2874856613.490244,1620340,500895.12021,1405843557.4623542,0
1622764800000,2857.25,2860.0,2552.0,2689.51,1188314.11191,1622851199999,3175186750.490876,1775946,580744.67311,1551953930.2872362,0
1622851200000,2689.54,2816.87,2552.23,2627.73,961824.12413,1622937599999,2575726370.4308586,1670498,485392.70366,1300138730.369177,0
1622937600000,2627.63,2745.0,2614.0,2711.92,673792.69369,1623023999999,1814112037.5335104,1336460,330313.64976,889529103.1930318,0
1623024000000,2711.92,2847.55,2570.0,2592.05,1152128.07856,1623110399999,3149245176.9112635,1926275,577620.94623,1579210256.0021944,0
1623110400000,2592.05,2620.99,2304.91,2507.23,1693747.42759,1623196799999,4201646662.8817344,2128256,825822.24736,2049450576.8071203,0
1623196800000,2507.43,2626.63,2405.28,2610.18,1276718.24011,1623283199999,3223323188.070379,1763686,628336.14933,1586470728.7592204,0
1623283200000,2610.2,2624.46,2425.11,2471.09,741237.49926,1623369599999,1874571746.4354444,978237,363431.81896,918906133.8856995,0
1623369600000,2471.01,2497.99,2321.37,2354.01,587364.27358,1623455999999,1424975261.8077207,885172,283123.21039,687294443.9824528,0
1623456000000,2354.09,2454.53,2256.22,2370.74,767439.4984,1623542399999,1807036943.9986243,1127302,387478.69595,912817435.7895497,0
1623542400000,2370.64,2548.41,2308.41,2509.33,715948.75986,1623628799999,1724097564.3343067,1217504,362663.11262,873887342.4001299,0
1623628800000,2509.33,2609.17,2461.0,2580.77,684183.55622,1623715199999,1730260219.1338103,1118498,344642.00777,871859785.3777082,0
1623715200000,2580.58,2640.0,2507.7,2543.54,599826.64933,1623801599999,1548303436.0627651,1044834,296745.7672,766423377.3833216,0
1623801600000,2543.55,2556.19,2351.18,2367.89,624741.78358,1623887999999,1533734359.4130068,896073,284039.92262,698017754.3540518,0
1623888000000,2368.02,2460.5,2306.0,2373.28,560667.58566,1623974399999,1338389545.0014825,961448,270180.83506,645226707.8364276,0
1623974400000,2373.28,2378.0,2139.0,2234.09,778905.20197,1624060799999,1758827532.8833416,1067542,371196.26583,838571112.1778259,0
1624060800000,2234.09,2278.82,2161.67,2164.67,496872.24997,1624147199999,1104923869.4185991,763820,247263.46485,550102564.5556563,0
1624147200000,2165.34,2280.01,2040.68,2243.47,743883.64741,1624233599999,1599009750.5269032,1035537,372014.61158,800346451.8622458,0
1624233600000,2243.49,2260.16,1865.54,1885.49,1629819.66576,1624319999999,3252129521.677504,2014010,790387.70091,1576559907.5741656,0
1624320000000,1885.27,1998.0,1700.48,1879.28,1695338.08052,1624406399999,3158928001.131145,1856357,836934.44825,1561415491.3361256,0
1624406400000,1879.29,2045.0,1821.95,1968.14,918612.30494,1624492799999,1817518228.910071,1141790,462271.19818,914984412.7312152,0
1624492800000,1967.95,2036.61,1884.79,1989.52,701231.67478,1624579199999,1377799766.499455,833337,344155.41659,676304789.1846559,0
1624579200000,1989.53,2019.99,1791.22,1808.82,858808.54767,1624665599999,1612556879.1072812,1041338,408120.68053,766594867.4201661,0
1624665600000,1808.97,1852.8,1717.32,1829.64,832315.14904,1624751999999,1478550576.564645,923226,407180.66965,723391264.7348672,0
1624752000000,1829.84,1984.5,1804.26,1982.28,696055.79307,1624838399999,1299521992.0717993,1091206,354611.53419,662881681.770634,0
1624838400000,1982.27,2145.0,1960.52,2084.41,1044244.68308,1624924799999,2138998047.877628,1657087,541464.02542,1109375130.9563096,0
1624924800000,2084.42,2245.0,2073.57,2165.33,831257.23277,1625011199999,1804733069.9829893,1536044,421410.27571,915112793.5954355,0
1625011200000,2165.46,2287.78,2087.99,2275.68,910583.6032,1625097599999,1973676680.8731267,1464112,455834.94051,988252389.8537891,0
1625097600000,2275.68,2275.93,2073.12,2106.41,787865.25137,1625183999999,1688043308.127257,1414518,384175.37542,822709363.8629833,0
1625184000000,2106.41,2160.0,2018.5,2154.13,672282.37476,1625270399999,1397269246.2664564,862561,337006.28168,700715966.082419,0
1625270400000,2153.95,2240.0,2112.01,2226.99,569264.801,1625356799999,1248888441.2531536,922576,295114.62138,647377288.8497531,0
1625356800000,2226.99,2389.93,2189.58,2322.69,590656.25069,1625443199999,1365904900.3499067,1204553,301461.36172,697045137.9373571,0
1625443200000,2322.69,2324.64,2157.32,2196.53,781806.31605,1625529599999,1753862827.3791049,1264204,376068.64852,843863080.0280032,0
1625529600000,2196.85,2350.0,2193.0,2322.5,785330.17152,1625615999999,1803108194.4684093,1326163,394638.45053,905951763.471528,0
1625616000000,2322.51,2409.0,2291.9,2316.57,666501.35572,1625702399999,1570553094.637571,1113578,341514.34243,804702677.2747095,0
1625702400000,2316.25,2325.6,2084.79,2116.33,880265.04124,1625788799999,1926184139.309848,1234614,430334.02257,941278322.1307552,0
1625788800000,2116.32,2189.4,2046.51,2146.99,738611.36304,1625875199999,1568646237.310995,867603,376374.9264,799855032.1068395,0
1625875200000,2146.99,2194.82,2074.16,2110.69,499071.85904,1625961599999,1058023794.511424,646476,244207.37542,517802339.24897593,0
1625961600000,2110.68,2174.0,2081.02,2140.45,342294.40302,1626047999999,727911535.268998,479138,175830.75143,374053441.9544357,0
1626048000000,2140.54,2167.83,2006.68,2031.58,540630.10742,1626134399999,1126108847.3713691,725803,259649.61299,541195461.2027713,0
1626134400000,2031.57,2047.35,1918.0,1940.15,647388.24969,1626220799999,1287490852.461495,902810,316356.56219,629467223.5950301,0
1626220800000,1940.44,2019.18,1865.0,1994.58,690505.60937,1626307199999,1342931974.3496463,936438,340257.8567,661765917.4307932,0
1626307200000,1994.41,2042.88,1881.0,1919.51,645271.32563,1626393599999,1251834409.941772,865033,327273.48478,635240853.6881751,0
1626393600000,1919.54,1965.0,1850.0,1876.26,577068.89724,1626479999999,1097832472.3221335,721120,281955.46534,536656638.66655445,0
1626480000000,1876.47,1919.19,1844.45,1899.59,430300.51578,1626566399999,810628641.2579023,576008,216291.07537,407705129.4338168,0
1626566400000,1899.5,1993.79,1877.1,1891.64,534837.63654,1626652799999,1038104997.5220178,768528,265665.55659,515762272.12334466,0
1626652800000,1891.65,1919.0,1805.0,1818.73,547419.93771,1626739199999,1011627398.9238826,641063,251885.98865,465870373.918487,0
1626739200000,1818.73,1841.34,1706.0,1786.03,786257.272,1626825599999,1386498470.3401668,943640,361612.01276,638066651.1050907,0
1626825600000,1786.03,2035.23,1747.55,1995.5,1115949.82033,1626911999999,2138345813.7854447,1304423,572242.67732,1096535844.2912283,0
1626912000000,1995.5,2046.0,1947.62,2024.56,768854.3659,1626998399999,1536669128.520452,1074800,380631.63083,760682754.9789101,0
1626998400000,2024.27,2130.9,1993.22,2124.25,708160.91322,1627084799999,1455496732.0516536,1035643,369453.14045,759725736.552947,0
1627084800000,2124.26,2199.5,2105.58,2184.75,633075.18592,1627171199999,1360667031.9830072,1056670,325598.83875,699891567.7571777,0
1627171200000,2184.9,2197.41,2105.93,2189.79,535630.27,1627257599999,1154562327.6539447,941623,264032.01071,569308146.3799201,0
1627257600000,2189.82,2433.65,2171.57,2228.08,1393738.163,1627343999999,3222622416.2567244,2252910,700749.72547,1620304810.082424,0
1627344000000,2227.81,2319.26,2150.5,2299.49,906359.23478,1627430399999,2025582065.4137945,1502763,453060.9884,1012813193.018728,0
1627430400000,2299.47,2345.0,2243.15,2300.9,718202.57727,1627516799999,1649860557.2934496,1287050,354056.40824,813646516.7585101,0
1627516800000,2300.9,2400.0,2266.12,2382.92,499364.83496,1627603199999,1157988358.946293,1036449,256551.90722,595101393.8037223,0
1627603200000,2382.93,2471.7,2315.92,2461.81,762577.28797,1627689599999,1824191451.5586312,1428312,392130.06114,938693364.8598524,0
1627689600000,2461.77,2553.86,2420.68,2531.05,507601.05026,1627775999999,1253810139.1383708,1007386,260698.67822,644275659.9179009,0
1627776000000,2531.1,2697.61,2511.24,2555.69,853495.94078,1627862399999,2217485596.778454,1810440,424598.26467,1103204692.3483703,0
1627862400000,2555.5,2666.0,2507.0,2606.93,726701.84952,1627948799999,1887684672.4710493,1596914,349146.53842,907116380.7113304,0
1627948800000,2606.92,2632.44,2442.32,2509.04,792960.84375,1628035199999,1986976146.0041504,1701919,379722.87711,951417932.12994,0
1628035200000,2508.51,2772.71,2457.68,2724.78,954590.7536,1628121599999,2498364633.894655,1839302,487804.51345,1277999531.487594,0
1628121600000,2724.55,2843.98,2529.91,2826.99,1307720.20654,1628207999999,3553456266.77197,2690052,667954.4434,1816958298.9456923,0
1628208000000,2827.01,2946.75,2720.06,2891.58,825399.48637,1628294399999,2334160884.125929,1873337,414224.32756,1171841746.7253797,0
1628294400000,2891.54,3171.0,2865.5,3160.31,1205277.10095,1628380799999,3673732670.3173537,2318608,626027.34275,1908033758.046348,0
1628380800000,3160.48,3189.99,2949.03,3011.85,966349.70579,1628467199999,2979960615.1300263,1771162,483981.14361,1494356685.81815,0
1628467200000,3011.84,3186.0,2893.23,3160.52,1129584.61614,1628553599999,3453771928.060336,2114151,561464.36607,1719164995.6906047,0
1628553600000,3160.51,3233.0,3051.22,3141.66,880675.74443,1628639999999,2763516346.6677885,1824522,446954.52251,1403643255.700469,0
1628640000000,3141.14,3274.0,3120.27,3160.5,732546.60433,1628726399999,2351996141.79722,1786853,363763.55938,1168247882.8953278,0
1628726400000,3160.4,3239.0,2979.29,3045.96,737628.45808,1628812799999,2283938414.771762,1587719,349848.69183,1083322209.190179,0
1628812800000,3046.11,3327.83,3033.8,3322.32,579333.40323,1628899199999,1867199038.7077763,1311322,302432.48843,975151109.1948576,0
1628899200000,3322.33,3330.98,3200.0,3263.16,486102.53787,1628985599999,1587713825.6861787,1014420,237085.55544,774933248.7153627,0
1628985600000,3263.16,3320.0,3111.13,3307.09,565579.67765,1629071999999,1813755247.625386,1224556,278202.49839,892667696.2892821,0
1629072000000,3307.35,3335.0,3135.22,3146.53,635667.05422,1629158399999,2062860388.3954492,1940766,299737.20397,973748229.973464,0
1629158400000,3147.18,3290.0,2991.89,3011.72,804996.06971,1629244799999,2535149204.5375986,1644472,374586.04818,1180969163.5711126,0
1629244800000,3011.73,3125.81,2950.0,3014.55,625103.25568,1629331199999,1902429362.9636245,1093813,312124.66699,950560051.1196573,0
1629331200000,3014.18,3188.0,2958.33,3184.12,634769.92174,1629417599999,1931520693.610396,1297759,323213.07804,984487319.539263,0
1629417600000,3184.11,3300.0,3177.16,3284.82,558127.4554,1629503999999,1809283029.2179065,1137843,279786.28754,907257350.5530814,0
1629504000000,3284.81,3309.16,3207.0,3223.43,421156.09084,1629590399999,1375973641.1631632,777622,211442.3087,691281509.7907203,0
1629590400000,3223.36,3272.0,3126.42,3238.0,406479.07654,1629676799999,1304347038.5713573,803263,200170.96021,642534234.4598523,0
1629676800000,3238.0,3377.89,3230.02,3321.28,602103.44614,1629763199999,2000534992.1483488,1520784,307844.29088,1023003561.2471209,0
1629763200000,3321.28,3357.85,3147.31,3170.62,540480.07853,1629849599999,1758604481.5998473,984324,255974.71494,833541906.1232423,0
1629849600000,3170.63,3248.0,3080.0,3226.87,483697.69444,1629935999999,1534476278.2531996,1031704,237587.76403,754272690.4561902,0
1629936000000,3226.88,3250.0,3053.3,3093.2,442298.47372,1630022399999,1382397989.4504704,959232,210645.9104,658517127.7445049,0
1630022400000,3093.06,3280.0,3060.18,3273.45,451027.80711,1630108799999,1434311977.245256,802187,231317.4704,735958225.3697007,0
1630108800000,3273.89,3287.0,3210.31,3244.48,262360.34921,1630195199999,850631439.0532795,539377,128912.53425,418041843.9212773,0
1630195200000,3244.75,3285.0,3152.34,3223.47,335806.7827,1630281599999,1078681950.902087,661232,168361.7531,541070972.50378,0
1630281600000,3223.47,3347.95,3143.0,3229.64,625347.27541,1630367999999,2027490192.4973872,1228525,317195.90286,1029315993.394146,0
1630368000000,3229.14,3476.0,3188.77,3429.2,863071.13092,1630454399999,2895209449.7077646,1772849,431197.75023,1446458670.5660667,0
1630454400000,3429.19,3842.0,3382.22,3826.82,845759.95868,1630540799999,3038498667.85424,2022132,445083.48573,1600713524.7388706,0
1630540800000,3826.82,3836.8,3717.04,3785.82,525165.7996,1630627199999,1981758437.085756,1402190,255406.3611,963939552.296903,0
1630627200000,3785.82,4027.88,3705.05,3938.11,655903.75739,1630713599999,2557662974.330016,1678132,334965.95109,1306320160.6493835,0
1630713600000,3938.11,3970.0,3832.5,3885.52,364478.1193,1630799999999,1422981232.233712,996623,176186.7034,688072330.17936,0
1630800000000,3885.61,3980.0,3830.0,3950.29,365759.8597,1630886399999,1432553302.476841,1083584,187163.4226,733284736.185792,0
1630886400000,3950.28,3970.0,3864.3,3926.77,397768.5783,1630972799999,1562560096.37577,865160,199177.0547,782756030.92282,0
1630972800000,3926.67,3947.15,3005.0,3434.57,1203536.00209,1631059199999,4298119218.282754,2359100,567117.08258,2025608219.4950175,0
1631059200000,3434.84,3560.0,3215.16,3499.0,780611.7657,1631145599999,2665272033.980108,1783652,385803.0214,1318127754.089355,0
1631145600000,3499.01,3567.06,3390.4,3424.93,628553.8831,1631231999999,2194182935.338638,1147283,313804.0919,1095691059.372896,0
1631232000000,3424.94,3514.11,3150.0,3208.86,633026.2659,1631318399999,2107283581.30531,1128069,312620.0773,1041506592.916316,0
1631318400000,3208.85,3348.37,3200.0,3267.21,413524.1761,1631404799999,1355587141.453793,833958,207506.7378,680210107.377414,0
1631404800000,3267.1,3474.16,3231.1,3404.21,408858.9595,1631491199999,1379322044.697631,1089138,203397.6282,686413591.484902,0
1631491200000,3404.3,3430.3,3108.49,3285.35,647855.7199,1631577599999,2103663103.067748,1363198,311994.072,1013528553.212599,0
1631577600000,3285.09,3437.05,3269.95,3434.37,373634.9026,1631663999999,1249733657.132103,894664,187175.3987,626226181.393532,0
1631664000000,3434.37,3616.16,3357.78,3613.55,428507.5278,1631750399999,1486156273.791875,977023,216020.2616,749354190.4142289,0
1631750400000,3613.55,3676.28,3481.14,3567.98,467985.4919,1631836799999,1680487713.224465,1081868,231345.773,831073629.504893,0
1631836800000,3567.97,3594.17,3350.07,3399.81,398888.3705,1631923199999,1383268101.517886,867583,195646.9993,678415330.9529511,0
1631923200000,3399.89,3541.96,3368.88,3435.64,315162.7627,1632009599999,1090387917.429689,692204,154824.5614,535810347.47977906,0
1632009600000,3435.64,3456.53,3277.74,3328.62,312948.0013,1632095999999,1052980779.84908,687285,151230.7096,509076793.30780894,0
1632096000000,3328.57,3347.82,2913.39,2977.28,917939.57849,1632182399999,2834781758.8926153,1708278,438137.50219,1353089301.934755,0
1632182400000,2977.32,3105.83,2652.0,2765.9,971519.88941,1632268799999,2827179157.4349656,1754962,468088.16275,1365275107.8553398,0
1632268800000,2766.72,3088.88,2737.54,3076.92,677457.64825,1632355199999,1993084668.614384,1200519,356419.52515,1049114512.68168,0
1632355200000,3076.92,3174.5,3033.85,3152.5,459293.8858,1632441599999,1428616217.718121,885568,230448.3995,716904113.011812,0
1632441600000,3152.41,3158.52,2733.0,2928.53,932090.8856,1632527999999,2715718192.370976,1607374,447178.1607,1302897206.37027,0
1632528000000,2928.22,2967.52,2801.57,2921.73,491974.0226,1632614399999,1428143403.478111,934301,245314.6092,712408056.645926,0
1632614400000,2921.84,3115.51,2738.17,3059.37,703594.478,1632700799999,2062409598.894876,1347301,346152.9053,1015957876.595305,0
1632700800000,3059.36,3164.94,2922.71,2925.59,510130.7319,1632787199999,1564096695.372967,1043885,249913.2903,766484764.1360419,0
1632787200000,2924.76,2970.82,2789.0,2804.91,511325.4643,1632873599999,1477983245.669702,928494,250476.1527,724263328.0029689,0
1632873600000,2805.15,2950.0,2782.0,2850.45,411305.0893,1632959999999,1180681056.162314,748804,207837.6036,596539497.02346,0
1632960000000,2850.45,3048.42,2837.19,3000.61,506896.7612,1633046399999,1514341937.307116,992243,255146.8926,762091704.426968,0
1633046400000,3000.62,3330.0,2969.07,3309.91,648714.6151,1633132799999,2063112280.6677911,1446386,336578.1769,1070284895.056629,0
1633132800000,3309.91,3469.0,3257.0,3387.76,422551.1811,1633219199999,1417055615.816637,1046194,215469.0975,722876150.3671501,0
1633219200000,3387.77,3488.0,3342.51,3417.73,360586.8905,1633305599999,1231536168.315363,816339,183173.9282,625701691.951877,0
1633305600000,3417.73,3437.19,3270.0,3386.31,485204.642,1633391999999,1631562261.554976,1090407,234726.4574,789540744.9034591,0
1633392000000,3386.31,3545.0,3363.78,3515.27,393900.8818,1633478399999,1355905889.610947,1025512,198949.7787,684720843.632569,0
1633478400000,3515.48,3632.11,3342.0,3574.89,618265.5402,1633564799999,2172519696.562985,1444856,309931.1456,1089939304.811416,0
1633564800000,3574.88,3653.98,3470.8,3587.47,486102.3591,1633651199999,1736906584.27609,1252503,243095.0309,868883834.3019049,0
1633651200000,3587.47,3695.0,3532.0,3563.13,403597.1437,1633737599999,1455713871.288283,1084792,199496.5173,719958341.956916,0
1633737600000,3563.13,3635.0,3538.07,3574.82,361906.7514,1633823999999,1299757023.499163,1175683,181998.6895,653707840.812712,0
1633824000000,3574.83,3604.0,3405.0,3414.22,580223.6302,1633910399999,2049128230.3442593,1765439,283364.0936,1001342447.915331,0
1633910400000,3414.22,3623.8,3371.0,3542.12,493521.882,1633996799999,1743391083.658808,1110340,241854.8172,853789828.787545,0
1633996800000,3542.12,3547.11,3403.21,3491.46,409377.1918,1634083199999,1425455761.406618,925699,201641.4148,702321739.2320609,0
1634083200000,3491.43,3613.0,3412.7,3607.42,393463.1222,1634169599999,1376610269.516408,902525,201681.7182,706082588.659431,0
1634169600000,3607.41,3824.0,3586.04,3790.82,481894.1473,1634255999999,1792792932.944189,1430307,251733.9105,936783652.8873379,0
1634256000000,3790.82,3907.77,3734.1,3868.99,504321.732,1634342399999,1924965953.8584993,1399937,254168.4935,970514136.648077,0
1634342400000,3868.38,3971.0,3803.56,3829.96,373727.8549,1634428799999,1452752901.397648,1037769,187096.1122,727596178.479473,0
1634428800000,3829.96,3919.19,3640.0,3846.85,368898.9831,1634515199999,1406207658.840768,1025324,178427.9421,680830276.477113,0
1634515200000,3847.0,3893.14,3676.0,3744.96,401819.9734,1634601599999,1520728621.310328,994548,195898.4727,741595496.941215,0
1634601600000,3744.96,3886.89,3732.0,3877.03,341268.3723,1634687999999,1300066269.933142,925015,174324.5608,664357630.0123689,0
1634688000000,3876.98,4169.0,3828.05,4161.15,537383.09732,1634774399999,2149449047.3673105,1766454,279381.99444,1118325109.6206875,0
1634774400000,4161.37,4375.0,4013.13,4052.99,798566.55805,1634860799999,3335123440.998212,2380751,404846.9768,1692164862.5576444,0
1634860800000,4053.0,4167.41,3888.0,3972.2,463222.5428,1634947199999,1872218697.8510969,1133846,222124.1917,898314133.554093,0
1634947200000,3972.19,4172.0,3937.51,4167.12,326576.9601,1635033599999,1323345505.757517,940891,168280.0749,682461302.9820809,0
1635033600000,4167.13,4186.57,3961.5,4082.33,350115.8386,1635119999999,1421627004.334803,917969,173779.212,705808722.830333,0
1635120000000,4082.33,4236.0,4067.71,4220.37,347438.6534,1635206399999,1445430078.54488,939963,173328.5306,721155504.7567849,0
1635206400000,4220.36,4297.0,4090.21,4131.52,414498.1599,1635292799999,1739912498.469915,1285913,205853.0689,864564656.686144,0
1635292800000,4131.52,4307.0,3909.0,3922.0,704604.25,1635379199999,2874313313.398058,1872190,342946.2522,1399582259.368619,0
1635379200000,3921.99,4295.0,3890.17,4286.02,626378.5055,1635465599999,2587268364.2614393,1711575,331721.6797,1370287598.125038,0
1635465600000,4286.01,4460.47,4265.97,4418.89,559231.07691,1635551999999,2440933126.0486555,1799386,299827.57771,1309028738.7546902,0
1635552000000,4418.89,4434.06,4232.2,4322.68,340223.069,1635638399999,1469664811.936835,1035476,164985.5425,712725589.416983,0
1635638400000,4322.68,4399.14,4164.35,4287.21,412856.2893,1635724799999,1764886607.687624,1303438,207029.193,885572414.3197529,0
1635724800000,4287.48,4386.58,4146.3,4319.43,417620.7073,1635811199999,1794319887.30236,1134036,208433.9365,895858147.040655,0
1635811200000,4319.43,4599.6,4284.43,4589.89,468184.79301,1635897599999,2083371519.8068273,1657233,245450.7112,1092310373.4304738,0
1635897600000,4589.68,4665.87,4455.0,4603.35,448658.35125,1635983999999,2051737308.0126247,1580640,221693.79026,1014198753.1220545,0
1635984000000,4603.35,4606.65,4420.08,4532.32,368218.25695,1636070399999,1663942873.793036,1019675,180789.4819,817221755.717328,0
1636070400000,4532.31,4570.05,4438.8,4474.24,305651.7244,1636156799999,1375503505.227947,893068,152155.8565,684734029.750039,0
1636156800000,4474.24,4530.0,4326.17,4518.0,322154.0973,1636243199999,1429791261.319524,868676,162175.6278,720042764.54545,0
1636243200000,4518.0,4637.98,4502.37,4612.59,243596.5952,1636329599999,1115635571.36518,834745,124167.1925,568809173.880069,0
1636329600000,4612.59,4822.97,4612.0,4807.98,391102.31806,1636415999999,1850800839.6928573,1344244,202324.49531,957541306.1850829,0
1636416000000,4807.98,4838.28,4713.89,4732.33,311267.57998,1636502399999,1489567265.669691,995668,147968.47588,708147066.5785884,0
1636502400000,4732.33,4868.0,4461.93,4628.78,553596.99163,1636588799999,2600175501.1604886,1492374,270065.18221,1268630239.571584,0
1636588800000,4628.68,4779.0,4576.47,4719.0,303688.9765,1636675199999,1425610198.742417,909164,157894.3577,741000169.5926889,0
1636675200000,4719.0,4809.71,4507.85,4665.46,461580.0415,1636761599999,2146130116.8717673,1206412,233963.1159,1088185088.951037,0
1636761600000,4665.47,4707.6,4584.08,4644.28,220720.6611,1636847999999,1026142451.546252,731125,118424.284,550635027.19302,0
1636848000000,4644.27,4696.05,4514.12,4626.5,245309.0674,1636934399999,1126786539.405778,623491,122672.4061,563409641.23753,0
1636934400000,4626.5,4772.01,4540.0,4563.78,375421.6601,1637020799999,1752738875.791921,1061676,193844.8631,905084671.525607,0
1637020800000,4563.77,4563.77,4103.0,4209.76,735857.063,1637107199999,3163788841.066021,1741259,354749.4963,1525045237.187241,0
1637107200000,4209.59,4299.91,4063.48,4287.8,472852.1842,1637193599999,1980248927.7112312,1146593,230168.3863,964335338.1946579,0
1637193600000,4288.07,4344.81,3956.44,3996.9,576945.1837,1637279999999,2387588164.850108,1319866,271503.5573,1123646212.609458,0
1637280000000,3996.9,4308.97,3973.01,4294.76,420045.0897,1637366399999,1740904041.283998,984517,220791.4006,915311333.172286,0
1637366400000,4294.75,4435.88,4199.86,4412.17,365584.578,1637452799999,1577172914.216076,888090,184875.7626,797947406.834007,0
1637452800000,4412.17,4451.0,4242.41,4258.31,340206.3203,1637539199999,1479842945.950397,836925,163875.6246,712849742.985788,0
1637539200000,4259.7,4320.0,4022.74,4085.97,518501.3338,1637625599999,2167112891.8657327,1162581,252693.2206,1055865143.426048,0
1637625600000,4086.28,4385.59,4059.62,4339.44,502811.7902,1637711999999,2125825553.2223232,1098270,257182.2577,1087600936.697824,0
1637712000000,4339.45,4373.94,4167.65,4269.36,448727.0306,1637798399999,1913428104.737214,990018,224088.2362,955466127.579108,0
1637798400000,4270.1,4550.0,4248.27,4524.85,445868.2434,1637884799999,1962939107.4477448,1123629,231824.3193,1020486293.959096,0
1637884800000,4524.48,4551.0,3913.0,4041.2,720245.1612,1637971199999,2994490664.021844,1654553,348872.8661,1449711434.447617,0
1637971200000,4041.2,4183.66,4028.34,4095.29,275326.5202,1638057599999,1133169071.35039,723831,136157.3482,560538419.133488,0
1638057600000,4095.29,4298.51,3964.0,4294.78,346471.3551,1638143999999,1421535999.752079,842343,174386.8187,716242629.1809369,0
1638144000000,4294.77,4458.92,4276.89,4444.53,406881.2284,1638230399999,1772611136.392454,947503,197615.3669,861297710.0512381,0
1638230400000,4444.54,4753.0,4346.36,4630.26,743024.4662,1638316799999,3391424543.472383,1808789,382798.4648,1747000994.593408,0
1638316800000,4630.25,4778.75,4523.99,4582.95,508198.3105,1638403199999,2382156066.737272,1367302,246310.7878,1154670707.221559,0
1638403200000,4582.95,4634.83,4433.0,4511.21,451861.9545,1638489599999,2047468326.802657,1062149,226209.1863,1025021244.456828,0
1638489600000,4511.35,4654.88,4032.5,4215.73,677974.8659,1638575999999,2972156867.637412,1516700,333149.3796,1461878585.380166,0
1638576000000,4215.01,4238.59,3503.68,4117.25,1111773.1451,1638662399999,4370074804.513231,2264288,530635.0464,2087295412.4309409,0
1638662400000,4117.25,4248.19,4031.39,4196.44,536325.4413,1638748799999,2224220852.2791967,1088546,267574.1867,1110245049.715657,0
1638748800000,4196.44,4376.15,3921.0,4347.59,726742.9638,1638835199999,2991267298.82173,1447061,359456.3673,1481368763.448508,0
1638835200000,4347.57,4425.0,4255.92,4306.4,420749.751,1638921599999,1830621575.426944,986492,209138.1349,910268147.820948,0
1638921600000,4306.4,4450.49,4222.95,4436.91,429403.9351,1639007999999,1868281437.565388,991178,218029.7487,949111222.931751,0
1639008000000,4436.91,4488.0,4076.16,4105.64,462173.711,1639094399999,1970732612.694487,1038790,220095.1564,939705730.525763,0
1639094400000,4105.64,4231.08,3887.37,3897.94,563236.5671,1639180799999,2287155262.156313,1098758,275875.2948,1121490841.658745,0
1639180800000,3898.31,4097.08,3828.22,4089.37,427853.4343,1639267199999,1711893271.974861,831899,219400.0965,877920201.044637,0
1639267200000,4089.68,4173.63,3986.25,4130.0,260535.5157,1639353599999,1061361793.041272,591319,132750.983,540996287.574902,0
1639353600000,4130.0,4142.75,3671.45,3781.93,533467.2307,1639439999999,2068534029.5511048,1144882,254674.9584,987547550.4039581,0
1639440000000,3781.92,3882.74,3685.0,3858.99,395145.7462,1639526399999,1499985094.813692,915721,201941.9271,767055531.293764,0
1639526400000,3858.99,4092.22,3643.73,4019.08,542068.0573,1639612799999,2102151850.1145847,1238234,279106.549,1083422761.69731,0
1639612800000,4019.54,4113.43,3942.11,3958.11,368780.031,1639699199999,1489983161.888796,848885,183514.6827,741663724.8964751,0
1639699200000,3959.11,3994.1,3700.0,3875.42,463370.9225,1639785599999,1789265513.242975,1052871,229084.7318,885680674.009295,0
1639785600000,3875.43,3996.93,3767.01,3959.93,339593.2543,1639871999999,1326617546.276588,740899,169241.7877,661219380.083755,0
1639872000000,3959.93,4032.43,3884.0,3924.14,306006.323,1639958399999,1208752533.595065,688078,155815.0605,615474823.433924,0
1639958400000,3924.14,3983.37,3753.0,3944.73,366916.4771,1640044799999,1416566980.691001,844070,174604.9108,674073059.621831,0
1640044800000,3944.72,4063.0,3913.21,4014.15,340826.3553,1640131199999,1364232642.488108,799127,166855.9599,668028914.5581369,0
1640131200000,4014.41,4074.87,3933.4,3979.51,303191.8076,1640217599999,1215914916.525937,675826,145269.3136,582537202.2889271,0
1640217600000,3979.51,4150.0,3893.23,4111.41,380207.8166,1640303999999,1525274496.506047,911905,194409.2359,780346994.886132,0
1640304000000,4111.41,4134.84,4017.17,4046.36,230741.8072,1640390399999,943327277.447182,593257,108747.5645,444728065.119323,0
1640390400000,4046.35,4137.91,4018.62,4094.83,208126.8805,1640476799999,846912042.129082,515115,100652.6926,409702072.869234,0
1640476800000,4094.36,4105.0,4000.0,4063.56,189309.255,1640563199999,767315615.268866,496076,88120.2395,357288552.818294,0
1640563200000,4063.57,4127.46,4031.0,4037.23,222202.1383,1640649599999,905588409.897739,557284,105486.8778,430055120.395024,0
1640649600000,4037.22,4037.23,3759.36,3792.75,358064.7163,1640735999999,1393962041.501678,846780,163464.6181,636073474.3419831,0
1640736000000,3792.75,3827.78,3604.2,3630.19,302753.6375,1640822399999,1136202240.431213,719559,138893.5886,521509292.190415,0
1640822400000,3630.18,3769.1,3585.0,3709.27,249263.7305,1640908799999,921537785.386881,583361,125440.9911,463883545.33237296,0
1640908800000,3709.27,3815.0,3622.29,3676.23,268014.2942,1640995199999,1001765030.138141,617370,131438.1771,491454123.810568,0
1640995200000,3676.22,3776.45,3673.46,3765.54,154143.8968,1641081599999,574718328.452744,408666,76937.9798,286855413.588924,0
1641081600000,3765.54,3857.44,3717.3,3828.27,154791.4263,1641167999999,585374957.73046,450610,81170.5053,307056603.74279,0
1641168000000,3828.11,3853.09,3680.0,3765.89,236245.8586,1641254399999,892944105.5529939,594541,114525.6299,433084435.776656,0
1641254400000,3765.89,3900.73,3713.11,3785.11,288258.5549,1641340799999,1098182607.925726,676651,147451.4285,561958201.762099,0
1641340800000,3785.1,3848.0,3415.0,3540.63,397942.0363,1641427199999,1464819255.093511,962670,183641.1134,676663293.71856,0
1641427200000,3539.82,3550.43,3300.0,3406.81,496745.7413,1641513599999,1698727637.365026,1006279,250536.4828,856938730.300548,0
1641513600000,3406.81,3416.76,3064.42,3199.24,669631.7262,1641599999999,2149562773.329257,1307591,329420.1321,1057683053.114078,0
1641600000000,3198.68,3250.0,3000.0,3080.95,400692.1061,1641686399999,1252795163.486269,814600,192818.0544,602863815.601238,0
1641686400000,3080.98,3211.72,3057.35,3151.97,275874.1643,1641772799999,864505480.881738,591523,140931.0384,441833198.219928,0
1641772800000,3151.97,3185.0,2928.83,3082.68,529818.3866,1641859199999,1616550523.097201,935157,259668.2416,792807641.846424,0
1641859200000,3082.87,3263.54,3051.8,3239.72,362446.7087,1641945599999,1145852583.62298,668961,184190.5779,582792200.298909,0
1641945600000,3239.73,3411.43,3206.2,3371.26,370465.8015,1642031999999,1226038697.472902,737196,193929.257,641836657.478435,0
1642032000000,3371.6,3410.0,3233.43,3240.61,336234.8799,1642118399999,1116293607.687924,666486,160295.7388,532448245.94264895,0
1642118400000,3240.61,3342.79,3188.0,3307.42,285326.3505,1642204799999,931347172.7628809,572125,138986.6442,453872875.29387695,0
1642204800000,3307.42,3371.64,3261.0,3326.04,203100.3778,1642291199999,675484534.6569489,444485,97533.1176,324387118.029709,0
1642291200000,3326.51,3393.6,3269.62,3346.88,210782.2277,1642377599999,701885138.83374,495317,105304.5398,350817972.668298,0
1642377600000,3346.89,3357.57,3141.1,3209.67,284063.6548,1642463999999,922568646.923763,646419,138706.976,450497992.462888,0
1642464000000,3209.68,3243.87,3082.0,3159.85,299134.2728,1642550399999,943140782.389924,579484,147919.8085,466359496.762586,0
1642550400000,3159.85,3174.87,3000.0,3084.02,332996.5703,1642636799999,1035249881.473593,647383,166361.989,517513738.78952897,0
1642636800000,3084.02,3273.37,2987.15,3001.48,357596.7062,1642723199999,1124982397.810134,718946,178166.9919,561491222.6649431,0
1642723200000,3001.48,3034.12,2403.0,2568.15,1022021.70024,1642809599999,2828122722.883165,1723216,492708.32186,1364832200.329052,0
1642809600000,2567.47,2626.0,2300.0,2412.18,1081357.54893,1642895999999,2652383041.9991856,1994513,527287.46361,1293783666.72144,0
1642896000000,2412.18,2556.78,2370.8,2539.01,580497.7613,1642982399999,1431696375.615066,1053655,300885.431,742655338.314519,0
1642982400000,2539.0,2539.75,2159.0,2439.29,1123134.70389,1643068799999,2592832133.200201,1848889,556098.73488,1284560488.6860812,0
1643068800000,2439.56,2506.55,2348.96,2458.83,510152.954,1643155199999,1237051148.4309,946366,261026.4288,633004042.497613,0
1643155200000,2459.04,2722.0,2402.03,2462.99,806441.62289,1643241599999,2058599145.3419724,1384921,405477.92029,1034936471.4965832,0
1643241600000,2463.0,2521.0,2316.43,2424.25,599481.7159,1643327999999,1448742950.458556,1029204,308517.357,745718418.79699,0
1643328000000,2424.02,2558.98,2357.88,2544.99,485149.8065,1643414399999,1183543182.408244,884305,243890.0215,595442818.157094,0
1643414400000,2544.99,2636.66,2520.01,2601.43,376666.8246,1643500799999,966725225.782995,656017,196742.3966,504979471.310492,0
1643500800000,2601.43,2640.0,2542.5,2601.68,290770.0859,1643587199999,755039834.5651209,564478,147074.1889,381845687.59660095,0
1643587200000,2601.67,2706.77,2476.07,2686.94,444584.851,1643673599999,1154488527.579429,814997,226655.5532,589826074.939442,0
1643673600000,2686.94,2813.0,2673.52,2787.23,390034.27362,1643759999999,1075341490.803359,790343,199367.04362,549663013.5042311,0
1643760000000,2787.48,2810.88,2612.72,2680.67,447852.1228,1643846399999,1215958780.122614,819863,225815.1234,613110822.300808,0
1643846400000,2680.25,2726.64,2576.05,2695.46,405043.3931,1643932799999,1068724165.621823,726013,207767.1368,548363711.8796209,0
1643932800000,2695.21,2995.0,2671.4,2994.99,664002.9328,1644019199999,1889746043.7150488,1235215,338287.3535,962701411.4837689,0
1644019200000,2994.99,3060.47,2958.01,3012.65,356803.3071,1644105599999,1073972573.348673,730502,184328.5685,554943551.863471,0
1644105600000,3012.64,3074.56,2950.21,3054.99,249394.5966,1644191999999,749957614.968609,522276,125512.0274,377549134.733216,0
1644192000000,3055.0,3186.0,2991.8,3139.77,455070.2529,1644278399999,1410603197.756882,898923,236657.1049,733764574.0339249,0
1644278400000,3139.77,3232.87,3025.21,3116.69,514773.5837,1644364799999,1602652876.881495,910882,258325.7281,804657758.050287,0
1644364800000,3116.69,3269.7,3055.0,3243.94,370267.8913,1644451199999,1171445663.964222,738015,200069.2719,633521333.3684311,0
1644451200000,3243.6,3283.66,3056.74,3072.49,578212.8383,1644537599999,1839815885.6356392,1039160,294389.9508,937496491.538538,0
1644537600000,3072.36,3138.62,2879.0,2927.54,462025.8751,1644623999999,1404238408.517842,912879,225347.5191,685621003.996612,0
1644624000000,2927.54,2985.98,2858.3,2918.88,336250.3131,1644710399999,981432045.7033539,608416,165039.9186,481542585.224781,0
1644710400000,2918.58,2954.4,2836.7,2871.13,242751.3547,1644796799999,705260941.483037,444540,120559.5578,350481622.861807,0
1644796800000,2871.14,2964.97,2829.01,2929.75,381778.238,1644883199999,1107566192.889658,607853,194221.8781,563663360.6515391,0
1644883200000,2929.75,3196.19,2912.06,3183.52,448971.754,1644969599999,1381094746.210811,795924,237944.8724,732387823.956892,0
1644969600000,3183.53,3186.77,3044.03,3122.3,319997.6244,1645055999999,999219896.168787,633447,155323.1493,485323462.45579505,0
1645056000000,3122.31,3160.0,2851.55,2891.87,488693.2624,1645142399999,1467352492.887897,840552,233828.0428,702011907.690017,0
1645142400000,2891.88,2943.97,2750.0,2779.48,502977.4069,1645228799999,1428246802.953186,742459,249635.4651,708728873.886389,0
1645228800000,2779.3,2830.96,2694.45,2763.63,293838.0025,1645315199999,812399991.5545299,474447,141892.3022,392252672.874323,0
1645315200000,2763.63,2764.64,2576.0,2621.99,386384.904,1645401599999,1023095361.857724,615990,179982.3854,476410884.46124,0
1645401600000,2621.99,2759.51,2558.0,2568.02,761838.9858,1645487999999,2030019705.1472368,1116485,375450.9358,1001341576.758087,0
1645488000000,2568.03,2665.74,2500.0,2636.29,692639.4942,1645574399999,1787436157.608267,1047915,350929.3036,905871370.4004861,0
1645574400000,2636.28,2753.55,2575.83,2579.71,504470.1412,1645660799999,1347740672.085344,839481,248657.1745,664765649.80641,0
1645660800000,2579.7,2740.0,2300.0,2596.2,1395732.7753,1645747199999,3417715584.1870246,1774038,707050.4189,1732942191.413947,0
1645747200000,2596.26,2834.97,2571.72,2768.49,679394.1762,1645833599999,1818778014.6036112,1102014,360732.9676,966041209.4096969,0
1645833600000,2768.05,2878.0,2727.5,2779.47,418485.2529,1645919999999,1169315477.8095,781683,216251.6942,604354686.841964,0
1645920000000,2779.47,2836.33,2557.98,2616.79,650198.7785,1646006399999,1757950720.803781,1149184,318022.3875,860366198.543408,0
1646006400000,2616.79,2951.6,2568.62,2920.95,733794.4488,1646092799999,2004492152.838274,1203874,382192.1865,1045287838.386042,0
1646092800000,2920.83,3037.94,2854.09,2976.33,673901.6976,1646179199999,1983738648.0916271,1237486,336703.7636,991272629.435511,0
1646179200000,2976.33,3043.91,2914.21,2947.3,614623.7461,1646265599999,1828572588.461256,1050193,307323.4319,914601548.810062,0
1646265600000,2947.31,2970.97,2785.0,2833.99,446192.2353,1646351999999,1282099960.458349,770738,215583.3099,619536616.1224071,0
1646352000000,2834.0,2836.17,2573.0,2622.1,556178.7588,1646438399999,1499282207.482794,934846,272794.9911,735559329.811336,0
1646438400000,2622.11,2685.12,2589.38,2665.15,268730.3036,1646524799999,709708518.862464,531829,132344.5447,349622255.232099,0
1646524800000,2665.16,2676.29,2535.0,2551.29,336487.9099,1646611199999,881200532.285509,528787,158089.6763,414180880.67566705,0
1646611200000,2551.3,2649.0,2445.0,2491.12,620171.6787,1646697599999,1575658962.135642,870430,311464.4996,791626717.8950831,0
1646697600000,2491.12,2624.0,2480.15,2575.97,561659.7421,1646783999999,1438848034.008704,812094,282902.6371,724775308.206749,0
1646784000000,2575.98,2775.85,2567.7,2726.98,562771.7403,1646870399999,1524779168.022153,840331,296746.7595,803535349.9678049,0
1646870400000,2726.98,2733.25,2550.27,2606.7,559029.9377,1646956799999,1460470256.475736,740676,264792.3285,691745592.300447,0
1646956800000,2606.69,2676.78,2522.57,2556.86,494583.6568,1647043199999,1281060913.835518,684407,248108.1042,642646386.107198,0
1647043200000,2556.86,2616.79,2553.39,2568.8,219236.5711,1647129599999,567134036.896676,327122,114440.8384,296103645.660044,0
1647129600000,2568.8,2603.32,2493.0,2515.65,316942.1601,1647215999999,811775081.5579939,444352,148692.8964,381067370.582154,0
1647216000000,2515.66,2609.6,2498.67,2589.41,386630.1912,1647302399999,991479973.0914941,609122,201825.4663,517653965.184892,0
1647302400000,2589.42,2669.0,2507.0,2617.73,461202.3014,1647388799999,1189436494.535537,686797,235635.1425,608109166.5116689,0
1647388800000,2617.74,2788.0,2603.38,2773.81,666224.7217,1647475199999,1792497068.36131,1055171,338488.8388,911512672.569373,0
1647475200000,2773.8,2836.0,2746.42,2811.92,379312.541,1647561599999,1058301299.033757,597885,192019.3212,535967207.35133505,0
1647561600000,2811.91,2984.0,2765.59,2938.92,556535.7966,1647647999999,1590887965.76135,794774,295262.3263,844515701.6272991,0
1647648000000,2938.84,2987.7,2890.86,2950.84,325971.5398,1647734399999,961244629.511118,556406,167607.0765,494412072.827475,0
1647734400000,2950.85,2964.17,2817.21,2861.38,377608.8214,1647820799999,1089196046.052685,651827,187345.6127,540409984.019528,0
1647820800000,2861.39,2960.57,2829.81,2890.03,450223.9073,1647907199999,1305282353.585495,690648,231550.1453,671432670.696185,0
1647907200000,2890.03,3052.85,2886.43,2969.64,564868.9839,1647993599999,1692559175.066055,920670,295987.2868,886799022.425233,0
1647993600000,2969.64,3045.2,2920.65,3036.0,453962.7298,1648079999999,1350911495.416662,813052,226895.0474,675451952.823776,0
1648080000000,3035.99,3129.11,2999.11,3110.76,577171.5239,1648166399999,1768485489.446136,853822,298092.171,913674092.5951021,0
1648166400000,3110.75,3193.28,3076.0,3102.14,489099.5572,1648252799999,1532535177.917052,745999,245720.4973,770253604.029141,0
1648252800000,3102.13,3153.2,3084.9,3145.0,207134.847,1648339199999,646551585.682247,403089,103598.4935,323415530.754146,0
1648339200000,3145.01,3299.37,3126.02,3295.65,335467.4145,1648425599999,1072163952.322084,645675,181361.8562,579807710.285812,0
1648425600000,3295.65,3431.15,3275.01,3332.92,527237.1133,1648511999999,1766636914.051384,964079,270854.1957,907605017.5576301,0
1648512000000,3332.91,3481.87,3329.68,3400.51,465899.8226,1648598399999,1590016971.388558,884317,231156.957,789137059.001019,0
1648598400000,3400.51,3446.9,3331.84,3385.79,356082.5231,1648684799999,1206555998.567904,675015,181916.4148,616519459.519428,0
1648684800000,3385.8,3444.83,3261.35,3281.51,455091.2395,1648771199999,1526047563.602515,770564,216602.7505,726452427.3087181,0
1648771200000,3281.51,3481.29,3210.68,3455.21,532169.2392,1648857599999,1780259682.532936,883079,268660.5014,899094037.9623929,0
1648857600000,3455.2,3532.2,3433.14,3443.77,499893.29,1648943999999,1740311567.806437,763785,245277.9443,854137231.6582191,0
1648944000000,3443.77,3580.34,3412.11,3521.91,381581.7683,1649030399999,1334671716.892238,619758,194051.9378,678865118.435445,0
1649030400000,3521.9,3547.0,3405.97,3519.5,449984.1586,1649116799999,1564866359.686716,810677,227537.1061,791274569.736388,0
1649116800000,3519.5,3555.0,3400.0,3406.99,397782.7437,1649203199999,1383264215.874245,674184,191093.8907,665052981.216132,0
1649203200000,3407.0,3407.5,3162.39,3168.51,736273.1047,1649289599999,2411228209.9869847,1098773,348042.4629,1140287731.802044,0
1649289600000,3168.52,3268.98,3143.15,3227.19,458179.3272,1649375999999,1470465124.58207,706382,233162.8713,748511375.248145,0
1649376000000,3227.2,3314.02,3173.52,3192.39,502422.5048,1649462399999,1634901495.645322,810752,250684.5444,816205996.8717151,0
1649462400000,3192.39,3268.4,3181.28,3258.57,212444.2566,1649548799999,683630508.1590351,386154,112210.7428,361094272.724255,0
1649548800000,3258.57,3307.22,3193.0,3203.04,232303.2326,1649635199999,756032282.614135,439811,110649.5741,360491570.066002,0
1649635200000,3203.04,3213.63,2950.0,2979.74,693394.2912,1649721599999,2127486125.62208,969832,330445.6021,1013511043.007334,0
1649721600000,2979.75,3085.0,2950.0,3027.66,579522.9505,1649807999999,1750871209.720005,742214,295005.6558,891311086.8901101,0
1649808000000,3027.65,3128.97,2996.86,3118.28,419101.494,1649894399999,1285303924.978813,623328,215591.5489,661284289.125812,0
1649894400000,3118.28,3145.0,2976.3,3021.98,408382.5572,1649980799999,1249759777.271426,540399,195917.4896,599778999.052393,0
1649980800000,3021.98,3060.92,2993.13,3040.56,249626.2981,1650067199999,755644733.7342659,388136,127112.3808,384893733.16373104,0
1650067200000,3040.57,3086.1,3010.03,3059.3,176352.4165,1650153599999,536234354.297344,298000,91002.4595,276791716.298392,0
1650153600000,3059.3,3083.0,2981.7,2988.06,243772.074,1650239999999,742151590.621933,389959,117250.931,357193639.075146,0
1650240000000,2988.07,3069.6,2883.22,3055.56,510251.6536,1650326399999,1508168472.867298,703622,251979.4119,745071559.389888,0
1650326400000,3055.56,3131.0,3030.34,3101.77,359375.0038,1650412799999,1106468538.117098,521060,187636.8495,577702948.8416071,0
1650412800000,3101.74,3166.5,3036.45,3076.04,415000.0685,1650499199999,1285353922.303612,571292,206446.813,639549546.682222,0
1650499200000,3076.03,3180.0,2942.31,2983.58,562699.697,1650585599999,1736496193.473973,719659,281522.194,869855348.7931169,0
1650585600000,2983.57,3034.32,2930.35,2962.39,452433.082,1650671999999,1350044345.250315,604084,216294.7313,645524337.460469,0
1650672000000,2962.39,2978.03,2913.89,2933.03,187576.7324,1650758399999,554261385.85153,348435,89693.7455,265012367.481114,0
1650758400000,2933.04,2967.06,2912.09,2921.0,218957.0222,1650844799999,643702920.89106,354013,106460.8405,312977989.100133,0
1650844800000,2920.99,3025.65,2797.01,3006.62,619198.3616,1650931199999,1789151245.676505,804935,304457.3579,880321348.2094179,0
1650931200000,3006.63,3039.54,2767.0,2809.67,531184.3504,1651017599999,1544470478.04639,775652,259112.9956,754001908.13238,0
1651017600000,2809.68,2919.87,2794.46,2888.96,488951.2416,1651103999999,1401317315.552324,669916,246670.3519,706994610.709575,0
1651104000000,2888.95,2980.0,2853.83,2936.93,537392.9978,1651190399999,1567476627.908683,736818,273351.8061,797420928.348637,0
1651190400000,2936.92,2946.46,2776.63,2817.13,525978.147,1651276799999,1503869186.333024,678273,255390.6462,730762583.362024,0
1651276800000,2817.13,2841.63,2709.26,2726.66,367757.2469,1651363199999,1028113961.632706,577285,171690.8377,480105516.792566,0
1651363200000,2726.67,2849.9,2716.13,2824.81,442544.8792,1651449599999,1230927404.406151,539462,228341.6993,635079254.459124,0
1651449600000,2824.81,2894.22,2778.78,2856.54,521706.8567,1651535999999,1476062750.216177,625431,269834.1299,763609796.9030609,0
1651536000000,2856.54,2861.47,2755.19,2781.7,371331.1796,1651622399999,1046307600.938906,490176,184363.8992,519353347.817204,0
1651622400000,2781.7,2965.85,2771.74,2940.64,548738.0668,1651708799999,1572901182.250391,742950,288893.9402,828312420.078609,0
1651708800000,2940.65,2954.65,2683.0,2747.97,734845.3194,1651795199999,2055752498.2165673,935371,350520.4261,980883294.226925,0
1651795200000,2747.96,2758.18,2632.95,2692.85,711449.3234,1651881599999,1918267933.165302,813458,349985.0658,943463874.26934,0
1651881600000,2692.86,2704.36,2584.75,2635.34,371271.4532,1651967999999,987464053.430564,505005,178447.7479,475117134.010161,0
1651968000000,2635.35,2642.0,2484.0,2519.71,757615.3415,1652054399999,1930282594.6590688,867730,369624.7096,942238867.8409151,0
1652054400000,2519.71,2530.78,2225.0,2228.55,1574924.9793,1652140799999,3725676633.1362967,1758980,785287.2222,1857342023.718995,0
1652140800000,2229.0,2457.34,2200.0,2342.05,1550626.1387,1652227199999,3650912006.062748,1851225,770089.0695,1814101732.749854,0
1652227200000,2342.04,2451.37,2005.0,2084.99,2022864.83806,1652313599999,4605757119.998099,2825340,1003328.68581,2287433514.674048,0
1652313600000,2084.99,2195.0,1800.0,1960.22,2305192.90836,1652399999999,4485518775.573885,2958830,1149413.56735,2239195361.555377,0
1652400000000,1960.22,2147.54,1940.23,2009.69,1134042.3387,1652486399999,2355144482.314068,1380079,571173.2861,1185879372.00475,0
1652486400000,2009.69,2070.06,1951.21,2056.48,563788.3078,1652572799999,1136170835.745817,794510,281099.5159,566477120.581522,0
1652572800000,2056.47,2167.0,2000.68,2145.29,514398.2587,1652659199999,1067795595.552432,677163,262025.1755,544140622.261383,0
1652659200000,2145.29,2145.29,1979.12,2023.66,822070.8531,1652745599999,1672324751.612644,1046115,408849.6576,831576415.58978,0
1652745600000,2023.66,2122.42,2008.0,2090.72,568249.0448,1652831999999,1175068276.038261,820184,285532.6493,590471647.4729129,0
1652832000000,2090.72,2110.72,1908.0,1915.11,631577.2341,1652918399999,1262292139.414203,803676,312760.9821,625432646.670215,0
1652918400000,1915.11,2040.39,1903.18,2019.55,741476.9794,1653004799999,1461787984.391026,946509,379142.028,747524577.4418659,0
1653004800000,2019.55,2064.0,1923.0,1959.08,576981.5371,1653091199999,1151839844.607967,840589,288229.0147,575366153.0103151,0
1653091200000,1959.08,1990.86,1937.36,1975.07,238869.7632,1653177599999,470714672.584742,417873,118346.0477,233248483.57794,0
1653177600000,1975.06,2056.41,1966.33,2043.19,355735.1927,1653263999999,715445185.6278391,540257,183171.2067,368425687.06190896,0
1653264000000,2043.19,2088.5,1957.12,1973.32,636085.0224,1653350399999,1296599784.113311,809254,302465.5284,616921358.817486,0
1653350400000,1973.33,1993.83,1913.02,1979.41,534096.972,1653436799999,1047864199.932369,598082,266945.8146,523855302.585018,0
1653436800000,1979.4,2022.34,1934.61,1942.63,524786.3091,1653523199999,1034922798.422685,600224,262403.8246,517508625.29000497,0
1653523200000,1942.64,1966.01,1735.0,1792.23,1168740.57514,1653609599999,2157585473.515414,1124028,568892.0724,1050063563.9471682,0
1653609600000,1792.24,1822.26,1703.0,1727.27,1296693.28537,1653695999999,2284866824.037575,1226454,636298.35366,1121310214.6769392,0
1653696000000,1727.26,1808.98,1722.26,1792.22,558271.1818,1653782399999,988074924.5510889,645423,274929.0893,486689625.025699,0
1653782400000,1792.21,1827.4,1759.96,1813.64,432430.611,1653868799999,776046677.0579289,447003,220130.2683,394977604.090882,0
1653868800000,1813.64,2013.0,1803.18,1998.78,814922.8359,1653955199999,1557925971.047644,848129,429356.6023,820387228.0040231,0
1653955200000,1998.78,2016.45,1925.0,1941.9,751103.4226,1654041599999,1477853073.767754,791367,372240.6566,732469031.320572,0
1654041600000,1941.9,1972.58,1763.75,1817.95,1037841.2706,1654127999999,1954005475.2304208,973159,502588.515,947207203.239108,0
1654128000000,1817.96,1853.05,1782.42,1834.08,788784.4017,1654214399999,1434781730.184754,793304,393723.5095,716261889.851378,0
1654214400000,1834.09,1843.91,1737.0,1775.12,741282.5346,1654300799999,1319239612.462907,807046,359074.7991,639037260.339931,0
1654300800000,1775.13,1816.0,1748.43,1804.58,388279.4579,1654387199999,689062742.981284,402734,193658.9013,343739405.010212,0
1654387200000,1804.58,1830.17,1773.05,1806.23,371974.5061,1654473599999,670583716.9563911,403935,186891.6989,336909023.979255,0
1654473600000,1806.22,1920.0,1804.35,1859.84,804250.3567,1654559999999,1509754495.64725,817039,405327.2979,760750310.594949,0
1654560000000,1859.84,1874.98,1725.13,1813.33,1397598.2288,1654646399999,2491786694.534087,1225296,693368.6997,1236307195.998481,0
1654646400000,1813.33,1838.77,1765.28,1791.88,941510.1373,1654732799999,1696874614.384348,820627,480434.1803,865687999.8258659,0
1654732800000,1791.88,1833.0,1777.33,1788.81,535310.9618,1654819199999,963245550.8431591,528098,264221.1578,475519035.763693,0
1654819200000,1788.8,1804.32,1655.93,1662.91,955035.79239,1654905599999,1648304410.4463153,990969,456629.3193,788205272.287783,0
1654905600000,1662.91,1682.21,1496.74,1532.89,1220325.2542,1654991999999,1914818053.8337584,1030360,584721.52941,917977346.6833965,0
1654992000000,1532.89,1547.0,1423.0,1434.84,1563225.37018,1655078399999,2311178755.269472,1192382,770513.07795,1139403038.6969228,0
1655078400000,1434.84,1455.0,1165.45,1209.82,3626351.66536,1655164799999,4611744120.817471,3047112,1791798.24942,2278239124.0876274,0
1655164800000,1209.35,1268.45,1075.8,1208.9,2716493.80131,1655251199999,3217818700.1241937,2225812,1348790.33831,1598488294.1562357,0
1655251200000,1208.9,1250.0,1014.4,1237.52,3114823.13621,1655337599999,3493040697.1376567,2868796,1545969.74767,1735187764.941026,0
1655337600000,1237.53,1257.85,1051.55,1068.5,1447386.8304,1655423999999,1649596819.734239,1443117,712044.8573,812156334.522525,0
1655424000000,1068.5,1118.0,1051.11,1086.94,1220677.9491,1655510399999,1329091114.650089,1118997,612161.0345,666616721.780041,0
1655510400000,1086.93,1097.58,881.56,995.13,2308983.5187,1655596799999,2263399396.7537208,1911260,1101942.26213,1080171003.6052585,0
1655596800000,995.12,1158.62,936.15,1128.53,2018599.4499,1655683199999,2092850317.9513967,1796154,1026357.8719,1064868109.350839,0
1655683200000,1128.53,1170.0,1053.0,1128.24,1721772.9132,1655769599999,1910020862.813687,1585055,867678.5867,962585144.220855,0
1655769600000,1128.24,1194.0,1109.23,1125.85,1306095.3757,1655855999999,1500605189.572539,1295971,655284.8532,752977829.693172,0
1655856000000,1125.86,1127.33,1043.65,1050.19,1306959.8593,1655942399999,1420433701.91995,1132300,646031.5713,702291074.911178,0
1655942400000,1050.19,1155.0,1045.3,1144.72,1278257.0899,1656028799999,1415452039.241517,1031001,641656.7356,710456786.5669249,0
1656028800000,1144.71,1245.43,1132.0,1225.02,1337137.483,1656115199999,1589113478.228719,1232149,673998.3259,800669596.490533,0
1656115200000,1225.02,1256.77,1180.0,1242.36,861986.6177,1656201599999,1048516642.219459,824872,437886.335,532658837.55574495,0
1656201600000,1242.31,1280.0,1194.6,1197.79,884184.273,1656287999999,1094067725.453475,812743,437940.2564,542178116.010993,0
1656288000000,1197.79,1238.93,1172.49,1192.51,868734.2061,1656374399999,1047407117.877672,794157,420783.4443,507473498.50435907,0
1656374400000,1192.51,1237.99,1136.32,1144.05,1104065.2211,1656460799999,1314982778.267405,952584,533645.7487,636188942.640824,0
1656460800000,1144.05,1156.8,1087.42,1100.21,1295517.796,1656547199999,1449586742.872254,1145867,652377.6608,730169240.7972819,0
1656547200000,1100.21,1106.62,998.0,1071.01,1420670.3656,1656633599999,1481000138.963289,1180758,701019.9239,730542636.4747939,0
1656633600000,1071.02,1117.0,1033.44,1059.73,1562255.1439,1656719999999,1669000120.550048,1218279,783385.8656,837102080.570035,0
1656720000000,1059.73,1078.88,1028.29,1067.01,714812.0804,1656806399999,752813687.0277101,608900,360116.7187,379291428.477764,0
1656806400000,1067.01,1088.34,1040.78,1074.26,644746.3337,1656892799999,686056543.195206,562962,329544.2186,350649880.771009,0
1656892800000,1074.26,1160.9,1045.37,1151.0,1150108.9861,1656979199999,1266934953.326424,842895,572056.1028,630242868.397467,0
1656979200000,1151.01,1174.9,1076.34,1132.5,1398961.4495,1657065599999,1578654373.510018,1130646,711600.6988,802654486.565431,0
1657065600000,1132.51,1205.0,1111.44,1186.57,1211768.0757,1657151999999,1388074909.874991,1040498,610078.3513,699225684.142216,0
1657152000000,1186.57,1254.29,1163.18,1237.49,1001316.079,1657238399999,1208160386.338313,877397,503991.6385,608408627.11503,0
1657238400000,1237.49,1276.46,1193.15,1214.04,1189518.3631,1657324799999,1466331923.650613,1233964,605091.0349,746050709.076843,0
1657324800000,1214.03,1235.4,1204.67,1217.02,576337.1809,1657411199999,702039918.5469049,716361,285933.8844,348309048.795046,0
1657411200000,1217.02,1219.95,1153.0,1168.36,1018038.6506,1657497599999,1200593502.215751,680105,491394.2049,579379645.601991,0
1657497600000,1168.37,1171.29,1091.71,1096.4,1201652.3048,1657583999999,1370709630.79611,1165044,597646.0363,681716660.921294,0
1657584000000,1096.37,1098.26,1033.46,1038.58,1261349.6321,1657670399999,1347752238.274621,1142194,614931.8525,657086240.9191351,0
1657670400000,1038.58,1119.18,1006.32,1115.0,2035605.8299,1657756799999,2158672347.758078,1423956,1030606.4523,1093421247.313832,0
1657756800000,1115.01,1214.65,1072.11,1193.42,1605101.9262,1657843199999,1816929082.732882,1611421,819667.2647,928967444.421808,0
1657843200000,1193.42,1287.82,1181.05,1231.25,1466037.2584,1657929599999,1794058728.784521,1170632,730397.2075,894408671.9657769,0
1657929600000,1231.25,1422.91,1191.23,1355.85,1493809.9226,1658015999999,1936527899.3254912,1678529,777667.4101,1007657142.354507,0
1658016000000,1355.84,1387.0,1319.04,1338.65,1246202.8795,1658102399999,1687064377.69842,1163593,626408.8792,848289552.8642701,0
1658102400000,1338.65,1597.47,1336.07,1581.04,2029918.76521,1658188799999,2980357374.792685,1750043,1068091.40221,1567562752.768419,0
1658188800000,1581.03,1631.0,1493.11,1542.32,1846048.6816,1658275199999,2856463586.860909,1818358,918478.723,1421417593.986071,0
1658275200000,1542.33,1620.4,1484.23,1521.58,1351177.4247,1658361599999,2109332407.426856,1506300,672453.9477,1050414631.788798,0
1658361600000,1521.63,1605.98,1463.56,1575.45,1247327.4963,1658447999999,1897833300.9977632,1282430,635917.6296,968139590.4215311,0
1658448000000,1575.45,1650.05,1516.11,1535.27,1170723.0873,1658534399999,1865036182.28467,1295899,590259.7573,941037922.80644,0
1658534400000,1535.27,1596.51,1488.0,1548.67,851284.7339,1658620799999,1310964570.189478,950665,423093.9908,651712229.252439,0
1658620800000,1548.66,1664.34,1545.67,1597.7,1009935.8997,1658707199999,1616289077.628875,1238522,511819.2461,819430645.34264,0
1658707200000,1597.7,1609.55,1435.58,1440.79,1418390.9809,1658793599999,2151224738.816661,1407648,690797.6936,1048000398.972793,0
1658793600000,1440.79,1454.11,1356.17,1449.12,1199643.7408,1658879999999,1684928509.399578,1175787,589360.8966,827885085.8846511,0
1658880000000,1449.12,1644.44,1420.83,1635.74,1513426.0413,1658966399999,2305847817.810582,1547390,786958.5056,1199839217.826871,0
1658966400000,1635.74,1784.79,1593.27,1724.52,1578145.07555,1659052799999,2644280824.310781,1719118,801669.85615,1343890731.514361,0
1659052800000,1724.52,1765.99,1655.02,1721.68,1205266.5703,1659139199999,2061258807.226787,1439533,607250.6825,1038603690.653215,0
1659139200000,1721.68,1744.85,1673.01,1697.0,735132.5286,1659225599999,1257726968.665854,1028313,359773.1758,615777525.208922,0
1659225600000,1697.0,1754.69,1666.0,1678.12,696326.8079,1659311999999,1186613538.121665,886708,355783.3479,606331297.189402,0
1659312000000,1678.12,1704.68,1606.12,1630.28,801566.5648,1659398399999,1328136208.959454,1029570,392775.0848,650859068.175174,0
1659398400000,1630.28,1678.0,1559.28,1630.91,1081964.5104,1659484799999,1745550410.998945,1458878,533311.8644,859848287.8846339,0
1659484800000,1630.91,1685.03,1589.71,1618.16,777724.7413,1659571199999,1276328467.022254,1112406,389458.737,639185361.890034,0
1659571200000,1618.16,1662.79,1580.39,1607.96,735552.181,1659657599999,1190650505.148946,1051634,364491.9028,590046389.121593,0
1659657600000,1607.97,1742.07,1605.64,1736.81,1005846.4712,1659743999999,1688798692.307331,1404516,512103.1826,860464588.374454,0
1659744000000,1736.81,1749.93,1685.26,1690.6,523314.6444,1659830399999,899479880.987209,752873,273243.8484,469642311.618183,0
1659830400000,1690.6,1729.79,1668.0,1700.19,439904.764,1659916799999,745750151.382087,692491,226220.1416,383519031.536582,0
1659916800000,1700.2,1818.0,1693.87,1777.05,781620.5443,1660003199999,1379905145.703021,987727,403146.578,711839570.830934,0
1660003200000,1777.05,1790.83,1667.93,1702.76,818171.1019,1660089599999,1406671817.085673,1062267,398475.0539,684898876.000597,0
1660089600000,1702.76,1885.0,1656.78,1853.57,1317767.5127,1660175999999,2346974815.067056,1590681,685632.8856,1223921617.958259,0
1660176000000,1853.58,1942.0,1850.32,1880.19,1105261.9009,1660262399999,2093718964.800632,1324999,571243.8919,1082235762.980206,0
1660262400000,1880.19,1964.71,1853.06,1958.28,717628.1015,1660348799999,1363895150.810113,1027178,365935.017,695903467.373167,0
1660348800000,1958.28,2020.0,1946.5,1983.55,695876.0293,1660435199999,1382235354.292491,940869,359352.4712,713880075.112796,0
1660435200000,1983.55,2030.0,1906.0,1935.31,569583.4852,1660521599999,1122186881.223951,856767,284978.8108,561687887.384304,0
1660521600000,1935.32,2012.47,1872.31,1899.06,949162.3305,1660607999999,1824203091.9956672,1295615,470951.5329,905389296.6633351,0
1660608000000,1899.05,1915.0,1853.0,1876.67,622729.1499,1660694399999,1173013843.338048,908578,305961.0557,576443560.6669849,0
1660694400000,1876.67,1959.43,1818.74,1834.25,951824.8975,1660780799999,1781033503.423426,1179058,470464.1007,880482286.4310541,0
1660780800000,1834.24,1882.37,1821.25,1846.39,606254.024,1660867199999,1126844899.607746,848806,296464.2738,551092134.364113,0
1660867200000,1846.39,1848.0,1602.37,1609.01,1419826.9515,1660953599999,2447147973.0058913,1681256,675272.2933,1163737621.678235,0
1660953600000,1609.0,1657.08,1523.67,1576.04,914615.9226,1661039999999,1468671141.090122,1130991,454267.1105,729678631.797784,0
1661040000000,1576.03,1646.52,1562.34,1618.13,780662.6062,1661126399999,1255041865.224435,1000876,396587.4419,637725950.430346,0
1661126400000,1618.13,1629.72,1529.92,1624.66,941192.8954,1661212799999,1483442567.236265,1193059,468265.2769,738188886.4219769,0
1661212800000,1624.65,1676.07,1563.76,1665.41,940246.932,1661299199999,1528222432.851831,1195279,466987.5263,758906669.977075,0
1661299200000,1665.4,1694.13,1604.92,1656.56,744667.6078,1661385599999,1228169659.887394,993324,371514.7637,612965815.5827769,0
1661385600000,1656.56,1722.0,1653.68,1695.11,603090.713,1661471999999,1023691864.190439,869479,309268.8451,524945702.128192,0
1661472000000,1695.11,1706.45,1486.85,1508.18,1149912.8292,1661558399999,1862598061.3182008,1488212,555637.4978,900512150.9970471,0
1661558400000,1508.18,1518.42,1447.52,1491.06,756136.6768,1661644799999,1125859038.154537,1015752,379636.6754,565279624.963262,0
1661644800000,1491.06,1511.0,1424.0,1426.76,544846.4486,1661731199999,805616000.7392259,756843,264538.0377,391369191.906,0
1661731200000,1426.76,1559.99,1422.08,1551.8,826252.0831,1661817599999,1230281044.880169,1099487,418910.982,623872432.454368,0
1661817600000,1551.79,1606.13,1473.61,1524.59,1003075.0172,1661903999999,1551625838.938324,1292499,498318.3738,770988003.189584,0
1661904000000,1524.59,1619.78,1524.59,1554.1,949227.6775,1661990399999,1497596316.300993,1471691,472367.89,745430154.402163,0
1661990400000,1554.11,1599.0,1512.77,1586.16,728710.482,1662076799999,1133222116.032772,1195229,362696.0954,564116804.890939,0
1662076800000,1586.17,1650.0,1546.41,1575.35,919009.6598,1662163199999,1471855448.359926,1160858,465535.5694,745690939.306613,0
1662163200000,1575.35,1582.71,1534.28,1557.46,321397.2189,1662249599999,500057144.51821697,562893,160362.006,249541318.092156,0
1662249600000,1557.45,1583.66,1540.66,1579.28,296591.1166,1662335999999,463177013.875988,520856,151649.7912,236891872.145482,0
1662336000000,1579.29,1631.99,1556.56,1617.8,503492.937,1662422399999,797702531.3990461,718867,254761.8242,403686557.44029695,0
1662422400000,1617.8,1687.4,1555.0,1559.01,1010722.8578,1662508799999,1650513284.852848,1294086,496027.9747,810065371.436276,0
1662508800000,1559.01,1657.5,1490.66,1630.0,850991.4243,1662595199999,1326011621.853752,1132986,430249.0193,670977086.9706249,0
1662595200000,1630.0,1663.56,1595.06,1635.37,645124.0085,1662681599999,1050551822.40818,1015658,319059.8308,519752582.705056,0
1662681600000,1635.37,1746.13,1630.51,1718.23,837458.2126,1662767999999,1425281242.15555,1066278,438441.4935,746145541.1021609,0
1662768000000,1718.24,1789.0,1706.03,1774.12,411046.2466,1662854399999,713890164.182501,687951,212635.6214,369484697.57283,0
1662854400000,1774.12,1789.0,1720.1,1766.11,409287.7263,1662940799999,720937620.963401,645729,206627.71,364024270.153206,0
1662940800000,1766.12,1783.0,1693.0,1716.37,630774.6032,1663027199999,1093457780.4845,979874,317746.0607,551004112.610201,0
1663027200000,1716.37,1760.51,1560.54,1574.4,1134549.7256,1663113599999,1871967439.6495528,1337439,577750.7321,953904597.5429751,0
1663113600000,1574.4,1647.01,1552.38,1638.39,764562.5393,1663199999999,1222499363.046366,1088561,401130.5188,641555247.035582,0
1663200000000,1638.4,1655.2,1458.0,1472.75,1335499.8047,1663286399999,2095367507.332334,1748683,677767.2223,1065686121.99748,0
1663286400000,1472.76,1483.35,1405.52,1433.9,693597.2425,1663372799999,1006033555.197481,1111984,339284.6719,492281156.223532,0
1663372800000,1433.9,1476.13,1409.12,1468.83,421391.3743,1663459199999,608805593.714315,694945,214030.8621,309280515.752449,0
1663459200000,1468.82,1469.63,1325.55,1334.51,804113.468,1663545599999,1118416540.560697,990605,389497.8339,541430482.2344489,0
1663545600000,1334.51,1393.35,1280.0,1375.98,974855.198,1663631999999,1293086590.941432,1235360,490443.5697,650755506.310869,0
1663632000000,1375.98,1384.78,1312.71,1322.93,658027.1465,1663718399999,889324871.236183,981235,328109.0555,443453372.52589697,0
1663718400000,1322.94,1408.9,1220.0,1245.78,1192266.7379,1663804799999,1582450799.937471,1445950,590492.7628,785040538.0079631,0
1663804800000,1245.79,1350.08,1237.32,1326.46,904282.2725,1663891199999,1165151398.830096,1094636,459643.7183,592453362.297206,0
1663891200000,1326.47,1360.0,1262.15,1327.25,974052.3644,1663977599999,1273403019.692522,1233506,491489.0179,642697282.131048,0
1663977600000,1327.24,1349.33,1306.52,1317.13,517557.3497,1664063999999,687931980.008602,616390,260952.6788,346899354.44723,0
1664064000000,1317.13,1337.0,1269.27,1294.63,515533.8409,1664150399999,674560079.1823391,640687,259096.2947,339189179.218145,0
1664150400000,1294.62,1340.42,1277.85,1336.17,799166.4333,1664236799999,1048795559.358857,934159,397345.2068,521651019.468824,0
1664236800000,1336.17,1400.0,1303.75,1328.02,860584.8944,1664323199999,1170630640.626625,1055212,433444.4541,589596662.456115,0
1664323200000,1328.01,1355.7,1253.2,1337.2,919314.9131,1664409599999,1199743172.385301,1075441,459746.4755,600240588.0874671,0
1664409600000,1337.2,1352.02,1288.52,1335.7,770591.6895,1664495999999,1022673511.086711,950476,387626.0998,514512068.219622,0
1664496000000,1335.69,1373.19,1313.35,1328.72,740753.611,1664582399999,991505362.2653071,926935,376839.8864,504471719.51146895,0
1664582400000,1328.71,1333.69,1302.68,1311.79,252081.9056,1664668799999,332930112.025412,347396,124307.8184,164175871.437782,0
1664668800000,1311.79,1317.93,1270.0,1276.72,371740.0407,1664755199999,482595051.28171694,462476,180185.673,233988020.309472,0
1664755200000,1276.72,1329.9,1263.04,1323.09,483775.2435,1664841599999,631178676.535611,598748,243945.5377,318341465.187772,0
1664841600000,1323.1,1369.55,1318.66,1361.49,476207.6702,1664927999999,641511283.398288,771766,246811.6294,332479666.040737,0
1664928000000,1361.5,1364.77,1316.29,1352.2,483508.7782,1665014399999,649745323.368146,695638,242935.0459,326501048.612342,0
1665014400000,1352.2,1383.99,1345.01,1352.06,573975.324,1665100799999,783638743.1557021,789673,282964.4059,386401468.225932,0
1665100800000,1352.07,1361.75,1317.26,1331.1,491999.8776,1665187199999,659508723.3540529,679464,247253.6257,331432604.801858,0
1665187200000,1331.1,1337.35,1303.51,1315.48,203391.6612,1665273599999,269448439.339348,383251,98609.8893,130665491.908671,0
1665273600000,1315.48,1329.0,1307.26,1323.13,186201.9185,1665359999999,245547831.320531,328378,95721.4273,126231603.566771,0
1665360000000,1323.13,1338.0,1288.0,1290.03,393663.0114,1665446399999,515800751.338415,587314,193142.1332,253142658.794811,0
1665446400000,1290.03,1298.0,1267.01,1280.11,429430.3941,1665532799999,550448836.809297,583107,206198.4696,264371667.440464,0
1665532800000,1280.11,1306.87,1275.25,1294.44,369712.5759,1665619199999,478797824.541982,477911,185886.2443,240749511.847664,0
1665619200000,1294.44,1301.58,1190.0,1287.08,945618.3163,1665705599999,1183462907.930145,1135833,465364.4155,582668649.548004,0
1665705600000,1287.08,1343.12,1283.39,1296.27,669742.8093,1665791999999,883059208.714464,788710,329632.534,434825344.152729,0
1665792000000,1296.26,1301.69,1263.64,1274.92,287100.9529,1665878399999,368914560.65821296,396464,138436.0596,177899205.222794,0
1665878400000,1274.93,1315.35,1274.67,1305.95,293321.3632,1665964799999,379290237.639458,397092,149695.1523,193561709.414251,0
1665964800000,1305.96,1338.57,1295.64,1331.4,459848.4941,1666051199999,606979972.119024,553275,230951.5106,304878458.695217,0
1666051200000,1331.39,1341.73,1286.72,1310.71,572728.9189,1666137599999,755297911.29191,603600,277789.7916,366388382.88029695,0
1666137600000,1310.71,1313.5,1280.31,1285.09,368637.5105,1666223999999,478516630.18702304,472022,180735.5001,234645769.599139,0
1666224000000,1285.09,1310.87,1270.36,1282.57,428531.6103,1666310399999,552593958.212735,558080,209367.6306,270050670.668262,0
1666310400000,1282.57,1306.97,1252.65,1299.75,468076.7986,1666396799999,600999941.1065329,572819,234959.2124,301708822.646964,0
1666396800000,1299.76,1320.2,1294.32,1313.61,221776.7007,1666483199999,290111447.628081,323066,116471.6898,152357813.953026,0
1666483200000,1313.62,1371.55,1299.44,1364.2,432269.46,1666569599999,576212623.600304,496386,223572.8772,298246827.053375,0
1666569600000,1364.19,1370.6,1324.17,1343.61,611830.797,1666655999999,822740466.673396,698241,299655.7589,402885161.804322,0
1666656000000,1343.61,1525.16,1334.94,1459.74,1127932.9012,1666742399999,1612140846.305157,1205998,576939.5923,824866579.464192,0
1666742400000,1459.74,1594.99,1457.44,1566.1,1236044.7023,1666828799999,1896388070.2497847,1357864,638243.4563,979231645.537333,0
1666828800000,1566.11,1578.58,1503.2,1514.05,869454.4851,1666915199999,1345399838.037334,1122874,434901.7238,673225442.609349,0
1666915200000,1514.04,1574.9,1479.82,1554.41,858954.4425,1667001599999,1309517416.241141,999855,446580.4891,680822022.306759,0
1667001600000,1554.4,1663.06,1547.66,1619.55,914161.0846,1667087999999,1477815830.639173,1094332,466874.5472,754548207.577111,0
1667088000000,1619.55,1640.06,1576.56,1590.44,476036.4243,1667174399999,762732547.091583,705583,237790.3056,381025931.90976304,0
1667174400000,1590.45,1635.8,1545.43,1572.69,810334.2414,1667260799999,1283098004.765737,1024808,404153.8775,640094838.121876,0
1667260800000,1572.69,1612.92,1563.69,1578.48,527539.2965,1667347199999,836251567.424643,702747,266946.8961,423274271.092324,0
1667347200000,1578.47,1621.68,1502.32,1518.34,981395.3648,1667433599999,1534786415.439207,1171091,491587.1403,769273458.589917,0
1667433600000,1518.33,1559.01,1515.17,1531.01,560202.8813,1667519999999,863253444.76684,678608,272210.5404,419476842.240718,0
1667520000000,1531.01,1680.0,1528.4,1644.78,935531.4781,1667606399999,1503427052.720768,1072186,476524.1678,765537531.0538499,0
1667606400000,1644.78,1666.97,1621.42,1626.98,351385.5362,1667692799999,577061606.733728,480888,181908.9699,298805281.162781,0
1667692800000,1626.98,1639.02,1564.39,1568.29,414863.9525,1667779199999,668569491.577513,545053,202922.1492,327166389.681177,0
1667779200000,1568.25,1608.04,1545.03,1568.1,642409.4494,1667865599999,1013046543.980439,851962,324994.2063,512801340.088844,0
1667865600000,1568.09,1579.98,1233.0,1334.77,2339916.5089,1667951999999,3356475001.5459046,2874276,1149464.0971,1650334828.220939,0
1667952000000,1334.78,1337.16,1073.53,1102.73,2494797.9357,1668038399999,3021176147.3961606,3172468,1226565.3167,1486145674.667084,0
1668038400000,1102.73,1350.0,1085.93,1299.28,1975955.6767,1668124799999,2443394252.530366,2800795,981919.0047,1215403138.072682,0
1668124800000,1299.28,1310.0,1201.26,1289.28,1308087.1498,1668211199999,1652414528.520891,2118330,666760.4429,842409276.36576,0
1668211200000,1289.35,1292.16,1238.7,1257.25,547772.9172,1668297599999,693031301.598889,933438,272855.74,345185291.206072,0
1668297600000,1257.25,1274.23,1200.66,1221.49,547410.5304,1668383999999,676891239.244159,896665,265237.6142,327948706.754124,0
1668384000000,1221.5,1291.2,1171.13,1243.28,934742.0059,1668470399999,1152982945.602032,1471485,456733.1098,563900777.053358,0
1668470400000,1243.29,1291.0,1234.01,1253.23,632825.568,1668556799999,798023541.208052,961779,314465.0008,396586172.90633905,0
1668556800000,1253.22,1268.67,1187.06,1216.17,673339.7215,1668643199999,826025937.8362911,969295,317652.4554,389344092.720584,0
1668643200000,1216.16,1228.22,1181.05,1200.43,530537.3488,1668729599999,638342419.855931,719509,262166.3408,315405113.087009,0
1668729600000,1200.42,1234.0,1199.18,1212.58,360218.5337,1668815999999,437658373.674359,493436,172730.6859,209826940.050667,0
1668816000000,1212.58,1235.0,1197.67,1217.67,209789.5888,1668902399999,254211466.151609,330573,102589.3883,124372124.375792,0
1668902400000,1217.67,1227.07,1132.65,1142.21,531108.7607,1668988799999,625008081.79912,693003,255481.6277,300661282.069587,0
1668988800000,1142.21,1146.99,1079.76,1107.34,922647.9454,1669075199999,1031424505.498328,1063296,456812.3479,510689566.36272,0
1669075200000,1107.34,1146.13,1075.0,1139.6,748884.5791,1669161599999,831782462.696527,899796,369543.4358,410610955.8097,0
1669161600000,1139.59,1190.0,1127.75,1184.52,636927.1594,1669247999999,741271142.4300979,767861,315676.4972,367379226.826623,0
1669248000000,1184.52,1217.71,1180.6,1203.73,486080.6123,1669334399999,583303022.423642,616769,248655.7713,298296381.131116,0
1669334400000,1203.72,1207.77,1171.2,1199.3,391430.1658,1669420799999,465159072.75730497,581961,204292.8213,242755084.311808,0
1669420800000,1199.29,1235.66,1196.2,1205.6,379840.8116,1669507199999,461938380.00420094,566155,181365.6355,220556616.55439,0
1669507200000,1205.61,1223.33,1188.65,1193.88,286386.7986,1669593599999,347218857.867976,458378,141119.9316,171104378.529277,0
1669593600000,1193.88,1199.25,1151.02,1167.77,478795.6093,1669679999999,560568777.560251,708380,230574.2519,269886004.465997,0
1669680000000,1167.77,1228.37,1158.27,1216.49,512143.5861,1669766399999,617963786.601915,789552,269667.3226,325456756.063843,0
1669766400000,1216.49,1309.77,1212.5,1294.46,815679.2717,1669852799999,1038748742.503758,985173,429518.0503,546961764.686726,0
1669852800000,1294.46,1299.9,1262.77,1276.41,430018.7391,1669939199999,550769676.044084,587711,223232.5567,286025115.772396,0
1669939200000,1276.4,1297.18,1265.24,1295.59,371559.585,1670025599999,475691291.45506305,547512,185493.8719,237530991.331002,0
1670025600000,1295.58,1309.0,1236.26,1240.51,347148.2588,1670111999999,441457418.331919,594082,156776.8726,199497713.811435,0
1670112000000,1240.5,1287.19,1240.1,1279.41,324129.5466,1670198399999,409404653.048475,498321,160510.7205,202806342.474933,0
1670198400000,1279.4,1305.11,1246.61,1259.41,391628.5166,1670284799999,501560285.69950897,612914,188633.4044,241637874.934233,0
1670284800000,1259.41,1274.76,1241.56,1271.32,301631.839,1670371199999,379095106.35530496,471097,149004.5314,187290980.775941,0
1670371200000,1271.31,1278.69,1218.01,1231.18,398559.5166,1670457599999,492706380.526734,530298,199333.7162,246456887.459242,0
1670457600000,1231.18,1292.58,1222.01,1280.18,406653.5447,1670543999999,509776313.42383903,559884,205497.4407,257709787.504561,0
1670544000000,1280.18,1296.64,1250.0,1263.1,406008.0032,1670630399999,518804946.77146894,540078,203800.2618,260457302.288898,0
1670630400000,1263.11,1283.61,1259.6,1266.35,182278.6396,1670716799999,231301933.590191,322453,92997.3572,118041863.783334,0
1670716800000,1266.35,1284.75,1255.85,1263.01,180494.902,1670803199999,229443304.733031,314531,87913.7111,111776911.348623,0
1670803200000,1263.0,1278.9,1240.03,1275.4,363750.5481,1670889599999,456347758.27784306,489887,186055.4056,233526613.598401,0
1670889600000,1275.41,1349.0,1255.1,1320.69,659393.8825,1670975999999,859595295.378895,813791,332861.6727,433540760.593465,0
1670976000000,1320.69,1352.72,1301.0,1307.44,554465.5717,1671062399999,734778540.993996,548806,274178.3789,363405616.85823107,0
1671062400000,1307.45,1311.14,1259.27,1266.54,390051.2447,1671148799999,499233719.98567903,445162,182051.3545,233047939.218449,0
1671148800000,1266.53,1280.06,1155.32,1166.83,751422.2779,1671235199999,907833696.288013,883071,363283.563,438474640.41697294,0
1671235200000,1166.82,1190.03,1161.92,1187.16,328881.6281,1671321599999,387145994.352974,443309,163631.6323,192633850.854482,0
1671321600000,1187.16,1199.54,1170.32,1183.06,252260.144,1671407999999,298608427.352787,385205,124008.6871,146847301.703688,0
1671408000000,1183.06,1195.0,1150.51,1167.82,296832.7228,1671494399999,349312990.374414,443756,141432.174,166469165.022255,0
1671494400000,1167.82,1230.47,1163.12,1216.94,465184.1943,1671580799999,561079146.680025,624202,242142.5298,292031275.388441,0
1671580800000,1216.95,1223.39,1203.02,1213.78,245723.8377,1671667199999,297776619.126343,413931,124553.6837,150934466.645866,0
1671667200000,1213.78,1237.99,1182.54,1217.71,336761.6598,1671753599999,406520096.76670897,488758,171017.8089,206458932.223524,0
1671753600000,1217.72,1231.99,1210.0,1219.99,278604.2882,1671839999999,340146608.67751,439410,139743.6183,170624401.902608,0
1671840000000,1219.98,1227.99,1214.69,1220.41,123701.5301,1671926399999,150864338.673479,296993,61777.4784,75339103.824172,0
1671926400000,1220.42,1225.0,1193.18,1218.51,231652.0612,1672012799999,280833354.711449,379422,115203.3556,139649666.453096,0
1672012800000,1218.52,1231.09,1211.67,1228.11,162723.0857,1672099199999,198389481.179895,308520,79649.3915,97114950.562074,0
1672099200000,1228.12,1233.73,1200.58,1211.55,262437.6398,1672185599999,319100139.542709,372190,129218.2839,157132571.238972,0
1672185600000,1211.55,1215.78,1181.06,1190.15,367828.8914,1672271999999,439875906.99219507,474792,178354.66,213269645.025402,0
1672272000000,1190.15,1206.57,1186.77,1200.49,249130.4869,1672358399999,298245107.21298,377201,123380.9102,147692321.9073,0
1672358400000,1200.48,1202.15,1181.08,1199.99,266014.2115,1672444799999,317524824.577787,364383,130580.9389,155866697.387572,0
1672444800000,1199.98,1208.46,1191.66,1196.13,139379.2811,1672531199999,167161720.78087,261569,70227.5365,84226208.302994,0
1672531200000,1196.13,1204.67,1190.57,1200.34,117762.0685,1672617599999,141014996.655708,233151,60055.5007,71918680.428805,0
1672617600000,1200.33,1224.29,1193.0,1214.0,252794.14,1672703999999,306657437.527479,330000,123469.9434,149737175.610595,0
1672704000000,1213.99,1219.89,1204.93,1214.55,205519.4944,1672790399999,249325343.252245,296709,97873.3515,118760573.010809,0
1672790400000,1214.56,1272.6,1212.71,1256.9,457799.6648,1672876799999,571805761.1580551,526420,236858.3427,295758154.621164,0
1672876800000,1256.91,1259.95,1242.81,1251.24,272805.33,1672963199999,341379819.27811,339445,137396.5629,171968288.82744,0
1672963200000,1251.25,1276.7,1236.0,1269.14,342344.2023,1673049599999,429648347.11260307,444840,172277.4922,216252876.922836,0
1673049600000,1269.13,1271.09,1261.3,1264.07,129474.2884,1673135999999,163760550.011656,242794,64457.8749,81530432.005823,0
1673136000000,1264.06,1296.0,1257.77,1290.16,213636.7848,1673222399999,271373377.530058,341498,113501.533,144256844.746569,0
1673222400000,1290.15,1344.91,1285.44,1320.39,581727.6968,1673308799999,766640085.9303969,667559,290264.2976,382393990.07095695,0
1673308800000,1320.4,1347.69,1316.8,1335.62,459660.2307,1673395199999,611680590.741332,467419,223763.8926,297762851.611724,0
1673395200000,1335.63,1398.0,1321.04,1389.39,472465.9556,1673481599999,635118946.429521,534745,235594.2237,316751892.101341,0
1673481600000,1389.4,1438.0,1361.92,1415.92,877712.4492,1673567999999,1231660847.868249,873540,438919.3883,616089439.700554,0
1673568000000,1415.91,1464.0,1401.03,1451.2,499377.8649,1673654399999,709963291.541629,670535,259443.2548,368821974.14258707,0
1673654400000,1451.21,1599.98,1449.14,1549.9,940691.7774,1673740799999,1444283818.189171,1187799,482842.2219,741178178.5772231,0
1673740800000,1549.91,1566.66,1516.03,1552.52,387832.7138,1673827199999,596626752.2978431,590180,192499.6889,296178077.150001,0
1673827200000,1552.52,1604.5,1521.31,1576.94,574622.8953,1673913599999,897953752.929984,802443,283353.4366,442958606.02847904,0
1673913600000,1576.94,1609.0,1541.15,1565.57,506771.7219,1673999999999,797552620.1873369,703325,253800.4618,399512238.70172095,0
1674000000000,1565.56,1610.0,1501.39,1511.43,752534.8857,1674086399999,1172243167.729863,913587,379449.3465,591240910.364482,0
1674086400000,1511.44,1564.43,1509.15,1551.09,308679.4645,1674172799999,473220810.93493,477203,157860.3364,242038742.951305,0
1674172800000,1551.09,1669.9,1542.02,1658.52,440570.9974,1674259199999,702227917.870663,710633,230258.0214,367212821.33223695,0
1674259200000,1658.53,1679.26,1616.21,1626.66,494248.6009,1674345599999,815990095.346851,648695,242585.2946,400675000.350255,0
1674345600000,1626.65,1663.89,1604.0,1627.44,431729.6909,1674431999999,703883818.6174049,550009,216146.2179,352401960.260315,0
1674432000000,1627.43,1648.09,1585.29,1626.29,407267.1156,1674518399999,662442276.006642,602844,203026.4669,330314516.706953,0
1674518400000,1626.28,1641.46,1535.0,1555.97,462275.3243,1674604799999,742483248.778448,664260,219529.2586,352794905.892124,0
1674604800000,1555.97,1641.0,1518.0,1611.94,646474.9166,1674691199999,1010958308.523259,832576,336800.3351,527017728.01554894,0
1674691200000,1611.95,1632.84,1577.43,1601.09,532777.8466,1674777599999,856294452.549072,661710,255584.4969,410800055.45538,0
1674777600000,1601.08,1621.0,1552.54,1597.62,512093.3875,1674863999999,810894459.592812,721339,271725.69,430230772.25918,0
1674864000000,1597.61,1606.83,1555.99,1572.1,313675.6574,1674950399999,496009423.632769,461988,159807.553,252625590.628539,0
1674950400000,1572.1,1660.0,1566.33,1644.72,551767.9134,1675036799999,892135111.0285101,747055,281776.0177,455478541.95457697,0
1675036800000,1644.73,1647.53,1535.0,1566.2,595055.3281,1675123199999,945663093.9181169,783703,287321.0407,456477684.329537,0
1675123200000,1566.21,1605.18,1561.63,1585.33,348856.6751,1675209599999,550862274.1476929,565125,173798.9667,274479554.846062,0
1675209600000,1585.32,1647.77,1555.18,1641.68,474617.1709,1675295999999,757974339.888151,795274,246070.2217,393191559.89692,0
1675296000000,1641.67,1714.68,1626.85,1643.12,629188.8874,1675382399999,1052104526.872657,939545,314689.8073,526350550.18805,0
1675382400000,1643.12,1676.0,1625.93,1663.52,464815.032,1675468799999,766949169.4304221,714675,229573.0449,378846983.90134096,0
1675468800000,1663.52,1695.29,1645.43,1666.38,308227.1295,1675555199999,514857995.985798,559308,153457.142,256353550.305223,0
1675555200000,1666.39,1673.81,1609.3,1629.02,413579.6748,1675641599999,680127291.926744,680427,198540.8776,326481458.836427,0
1675641600000,1629.01,1658.56,1605.01,1614.29,384119.4197,1675727999999,626831152.687586,636588,191802.7932,313101318.539597,0
1675728000000,1614.28,1678.37,1613.14,1671.03,451922.4,1675814399999,743635216.728552,746572,234924.0525,386597449.582718,0
1675814400000,1671.03,1697.91,1630.47,1650.43,417966.2539,1675900799999,695793337.577435,671033,205938.1207,342878805.538366,0
1675900800000,1650.42,1656.17,1524.4,1545.35,658011.6964,1675987199999,1054014372.583392,973879,317244.9366,508466128.352034,0
1675987200000,1545.35,1555.01,1490.0,1513.06,484654.2199,1676073599999,743164643.511499,682215,220852.4958,338760669.128763,0
1676073600000,1513.05,1543.0,1505.0,1538.51,289691.5708,1676159999999,440657107.728338,440506,141579.8991,215368016.233777,0
1676160000000,1538.5,1548.02,1493.08,1514.83,286758.374,1676246399999,438014692.308034,490609,134744.9765,205825023.574182,0
1676246400000,1514.82,1526.1,1461.93,1505.24,643152.3904,1676332799999,959644223.335073,788402,306701.2995,457512045.48224705,0
1676332800000,1505.25,1569.0,1482.66,1555.71,668964.3768,1676419199999,1021642935.313975,861338,329786.2183,503918880.17247295,0
1676419200000,1555.7,1680.0,1542.55,1674.92,581207.8586,1676505599999,928452953.9450489,852734,303747.759,485366943.877121,0
1676505600000,1674.92,1742.97,1633.72,1637.84,832723.6731,1676591999999,1408096156.866216,1220762,422120.2495,714045600.344282,0
1676592000000,1637.83,1722.0,1630.51,1693.87,579934.663,1676678399999,970891863.058295,940022,298275.5336,499403199.621222,0
1676678400000,1693.81,1713.13,1679.77,1691.62,267305.7813,1676764799999,452969773.61025,457982,131392.3667,222669375.870258,0
1676764800000,1691.62,1726.59,1666.14,1679.75,401023.0477,1676851199999,680092027.331298,634114,198379.91,336553647.754587,0
1676851200000,1679.74,1719.89,1650.56,1703.27,451314.8335,1676937599999,765198951.9635769,752116,233136.761,395372679.440455,0
1676937600000,1703.27,1716.66,1636.3,1659.76,520354.4688,1677023999999,874136698.2845911,837901,261067.8341,438651496.248602,0
1677024000000,1659.77,1666.95,1595.07,1643.14,528875.4809,1677110399999,861982489.016571,887617,261477.2949,426091167.735719,0
1677110400000,1643.15,1679.0,1628.75,1650.53,501305.9717,1677196799999,829754759.565515,849095,250058.0952,413918144.47803295,0
1677196800000,1650.52,1664.66,1575.64,1607.8,512515.4982,1677283199999,831164574.11824,829249,244939.4562,397377091.02658,0
1677283200000,1607.8,1608.98,1557.33,1594.58,290188.0391,1677369599999,462128193.10439295,532834,144096.2347,229488719.31488,0
1677369600000,1594.58,1651.26,1587.76,1641.36,308607.9941,1677455999999,499002379.52012897,544008,153077.9388,247588746.299513,0
1677456000000,1641.37,1665.22,1608.0,1633.45,431861.4129,1677542399999,707841123.057607,679771,215202.8928,352736478.154143,0
1677542400000,1633.45,1647.52,1596.66,1605.23,393523.1647,1677628799999,640150766.3112049,626287,192261.4758,312879269.16716,0
1677628800000,1605.24,1669.72,1595.0,1665.22,474456.8235,1677715199999,780632253.606366,725546,233810.6993,384611475.602082,0
1677715200000,1665.23,1677.86,1619.18,1647.86,423023.8082,1677801599999,694364877.504408,644400,209908.348,344522660.652602,0
1677801600000,1647.86,1649.25,1544.39,1569.45,742816.5976,1677887999999,1166573996.744236,1008133,356042.8657,558918754.5663351,0
1677888000000,1569.45,1577.53,1549.12,1566.73,237640.2606,1677974399999,371865636.794456,442158,114523.6396,179242456.92659,0
1677974400000,1566.74,1588.77,1553.05,1564.58,299240.7415,1678060799999,469729098.462738,505034,146252.8571,229586295.581382,0
1678060800000,1564.57,1583.49,1554.44,1565.84,307709.3011,1678147199999,482146763.966397,495130,151429.2666,237315661.183636,0
1678147200000,1565.84,1584.49,1536.14,1561.96,437947.9032,1678233599999,682865640.744412,601157,222838.1714,347497907.936122,0
1678233600000,1561.95,1570.89,1523.61,1532.38,460101.7658,1678319999999,714552395.9932791,647197,227125.8414,352776402.72266,0
1678320000000,1532.38,1546.45,1408.0,1437.32,718485.1364,1678406399999,1072396877.907578,914935,340420.8159,508749569.094812,0
1678406400000,1437.32,1439.43,1368.39,1426.44,960262.4509,1678492799999,1353741388.827259,1155209,462418.6232,651918990.291944,0
1678492800000,1426.43,1478.07,1408.4,1471.97,1374859.6201,1678579199999,1987926852.348374,1467256,674055.1504,975054688.5093609,0
1678579200000,1471.93,1594.19,1448.3,1580.33,1002355.0929,1678665599999,1506839740.469654,1253899,507616.3281,763938923.683043,0
1678665600000,1580.33,1693.49,1565.0,1673.45,1228063.6053,1678751999999,1992277884.7963407,1671283,631386.3058,1024622574.37087,0
1678752000000,1673.44,1780.02,1655.24,1699.4,1283321.2355,1678838399999,2195733827.910122,1750035,666065.6812,1139199433.36359,0
1678838400000,1699.41,1716.9,1611.0,1649.96,963142.4833,1678924799999,1602460705.895695,1388384,463785.2099,771970600.2694019,0
1678924800000,1649.95,1691.42,1632.18,1673.73,627985.6119,1679011199999,1040043241.140285,1004406,325261.1993,538689586.4326351,0
1679011200000,1673.73,1800.0,1662.65,1789.27,907528.2825,1679097599999,1569265196.452905,1293055,476255.4948,824016896.5697341,0
1679097600000,1789.26,1841.0,1747.47,1758.84,711614.731,1679183999999,1280189359.424549,1115890,353131.9671,635373026.202565,0
1679184000000,1758.84,1841.36,1757.92,1780.68,541131.8908,1679270399999,972006261.580209,919093,275030.1756,494016367.25881904,0
1679270400000,1780.67,1803.05,1722.0,1732.78,682848.1248,1679356799999,1205036446.951221,1083767,346231.4658,611012606.1727049,0
1679356800000,1732.77,1835.0,1717.01,1801.23,742348.4999,1679443199999,1324018564.211035,1166036,399394.246,712603682.2600249,0
1679443200000,1801.23,1819.98,1710.12,1734.33,891287.6009,1679529599999,1581074700.20938,1286030,432312.7267,767322678.0655991,0
1679529600000,1734.34,1857.16,1729.35,1813.79,732061.103,1679615999999,1312199315.577505,1074713,388644.191,697106769.812962,0
1679616000000,1813.78,1818.99,1726.4,1749.57,564770.1417,1679702399999,1001546184.532135,855600,283157.3494,502222091.71024704,0
1679702400000,1749.57,1763.23,1713.09,1741.88,355679.3743,1679788799999,620341997.183512,620651,174749.2834,304837439.681757,0
1679788800000,1741.88,1801.0,1739.31,1773.88,354933.2372,1679875199999,627660488.27267,592618,178518.2669,315691892.319254,0
1679875200000,1773.88,1780.48,1686.13,1715.22,570563.5023,1679961599999,987197970.21984,810253,274628.4302,475175903.710224,0
1679961600000,1715.21,1795.73,1701.13,1772.99,536511.3973,1680047999999,935507384.1496781,766887,286377.2164,499476096.824357,0
1680048000000,1773.0,1827.99,1772.48,1793.07,536865.5972,1680134399999,967342311.0822339,810500,283946.5459,511607922.31168306,0
1680134400000,1793.06,1829.69,1763.0,1793.61,579690.0394,1680220799999,1039397383.7804,876484,299825.6561,537640857.627622,0
1680220800000,1793.6,1847.28,1777.91,1821.52,554525.4762,1680307199999,1006896937.025254,902956,289189.755,525237162.94212705,0
1680307200000,1821.52,1842.83,1807.81,1820.79,272904.9674,1680393599999,497460628.07619107,579259,138942.8139,253278130.995171,0
1680393600000,1820.8,1824.81,1771.7,1794.51,322122.9385,1680479999999,580909276.164171,637705,162593.2236,293256522.063042,0
1680480000000,1794.51,1839.99,1762.77,1810.51,628503.6619,1680566399999,1131436800.437073,1098681,318256.9181,573104096.04297,0
1680566400000,1810.51,1891.91,1802.01,1870.37,622208.6411,1680652799999,1151551698.653268,1087425,324318.0474,599946499.3590231,0
1680652800000,1870.38,1942.98,1864.58,1908.69,548595.5155,1680739199999,1045846831.791563,1077031,281338.725,536320635.934765,0
1680739200000,1908.68,1909.91,1853.7,1872.41,396241.4352,1680825599999,743618300.024,916688,190334.8978,357167485.352436,0
1680825600000,1872.41,1882.61,1841.46,1863.72,284256.4873,1680911999999,528718750.378566,829061,143802.1285,267474497.282928,0
1680912000000,1863.73,1879.38,1847.0,1848.82,197905.5407,1680998399999,368792680.929658,902787,97213.2882,181198387.334433,0
1680998400000,1848.82,1873.99,1824.01,1858.92,287131.3079,1681084799999,529878494.840373,953458,146393.8295,270125898.843105,0
1681084800000,1858.91,1918.79,1846.4,1910.2,434739.7984,1681171199999,816212712.862947,586284,218877.8586,410947350.79718,0
1681171200000,1910.21,1937.37,1881.11,1889.86,405203.4892,1681257599999,774389695.845932,590527,209441.7172,400266668.51136094,0
1681257600000,1889.86,1933.0,1852.65,1917.39,630844.4186,1681343999999,1195663632.078732,801456,318566.1128,603818547.582894,0
1681344000000,1917.4,2023.0,1899.55,2012.01,676164.5188,1681430399999,1333377092.124591,911569,358627.7444,706952043.883102,0
1681430400000,2012.0,2128.76,2009.22,2099.99,896307.3934,1681516799999,1877719501.123732,1182309,463960.1556,971826170.9948311,0
1681516800000,2099.99,2111.85,2071.13,2090.6,321823.7851,1681603199999,674260851.49151,505299,159120.98,333402759.039286,0
1681603200000,2090.61,2141.54,2072.72,2118.67,319880.4393,1681689599999,673034613.415835,529231,162518.1328,341954921.313032,0
1681689600000,2118.66,2120.51,2056.25,2074.0,426972.7071,1681775999999,889433328.786508,674817,206218.4799,429616895.54751104,0
1681776000000,2073.99,2125.0,2051.0,2103.5,414244.6135,1681862399999,867291463.569828,636801,205943.0188,431182409.022914,0
1681862400000,2103.51,2104.6,1923.03,1933.73,775389.0602,1681948799999,1547934187.85902,1116849,381226.9641,760478525.516055,0
1681948800000,1933.74,1982.99,1914.43,1942.98,625336.2495,1682035199999,1218184973.299396,869619,307551.8071,598986977.594464,0
1682035200000,1942.98,1957.27,1825.0,1848.78,688876.6186,1682121599999,1306179482.091942,868887,339964.1825,644708261.744395,0
1682121600000,1848.77,1887.31,1841.64,1874.16,331007.5879,1682207999999,616579601.311765,451499,168125.1409,313147831.357009,0
1682208000000,1874.17,1882.01,1836.37,1862.0,344514.3444,1682294399999,641362428.689366,463928,180537.4201,336129438.631238,0
1682294400000,1862.01,1890.0,1806.0,1841.84,447864.0517,1682380799999,826968889.241232,682824,216968.9613,400599962.395403,0
1682380800000,1841.84,1877.86,1801.66,1866.1,457870.6047,1682467199999,839226421.3782461,631766,238370.8971,436940670.14806306,0
1682467200000,1866.1,1964.72,1785.0,1866.01,897709.7298,1682553599999,1695903568.960903,1182620,445589.9861,842104509.424001,0
1682553600000,1866.01,1940.96,1861.19,1908.68,727472.9466,1682639999999,1383094120.67767,959609,378523.2934,719109759.957455,0
1682640000000,1908.68,1923.88,1873.94,1890.94,387630.7791,1682726399999,736203306.614156,574483,201390.0556,382298834.01980895,0
1682726400000,1890.93,1918.0,1883.05,1907.8,182046.1406,1682812799999,346028241.295737,335962,90910.2544,172785540.85637,0
1682812800000,1907.79,1939.0,1866.16,1870.09,355336.4888,1682899199999,677913240.814662,552933,176787.4337,337334018.002625,0
1682899200000,1870.08,1886.49,1806.12,1830.73,445519.1779,1682985599999,818821593.694849,647788,220514.8113,405281273.929108,0
1682985600000,1830.73,1881.87,1822.94,1870.08,373753.2027,1683071999999,690907892.110455,563768,184439.1031,340877324.218158,0
1683072000000,1870.09,1916.52,1842.64,1905.12,465185.2501,1683158399999,871222153.959792,751579,239749.0806,449104177.864072,0
1683158400000,1905.12,1918.26,1866.71,1877.07,354528.6144,1683244799999,670584503.6596191,525802,172127.9509,325526383.589932,0
1683244800000,1877.07,1998.36,1875.65,1993.3,546608.875,1683331199999,1061183389.068112,803612,281818.2188,546945491.993123,0
1683331200000,1993.3,2019.0,1860.0,1896.33,608106.9915,1683417599999,1169939393.312777,868626,309602.2227,595756528.400797,0
1683417600000,1896.33,1933.33,1867.59,1870.4,413268.8357,1683503999999,787566158.198456,625667,198046.1876,377209171.37210494,0
1683504000000,1870.41,1883.97,1810.73,1847.56,625316.6168,1683590399999,1157603209.761854,885693,308193.8507,570302849.746665,0
1683590400000,1847.55,1861.88,1830.99,1846.52,304396.186,1683676799999,561440259.790895,517737,154195.2071,284409845.645079,0
1683676800000,1846.53,1887.47,1790.51,1840.84,639933.3855,1683763199999,1182254717.032215,802140,315762.3953,583244341.867981,0
1683763200000,1840.83,1842.02,1772.68,1794.3,522096.0725,1683849599999,944525427.0279421,679625,256341.5035,463715175.204272,0
1683849600000,1794.31,1818.63,1740.0,1807.45,565539.8309,1683935999999,1002104362.594411,696930,272766.5815,483569848.957916,0
1683936000000,1807.45,1817.03,1785.23,1795.11,212895.4373,1684022399999,383397322.74478096,342566,107960.5618,194416969.777289,0
1684022400000,1795.12,1824.0,1789.82,1799.21,218101.0977,1684108799999,393557662.80186,348092,112091.4998,202267370.369558,0
1684108800000,1799.2,1846.7,1785.05,1816.2,388171.9261,1684195199999,708011632.174709,503728,200878.5212,366433193.428354,0
1684195200000,1816.21,1832.64,1796.2,1824.21,311238.6786,1684281599999,565367254.106777,466058,145796.2684,264839999.726318,0
1684281600000,1824.21,1837.5,1783.68,1822.12,352097.9913,1684367999999,637776970.833855,524718,174614.8238,316362266.891233,0
1684368000000,1822.12,1831.92,1771.12,1800.56,293755.311,1684454399999,531357170.827152,480171,142539.4053,257898809.718076,0
1684454400000,1800.56,1829.54,1796.81,1812.32,243116.4676,1684540799999,440291732.350879,390917,125305.6452,226950073.642058,0
1684540800000,1812.31,1828.87,1807.06,1819.42,127754.4349,1684627199999,232010582.306628,272744,67168.5635,122004402.445928,0
1684627200000,1819.42,1828.98,1797.21,1804.91,161517.8053,1684713599999,292535613.878124,308391,76815.2518,139145313.568439,0
1684713600000,1804.91,1828.27,1792.01,1817.35,237498.9423,1684799999999,430673377.916653,411867,123914.6884,224774189.867085,0
1684800000000,1817.36,1872.5,1815.24,1854.05,396869.6097,1684886399999,734581474.7224659,548587,222549.7769,411731244.578506,0
1684886400000,1854.06,1854.09,1777.6,1799.89,420846.1445,1684972799999,761360360.597887,554307,193455.1113,349797434.176159,0
1684972800000,1799.89,1818.81,1761.41,1805.6,350633.0089,1685059199999,628769352.442571,482899,164410.1627,294794104.354962,0
1685059200000,1805.61,1838.2,1796.99,1827.79,275690.6854,1685145599999,501773973.87993693,375854,140633.1075,255923842.594071,0
1685145600000,1827.8,1836.12,1812.18,1829.89,138824.9406,1685231999999,253710138.250563,276383,69580.6479,127156321.87459,0
1685232000000,1829.89,1918.65,1823.6,1908.64,378392.4371,1685318399999,705699886.229488,549727,194805.8607,363152161.536748,0
1685318400000,1908.64,1927.62,1873.65,1892.6,313593.4942,1685404799999,596236148.9098849,445895,158390.3448,301175186.439594,0
1685404800000,1892.6,1917.0,1881.19,1900.59,272665.8402,1685491199999,519059196.247416,422249,134288.1609,255644547.737627,0
1685491200000,1900.58,1907.13,1846.95,1873.63,319255.5681,1685577599999,597360395.544034,451133,149451.087,279624016.04226,0
1685577600000,1873.63,1889.2,1840.0,1861.78,270496.6097,1685663999999,504448237.27338,422899,132786.9324,247622735.209231,0
1685664000000,1861.78,1910.0,1847.51,1906.68,313004.0658,1685750399999,591169483.099447,456788,157874.0403,298230534.993066,0
1685750400000,1906.69,1907.92,1881.6,1892.06,148818.2427,1685836799999,282550389.946688,292512,71248.1015,135269927.949346,0
1685836800000,1892.05,1914.63,1884.22,1890.01,172683.0119,1685923199999,328166899.062354,289973,85783.1201,163026354.238026,0
1685923200000,1890.0,1890.63,1778.0,1810.5,555361.2683,1686009599999,1017689609.362256,688879,253634.645,464638835.75944895,0
1686009600000,1810.49,1898.29,1797.18,1884.64,491407.2174,1686095999999,907660359.425966,616201,254098.0244,469823908.553932,0
1686096000000,1884.65,1897.8,1821.18,1832.13,429196.7064,1686182399999,796856688.8667129,594071,201074.7993,373411267.734446,0
1686182400000,1832.12,1861.28,1828.31,1845.64,189270.4853,1686268799999,349160385.10498,347990,89218.1306,164597259.318507,0
1686268800000,1845.65,1855.0,1827.0,1840.37,198324.3252,1686355199999,365037779.742887,354623,92841.2883,170881394.316314,0
1686355200000,1840.37,1844.99,1715.03,1751.53,652324.6695,1686441599999,1148312156.525596,877410,298962.6533,525884490.13860494,0
1686441600000,1751.52,1778.25,1738.72,1752.76,219956.2434,1686527999999,385656545.950238,378921,104970.1039,184058191.293455,0
1686528000000,1752.77,1759.33,1720.0,1742.57,302132.4819,1686614399999,525467514.61960894,467392,154579.0466,268848228.1776,0
1686614400000,1742.57,1770.13,1724.22,1740.12,284268.0018,1686700799999,495907901.668493,498880,147060.3735,256562479.934,0
1686700800000,1740.12,1750.03,1630.43,1650.95,415847.327,1686787199999,705586390.233981,572996,198035.006,335772562.742377,0
1686787200000,1650.95,1680.91,1626.01,1666.96,370774.7696,1686873599999,611499814.542176,458568,192425.5156,317419943.086948,0
1686873600000,1666.96,1729.5,1649.86,1717.92,311734.5904,1686959999999,525393264.96220094,408176,158600.074,267168521.191646,0
1686960000000,1717.91,1770.0,1714.26,1727.76,210914.9216,1687046399999,366944179.320637,359758,107260.8485,186631806.833697,0
1687046400000,1727.75,1747.84,1712.0,1720.95,156535.0128,1687132799999,270948973.417484,273858,79223.6039,137159225.733412,0
1687132800000,1720.95,1752.19,1698.0,1737.11,245162.7589,1687219199999,422827205.775489,366143,120432.5942,207735564.792355,0
1687219200000,1737.1,1796.99,1714.72,1791.99,328855.6846,1687305599999,577529266.789217,459724,168345.9791,295848851.477509,0
1687305600000,1791.99,1901.0,1787.38,1889.11,613755.8869,1687391999999,1132377905.488902,699689,301882.535,557089886.052912,0
1687392000000,1889.1,1933.17,1865.98,1872.01,416714.5719,1687478399999,791056016.146176,536410,196874.686,373931527.580786,0
1687478400000,1872.0,1936.42,1861.01,1892.63,401147.9324,1687564799999,760352485.336681,531784,196520.6502,372600003.369504,0
1687564800000,1892.63,1906.0,1864.77,1874.96,226910.2941,1687651199999,427721477.76198,356654,108047.8764,203668990.458571,0
1687651200000,1874.95,1930.0,1868.83,1898.8,338757.6158,1687737599999,644415530.040616,482753,170334.2642,323870595.292583,0
1687737600000,1898.8,1909.1,1837.18,1858.97,458743.861,1687823999999,859537162.3556141,518009,221834.2749,415653994.57101506,0
1687824000000,1858.97,1912.53,1855.19,1889.58,366634.5707,1687910399999,690855987.041332,437184,195382.3664,368354695.947731,0
1687910400000,1889.58,1890.19,1816.56,1828.02,337836.5792,1687996799999,626358502.58848,437585,160645.2676,297804857.125455,0
1687996800000,1828.03,1880.0,1827.84,1851.99,241844.8281,1688083199999,448678322.176822,350823,123194.6191,228587452.243649,0
1688083200000,1851.99,1948.6,1825.01,1933.79,716538.1035,1688169599999,1353630452.615445,824889,345435.6526,653049175.2450271,0
1688169600000,1933.8,1944.56,1909.44,1924.5,178373.3688,1688255999999,343093755.612736,307019,88294.4703,169850518.153404,0
1688256000000,1924.5,1959.2,1885.75,1937.48,255852.7832,1688342399999,491981842.96013904,381133,127341.9623,244921036.01352,0
1688342400000,1937.49,1976.16,1933.55,1955.54,322102.4295,1688428799999,631158998.811416,404084,156608.6405,306826484.736802,0
1688428800000,1955.55,1967.08,1931.58,1936.2,205525.0984,1688515199999,401186997.249838,307691,93898.5422,183304067.882058,0
1688515200000,1936.19,1942.5,1894.51,1910.36,267633.4783,1688601599999,512774138.21894896,362985,128057.0596,245340739.075563,0
1688601600000,1910.35,1958.0,1846.0,1846.17,456362.741,1688687999999,868009586.22327,519031,225559.182,429043301.00454307,0
1688688000000,1846.17,1878.0,1826.0,1870.91,232944.3466,1688774399999,432733381.05496705,355260,115143.0873,213926654.205755,0
1688774400000,1870.92,1876.0,1842.8,1865.24,125819.8273,1688860799999,234001180.804625,228589,62592.5197,116432999.11736,0
1688860800000,1865.24,1879.36,1856.15,1862.8,135046.3743,1688947199999,252189550.05161,234925,67977.917,126943043.660608,0
1688947200000,1862.81,1905.5,1846.63,1880.4,247868.1494,1689033599999,464186441.163382,338462,123964.154,232197400.111328,0
1689033600000,1880.41,1891.99,1862.38,1878.3,177771.6117,1689119999999,333339876.932696,256360,85214.3301,159785569.139996,0
1689120000000,1878.31,1902.0,1864.37,1871.82,264406.8673,1689206399999,498567734.55913293,338468,127657.9526,240728674.896198,0
1689206400000,1871.82,2012.63,1862.59,2004.49,548861.4207,1689292799999,1069502144.026194,618276,275375.0189,536826200.189522,0
1689292800000,2004.49,2029.11,1898.39,1937.83,498724.0359,1689379199999,982369872.0199,604687,233071.082,459199490.677216,0
1689379200000,1937.82,1946.37,1926.23,1931.41,135181.7663,1689465599999,261553961.167515,242818,65759.3938,127241697.857544,0
1689465600000,1931.41,1943.55,1914.0,1922.11,148667.1051,1689551999999,286787440.456901,253770,69691.9153,134478359.190649,0
1689552000000,1922.12,1936.18,1873.26,1911.2,277159.0349,1689638399999,528662412.297658,391391,134997.4387,257602038.119769,0
1689638400000,1911.21,1917.19,1875.73,1897.21,215780.5006,1689724799999,409583830.87633294,315100,104433.4023,198241004.728506,0
1689724800000,1897.21,1922.04,1882.17,1888.63,218045.0005,1689811199999,415268112.54340094,266831,108435.7397,206536797.50756,0
1689811200000,1888.64,1929.05,1878.0,1891.59,292907.5164,1689897599999,556981450.4553009,353180,146238.3371,278124518.645565,0
1689897600000,1891.59,1905.74,1884.64,1891.73,165554.0428,1689983999999,313414135.895111,260385,80526.6642,152465025.971911,0
1689984000000,1891.73,1897.35,1851.18,1866.52,131901.6487,1690070399999,247820592.768613,240897,63386.2807,119075556.079677,0
1690070400000,1866.52,1905.25,1857.82,1888.73,153501.0178,1690156799999,288736391.861338,254227,77750.7953,146207958.769452,0
1690156800000,1888.74,1890.86,1833.19,1850.0,276504.5547,1690243199999,512402907.457845,336366,132903.4964,246198594.777422,0
1690243200000,1850.0,1868.71,1845.45,1857.66,152251.21,1690329599999,282696600.921257,248856,74772.6946,138842172.885674,0
1690329600000,1857.66,1888.0,1848.35,1872.0,272090.5333,1690415999999,507049348.717311,319851,148093.9082,275939339.567176,0
1690416000000,1871.99,1886.11,1854.84,1861.28,163766.4259,1690502399999,306463587.40202,252294,80701.93,151048244.460309,0
1690502400000,1861.29,1883.39,1856.52,1874.19,138695.7147,1690588799999,259228467.502262,219389,70493.2035,131768046.050694,0
1690588800000,1874.2,1886.58,1869.54,1880.46,72867.0269,1690675199999,136676328.67955,166385,35883.3501,67306690.351579,0
1690675200000,1880.45,1885.3,1848.17,1861.79,158657.5902,1690761599999,296504225.221497,247858,82527.463,154244296.269244,0
1690761600000,1861.79,1877.4,1851.02,1856.14,168204.4534,1690847999999,313517086.161755,246487,81667.8524,152228050.615145,0
1690848000000,1856.13,1875.62,1813.8,1873.47,358476.0966,1690934399999,659100582.108448,411508,170424.3649,313392733.794412,0
1690934400000,1873.48,1879.74,1821.21,1839.9,254213.0553,1691020799999,470466371.262786,331270,122977.5627,227628401.257956,0
1691020800000,1839.9,1859.12,1826.0,1835.81,171148.052,1691107199999,315081750.38648,254918,84099.073,154854420.421639,0
1691107200000,1835.81,1851.31,1815.74,1830.23,187699.4552,1691193599999,344687096.602038,256002,90965.1443,167095446.038227,0
1691193600000,1830.24,1839.0,1827.5,1836.48,93657.3255,1691279999999,171683574.022643,174254,46888.3941,85951801.632353,0
1691280000000,1836.48,1838.58,1825.86,1830.28,90403.9915,1691366399999,165701947.019345,169928,43827.8515,80334895.42593,0
1691366400000,1830.28,1847.0,1802.0,1829.1,224092.9059,1691452799999,409166592.89164895,289161,109927.115,200686537.155386,0
1691452800000,1829.1,1876.51,1826.33,1856.3,236336.03,1691539199999,436891258.634858,322607,121075.1387,223753000.410186,0
1691539200000,1856.3,1871.99,1846.28,1855.35,191926.8343,1691625599999,356559464.883318,266834,93172.6895,173114071.770235,0
1691625600000,1855.36,1865.95,1845.38,1852.47,127321.4553,1691711999999,236043286.656351,208017,62527.3615,115937584.656644,0
1691712000000,1852.47,1857.26,1838.05,1848.84,113209.3103,1691798399999,209237745.63836,197546,54665.6809,101048972.227958,0
1691798400000,1848.84,1854.01,1846.08,1849.93,63292.6476,1691884799999,117106742.569844,154110,32218.9528,59615440.052437,0
1691884800000,1849.94,1862.0,1834.51,1840.73,120674.1364,1691971199999,222956657.347428,211874,69109.1508,127637208.702245,0
1691971200000,1840.73,1856.5,1835.0,1845.5,150196.1203,1692057599999,277387603.677403,244296,69702.7957,128731746.137513,0
1692057600000,1845.5,1847.36,1814.0,1828.98,186081.6989,1692143999999,341622741.956271,264314,85927.3188,157737206.702051,0
1692144000000,1828.98,1831.52,1798.17,1807.81,205430.7368,1692230399999,373631455.899558,311372,94619.3996,172094672.818027,0
1692230400000,1807.81,1809.99,1550.0,1681.49,812138.2159,1692316799999,1390504308.003381,906515,389817.1811,666353412.643052,0
1692316800000,1681.49,1699.4,1641.02,1661.59,538083.1018,1692403199999,901117750.7173231,597838,256018.6718,428794110.089386,0
1692403200000,1661.6,1696.72,1654.31,1669.67,231919.0485,1692489599999,387407573.3804,312174,116535.7301,194692011.360829,0
1692489600000,1669.68,1694.75,1662.03,1685.24,195623.5263,1692575999999,327342264.94863,275035,94917.0042,158824704.099472,0
1692576000000,1685.23,1688.59,1649.4,1667.55,250835.1518,1692662399999,418860905.06739694,297843,117136.718,195605713.143898,0
1692662400000,1667.56,1669.38,1580.0,1634.99,402012.045,1692748799999,657589420.923018,484314,187447.1847,306584459.756798,0
1692748800000,1635.0,1702.11,1629.05,1679.61,374761.1088,1692835199999,622717740.76397,472134,180299.0885,299569404.886001,0
1692835200000,1679.61,1683.37,1635.28,1661.16,231539.7805,1692921599999,383948287.500426,287178,111082.6585,184136212.632219,0
1692921600000,1661.16,1677.22,1635.51,1653.8,236261.6898,1693007999999,390502520.582296,307211,114825.1861,189795100.574874,0
1693008000000,1653.79,1655.59,1644.0,1647.04,79175.425,1693094399999,130634757.648333,157980,36874.9536,60839314.571021,0
1693094400000,1647.03,1660.24,1646.32,1658.33,87789.9196,1693180799999,145109143.683836,163046,45374.4533,75003594.938715,0
1693180800000,1658.33,1664.34,1621.75,1653.08,214351.0143,1693267199999,352868062.83225,274580,103654.5089,170648261.334814,0
1693267200000,1653.08,1745.84,1640.0,1729.42,494371.0823,1693353599999,842464924.522092,504683,251594.2652,428870082.857159,0
1693353600000,1729.41,1730.93,1694.34,1705.23,202841.4402,1693439999999,347291135.28552,308391,97462.2728,166837724.683157,0
1693440000000,1705.23,1729.0,1630.0,1645.76,330518.2668,1693526399999,554219312.094311,396774,158776.9421,266221239.021038,0
1693526400000,1645.77,1654.53,1602.33,1629.12,302406.1686,1693612799999,493457144.938849,368740,152891.8655,249490726.906069,0
1693612800000,1629.13,1645.0,1628.03,1637.03,102145.9476,1693699199999,166937240.933972,208209,50845.8558,83098703.769183,0
1693699200000,1637.02,1647.5,1625.14,1635.84,116767.2862,1693785599999,190979647.353311,216339,58997.6072,96501876.144268,0
1693785600000,1635.84,1644.82,1616.32,1630.51,168010.9056,1693871999999,274049115.417922,275381,79390.4406,129501176.247899,0
1693872000000,1630.52,1648.02,1609.69,1634.45,204365.4907,1693958399999,333010633.963955,299045,92320.4268,150498646.091964,0
1693958400000,1634.46,1670.0,1609.2,1633.15,219541.0193,1694044799999,358419121.474319,331227,106351.4694,173671492.353161,0
1694044800000,1633.15,1660.0,1623.4,1648.11,228558.2782,1694131199999,374542954.194732,319517,108679.2155,178109929.791434,0
1694131200000,1648.11,1658.93,1616.21,1636.44,221570.0458,1694217599999,362938822.785618,312966,109915.1953,180061629.980893,0
1694217600000,1636.43,1637.52,1629.74,1635.54,58519.6229,1694303999999,95627623.417556,156305,26774.7047,43756923.411164,0
1694304000000,1635.53,1635.7,1600.0,1617.42,207957.8428,1694390399999,336517904.443572,292581,100039.4638,161887440.956075,0
1694390400000,1617.42,1619.0,1531.01,1551.85,417424.8189,1694476799999,657137141.34232,470056,202066.273,318051411.665565,0
1694476800000,1551.84,1626.0,1549.67,1592.97,329739.9685,1694563199999,525392019.744392,444268,163861.7224,260938398.990684,0
1694563200000,1592.97,1619.3,1581.88,1607.62,223409.2889,1694649599999,357304191.673901,349327,107880.3712,172522864.733231,0
1694649600000,1607.61,1644.29,1607.05,1626.47,275301.1505,1694735999999,447913522.75155,414952,138634.912,225589264.493063,0
1694736000000,1626.48,1654.08,1611.42,1641.29,181340.024,1694822399999,295616593.107865,313776,88087.7606,143641063.631508,0
1694822400000,1641.3,1653.17,1631.31,1634.4,99555.4671,1694908799999,163144495.691079,245713,43821.9381,71819073.486561,0
1694908800000,1634.4,1635.0,1612.0,1622.48,120227.4117,1694995199999,195464805.891003,264713,53504.6423,86960701.565434,0
1694995200000,1622.48,1669.5,1603.88,1636.66,279041.6978,1695081599999,458235380.246686,453410,138512.8418,227475377.923703,0
1695081600000,1636.66,1661.04,1626.32,1643.12,184282.4258,1695167999999,302910996.591828,350549,87617.8889,144020378.481033,0
1695168000000,1643.13,1649.34,1604.51,1622.26,232844.2347,1695254399999,379255954.951705,382581,110068.5625,179266382.869451,0
1695254400000,1622.27,1625.3,1567.77,1583.94,240627.544,1695340799999,384503484.65584093,368163,113477.5269,181209870.858909,0
1695340800000,1583.94,1602.68,1576.58,1593.08,124886.091,1695427199999,198987470.055888,267398,59931.0382,95501097.433615,0
1695427200000,1593.07,1598.24,1587.45,1593.86,64537.1341,1695513599999,102806906.083431,217950,29897.5066,47624962.929268,0
1695513600000,1593.85,1601.12,1570.01,1580.71,137517.8533,1695599999999,218549215.974009,307377,69567.5288,110560825.810273,0
1695600000000,1580.71,1597.5,1563.01,1588.33,176706.9277,1695686399999,279294486.722661,405042,86242.6755,136326196.382982,0
1695686400000,1588.34,1599.78,1580.05,1594.01,125583.0161,1695772799999,199551097.289548,317309,60123.6282,95545795.235097,0
1695772800000,1594.02,1634.1,1583.5,1598.64,274404.4328,1695859199999,440883556.960054,478489,130309.7247,209389151.243776,0
1695859200000,1598.63,1668.21,1598.14,1652.99,331409.7015,1695945599999,541873730.296698,567825,161317.0219,263716289.477129,0
1695945600000,1653.0,1688.0,1648.37,1667.45,251975.6728,1696031999999,420335662.096628,494615,119324.5578,199086852.668729,0
1696032000000,1667.45,1694.32,1666.19,1670.89,136924.9141,1696118399999,229630339.535437,342315,74748.0519,125347764.512873,0
1696118400000,1670.89,1751.0,1668.0,1733.79,225611.5868,1696204799999,383793846.183488,495195,113996.1659,194000592.086688,0
1696204800000,1733.8,1744.0,1636.79,1662.4,378575.6898,1696291199999,643680600.0926031,773990,181099.2202,308057405.921358,0
1696291200000,1662.41,1670.65,1643.0,1656.88,198287.1164,1696377599999,328606758.398617,530016,93742.6154,155357300.321747,0
1696377600000,1656.88,1657.66,1625.0,1646.58,222861.7167,1696463999999,365919693.07999,553269,105410.5768,173086611.248066,0
1696464000000,1646.58,1655.47,1606.73,1611.79,237378.7449,1696550399999,386770321.772352,545845,110822.1459,180526551.030471,0
1696550400000,1611.79,1662.0,1611.68,1645.03,220507.9286,1696636799999,360565723.578844,539488,109623.0006,179235720.669668,0
1696636800000,1645.03,1647.71,1630.03,1633.57,101241.5732,1696723199999,165907550.809013,288695,47002.9812,77028514.729545,0
1696723200000,1633.56,1641.4,1616.17,1632.84,149424.6635,1696809599999,243516204.388717,372636,72838.6157,118698298.922767,0
1696809600000,1632.85,1636.0,1546.0,1580.13,340141.0988,1696895999999,540588837.459589,646240,167250.9839,265609380.018295,0
1696896000000,1580.13,1594.9,1550.55,1567.63,240659.3287,1696982399999,378967575.34008306,613660,122514.9803,192965581.789255,0
1696982400000,1567.62,1578.43,1544.26,1566.87,260253.9671,1697068799999,406667649.144022,605321,134785.4864,210618804.5234,0
1697068800000,1566.86,1568.56,1521.0,1539.61,237221.4977,1697155199999,366335747.01366705,510960,110863.925,171195520.917838,0
1697155200000,1539.61,1575.36,1537.76,1552.16,192205.8736,1697241599999,297929349.186925,520123,92439.2041,143291580.645839,0
1697241600000,1552.16,1561.72,1544.55,1554.94,100314.6754,1697327999999,155648012.907844,281561,41626.7567,64617045.026053,0
1697328000000,1554.94,1567.62,1547.44,1557.77,120311.2738,1697414399999,187266232.062386,316951,57789.4724,89957330.734353,0
1697414400000,1557.78,1639.43,1555.06,1599.42,418510.8644,1697500799999,665124956.25364,729569,215767.0856,342929071.445982,0
1697500800000,1599.41,1600.53,1551.08,1565.01,234817.0699,1697587199999,370032208.156754,475213,106364.4626,167596650.464214,0
1697587200000,1565.01,1585.42,1555.88,1563.44,177750.2253,1697673599999,279357949.45458,440577,87939.0343,138219607.962158,0
1697673600000,1563.45,1574.45,1541.61,1566.57,216217.6675,1697759999999,336684246.044496,469598,101807.2651,158534910.776496,0
1697760000000,1566.57,1630.4,1561.19,1603.89,315995.792,1697846399999,506065182.982314,651738,158954.7247,254549257.170936,0
1697846400000,1603.88,1644.53,1592.36,1628.94,176419.4092,1697932799999,285546594.56213,463033,89419.9093,144754684.681657,0
1697932800000,1628.94,1667.8,1621.1,1663.7,228650.9225,1698019199999,374841495.304391,580843,108635.9861,178084510.666948,0
1698019200000,1663.69,1800.0,1657.07,1765.46,610931.9663,1698105599999,1044121568.099054,1167834,302609.5335,517197485.18685293,0
1698105600000,1765.47,1854.38,1756.21,1784.98,674055.1375,1698191999999,1216867823.899225,1308532,335960.7613,606671583.3391169,0
1698192000000,1784.98,1817.69,1760.0,1787.15,354410.8294,1698278399999,634289515.5657791,774777,177656.3027,318020760.740403,0
1698278400000,1787.15,1865.54,1762.21,1803.38,431169.0453,1698364799999,781481904.959697,901019,216166.7856,391693373.21916705,0
1698364800000,1803.39,1803.91,1744.66,1779.4,274532.6921,1698451199999,488398895.217537,594592,137263.4682,244249949.518076,0
1698451200000,1779.41,1803.23,1770.0,1776.2,122919.7382,1698537599999,219588597.64105,333711,59590.4543,106460555.459359,0
1698537600000,1776.21,1811.3,1762.66,1795.14,144110.6508,1698623999999,258015412.931554,371024,68282.9779,122240383.728225,0
1698624000000,1795.14,1829.84,1777.77,1809.04,277686.192,1698710399999,501228029.31760496,560359,134895.648,243576319.809321,0
1698710400000,1809.03,1819.41,1780.99,1814.67,258074.5796,1698796799999,464695558.995254,577888,120112.9154,216284275.887916,0
1698796800000,1814.67,1857.66,1783.19,1846.99,471921.6184,1698883199999,858744655.311508,862416,234932.8994,427830377.61923105,0
1698883200000,1846.99,1875.0,1785.01,1800.8,368738.2193,1698969599999,674522153.765589,790110,185623.849,339696387.315571,0
1698969600000,1800.79,1834.58,1777.11,1832.71,315000.2678,1699055999999,568244477.517703,713592,148670.1446,268213982.308777,0
1699056000000,1832.7,1869.9,1824.03,1855.54,171538.0364,1699142399999,315560482.702516,463794,90964.8828,167382926.708237,0
1699142400000,1855.54,1912.67,1846.11,1891.71,383106.7628,1699228799999,721508408.943992,780672,194760.1848,366825053.12650496,0
1699228800000,1891.71,1914.23,1868.48,1900.95,328746.2394,1699315199999,622198937.156692,717293,163547.4576,309583391.106961,0
1699315200000,1900.95,1906.99,1850.32,1885.27,332419.4406,1699401599999,625566317.427045,760921,157050.0994,295599094.272118,0
1699401600000,1885.26,1904.69,1872.51,1888.12,247881.0997,1699487999999,468144576.741454,514836,125671.6197,237346429.604856,0
1699488000000,1888.11,2132.0,1882.07,2121.32,1100330.3237,1699574399999,2200484378.92985,1657379,576184.4116,1151326154.695377,0
1699574400000,2121.33,2136.99,2064.61,2077.72,555573.6495,1699660799999,1167220520.828261,880646,270796.8185,569032269.470129,0
1699660800000,2077.72,2089.6,2030.3,2053.17,370966.0372,1699747199999,763796737.4093751,675522,177075.1787,364652650.682364,0
1699747200000,2053.16,2066.5,2012.1,2044.68,281907.559,1699833599999,577153459.51571,556231,142320.7072,291430126.465684,0
1699833600000,2044.69,2118.0,2028.49,2053.65,529143.5815,1699919999999,1093862454.321374,1025249,261963.7359,541622293.089721,0
1699920000000,2053.65,2064.96,1936.6,1979.39,481909.733,1700006399999,972032428.326573,884487,227697.3986,459505858.160156,0
1700006400000,1979.4,2062.4,1967.01,2058.48,421870.8032,1700092799999,847945999.664,731745,214270.8055,430649792.143132,0
1700092800000,2058.49,2090.4,1939.1,1961.77,545286.1297,1700179199999,1101174547.308609,991673,258249.2406,521815881.914009,0
1700179200000,1961.77,1991.5,1904.0,1960.82,401100.5069,1700265599999,783561858.011889,788071,190084.3041,371312547.955412,0
1700265600000,1960.82,1971.22,1916.0,1962.6,279368.2208,1700351999999,543924395.733028,535494,125794.9894,245020429.99701,0
1700352000000,1962.59,2015.75,1942.89,2011.47,251132.6192,1700438399999,494600634.891146,506631,126144.4417,248644868.457963,0
1700438400000,2011.47,2066.4,1990.0,2021.4,421717.679,1700524799999,854002757.451172,751621,202758.5895,410688842.47982305,0
1700524800000,2021.41,2034.6,1931.43,1933.01,490163.9863,1700611199999,974304142.3971741,888864,228457.6645,454169629.260296,0
1700611200000,1933.01,2092.46,1928.41,2063.21,466120.5109,1700697599999,943776525.65738,796700,230629.9937,466898382.311014,0
1700697600000,2063.22,2088.94,2040.35,2062.2,250960.6958,1700783999999,517482313.452256,527877,125214.9169,258240481.047099,0
1700784000000,2062.21,2133.02,2059.37,2080.84,426932.5402,1700870399999,894370772.518114,672044,209685.717,439269617.03678304,0
1700870400000,2080.84,2090.54,2065.3,2083.09,138847.393,1700956799999,288887833.978004,350920,69009.3343,143596956.953531,0
1700956800000,2083.1,2094.99,2036.42,2062.33,241262.9136,1701043199999,499314260.83391505,510922,118774.1509,245826217.302756,0
1701043200000,2062.34,2071.24,1985.78,2027.5,326073.2298,1701129599999,660673302.74006,622522,159492.2391,323207766.236463,0
1701129600000,2027.5,2075.0,1995.15,2048.14,283775.9279,1701215999999,578404413.958468,606358,146633.5652,298858840.662627,0
1701216000000,2048.14,2075.7,2019.31,2028.81,254843.7319,1701302399999,521225853.33225,503614,125984.0441,257660016.097295,0
1701302400000,2028.8,2054.75,2020.85,2051.96,243680.0921,1701388799999,496360388.66638494,458227,123357.9875,251301504.634003,0
1701388800000,2051.95,2110.87,2045.04,2087.24,372645.586,1701475199999,778670941.03376,598646,193580.1024,404463202.528674,0
1701475200000,2087.24,2186.6,2086.25,2164.74,320979.9768,1701561599999,684434398.684245,618401,177507.9065,378562669.288434,0
1701561600000,2164.75,2217.27,2149.0,2192.95,257879.1136,1701647999999,560343820.0285089,556948,135206.3079,293879684.386559,0
1701648000000,2192.96,2274.28,2191.0,2243.37,565307.7134,1701734399999,1263069834.208612,980117,283090.7467,632410939.65829,0
1701734400000,2243.36,2309.72,2188.33,2293.33,529829.7214,1701820799999,1190597719.193227,1018557,272102.5162,611589710.74711,0
1701820800000,2293.33,2312.23,2220.0,2232.7,408338.9056,1701907199999,925926168.1093421,842212,201586.6438,457181711.84181905,0
1701907200000,2232.7,2382.8,2222.0,2355.73,485190.0609,1701993599999,1115389522.523053,921917,253392.503,582277684.037913,0
1701993600000,2355.74,2392.0,2336.34,2358.72,378569.8126,1702079999999,893841920.83732,713431,188434.411,444945340.37882704,0
1702080000000,2358.71,2403.0,2328.01,2340.49,287771.0664,1702166399999,679437458.931254,648813,143129.4262,338059268.859952,0
1702166400000,2340.48,2377.47,2320.0,2352.39,200037.2102,1702252799999,469860963.947153,464455,98846.2403,232231421.449705,0
1702252800000,2352.39,2355.0,2156.62,2225.12,640414.9166,1702339199999,1426910964.96622,1153316,310376.7183,691367771.317584,0
1702339200000,2225.11,2244.12,2166.0,2203.46,361588.9087,1702425599999,799015127.4149741,804062,174479.1572,385626460.74170893,0
1702425600000,2203.47,2284.02,2144.32,2260.16,418916.6154,1702511999999,922420273.947253,897019,208136.212,458517097.439537,0
1702512000000,2260.16,2332.11,2228.2,2315.32,409508.0931,1702598399999,934716057.650864,918965,199995.2598,456684016.25940704,0
1702598400000,2315.32,2317.81,2200.0,2220.5,333552.6328,1702684799999,754022987.2477219,714102,158002.0979,357145001.645171,0
1702684800000,2220.51,2263.4,2210.0,2228.96,199285.923,1702771199999,446980227.082835,528692,102517.1494,229991096.387078,0
1702771200000,2228.96,2248.68,2191.5,2196.52,225925.7675,1702857599999,501306718.242808,531241,110196.7331,244591673.218002,0
1702857600000,2196.53,2224.0,2116.6,2219.43,364103.1181,1702943999999,789100505.031711,769310,185328.3664,401777681.859636,0
1702944000000,2219.44,2255.0,2135.55,2177.91,383551.4049,1703030399999,847060839.7083981,786067,199184.6769,440190473.49901503,0
1703030400000,2177.9,2266.0,2156.0,2202.17,416841.6272,1703116799999,922794580.7034019,867198,217937.7275,482487428.03181,0
1703116800000,2202.17,2279.31,2182.98,2239.61,453069.7252,1703203199999,1010354340.135799,848508,231043.8883,515263188.513108,0
1703203200000,2239.6,2343.15,2230.59,2324.54,591357.488,1703289599999,1358322906.958078,1124820,304284.728,698670214.9487951,0
1703289600000,2324.54,2330.65,2265.0,2308.2,255626.9352,1703375999999,586078143.242079,588229,125338.9003,287364940.980557,0
1703376000000,2308.2,2326.19,2245.0,2264.05,307951.076,1703462399999,705420988.78504,711200,149344.8048,342167364.796424,0
1703462400000,2264.04,2304.8,2253.1,2271.35,286277.1616,1703548799999,652158658.2583511,613108,142610.6547,324881292.119615,0
1703548800000,2271.36,2274.99,2178.45,2230.88,410413.1591,1703635199999,916097827.4984499,701701,204347.7388,456146429.338457,0
1703635200000,2230.88,2392.44,2211.88,2378.35,541537.3574,1703721599999,1250873719.550661,978666,275739.282,637066006.827834,0
1703721600000,2378.35,2445.8,2335.0,2344.15,580459.982,1703807999999,1385456486.286191,1241094,286686.8536,684383781.918876,0
1703808000000,2344.15,2385.41,2255.34,2299.2,450201.2069,1703894399999,1049566350.122209,990308,220819.1179,515080529.831584,0
1703894400000,2299.2,2322.84,2268.0,2291.68,210539.1327,1703980799999,483369913.478846,555932,104439.5003,239815289.256531,0
1703980800000,2291.68,2321.34,2258.88,2281.87,222175.8779,1704067199999,510046689.187396,548848,109570.8069,251574412.242063,0
1704067200000,2281.87,2352.37,2265.24,2352.04,216702.6914,1704153599999,500451219.612806,536670,112374.437,259588575.400245,0
1704153600000,2352.05,2431.3,2341.0,2355.34,458041.6642,1704239999999,1090922198.049091,1028335,223746.2422,532982278.479752,0
1704240000000,2355.35,2385.45,2100.0,2209.72,798729.4869,1704326399999,1797597895.179904,1351067,401227.7608,903126257.915757,0
1704326400000,2209.72,2294.69,2201.91,2267.11,448844.055,1704412799999,1009072619.206773,780771,234794.6283,527905592.149523,0
1704412800000,2267.11,2277.21,2206.17,2268.78,405568.0006,1704499199999,910367621.1816621,758963,213615.4427,479634490.30828,0
1704499200000,2268.78,2270.0,2216.4,2240.78,194067.8656,1704585599999,434867515.95915693,450441,96482.4173,216188633.006756,0
1704585600000,2240.77,2258.01,2203.46,2221.42,207138.6927,1704671999999,463525159.25742894,516569,102848.6702,230218378.9544,0
1704672000000,2221.42,2358.2,2166.38,2330.44,539407.5547,1704758399999,1221527410.440822,1069027,279216.731,632217788.55808,0
1704758400000,2330.43,2371.72,2226.78,2344.29,551454.9931,1704844799999,1267764132.836077,1196445,273075.8892,627991032.601324,0
1704844800000,2344.3,2643.1,2339.59,2584.38,1038388.666,1704931199999,2536320982.388543,2010707,535126.4372,1307342421.540569,0
1704931200000,2584.37,2689.39,2566.01,2618.01,838712.2577,1705017599999,2194916359.191646,1693755,422894.0564,1106947875.844673,0
1705017600000,2618.01,2717.32,2458.0,2522.54,887457.7627,1705103999999,2318179618.086912,1860636,438363.572,1145981221.305494,0
1705104000000,2522.55,2590.0,2497.5,2578.19,422061.232,1705190399999,1075466481.72042,898845,218172.4057,556065721.44368,0
1705190400000,2578.18,2578.69,2470.0,2472.87,306207.7463,1705276799999,774962904.807117,732294,144164.479,364865278.473857,0
1705276800000,2472.87,2553.82,2470.92,2511.78,315247.8819,1705363199999,793871974.871601,789378,159083.4366,400685806.641764,0
1705363200000,2511.79,2614.43,2500.05,2587.4,381077.6247,1705449599999,972060398.7746,1140088,201471.8152,514039096.291548,0
1705449600000,2587.41,2592.97,2506.75,2530.19,366281.3477,1705535999999,933809190.348208,1140624,180607.8146,460417669.702018,0
1705536000000,2530.2,2550.0,2428.56,2470.81,452090.1074,1705622399999,1129803152.914788,894355,213299.1789,533210494.568168,0
1705622400000,2470.81,2504.2,2415.2,2492.0,424209.0029,1705708799999,1047352971.89337,855044,206802.9585,510669928.423242,0
1705708800000,2491.99,2492.0,2454.2,2472.01,136620.9577,1705795199999,337794603.1476,418938,64429.7262,159284530.839302,0
1705795200000,2472.02,2482.18,2452.13,2457.05,122572.1687,1705881599999,303022758.728082,360446,61174.3555,151252878.978452,0
1705881600000,2457.06,2466.1,2303.59,2314.2,526337.6492,1705967999999,1252505758.322904,933793,245492.642,584077487.054258,0
1705968000000,2314.19,2352.23,2168.07,2242.6,700105.3314,1706054399999,1568448812.43809,1204183,342792.2358,768007673.887935,0
1706054400000,2242.6,2264.6,2196.12,2235.02,359851.1496,1706140799999,802477123.108515,801012,175571.1055,391550218.454572,0
1706140800000,2235.02,2242.89,2171.3,2218.64,330426.6061,1706227199999,731016014.3822889,756164,167421.8149,370422421.764266,0
1706227200000,2218.64,2282.36,2195.84,2267.68,363566.4255,1706313599999,815753832.163171,823603,182453.1834,409362536.72305906,0
1706313600000,2267.67,2282.94,2251.4,2267.94,145109.3836,1706399999999,329102144.459815,416970,71016.4181,161066722.425447,0
1706400000000,2267.94,2308.24,2239.89,2256.9,209326.9087,1706486399999,476534769.158892,566626,104154.0496,237191132.099136,0
1706486400000,2256.9,2322.34,2233.8,2317.6,305528.0776,1706572799999,696374288.619473,681798,162757.9493,370938691.791536,0
1706572800000,2317.61,2391.98,2297.0,2343.01,372879.5791,1706659199999,871148737.1666579,770660,183075.949,427968852.78869694,0
1706659200000,2343.0,2351.6,2263.57,2283.14,397116.1859,1706745599999,920131584.290104,922884,190645.6067,441780164.05471903,0
1706745600000,2283.15,2311.72,2240.0,2304.28,310997.4538,1706831999999,708868445.0467551,779472,158219.2558,360682829.633507,0
1706832000000,2304.28,2324.74,2281.94,2309.06,238230.511,1706918399999,549302201.697642,574621,124140.5547,286293198.37916,0
1706918400000,2309.07,2329.98,2292.75,2296.49,133232.845,1707004799999,307866239.186442,397464,67739.1604,156542429.20219,0
1707004800000,2296.5,2311.0,2266.0,2289.79,171232.0444,1707091199999,393039532.452068,506684,86355.8479,198240508.080911,0
1707091200000,2289.79,2338.41,2269.11,2301.83,236610.412,1707177599999,545576620.0025649,730863,119477.2073,275457076.81283,0
1707177600000,2301.84,2392.4,2299.0,2372.64,368942.7498,1707263999999,864113645.787681,861796,194747.0503,455966832.433515,0
1707264000000,2372.63,2444.44,2354.0,2425.1,342791.7013,1707350399999,820475884.3035209,860357,170845.0334,409066707.644346,0
1707350400000,2425.09,2463.15,2411.01,2419.55,338040.0539,1707436799999,821961943.652096,894102,171666.22,417466887.60629,0
1707436800000,2419.56,2525.0,2419.16,2486.56,492384.385,1707523199999,1222635531.628793,1134276,267424.6382,663906268.872707,0
1707523200000,2486.56,2516.45,2471.57,2500.24,185099.59,1707609599999,461966177.394756,622723,92100.7468,229916992.533443,0
1707609600000,2500.24,2539.63,2493.45,2507.21,219975.1471,1707695999999,553430378.325069,711081,108625.5497,273332221.822829,0
1707696000000,2507.22,2665.58,2472.0,2659.99,449501.776,1707782399999,1152087242.126358,1019390,234514.5882,600948748.239497,0
1707782400000,2659.99,2686.12,2590.0,2639.99,502447.745,1707868799999,1328138932.929169,1044885,251035.4108,663739320.800162,0
1707868800000,2639.99,2786.0,2618.4,2774.81,461670.6944,1707955199999,1258639954.547665,1090412,239546.5698,653095961.204625,0
1707955200000,2774.8,2867.65,2759.25,2822.59,481689.1874,1708041599999,1353587492.514775,1347619,243023.6342,682988254.220004,0
1708041600000,2822.58,2857.4,2740.0,2801.8,378070.8037,1708127999999,1062271564.48786,1123447,185179.0505,520346616.720798,0
1708128000000,2801.81,2804.21,2719.01,2785.93,243302.8759,1708214399999,673711593.2517129,969157,119901.8284,332078826.686927,0
1708214400000,2785.92,2895.0,2764.25,2881.2,367987.8833,1708300799999,1037802342.593287,1311570,195921.8991,552680229.202235,0
1708300800000,2881.2,2984.52,2856.93,2944.8,446451.0401,1708387199999,1302430726.129661,1539410,227406.12,663377285.5822049,0
1708387200000,2944.8,3033.09,2874.56,3014.81,634681.7471,1708473599999,1868745481.647549,1517960,326652.0062,962250454.924167,0
1708473600000,3014.81,3017.15,2868.0,2967.9,595955.0033,1708559999999,1746960179.79394,1256455,304412.8595,892448097.6869059,0
1708560000000,2967.91,3036.02,2906.51,2971.4,563525.9936,1708646399999,1676206889.451405,1205856,287462.4082,855123373.243196,0
1708646400000,2971.4,2993.8,2906.05,2922.24,428826.5787,1708732799999,1261137725.511952,1003464,213798.4907,628768240.52667,0
1708732800000,2922.25,3007.48,2906.4,2992.62,243854.0783,1708819199999,721993808.566193,718718,129344.7613,382999668.629128,0
1708819200000,2992.62,3122.0,2983.61,3112.59,412306.2237,1708905599999,1257766106.546299,1085332,214481.5073,654277370.550548,0
1708905600000,3112.6,3196.0,3036.59,3175.94,546722.7747,1708991999999,1703165045.241492,1391934,261235.6085,814240988.8478969,0
1708992000000,3175.95,3288.14,3160.02,3242.36,625939.1221,1709078399999,2025805516.974933,1676466,313778.3423,1015674724.025601,0
1709078400000,3242.35,3488.0,3176.16,3383.1,947538.766,1709164799999,3153201034.914763,2442603,475465.5259,1583075300.157671,0
1709164800000,3383.11,3522.81,3300.0,3340.09,759698.1123,1709251199999,2608623102.49017,2112875,391723.2419,1346123911.227616,0
1709251200000,3340.1,3450.0,3338.54,3433.43,412788.5773,1709337599999,1405295834.572694,1263130,199773.6622,680364451.594785,0
1709337600000,3433.42,3460.04,3390.01,3421.4,283984.9448,1709423999999,971756920.451209,926113,138242.2778,473033589.27969503,0
1709424000000,3421.39,3491.8,3360.0,3487.81,341631.531,1709510399999,1172272660.98449,1116823,168839.1633,579484704.665243,0
1709510400000,3487.8,3640.94,3423.78,3627.76,715360.6361,1709596799999,2526905041.93919,1953764,355054.0244,1255112595.621176,0
1709596800000,3627.75,3822.04,3200.0,3553.65,1392904.864,1709683199999,5043847679.68348,3265582,683199.4423,2476743374.2905154,0
1709683200000,3553.66,3900.0,3499.4,3818.59,969494.71,1709769599999,3652250924.2777367,2555462,479721.078,1807560970.8480992,0
1709769600000,3818.58,3933.81,3735.0,3868.76,540780.675,1709855999999,2067607917.443709,1636716,272250.4111,1041269288.719338,0
1709856000000,3868.76,3993.75,3820.0,3883.36,646399.2589,1709942399999,2534209920.0055647,1657141,322673.2991,1265164190.072715,0
1709942400000,3883.37,3942.0,3870.01,3905.21,254839.1386,1710028799999,995823688.313553,819335,128650.6144,502755116.16450304,0
1710028800000,3905.2,3964.67,3791.26,3878.47,356664.68,1710115199999,1393415653.98342,1195480,170475.8389,666139346.304353,0
1710115200000,3878.47,4086.23,3722.95,4064.8,721554.5139,1710201599999,2874119154.303359,1894504,332359.6655,1322703936.946775,0
1710201600000,4064.8,4093.92,3828.98,3979.96,632787.3941,1710287999999,2522475873.08181,1878541,317065.073,1263946890.580183,0
1710288000000,3979.97,4083.0,3932.23,4004.79,482305.7766,1710374399999,1933909390.302124,1536498,246106.0739,986890622.1480621,0
1710374400000,4004.79,4010.98,3723.0,3881.7,648237.5245,1710460799999,2520007951.6912,1919963,314205.6322,1221942698.652346,0
1710460800000,3881.69,3934.02,3570.0,3742.19,947537.4071,1710547199999,3513477459.320449,2487337,465197.9489,1725903963.688357,0
1710547200000,3742.19,3781.12,3468.8,3523.09,548288.1569,1710633599999,1999176881.3126152,1798939,262005.6019,956602039.4865581,0
1710633600000,3523.09,3678.68,3412.0,3644.71,517790.9936,1710719999999,1843487764.621314,1721355,255961.304,911579392.3571581,0
1710720000000,3644.7,3645.02,3454.09,3520.46,570901.2851,1710806399999,2029690613.721462,1906387,273425.6255,972198172.928533,0
1710806400000,3520.47,3548.09,3150.88,3158.64,1049629.6936,1710892799999,3474307712.276456,2647385,486413.3436,1610306786.636244,0
1710892800000,3158.65,3535.24,3056.56,3516.53,1207322.8201,1710979199999,3957251428.8990407,2987953,589456.8972,1933803131.47832,0
1710979200000,3516.53,3587.32,3412.0,3492.85,602755.2072,1711065599999,2114084858.1565351,1791989,295366.0008,1035991329.66088,0
1711065600000,3492.84,3542.52,3250.0,3336.35,558848.888,1711151999999,1891771641.0190072,1747756,278223.9901,942265836.8498911,0
1711152000000,3336.35,3435.48,3270.08,3329.53,323675.9448,1711238399999,1089778379.601229,1129683,154840.9529,521336391.128006,0
1711238400000,3329.53,3471.22,3298.76,3454.98,260824.1408,1711324799999,879033073.0314541,1090982,131855.2555,444714434.07356095,0
1711324800000,3454.99,3666.0,3420.12,3590.42,548577.6942,1711411199999,1945377748.66027,1610130,294233.1102,1043376714.760683,0
1711411200000,3590.43,3678.86,3542.62,3587.33,499013.8384,1711497599999,1800812035.846224,1373691,232584.3636,838803442.5508449,0
1711497600000,3587.32,3665.84,3460.02,3501.19,443195.3297,1711583999999,1576098628.307976,1436593,215695.7983,767206050.835836,0
1711584000000,3501.2,3611.78,3465.0,3560.49,404654.0311,1711670399999,1436630524.623043,1158353,206071.3773,731610238.593602,0
1711670400000,3560.49,3584.37,3445.91,3509.74,323086.179,1711756799999,1138548291.158387,951744,153989.3551,543117114.814375,0
1711756800000,3509.74,3565.81,3485.0,3505.64,216025.2634,1711843199999,759625521.451892,750249,113298.4158,398420911.34965,0
1711843200000,3505.65,3655.32,3505.09,3645.29,243464.9877,1711929599999,878141654.3459821,722927,128657.5832,463986951.494866,0
1711929600000,3645.29,3645.95,3413.71,3503.8,408854.1225,1712015999999,1437691729.032314,1115133,195398.2616,687310223.775467,0
1712016000000,3503.8,3505.6,3212.0,3278.96,623264.6476,1712102399999,2068004456.0628233,1581408,301656.6252,1000777383.277249,0
1712102400000,3278.96,3367.4,3202.79,3310.83,410484.1933,1712188799999,1358993604.798615,1113644,203085.1479,672512688.0708071,0
1712188800000,3310.83,3443.93,3250.92,3327.4,356338.5716,1712275199999,1187792289.214371,965695,172474.3566,575142238.42727,0
1712275200000,3327.39,3350.0,3210.0,3317.85,344556.7983,1712361599999,1132252495.889124,854139,170435.7766,560317623.717126,0
1712361600000,3317.85,3398.42,3306.68,3351.59,183312.2125,1712447999999,612681489.148954,549985,88419.098,295511518.819452,0
1712448000000,3351.59,3459.94,3344.08,3454.2,210459.0752,1712534399999,715174110.573835,748530,105736.6548,359423500.72974,0
1712534400000,3454.2,3730.71,3406.36,3694.61,496841.3532,1712620799999,1787240600.808657,1333378,278914.0233,1002520506.699263,0
1712620800000,3694.61,3727.34,3450.46,3506.39,457592.252,1712707199999,1643610851.75092,1046479,220547.0893,791949096.359677,0
1712707200000,3506.4,3562.95,3411.82,3545.64,389404.9055,1712793599999,1361401195.431785,915957,192647.044,673705538.7782689,0
1712793600000,3545.64,3618.3,3474.52,3502.52,338139.5534,1712879999999,1197654094.446207,890107,165840.8436,587427817.312289,0
1712880000000,3502.52,3552.4,3100.0,3237.43,697327.1174,1712966399999,2328197177.420495,1423600,330495.3149,1105188365.986858,0
1712966400000,3237.42,3301.9,2852.0,3007.01,994971.2354,1713052799999,3066250202.835826,2037632,462824.4833,1424811475.09485,0
1713052800000,3007.01,3174.23,2906.73,3155.11,737580.4666,1713139199999,2244354713.135616,1680666,371070.3653,1128957864.665172,0
1713139200000,3155.11,3277.85,3023.19,3101.99,605430.8863,1713225599999,1911310147.2306633,1540774,291924.744,921674901.568192,0
1713225600000,3102.0,3128.01,2986.0,3084.22,526113.855,1713311999999,1610290812.173095,1461779,253281.2795,775556508.638042,0
1713312000000,3084.21,3123.75,2914.47,2985.41,491897.5661,1713398399999,1483253378.358158,1348404,251660.7262,759106689.9824209,0
1713398400000,2985.41,3094.4,2950.98,3064.4,389060.7133,1713484799999,1177977125.358139,1168254,205229.8503,621538711.140502,0
1713484800000,3064.4,3128.89,2865.18,3056.46,607850.4019,1713571199999,1843119282.769549,1465901,307900.1774,934301492.397589,0
1713571200000,3056.45,3171.88,3018.75,3155.79,242577.6371,1713657599999,749727918.3962579,812118,124363.7908,384439163.55444705,0
1713657600000,3155.79,3197.18,3116.49,3147.67,219970.5072,1713743999999,694988777.191024,767260,112675.8885,356074084.712093,0
1713744000000,3147.66,3235.0,3129.15,3200.2,290879.9569,1713830399999,928957385.3802301,993579,154288.5918,492830847.644836,0
1713830400000,3200.19,3263.61,3152.0,3219.46,253914.2263,1713916799999,813798516.3203859,844893,130572.4564,418614329.140766,0
1713916800000,3219.46,3293.56,3104.9,3140.8,393314.3414,1714003199999,1261617674.785295,1130370,194455.1272,623756637.157222,0
1714003200000,3140.79,3191.64,3072.2,3155.8,352288.5502,1714089599999,1104939534.274997,861077,181392.8007,568945918.819377,0
1714089600000,3155.81,3167.7,3102.0,3131.3,252522.655,1714175999999,792255507.8625581,628635,127753.6376,400872715.709274,0
1714176000000,3131.3,3285.0,3066.74,3255.56,323811.1919,1714262399999,1027413859.249457,734026,174549.3936,553988783.956655,0
1714262400000,3255.55,3357.4,3250.45,3263.45,304766.009,1714348799999,1006628332.290045,753239,157192.4194,519222579.019554,0
1714348800000,3263.44,3286.95,3115.13,3216.73,421831.2912,1714435199999,1345237182.553429,943719,211216.5613,673542868.960571,0
1714435200000,3216.74,3250.95,2921.0,3014.05,561717.4866,1714521599999,1710124473.495703,1292873,267662.5649,814867898.878449,0
1714521600000,3014.04,3023.24,2817.0,2972.46,624963.7773,1714607999999,1827523436.860293,1365039,303494.8674,887304179.09162,0
1714608000000,2972.46,3016.72,2893.26,2986.19,365939.7191,1714694399999,1084862887.847943,880167,200507.613,594224560.6873649,0
1714694400000,2986.19,3126.99,2958.32,3102.61,355825.8391,1714780799999,1081409861.154123,859542,186728.4623,567590125.8283111,0
1714780800000,3102.61,3168.0,3092.85,3117.23,196263.9488,1714867199999,613297368.100618,575026,100770.982,314978702.105466,0
1714867200000,3117.24,3171.93,3072.99,3136.41,218760.2662,1714953599999,684143592.814579,600693,115269.448,360512833.29317296,0
1714953600000,3136.4,3221.4,3046.35,3062.6,355135.3027,1715039999999,1111315631.576414,873200,172864.4334,541369437.880736,0
1715040000000,3062.59,3129.85,2998.0,3005.69,298796.6829,1715126399999,917252045.6882031,815246,139762.8508,429359938.30876493,0
1715126400000,3005.69,3038.15,2936.48,2974.21,266934.8125,1715212799999,800460076.6356671,830635,133303.1238,399808582.39447695,0
1715212800000,2974.2,3059.0,2950.77,3036.23,238561.7462,1715299199999,715090822.076205,686147,122805.9215,368133010.88995105,0
1715299200000,3036.24,3053.89,2878.03,2909.99,327855.8758,1715385599999,972264869.4920499,891040,154417.0672,458374734.958482,0
1715385600000,2909.98,2945.67,2886.46,2912.45,138163.1087,1715471999999,402989065.566229,466357,68667.2224,200322136.669701,0
1715472000000,2912.45,2955.2,2901.17,2929.29,107670.6323,1715558399999,315212004.622529,367990,49118.1523,143794831.49423,0
1715558400000,2929.3,2996.4,2864.76,2950.99,368664.7648,1715644799999,1083553488.623212,925017,186525.3687,548782383.793628,0
1715644800000,2950.99,2960.6,2862.0,2881.93,269675.3037,1715731199999,783471918.254666,617845,132978.233,386314503.847034,0
1715731200000,2881.93,3041.36,2863.75,3032.55,350254.3188,1715817599999,1036063008.59966,760817,175148.4191,518053714.898658,0
1715817600000,3032.55,3041.24,2922.8,2944.7,293874.1513,1715903999999,876706595.658027,575271,140171.4796,418208240.567446,0
1715904000000,2944.7,3120.0,2933.06,3092.01,357724.7731,1715990399999,1088374622.991193,754274,180386.216,548948430.858192,0
1715990400000,3092.0,3146.98,3083.61,3122.94,199976.5456,1716076799999,622730956.337748,527531,96341.4461,300062897.672429,0
1716076800000,3122.94,3136.64,3053.38,3071.19,166145.0102,1716163199999,513790068.69183,470419,74505.5837,230359925.232981,0
1716163200000,3071.2,3694.0,3047.67,3661.78,847107.8828,1716249599999,2853349713.672701,2226153,442408.9418,1490710929.534518,0
1716249600000,3661.79,3841.54,3624.28,3789.6,952437.2694,1716335999999,3557244460.363258,2204702,471779.518,1762078355.60011,0
1716336000000,3789.59,3813.69,3653.15,3737.73,574938.3099,1716422399999,2151256432.12026,1339940,284002.5913,1062768583.89509,0
1716422400000,3737.72,3949.29,3498.0,3783.61,1127866.076,1716508799999,4283549690.4411807,2682768,564546.1661,2145257882.1608791,0
1716508800000,3783.6,3829.61,3626.1,3728.28,479418.4318,1716595199999,1782983862.212967,1159074,244045.0104,907694433.158981,0
1716595200000,3728.28,3779.43,3709.03,3749.26,158711.8992,1716681599999,594438275.8051369,503711,81761.1157,306215084.302227,0
1716681600000,3749.25,3884.2,3731.17,3826.47,292208.2937,1716767999999,1115661431.007397,697286,145205.4439,554271417.2904991,0
1716768000000,3826.47,3977.0,3823.37,3894.22,363717.6473,1716854399999,1424169372.465946,971964,183721.8676,719417955.980629,0
1716854400000,3894.21,3931.09,3773.9,3844.69,416249.8344,1716940799999,1605074794.248354,941338,206643.3559,796958340.18732,0
1716940800000,3844.69,3888.55,3742.59,3767.43,334759.6348,1717027199999,1274087642.072243,883401,170583.4441,649078378.829046,0
1717027200000,3767.44,3825.35,3702.58,3747.91,277034.2894,1717113599999,1042146006.39132,765716,135950.1498,511516684.881294,0
1717113600000,3747.9,3849.94,3723.75,3762.29,273406.766,1717199999999,1032174005.216676,680329,136551.9833,515577099.53857905,0
1717200000000,3762.29,3833.3,3752.67,3815.82,132687.2006,1717286399999,503500622.837856,399377,70367.6098,267068560.050883,0
1717286400000,3815.82,3838.59,3752.62,3780.91,210295.4407,1717372799999,798100737.663757,579563,105997.6518,402268605.703981,0
1717372800000,3780.92,3849.99,3758.43,3767.06,248848.702,1717459199999,946239636.296371,648868,125597.9544,477669466.686201,0
1717459200000,3767.07,3831.65,3730.0,3810.23,232063.7468,1717545599999,878533930.5998899,568514,120842.2499,457585643.87419903,0
1717545600000,3810.23,3887.47,3777.33,3865.99,273738.6035,1717631999999,1046373693.422429,645836,143786.3327,549824316.328025,0
1717632000000,3866.0,3878.6,3760.0,3813.46,237504.1905,1717718399999,910751773.181592,525050,116926.4529,448449925.76810706,0
1717718400000,3813.47,3841.39,3600.0,3678.32,362223.3594,1717804799999,1352307567.238349,894006,163680.6805,611499294.8494049,0
1717804800000,3678.31,3709.5,3660.08,3681.57,140550.8394,1717891199999,518118534.039922,364485,65014.4392,239672339.125884,0
1717891200000,3681.58,3721.52,3666.36,3706.4,103451.102,1717977599999,381854484.95566,287960,48702.6222,179769963.175974,0
1717977600000,3706.4,3713.67,3642.74,3667.85,156363.1846,1718063999999,575211243.30527,391165,74799.5259,275223031.297943,0
1718064000000,3667.85,3673.0,3432.0,3497.33,439568.5978,1718150399999,1552225947.171155,1036229,207637.6021,733338576.3869299,0
1718150400000,3497.33,3659.01,3462.07,3560.12,387043.774,1718236799999,1384558593.85822,850527,187121.7917,669515053.8419249,0
1718236800000,3560.13,3561.65,3428.0,3469.4,300230.8299,1718323199999,1048214494.75108,696369,147994.4439,516749769.179875,0
1718323200000,3469.4,3532.61,3362.26,3481.8,322316.4214,1718409599999,1116570671.848945,746613,159447.8145,552550731.446636,0
1718409600000,3481.8,3594.39,3473.1,3568.74,246649.5894,1718495999999,873576137.27908,500773,122544.6026,433959818.418328,0
1718496000000,3568.75,3653.79,3541.05,3624.41,149839.982,1718582399999,537492821.643428,417858,77834.8967,279215755.248148,0
1718582400000,3624.41,3638.37,3463.39,3511.46,337805.6402,1718668799999,1196162530.919053,774085,166343.2052,588834718.234546,0
1718668800000,3511.47,3517.2,3355.0,3483.42,449913.3014,1718755199999,1541798882.411695,1062807,217161.5887,744297791.4335421,0
1718755200000,3483.42,3590.01,3465.65,3560.51,321500.0027,1718841599999,1138419054.652927,712501,162762.0238,576256549.358415,0
1718841600000,3560.51,3625.96,3486.0,3513.08,329117.8453,1718927999999,1170597741.257869,743896,161277.7905,573660167.603421,0
1718928000000,3513.08,3547.55,3446.82,3518.5,342155.102,1719014399999,1197095546.233963,746361,176183.038,616476628.149761,0
1719014400000,3518.5,3521.19,3475.09,3495.75,115774.6157,1719100799999,405045499.421582,315684,57671.8414,201786538.368218,0
1719100800000,3495.76,3521.45,3406.38,3420.91,133411.4304,1719187199999,463204539.05644,338679,67467.4686,234264816.828695,0
1719187200000,3420.91,3435.76,3240.0,3352.73,543370.4229,1719273599999,1807046957.9652193,1222789,262600.4052,873824151.9247631,0
1719273600000,3352.74,3430.88,3336.76,3394.91,240036.2236,1719359999999,812730026.8442,654302,122936.1959,416346006.722906,0
1719360000000,3394.91,3426.75,3325.01,3371.44,206949.3418,1719446399999,699375819.276128,518727,108326.9373,366024176.14348894,0
1719446400000,3371.77,3477.0,3361.74,3450.44,201041.6609,1719532799999,687897292.145414,530697,108386.892,370765787.905384,0
1719532800000,3450.44,3487.7,3365.22,3380.15,221634.3435,1719619199999,760116781.029508,934561,117864.7671,404433441.061016,0
1719619200000,3380.15,3408.32,3371.86,3378.8,88329.7651,1719705599999,299468173.245718,365755,47423.3968,160794628.308532,0
1719705600000,3378.8,3460.0,3352.66,3438.16,141221.6185,1719791999999,480491273.121482,557070,80177.9965,272838936.070124,0
1719792000000,3438.16,3524.94,3423.78,3442.2,224273.2122,1719878399999,780112100.208223,854102,121044.94,421096637.788155,0
1719878400000,3442.2,3464.12,3402.0,3421.35,137932.7014,1719964799999,473853655.522322,623720,68282.7584,234617896.703461,0
1719964800000,3421.35,3432.1,3251.0,3295.48,310408.451,1720051199999,1031040642.948245,1378502,143212.6723,475477399.866736,0
1720051200000,3295.49,3313.45,3050.34,3059.7,450402.5692,1720137599999,1425360058.279399,1898898,202136.3683,639814934.746806,0
1720137600000,3059.7,3110.0,2810.0,2981.78,886994.3753,1720223999999,2602693094.463384,2967124,404744.5317,1188081864.6179,0
1720224000000,2981.79,3081.78,2955.06,3066.83,214487.9713,1720310399999,646245038.475145,1055462,112962.821,340494854.011427,0
1720310400000,3066.83,3073.08,2922.24,2931.0,179892.7612,1720396799999,538755029.459879,878707,86519.9115,258997896.839986,0
1720396800000,2930.99,3097.06,2822.8,3019.01,500445.0105,1720483199999,1484924133.828654,2222940,246399.4183,731702626.9018929,0
1720483200000,3019.01,3115.2,3004.0,3066.65,280358.1424,1720569599999,859567747.6639271,1377129,148692.1493,455973139.54195905,0
1720569600000,3066.65,3151.51,3024.0,3101.05,270827.0844,1720655999999,839730659.372952,1296218,134603.8713,417474584.804576,0
1720656000000,3101.06,3217.24,3054.76,3099.57,289229.32,1720742399999,907129989.222096,1413031,148734.7368,466509910.1477,0
1720742400000,3099.57,3157.89,3045.58,3133.88,185745.1825,1720828799999,575599522.8506631,1094915,95406.1253,295730714.463656,0
1720828800000,3133.89,3201.8,3113.37,3175.93,119302.4769,1720915199999,376336968.78329295,591291,60506.1294,190893440.610938,0
1720915200000,3175.93,3268.72,3163.67,3245.08,165430.7716,1721001599999,530204017.16941106,792858,83179.8142,266820311.321886,0
1721001600000,3245.2,3493.63,3233.22,3483.39,314296.8452,1721087999999,1058747637.288266,1617276,161760.1858,544978505.522768,0
1721088000000,3483.2,3498.59,3346.55,3444.13,376128.7869,1721174399999,1291412549.937766,1636557,193947.8823,665961239.711155,0
1721174400000,3444.14,3517.0,3376.0,3387.05,297812.5162,1721260799999,1029558208.636794,1285615,168234.5187,581998341.750337,0
1721260800000,3387.05,3489.98,3367.2,3426.5,241950.3457,1721347199999,829503482.767012,1165443,128938.7441,442179155.873657,0
1721347200000,3426.49,3540.27,3377.0,3503.53,299511.6422,1721433599999,1034724329.319296,1262244,158469.6446,547637460.466815,0
1721433600000,3503.53,3539.65,3480.0,3517.5,147510.8165,1721519999999,516504071.76519907,667108,69139.3433,242092830.77753,0
1721520000000,3517.5,3547.0,3411.4,3535.92,218890.9656,1721606399999,764360242.6011741,961322,103673.5899,362208133.51128894,0
1721606400000,3535.93,3562.82,3422.34,3439.6,207859.5043,1721692799999,724117324.1691219,1069762,96899.9188,337741204.49652,0
1721692800000,3439.61,3541.0,3389.0,3482.51,500568.7811,1721779199999,1737977523.022786,1617621,270658.3324,940075969.466857,0
1721779200000,3482.51,3487.82,3300.0,3335.81,275479.0506,1721865599999,940244066.497797,980283,135067.106,461180607.88713694,0
1721865600000,3335.82,3342.5,3087.53,3175.48,494282.6398,1721951999999,1570457188.18384,2011527,239121.0612,759567456.5136449,0
1721952000000,3175.47,3286.36,3171.0,3274.61,260237.4641,1722038399999,844064770.7248179,1169246,128738.672,417477416.18929905,0
1722038400000,3274.6,3327.59,3191.01,3249.01,231991.9037,1722124799999,757931406.545815,1076809,118058.3171,385871810.970836,0
1722124800000,3249.0,3284.3,3198.11,3270.16,103529.8329,1722211199999,336422802.722383,682428,52499.4791,170673348.408274,0
1722211200000,3270.16,3396.77,3258.0,3317.66,318471.5055,1722297599999,1061016180.078098,1484898,159686.5707,532117930.525702,0
1722297600000,3317.66,3366.4,3233.18,3279.21,197277.1641,1722383999999,652703227.796507,1183239,91006.5842,301189857.217817,0
1722384000000,3279.2,3350.0,3213.75,3232.74,233711.3352,1722470399999,769347274.945988,1337992,112910.4249,371910899.513719,0
1722470400000,3232.74,3242.57,3080.02,3203.4,323285.6105,1722556799999,1020921619.452479,1835455,151515.291,478652865.101788,0
1722556800000,3203.4,3218.6,2967.0,2989.61,385704.0395,1722643199999,1185594927.514843,2104725,177842.9277,547327363.228976,0
1722643200000,2989.61,3018.02,2859.0,2903.64,344595.3157,1722729599999,1013020792.752083,1798017,151541.6882,445649429.32525,0
1722729600000,2903.65,2935.46,2630.0,2688.92,512064.2612,1722815999999,1426784556.442743,2184760,235563.9823,656402849.740975,0
1722816000000,2688.91,2697.44,2111.0,2419.59,2670604.1003,1722902399999,6243689817.192617,7064159,1281460.7917,2994688528.683906,0
1722902400000,2419.76,2556.23,2414.19,2461.33,642283.8038,1722988799999,1601879002.769123,2870150,323805.053,808046548.679428,0
1722988800000,2461.33,2551.32,2309.04,2342.8,630115.4228,1723075199999,1537271441.495759,2370148,307617.0665,750975466.25288,0
1723075200000,2342.79,2724.1,2320.4,2682.5,586502.8754,1723161599999,1474101815.469424,2112663,299400.9503,752709539.426406,0
1723161600000,2682.5,2707.98,2552.61,2598.78,406739.9611,1723247999999,1069628608.098305,1710060,195440.2941,514507073.99430496,0
1723248000000,2598.79,2644.7,2576.49,2609.92,171012.3619,1723334399999,446695039.692734,758863,87017.1045,227278356.489,0
1723334400000,2609.92,2720.0,2540.0,2555.38,297098.9145,1723420799999,780682452.75452,1217650,143129.6465,376123937.07866096,0
1723420800000,2555.38,2750.0,2510.05,2722.3,483414.2506,1723507199999,1275788778.660518,1915621,252099.2184,665331112.596738,0
1723507200000,2722.3,2738.4,2611.37,2702.44,325668.6964,1723593599999,872886595.9885181,1547949,165417.0546,443554807.911323,0
1723593600000,2702.44,2780.0,2632.2,2661.45,338808.7141,1723679999999,914805683.898244,1503315,167827.7199,453631446.392397,0
1723680000000,2661.45,2675.6,2515.71,2569.89,356546.8059,1723766399999,927491377.061398,1761529,172089.6821,447789574.128691,0
1723766400000,2569.9,2630.97,2550.04,2592.73,270684.1373,1723852799999,702631292.5349311,1602311,127687.3984,331506251.81562,0
1723852800000,2592.72,2629.69,2587.5,2614.51,89348.676,1723939199999,232787181.525924,543278,47334.2042,123329370.607968,0
1723939200000,2614.51,2689.16,2594.53,2612.15,174074.0585,1724025599999,459975824.15432304,836384,92214.9872,243669152.914624,0
1724025600000,2612.15,2648.08,2563.58,2636.36,224867.1336,1724111999999,585578272.443482,1156033,112686.5275,293606287.965002,0
1724112000000,2636.36,2695.0,2555.0,2572.82,281315.8751,1724198399999,738361057.6021341,1303349,139599.9133,366762747.97612894,0
1724198400000,2572.81,2663.74,2536.22,2630.71,245286.6218,1724284799999,638338169.862144,1420421,121889.9837,317338706.906728,0
1724284800000,2630.71,2644.69,2584.2,2622.88,199063.1196,1724371199999,521285357.08642304,1064195,98645.806,258303739.531237,0
1724371200000,2622.89,2799.13,2621.4,2762.48,401786.4447,1724457599999,1082989033.023547,1747686,210295.5073,567121017.138491,0
1724457600000,2762.49,2820.0,2731.26,2768.0,263542.9441,1724543999999,730370481.138122,1133872,130086.4491,360650474.071654,0
1724544000000,2768.01,2792.28,2733.21,2746.13,154527.2352,1724630399999,426733399.326636,1047985,75993.749,209910294.015187,0
1724630400000,2746.12,2762.0,2666.66,2680.49,211708.1247,1724716799999,575695656.477179,1453833,102718.2247,279333306.990401,0
1724716800000,2680.49,2699.98,2392.96,2457.33,412660.7197,1724803199999,1058769621.892103,1898416,187278.0778,480143744.79680496,0
1724803200000,2457.33,2554.6,2418.8,2528.33,451266.634,1724889599999,1124304892.423795,2272721,222246.9184,553710617.949506,0
1724889600000,2528.33,2595.4,2505.88,2527.61,237002.9632,1724975999999,603867504.2259489,1455668,119563.3591,304607143.525936,0
1724976000000,2527.6,2552.17,2431.14,2526.0,338379.1941,1725062399999,845015735.1494111,1735497,172073.9114,429842974.529762,0
1725062400000,2525.99,2533.95,2491.92,2513.01,97946.1147,1725148799999,246514334.07653,702529,47410.9072,119335754.458794,0
1725148800000,2513.0,2516.28,2400.0,2425.72,223127.776,1725235199999,550299930.1534489,1357443,106672.8284,263071210.850516,0
1725235200000,2425.71,2564.83,2423.52,2538.01,262632.8385,1725321599999,654854126.195111,1452334,134090.7048,334264683.017486,0
1725321600000,2538.0,2553.6,2411.12,2425.29,224793.1299,1725407999999,556674703.3523409,1272909,101487.6507,251452238.685074,0
1725408000000,2425.28,2490.0,2306.65,2450.71,384179.3854,1725494399999,921640300.6746541,2002621,188707.7458,452757932.49333507,0
1725494400000,2450.71,2466.0,2348.04,2368.81,278549.0969,1725580799999,667044058.826434,1862353,131571.9247,315231080.607934,0
1725580800000,2368.81,2408.83,2150.55,2225.23,643027.111,1725667199999,1467265008.063493,2980066,303990.1689,694418877.024754,0
1725667200000,2225.24,2311.27,2220.98,2273.58,219453.2076,1725753599999,498662894.23097503,982698,109807.9246,249593766.45553,0
1725753600000,2273.58,2333.58,2240.94,2297.3,192775.6493,1725839999999,440447734.826373,976672,93305.1937,213222870.553424,0
1725840000000,2297.3,2381.41,2272.8,2359.5,321698.99,1725926399999,747001776.046536,1761692,156788.5098,364223174.142904,0
1725926400000,2359.51,2400.0,2320.41,2388.52,224382.1729,1726012799999,528411566.919702,1210860,105895.4188,249480052.381382,0
1726012800000,2388.52,2389.32,2277.68,2340.55,282898.3125,1726099199999,659291892.3267311,1530070,135125.5965,314926799.454531,0
1726099200000,2340.54,2391.93,2315.39,2361.76,202611.1308,1726185599999,476749201.764419,1093596,102118.0952,240341157.998119,0
1726185600000,2361.75,2464.82,2337.35,2439.19,253888.616,1726271999999,607650210.702862,1458878,124124.3676,297410717.96547,0
1726272000000,2439.19,2440.6,2376.72,2417.79,122931.2302,1726358399999,296990460.130078,754834,57970.9645,140034806.307876,0
1726358400000,2417.8,2430.32,2283.75,2316.1,174364.1946,1726444799999,413278017.276324,1058493,80610.9146,191044099.00633,0
1726444800000,2316.09,2335.7,2252.39,2295.68,330555.232,1726531199999,756718235.6822339,2102319,153834.0111,352253267.83244,0
1726531200000,2295.67,2393.63,2263.29,2341.8,274206.2588,1726617599999,640307796.594042,1813524,134491.637,314135444.255817,0
1726617600000,2341.79,2376.14,2277.34,2374.75,292917.6008,1726703999999,679856751.1710529,2555639,144167.2401,334741394.026549,0
1726704000000,2374.74,2494.95,2372.6,2465.21,326746.032,1726790399999,794820680.9950541,2862096,171108.4747,416132368.00402707,0
1726790400000,2465.21,2571.93,2437.31,2561.4,340754.5912,1726876799999,864016608.115563,3241249,173101.7132,438921107.763294,0
1726876800000,2561.4,2623.34,2528.97,2612.4,154757.8773,1726963199999,396953470.51763105,1425778,78964.0704,202638566.044652,0
1726963200000,2612.4,2632.57,2524.58,2581.0,214266.3257,1727049599999,553059849.5533991,2067811,97837.0512,252636983.573378,0
1727049600000,2580.99,2702.82,2539.49,2646.97,333282.0149,1727135999999,883518257.199407,3492404,161782.1178,428832914.201112,0
1727136000000,2646.98,2670.96,2591.56,2653.2,288600.0402,1727222399999,760159619.9815341,2730471,140655.8896,370558448.96591693,0
1727222400000,2653.2,2673.5,2554.05,2579.95,220343.4293,1727308799999,576100924.711546,2446589,103887.8784,271731602.599472,0
1727308800000,2580.09,2666.22,2559.2,2632.26,278686.3573,1727395199999,731881168.916695,2897463,139205.4473,365580497.054424,0
1727395200000,2632.25,2728.6,2615.21,2694.43,281826.9792,1727481599999,753233859.358672,2599262,151742.5093,405576362.613476,0
1727481600000,2694.43,2704.35,2650.0,2675.21,137230.0342,1727567999999,367299958.062676,1192804,65924.2202,176467262.336168,0
1727568000000,2675.21,2683.7,2629.73,2657.62,160554.3146,1727654399999,426486288.27627695,1417045,81486.0061,216453626.088544,0
1727654400000,2657.62,2663.5,2575.0,2602.23,282475.7961,1727740799999,738997897.579085,2684395,135231.5945,353834770.003651,0
1727740800000,2602.24,2659.0,2414.0,2447.79,502828.6804,1727827199999,1275068045.816548,4525442,241562.4716,612727012.04731,0
1727827200000,2447.78,2499.0,2352.0,2364.1,317484.735,1727913599999,772815459.366551,4299369,155763.8413,379325012.463598,0
1727913600000,2364.09,2403.38,2310.0,2349.8,314635.9263,1727999999999,739732809.481887,4096011,149299.0436,351028567.523543,0
1728000000000,2349.8,2441.64,2339.15,2414.41,239383.017,1728086399999,572627417.105369,2556302,121492.1876,290635408.17503,0
1728086400000,2414.41,2428.23,2390.05,2414.66,103740.2316,1728172799999,250133597.688322,1147501,49644.8537,119740244.150919,0
1728172800000,2414.66,2457.8,2407.0,2440.03,105752.7096,1728259199999,257213775.45288,1097106,56040.4942,136283551.473558,0
1728259200000,2440.02,2521.0,2403.0,2422.71,300459.5407,1728345599999,742163736.9669111,3081333,147053.1926,363265506.41464895,0
1728345600000,2422.7,2466.66,2401.18,2440.89,201358.3312,1728431999999,490043095.024962,2240640,98699.0695,240246242.020958,0
1728432000000,2440.88,2473.61,2351.42,2370.47,242082.2725,1728518399999,586469983.393527,2569883,118607.6753,287392550.52832,0
1728518400000,2370.47,2421.36,2330.66,2386.49,257862.9619,1728604799999,614182044.949536,2734517,124649.1698,296876662.883377,0
1728604800000,2386.49,2471.45,2381.86,2439.5,235441.2197,1728691199999,572065403.741898,1913115,120079.0581,291669006.342688,0
1728691200000,2439.49,2490.51,2434.35,2476.4,139637.5062,1728777599999,343538957.820228,1058123,75635.4722,186143651.984974,0
1728777600000,2476.4,2484.92,2436.4,2468.91,120022.8179,1728863999999,295322793.084125,1032905,59760.3747,147082675.325771,0
1728864000000,2468.92,2654.0,2443.39,2629.79,435900.1619,1728950399999,1119084230.807938,2715025,229665.6047,589781071.815328,0
1728950400000,2629.79,2688.6,2537.36,2607.41,416285.6663,1729036799999,1083630113.139707,3306565,205576.5183,535279891.16590095,0
1729036800000,2607.41,2647.79,2588.67,2611.1,260322.4242,1729123199999,681342662.41857,2813136,127407.6679,333593643.097793,0
1729123200000,2611.1,2648.37,2575.4,2605.8,221624.5434,1729209599999,579597649.9294031,2543113,109682.8589,286944146.556011,0
1729209600000,2605.79,2675.58,2596.49,2642.17,292444.1153,1729295999999,771232214.935164,2835054,151075.2919,398486077.84859294,0
1729296000000,2642.17,2663.49,2631.02,2648.2,105413.7646,1729382399999,278723129.157894,1145594,52955.7012,140037162.00516,0
1729382400000,2648.2,2759.0,2635.54,2746.91,256910.7448,1729468799999,692550694.4416289,2274845,131315.6321,354129881.286766,0
1729468800000,2746.91,2769.48,2655.01,2666.7,310674.7232,1729555199999,839718870.967621,2526347,155766.4454,421099497.59600705,0
1729555200000,2666.71,2671.92,2606.56,2622.81,265747.713,1729641599999,699818031.28854,2153796,129041.0542,339834310.024147,0
1729641600000,2622.81,2628.2,2450.0,2524.61,352647.7086,1729727999999,897683017.740168,2642127,161673.0363,411442765.600342,0
1729728000000,2524.6,2562.65,2507.31,2535.82,290851.7842,1729814399999,737665762.666147,2252562,151672.5796,384697096.34031296,0
1729814400000,2535.82,2566.33,2382.59,2440.62,514799.8822,1729900799999,1282541014.469803,3741205,232180.1435,578647966.535608,0
1729900800000,2440.63,2508.0,2430.12,2482.51,248724.8313,1729987199999,612908876.738983,1985542,132469.8569,326550515.934207,0
1729987200000,2482.51,2527.99,2464.13,2507.8,137580.8836,1730073599999,342704461.298222,1337190,70648.0053,176001096.76121,0
1730073600000,2507.8,2589.67,2471.67,2567.48,360605.327,1730159999999,910015100.830837,2847523,180803.6076,456316658.784813,0
1730160000000,2567.49,2681.86,2561.2,2638.8,451915.7025,1730246399999,1187541746.021715,3690029,227223.4801,597159695.537778,0
1730246400000,2638.8,2722.3,2599.66,2659.19,460627.126,1730332799999,1230352880.142655,3700127,234688.3298,627072013.721042,0
1730332800000,2659.19,2669.0,2503.0,2518.61,403427.2017,1730419199999,1042550364.390791,3391343,196341.4498,507552898.635748,0
1730419200000,2518.61,2586.8,2467.67,2511.49,430249.1073,1730505599999,1084316033.711915,3614843,202239.1162,509869182.30356705,0
1730505600000,2511.49,2523.45,2470.0,2494.23,145961.13,1730591999999,364240307.89237696,1228028,68739.2217,171535490.173642,0
1730592000000,2494.23,2496.39,2411.0,2457.73,276009.1197,1730678399999,675516839.246158,2569553,128755.1302,315138233.230781,0
1730678400000,2457.73,2491.39,2357.59,2398.21,306316.9645,1730764799999,745000696.5495939,3066552,148574.7254,361660123.21258,0
1730764800000,2398.21,2480.0,2380.74,2422.55,331619.2545,1730851199999,807964220.382607,2878817,164899.7226,401792814.478282,0
1730851200000,2422.6,2744.7,2420.3,2721.87,1002141.3618,1730937599999,2613263657.61569,5557031,527404.5797,1375499686.352236,0
1730937600000,2721.88,2916.11,2699.49,2895.47,730845.9524,1731023999999,2069602523.3720767,5380366,367745.6506,1041659729.922739,0
1731024000000,2895.47,2981.69,2886.4,2961.75,568864.435,1731110399999,1664276186.367457,4290252,290136.2734,849147013.622051,0
1731110400000,2961.75,3157.4,2953.71,3126.21,526719.4212,1731196799999,1602480049.885514,3681905,278109.2638,846556140.576448,0
1731196800000,3126.2,3248.52,3069.0,3183.21,865536.7322,1731283199999,2751696491.353273,6072418,444231.9853,1412520566.696555,0
1731283200000,3183.2,3387.61,3105.0,3371.59,1000093.9664,1731369599999,3248336095.357834,7802397,512353.6597,1664789115.812,0
1731369600000,3371.59,3442.5,3207.67,3243.8,973215.7285,1731455999999,3215515065.96685,7073014,474680.7996,1569519071.966663,0
1731456000000,3243.79,3331.0,3116.69,3187.16,919686.3747,1731542399999,2958494366.71914,9753402,446483.2399,1436610189.542692,0
1731542400000,3187.16,3240.4,3028.56,3058.82,605780.6662,1731628799999,1909266330.683718,6204964,291332.1428,919046552.3249129,0
1731628800000,3058.81,3131.06,3014.5,3090.01,519623.6317,1731715199999,1593247701.289049,6118576,256031.9621,785238977.756796,0
1731715200000,3090.01,3219.97,3072.0,3132.87,423639.1573,1731801599999,1332892680.485038,5079843,221452.0936,696573570.911464,0
1731801600000,3132.88,3162.11,3034.99,3076.0,449818.9575,1731887999999,1393762559.896065,5832635,219773.8217,681175947.125362,0
1731888000000,3075.99,3224.94,3050.01,3207.8,640658.4357,1731974399999,2006111259.657586,6541040,335610.6352,1051440459.598216,0
1731974400000,3207.81,3221.2,3065.4,3107.44,500112.0194,1732060799999,1561642778.418154,5163295,240538.5797,751285220.1674019,0
1732060800000,3107.45,3159.2,3029.41,3069.97,503607.8336,1732147199999,1559041767.185464,6338828,262555.3379,813254437.229678,0
1732147200000,3069.97,3386.73,3032.59,3355.81,974923.3035,1732233599999,3167224819.418769,8227428,517407.4618,1678599533.383094,0
1732233600000,3355.88,3425.92,3257.54,3327.78,603273.7093,1732319999999,2008464564.861674,7141711,299228.216,996678648.696995,0
1732320000000,3327.78,3497.51,3312.72,3393.91,721024.0009,1732406399999,2449223191.454517,6790558,377413.2984,1281905367.172234,0
1732406400000,3393.91,3450.0,3281.4,3361.2,479098.0921,1732492799999,1608242778.282872,5919258,229135.6476,769433365.5057609,0
1732492800000,3361.21,3546.66,3300.01,3414.49,949330.37,1732579199999,3272920810.057311,9876856,473543.9399,1633463973.646526,0
1732579200000,3414.49,3462.49,3252.0,3324.73,672367.1503,1732665599999,2252619301.964274,7269605,320649.414,1076018603.47616,0
1732665600000,3324.74,3684.92,3302.4,3653.28,754573.6485,1732751999999,2640023089.7609353,6392173,422777.0485,1478531171.096091,0
1732752000000,3653.27,3661.92,3529.76,3578.79,560976.425,1732838399999,2014252549.702022,5393261,281616.1445,1011307244.124802,0
1732838400000,3578.8,3647.98,3534.28,3592.21,425493.2449,1732924799999,1525999121.819639,4240304,220911.8759,792537823.50665,0
1732924800000,3592.22,3738.98,3568.4,3703.6,503684.7485,1733011199999,1849683070.29735,4641849,267000.5769,980789627.359577,0
1733011200000,3703.59,3746.8,3659.2,3707.61,429089.2633,1733097599999,1589850114.025915,3667910,212029.4008,785774029.012855,0
1733097600000,3707.61,3760.0,3554.32,3643.42,737130.569,1733183999999,2685285591.8453646,6825848,368529.347,1342985979.580745,0
1733184000000,3643.43,3670.0,3500.0,3614.51,678400.2032,1733270399999,2439869839.029021,5200407,376625.93,1355330328.945037,0
1733270400000,3614.51,3887.24,3614.51,3837.8,968744.0399,1733356799999,3638907449.5517607,8222722,516513.6315,1939427558.60474,0
1733356800000,3837.8,3956.0,3677.0,3785.2,946493.276,1733443199999,3653558567.753712,8753645,465065.3016,1796915310.225865,0
1733443200000,3785.21,4087.73,3777.26,3998.87,803855.1146,1733529599999,3174080080.146193,6677199,410529.4137,1621071926.726909,0
1733529600000,3998.87,4024.46,3968.0,3996.22,283920.02,1733615999999,1134418058.866173,2721543,141027.5358,563531840.242212,0
1733616000000,3996.22,4015.58,3923.5,4004.15,251362.1685,1733702399999,1000371580.638359,2614587,124696.173,496407855.45914096,0
1733702400000,4004.15,4006.17,3509.0,3712.0,939642.2001,1733788799999,3566495804.1281047,8331026,434519.7442,1650765938.051974,0
1733788800000,3712.0,3780.76,3515.89,3628.25,942206.0337,1733875199999,3443114495.273664,10461668,468842.2362,1713256933.099759,0
1733875200000,3628.24,3848.64,3562.34,3831.81,461818.7801,1733961599999,1722223536.878177,6195364,248830.1039,928595809.300587,0
1733961600000,3831.82,3987.41,3796.8,3881.61,572098.6343,1734047999999,2239803483.576607,7005239,284607.1551,1114554219.241143,0
1734048000000,3881.6,3968.47,3852.94,3906.8,387765.6873,1734134399999,1516942852.285181,5124578,192195.3238,751955442.5480659,0
1734134400000,3906.8,3945.0,3825.03,3870.29,265538.9479,1734220799999,1031595277.387337,3407748,131333.8294,510395698.455933,0
1734220800000,3870.3,3974.61,3831.5,3959.09,253833.2141,1734307199999,987865003.1275431,3637695,137576.2363,535670221.160293,0
1734307200000,3959.09,4107.8,3884.0,3986.24,673351.0723,1734393599999,2686550997.1102448,7117624,357970.2261,1428720574.045161,0
1734393600000,3986.24,4041.82,3847.96,3893.01,450825.9861,1734479999999,1788532842.700757,6874200,212006.098,841864072.770541,0
1734480000000,3893.01,3907.19,3617.42,3626.8,722505.0618,1734566399999,2735374632.738641,6584244,338987.7414,1283903825.654028,0
1734566400000,3626.8,3720.0,3326.8,3417.01,1078153.4851,1734652799999,3807975330.6811614,6357638,498105.4058,1759867070.362796,0
1734652800000,3417.01,3497.84,3101.9,3472.21,1332783.731,1734739199999,4421584295.580899,7029546,616548.6946,2043875039.787976,0
1734739200000,3472.2,3555.18,3293.11,3338.92,475275.82,1734825599999,1627460721.692153,2732677,227433.379,779411940.386095,0
1734825600000,3338.92,3403.0,3221.1,3281.83,361920.2495,1734911999999,1201895225.016952,2546556,178324.6442,592471146.242741,0
1734912000000,3281.83,3466.99,3216.97,3422.53,488253.41,1734998399999,1627069583.878682,4032824,251606.2172,838574859.785712,0
1734998400000,3422.53,3539.65,3358.19,3493.18,315723.6763,1735084799999,1087476459.253163,2764397,158218.8988,544905389.45923,0
1735084800000,3493.17,3547.95,3440.93,3497.0,219846.0452,1735171199999,766349902.7132169,2133099,110386.2104,384894251.07668096,0
1735171200000,3497.0,3514.94,3304.63,3335.05,310170.1719,1735257599999,1047464157.032189,2543314,164346.2488,554727435.3301209,0
1735257600000,3335.04,3444.16,3306.6,3333.51,342529.6038,1735343999999,1152635224.265439,3133395,171567.6704,577327628.470155,0
1735344000000,3333.51,3428.68,3322.23,3404.0,175963.613,1735430399999,592591876.178986,1445334,88404.9578,297871890.109462,0
1735430400000,3404.01,3413.78,3326.17,3356.48,156256.8819,1735516799999,527250656.145704,1170497,74717.2883,252109610.012067,0
1735516800000,3356.48,3437.59,3305.0,3361.84,420794.6476,1735603199999,1420731724.372564,2700666,215138.5269,726878029.7200711,0
1735603200000,3361.83,3451.0,3315.59,3337.78,303053.1685,1735689599999,1024862944.046191,2021786,146510.7501,495460792.490612,0
1735689600000000,3337.78,3374.85,3313.88,3360.38,190238.5861,1735775999999999,636613395.6959649,1182219,99518.0217,333085258.287462,0
1735776000000000,3360.39,3509.99,3354.5,3455.67,338632.8874,1735862399999999,1166286232.162882,2373075,169044.3627,582161055.5219649,0
1735862400000000,3455.68,3630.0,3423.44,3609.01,334041.0604,1735948799999999,1179953901.101814,2293811,169194.075,597682226.030962,0
1735948800000000,3609.0,3671.6,3572.42,3656.88,229266.3133,1736035199999999,829864804.8598369,1567855,116823.1483,422850861.086886,0
1736035200000000,3656.88,3675.25,3593.7,3635.99,155444.1741,1736121599999999,564147572.800669,1461192,76901.3758,279135355.270006,0
1736121600000000,3636.0,3744.83,3610.63,3687.45,329642.3648,1736207999999999,1210642823.302069,2753873,166824.6196,612822771.954551,0
1736208000000000,3687.44,3700.86,3356.31,3381.31,541543.2874,1736294399999999,1899318756.158016,3538701,254553.4502,892893276.0208089,0
1736294400000000,3381.31,3415.1,3208.2,3327.29,584749.9627,1736380799999999,1944382187.6566591,3766197,275577.2269,916259778.4183791,0
1736380800000000,3327.29,3357.27,3158.0,3219.2,501818.4247,1736467199999999,1638958679.714368,3685889,237793.7346,777185110.082679,0
1736467200000000,3219.2,3322.49,3193.97,3267.04,454142.1333,1736553599999999,1482940591.671988,3199118,222519.1849,726413490.6683741,0
1736553600000000,3267.05,3320.18,3217.56,3282.83,151679.7487,1736639999999999,494933295.358262,1208777,74202.7876,242350177.143991,0
1736640000000000,3282.83,3300.0,3224.49,3267.3,164879.9709,1736726399999999,538751712.0457871,1151908,78312.5332,255990007.31399,0
1736726400000000,3267.3,3339.0,2920.0,3137.51,845907.5669,1736812799999999,2614824635.154439,4900248,410956.8014,1271030799.211468,0
1736812800000000,3137.51,3256.67,3125.65,3225.63,374308.4517,1736899199999999,1197715520.899026,2446285,180843.3605,578754045.677244,0
1736899200000000,3225.63,3473.75,3186.36,3451.52,464188.034,1736985599999999,1537407357.366771,2689488,233981.7183,775803015.406068,0
1736985600000000,3451.51,3460.79,3265.44,3308.05,471282.6787,1737071999999999,1573512574.074851,2667507,227669.8721,760336218.428321,0
1737072000000000,3308.04,3525.72,3307.5,3473.63,518550.1813,1737158399999999,1773013467.309093,3165882,269301.5133,920836504.1564461,0
1737158400000000,3473.64,3494.39,3227.0,3307.71,634197.1281,1737244799999999,2100633661.7644193,3931387,309754.3291,1025970289.517671,0
1737244800000000,3307.71,3448.99,3130.48,3215.12,1342301.5217,1737331199999999,4408659681.01233,7064813,651932.4312,2143657478.900286,0
1737331200000000,3215.2,3453.69,3142.78,3284.0,1158354.7814,1737417599999999,3830020315.131607,7137551,572672.7028,1895320599.961986,0
1737417600000000,3283.99,3368.0,3204.6,3327.54,548706.0513,1737503999999999,1802317579.6676593,3752957,271093.6278,890755658.885448,0
1737504000000000,3327.55,3365.99,3222.85,3242.6,349240.7498,1737590399999999,1150648371.196559,2187671,163482.76,538844820.5045631,0
1737590400000000,3242.61,3347.97,3185.0,3338.21,605592.7225,1737676799999999,1965307923.080547,3255920,303294.9418,984590435.717348,0
1737676800000000,3338.22,3428.0,3275.9,3310.09,451524.2752,1737763199999999,1519379297.690963,2793569,215008.0035,723830815.0465231,0
1737763200000000,3310.1,3350.68,3268.66,3318.77,208559.0415,1737849599999999,690383485.125444,1456638,98129.4498,324799632.127654,0
1737849600000000,3318.76,3362.0,3230.0,3232.61,272165.469,1737935999999999,899291017.6133741,1416325,116826.2789,386320687.82792896,0
1737936000000000,3232.61,3253.91,3020.01,3182.44,753004.7529,1738022399999999,2349770569.706611,4888504,345284.5821,1077195796.137122,0
1738022400000000,3182.44,3223.01,3040.03,3077.72,350959.7173,1738108799999999,1107001736.175005,2936974,170776.7271,538990208.7234471,0
1738108800000000,3077.72,3182.52,3054.06,3113.9,409737.2576,1738195199999999,1278256645.74957,3277369,200807.9235,626556500.38162,0
1738195200000000,3113.9,3283.43,3091.06,3247.39,350639.4823,1738281599999999,1130886606.539682,2410789,180484.1307,581935263.184576,0
1738281600000000,3247.38,3437.31,3213.8,3300.99,648681.6561,1738367999999999,2158479814.3317432,3802893,343645.0199,1144000791.641501,0
1738368000000000,3300.99,3331.98,3101.7,3117.54,354065.2525,1738454399999999,1142845926.865901,2900696,170674.3585,551595869.3951031,0
1738454400000000,3117.54,3163.2,2750.71,2869.68,1050805.93,1738540799999999,3131430738.391756,5974563,494989.1069,1476742890.842307,0
1738540800000000,2869.68,2921.0,2125.01,2879.9,2807979.021,1738627199999999,7325488963.974643,10550628,1344253.3318,3509887592.196321,0
1738627200000000,2879.89,2888.5,2632.6,2731.19,1259594.3919,1738713599999999,3477670143.18934,4767588,602952.4706,1664512055.454141,0
1738713600000000,2731.19,2826.95,2699.13,2788.25,686593.0429,1738799999999999,1897054238.4902232,3498289,327991.4256,906340721.064559,0
1738800000000000,2788.25,2857.64,2655.28,2686.64,719459.9571,1738886399999999,1981674881.3221192,3805682,325809.3292,897799508.979957,0
1738886400000000,2686.63,2797.5,2562.51,2622.1,695467.3612,1738972799999999,1875060380.334312,3272698,327218.1388,882532535.7225661,0
1738972800000000,2622.11,2667.3,2588.8,2632.46,379685.1509,1739059199999999,996898803.984915,1865406,182406.1592,478945902.373384,0
1739059200000000,2632.46,2698.9,2520.02,2627.18,387166.7911,1739145599999999,1016386052.050485,2319910,185314.8373,486833033.68547696,0
1739145600000000,2627.18,2693.79,2559.85,2661.19,398173.2716,1739231999999999,1051708232.55688,2736600,195023.1915,515093980.36806,0
1739232000000000,2661.19,2725.04,2558.24,2602.59,484196.1435,1739318399999999,1286091770.773805,2776008,226374.751,602010853.065178,0
1739318400000000,2602.59,2795.45,2546.92,2738.27,646295.8959,1739404799999999,1705436939.533127,4190060,324858.6193,858009920.218688,0
1739404800000000,2738.27,2757.28,2612.76,2675.87,443769.2853,1739491199999999,1185301387.824423,3213834,217787.6458,581683038.436098,0
1739491200000000,2675.87,2791.78,2664.46,2725.95,419895.7862,1739577599999999,1142877818.043903,2645594,222908.7801,606858652.1395049,0
1739577600000000,2725.95,2739.0,2662.28,2693.04,202971.4295,1739663999999999,548554180.2223231,1678502,90810.3179,245463912.573468,0
1739664000000000,2693.04,2727.31,2651.26,2661.41,191231.5314,1739750399999999,514482095.174283,1449884,89433.4055,240599550.812392,0
1739750400000000,2661.41,2849.7,2637.71,2744.05,639739.8197,1739836799999999,1752388687.805609,3881592,329950.3751,904399237.600089,0
1739836800000000,2744.05,2756.93,2605.44,2671.99,604863.8737,1739923199999999,1616153629.018717,3898156,285508.8694,762964442.3858529,0
1739923200000000,2672.0,2736.7,2656.03,2715.5,326154.0202,1740009599999999,882047186.131933,2376004,163604.8767,442601160.33245903,0
1740009600000000,2715.51,2770.59,2707.18,2738.04,336735.2544,1740095999999999,921476439.354937,2096063,170515.6667,466756209.201236,0
1740096000000000,2738.04,2845.32,2616.72,2663.0,890440.0604,1740182399999999,2429306635.177234,3872201,428879.7345,1170981749.414793,0
1740182400000000,2663.0,2798.07,2653.33,2763.22,444989.6669,1740268799999999,1214059511.899935,2597168,248387.7772,677008292.573996,0
1740268800000000,2763.23,2857.34,2745.41,2819.69,611002.1222,1740355199999999,1711849865.819046,2796506,321625.3377,901407652.084993,0
1740355200000000,2819.7,2839.95,2470.33,2513.52,876876.3707,1740441599999999,2334572148.6619554,4737903,411575.6658,1095102528.763101,0
1740441600000000,2513.52,2533.49,2313.49,2495.7,1322016.8718,1740527999999999,3207776114.782463,7076645,655424.217,1590563026.371759,0
1740528000000000,2495.69,2507.5,2253.77,2336.37,863087.2133,1740614399999999,2059160287.050773,5495972,408608.956,975185376.421555,0
1740614400000000,2336.38,2381.6,2230.57,2307.72,637583.9106,1740700799999999,1480849324.540646,3906903,297736.9154,691230000.438891,0
1740700800000000,2307.72,2314.18,2076.26,2237.59,1291539.0557,1740787199999999,2794546441.726884,5708556,625030.5287,1351940395.764772,0
1740787200000000,2237.59,2281.14,2142.73,2217.39,446430.7271,1740873599999999,988941461.4303609,2511839,209196.8605,463872993.77574897,0
1740873600000000,2217.4,2550.58,2172.04,2518.11,1266684.7748,1740959999999999,3001215557.6036873,4977392,627527.3017,1488652979.402768,0
1740960000000000,2518.12,2523.56,2097.91,2149.01,1109565.2003,1741046399999999,2529346005.909485,4969357,510488.2652,1161760907.053157,0
1741046400000000,2149.02,2221.88,1993.2,2171.51,1257822.3372,1741132799999999,2634485208.2597713,5856962,596181.03,1248910466.060303,0
1741132800000000,2171.5,2273.51,2155.03,2241.59,687130.7897,1741219199999999,1514537132.807393,3480893,326604.0072,720412253.0310271,0
1741219200000000,2241.59,2319.99,2176.9,2202.2,596908.3935,1741305599999999,1343407922.359188,3304973,304201.8256,684721457.490546,0
1741305600000000,2202.21,2258.47,2101.82,2141.6,782387.2606,1741391999999999,1698459492.23933,4452265,384442.6282,834995037.361386,0
1741392000000000,2141.6,2234.93,2105.06,2203.58,328793.0979,1741478399999999,714743022.410347,2118806,165408.6608,359616114.815223,0
1741478400000000,2203.57,2212.0,1989.66,2020.41,601671.5882,1741564799999999,1249766628.544949,2791079,283406.499,589074622.734246,0
1741564800000000,2020.43,2152.4,1810.01,1865.1,1248745.3514,1741651199999999,2461512870.7707767,5261040,617411.7094,1216440716.446106,0
1741651200000000,1865.11,1963.2,1754.28,1923.43,1171427.9995,1741737599999999,2203451540.611388,4578427,576537.0793,1085290919.303633,0
1741737600000000,1923.42,1960.0,1829.72,1908.2,788739.6763,1741823999999999,1494384669.01818,3444921,399364.7041,756917595.001095,0
1741824000000000,1908.2,1923.09,1821.81,1864.59,569537.2622,1741910399999999,1069629049.44307,2688683,276728.702,519941674.76874304,0
1741910400000000,1864.59,1945.64,1861.31,1911.65,375805.7355,1741996799999999,718122712.753679,1728618,196808.7418,376032113.70590496,0
1741996800000000,1911.64,1957.19,1903.75,1937.17,209545.8675,1742083199999999,404571982.738394,884429,103183.2548,199258936.505655,0
1742083200000000,1937.18,1940.87,1860.38,1887.0,324766.6564,1742169599999999,616620264.891675,1466585,147750.6179,280566280.649476,0
1742169600000000,1887.01,1952.4,1879.98,1926.31,334840.4877,1742255999999999,641484974.2783071,1566024,166794.9782,319499477.720785,0
1742256000000000,1926.3,1936.2,1872.31,1931.54,332896.0155,1742342399999999,632109997.551311,1549810,156778.6707,297667875.793969,0
1742342400000000,1931.54,2069.9,1927.58,2056.06,691809.5034,1742428799999999,1385193898.481618,2614680,338168.3696,677189954.2620311,0
1742428800000000,2056.05,2067.9,1952.17,1983.79,401518.9282,1742515199999999,800851703.9375689,1885019,185718.3372,370117787.13141906,0
1742515200000000,1983.79,1996.73,1937.1,1965.75,262641.659,1742601599999999,516587945.858554,1470569,130673.0391,256964902.673041,0
1742601600000000,1965.74,2006.61,1964.34,1980.69,170782.9574,1742687999999999,339679365.319319,833146,83417.243,165949750.564435,0
1742688000000000,1980.68,2020.74,1976.81,2005.99,268707.5233,1742774399999999,537810044.752251,973880,141545.4057,283218620.576171,0
1742774400000000,2005.99,2104.11,1977.67,2081.2,477912.8154,1742860799999999,985984215.594533,1804046,241987.6758,499157615.491606,0
1742860800000000,2081.2,2097.7,2037.08,2066.15,328765.3292,1742947199999999,678919919.780749,1398034,144848.2928,299282311.765827,0
1742947200000000,2066.16,2079.21,1981.6,2009.52,428975.3286,1743033599999999,872757205.466645,1468474,181445.0723,369125581.32051104,0
1743033600000000,2009.52,2037.38,1987.06,2003.66,360634.8383,1743119999999999,726385594.534751,1394730,154040.2327,310291637.030968,0
1743120000000000,2003.67,2015.93,1860.0,1896.9,626167.5832,1743206399999999,1197329354.058415,2245087,307332.2769,587606938.5845151,0
1743206400000000,1896.9,1913.6,1797.2,1828.08,409769.7555,1743292799999999,758545295.8717791,1755638,199201.1398,368752720.356886,0
1743292800000000,1828.09,1849.01,1767.69,1807.74,327843.4476,1743379199999999,595676639.883548,1523210,164123.1476,298224370.054843,0
1743379200000000,1807.74,1854.22,1776.75,1822.43,497854.9052,1743465599999999,904456573.0104151,2283021,248408.7865,451323627.204578,0
1743465600000000,1822.43,1927.9,1817.88,1904.98,452989.0974,1743551999999999,851190042.273377,2141608,227293.9134,427068696.66992,0
1743552000000000,1904.98,1957.0,1781.53,1795.22,750840.7823,1743638399999999,1411539014.562126,3408080,364479.3767,685797603.6286111,0
1743638400000000,1795.21,1845.26,1750.0,1817.23,508075.018,1743724799999999,912214691.840036,2579520,253462.4464,455404696.427552,0
1743724800000000,1817.23,1835.68,1758.72,1816.87,572734.4702,1743811199999999,1030518559.141754,2647730,277397.8197,499272616.79746896,0
1743811200000000,1816.88,1827.29,1764.39,1806.01,201716.2696,1743897599999999,362822603.997079,861593,96425.6245,173484839.307568,0
1743897600000000,1806.02,1817.0,1537.5,1580.76,979847.0958,1743983999999999,1621420911.803542,3251935,453768.9316,751319408.63196,0
1743984000000000,1580.77,1639.0,1411.01,1553.04,2168796.0067,1744070399999999,3314200223.327178,5723226,1076060.067,1645270461.504365,0
1744070400000000,1553.04,1618.67,1441.3,1473.41,891846.1327,1744156799999999,1361139288.977932,3369669,449628.1417,686762120.765776,0
1744156800000000,1473.41,1689.0,1385.05,1669.51,1968530.9138,1744243199999999,2995077137.626647,4723847,990740.8363,1508747907.727771,0
1744243200000000,1669.51,1669.85,1471.02,1522.25,911855.3934,1744329599999999,1425649915.894919,3007121,454828.2592,711164539.487151,0
1744329600000000,1522.24,1591.47,1504.63,1566.85,578484.3183,1744415999999999,901210974.608363,2547292,305707.1748,476514872.298804,0
1744416000000000,1566.85,1669.59,1546.06,1644.18,501867.9033,1744502399999999,813176435.313973,2177800,266899.4092,432987094.823904,0
1744502400000000,1644.19,1649.75,1562.01,1597.76,580136.6145,1744588799999999,931598664.2918551,2597350,281372.538,452135764.61108303,0
1744588800000000,1597.76,1691.5,1595.56,1623.77,645930.1419,1744675199999999,1062426756.849636,2975844,332185.1295,546536662.981744,0
1744675200000000,1623.78,1661.21,1583.12,1588.78,476178.8915,1744761599999999,774210116.7106249,2283302,232389.8503,377978352.55460703,0
1744761600000000,1588.77,1613.66,1538.07,1577.14,611387.8686,1744847999999999,965271509.893183,2645419,311107.7903,491272640.364742,0
1744848000000000,1577.15,1616.96,1563.2,1583.62,449870.3628,1744934399999999,716711483.143345,1871114,226961.4241,361610704.82123107,0
1744934400000000,1583.63,1600.64,1573.54,1588.6,200409.0359,1745020799999999,317931022.839473,889028,99073.5374,157166748.966902,0
1745020800000000,1588.6,1631.81,1585.01,1613.27,223096.3899,1745107199999999,358254845.712294,1762563,119856.3027,192451022.067047,0
1745107200000000,1613.26,1619.19,1565.59,1587.36,276052.2306,1745193599999999,438377495.975152,1913811,138393.3947,219774032.482756,0
1745193600000000,1587.36,1658.75,1564.07,1579.57,691486.6667,1745279999999999,1117358203.868595,4257816,349723.7779,565324291.159292,0
1745280000000000,1579.57,1778.0,1537.26,1756.26,1103036.9586,1745366399999999,1833852783.080129,3841594,570956.5969,949980453.538352,0
1745366400000000,1756.25,1834.86,1744.95,1795.07,887545.6316,1745452799999999,1590311895.515477,3346263,465865.2367,834633411.499644,0
1745452800000000,1795.08,1802.82,1722.9,1769.65,483465.0385,1745539199999999,851507192.04646,2225460,228156.9812,401904077.51987696,0
1745539200000000,1769.64,1827.32,1738.6,1784.6,595610.8894,1745625599999999,1063192910.339053,2516748,310119.5698,553732398.650821,0
1745625600000000,1784.6,1841.16,1778.94,1820.88,355068.0442,1745711999999999,640645562.865216,1907298,184308.0796,332672166.455174,0
1745712000000000,1820.87,1857.47,1781.9,1791.29,340332.6435,1745798399999999,616122293.308254,2405764,164744.7128,298455924.453593,0
1745798400000000,1791.29,1827.98,1744.71,1799.88,587269.743,1745884799999999,1049690759.152374,2980656,282424.4021,504906960.405928,0
1745884800000000,1799.88,1842.99,1780.47,1797.81,480456.3884,1745971199999999,871685371.749142,2590967,247137.1213,448518545.93327105,0
1745971200000000,1797.81,1816.8,1731.7,1793.61,473523.9877,1746057599999999,843558998.326332,2468998,224863.7757,400751136.05107903,0
1746057600000000,1793.62,1873.17,1792.52,1838.11,537198.7291,1746143999999999,988206595.824892,2398765,284534.1382,523485516.25783294,0
1746144000000000,1838.1,1871.0,1813.0,1842.2,410667.875,1746230399999999,755324594.318921,2062923,214203.7089,394103918.03934497,0
1746230400000000,1842.2,1848.6,1810.0,1833.52,213751.5979,1746316799999999,391267436.33205694,1135719,102337.2203,187310371.211181,0
1746316800000000,1833.52,1849.95,1803.0,1808.86,238254.3564,1746403199999999,435999576.565349,1443996,115191.4115,210878994.455424,0
1746403200000000,1808.86,1833.55,1781.85,1820.19,342341.0078,1746489599999999,619310042.705,1961255,174628.629,315946281.030022,0
1746489600000000,1820.19,1820.9,1752.0,1817.0,384584.2451,1746575999999999,687049952.313885,2333041,187697.5461,335412217.286639,0
1746576000000000,1817.0,1850.0,1787.01,1811.11,456170.0705,1746662399999999,831394497.734043,2408512,237181.4755,432215626.27634495,0
1746662400000000,1811.11,2226.0,1808.71,2207.39,1473152.686,1746748799999999,2976074419.3235407,5616063,774940.4643,1564609175.673035,0
1746748800000000,2207.39,2490.77,2184.33,2345.04,1667041.0382,1746835199999999,3881949928.351723,6885286,816968.732,1901989668.6770113,0
1746835200000000,2345.04,2600.0,2317.0,2583.23,979350.1606,1746921599999999,2393510879.665205,4862978,508011.2632,1242333639.703975,0
1746921600000000,2583.22,2608.13,2435.51,2514.57,831584.3888,1747007999999999,2087255708.689512,4340859,402700.0972,1010999635.269731,0
1747008000000000,2514.58,2624.0,2406.63,2495.47,1068680.9433,1747094399999999,2694150708.6427608,5441783,534397.3204,1347640836.766131,0
1747094400000000,2495.48,2738.5,2415.3,2679.71,1031355.6465,1747180799999999,2653880363.305381,4666012,569632.7662,1468803335.988289,0
1747180800000000,2679.71,2725.99,2547.26,2609.74,830047.1122,1747267199999999,2183890526.340228,4181188,413256.8419,1088633834.584732,0
1747267200000000,2609.75,2647.03,2476.03,2548.69,768954.0332,1747353599999999,1963827790.236602,4305508,396304.5157,1012773316.797603,0
1747353600000000,2548.7,2649.31,2529.4,2537.12,605953.6919,1747439999999999,1568128704.046345,3310498,323624.7041,837990689.5669379,0
1747440000000000,2537.13,2538.16,2446.42,2475.08,494333.2782,1747526399999999,1227578098.31878,2950197,227882.8455,566013389.009042,0
1747526400000000,2475.09,2587.61,2323.21,2497.78,810103.1851,1747612799999999,2001441345.4342968,3416878,400896.368,990832542.382129,0
1747612800000000,2497.78,2547.36,2348.38,2528.14,861747.523,1747699199999999,2109843607.573324,4757453,431712.8465,1057907975.585551,0
1747699200000000,2528.14,2588.63,2442.4,2524.19,676989.1747,1747785599999999,1703522806.130449,3816684,338210.0092,851893459.669116,0
1747785600000000,2524.19,2615.95,2452.2,2550.99,1095890.2902,1747871999999999,2780015740.832861,5568312,550624.5604,1397549396.349744,0
1747872000000000,2551.0,2692.99,2544.83,2664.82,852555.6669,1747958399999999,2246807632.745271,5196535,448569.1098,1182067855.833156,0
1747958400000000,2664.83,2734.23,2498.3,2526.5,971442.4532,1748044799999999,2537338702.615742,5450420,473528.1684,1237163443.755829,0
1748044800000000,2526.49,2575.85,2515.08,2530.4,257544.2344,1748131199999999,656038924.220513,2090724,128007.8604,326091787.487667,0
1748131200000000,2530.41,2554.26,2463.0,2551.22,359890.0299,1748217599999999,901956598.7248739,2556052,170482.1859,427565947.98883694,0
1748217600000000,2551.22,2599.0,2525.86,2563.7,362971.1182,1748303999999999,929347758.924527,2374458,175269.0596,448860267.78344494,0
1748304000000000,2563.7,2712.36,2509.46,2660.81,798430.8862,1748390399999999,2101748442.5248728,4017588,412557.6256,1085725214.202044,0
1748390400000000,2660.81,2689.14,2608.5,2681.6,560095.6833,1748476799999999,1480645502.351484,3160462,273261.3831,722627732.7578701,0
1748476800000000,2681.61,2788.0,2619.05,2631.39,811567.2545,1748563199999999,2189640513.339573,4254669,405459.3733,1094147671.84856,0
1748563200000000,2631.39,2649.23,2507.35,2531.34,763045.2564,1748649599999999,1976177953.879442,4624552,376566.6772,975743608.339547,0
1748649600000000,2531.35,2550.34,2475.33,2528.06,394537.2521,1748735999999999,994330383.170508,2792146,197180.2806,497000872.32481104,0
1748736000000000,2528.06,2547.79,2468.56,2539.21,332021.7088,1748822399999999,834842712.2775409,2210246,165557.314,416473007.50785106,0
1748822400000000,2539.2,2615.0,2475.0,2607.41,468889.9737,1748908799999999,1184963591.471666,3239230,232758.6658,588585524.428128,0
1748908800000000,2607.42,2655.38,2575.0,2593.36,454383.0439,1748995199999999,1188862077.100825,3098351,228172.36,597147462.454556,0
1748995200000000,2593.35,2679.88,2583.5,2607.68,502494.8214,1749081599999999,1321537606.684948,2754319,260366.5898,685080028.877307,0
1749081600000000,2607.68,2640.86,2391.66,2414.01,808938.0344,1749167999999999,2047572739.901186,4181206,378086.6913,958339246.4607271,0
1749168000000000,2414.02,2531.36,2381.49,2476.1,578843.4974,1749254399999999,1428256037.775954,3246760,290586.021,717257126.5020311,0
1749254400000000,2476.1,2544.36,2457.0,2524.63,264787.6743,1749340799999999,662320802.305284,1587509,135613.3419,339037471.977697,0
1749340800000000,2524.64,2548.63,2490.58,2509.83,266474.7139,1749427199999999,670516749.0596551,1401175,135061.7873,339794332.050441,0
1749427200000000,2509.84,2693.99,2477.73,2680.13,568726.3025,1749513599999999,1458505754.33474,2896758,303579.9958,779517686.5498569,0
1749513600000000,2680.13,2827.0,2655.61,2816.4,1138405.4775,1749599999999999,3115655145.472068,5277581,605348.556,1656990975.326069,0
1749600000000000,2816.41,2879.22,2743.75,2771.61,850210.9324,1749686399999999,2388186204.977766,4906906,410413.9413,1153264237.421366,0
1749686400000000,2771.6,2784.83,2616.24,2642.65,699593.3757,1749772799999999,1905633561.097528,4172997,343802.7294,937069085.599158,0
1749772800000000,2642.66,2645.45,2436.98,2579.19,1202176.2972,1749859199999999,3033896895.562154,6026303,570084.1354,1438866069.089298,0
1749859200000000,2579.19,2579.43,2488.72,2530.76,331438.9278,1749945599999999,838399986.4601071,1988958,155289.4372,393033307.094926,0
1749945600000000,2530.77,2559.51,2492.0,2547.61,299701.6624,1750031999999999,758742736.7676231,1846489,153252.4073,388090718.363716,0
1750032000000000,2547.62,2680.34,2514.85,2544.17,680429.988,1750118399999999,1774646762.471706,3434185,348962.3301,910684719.14748,0
1750118400000000,2544.17,2618.6,2453.8,2509.95,715930.4081,1750204799999999,1815306987.093816,4017130,359536.2104,912037726.6654791,0
1750204800000000,2509.95,2548.42,2465.78,2525.0,504532.1818,1750291199999999,1266177014.470926,3243812,250381.7951,628614334.113376,0
1750291200000000,2525.0,2546.91,2485.03,2521.12,252646.059,1750377599999999,636251233.0103929,1667327,122131.8125,307645921.480362,0
1750377600000000,2521.13,2569.0,2367.36,2406.49,632027.8235,1750463999999999,1559837109.182709,3175602,283785.5071,700887886.0366,0
1750464000000000,2406.49,2448.8,2216.0,2295.73,496783.864,1750550399999999,1167664698.578644,2825558,223536.0109,525577801.093422,0
1750550400000000,2295.72,2314.48,2111.89,2227.7,840155.8295,1750636799999999,1865382440.303028,5203723,410219.4606,910717903.71948,0
1750636800000000,2227.7,2438.68,2188.0,2411.66,744583.8003,1750723199999999,1707539521.027113,4477307,367124.3462,842382247.3632659,0
1750723200000000,2411.66,2482.04,2376.11,2448.45,516760.6621,1750809599999999,1252322606.094842,3133356,255502.6802,619378004.307767,0
1750809600000000,2448.46,2468.69,2389.69,2418.49,414894.7387,1750895999999999,1007574107.706431,2776920,206517.9982,501745009.719739,0
1750896000000000,2418.5,2520.92,2394.32,2415.96,463704.0261,1750982399999999,1138310757.584065,2978926,234924.0215,577384294.658558,0
1750982400000000,2415.96,2463.54,2382.53,2423.17,381474.766,1751068799999999,927024811.54842,2112477,163666.228,397737067.68862706,0
1751068800000000,2423.17,2447.8,2405.81,2435.62,155814.9859,1751155199999999,378310903.948948,855656,75110.0135,182401886.244142,0
1751155200000000,2435.62,2525.0,2412.0,2500.09,284291.8057,1751241599999999,700329421.976834,1370707,147274.8033,363091989.66193295,0
1751241600000000,2500.09,2524.3,2431.0,2485.47,440455.714,1751327999999999,1093515997.924797,2333352,224857.1016,558417620.2177631,0
1751328000000000,2485.47,2500.8,2386.52,2405.01,351951.0868,1751414399999999,858543228.334264,1978858,158891.8622,387699992.1451,0
1751414400000000,2405.01,2619.28,2373.0,2570.41,634967.0337,1751500799999999,1599878809.253887,2717139,323198.0206,814743086.674377,0
1751500800000000,2570.41,2635.5,2556.12,2591.25,504943.6592,1751587199999999,1308429372.972785,2506227,261017.406,676592013.259716,0
1751587200000000,2591.26,2603.17,2474.24,2508.04,452593.02,1751673599999999,1142275937.968202,1980591,198158.5551,500628761.729327,0
1751673600000000,2508.04,2529.81,2487.95,2516.41,157198.0958,1751759999999999,394906375.017766,911950,79575.3002,199902327.125929,0
1751760000000000,2516.42,2605.0,2503.5,2570.35,277593.6319,1751846399999999,707971625.070802,1375995,138516.8522,353423928.298894,0
1751846400000000,2570.35,2590.57,2512.0,2542.29,315707.5272,1751932799999999,805370144.473485,1985043,155551.5678,396828929.46014494,0
1751932800000000,2542.3,2628.21,2523.59,2615.25,370915.7321,1752019199999999,957180096.783727,1899797,193484.7421,499495444.93014896,0
1752019200000000,2615.25,2795.74,2589.78,2768.74,686119.3772,1752105599999999,1844561572.9065993,2997546,357355.9972,961263657.5378339,0
1752105600000000,2768.74,3000.0,2755.5,2951.29,951896.07,1752191999999999,2707997922.265638,4235042,489489.5943,1391543272.394588,0
1752192000000000,2951.29,3040.15,2913.75,2958.22,906839.1689,1752278399999999,2704484897.471723,4434934,446642.8472,1332154807.314855,0
1752278400000000,2958.21,2979.78,2903.85,2943.28,348884.8877,1752364799999999,1027324169.831482,1690700,169290.3063,498560502.191284,0
1752364800000000,2943.29,3020.31,2936.49,2972.03,357333.5016,1752451199999999,1063507989.977405,1778200,181359.7935,539737375.12212,0
1752451200000000,2972.03,3083.0,2962.81,3013.62,815552.6496,1752537599999999,2470137078.017986,3706161,386886.2252,1172067555.150503,0
1752537600000000,3013.61,3144.14,2932.46,3137.89,863583.7377,1752623999999999,2610352115.953149,4317422,452826.4011,1369794578.661733,0
1752624000000000,3137.9,3425.0,3101.0,3371.35,1135950.5831,1752710399999999,3699155067.268267,4381562,586498.6429,1907885299.313174,0
1752710400000000,3371.35,3523.44,3310.77,3476.87,974065.8264,1752796799999999,3331779733.255004,5025581,483988.5692,1656122659.302883,0
1752796800000000,3476.88,3673.84,3458.68,3546.92,1163823.3977,1752883199999999,4180688128.221824,5566028,568849.4755,2043472787.034766,0
1752883200000000,3546.92,3608.3,3506.79,3592.01,381791.9213,1752969599999999,1360031951.337076,2217328,178344.0076,635470858.679646,0
1752969600000000,3592.0,3824.56,3579.13,3756.69,852356.5533,1753055999999999,3170505338.400095,3794627,443544.9313,1649205513.376342,0
1753056000000000,3756.69,3860.0,3701.01,3762.33,812074.0534,1753142399999999,3070256408.919716,4156350,385711.4986,1458766820.895454,0
1753142400000000,3762.32,3798.65,3616.54,3746.21,870127.3864,1753228799999999,3216022611.720179,4455526,418929.4808,1548480285.714007,0
1753228800000000,3746.21,3764.2,3527.0,3628.29,800259.4025,1753315199999999,2907900644.9202952,3761894,369083.3537,1341700552.416428,0
1753315200000000,3628.29,3771.0,3502.85,3706.94,749459.495,1753401599999999,2743326751.987169,3752613,372725.3177,1364487144.845279,0
1753401600000000,3706.95,3747.0,3573.76,3724.96,764606.7261,1753487999999999,2799663682.731906,4083119,370298.007,1356082362.396368,0
1753488000000000,3724.97,3793.0,3697.66,3741.1,407259.7024,1753574399999999,1525422085.066145,1720495,204826.1817,767464713.633392,0
1753574400000000,3741.11,3879.82,3731.0,3872.1,457352.4605,1753660799999999,1744992440.585528,2299384,230309.3217,878880700.3788259,0
1753660800000000,3872.11,3941.0,3754.0,3799.0,620994.7463,1753747199999999,2387363538.135913,3161770,304037.6074,1169796792.116981,0
1753747200000000,3799.0,3886.44,3716.04,3793.79,584210.4393,1753833599999999,2218694085.767802,3121489,286292.4572,1088086275.201961,0
1753833600000000,3793.79,3834.03,3677.65,3810.0,525424.9003,1753919999999999,1984744001.4884088,3128399,248999.4482,941064351.695855,0
1753920000000000,3810.0,3878.67,3684.33,3698.39,516088.4503,1754006399999999,1961880275.4025471,2754480,245555.2293,934297246.777987,0
1754006400000000,3698.39,3724.02,3431.75,3488.2,783869.1517,1754092799999999,2826423714.237822,5288678,361738.0053,1304785660.601062,0
1754092800000000,3488.21,3537.69,3368.29,3393.94,494195.7094,1754179199999999,1709705648.162931,3703627,231776.9514,802069751.3333981,0
1754179200000000,3393.94,3521.79,3354.28,3496.74,296347.6758,1754265599999999,1026636932.33361,2428479,156807.23,543358817.9471129,0
1754265600000000,3496.75,3736.73,3490.73,3720.99,463349.9861,1754351999999999,1677819313.332998,3316870,241318.7064,873258522.311276,0
1754352000000000,3720.99,3722.24,3546.0,3612.0,489070.9589,1754438399999999,1772309727.640444,3721006,230213.2832,834391670.474387,0
1754438400000000,3612.01,3698.6,3564.19,3683.31,365309.9205,1754524799999999,1326203496.30214,2912356,186459.2777,677091112.5961089,0
1754524800000000,3683.31,3927.77,3647.63,3910.31,631678.9872,1754611199999999,2402252971.4317408,3495451,344602.949,1310682080.45414,0
1754611200000000,3910.3,4071.0,3880.0,4009.5,723300.0109,1754697599999999,2868715363.889369,4175115,389637.0166,1545604109.313508,0
1754697600000000,4009.51,4326.2,4006.63,4260.62,691932.1048,1754783999999999,2897074775.140159,3932997,354396.8092,1482946335.172858,0
1754784000000000,4260.63,4332.6,4153.07,4250.57,494843.8105,1754870399999999,2091948332.589114,3319102,235841.2963,997589724.686655,0
1754870400000000,4250.58,4366.46,4166.77,4223.22,722664.04,1754956799999999,3089081112.554874,5162548,360218.2954,1540350244.420612,0
1754956800000000,4223.22,4639.7,4219.04,4590.52,885288.0652,1755043199999999,3918279210.053929,5104868,460721.2581,2038703612.7785192,0
1755043200000000,4590.52,4783.85,4564.33,4749.3,925931.4988,1755129599999999,4334944436.910635,5293034,476639.1946,2232173733.897734,0
1755129600000000,4749.31,4788.0,4451.33,4546.84,1265449.0453,1755215999999999,5853669749.165808,6488264,610793.1493,2824145240.890796,0
1755216000000000,4546.84,4672.67,4368.0,4439.47,880409.2591,1755302399999999,3978902618.0587792,5091385,431967.5378,1953497546.8720393,0
1755302400000000,4439.47,4490.42,4372.54,4421.99,358676.5884,1755388799999999,1587545552.644884,2446573,172182.4814,762345533.8065139,0
1755388800000000,4422.0,4576.0,4393.98,4472.33,442461.3829,1755475199999999,1990037593.51367,2844829,216791.6846,975401417.6334541,0
1755475200000000,4472.34,4481.88,4225.86,4312.99,823188.1269,1755561599999999,3561988639.06488,4938429,406762.5481,1759665776.660579,0
1755561600000000,4312.99,4355.0,4067.34,4075.59,831222.7951,1755647999999999,3499853674.6376953,4828050,398237.7389,1679727808.428403,0
1755648000000000,4075.58,4378.0,4060.0,4336.16,728324.8933,1755734399999999,3077553918.18234,4768196,377599.4336,1596144868.677022,0
1755734400000000,4336.16,4340.26,4204.2,4225.3,433836.3992,1755820799999999,1854414176.5294473,4202357,215637.3352,922109670.926336,0
1755820800000000,4225.3,4887.59,4207.39,4832.07,1277976.63526,1755907199999999,5850514269.296542,6440351,685989.38976,3139499789.414669,0
1755907200000000,4832.07,4832.07,4659.7,4778.4,512442.0888,1755993599999999,2428561923.4178367,3011610,247002.372,1170650191.938999,0
1755993600000000,4778.4,4956.78,4711.0,4780.15,780668.77842,1756079999999999,3755014998.4467025,4316811,393654.81102,1894436117.270788,0
1756080000000000,4780.15,4797.97,4334.13,4376.18,1043917.1659,1756166399999999,4769033242.728044,6296796,466034.8159,2129931225.5307872,0
1756166400000000,4376.17,4633.46,4311.04,4600.63,834750.2767,1756252799999999,3739773474.021506,5640502,401376.3087,1798486042.553646,0
1756252800000000,4600.63,4663.93,4481.53,4506.71,606669.3611,1756339199999999,2784659238.3017006,3920404,307736.9098,1412983486.966091,0
1756339200000000,4506.71,4633.97,4430.0,4511.21,485243.4027,1756425599999999,2202472276.64976,3236156,230509.0927,1046782923.357486,0
1756425600000000,4511.2,4516.75,4265.0,4360.18,679063.8777,1756511999999999,2969120530.274377,4406428,324223.3629,1417503064.20564,0
1756512000000000,4360.18,4415.61,4257.2,4373.7,340319.1826,1756598399999999,1483613909.749367,2086140,180789.988,788720330.9840739,0
1756598400000000,4373.7,4498.47,4372.63,4391.83,356586.1861,1756684799999999,1588952837.432261,2221987,183775.3164,819127243.58221,0
1756684800000000,4391.83,4491.84,4210.61,4314.5,513830.0395,1756771199999999,2244610986.86617,4011776,246147.2654,1075592499.534808,0
1756771200000000,4314.5,4416.78,4257.85,4326.5,524605.0512,1756857599999999,2275752549.704531,4161006,262315.1298,1138093049.510545,0
1756857600000000,4326.49,4490.64,4283.23,4450.46,487091.6861,1756943999999999,2146232316.546182,3491341,260805.1318,1150952058.93142,0
1756944000000000,4450.46,4482.05,4265.33,4297.55,471795.7096,1757030399999999,2061920365.306792,4087637,223178.8479,975391239.955494,0
1757030400000000,4297.56,4490.0,4256.03,4307.45,624169.8754,1757116799999999,2722930703.949958,4751518,312428.2352,1364013868.120256,0
1757116800000000,4307.46,4329.3,4236.0,4273.14,191166.0686,1757203199999999,819243725.2123,1711937,90318.6833,387096202.235548,0
1757203200000000,4273.15,4336.02,4270.81,4306.19,169620.8372,1757289599999999,729149678.760542,1450115,88389.9104,379994466.147124,0
1757289600000000,4306.19,4384.06,4279.0,4306.37,372882.4355,1757375999999999,1611402674.924859,2889398,185577.5078,801973160.9357901,0
1757376000000000,4306.36,4381.87,4276.76,4310.09,405485.7821,1757462399999999,1751903233.455334,3068397,197329.24,852710674.591241,0
1757462400000000,4310.08,4453.57,4285.1,4349.32,506633.9098,1757548799999999,2207912091.685508,3221192,275693.6907,1201067542.577108,0
1757548800000000,4349.33,4481.09,4338.82,4458.82,441259.6649,1757635199999999,1949893256.335128,3446340,233524.3882,1032162722.674102,0
1757635200000000,4458.83,4748.4,4450.71,4712.16,510777.5402,1757721599999999,2337299050.098691,3859691,260127.4464,1190623320.120003,0
1757721600000000,4712.16,4769.36,4605.0,4666.53,394393.6869,1757807999999999,1850836179.9834833,2711137,194348.8388,912698240.496336,0
1757808000000000,4666.54,4692.36,4576.89,4604.49,278244.3205,1757894399999999,1287527692.946413,2561665,119825.8078,554538161.069432,0
1757894400000000,4604.48,4670.28,4466.0,4523.74,412291.9687,1757980799999999,1874781946.0150993,3889905,203592.7664,925893860.0954301,0
1757980800000000,4523.74,4538.25,4424.0,4501.29,293307.1099,1758067199999999,1315498731.650004,2967454,149843.5255,671943724.597036,0
1758067200000000,4501.3,4616.77,4412.0,4590.53,476981.4561,1758153599999999,2149457762.913816,3859374,239986.8267,1081954417.390737,0
1758153600000000,4590.54,4644.47,4553.7,4587.66,290660.377,1758239999999999,1336761563.704996,2922079,146325.1789,673188179.996935,0
1758240000000000,4587.66,4620.72,4435.7,4468.59,331611.1482,1758326399999999,1495953132.099773,2302227,143873.0695,649024828.8948929,0
1758326400000000,4468.59,4508.71,4454.45,4480.42,130781.913,1758412799999999,585813348.774924,1094083,65379.0397,292888970.600943,0
1758412800000000,4480.41,4498.16,4443.0,4444.97,149349.8262,1758499199999999,668077573.112986,1098813,74558.8041,333524523.784046,0
1758499200000000,4444.98,4455.76,4077.0,4199.08,708243.2348,1758585599999999,2991392446.130756,4143966,343579.0176,1450404524.234355,0
1758585600000000,4199.09,4229.03,4114.39,4164.26,315227.9057,1758671999999999,1318382529.127912,3449275,157024.3339,656858840.051957,0
1758672000000000,4164.25,4206.9,4073.74,4152.81,353665.5671,1758758399999999,1472276097.667921,3119658,166727.3367,694041084.4057449,0
1758758400000000,4152.81,4161.04,3815.0,3874.36,930327.6951,1758844799999999,3702962412.917114,7611345,441393.5543,1756048962.795275,0
1758844800000000,3874.35,4068.3,3867.65,4032.24,575711.0859,1758931199999999,2275867014.046836,5466636,307750.3457,1216442944.06247,0
1758931200000000,4032.24,4039.01,3972.98,4018.38,172693.2638,1759017599999999,692281857.207582,1940113,79817.4035,320025622.513547,0
1759017600000000,4018.39,4144.88,3966.0,4142.16,240331.8589,1759103999999999,972239151.6275791,2500609,140010.7323,566880552.499075,0
1759104000000000,4142.16,4235.86,4082.25,4215.07,380728.6784,1759190399999999,1580732256.801187,3612246,199061.7147,826365235.842847,0
1759190400000000,4215.07,4245.0,4092.1,4145.15,391126.6172,1759276799999999,1625808124.643462,4118784,181458.9958,754666917.7275741,0
1759276800000000,4145.15,4355.46,4123.08,4348.03,507026.3822,1759363199999999,2165739972.3710446,4138481,247673.9891,1059254829.127008,0
1759363200000000,4348.03,4516.74,4332.73,4484.35,526411.1571,1759449599999999,2322911121.293646,4441183,270113.997,1192562119.649421,0
1759449600000000,4484.35,4591.59,4428.0,4512.87,485684.0267,1759535999999999,2184423024.582545,5149648,234630.1499,1055644644.394335,0
1759536000000000,4512.88,4517.93,4440.0,4487.15,199732.7088,1759622399999999,895195711.8810791,2252261,90161.8179,404217765.196633,0
1759622400000000,4487.16,4618.17,4467.05,4514.32,506587.9614,1759708799999999,2305062852.191549,3791095,265246.9061,1206877173.081055,0
1759708800000000,4514.32,4735.93,4488.25,4684.01,456200.6528,1759795199999999,2107882753.6147287,4677655,235462.9488,1087700705.075086,0
1759795200000000,4684.02,4755.0,4430.43,4447.7,640685.9319,1759881599999999,2946435862.400838,6028668,308407.6086,1419710155.477069,0
1759881600000000,4447.7,4558.0,4410.08,4525.72,399904.3287,1759967999999999,1791815622.635745,4771608,205585.7695,921332896.435835,0
1759968000000000,4525.72,4531.52,4265.06,4368.09,515978.1829,1760054399999999,2257574038.66859,5181361,242773.6384,1060847514.335138,0
1760054400000000,4368.09,4393.63,3435.0,3829.72,1493971.0244,1760140799999999,5954598988.690315,12594514,680600.6897,2723566227.172543,0
1760140800000000,3829.72,3878.3,3643.33,3746.79,789885.6582,1760227199999999,2994511140.4092994,8794145,362107.5901,1373206442.87708,0
1760227200000000,3746.8,4197.7,3694.74,4152.29,811308.152,1760313599999999,3213401552.274956,8286691,406500.5487,1607458765.920295,0
1760313600000000,4152.29,4292.0,4042.29,4240.85,622813.9247,1760399999999999,2590697041.4796047,8321249,302948.0094,1261092410.082509,0
1760400000000000,4240.86,4263.38,3888.74,4125.02,962996.7658,1760486399999999,3894019260.946043,10714712,500346.6817,2021620281.2079551,0
1760486400000000,4125.01,4217.6,3926.74,3985.61,626081.6966,1760572799999999,2543782117.9732566,7421801,313175.5389,1273392874.002121,0
1760572800000000,3985.61,4086.49,3826.04,3894.51,643804.6163,1760659199999999,2552218455.0188193,8451902,319663.4266,1268557283.411159,0
1760659200000000,3894.5,3950.45,3674.5,3831.57,830127.0885,1760745599999999,3147006926.52111,9412569,421727.0445,1597875952.217623,0
1760745600000000,3831.58,3927.73,3819.07,3889.21,250710.6121,1760831999999999,971616631.642943,3174247,123527.728,478841122.02979,0
1760832000000000,3889.2,4030.94,3827.04,3982.58,408538.2545,1760918399999999,1609546719.154199,4377250,210770.829,830019862.215925,0
1760918400000000,3982.58,4085.3,3908.73,3979.22,511382.3301,1761004799999999,2049366257.2948992,5803391,237126.1851,950802301.277708,0
1761004800000000,3979.22,4110.0,3840.24,3873.05,590594.1382,1761091199999999,2335723187.677247,7015049,279785.5053,1107257090.995763,0
1761091200000000,3873.04,3889.27,3710.0,3805.53,593130.0905,1761177599999999,2268706650.109904,6834244,263582.8173,1008334927.99178,0
1761177600000000,3805.53,3934.86,3796.54,3856.8,477231.0181,1761263999999999,1842438997.006866,4206428,210507.9739,813180072.006933,0
1761264000000000,3856.8,4026.39,3845.86,3934.88,425926.9383,1761350399999999,1676037250.100214,4291705,217754.8375,857155216.561159,0
1761350400000000,3934.88,3969.22,3912.4,3953.82,138526.3338,1761436799999999,545722019.6759751,1476147,67667.2793,266617187.890661,0
1761436800000000,3953.81,4178.78,3919.03,4158.46,344698.0918,1761523199999999,1396836816.693465,3249487,173720.1856,703491084.2620751,0
1761523200000000,4158.46,4253.72,4095.0,4120.15,487131.2291,1761609599999999,2035684992.6036072,5081784,248999.9729,1040497593.800265,0
1761609600000000,4120.16,4175.55,3931.33,3979.2,472965.8377,1761695999999999,1926589295.491682,5061999,222962.1579,908763052.717048,0
1761696000000000,3979.19,4036.66,3840.37,3902.99,486452.3127,1761782399999999,1925328091.834018,5571627,230694.78,913403769.324608,0
1761782400000000,3903.0,3948.74,3680.0,3805.09,531455.9923,1761868799999999,2028708564.222212,6906431,253157.6828,966915641.09658,0
1761868800000000,3804.95,3906.09,3796.36,3847.99,478636.2995,1761955199999999,1843471240.950858,5000695,263997.8361,1017255899.859766,0
1761955200000000,3848.0,3909.39,3831.0,3873.77,152998.1626,1762041599999999,592459458.761567,1840903,75638.8612,292912520.170275,0
1762041600000000,3873.78,3918.23,3839.12,3906.58,216083.1542,1762127999999999,837354910.688628,2433160,115417.9205,447423699.373431,0
1762128000000000,3906.58,3914.29,3558.82,3603.83,877187.3852,1762214399999999,3238285047.509506,7464333,396065.9448,1462435750.935427,0
1762214400000000,3603.84,3654.54,3057.0,3287.05,1568004.2379,1762300799999999,5314450723.763831,10283812,730780.3823,2476934144.731218,0
1762300800000000,3287.05,3480.46,3166.66,3424.29,809591.5132,1762387199999999,2699190339.152632,6935719,421218.8965,1403027181.859867,0
1762387200000000,3424.29,3456.46,3245.45,3315.14,566363.7003,1762473599999999,1896818057.207791,6422367,278569.8569,932497460.9571711,0
1762473600000000,3315.14,3473.0,3194.2,3436.05,683417.3854,1762559999999999,2269770217.2364273,7139239,352056.0459,1169901356.913121,0
1762560000000000,3436.04,3488.0,3355.58,3401.51,291532.2881,1762646399999999,997076516.0905299,3661341,144818.0207,495545476.05733293,0
1762646400000000,3401.51,3623.25,3358.66,3583.46,464098.052,1762732799999999,1616068059.82672,4471232,255287.6113,888865168.9269341,0
1762732800000000,3583.46,3658.98,3507.3,3567.85,595273.0298,1762819199999999,2130222587.624694,5374965,288985.1178,1035700899.574761,0
1762819200000000,3567.85,3648.27,3405.24,3417.76,660283.2747,1762905599999999,2334219569.458803,6239855,279975.2724,988115425.798087,0
1762905600000000,3417.76,3588.19,3371.65,3414.92,553101.9368,1762991999999999,1913040553.62282,5915987,269502.1432,932258100.3739581,0
1762992000000000,3414.91,3565.84,3154.22,3231.54,951989.1347,1763078399999999,3206643011.077227,8109562,479288.7197,1611512971.446227,0
1763078400000000,3231.55,3256.71,3070.0,3112.4,890446.1491,1763164799999999,2825408309.9258246,9563602,444168.0228,1410419310.962096,0
1763164800000000,3112.4,3230.0,3110.68,3167.88,338463.4782,1763251199999999,1076796729.102536,3329279,178961.8223,569908112.717186,0
1763251200000000,3167.87,3249.0,3004.0,3095.29,570633.5809,1763337599999999,1779987722.711093,5709385,287844.8346,899323831.8419169,0
1763337600000000,3095.29,3223.38,2959.46,3031.44,762500.4289,1763423999999999,2363337280.765939,7450569,387414.7425,1201427058.002213,0
1763424000000000,3031.44,3169.95,2946.56,3123.66,766640.1058,1763510399999999,2340587460.798044,7615241,403280.7886,1232613020.736247,0
1763510400000000,3123.65,3125.54,2873.64,3025.48,737926.7146,1763596799999999,2216678695.223021,7164222,360036.5459,1081978073.162999,0
1763596800000000,3025.48,3063.61,2790.01,2834.22,912524.3718,1763683199999999,2661800409.340738,7127439,428888.8725,1252889590.169883,0
1763683200000000,2834.21,2886.73,2623.57,2765.85,1180475.4085,1763769599999999,3236847819.47923,10064748,547922.1099,1502813541.495193,0
1763769600000000,2765.86,2799.01,2704.33,2770.12,264691.3089,1763855999999999,726992504.445693,3610746,130783.3858,359293974.593027,0
1763856000000000,2770.12,2858.16,2768.29,2802.16,409808.5734,1763942399999999,1154902366.816105,3902263,206241.2795,581290867.286262,0
1763942400000000,2802.16,2987.0,2763.0,2953.38,715279.7551,1764028799999999,2052356496.5525951,5727108,341887.1162,979551492.849392,0
1764028800000000,2953.38,2980.82,2857.32,2959.36,427686.4528,1764115199999999,1246454120.370332,4418266,202476.6298,590249449.8133689,0
1764115200000000,2959.36,3045.0,2888.69,3026.56,364535.326,1764201599999999,1079536972.459607,3911013,171996.0241,509726234.870356,0
1764201600000000,3026.56,3071.37,2985.78,3015.23,274980.3955,1764287999999999,831942752.0997089,2917476,127744.67,386552391.78453505,0
1764288000000000,3015.23,3099.0,2994.36,3031.15,346616.0275,1764374399999999,1053857760.714809,3662478,172614.6176,525060095.64153504,0
1764374400000000,3031.14,3052.64,2961.91,2989.16,217904.1303,1764460799999999,654348734.599726,1930588,93034.0164,279413777.604877,0
1764460800000000,2989.17,3053.02,2975.3,2991.26,182722.4253,1764547199999999,551904047.432645,1896781,87143.6579,263255693.67659,0
1764547200000000,2991.25,2999.47,2716.04,2799.07,849002.9909,1764633599999999,2386884973.982846,7108249,383330.5081,1076737868.245771,0
1764633600000000,2799.07,3033.76,2782.19,2996.07,523707.3586,1764719999999999,1528447401.324846,5821936,263958.3576,770318630.3076781,0
1764720000000000,2996.07,3214.99,2985.58,3188.36,553669.8146,1764806399999999,1713587615.132564,6210489,280795.7429,869390296.0320231,0
1764806400000000,3188.39,3240.35,3066.37,3133.26,486698.3987,1764892799999999,1543790061.952392,6357509,238177.9812,755733360.549938,0
1764892800000000,3133.26,3193.33,2983.08,3021.78,530382.8986,1764979199999999,1639255389.987769,6012408,259028.7578,799899847.557016,0
1764979200000000,3021.77,3069.0,3012.58,3038.06,159721.2488,1765065599999999,485368537.24003106,2244070,75279.0803,228817367.459284,0
1765065600000000,3038.06,3150.0,2907.52,3059.85,391129.675,1765151999999999,1186332501.65101,4277667,186555.6398,565678531.959395,0
1765152000000000,3059.86,3180.51,3040.87,3124.16,452820.2207,1765238399999999,1415589445.039095,6327207,224225.6496,701178219.819795,0
1765238400000000,3124.16,3397.85,3090.8,3318.04,603859.9458,1765324799999999,1962292840.767687,6993282,280409.759,911911294.837155,0
1765324800000000,3318.04,3447.44,3288.1,3324.14,539585.4535,1765411199999999,1810738811.735616,7155428,265501.8458,891358758.833009,0
1765411200000000,3324.14,3327.37,3145.28,3237.39,504114.2391,1765497599999999,1619734578.213871,7267153,239375.5443,768839628.956444,0
1765497600000000,3237.38,3265.5,3045.31,3084.86,435686.4435,1765583999999999,1371414759.857734,5948483,204665.1471,643771575.254284,0
1765584000000000,3084.86,3135.68,3078.6,3114.64,136465.7567,1765670399999999,423920604.038122,1855254,66698.6327,207214417.642375,0
1765670400000000,3114.64,3129.54,3024.44,3063.5,279058.3545,1765756799999999,862072488.530014,3511048,122884.5661,379597137.01443505,0
1765756800000000,3063.49,3177.5,2894.57,2964.85,520509.9555,1765843199999999,1579982448.239563,7417115,260217.0331,790063852.031119,0
1765843200000000,2964.85,2981.87,2876.0,2962.3,378293.1159,1765929599999999,1111582164.804332,6669623,177353.9948,521322317.103601,0
1765929600000000,2962.3,3030.92,2791.02,2833.49,497630.4162,1766015999999999,1446107029.749676,6532843,241806.4338,702713292.8754209,0
1766016000000000,2833.5,2997.4,2775.19,2828.57,595253.7997,1766102399999999,1712688363.64049,7801439,297647.5456,856465294.3772889,0
1766102400000000,2828.56,3020.0,2808.63,2979.5,531702.5439,1766188799999999,1565878519.31718,6948512,265654.992,782773695.892576,0
1766188800000000,2979.49,2994.41,2964.17,2977.93,91783.7734,1766275199999999,273573678.212581,1350111,40641.5192,121155599.008529,0
1766275200000000,2977.93,3013.4,2944.0,3002.02,162244.8067,1766361599999999,483780019.527505,2474808,78868.2879,235186765.372176,0
1766361600000000,3002.03,3077.39,2963.43,3009.49,298443.5633,1766447999999999,903056984.466161,5452069,142983.3689,432713971.599364,0
1766448000000000,3009.48,3035.79,2900.93,2965.02,386465.747,1766534399999999,1143899253.062532,4824322,206394.4595,610982176.714151,0
1766534400000000,2965.03,2978.15,2888.7,2947.47,197035.5598,1766620799999999,578209287.858266,3194683,101402.5429,297704426.144271,0
1766620800000000,2947.48,2971.46,2891.2,2903.95,188721.2981,1766707199999999,554690625.492779,2183611,85987.392,252678463.929107,0
1766707200000000,2903.9,2994.38,2894.26,2927.99,314830.9989,1766793599999999,928357784.217832,4062164,159371.2995,469784292.6982,0
1766793600000000,2928.0,2960.89,2917.13,2949.05,95040.3956,1766879999999999,278706096.334518,1004396,43285.9713,126936744.905573,0
1766880000000000,2949.05,2961.23,2924.54,2950.91,128834.139,1766966399999999,379078145.432578,1484510,65373.9915,192352556.018686,0
1766966400000000,2950.91,3057.78,2910.25,2937.9,485959.1824,1767052799999999,1447180217.933539,5162535,233555.1583,694845447.7618849,0
1767052800000000,2937.91,3009.8,2919.44,2973.69,286583.2879,1767139199999999,851498558.489608,3959890,146128.2348,434231190.136072,0
1767139200000000,2973.69,3028.08,2958.91,2971.64,233729.5887,1767225599999999,697600045.700212,2935432,116217.5263,346891301.180933,0
1767225600000000,2971.65,3010.0,2971.15,3004.19,136088.5207,1767311999999999,406547667.098154,1338212,66477.086,198558579.194668,0
1767312000000000,3004.19,3150.01,2992.49,3125.45,369891.2449,1767398399999999,1137619077.204739,5276480,195057.0391,599510476.371968,0
1767398400000000,3125.46,3136.71,3076.0,3127.11,134405.2258,1767484799999999,417746796.51213694,1823251,66789.8067,207586674.464872,0
1767484800000000,3127.11,3167.22,3118.75,3144.7,181576.0686,1767571199999999,570517585.648554,2261499,94783.8698,297836974.892677,0
1767571200000000,3144.71,3265.66,3135.02,3224.99,382446.6618,1767657599999999,1219648843.481487,5401982,188956.4336,602755810.6207991,0
1767657600000000,3224.99,3308.86,3183.27,3296.84,412503.5066,1767743999999999,1340863819.954255,5310071,204316.7995,664312441.651169,0
1767744000000000,3296.83,3296.84,3125.42,3168.72,321350.1225,1767830399999999,1027448724.687839,4839276,154644.9184,494179925.689907,0
1767830400000000,3168.72,3184.39,3054.65,3106.65,343616.1005,1767916799999999,1069846020.042703,4982423,167834.9366,522450484.02997,0
1767916800000000,3106.66,3148.41,3058.69,3088.4,274587.4533,1768003199999999,851846982.925553,4182570,137269.6714,426011198.68438,0
1768003200000000,3088.4,3104.12,3077.99,3086.72,82341.0546,1768089599999999,254495724.002643,881069,44689.1628,138130908.825049,0
1768089600000000,3086.72,3147.27,3084.46,3123.45,149381.2965,1768175999999999,465227647.583002,1522502,77521.2191,241470651.783173,0
1768176000000000,3123.46,3171.49,3065.55,3095.75,297373.4681,1768262399999999,928024542.296001,4303605,145169.9489,453140052.75455695,0
1768262400000000,3095.75,3367.79,3091.96,3325.82,457782.2816,1768348799999999,1470983302.124877,4876916,239733.9448,769970312.5922861,0
1768348800000000,3325.83,3402.89,3280.48,3354.92,503440.0759,1768435199999999,1682648500.339798,5351410,242601.2111,811091133.793289,0
1768435200000000,3354.92,3384.19,3273.72,3318.69,389993.836,1768521599999999,1296628250.56622,4766390,182106.0811,605761505.416469,0
1768521600000000,3318.7,3326.79,3253.01,3296.28,223921.7876,1768607999999999,737278508.749833,3528248,109159.1615,359334304.757938,0
1768608000000000,3296.28,3330.26,3283.96,3310.56,124325.0303,1768694399999999,411508868.39151,1229614,68643.5852,227299910.454937,0
1768694400000000,3310.56,3368.82,3278.86,3284.03,173354.3026,1768780799999999,576301516.530256,2227452,93056.7992,309424972.081588,0
1768780800000000,3284.04,3284.58,3165.38,3189.55,442540.5596,1768867199999999,1421588263.898261,4406164,225707.6739,725130247.584568,0
1768867200000000,3189.56,3200.5,2920.0,2939.88,518166.4787,1768953599999999,1586973026.80606,7228638,251605.1302,770975910.793193,0
1768953600000000,2939.88,3069.07,2866.11,2982.27,577800.2481,1769039999999999,1712903183.812053,8064316,296961.807,880621251.790689,0
1769040000000000,2982.28,3038.33,2906.02,2952.69,291660.7349,1769126399999999,867206892.2391379,4696521,144410.7947,429371629.050317,0
1769126400000000,2952.7,3019.26,2892.4,2956.41,318415.3317,1769212799999999,939757975.669515,5479038,159251.2529,470264718.669184,0
1769212800000000,2956.41,2970.41,2943.84,2953.22,92082.9039,1769299199999999,272517275.860426,1185149,41483.2107,122751060.758119,0
1769299200000000,2953.23,2960.29,2787.0,2816.89,380186.5326,1769385599999999,1088137895.952771,4637787,165133.7717,473021399.88106495,0
1769385600000000,2816.9,2951.21,2812.37,2930.35,485169.3372,1769471999999999,1405058143.578595,5933570,239396.1448,693731253.124194,0
1769472000000000,2930.35,3035.08,2899.77,3026.77,478792.3988,1769558399999999,1416537368.433361,5278439,229630.1728,679191460.936592,0
1769558400000000,3026.77,3045.78,2983.67,3010.78,296607.6549,1769644799999999,894057677.7403649,5061029,154557.6064,465946305.94887,0
1769644800000000,3010.78,3013.5,2754.53,2822.59,561288.5979,1769731199999999,1601894306.039813,6779608,270939.8171,772718271.379958,0
1769731200000000,2822.6,2828.65,2636.01,2707.38,793279.6252,1769817599999999,2161851949.0883846,10661631,388766.163,1059467300.875251,0
1769817600000000,2707.37,2714.64,2250.0,2451.95,1113097.7132,1769903999999999,2759353621.321312,9305297,520430.2055,1291798679.952669,0
1769904000000000,2451.96,2475.98,2222.0,2270.15,1026573.9466,1769990399999999,2412828498.6277447,11038637,455879.6449,1069127421.804749,0
1769990400000000,2270.16,2396.62,2157.14,2347.02,1248535.2114,1770076799999999,2842177286.24149,11149156,614416.942,1398079659.353768,0
1770076800000000,2347.01,2359.88,2110.0,2233.72,1321099.3867,1770163199999999,2981630480.120865,11643770,666418.2157,1505015892.495484,0
1770163200000000,2233.72,2295.74,2076.68,2148.26,1264743.43,1770249599999999,2756607838.332894,10912540,609896.0952,1325924462.845477,0
1770249600000000,2148.25,2173.77,1818.18,1826.83,1952286.6951,1770335999999999,3895174109.7858634,13667587,967965.2824,1933830694.3629231,0
1770336000000000,1826.83,2093.94,1747.8,2063.38,2102311.5573,1770422399999999,4099448671.0118394,12362731,1189792.5763,2323481388.750452,0
1770422400000000,2063.37,2121.7,1994.57,2087.08,1142616.4487,1770508799999999,2350131251.111509,7938360,548585.9421,1128556150.777751,0
1770508800000000,2087.08,2152.03,2064.1,2089.74,482837.2515,1770595199999999,1015368967.858894,4379045,228020.7596,479809411.995975,0
1770595200000000,2089.73,2147.73,2008.62,2105.02,625378.5569,1770681599999999,1299316807.805279,6331904,315446.5313,655569971.226274,0
1770681600000000,2105.02,2124.71,1989.38,2022.67,574321.6908,1770767999999999,1163710989.708572,5159394,276990.265,560975011.04426,0
1770768000000000,2022.67,2032.31,1903.19,1941.18,529655.8177,1770854399999999,1036100476.102876,6450810,259017.7416,506650635.748852,0
1770854400000000,1941.19,2001.42,1897.24,1947.85,427567.1469,1770940799999999,833481568.532024,5262808,212467.499,414232137.149514,0
1770940800000000,1947.85,2073.68,1924.72,2048.72,425649.7698,1771027199999999,850907791.20718,4695571,215643.6192,431290771.89200896,0
1771027200000000,2048.72,2107.67,2042.37,2086.59,220677.2355,1771113599999999,458319230.494356,2720271,110065.542,228627817.282618,0
1771113600000000,2086.59,2103.32,1928.88,1966.58,834778.0952,1771199999999999,1680654508.880478,5864311,323503.2298,651093452.905736,0
1771200000000000,1966.59,2023.51,1937.24,1998.33,351347.9433,1771286399999999,694116360.940269,4476026,178158.7858,352070618.301827,0
1771286400000000,1998.34,2015.33,1941.66,1991.66,406246.9427,1771372799999999,804961298.709777,6420841,196947.7031,390162604.367408,0
1771372800000000,1991.67,2039.05,1923.78,1955.91,393639.0086,1771459199999999,778491630.599568,5176537,191523.6119,378687588.77984303,0
1771459200000000,1955.9,1987.55,1907.0,1949.08,300257.0733,1771545599999999,583869775.947742,3793608,142030.3122,276036975.737437,0
1771545600000000,1949.08,1981.18,1922.97,1968.88,386253.5557,1771631999999999,755968932.4735261,3948261,186424.2257,364867772.122704,0
1771632000000000,1968.88,1995.56,1955.62,1973.35,179173.8456,1771718399999999,354489354.648235,1362230,91535.9107,181134209.820953,0
1771718400000000,1973.35,1983.13,1935.0,1957.82,155325.6482,1771804799999999,304517550.298572,1850073,77240.1124,151464074.945039,0
1771804800000000,1957.82,1958.33,1837.13,1856.3,547359.4869,1771891199999999,1031859704.045753,6684753,266498.7851,502378481.411939,0
1771891200000000,1856.3,1869.58,1800.0,1851.94,438064.0284,1771977599999999,804280693.829216,6607359,205850.4101,378122255.429729,0
1771977600000000,1851.95,2148.39,1846.74,2057.48,682979.4378,1772063999999999,1366356333.151672,9024746,343230.549,686156732.823848,0
1772064000000000,2057.48,2083.33,1975.35,2027.68,439783.3566,1772150399999999,897062353.2421889,7142316,224781.9099,458691743.98232704,0
1772150400000000,2027.68,2063.52,1887.0,1929.84,428687.234,1772236799999999,846919721.884444,5213158,214287.6264,422880876.500186,0
1772236800000000,1929.84,1984.99,1835.36,1964.51,461680.9835,1772323199999999,877128283.233712,6186042,229978.4238,437053523.083052,0
1772323200000000,1964.51,2054.8,1907.41,1939.71,529196.8464,1772409599999999,1051030823.789445,6616298,254547.6476,505531901.71865505,0
1772409600000000,1939.71,2090.0,1920.0,2027.35,577406.3749,1772495999999999,1154427554.493893,9343785,299199.2494,598658734.9712551,0
1772496000000000,2027.34,2041.48,1929.56,1982.8,509329.8534,1772582399999999,1007923347.106694,8311355,254251.3309,503251034.902722,0
1772582400000000,1982.81,2199.0,1945.08,2127.28,737644.8152,1772668799999999,1537991054.004056,9527323,368171.8559,767713624.115772,0
1772668800000000,2127.28,2163.66,2054.75,2072.86,432157.8126,1772755199999999,909578852.9889231,6753565,205453.4958,432642648.347527,0
1772755200000000,2072.86,2093.33,1955.95,1978.68,411597.7569,1772841599999999,831917068.6313729,5601424,197603.9435,399155087.071218,0
1772841600000000,1978.68,1996.04,1948.09,1969.59,184459.82,1772927999999999,364529234.78772,2029543,89270.3932,176467060.503114,0
1772928000000000,1969.6,1979.8,1916.14,1937.1,391189.7317,1773014399999999,761435521.244382,4044585,190729.8992,371905575.962306,0
1773014400000000,1937.11,2053.52,1929.65,1992.98,550825.4883,1773100799999999,1102883352.283049,6360581,282877.29,566353976.452963,0
1773100800000000,1992.97,2088.19,1991.0,2036.51,463411.8739,1773187199999999,948509257.026159,5226998,240013.7173,491126376.68095297,0
1773187200000000,2036.5,2085.58,2007.17,2051.97,350061.256,1773273599999999,717032957.206017,4730286,172446.7326,353640487.903065,0
1773273600000000,2051.97,2095.0,2017.59,2073.52,400507.8132,1773359999999999,824458252.1266781,4757775,196694.8334,404852828.040824,0
1773360000000000,2073.51,2209.03,2070.12,2092.22,599657.0399,1773446399999999,1279403180.493586,6138489,300361.2151,641144458.022528,0
1773446400000000,2092.21,2106.09,2061.6,2096.16,152500.5822,1773532799999999,317648583.840042,1584458,73409.361,152930062.524787,0
1773532800000000,2096.16,2202.87,2083.35,2178.3,280825.9377,1773619199999999,598811241.300968,3001730,146142.3746,311760540.134007,0
1773619200000000,2178.29,2386.02,2164.73,2352.97,845892.7756,1773705599999999,1930037154.480769,7409311,445819.396,1017103594.869559,0
1773705600000000,2352.97,2376.66,2294.15,2317.39,493831.1016,1773791999999999,1152094007.668437,5596636,240136.5065,560589683.752158,0
1773792000000000,2317.38,2350.0,2153.21,2203.39,488040.8887,1773878399999999,1091022905.103254,5684937,232364.5906,519214878.002058,0
1773878400000000,2203.39,2233.72,2099.38,2137.81,490791.679,1773964799999999,1055407061.657721,6142160,235483.1788,506383264.144461,0
1773964800000000,2137.82,2176.84,2116.88,2146.22,300156.1778,1774051199999999,642995528.130654,4595372,162200.144,347562186.59691,0
1774051200000000,2146.21,2168.27,2070.78,2084.87,132559.4646,1774137599999999,283144610.716903,1375463,63249.5812,135224634.234885,0
1774137600000000,2084.86,2127.21,2026.0,2053.89,313070.5572,1774223999999999,650684776.658794,3577857,154345.7056,320941884.725678,0
1774224000000000,2053.9,2198.57,2023.04,2152.03,614508.4369,1774310399999999,1308899803.016499,7349668,310239.9864,660782033.7007409,0
1774310400000000,2152.03,2175.16,2103.02,2156.23,316703.4728,1774396799999999,678105646.81039,4633093,152304.1675,326179427.042751,0
1774396800000000,2156.22,2199.02,2146.35,2169.02,275641.5255,1774483199999999,599018681.167746,3492121,139003.4847,302159076.486272,0
1774483200000000,2169.02,2172.19,2034.54,2060.43,338010.6238,1774569599999999,705496760.970934,3890747,171588.2134,357646756.153379,0
1774569600000000,2060.43,2077.19,1970.93,1992.75,394873.5248,1774655999999999,794108629.00714,3909237,206051.2798,414754558.99147105,0
1774656000000000,1992.76,2047.45,1983.17,1994.74,154831.8055,1774742399999999,311328052.147329,1569810,86378.919,173673147.48441,0
1774742400000000,1994.74,2019.65,1938.82,1984.64,166726.7382,1774828799999999,331249654.02983,2049808,87697.2438,174245244.856979,0
1774828800000000,1984.65,2085.0,1980.28,2026.48,338304.4344,1774915199999999,691966365.082457,3886546,174062.2111,355924242.290809,0
1774915200000000,2026.48,2124.03,2012.64,2105.43,421897.9023,1775001599999999,874387220.2061939,5013796,218379.1286,452866534.12697107,0
1775001600000000,2105.43,2167.85,2082.08,2140.35,399227.3779,1775087999999999,852017259.8787711,4211533,203721.1114,434880842.71255904,0
1775088000000000,2140.35,2159.37,2017.04,2057.17,346872.8323,1775174399999999,716548524.665744,4462923,161146.8702,332893735.583132,0
1775174400000000,2057.18,2081.76,2040.66,2053.83,136266.6393,1775260799999999,280140562.112841,1741595,64849.8016,133339039.25233,0
1775260800000000,2053.83,2084.0,2044.63,2065.52,86504.4406,1775347199999999,178054333.996784,1246022,42789.6573,88100430.809662,0
1775347200000000,2065.51,2123.49,2021.5,2110.17,157353.3199,1775433599999999,324727424.312346,2504865,78363.4974,161754815.545079,0
1775433600000000,2110.17,2174.79,2087.5,2107.16,356054.2894,1775519999999999,761391237.671373,5330366,180414.5093,385813662.231182,0
1775520000000000,2107.16,2273.87,2060.24,2240.01,460094.8093,1775606399999999,986211206.778875,5189711,239252.9777,513077515.53762496,0
1775606400000000,2240.01,2270.55,2179.78,2190.0,404717.6321,1775692799999999,902920921.749915,4339985,190983.3243,426109014.22970307,0
1775692800000000,2190.0,2246.0,2157.31,2190.2,275317.9503,1775779199999999,604408302.665429,3756386,135540.5413,297732725.565674,0
1775779200000000,2190.17,2257.99,2176.1,2245.05,272899.0858,1775865599999999,605992300.076126,2929213,132077.3122,293534507.028314,0
1775865600000000,2245.06,2329.93,2229.0,2284.99,214785.4039,1775951999999999,488370993.146922,1929651,107238.9877,243918090.904994,0
1775952000000000,2285.0,2288.57,2175.0,2191.65,258156.8821,1776038399999999,571520838.841888,2575808,125658.2437,278162577.109033,0
1776038400000000,2191.64,2394.71,2175.68,2369.46,453870.8292,1776124799999999,1029253015.586254,4527557,234599.9045,531843331.731738,0
1776124800000000,2369.46,2415.5,2302.9,2322.44,460107.3841,1776211199999999,1087699649.074122,3689565,226148.4763,534958937.28431505,0
1776211200000000,2322.44,2385.61,2308.5,2359.95,268190.6377,1776297599999999,627841344.4790889,3232871,126442.7153,295982409.848983,0
1776297600000000,2359.94,2369.59,2285.1,2348.17,328960.9377,1776383999999999,767882725.893263,3793210,155922.2439,363994207.03123105,0
1776384000000000,2348.16,2464.91,2317.43,2419.0,491731.3615,1776470399999999,1182467392.606106,4541654,252564.9694,607785958.798977,0
1776470400000000,2419.0,2427.64,2339.92,2350.32,221741.3888,1776556799999999,526019366.775183,2045925,98727.0694,234161468.610884,0
1776556800000000,2350.33,2355.3,2252.72,2263.27,256086.8276,1776643199999999,591108513.09305,2728260,119800.9019,276635006.888945,0
1776643200000000,2263.28,2346.78,2259.67,2313.85,301000.0659,1776729599999999,694052197.978693,3751621,149027.6285,343672032.590961,0
1776729600000000,2313.84,2338.75,2284.19,2327.14,226645.977,1776815999999999,524186949.63958,3398934,108621.4578,251286503.845979,0
1776816000000000,2327.15,2423.75,2312.95,2374.07,379707.1259,1776902399999999,906985929.200687,4230243,191758.2678,457996923.49354,0
1776902400000000,2374.08,2382.0,2285.42,2330.26,356645.6923,1776988799999999,831612346.681225,4079579,169637.8993,395788711.633604,0
1776988800000000,2330.27,2337.5,2300.22,2314.99,183887.6181,1777075199999999,426084826.21781904,2413824,88184.8381,204323992.883765,0
1777075200000000,2314.98,2323.21,2300.55,2319.5,68139.2191,1777161599999999,157673587.538543,658757,33589.8529,77727130.994055,0
1777161600000000,2319.49,2380.0,2306.72,2369.44,154591.6219,1777247999999999,363039217.94069296,1508570,76876.1717,180579327.354915,0
1777248000000000,2369.45,2404.37,2266.09,2303.67,300363.8586,1777334399999999,697653543.100754,3192282,143798.2975,334290742.028397,0
1777334400000000,2303.66,2310.88,2258.24,2289.42,187932.2201,1777420799999999,429094630.508975,2346992,94578.0797,215948355.744806,0
1777420800000000,2289.42,2346.95,2220.36,2252.9,355078.1015,1777507199999999,811555243.527633,3588292,178999.8027,409301744.34277296,0
1777507200000000,2252.9,2279.0,2231.64,2257.51,167194.2776,1777593599999999,377557889.67163503,2649837,83993.1124,189738754.617926,0
1777593600000000,2257.51,2325.28,2257.21,2295.63,191082.555,1777679999999999,438751255.827916,1805481,89533.7329,205580455.528971,0
1777680000000000,2295.63,2343.6,2292.91,2316.97,85588.4724,1777766399999999,197914496.937889,870699,45662.7959,105649979.74995,0
1777766400000000,2316.97,2356.92,2297.59,2322.65,151074.4342,1777852799999999,351370000.018079,1374290,74492.1738,173304008.274475,0
1777852800000000,2322.65,2398.93,2309.24,2347.16,453020.7985,1777939199999999,1067990750.066591,4137093,220556.484,519975851.029142,0
1777939200000000,2347.17,2399.5,2344.93,2360.77,286636.7312,1778025599999999,681480549.1105809,2512190,139328.0697,331307244.778156,0
1778025600000000,2360.76,2423.74,2338.0,2350.84,420667.3161,1778111999999999,999441628.415373,3062625,193007.5534,459022962.96813697,0
1778112000000000,2350.84,2352.3,2280.1,2291.06,469521.9378,1778198399999999,1084720938.606199,3191083,177521.5123,410305896.179507,0
1778198400000000,2291.06,2321.22,2265.61,2307.06,421035.1582,1778284799999999,964540001.642085,2568056,164773.9995,377287682.73126,0
1778284800000000,2307.07,2338.37,2300.0,2326.44,230431.157,1778371199999999,534441724.09586895,1248625,90960.5803,210978434.967519,0
1778371200000000,2326.43,2382.53,2311.83,2371.27,398122.8623,1778457599999999,933278254.4278791,2272749,219121.332,514296301.19756097,0
1778457600000000,2371.26,2374.92,2304.0,2339.87,236962.0552,1778543999999999,553428064.252923,2594593,103490.2032,241738239.910142,0
1778544000000000,2339.88,2340.85,2256.27,2274.96,252981.1082,1778630399999999,579204959.797464,2520381,112560.2947,257748542.882055,0
1778630400000000,2274.97,2323.36,2234.13,2258.65,258455.7299,1778716799999999,587994702.421878,2145600,124180.3611,282671652.633523,0
1778716800000000,2258.66,2319.33,2238.64,2283.25,256680.8359,1778803199999999,585368708.59742,2730407,127752.3579,291429330.031826,0
1778803200000000,2283.26,2300.29,2205.11,2224.66,288536.5507,1778889599999999,647433872.912318,2977308,123184.0319,276140795.808395,0
1778889600000000,2224.65,2231.51,2162.55,2180.77,199288.5761,1778975999999999,435687947.067346,1541883,91742.2991,200617586.05155,0
1778976000000000,2180.77,2198.14,2091.48,2131.0,175116.8149,1779062399999999,378577487.527797,1638605,83798.741,181236111.536705,0
1779062400000000,2131.0,2157.24,2077.23,2130.08,381878.3932,1779148799999999,808389842.464257,3981985,183892.1637,389344799.124016,0
1779148800000000,2130.08,2146.95,2094.47,2111.93,186945.075,1779235199999999,396338335.855304,2356965,86073.6731,182580954.16811,0
1779235200000000,2111.93,2149.0,2103.29,2129.44,189088.294,1779321599999999,402576774.240436,2256505,93912.9824,199953325.021528,0
1779321600000000,2129.44,2157.5,2105.15,2133.76,232889.1117,1779407999999999,496323964.94440305,2526150,118956.068,253517525.206181,0
1779408000000000,2133.77,2141.39,2057.79,2065.85,221783.2548,1779494399999999,467017252.54059,2344218,109989.3764,231748468.554101,0
1779494400000000,2065.86,2149.95,2009.3,2117.68,350546.2289,1779580799999999,726153698.577792,2641732,186016.0823,385175449.162648,0
1779580800000000,2117.69,2132.14,2063.0,2099.85,197748.7605,1779667199999999,416532783.725252,1928016,95960.6284,202225441.429743,0
1779667200000000,2099.86,2141.98,2092.26,2113.01,166428.5979,1779753599999999,351916867.992493,1786621,86258.1599,182447684.966519,0
1779753600000000,2113.01,2140.49,2055.06,2073.77,282553.3096,1779839999999999,592778366.3900529,2963706,125284.8456,262909030.362168,0
1779840000000000,2073.77,2097.4,2016.0,2024.84,267963.1573,1779926399999999,552204762.418584,3056962,121588.1389,250702118.805693,0
1779926400000000,2024.83,2030.0,1967.0,2009.9,363834.9211,1780012799999999,726105347.8233901,3609031,176081.0293,351395809.429098,0
1780012800000000,2009.89,2046.59,1976.48,2014.54,283145.695,1780099199999999,570689885.848882,2925370,142075.6321,286465186.363512,0
1780099200000000,2014.54,2032.0,2002.0,2022.44,97977.5349,1780185599999999,197997124.860319,969371,51565.2626,104222719.604398,0
1780185600000000,2022.44,2038.0,1993.75,2007.01,163735.4958,1780271999999999,329721845.896156,1454319,69842.5033,140859204.954401,0
